Unnamed: 0_level_0,Unnamed: 1_level_0,Unnamed: 2_level_0,Unnamed: 3_level_0,Unnamed: 4_level_0,Unnamed: 5_level_0,Unnamed: 6_level_0,Def Interceptions,Def Interceptions,Def Interceptions,Def Interceptions,Def Interceptions,Fumbles,Fumbles,Fumbles,Fumbles,Fumbles,Unnamed: 17_level_0,Tackles,Tackles,Tackles,Tackles,Tackles,Unnamed: 23_level_0,Unnamed: 24_level_0
Rk,Player,Age,Team,Pos,G,GS,Int,Yds,IntTD,Lng,PD,FF,Fmb,FR,Yds,FRTD,Sk,Comb,Solo,Ast,TFL,QBHits,Sfty,Awards
1,Will Witherspoon,29,2TM,LLB,17,16,1.0,9.0,1.0,9.0,5,1,0,0,0,0,1.0,90,79,11,5.0,1.0,0.0,
1,Will Witherspoon,29,STL,RLB,6,6,0.0,0.0,0.0,0.0,0,0,0,0,0,0,0.0,32,28,4,2.0,0.0,0.0,
1,Will Witherspoon,29,PHI,LLB,11,10,1.0,9.0,1.0,9.0,5,1,0,0,0,0,1.0,58,51,7,3.0,1.0,0.0,
2,Jared Allen,27,MIN,RDE,16,16,1.0,-4.0,0.0,-4.0,4,5,0,3,54,1,14.5,51,43,8,19.0,23.0,1.0,"PB,AP-1,AP DPoY-5"
3,Nnamdi Asomugha,28,OAK,RCB,16,16,1.0,0.0,0.0,0.0,3,0,0,0,0,0,0.0,34,30,4,8.0,0.0,0.0,"PB,AP-2"
4,Donnie Avery,25,STL,WR,16,16,0.0,0.0,0.0,0.0,0,0,2,0,0,0,0.0,0,0,0,,,0.0,
5,Jonathan Babineaux,28,ATL,LDT,16,16,0.0,0.0,0.0,0.0,2,2,0,2,0,0,6.0,47,37,10,13.0,10.0,0.0,
6,Jordan Babineaux,27,SEA,FS,16,16,2.0,18.0,0.0,18.0,6,1,0,0,0,0,1.5,104,75,29,3.0,3.0,0.0,
7,Champ Bailey,31,DEN,LCB,16,16,3.0,18.0,0.0,11.0,15,1,0,0,0,0,0.0,74,63,11,3.0,0.0,0.0,PB
8,Ronde Barber,34,TAM,RCB,16,16,0.0,0.0,0.0,0.0,6,2,0,1,0,0,2.0,77,69,8,9.0,4.0,0.0,
9,Nick Barnett,28,GNB,RILB,16,16,0.0,0.0,0.0,0.0,7,0,0,0,0,0,4.0,106,83,23,12.0,4.0,0.0,
10,Jon Beason,24,CAR,MLB,16,16,3.0,46.0,0.0,18.0,7,1,0,2,0,0,3.0,141,111,30,14.0,5.0,0.0,"PB,AP-2"
11,Antoine Bethea,25,IND,FS,16,16,4.0,19.0,0.0,19.0,5,2,0,1,0,0,0.0,95,70,25,2.0,1.0,0.0,PB
12,Tom Brady,32,NWE,QB,16,16,0.0,0.0,0.0,0.0,0,0,4,0,0,0,0.0,0,0,0,,,0.0,"PB,AP CPoY-1"
13,Tyvon Branch,23,OAK,SS,16,16,0.0,0.0,0.0,0.0,8,2,0,0,0,0,1.0,124,98,26,6.0,1.0,0.0,
14,Alex Brown,30,CHI,RDE,16,16,0.0,0.0,0.0,0.0,1,1,0,1,0,0,6.0,48,36,12,10.0,18.0,0.0,
15,Duane Brown,24,HOU,LT,16,16,0.0,0.0,0.0,0.0,0,0,0,1,0,0,0.0,1,1,0,0.0,0.0,0.0,
16,Mike Brown,31,KAN,SS,16,16,3.0,13.0,0.0,10.0,3,0,0,1,4,0,2.0,103,79,24,3.0,2.0,0.0,
17,Sheldon Brown,30,PHI,RCB,16,16,5.0,152.0,1.0,83.0,17,1,0,1,60,1,0.0,51,43,8,2.0,0.0,0.0,
18,Brodrick Bunkley,26,PHI,RDT,16,16,0.0,0.0,0.0,0.0,4,0,0,1,0,0,1.0,37,30,7,5.0,2.0,0.0,
19,Greg Camarillo,27,MIA,WR,16,16,0.0,0.0,0.0,0.0,0,1,0,0,0,0,0.0,1,1,0,0.0,0.0,0.0,
20,Jason Campbell,28,WAS,QB,16,16,0.0,0.0,0.0,0.0,0,0,13,5,-15,0,0.0,0,0,0,0.0,0.0,0.0,
21,Vernon Carey,28,MIA,RT,16,16,0.0,0.0,0.0,0.0,0,0,0,2,-9,0,0.0,0,0,0,0.0,0.0,0.0,
22,Cooper Carlisle,32,OAK,RG,16,16,0.0,0.0,0.0,0.0,0,0,0,2,0,0,0.0,0,0,0,0.0,0.0,0.0,
23,John Carlson,25,SEA,TE,16,16,0.0,0.0,0.0,0.0,0,0,0,0,0,0,0.0,1,1,0,0.0,0.0,0.0,
24,Brandon Carr,23,KAN,RCB,16,16,1.0,31.0,0.0,31.0,19,1,0,2,1,0,0.0,62,56,6,2.0,0.0,0.0,
25,Andre Carter,30,WAS,RDE,16,16,0.0,0.0,0.0,0.0,4,3,0,0,0,0,11.0,62,48,14,19.0,21.0,0.0,
26,Dallas Clark,30,IND,TE,16,16,0.0,0.0,0.0,0.0,0,0,1,0,0,0,0.0,0,0,0,0.0,0.0,0.0,"PB,AP-1"
27,Barry Cofield,25,NYG,LDT,16,16,0.0,0.0,0.0,0.0,2,0,0,0,0,0,1.0,35,23,12,5.0,3.0,0.0,
28,Trent Cole,27,PHI,RDE,16,16,0.0,0.0,0.0,0.0,0,2,0,0,0,0,12.5,57,48,9,17.0,28.0,0.0,"PB,AP-2"
29,Erik Coleman,27,ATL,SS,16,16,0.0,0.0,0.0,0.0,5,2,0,0,0,0,0.0,116,82,34,3.0,0.0,0.0,
30,Nick Collins,26,GNB,FS,16,16,6.0,110.0,0.0,31.0,13,0,0,2,4,0,1.0,53,44,9,3.0,1.0,0.0,"PB,AP-2"
31,Stephen Cooper,30,SDG,LILB,16,16,0.0,0.0,0.0,0.0,8,2,0,2,0,0,0.0,102,71,31,2.0,0.0,0.0,
32,Derek Cox,23,JAX,LCB,16,16,4.0,6.0,0.0,6.0,11,0,1,1,5,0,0.0,72,58,14,1.0,0.0,0.0,
33,Antonio Cromartie,25,SDG,RCB,16,16,3.0,17.0,0.0,16.0,10,0,0,0,0,0,0.0,33,31,2,0.0,0.0,0.0,
34,Brian Cushing,22,HOU,LLB,16,16,4.0,26.0,0.0,20.0,10,2,0,0,0,0,4.0,133,86,47,12.0,12.0,1.0,"PB,AP DRoY-1"
35,Jay Cutler,26,CHI,QB,16,16,0.0,0.0,0.0,0.0,0,0,9,5,-8,0,0.0,0,0,0,0.0,0.0,0.0,
36,Karlos Dansby,28,ARI,LILB,16,16,1.0,11.0,0.0,11.0,4,1,0,0,0,0,1.0,109,89,20,7.0,6.0,0.0,
37,Brian Dawkins,36,DEN,FS,16,16,2.0,0.0,0.0,0.0,10,1,0,3,0,0,0.0,116,95,21,6.0,2.0,0.0,"PB,AP-2"
38,Thomas DeCoud,24,ATL,FS,16,16,3.0,25.0,0.0,15.0,7,2,0,1,0,0,2.0,68,57,11,3.0,3.0,0.0,
39,David Diehl,29,NYG,LT,16,16,0.0,0.0,0.0,0.0,0,0,0,1,0,0,0.0,0,0,0,0.0,0.0,0.0,PB
40,Darnell Dockett,28,ARI,RDE,16,16,1.0,3.0,0.0,3.0,2,1,1,1,0,0,7.0,51,42,9,18.0,16.0,0.0,"PB,AP-2"
41,Donald Driver,34,GNB,WR,16,16,0.0,0.0,0.0,0.0,0,0,2,0,0,0,0.0,0,0,0,0.0,0.0,0.0,
42,Ray Edwards,24,MIN,LDE,16,16,0.0,0.0,0.0,0.0,2,1,0,1,0,0,8.5,51,43,8,15.0,26.0,0.0,
43,Abram Elam,28,CLE,FS,16,16,0.0,0.0,0.0,0.0,2,1,0,1,0,0,1.0,91,74,17,3.0,2.0,0.0,
44,Alan Faneca,33,NYJ,LG,16,16,0.0,0.0,0.0,0.0,0,0,0,1,0,0,0.0,0,0,0,0.0,0.0,0.0,PB
45,James Farrior,34,PIT,LILB,16,16,1.0,18.0,0.0,18.0,5,1,0,1,1,0,3.0,102,68,34,4.0,6.0,0.0,
46,Brett Favre,40,MIN,QB,16,16,0.0,0.0,0.0,0.0,0,0,2,0,0,0,0.0,0,0,0,0.0,0.0,0.0,"PB,AP MVP-4,AP CPoY-4"
47,D'Brickashaw Ferguson,26,NYJ,LT,16,16,0.0,0.0,0.0,0.0,0,0,0,1,0,0,0.0,0,0,0,0.0,0.0,0.0,PB
48,Ronald Fields,28,DEN,NT,16,16,0.0,0.0,0.0,0.0,0,0,0,0,0,0,0.0,37,22,15,1.0,0.0,0.0,
49,Joe Flacco,24,BAL,QB,16,16,0.0,0.0,0.0,0.0,0,0,8,3,0,0,0.0,0,0,0,0.0,0.0,0.0,
50,London Fletcher,34,WAS,MLB,16,16,1.0,2.0,0.0,2.0,6,1,0,0,0,0,2.0,142,95,47,7.0,3.0,0.0,PB
51,Matt Forte,24,CHI,RB,16,16,0.0,0.0,0.0,0.0,0,0,6,2,0,0,0.0,0,0,0,0.0,0.0,0.0,
52,Domonique Foxworth,26,BAL,RCB,16,16,4.0,34.0,0.0,19.0,16,0,0,1,0,0,0.0,53,48,5,2.0,0.0,0.0,
53,Aubrayo Franklin,29,SFO,NT,16,16,1.0,10.0,0.0,10.0,3,0,0,0,0,0,2.0,36,25,11,7.0,2.0,0.0,
54,Chris Gamble,26,CAR,LCB,16,16,4.0,55.0,0.0,41.0,12,0,1,0,0,0,0.0,58,50,8,2.0,0.0,0.0,
55,David Garrard,31,JAX,QB,16,16,0.0,0.0,0.0,0.0,0,0,14,2,-4,0,0.0,0,0,0,0.0,0.0,0.0,PB
56,Antonio Gates,29,SDG,TE,16,16,0.0,0.0,0.0,0.0,0,0,1,0,0,0,0.0,0,0,0,0.0,0.0,0.0,"PB,AP-2"
57,Dashon Goldson,25,SFO,FS,16,16,4.0,39.0,0.0,34.0,6,3,0,1,0,0,2.0,94,76,18,1.0,2.0,0.0,
58,Andre' Goodman,31,DEN,RCB,16,16,5.0,65.0,0.0,30.0,17,0,0,1,30,1,1.0,44,40,4,1.0,3.0,0.0,
59,Jonathan Goodwin,31,NOR,C,16,16,0.0,0.0,0.0,0.0,0,0,0,1,0,0,0.0,0,0,0,0.0,0.0,0.0,PB
60,Charles Grant,31,NOR,LDE,16,16,0.0,0.0,0.0,0.0,2,1,0,0,0,0,5.5,44,31,13,6.0,12.0,0.0,
61,Deon Grant,30,SEA,SS,16,16,3.0,7.0,0.0,7.0,8,1,0,1,0,0,0.0,78,60,18,2.0,1.0,0.0,
62,Ryan Grant,27,GNB,RB,16,16,0.0,0.0,0.0,0.0,0,0,1,1,0,0,0.0,0,0,0,0.0,0.0,0.0,
63,Chad Greenway,26,MIN,LLB,16,16,3.0,49.0,0.0,36.0,6,1,1,3,0,0,0.0,99,80,19,3.0,2.0,0.0,
64,Cedric Griffin,27,MIN,RCB,16,16,4.0,-2.0,0.0,0.0,6,3,0,0,0,0,0.0,78,65,13,3.0,0.0,0.0,
65,Ben Grubbs,25,BAL,LG,16,16,0.0,0.0,0.0,0.0,0,0,0,1,0,0,0.0,0,0,0,0.0,0.0,0.0,
66,Gary Guyton,24,NWE,RILB,16,16,0.0,0.0,0.0,0.0,3,0,0,0,0,0,1.5,85,55,30,1.0,11.0,0.0,
67,Mario Haggan,29,DEN,LOLB,16,16,0.0,0.0,0.0,0.0,1,3,0,0,0,0,1.0,64,52,12,9.0,4.0,0.0,
68,Tamba Hali,26,KAN,ROLB,16,16,0.0,0.0,0.0,0.0,1,4,0,0,0,0,8.5,63,48,15,9.0,11.0,1.0,
69,Leon Hall,25,CIN,RCB,16,16,6.0,47.0,0.0,26.0,24,2,0,0,0,0,0.0,71,58,13,0.0,0.0,0.0,AP-2
70,Casey Hampton,32,PIT,NT,16,16,0.0,0.0,0.0,0.0,0,0,0,0,0,0,2.5,43,23,20,7.0,5.0,0.0,PB
71,Parys Haralson,25,SFO,ROLB,16,16,0.0,0.0,0.0,0.0,2,0,0,1,0,0,5.0,45,33,12,12.0,16.0,0.0,
72,Roman Harper,27,NOR,SS,16,16,0.0,0.0,0.0,0.0,5,2,0,0,0,0,1.5,103,85,18,11.0,5.0,0.0,PB
73,David Harris,25,NYJ,RILB,16,16,2.0,24.0,0.0,14.0,3,2,0,0,0,0,5.5,127,82,45,4.0,13.0,0.0,AP-2
74,James Harrison,31,PIT,ROLB,16,16,0.0,0.0,0.0,0.0,2,5,0,2,0,0,10.0,79,60,19,14.0,14.0,0.0,"PB,AP-2"
75,Derrick Harvey,23,JAX,RDE,16,16,0.0,0.0,0.0,0.0,2,0,0,1,0,0,2.0,57,44,13,5.0,8.0,0.0,
76,Todd Heap,29,BAL,TE,16,16,0.0,0.0,0.0,0.0,0,0,1,1,0,0,0.0,0,0,0,,,0.0,
77,Mario Henderson,25,OAK,LT,16,16,0.0,0.0,0.0,0.0,0,0,0,1,0,0,0.0,1,1,0,0.0,0.0,0.0,
78,Tim Hightower,23,ARI,RB,16,16,0.0,0.0,0.0,0.0,0,0,5,0,-6,0,0.0,0,0,0,0.0,0.0,0.0,
79,Chris Hope,29,TEN,SS,16,16,3.0,24.0,0.0,24.0,7,1,0,0,0,0,2.0,81,67,14,3.0,3.0,0.0,
80,T.J. Houshmandzadeh,32,SEA,WR,16,16,0.0,0.0,0.0,0.0,0,0,2,0,0,0,0.0,0,0,0,0.0,0.0,0.0,
81,Chris Hovan,31,TAM,RDT,16,16,0.0,0.0,0.0,0.0,0,0,0,0,0,0,0.5,33,26,7,3.0,3.0,0.0,
82,Bradie James,28,DAL,LILB,16,16,0.0,0.0,0.0,0.0,5,1,0,1,0,0,2.0,113,80,33,6.0,5.0,0.0,
83,Quentin Jammer,30,SDG,LCB,16,16,3.0,25.0,0.0,21.0,11,1,0,0,0,0,0.0,58,47,11,0.0,0.0,0.0,
84,Cullen Jenkins,28,GNB,RDE,16,16,1.0,4.0,0.0,4.0,1,3,0,0,0,0,4.5,32,23,9,8.0,11.0,0.0,
85,Andre Johnson,28,HOU,WR,16,16,0.0,0.0,0.0,0.0,0,0,1,1,0,0,0.0,0,0,0,0.0,0.0,0.0,"PB,AP-1"
86,Chris Johnson,24,TEN,RB,16,16,0.0,0.0,0.0,0.0,0,0,3,1,0,0,0.0,0,0,0,0.0,0.0,0.0,"PB,AP-1,AP OPoY-1"
87,Jarret Johnson,28,BAL,ROLB,16,16,2.0,8.0,0.0,8.0,4,1,0,0,0,0,6.0,50,36,14,9.0,9.0,0.0,
88,Johnny Jolly,26,GNB,LDE,16,16,1.0,2.0,0.0,2.0,10,0,0,2,0,0,1.0,40,25,15,4.0,7.0,0.0,
89,Dhani Jones,31,CIN,MLB,16,16,0.0,0.0,0.0,0.0,4,1,0,2,0,0,3.5,113,77,36,9.0,6.0,0.0,
90,Thomas Jones,31,NYJ,RB,16,16,0.0,0.0,0.0,0.0,0,0,2,2,0,0,0.0,0,0,0,0.0,0.0,0.0,
91,Maurice Jones-Drew,24,JAX,RB,16,16,0.0,0.0,0.0,0.0,0,0,2,2,0,0,0.0,0,0,0,0.0,0.0,0.0,PB
92,Johnathan Joseph,25,CIN,LCB,16,16,6.0,92.0,1.0,32.0,20,0,0,0,0,0,0.0,70,59,11,2.0,0.0,0.0,
93,Winston Justice,25,PHI,RT,16,16,0.0,0.0,0.0,0.0,0,0,0,1,0,0,0.0,0,0,0,0.0,0.0,0.0,
94,Tommy Kelly,29,OAK,LDT,16,16,0.0,0.0,0.0,0.0,3,0,0,0,0,0,1.0,55,37,18,6.0,6.0,0.0,
95,Chris Kelsay,30,BUF,LDE,16,16,0.0,0.0,0.0,0.0,0,1,0,1,0,0,5.0,62,41,21,6.0,10.0,0.0,
96,Terrance Knighton,23,JAX,RDT,16,16,0.0,0.0,0.0,0.0,1,1,0,1,0,0,1.5,45,34,11,6.0,2.0,0.0,
97,Dan Koppen,30,NWE,C,16,16,0.0,0.0,0.0,0.0,0,0,0,1,0,0,0.0,0,0,0,0.0,0.0,0.0,
98,Olin Kreutz,32,CHI,C,16,16,0.0,0.0,0.0,0.0,0,0,1,0,0,0,0.0,0,0,0,0.0,0.0,0.0,
99,Dawan Landry,27,BAL,SS,16,16,4.0,89.0,1.0,48.0,8,1,0,0,0,0,0.0,89,70,19,5.0,0.0,0.0,
100,James Laurinaitis,23,STL,MLB,16,16,2.0,28.0,0.0,21.0,5,0,0,1,0,0,2.0,121,108,13,7.0,6.0,0.0,
101,Manny Lawson,25,SFO,LOLB,16,16,0.0,0.0,0.0,0.0,2,3,0,1,0,0,6.5,68,51,17,9.0,16.0,0.0,
102,Jim Leonhard,27,NYJ,SS,16,16,1.0,44.0,0.0,44.0,5,1,1,0,0,0,2.5,76,54,22,9.0,4.0,0.0,
103,Andy Levitre,23,BUF,LG,16,16,0.0,0.0,0.0,0.0,0,0,0,1,0,0,0.0,0,0,0,0.0,0.0,0.0,
104,Damione Lewis,31,CAR,RDT,16,16,0.0,0.0,0.0,0.0,0,0,0,1,0,0,0.5,41,29,12,4.0,9.0,0.0,
105,Ray Lewis,34,BAL,RILB,16,16,0.0,9.0,0.0,9.0,8,2,0,1,1,0,3.0,134,95,39,10.0,7.0,0.0,"PB,AP-1"
106,Curtis Lofton,23,ATL,MLB,16,16,0.0,0.0,0.0,0.0,2,2,0,0,0,0,0.0,133,105,28,4.0,2.0,0.0,
107,Eli Manning,28,NYG,QB,16,16,0.0,0.0,0.0,0.0,0,0,13,1,0,0,0.0,0,0,0,0.0,0.0,0.0,
108,Peyton Manning,33,IND,QB,16,16,0.0,0.0,0.0,0.0,0,0,2,0,-4,0,0.0,0,0,0,,,0.0,"PB,AP-1,AP MVP-1,AP OPoY-3"
109,Vince Manuwai,29,JAX,LG,16,16,0.0,0.0,0.0,0.0,0,0,0,1,0,0,0.0,0,0,0,0.0,0.0,0.0,
110,Richard Marshall,25,CAR,RCB,16,16,4.0,47.0,0.0,28.0,9,0,0,2,0,0,0.0,88,75,13,0.0,0.0,0.0,
111,Todd McClure,32,ATL,C,16,16,0.0,0.0,0.0,0.0,0,0,0,1,0,0,0.0,0,0,0,0.0,0.0,0.0,
112,Bryant McFadden,28,ARI,LCB,16,16,0.0,0.0,0.0,0.0,15,0,0,1,7,0,0.0,69,64,5,1.0,1.0,0.0,
113,Rocky McIntosh,27,WAS,RLB,16,16,2.0,27.0,0.0,18.0,4,2,1,0,0,0,0.0,94,64,30,4.0,5.0,0.0,
114,Bryant McKinnie,30,MIN,LT,16,16,0.0,0.0,0.0,0.0,0,0,0,1,0,0,0.0,0,0,0,,,0.0,PB
115,Brandon Meriweather,25,NWE,SS,16,16,5.0,149.0,1.0,56.0,9,2,0,0,0,0,0.0,84,54,30,3.0,0.0,0.0,PB
116,Quintin Mikell,29,PHI,SS,16,16,2.0,16.0,0.0,16.0,14,0,0,2,0,0,0.0,90,69,21,2.0,2.0,0.0,PB
117,Heath Miller,27,PIT,TE,16,16,0.0,0.0,0.0,0.0,0,0,2,0,0,0,0.0,0,0,0,0.0,0.0,0.0,PB
118,Kirk Morrison,27,OAK,MLB,16,16,0.0,0.0,0.0,0.0,1,3,1,1,8,0,2.0,133,109,24,10.0,2.0,0.0,
119,Randy Moss,32,NWE,WR,16,16,1.0,0.0,0.0,0.0,1,0,2,1,0,0,0.0,0,0,0,0.0,0.0,0.0,
120,Santana Moss,30,WAS,WR,16,16,0.0,0.0,0.0,0.0,0,0,2,0,0,0,0.0,0,0,0,0.0,0.0,0.0,
121,Terence Newman,31,DAL,LCB,16,16,3.0,36.0,1.0,27.0,18,3,1,0,0,0,0.0,57,52,5,2.0,0.0,0.0,PB
122,Rudy Niswanger,27,KAN,C,16,16,0.0,0.0,0.0,0.0,0,0,1,0,-21,0,0.0,0,0,0,,,0.0,
123,Shaun O'Hara,32,NYG,C,16,16,0.0,0.0,0.0,0.0,0,0,0,1,0,0,0.0,0,0,0,0.0,0.0,0.0,PB
124,Amobi Okoye,22,HOU,RDT,16,16,0.0,0.0,0.0,0.0,3,0,0,0,0,0,1.5,38,26,12,6.0,6.0,0.0,
125,Brian Orakpo,23,WAS,LLB,16,16,0.0,0.0,0.0,0.0,2,1,0,0,0,0,11.0,50,37,13,13.0,15.0,0.0,"PB,AP DRoY-4"
126,Terrell Owens,36,BUF,WR,16,16,0.0,0.0,0.0,0.0,0,0,1,0,0,0,0.0,0,0,0,0.0,0.0,0.0,
127,Carson Palmer,30,CIN,QB,16,16,0.0,0.0,0.0,0.0,0,0,6,2,-12,0,0.0,0,0,0,0.0,0.0,0.0,
128,Mike Patterson,26,PHI,LDT,16,16,0.0,0.0,0.0,0.0,0,0,0,0,0,0,1.5,55,42,13,4.0,3.0,0.0,
129,Donald Penn,26,TAM,LT,16,16,0.0,0.0,0.0,0.0,0,0,0,2,0,0,0.0,0,0,0,0.0,0.0,0.0,
130,Mike Peterson,33,ATL,RLB,16,16,1.0,39.0,0.0,39.0,7,2,0,0,0,0,1.0,109,82,27,7.0,2.0,0.0,
131,Shaun Phillips,28,SDG,LOLB,16,16,0.0,0.0,0.0,0.0,4,7,0,0,0,0,7.0,59,47,12,9.0,11.0,0.0,
132,Casey Rabach,32,WAS,C,16,16,0.0,0.0,0.0,0.0,0,0,1,0,-5,0,0.0,0,0,0,0.0,0.0,0.0,
133,Dominic Raiola,31,DET,C,16,16,0.0,0.0,0.0,0.0,0,0,0,0,0,0,0.0,1,1,0,0.0,0.0,0.0,
134,Jay Ratliff,28,DAL,NT,16,16,0.0,0.0,0.0,0.0,0,2,0,4,0,0,6.0,40,29,11,11.0,8.0,0.0,"PB,AP-1"
135,Darrelle Revis,24,NYJ,LCB,16,16,6.0,121.0,1.0,67.0,31,0,0,0,0,0,0.0,54,47,7,0.0,0.0,0.0,"PB,AP-1,AP DPoY-2"
136,Philip Rivers,28,SDG,QB,16,16,0.0,0.0,0.0,0.0,0,0,6,1,0,0,0.0,0,0,0,,,0.0,"PB,AP MVP-3,AP OPoY-4"
137,Dunta Robinson,27,HOU,RCB,16,16,0.0,0.0,0.0,0.0,9,1,0,0,0,0,0.0,65,55,10,6.0,0.0,0.0,
138,Aaron Rodgers,26,GNB,QB,16,16,0.0,0.0,0.0,0.0,0,0,10,4,-8,0,0.0,0,0,0,0.0,0.0,0.0,PB
139,Dominique Rodgers-Cromartie,23,ARI,RCB,16,16,6.0,77.0,1.0,49.0,25,3,0,0,0,0,0.0,50,48,2,1.0,0.0,0.0,PB
140,Tony Romo,29,DAL,QB,16,16,0.0,0.0,0.0,0.0,0,0,6,2,-5,0,0.0,0,0,0,0.0,0.0,0.0,PB
141,Michael Roos,27,TEN,LT,16,16,0.0,0.0,0.0,0.0,0,0,0,0,0,0,0.0,1,0,1,0.0,0.0,0.0,AP-2
142,Barrett Ruud,26,TAM,MLB,16,16,1.0,23.0,0.0,21.0,7,1,0,0,0,0,0.0,143,107,36,3.0,0.0,0.0,
143,DeMeco Ryans,25,HOU,MLB,16,16,0.0,0.0,0.0,0.0,2,1,0,1,29,0,1.0,123,93,30,14.0,5.0,0.0,PB
144,Asante Samuel,28,PHI,LCB,16,16,9.0,117.0,0.0,37.0,16,1,0,1,0,0,0.0,40,39,1,1.0,0.0,0.0,"PB,AP-2"
145,Matt Schaub,28,HOU,QB,16,16,0.0,0.0,0.0,0.0,0,0,3,1,-2,0,0.0,0,0,0,0.0,0.0,0.0,PB
146,Aaron Schobel,32,BUF,RDE,16,16,1.0,26.0,1.0,26.0,4,3,0,1,0,0,10.0,56,34,22,17.0,17.0,0.0,
147,Bart Scott,29,NYJ,LILB,16,16,0.0,0.0,0.0,0.0,1,0,0,0,0,0,1.0,92,67,25,12.0,11.0,0.0,
148,Richard Seymour,30,OAK,LDE,16,16,0.0,0.0,0.0,0.0,3,1,0,0,0,0,4.0,47,30,17,8.0,12.0,0.0,
149,Ryan Sims,29,TAM,LDT,16,16,0.0,0.0,0.0,0.0,1,0,0,1,0,0,1.0,33,25,8,3.0,5.0,0.0,
150,Josh Sitton,23,GNB,RG,16,16,0.0,0.0,0.0,0.0,0,0,0,1,0,0,0.0,0,0,0,0.0,0.0,0.0,
151,Daryl Smith,27,JAX,LLB,16,16,1.0,10.0,0.0,10.0,6,3,0,2,0,0,1.5,107,84,23,6.0,5.0,0.0,
152,Justin Smith,30,SFO,RDE,16,16,0.0,0.0,0.0,0.0,1,2,0,2,0,0,6.0,55,41,14,11.0,15.0,0.0,PB
153,Sean Smith,22,MIA,RCB,16,16,0.0,0.0,0.0,0.0,12,0,0,1,0,0,0.0,39,32,7,0.0,0.0,0.0,
154,Will Smith,28,NOR,RDE,16,16,1.0,0.0,0.0,0.0,3,3,0,0,0,0,13.0,49,37,12,14.0,26.0,0.0,
155,Chris Snee,27,NYG,RG,16,16,0.0,0.0,0.0,0.0,0,0,0,1,-1,0,0.0,0,0,0,0.0,0.0,0.0,PB
156,Isaac Sopoaga,28,SFO,LDE,16,16,0.0,0.0,0.0,0.0,1,0,0,0,0,0,1.0,29,19,10,1.0,3.0,0.0,
157,Anthony Spencer,25,DAL,LOLB,16,16,1.0,-3.0,0.0,-3.0,8,2,0,2,0,0,6.0,67,50,17,13.0,23.0,0.0,
158,Shawntae Spencer,27,SFO,RCB,16,16,2.0,2.0,0.0,2.0,10,0,0,0,0,0,0.0,53,49,4,1.0,0.0,0.0,
159,Randy Starks,26,MIA,RDE,16,16,0.0,0.0,0.0,0.0,0,0,0,1,0,0,7.0,56,42,14,10.0,17.0,0.0,
160,John Sullivan,24,MIN,C,16,16,0.0,0.0,0.0,0.0,0,0,1,0,-4,0,0.0,0,0,0,0.0,0.0,0.0,
161,Ike Taylor,29,PIT,LCB,16,16,1.0,20.0,0.0,20.0,13,0,0,1,1,0,1.0,62,53,9,1.0,1.0,0.0,
162,Terrell Thomas,24,NYG,RCB,16,16,5.0,87.0,1.0,33.0,13,1,0,0,0,0,1.0,85,70,15,6.0,1.0,0.0,
163,Jeremy Trueblood,26,TAM,RT,16,16,0.0,0.0,0.0,0.0,0,0,0,0,0,0,0.0,1,1,0,0.0,0.0,0.0,
164,Max Unger,23,SEA,RG,16,16,0.0,0.0,0.0,0.0,0,0,0,2,0,0,0.0,0,0,0,0.0,0.0,0.0,
165,Kyle Vanden Bosch,31,TEN,RDE,16,16,0.0,0.0,0.0,0.0,1,2,0,0,0,0,3.0,45,33,12,7.0,14.0,0.0,PB
166,Hines Ward,33,PIT,WR,16,16,0.0,0.0,0.0,0.0,0,0,2,0,0,0,0.0,0,0,0,,,0.0,
167,Gerard Warren,31,OAK,RDT,16,16,0.0,0.0,0.0,0.0,1,0,0,0,0,0,2.0,35,25,10,4.0,5.0,0.0,
168,Roddy White,28,ATL,WR,16,16,0.0,0.0,0.0,0.0,0,1,1,1,0,0,0.0,0,0,0,0.0,0.0,0.0,PB
169,Andrew Whitworth,28,CIN,LT,16,16,0.0,0.0,0.0,0.0,0,0,0,2,0,0,0.0,0,0,0,0.0,0.0,0.0,
170,Chris Williams,24,CHI,RT/LT,16,16,0.0,0.0,0.0,0.0,0,0,0,1,0,0,0.0,0,0,0,,,0.0,
171,D.J. Williams,27,DEN,RILB,16,16,0.0,0.0,0.0,0.0,7,3,0,2,8,0,3.5,122,100,22,13.0,5.0,0.0,
172,Kevin Williams,29,MIN,RDT,16,16,0.0,0.0,0.0,0.0,7,1,0,1,0,0,6.0,30,22,8,11.0,14.0,0.0,"PB,AP-1"
173,Madieu Williams,28,MIN,FS,16,16,0.0,0.0,0.0,0.0,4,0,0,1,0,0,0.0,74,61,13,2.0,2.0,0.0,
174,Mario Williams,24,HOU,RDE,16,16,0.0,0.0,0.0,0.0,3,2,0,1,0,0,9.0,43,38,5,13.0,21.0,0.0,PB
175,Patrick Willis,24,SFO,RILB,16,16,3.0,33.0,1.0,23.0,8,3,0,0,0,0,4.0,152,114,38,13.0,11.0,0.0,"PB,AP-1"
176,Adrian Wilson,30,ARI,SS,16,16,5.0,56.0,0.0,41.0,13,1,0,2,11,0,2.0,75,62,13,11.0,8.0,0.0,"PB,AP-1"
177,LaMarr Woodley,25,PIT,LOLB,16,16,0.0,0.0,0.0,0.0,6,1,0,1,77,1,13.5,62,51,11,20.0,26.0,0.0,"PB,AP-2"
178,Charles Woodson,33,GNB,LCB,16,16,9.0,179.0,3.0,45.0,18,4,0,1,0,0,2.0,74,66,8,9.0,3.0,0.0,"PB,AP-1,AP DPoY-1"
179,Damien Woody,32,NYJ,RT,16,16,0.0,0.0,0.0,0.0,0,0,0,1,0,0,0.0,0,0,0,0.0,0.0,0.0,
180,Eric Wright,24,CLE,LCB,16,16,4.0,74.0,0.0,47.0,14,0,0,0,0,0,0.0,65,57,8,2.0,0.0,0.0,
181,Jeremy Zuttah,23,TAM,LG,16,16,0.0,0.0,0.0,0.0,0,0,1,1,0,0,0.0,0,0,0,0.0,0.0,0.0,
182,John Abraham,31,ATL,LDE,16,15,0.0,0.0,0.0,0.0,1,1,0,0,0,0,5.5,35,30,5,6.0,14.0,0.0,
183,Akin Ayodele,30,MIA,RILB,16,15,0.0,0.0,0.0,0.0,0,1,1,2,2,0,0.0,71,61,10,3.0,2.0,0.0,
184,Yeremiah Bell,31,MIA,FS,16,15,3.0,48.0,0.0,29.0,8,0,0,0,0,0,1.5,114,92,22,3.0,3.0,0.0,PB
185,Earl Bennett,22,CHI,WR,16,15,0.0,0.0,0.0,0.0,0,0,2,1,0,0,0.0,0,0,0,0.0,0.0,0.0,
186,David Bowens,32,CLE,LILB/ROLB,16,15,1.0,15.0,0.0,15.0,5,1,0,1,1,0,5.5,71,47,24,5.0,12.0,0.0,
187,Calais Campbell,23,ARI,LDE,16,15,0.0,0.0,0.0,0.0,5,1,0,0,0,0,7.0,47,36,11,8.0,14.0,0.0,
188,Colin Cole,29,SEA,RDT,16,15,0.0,0.0,0.0,0.0,2,0,0,1,2,0,0.0,48,29,19,1.0,0.0,0.0,
189,Phillip Daniels,36,WAS,LDE,16,15,0.0,0.0,0.0,0.0,2,0,0,0,0,0,1.0,35,24,11,4.0,3.0,0.0,
190,Michael Griffin,24,TEN,FS,16,15,1.0,3.0,0.0,3.0,7,2,0,2,0,0,1.0,77,57,20,3.0,2.0,0.0,
191,Thomas Howard,26,OAK,RLB,16,15,0.0,0.0,0.0,0.0,6,1,0,1,0,0,2.0,79,72,7,11.0,3.0,0.0,
192,Mike Jenkins,24,DAL,RCB,16,15,5.0,0.0,0.0,0.0,19,0,0,0,0,0,0.0,49,45,4,1.0,0.0,0.0,PB
193,Chad Johnson,31,CIN,WR,16,15,0.0,0.0,0.0,0.0,0,0,2,0,0,0,0.0,0,0,0,0.0,0.0,0.0,PB
194,Jeff King,26,CAR,TE,16,15,0.0,0.0,0.0,0.0,0,0,1,1,0,0,0.0,1,1,0,0.0,0.0,0.0,
195,Josh Morgan,24,SFO,WR,16,15,0.0,0.0,0.0,0.0,0,0,0,1,0,0,0.0,3,3,0,0.0,0.0,0.0,
196,Greg Olsen,24,CHI,TE,16,15,0.0,0.0,0.0,0.0,0,0,0,2,0,0,0.0,0,0,0,0.0,0.0,0.0,
197,Kyle Orton,27,DEN,QB,16,15,0.0,0.0,0.0,0.0,0,0,4,1,-2,0,0.0,0,0,0,0.0,0.0,0.0,
198,Adrian Peterson,24,MIN,RB,16,15,0.0,0.0,0.0,0.0,0,0,7,0,-12,0,0.0,0,0,0,,,0.0,"PB,AP-1"
199,Sabby Piscitelli,26,TAM,SS,16,15,2.0,7.0,0.0,4.0,5,1,0,1,72,0,0.0,80,66,14,1.0,0.0,0.0,
200,Ray Rice,22,BAL,RB,16,15,0.0,0.0,0.0,0.0,0,0,3,1,2,0,0.0,0,0,0,0.0,0.0,0.0,"PB,AP-2"
201,Nick Roach,24,CHI,RLB,16,15,0.0,0.0,0.0,0.0,3,3,0,1,0,0,2.0,75,54,21,8.0,3.0,0.0,
202,Bryan Robinson,35,ARI,NT,16,15,0.0,0.0,0.0,0.0,3,0,0,1,0,0,1.0,28,17,11,2.0,1.0,0.0,
203,Carlos Rogers,28,WAS,LCB,16,15,0.0,0.0,0.0,0.0,12,0,0,2,18,0,0.0,39,36,3,1.0,0.0,0.0,
204,Clifton Ryan,25,STL,RDT,16,15,0.0,0.0,0.0,0.0,1,0,0,0,0,0,1.0,42,35,7,9.0,2.0,0.0,
205,Antonio Smith,28,HOU,LDE,16,15,0.0,0.0,0.0,0.0,1,2,0,2,2,0,4.5,34,26,8,6.0,19.0,0.0,
206,Jason Taylor,35,MIA,LOLB,16,15,1.0,0.0,0.0,0.0,5,3,0,1,48,1,7.0,42,33,9,9.0,10.0,0.0,
207,Justin Tuck,26,NYG,LDE,16,15,0.0,0.0,0.0,0.0,8,5,0,1,0,0,6.0,59,45,14,10.0,13.0,0.0,
208,DeMarcus Ware,27,DAL,ROLB,16,15,0.0,0.0,0.0,0.0,6,5,0,0,0,0,11.0,57,45,12,9.0,24.0,0.0,"PB,AP-1"
209,Nate Washington,26,TEN,WR,16,15,0.0,0.0,0.0,0.0,0,0,1,1,0,0,0.0,0,0,0,0.0,0.0,0.0,
210,Cadillac Williams,27,TAM,RB,16,15,0.0,0.0,0.0,0.0,0,0,1,1,0,0,0.0,0,0,0,0.0,0.0,0.0,AP CPoY-2
211,Keith Brooking,34,DAL,RILB,16,14,0.0,0.0,0.0,0.0,7,0,0,0,0,0,3.0,106,75,31,7.0,9.0,0.0,
212,Marques Colston,26,NOR,WR,16,14,0.0,0.0,0.0,0.0,0,0,2,0,0,0,0.0,0,0,0,0.0,0.0,0.0,
213,Alge Crumpler,32,TEN,TE,16,14,0.0,0.0,0.0,0.0,0,0,1,0,0,0,0.0,0,0,0,0.0,0.0,0.0,
214,Elvis Dumervil,25,DEN,ROLB,16,14,0.0,0.0,0.0,0.0,3,4,0,1,0,0,17.0,49,42,7,14.0,21.0,0.0,"PB,AP-1,AP DPoY-3"
215,Ron Edwards,30,KAN,NT,16,14,0.0,0.0,0.0,0.0,3,0,0,1,0,0,0.0,29,24,5,3.0,3.0,0.0,
216,William Gay,24,PIT,RCB,16,14,0.0,0.0,0.0,0.0,10,1,0,0,0,0,1.0,78,70,8,4.0,2.0,0.0,
217,Adam Goldberg,29,STL,RT,16,14,0.0,0.0,0.0,0.0,0,0,0,1,5,0,0.0,1,1,0,0.0,0.0,0.0,
218,Daniel Graham,31,DEN,TE,16,14,0.0,0.0,0.0,0.0,0,0,0,0,0,0,0.0,1,1,0,0.0,0.0,0.0,
219,Kelly Gregg,33,BAL,NT,16,14,0.0,0.0,0.0,0.0,0,0,0,0,0,0,3.0,63,46,17,7.0,5.0,0.0,
220,Clark Haggans,32,ARI,ROLB,16,14,0.0,0.0,0.0,0.0,1,2,0,0,0,0,5.0,74,57,17,5.0,10.0,0.0,
221,A.J. Hawk,25,GNB,LILB,16,14,2.0,42.0,0.0,29.0,2,1,0,0,0,0,1.0,88,66,22,9.0,2.0,0.0,
222,Tyson Jackson,23,KAN,LDE,16,14,0.0,0.0,0.0,0.0,2,0,0,0,0,0,0.0,37,26,11,1.0,2.0,0.0,
223,Le'Ron McClain,25,BAL,FB,16,14,0.0,0.0,0.0,0.0,0,0,0,0,0,0,0.0,1,0,1,0.0,0.0,0.0,"PB,AP-2"
224,Reggie Nelson,26,JAX,FS,16,14,0.0,0.0,0.0,0.0,5,0,0,1,0,0,0.0,70,64,6,1.0,3.0,0.0,
225,Igor Olshansky,27,DAL,RDE,16,14,0.0,0.0,0.0,0.0,0,0,0,0,0,0,1.5,40,29,11,2.0,4.0,0.0,
226,Julius Peppers,29,CAR,RDE,16,14,2.0,13.0,1.0,13.0,5,5,0,1,11,0,10.5,42,36,6,10.0,18.0,0.0,"PB,AP-2"
227,Julian Peterson,31,DET,LLB,16,14,0.0,0.0,0.0,0.0,4,5,0,1,1,0,4.5,75,48,27,3.0,8.0,0.0,
228,Kenny Peterson,31,DEN,RDE,16,14,0.0,0.0,0.0,0.0,0,1,0,0,0,0,1.0,40,26,14,2.0,1.0,0.0,
229,Will Peterson,30,DET,LCB,16,14,2.0,41.0,1.0,38.0,14,0,0,0,0,0,0.0,69,54,15,,,0.0,
230,Sione Pouha,30,NYJ,NT,16,14,0.0,0.0,0.0,0.0,1,0,0,0,0,0,0.0,45,33,12,3.0,2.0,0.0,
231,Kerry Rhodes,27,NYJ,FS,16,14,3.0,17.0,0.0,11.0,13,0,0,1,44,0,0.0,63,55,8,2.0,2.0,0.0,
232,Sidney Rice,23,MIN,WR,16,14,0.0,0.0,0.0,0.0,0,0,1,0,0,0,0.0,0,0,0,0.0,0.0,0.0,PB
233,Marcus Spears,26,DAL,LDE,16,14,0.0,0.0,0.0,0.0,1,0,0,0,0,0,2.5,25,17,8,4.0,6.0,0.0,
234,Bryan Thomas,30,NYJ,LOLB,16,14,0.0,0.0,0.0,0.0,1,1,0,2,7,0,2.0,53,41,12,6.0,7.0,0.0,
235,Gibril Wilson,28,MIA,SS,16,14,0.0,0.0,0.0,0.0,7,0,0,0,0,0,1.0,93,73,20,1.0,3.0,0.0,
236,Quincy Black,25,TAM,LLB,16,13,1.0,3.0,0.0,3.0,4,0,0,0,0,0,1.5,84,69,15,8.0,3.0,0.0,
237,Chris Chester,26,BAL,RG,16,13,0.0,0.0,0.0,0.0,0,0,0,0,0,0,0.0,1,1,0,0.0,0.0,0.0,
238,Laveranues Coles,32,CIN,WR,16,13,0.0,0.0,0.0,0.0,0,0,0,1,0,0,0.0,0,0,0,0.0,0.0,0.0,
239,Andra Davis,31,DEN,LILB,16,13,0.0,0.0,0.0,0.0,3,0,0,0,0,0,3.5,90,67,23,14.0,6.0,0.0,
240,Kendall Langford,23,MIA,LDE,16,13,0.0,0.0,0.0,0.0,1,1,0,0,0,0,2.5,43,33,10,3.0,5.0,0.0,
241,Ben Leber,31,MIN,RLB,16,13,0.0,0.0,0.0,0.0,5,1,0,1,0,0,2.5,46,38,8,5.0,4.0,0.0,
242,Clay Matthews,23,GNB,ROLB,16,13,0.0,0.0,0.0,0.0,7,1,0,3,46,1,10.0,51,37,14,17.0,21.0,0.0,"PB,AP DRoY-3"
243,Corey Mays,26,KAN,RILB,16,13,0.0,0.0,0.0,0.0,1,0,0,0,0,0,0.0,85,66,19,2.0,3.0,0.0,
244,Stephen Nicholas,26,ATL,LLB,16,13,0.0,0.0,0.0,0.0,3,1,0,1,0,0,3.0,80,65,15,4.0,4.0,0.0,
245,Hollis Thomas,35,2TM,LDT,16,13,0.0,0.0,0.0,0.0,0,0,0,1,0,0,0.0,35,26,9,4.0,1.0,1.0,
245,Hollis Thomas,35,STL,DT,3,0,0.0,0.0,0.0,0.0,0,0,0,0,0,0,0.0,2,2,0,0.0,0.0,0.0,
245,Hollis Thomas,35,CAR,LDT,13,13,0.0,0.0,0.0,0.0,0,0,0,1,0,0,0.0,33,24,9,4.0,1.0,1.0,
246,Stephen Tulloch,24,TEN,MLB,16,13,0.0,0.0,0.0,0.0,1,0,0,1,0,0,2.0,121,94,27,9.0,5.0,0.0,
247,Demorrio Williams,29,KAN,LILB,16,13,0.0,0.0,0.0,0.0,6,0,0,0,0,0,0.0,117,95,22,3.0,0.0,0.0,
248,Zackary Bowman,25,CHI,RCB,16,12,6.0,67.0,0.0,39.0,10,1,1,0,0,0,0.0,66,59,7,0.0,0.0,0.0,
249,Tyrone Carter,33,PIT,SS,16,12,2.0,53.0,1.0,48.0,4,1,0,1,6,0,1.0,61,49,12,5.0,1.0,0.0,
250,Josh Cribbs,26,CLE,WR,16,12,0.0,0.0,0.0,0.0,0,0,6,2,0,0,0.0,9,8,1,0.0,0.0,0.0,"PB,AP-1"
251,Zach Diles,24,HOU,RLB,16,12,0.0,0.0,0.0,0.0,1,2,0,1,0,0,0.0,62,45,17,7.0,1.0,1.0,
252,Marques Douglas,32,NYJ,RDE,16,12,0.0,0.0,0.0,0.0,0,1,0,2,1,1,1.5,64,36,28,6.0,2.0,0.0,
253,Ted Ginn Jr.,24,MIA,WR,16,12,0.0,0.0,0.0,0.0,0,0,2,1,0,0,0.0,0,0,0,0.0,0.0,0.0,
254,Michael Huff,26,OAK,FS,16,12,3.0,15.0,0.0,10.0,14,0,0,1,0,0,0.5,59,54,5,0.0,1.0,0.0,
255,Dustin Keller,25,NYJ,TE,16,12,0.0,0.0,0.0,0.0,0,1,1,1,0,0,0.0,0,0,0,0.0,0.0,0.0,
256,Rashard Mendenhall,22,PIT,RB,16,12,0.0,0.0,0.0,0.0,0,0,3,1,0,0,0.0,0,0,0,0.0,0.0,0.0,
257,Nedu Ndukwe,24,CIN,SS,16,12,1.0,9.0,0.0,9.0,5,0,0,0,0,0,2.0,89,63,26,4.0,5.0,0.0,
258,Fred Robbins,32,NYG,RDT,16,12,0.0,0.0,0.0,0.0,5,0,0,1,11,0,2.0,25,21,4,5.0,7.0,0.0,
259,Donald Thomas,24,MIA,RG,16,12,0.0,0.0,0.0,0.0,0,1,0,1,0,0,0.0,0,0,0,0.0,0.0,0.0,
260,George Wilson,28,BUF,SS,16,12,4.0,23.0,0.0,27.0,6,1,0,0,0,0,2.0,103,70,33,4.0,2.0,0.0,
261,Danny Clark,32,NYG,LLB,16,11,0.0,0.0,0.0,0.0,3,0,0,0,0,0,2.0,53,34,19,6.0,2.0,0.0,
262,Daniel Coats,25,CIN,TE,16,11,0.0,0.0,0.0,0.0,0,0,2,0,0,0,0.0,0,0,0,,,0.0,
263,Joel Dreessen,27,HOU,TE,16,11,0.0,0.0,0.0,0.0,0,0,0,0,0,0,0.0,6,4,2,0.0,0.0,0.0,
264,David Hawthorne,24,SEA,MLB,16,11,3.0,9.0,0.0,5.0,5,1,0,1,36,0,4.0,117,94,23,10.0,5.0,0.0,
265,William Hayes,24,TEN,LDE,16,11,0.0,0.0,0.0,0.0,0,2,0,0,0,0,4.0,51,31,20,9.0,11.0,0.0,
266,Fred Jackson,28,BUF,RB,16,11,0.0,0.0,0.0,0.0,0,0,4,0,0,0,0.0,1,1,0,0.0,0.0,0.0,
267,Mohamed Massaquoi,23,CLE,WR,16,11,0.0,0.0,0.0,0.0,0,0,1,0,0,0,0.0,0,0,0,0.0,0.0,0.0,
268,Brandon McGowan,26,NWE,FS,16,11,0.0,0.0,0.0,0.0,3,3,0,2,0,0,0.0,78,58,20,3.0,3.0,0.0,
269,Juqua Parker,31,PHI,LDE,16,11,0.0,0.0,0.0,0.0,4,2,0,0,0,0,8.0,34,30,4,10.0,13.0,0.0,
270,Osi Umenyiora,28,NYG,RDE,16,11,0.0,0.0,0.0,0.0,1,4,0,4,61,1,7.0,29,19,10,4.0,17.0,0.0,
271,Tully Banta-Cain,29,NWE,LOLB,16,10,0.0,0.0,0.0,0.0,2,2,0,0,0,0,10.0,55,35,20,12.0,17.0,0.0,
272,Anthony Becht,32,ARI,TE,16,10,0.0,0.0,0.0,0.0,0,0,1,1,0,0,0.0,0,0,0,0.0,0.0,0.0,
273,Jonathan Fanene,27,CIN,RDE,16,10,1.0,45.0,1.0,45.0,2,0,0,0,0,0,6.0,36,18,18,7.0,11.0,0.0,
274,Lawrence Jackson,24,SEA,RDE,16,10,0.0,0.0,0.0,0.0,2,2,0,0,0,0,4.5,32,28,4,4.0,13.0,0.0,
275,Donald Lee,29,GNB,TE,16,10,0.0,0.0,0.0,0.0,0,0,0,1,0,0,0.0,0,0,0,,,0.0,
276,DeAndre Levy,22,DET,RLB,16,10,1.0,5.0,0.0,5.0,5,1,1,2,0,0,0.0,85,61,24,7.0,3.0,0.0,
277,Brandon McDonald,24,CLE,RCB,16,10,1.0,39.0,0.0,39.0,10,1,0,0,0,0,1.0,55,49,6,2.0,1.0,0.0,
278,Chris Morris,26,OAK,LG,16,10,0.0,0.0,0.0,0.0,0,0,0,1,0,0,0.0,0,0,0,0.0,0.0,0.0,
279,Daniel Muir,26,IND,LDT,16,10,0.0,0.0,0.0,0.0,0,0,0,0,0,0,0.5,52,43,9,5.0,3.0,0.0,
280,Tony Richardson,38,NYJ,FB,16,10,0.0,0.0,0.0,0.0,0,0,0,1,0,0,0.0,0,0,0,0.0,0.0,0.0,
281,Jason Trusnik,25,2TM,RILB/ROLB,16,10,0.0,0.0,0.0,0.0,1,2,0,1,0,0,2.5,62,49,13,6.0,4.0,0.0,
281,Jason Trusnik,25,NYJ,DE,4,0,0.0,0.0,0.0,0.0,0,1,0,1,0,0,0.0,6,4,2,0.0,0.0,0.0,
281,Jason Trusnik,25,CLE,RILB/ROLB,12,10,0.0,0.0,0.0,0.0,1,1,0,0,0,0,2.5,56,45,11,6.0,4.0,0.0,
282,Tramon Williams,26,GNB,RCB,16,10,4.0,94.0,0.0,67.0,15,0,0,0,0,0,1.0,56,47,9,1.0,2.0,0.0,
283,Mike Adams,28,CLE,RCB/SS,16,9,0.0,0.0,0.0,0.0,8,0,0,1,1,0,1.0,69,58,11,4.0,2.0,0.0,
284,Deon Anderson,26,DAL,FB,16,9,0.0,0.0,0.0,0.0,0,0,0,0,0,0,0.0,8,3,5,0.0,0.0,0.0,
285,Miles Austin,25,DAL,WR,16,9,0.0,0.0,0.0,0.0,0,0,1,0,0,0,0.0,0,0,0,0.0,0.0,0.0,PB
286,Jason Avant,26,PHI,WR,16,9,0.0,0.0,0.0,0.0,0,1,1,0,0,0,0.0,3,3,0,0.0,0.0,0.0,
287,Vontae Davis,21,MIA,LCB,16,9,4.0,64.0,1.0,26.0,11,0,0,0,0,0,0.0,52,48,4,2.0,0.0,0.0,
288,Dwan Edwards,28,BAL,RDE,16,9,0.0,0.0,0.0,0.0,1,0,0,2,0,1,1.0,47,35,12,3.0,7.0,0.0,
289,Malcom Floyd,28,SDG,WR,16,9,0.0,0.0,0.0,0.0,0,0,0,0,0,0,0.0,1,1,0,0.0,0.0,0.0,
290,Marcus Harrison,25,CHI,RDT,16,9,0.0,0.0,0.0,0.0,0,0,0,0,0,0,1.0,24,16,8,3.0,3.0,0.0,
291,Jacob Lacey,22,IND,LCB,16,9,3.0,53.0,1.0,35.0,13,0,0,0,0,0,0.0,85,69,16,0.0,0.0,0.0,
292,Knowshon Moreno,22,DEN,RB,16,9,0.0,0.0,0.0,0.0,0,0,4,0,0,0,0.0,0,0,0,0.0,0.0,0.0,AP ORoY-3
293,Lousaka Polite,28,MIA,FB,16,9,0.0,0.0,0.0,0.0,0,0,1,0,0,0,0.0,0,0,0,0.0,0.0,0.0,
294,Lawrence Vickers,26,CLE,FB,16,9,0.0,0.0,0.0,0.0,0,0,1,0,0,0,0.0,0,0,0,0.0,0.0,0.0,
295,Mike Wright,27,NWE,DT/DE,16,9,0.0,0.0,0.0,0.0,1,1,0,1,0,0,5.0,35,25,10,6.0,8.0,0.0,
296,Anthony Adams,29,CHI,RDT,16,8,0.0,0.0,0.0,0.0,1,0,0,2,3,0,2.0,44,36,8,3.0,6.0,0.0,
297,Raheem Brock,31,IND,LDE,16,8,0.0,0.0,0.0,0.0,1,0,0,2,9,0,3.5,32,25,7,3.0,5.0,0.0,
298,Reggie Corner,26,BUF,LCB,16,8,1.0,0.0,0.0,0.0,9,0,0,0,0,0,0.0,67,52,15,3.0,0.0,0.0,
299,Nate Garner,24,MIA,LG/RG,16,8,0.0,0.0,0.0,0.0,0,0,0,2,0,0,0.0,0,0,0,0.0,0.0,0.0,
300,Brent Grimes,26,ATL,RCB,16,8,6.0,17.0,0.0,11.0,13,0,0,1,0,0,0.0,66,62,4,1.0,0.0,0.0,
301,Joey Haynos,25,MIA,TE,16,8,0.0,0.0,0.0,0.0,0,0,1,0,0,0,0.0,1,0,1,,,0.0,
302,Jeremi Johnson,29,CIN,FB,16,8,0.0,0.0,0.0,0.0,0,0,1,0,0,0,0.0,0,0,0,,,0.0,
303,Aaron Rouse,25,2TM,DB,16,9,0.0,0.0,0.0,0.0,4,0,0,0,0,0,1.0,64,48,16,3.0,3.0,0.0,
303,Aaron Rouse,25,GNB,DB,2,1,0.0,0.0,0.0,0.0,0,0,0,0,0,0,0.0,12,10,2,0.0,0.0,0.0,
303,Aaron Rouse,25,NYG,FS,14,8,0.0,0.0,0.0,0.0,4,0,0,0,0,0,1.0,52,38,14,3.0,3.0,0.0,
304,Pat Sims,24,CIN,LDT,16,8,0.0,0.0,0.0,0.0,0,0,0,1,0,0,0.5,34,19,15,2.0,7.0,0.0,
305,Matt Spaeth,26,PIT,TE,16,8,0.0,0.0,0.0,0.0,0,0,1,1,0,0,0.0,0,0,0,0.0,0.0,0.0,
306,Jerramy Stevens,30,TAM,TE,16,8,0.0,0.0,0.0,0.0,0,0,0,1,0,0,0.0,0,0,0,0.0,0.0,0.0,
307,Delanie Walker,25,SFO,FB,16,8,0.0,0.0,0.0,0.0,0,0,2,1,0,0,0.0,13,10,3,0.0,0.0,0.0,
308,Leonard Weaver,27,PHI,FB,16,8,0.0,0.0,0.0,0.0,0,0,0,0,0,0,0.0,5,3,2,0.0,0.0,0.0,"PB,AP-1"
309,James Anderson,26,CAR,RLB,16,7,0.0,0.0,0.0,0.0,1,1,0,1,3,0,1.0,65,47,18,3.0,1.0,0.0,
310,Chase Blackburn,26,NYG,RLB,16,7,1.0,24.0,0.0,24.0,1,0,0,0,0,0,0.5,60,37,23,4.0,1.0,0.0,
311,C.C. Brown,26,NYG,FS,16,7,0.0,0.0,0.0,0.0,3,3,0,0,0,0,0.0,69,59,10,3.0,1.0,0.0,
312,Michael Bush,25,OAK,RB,16,7,0.0,0.0,0.0,0.0,0,0,2,0,0,0,0.0,0,0,0,,,0.0,
313,Quentin Groves,25,JAX,LDE,16,7,1.0,37.0,0.0,37.0,1,1,0,0,0,0,0.0,30,24,6,4.0,3.0,0.0,
314,Ahmard Hall,30,TEN,FB,16,7,0.0,0.0,0.0,0.0,0,0,2,0,0,0,0.0,3,2,1,0.0,0.0,0.0,
315,Kelly Jennings,27,SEA,RCB,16,7,0.0,0.0,0.0,0.0,5,0,0,0,0,0,0.0,30,27,3,0.0,0.0,0.0,
316,Robert Meachem,25,NOR,WR,16,7,0.0,0.0,0.0,0.0,0,1,2,1,44,1,0.0,0,0,0,0.0,0.0,0.0,
317,Moran Norris,31,SFO,RB,16,7,0.0,0.0,0.0,0.0,0,0,1,1,0,0,0.0,1,1,0,0.0,0.0,0.0,
318,Trevor Pryce,34,BAL,RDE,16,7,0.0,0.0,0.0,0.0,0,1,0,0,0,0,6.5,31,19,12,8.0,9.0,0.0,
319,Benny Sapp,28,MIN,LCB,16,7,0.0,0.0,0.0,0.0,6,2,0,0,0,0,0.0,44,40,4,1.0,1.0,0.0,
320,Brandon Siler,24,SDG,RILB,16,7,1.0,5.0,0.0,5.0,2,0,0,1,0,0,2.0,67,52,15,6.0,2.0,0.0,
321,Ben Watson,29,NWE,TE,16,7,0.0,0.0,0.0,0.0,0,0,0,1,0,0,0.0,0,0,0,0.0,0.0,0.0,
322,Philip Wheeler,25,IND,LLB,16,7,0.0,0.0,0.0,0.0,1,1,0,0,0,0,1.0,61,42,19,3.0,2.0,0.0,
323,Ricky Williams,32,MIA,RB,16,7,0.0,0.0,0.0,0.0,0,0,5,2,0,0,0.0,0,0,0,0.0,0.0,0.0,
324,Dre' Bly,32,SFO,LCB,16,6,3.0,66.0,0.0,31.0,13,2,1,3,3,0,1.0,29,26,3,2.0,1.0,0.0,
325,Kenny Britt,21,TEN,WR,16,6,0.0,0.0,0.0,0.0,0,0,1,0,0,0,0.0,0,0,0,,,0.0,
326,Derrick Burgess,31,NWE,RDT,16,6,0.0,0.0,0.0,0.0,0,1,0,1,0,0,5.0,34,27,7,4.0,12.0,0.0,
327,Patrick Crayton,30,DAL,WR,16,6,0.0,0.0,0.0,0.0,0,0,4,2,0,0,0.0,0,0,0,,,0.0,
328,Steve Gregory,26,SDG,SS,16,6,1.0,13.0,0.0,13.0,6,0,0,2,3,0,2.0,71,58,13,4.0,3.0,0.0,
329,Anthony Hargrove,26,NOR,RDT,16,6,0.0,0.0,0.0,0.0,3,1,0,3,1,1,5.0,40,30,10,,,0.0,AP CPoY-6
330,Will Herring,26,SEA,LLB,16,6,0.0,0.0,0.0,0.0,1,1,0,1,0,0,0.0,46,38,8,5.0,0.0,0.0,
331,Mathias Kiwanuka,26,NYG,RDE,16,6,0.0,0.0,0.0,0.0,1,2,0,0,0,0,3.0,61,46,15,10.0,18.0,0.0,
332,Ken Lucas,30,SEA,RCB,16,6,1.0,0.0,0.0,0.0,2,0,0,0,0,0,0.0,34,28,6,0.0,0.0,0.0,
333,Chris Owens,23,ATL,LCB,16,6,2.0,13.0,0.0,13.0,2,0,0,1,0,0,0.0,29,24,5,0.0,1.0,0.0,
334,Trevor Scott,25,OAK,LLB,16,6,0.0,0.0,0.0,0.0,0,0,0,0,0,0,7.0,43,38,5,11.0,12.0,0.0,
335,Russell Allen,23,JAX,RLB,16,5,0.0,0.0,0.0,0.0,0,0,0,0,0,0,0.0,47,37,10,3.0,0.0,0.0,
336,Billy Bajema,27,STL,TE,16,5,0.0,0.0,0.0,0.0,0,0,0,0,0,0,0.0,2,2,0,0.0,0.0,0.0,
337,Tyron Brackenridge,25,JAX,RCB,16,5,0.0,0.0,0.0,0.0,4,2,0,1,12,0,0.0,33,30,3,1.0,0.0,0.0,
338,Austin Collie,24,IND,WR,16,5,0.0,0.0,0.0,0.0,0,0,0,1,0,0,0.0,0,0,0,0.0,0.0,0.0,
339,Eric Foster,24,IND,DT,16,5,0.0,0.0,0.0,0.0,2,1,0,1,0,0,2.5,38,30,8,5.0,7.0,0.0,
340,Kedric Golston,26,WAS,RDT,16,5,0.0,0.0,0.0,0.0,2,1,0,0,0,0,2.0,33,21,12,4.0,6.0,0.0,
341,Bruce Johnson,22,NYG,DB,16,5,2.0,83.0,1.0,49.0,8,0,0,0,0,0,1.0,46,36,10,0.0,0.0,0.0,
342,Nate Jones,27,MIA,SS,16,5,2.0,0.0,0.0,0.0,10,2,0,0,0,0,1.0,54,45,9,0.0,1.0,0.0,
343,Sherrod Martin,25,CAR,FS,16,5,3.0,35.0,0.0,23.0,4,1,0,0,0,0,0.0,22,17,5,0.0,0.0,0.0,
344,Gerald McRath,23,TEN,LLB,16,5,1.0,1.0,0.0,1.0,1,0,0,0,0,0,0.0,47,32,15,2.0,1.0,0.0,
345,Ahtyba Rubin,23,CLE,NT,16,5,0.0,0.0,0.0,0.0,0,1,0,0,0,0,0.0,38,23,15,0.0,1.0,0.0,
346,Darryl Tapp,25,SEA,RDE,16,5,0.0,0.0,0.0,0.0,3,0,0,1,0,0,2.5,49,40,9,9.0,16.0,0.0,
347,Pierre Woods,27,NWE,LB,16,5,0.0,0.0,0.0,0.0,0,1,0,0,0,0,0.0,36,25,11,3.0,0.0,0.0,
348,Jeremy Bridges,29,ARI,T,16,4,0.0,0.0,0.0,0.0,0,0,0,2,0,0,0.0,0,0,0,0.0,0.0,0.0,
349,Jasper Brinkley,24,MIN,LB,16,4,0.0,0.0,0.0,0.0,0,1,0,0,0,0,0.0,31,30,1,2.0,0.0,0.0,
350,Tarell Brown,24,SFO,DB,16,4,2.0,52.0,0.0,51.0,8,0,0,0,0,0,0.0,40,34,6,0.0,1.0,0.0,
351,John Busing,26,HOU,DB,16,4,1.0,14.0,0.0,14.0,3,0,1,0,0,0,0.0,32,26,6,0.0,1.0,0.0,
352,Chris Carr,26,BAL,DB,16,4,2.0,24.0,0.0,13.0,4,2,2,0,4,0,1.5,44,38,6,3.0,3.0,0.0,
353,Chauncey Davis,26,ATL,DE,16,4,0.0,0.0,0.0,0.0,1,1,0,0,0,0,1.0,22,16,6,4.0,2.0,0.0,
354,Moise Fokou,24,PHI,LB,16,4,0.0,0.0,0.0,0.0,1,0,0,2,0,0,0.0,39,27,12,0.0,0.0,0.0,
355,Mike Furrey,32,CLE,WR,16,4,0.0,0.0,0.0,0.0,2,0,0,0,0,0,0.0,14,14,0,0.0,0.0,0.0,
356,Jonathan Goff,24,NYG,LB,16,4,1.0,5.0,0.0,5.0,2,0,0,0,0,0,1.0,25,15,10,1.0,2.0,0.0,
357,Vonta Leach,28,HOU,RB,16,4,0.0,0.0,0.0,0.0,0,0,0,1,0,0,0.0,0,0,0,0.0,0.0,0.0,
358,Chris Long,24,STL,DE,16,4,0.0,0.0,0.0,0.0,1,1,0,0,0,0,5.0,43,33,10,7.0,12.0,0.0,
359,LeSean McCoy,21,PHI,RB,16,4,0.0,0.0,0.0,0.0,0,0,2,1,0,0,0.0,0,0,0,0.0,0.0,0.0,
360,John Phillips,22,DAL,TE,16,4,0.0,0.0,0.0,0.0,0,0,0,0,0,0,0.0,2,2,0,0.0,0.0,0.0,
361,Orlando Scandrick,22,DAL,DB,16,4,1.0,0.0,0.0,0.0,9,1,0,1,15,0,1.0,51,48,3,1.0,1.0,0.0,
362,Eric Smith,26,NYJ,DB,16,4,1.0,0.0,0.0,0.0,6,0,0,0,0,0,0.0,48,38,10,4.0,2.0,0.0,
363,Mike Wallace,23,PIT,WR,16,4,0.0,0.0,0.0,0.0,0,0,1,0,0,0,0.0,0,0,0,0.0,0.0,0.0,AP ORoY-3
364,Alan Ball,24,DAL,DB,16,3,0.0,0.0,0.0,0.0,3,0,0,0,0,0,0.0,31,26,5,0.0,0.0,0.0,
365,Gary Barnidge,24,CAR,TE,16,3,0.0,0.0,0.0,0.0,0,0,1,0,0,0,0.0,11,8,3,0.0,0.0,0.0,
366,Jovan Belcher,22,KAN,LB,16,3,0.0,0.0,0.0,0.0,1,0,0,0,0,0,0.0,48,46,2,2.0,2.0,0.0,
367,Jarrett Bush,25,GNB,DB,16,3,1.0,3.0,0.0,3.0,7,0,0,0,0,0,0.0,28,25,3,0.0,0.0,0.0,
368,Andre Caldwell,24,CIN,WR,16,3,0.0,0.0,0.0,0.0,0,0,4,0,0,0,0.0,0,0,0,0.0,0.0,0.0,
369,Keyaron Fox,27,PIT,LB,16,3,1.0,82.0,1.0,82.0,1,0,0,1,5,0,0.0,44,31,13,1.0,0.0,0.0,
370,Vonnie Holliday,34,DEN,DE,16,3,0.0,0.0,0.0,0.0,0,2,0,1,0,0,5.0,33,24,9,5.0,10.0,0.0,
371,Brandon Johnson,26,CIN,LB,16,3,0.0,0.0,0.0,0.0,4,0,0,1,0,0,1.5,58,40,18,2.0,4.0,0.0,
372,Spencer Johnson,28,BUF,DT,16,3,0.0,0.0,0.0,0.0,1,0,0,1,0,0,2.0,43,33,10,5.0,4.0,0.0,
373,Kaluka Maiava,22,CLE,LB,16,3,0.0,0.0,0.0,0.0,2,2,0,0,0,0,2.5,45,34,11,1.0,5.0,0.0,
374,Paul Oliver,25,SDG,DB,16,3,1.0,34.0,0.0,34.0,3,0,0,1,40,1,1.0,49,38,11,2.0,1.0,0.0,
375,Antwaan Randle El,30,WAS,WR,16,3,0.0,0.0,0.0,0.0,0,0,4,0,0,0,0.0,3,3,0,0.0,0.0,0.0,
376,Jonathan Stewart,22,CAR,RB,16,3,0.0,0.0,0.0,0.0,0,0,3,1,0,0,0.0,0,0,0,0.0,0.0,0.0,
377,Quinton Teal,25,CAR,DB,16,3,0.0,0.0,0.0,0.0,0,0,0,1,0,0,0.0,20,17,3,0.0,0.0,0.0,
378,Mike Tolbert,24,SDG,RB,16,3,0.0,0.0,0.0,0.0,0,1,1,0,0,0,0.0,22,16,6,0.0,0.0,0.0,
379,Steve Vallos,26,SEA,G,16,3,0.0,0.0,0.0,0.0,0,0,2,0,-18,0,0.0,0,0,0,,,0.0,
380,Mark Anderson,26,CHI,DE,16,2,0.0,0.0,0.0,0.0,0,0,0,0,0,0,3.5,28,22,6,6.0,8.0,0.0,
381,Justin Bannan,30,BAL,DT,16,2,0.0,0.0,0.0,0.0,0,0,0,0,0,0,0.0,35,29,6,2.0,2.0,0.0,
382,Davone Bess,24,MIA,WR,16,2,0.0,0.0,0.0,0.0,0,0,6,2,0,0,0.0,0,0,0,0.0,0.0,0.0,
383,Kroy Biermann,24,ATL,LB,16,2,0.0,0.0,0.0,0.0,0,1,0,2,4,1,5.0,49,38,11,8.0,8.0,0.0,
384,Stephen Bowen,25,DAL,DE,16,2,0.0,0.0,0.0,0.0,2,1,0,0,0,0,3.0,18,12,6,4.0,5.0,0.0,
385,Bobby Carpenter,26,DAL,LB,16,2,0.0,0.0,0.0,0.0,1,0,0,0,0,0,2.0,46,37,9,3.0,5.0,0.0,
386,Rock Cartwright,30,WAS,FB,16,2,0.0,0.0,0.0,0.0,0,0,0,0,0,0,0.0,9,4,5,0.0,0.0,0.0,
387,Tyrone Culver,26,MIA,DB,16,2,1.0,23.0,0.0,23.0,4,0,0,1,0,0,0.0,32,25,7,0.0,0.0,0.0,
388,Kellen Davis,24,CHI,TE,16,2,0.0,0.0,0.0,0.0,0,0,0,0,0,0,0.0,1,1,0,0.0,0.0,0.0,
389,Larry English,23,SDG,DE,16,2,0.0,0.0,0.0,0.0,1,1,0,1,0,0,2.0,36,26,10,2.0,7.0,0.0,
390,Troy Evans,32,NOR,LB,16,2,0.0,0.0,0.0,0.0,1,0,0,0,0,0,0.0,29,25,4,1.0,1.0,0.0,
391,Justin Forsett,24,SEA,RB,16,2,0.0,0.0,0.0,0.0,0,0,4,0,0,0,0.0,2,2,0,0.0,0.0,0.0,
392,Brian Hartline,23,MIA,WR,16,2,0.0,0.0,0.0,0.0,0,0,0,0,0,0,0.0,6,5,1,0.0,0.0,0.0,
393,Ramon Humber,22,IND,LB,16,2,0.0,0.0,0.0,0.0,0,1,0,0,0,0,0.0,33,28,5,1.0,0.0,0.0,
394,Freddy Keiaho,27,IND,LB,16,2,0.0,0.0,0.0,0.0,1,0,0,2,0,0,1.0,38,27,11,2.0,3.0,0.0,
395,Phillip Merling,24,MIA,DE,16,2,0.0,0.0,0.0,0.0,3,0,0,1,1,0,2.5,33,24,9,3.0,6.0,0.0,
396,Dennis Northcutt,32,DET,WR,16,2,0.0,0.0,0.0,0.0,0,0,2,1,0,0,0.0,0,0,0,0.0,0.0,0.0,
397,Hank Poteat,32,CLE,DB,16,2,0.0,0.0,0.0,0.0,4,0,0,0,0,0,1.0,34,26,8,2.0,1.0,0.0,
398,Matt Shaughnessy,23,OAK,DE,16,2,0.0,0.0,0.0,0.0,0,0,0,1,0,0,4.0,29,26,3,10.0,5.0,0.0,
399,Darren Sproles,26,SDG,RB,16,2,0.0,0.0,0.0,0.0,0,0,3,1,0,0,0.0,0,0,0,0.0,0.0,0.0,
400,LaRod Stephens-Howling,22,ARI,RB,16,2,0.0,0.0,0.0,0.0,0,0,1,1,0,0,0.0,21,17,4,0.0,0.0,0.0,
401,Andy Studebaker,24,KAN,LB,16,2,2.0,96.0,0.0,94.0,3,1,0,1,0,1,0.0,28,24,4,0.0,0.0,0.0,
402,Reggie Torbor,28,MIA,LB,16,2,1.0,0.0,0.0,0.0,4,0,0,0,0,0,1.0,37,28,9,6.0,7.0,0.0,
403,Deshea Townsend,34,PIT,DB,16,2,1.0,-1.0,0.0,-1.0,3,0,0,0,0,0,0.0,27,24,3,1.0,2.0,0.0,
404,Corey Williams,29,CLE,DT,16,2,0.0,0.0,0.0,0.0,4,1,0,0,0,0,4.0,31,27,4,5.0,12.0,0.0,
405,Jamar Williams,25,CHI,LB,16,2,0.0,0.0,0.0,0.0,2,1,0,0,0,0,0.0,43,35,8,0.0,1.0,0.0,
406,Sam Williams,29,OAK,DE,16,2,0.0,0.0,0.0,0.0,0,0,1,0,0,0,0.0,19,16,3,2.0,0.0,0.0,
407,Jeff Zgonina,39,HOU,DT,16,2,0.0,0.0,0.0,0.0,0,0,0,1,0,0,2.5,28,23,5,3.0,3.0,0.0,
408,Michael Adams,24,ARI,DB,16,1,1.0,17.0,0.0,17.0,4,0,0,0,0,0,0.0,40,37,3,0.0,0.0,0.0,
409,Jason Allen,26,MIA,DB,16,1,0.0,0.0,0.0,0.0,2,0,0,0,0,0,0.0,22,20,2,0.0,0.0,0.0,
410,Charlie Anderson,28,MIA,LB,16,1,0.0,0.0,0.0,0.0,0,2,0,0,0,0,2.0,17,15,2,7.0,7.0,0.0,
411,H.B. Blades,25,WAS,LB,16,1,0.0,0.0,0.0,0.0,0,0,0,0,0,0,0.0,41,32,9,0.0,0.0,0.0,
412,Ralph Brown,31,ARI,DB,16,1,1.0,85.0,0.0,80.0,3,0,0,0,0,0,0.0,17,16,1,0.0,0.0,0.0,
413,Victor Butler,22,DAL,LB,16,1,0.0,0.0,0.0,0.0,0,1,0,1,0,0,3.0,17,13,4,2.0,2.0,0.0,
414,Antoine Cason,23,SDG,DB,16,1,2.0,22.0,0.0,22.0,3,0,0,0,0,0,0.0,41,38,3,1.0,0.0,0.0,
415,Patrick Chung,22,NWE,DB,16,1,1.0,2.0,0.0,2.0,1,1,0,0,0,0,2.0,37,25,12,2.0,2.0,0.0,
416,Jon Corto,25,BUF,DB,16,1,0.0,0.0,0.0,0.0,0,0,0,0,0,0,0.0,22,15,7,0.0,0.0,0.0,
417,Kenneth Darby,27,STL,RB,16,1,0.0,0.0,0.0,0.0,0,0,0,0,0,0,0.0,9,9,0,1.0,0.0,0.0,
418,Corey Graham,24,CHI,DB,16,1,0.0,0.0,0.0,0.0,1,0,0,0,0,0,0.0,35,31,4,0.0,1.0,0.0,
419,Spencer Havner,26,GNB,LB,16,1,0.0,0.0,0.0,0.0,0,0,0,0,0,0,0.0,19,16,3,1.0,0.0,0.0,
420,Sam Hurd,24,DAL,WR,16,1,0.0,0.0,0.0,0.0,0,0,0,0,0,0,0.0,16,11,5,0.0,0.0,0.0,
421,Stefan Logan,28,PIT,RB,16,1,0.0,0.0,0.0,0.0,0,0,3,0,0,0,0.0,11,6,5,0.0,0.0,0.0,
422,Brice McCain,23,HOU,DB,16,1,1.0,0.0,0.0,0.0,3,0,0,0,0,0,0.0,15,14,1,0.0,0.0,0.0,
423,Jameel McClain,24,BAL,LB,16,1,0.0,0.0,0.0,0.0,0,0,0,0,0,0,0.0,30,21,9,0.0,0.0,0.0,
424,Willis McGahee,28,BAL,RB,16,1,0.0,0.0,0.0,0.0,0,0,1,1,0,0,0.0,0,0,0,0.0,0.0,0.0,
425,Lawyer Milloy,36,SEA,DB,16,1,0.0,0.0,0.0,0.0,2,0,0,0,0,0,0.0,34,27,7,0.0,2.0,0.0,
426,Kareem Moore,25,WAS,DB,16,1,1.0,14.0,0.0,14.0,3,2,1,0,0,0,0.0,34,26,8,0.0,0.0,0.0,
427,Donnie Nickey,29,TEN,DB,16,1,0.0,0.0,0.0,0.0,0,0,0,0,0,0,0.0,12,9,3,0.0,0.0,0.0,
428,Pierson Prioleau,32,NOR,DB,16,1,0.0,0.0,0.0,0.0,1,0,0,1,0,0,0.0,29,26,3,0.0,0.0,0.0,
429,Mark Roman,32,SFO,DB,16,1,1.0,27.0,0.0,27.0,2,1,0,3,25,0,1.0,53,46,7,3.0,1.0,0.0,
430,Stanford Routt,26,OAK,DB,16,1,0.0,0.0,0.0,0.0,7,0,0,0,0,0,1.0,29,23,6,2.0,2.0,0.0,
431,Jacob Tamme,24,IND,TE,16,1,0.0,0.0,0.0,0.0,0,0,0,0,0,0,0.0,9,7,2,0.0,0.0,0.0,
432,Coy Wire,31,ATL,DB,16,1,0.0,0.0,0.0,0.0,1,1,0,2,0,0,0.0,17,15,2,0.0,3.0,0.0,
433,Todd Yoder,31,WAS,TE,16,1,0.0,0.0,0.0,0.0,0,0,0,0,0,0,0.0,3,2,1,0.0,0.0,0.0,
434,Xavier Adibi,25,HOU,LB,16,0,0.0,0.0,0.0,0.0,0,1,0,0,0,0,0.0,11,9,2,0.0,1.0,0.0,
435,David Akers,35,PHI,K,16,0,0.0,0.0,0.0,0.0,0,0,0,0,0,0,0.0,2,2,0,0.0,0.0,0.0,"PB,AP-2"
436,Ethan Albright,38,WAS,LS,16,0,0.0,0.0,0.0,0.0,0,0,0,0,0,0,0.0,1,1,0,0.0,0.0,0.0,
437,Lorenzo Alexander,26,WAS,LB,16,0,0.0,0.0,0.0,0.0,1,1,0,1,0,0,2.0,23,18,5,2.0,3.0,0.0,
438,Ken Amato,32,TEN,LS,16,0,0.0,0.0,0.0,0.0,0,0,0,1,0,0,0.0,3,3,0,0.0,0.0,0.0,
439,Patrick Bailey,24,PIT,LB,16,0,0.0,0.0,0.0,0.0,0,0,0,0,0,0,0.0,13,13,0,0.0,0.0,0.0,
440,Jason Baker,31,CAR,P,16,0,0.0,0.0,0.0,0.0,0,0,0,0,0,0,0.0,3,2,1,0.0,0.0,0.0,
441,Connor Barwin,23,HOU,DE,16,0,0.0,0.0,0.0,0.0,3,0,0,1,0,0,4.5,18,13,5,5.0,8.0,0.0,
442,Kevin Bentley,30,HOU,LB,16,0,0.0,0.0,0.0,0.0,0,0,0,0,0,0,0.0,21,10,11,0.0,0.0,0.0,
443,David Binn,37,SDG,LS,16,0,0.0,0.0,0.0,0.0,0,0,0,0,0,0,0.0,6,5,1,0.0,0.0,0.0,
444,Rob Bironas,31,TEN,K,16,0,0.0,0.0,0.0,0.0,0,0,0,0,0,0,0.0,1,1,0,0.0,0.0,0.0,
445,Desmond Bishop,25,GNB,LB,16,0,0.0,0.0,0.0,0.0,0,0,0,1,2,0,0.0,31,20,11,1.0,0.0,0.0,
446,Alan Branch,25,ARI,DT,16,0,0.0,0.0,0.0,0.0,2,0,0,0,0,0,2.0,18,14,4,3.0,3.0,0.0,
447,Josh Brown,30,STL,K,16,0,0.0,0.0,0.0,0.0,0,0,0,0,0,0,0.0,2,1,1,0.0,0.0,0.0,
448,Kris Brown,33,HOU,K,16,0,0.0,0.0,0.0,0.0,0,0,0,0,0,0,0.0,1,1,0,0.0,0.0,0.0,
449,Desmond Bryant,24,OAK,DT,16,0,0.0,0.0,0.0,0.0,0,1,0,1,0,0,0.0,32,24,8,0.0,0.0,0.0,
450,Eldra Buckley,24,PHI,RB,16,0,0.0,0.0,0.0,0.0,0,1,0,0,0,0,0.0,13,12,1,0.0,0.0,0.0,
451,David Buehler,22,DAL,K,16,0,0.0,0.0,0.0,0.0,0,0,0,0,0,0,0.0,3,3,0,0.0,0.0,0.0,
452,Deon Butler,23,SEA,WR,16,0,0.0,0.0,0.0,0.0,0,0,0,0,0,0,0.0,4,4,0,0.0,0.0,0.0,
453,Jeremy Cain,29,JAX,LB,16,0,0.0,0.0,0.0,0.0,0,0,0,0,0,0,0.0,3,3,0,0.0,0.0,0.0,
454,Dan Carpenter,24,MIA,K,16,0,0.0,0.0,0.0,0.0,0,0,0,0,0,0,0.0,2,1,1,0.0,0.0,0.0,PB
455,Chris Chamberlain,24,STL,LB,16,0,0.0,0.0,0.0,0.0,0,0,0,0,0,0,0.0,20,16,4,0.0,0.0,0.0,
456,Jeff Charleston,26,NOR,DE,16,0,0.0,0.0,0.0,0.0,0,0,0,0,0,0,0.0,10,8,2,0.0,0.0,0.0,
457,Tashard Choice,25,DAL,RB,16,0,0.0,0.0,0.0,0.0,0,0,0,0,0,0,0.0,2,2,0,0.0,0.0,0.0,
458,Chris Clemons,28,PHI,DE,16,0,0.0,0.0,0.0,0.0,1,0,0,0,0,0,3.0,11,8,3,3.0,7.0,0.0,
459,Dustin Colquitt,27,KAN,P,16,0,0.0,0.0,0.0,0.0,0,0,0,0,0,0,0.0,1,1,0,0.0,0.0,0.0,
460,Jon Condo,28,OAK,LS,16,0,0.0,0.0,0.0,0.0,0,0,0,0,0,0,0.0,10,7,3,0.0,0.0,0.0,PB
461,Dan Connor,24,CAR,LB,16,0,0.0,0.0,0.0,0.0,0,0,0,1,0,0,0.0,30,22,8,0.0,0.0,0.0,
462,Quan Cosby,27,CIN,WR,16,0,0.0,0.0,0.0,0.0,0,0,2,1,0,0,0.0,3,2,1,0.0,0.0,0.0,
463,Blake Costanzo,25,CLE,LB,16,0,0.0,0.0,0.0,0.0,0,2,0,3,0,0,0.0,14,9,5,0.0,1.0,0.0,
464,Mason Crosby,25,GNB,K,16,0,0.0,0.0,0.0,0.0,0,0,0,0,0,0,0.0,3,2,1,0.0,0.0,0.0,
465,Rashied Davis,30,CHI,WR,16,0,0.0,0.0,0.0,0.0,0,0,0,0,0,0,0.0,9,7,2,0.0,0.0,0.0,
466,John Denney,31,MIA,LS,16,0,0.0,0.0,0.0,0.0,0,0,0,0,0,0,0.0,7,6,1,0.0,0.0,0.0,
467,Ryan Denney,32,BUF,DE,16,0,0.0,0.0,0.0,0.0,0,1,0,0,0,0,2.0,27,16,11,1.0,1.0,0.0,
468,Zak DeOssie,25,NYG,LB,16,0,0.0,0.0,0.0,0.0,0,0,0,0,0,0,0.0,7,5,2,0.0,0.0,0.0,
469,Antonio Dixon,24,PHI,DT,16,0,0.0,0.0,0.0,0.0,0,0,0,0,0,0,1.0,16,12,4,2.0,1.0,0.0,
470,Jordon Dizon,23,DET,LB,16,0,0.0,0.0,0.0,0.0,0,1,0,1,0,0,1.0,29,21,8,1.0,1.0,0.0,
471,Jon Dorenbos,29,PHI,LS,16,0,0.0,0.0,0.0,0.0,0,0,0,0,0,0,0.0,3,3,0,0.0,0.0,0.0,PB
472,Andrew Economos,27,TAM,LS,16,0,0.0,0.0,0.0,0.0,0,0,0,0,0,0,0.0,1,1,0,0.0,0.0,0.0,
473,Isaiah Ekejiuba,28,OAK,LB,16,0,0.0,0.0,0.0,0.0,0,0,0,0,0,0,0.0,16,13,3,0.0,0.0,0.0,
474,Heath Farwell,28,MIN,LB,16,0,0.0,0.0,0.0,0.0,0,0,0,2,0,0,0.0,19,18,1,0.0,0.0,0.0,PB
475,Jeff Feagles,43,NYG,P,16,0,0.0,0.0,0.0,0.0,0,0,1,0,0,0,0.0,0,0,0,0.0,0.0,0.0,
476,Jay Feely,33,NYJ,K,16,0,0.0,0.0,0.0,0.0,0,0,0,0,0,0,0.0,4,4,0,0.0,0.0,0.0,
477,Brandon Fields,25,MIA,P,16,0,0.0,0.0,0.0,0.0,0,0,0,0,0,0,0.0,2,2,0,0.0,0.0,0.0,
478,Eric Frampton,25,MIN,DB,16,0,0.0,0.0,0.0,0.0,0,2,0,0,0,0,0.0,18,12,6,0.0,0.0,0.0,
479,Thomas Gafford,26,KAN,LB,16,0,0.0,0.0,0.0,0.0,0,0,1,0,-38,0,0.0,4,3,1,0.0,0.0,0.0,
480,Wallace Gilberry,25,KAN,DE,16,0,0.0,0.0,0.0,0.0,0,0,0,0,0,0,4.5,22,20,2,3.0,8.0,0.0,
481,Brett Goode,25,GNB,LB,16,0,0.0,0.0,0.0,0.0,0,0,0,0,0,0,0.0,4,2,2,0.0,0.0,0.0,
482,Stephen Gostkowski,25,NWE,K,16,0,0.0,0.0,0.0,0.0,0,0,0,1,0,0,0.0,5,5,0,0.0,0.0,0.0,
483,Robbie Gould,27,CHI,K,16,0,0.0,0.0,0.0,0.0,0,0,0,0,0,0,0.0,3,3,0,0.0,0.0,0.0,
484,Ben Graham,36,ARI,P,16,0,0.0,0.0,0.0,0.0,0,1,0,0,0,0,0.0,1,1,0,0.0,0.0,0.0,
485,Shayne Graham,32,CIN,K,16,0,0.0,0.0,0.0,0.0,0,0,0,0,0,0,0.0,2,2,0,0.0,0.0,0.0,
486,Larry Grant,24,STL,LB,16,0,0.0,0.0,0.0,0.0,0,1,0,1,0,0,1.0,19,17,2,3.0,4.0,0.0,
487,Derek Hagan,25,NYG,WR,16,0,0.0,0.0,0.0,0.0,0,0,0,1,0,0,0.0,11,8,3,0.0,0.0,0.0,
488,Jason Hanson,39,DET,K,16,0,0.0,0.0,0.0,0.0,0,0,0,0,0,0,0.0,1,1,0,0.0,0.0,0.0,
489,Nick Harris,31,DET,P,16,0,0.0,0.0,0.0,0.0,0,0,0,0,0,0,0.0,3,2,1,0.0,0.0,0.0,
490,Jason Hatcher,27,DAL,DE,16,0,0.0,0.0,0.0,0.0,1,0,0,1,0,0,1.0,13,9,4,1.0,5.0,0.0,
491,Lex Hilliard,25,MIA,RB,16,0,0.0,0.0,0.0,0.0,0,0,0,0,0,0,0.0,14,12,2,0.0,0.0,0.0,
492,Abdul Hodge,27,CIN,LB,16,0,0.0,0.0,0.0,0.0,0,1,0,0,0,0,0.0,16,12,4,0.0,0.0,0.0,
493,Chris Hoke,33,PIT,NT,16,0,0.0,0.0,0.0,0.0,0,0,0,0,0,0,0.0,4,1,3,0.0,1.0,0.0,
494,Evander Hood,22,PIT,DE,16,0,0.0,0.0,0.0,0.0,2,0,0,1,-1,0,1.0,8,5,3,4.0,5.0,0.0,
495,Darren Howard,33,PHI,DE,16,0,0.0,0.0,0.0,0.0,3,2,0,0,0,0,6.5,24,22,2,7.0,11.0,1.0,
496,Kevin Huber,24,CIN,P,16,0,0.0,0.0,0.0,0.0,0,0,1,1,-34,0,0.0,2,2,0,0.0,0.0,0.0,
497,Sebastian Janikowski,31,OAK,K,16,0,0.0,0.0,0.0,0.0,0,0,0,0,0,0,0.0,1,1,0,0.0,0.0,0.0,
498,J.J. Jansen,23,CAR,LS,16,0,0.0,0.0,0.0,0.0,0,0,0,0,0,0,0.0,3,2,1,0.0,0.0,0.0,
499,Brian Jennings,33,SFO,LS,16,0,0.0,0.0,0.0,0.0,0,0,0,0,0,0,0.0,6,3,3,0.0,0.0,0.0,
500,Michael Johnson,22,CIN,DE,16,0,0.0,0.0,0.0,0.0,5,0,0,0,0,0,3.0,17,11,6,4.0,6.0,0.0,
501,Donnie Jones,29,STL,P,16,0,0.0,0.0,0.0,0.0,0,0,0,0,0,0,0.0,1,1,0,0.0,0.0,0.0,AP-2
502,Edgar Jones,25,BAL,DE,16,0,0.0,0.0,0.0,0.0,0,0,0,0,0,0,0.0,10,9,1,0.0,0.0,0.0,
503,Nate Kaeding,27,SDG,K,16,0,0.0,0.0,0.0,0.0,0,0,0,0,0,0,0.0,2,2,0,0.0,0.0,0.0,"PB,AP-1"
504,Jeremy Kapinos,25,GNB,P,16,0,0.0,0.0,0.0,0.0,0,0,0,0,0,0,0.0,1,1,0,0.0,0.0,0.0,
505,Matt Katula,27,BAL,LS,16,0,0.0,0.0,0.0,0.0,0,0,0,0,0,0,0.0,3,3,0,0.0,0.0,0.0,
506,Michael Koenen,27,ATL,P,16,0,0.0,0.0,0.0,0.0,0,0,1,1,0,0,0.0,3,3,0,0.0,0.0,0.0,
507,Niko Koutouvides,28,TAM,LB,16,0,0.0,0.0,0.0,0.0,0,0,0,0,0,0,0.0,11,11,0,0.0,0.0,0.0,
508,Jason Kyle,37,NOR,LB,16,0,0.0,0.0,0.0,0.0,0,0,0,0,0,0,0.0,3,2,1,0.0,0.0,0.0,
509,Lance Laury,27,SEA,LB,16,0,0.0,0.0,0.0,0.0,0,1,0,0,0,0,0.0,21,15,6,0.0,0.0,0.0,
510,Mike Leach,33,ARI,LS,16,0,0.0,0.0,0.0,0.0,0,0,0,0,0,0,0.0,5,4,1,0.0,0.0,0.0,
511,Andy Lee,27,SFO,P,16,0,0.0,0.0,0.0,0.0,0,0,0,0,0,0,0.0,1,0,1,0.0,0.0,0.0,"PB,AP-2"
512,Rian Lindell,32,BUF,K,16,0,0.0,0.0,0.0,0.0,0,0,0,0,0,0,0.0,2,2,0,0.0,0.0,0.0,
513,Rhys Lloyd,27,CAR,K,16,0,0.0,0.0,0.0,0.0,0,0,0,0,0,0,0.0,1,1,0,0.0,0.0,0.0,
514,Cullen Loeffler,28,MIN,LS,16,0,0.0,0.0,0.0,0.0,0,0,0,0,0,0,0.0,2,2,0,0.0,0.0,0.0,
515,Patrick Mannelly,34,CHI,T,16,0,0.0,0.0,0.0,0.0,0,0,0,0,0,0,0.0,4,2,2,0.0,0.0,0.0,
516,Olindo Mare,36,SEA,K,16,0,0.0,0.0,0.0,0.0,0,0,0,1,-3,0,0.0,1,1,0,0.0,0.0,0.0,
517,Aaron Maybin,21,BUF,DE,16,0,0.0,0.0,0.0,0.0,0,1,0,0,0,0,0.0,18,11,7,2.0,0.0,0.0,
518,Brad Maynard,35,CHI,P,16,0,0.0,0.0,0.0,0.0,0,0,1,1,0,0,0.0,1,1,0,0.0,0.0,0.0,
519,Pat McAfee,22,IND,P,16,0,0.0,0.0,0.0,0.0,0,0,0,0,0,0,0.0,3,2,1,0.0,0.0,0.0,
520,Mat McBriar,30,DAL,P,16,0,0.0,0.0,0.0,0.0,0,0,0,0,0,0,0.0,2,2,0,0.0,0.0,0.0,
521,Bobby McCray,28,NOR,DE,16,0,0.0,0.0,0.0,0.0,1,0,0,0,0,0,1.5,12,8,4,3.0,9.0,0.0,
522,Tony McDaniel,24,MIA,DT,16,0,0.0,0.0,0.0,0.0,1,0,0,0,0,0,1.5,15,12,3,2.0,2.0,0.0,
523,Ray McDonald,25,SFO,DE,16,0,0.0,0.0,0.0,0.0,0,0,0,2,11,1,3.0,9,7,2,4.0,5.0,0.0,
524,Scott McKillop,23,SFO,LB,16,0,0.0,0.0,0.0,0.0,0,0,0,1,0,1,0.0,19,15,4,0.0,0.0,0.0,
525,Mike Mitchell,22,OAK,DB,16,0,0.0,0.0,0.0,0.0,0,0,0,2,0,0,1.5,16,11,5,1.0,4.0,0.0,
526,Thomas Morstead,23,NOR,P,16,0,0.0,0.0,0.0,0.0,0,0,0,0,0,0,0.0,1,1,0,0.0,0.0,0.0,
527,Ryan Mundy,24,PIT,DB,16,0,0.0,0.0,0.0,0.0,1,0,0,1,0,0,0.0,25,17,8,0.0,0.0,0.0,
528,Kenny Onatolu,27,MIN,LB,16,0,0.0,0.0,0.0,0.0,0,0,0,0,0,0,0.0,20,17,3,0.0,0.0,0.0,
529,Kassim Osgood,29,SDG,WR,16,0,0.0,0.0,0.0,0.0,0,0,0,0,0,0,0.0,15,13,2,0.0,0.0,0.0,PB
530,Montell Owens,25,JAX,RB,16,0,0.0,0.0,0.0,0.0,0,0,0,1,0,0,0.0,14,11,3,0.0,0.0,0.0,
531,Lonie Paxton,31,DEN,LS,16,0,0.0,0.0,0.0,0.0,0,0,0,0,0,0,0.0,1,1,0,0.0,0.0,0.0,
532,Ryan Pontbriand,30,CLE,LS,16,0,0.0,0.0,0.0,0.0,0,0,1,0,-20,0,0.0,1,0,1,0.0,0.0,0.0,
533,Matt Prater,25,DEN,K,16,0,0.0,0.0,0.0,0.0,0,0,0,0,0,0,0.0,1,1,0,0.0,0.0,0.0,
534,Jeff Reed,30,PIT,K,16,0,0.0,0.0,0.0,0.0,0,0,0,0,0,0,0.0,3,3,0,0.0,0.0,0.0,
535,Nick Reed,22,SEA,DE,16,0,0.0,0.0,0.0,0.0,2,0,0,3,81,1,1.0,17,10,7,1.0,3.0,0.0,
536,Darrell Reid,27,DEN,DE,16,0,0.0,0.0,0.0,0.0,2,2,0,2,0,0,4.0,24,18,6,1.0,10.0,0.0,
537,Jay Richardson,25,OAK,DE,16,0,0.0,0.0,0.0,0.0,0,0,0,0,0,0,3.0,23,18,5,3.0,4.0,0.0,
538,Brian Robison,26,MIN,DE,16,0,0.0,0.0,0.0,0.0,0,1,1,0,0,0,4.5,10,8,2,6.0,10.0,0.0,
539,Jon Ryan,28,SEA,P,16,0,0.0,0.0,0.0,0.0,0,0,0,0,0,0,0.0,3,3,0,0.0,0.0,0.0,
540,Garrison Sanborn,24,BUF,LS,16,0,0.0,0.0,0.0,0.0,0,0,0,0,0,0,0.0,1,1,0,0.0,0.0,0.0,
541,Josh Scobee,27,JAX,K,16,0,0.0,0.0,0.0,0.0,0,0,0,0,0,0,0.0,2,0,2,0.0,0.0,0.0,
542,Daniel Sepulveda,25,PIT,P,16,0,0.0,0.0,0.0,0.0,0,0,0,0,0,0,0.0,4,4,0,0.0,0.0,0.0,
543,Junior Siavii,31,DAL,DT,16,0,0.0,0.0,0.0,0.0,0,0,0,0,0,0,0.0,11,9,2,0.0,0.0,0.0,
544,Lawrence Sidbury,23,ATL,DE,16,0,0.0,0.0,0.0,0.0,0,0,0,1,11,1,1.0,5,5,0,1.0,2.0,0.0,
545,Justin Snow,33,IND,LS,16,0,0.0,0.0,0.0,0.0,0,0,0,0,0,0,0.0,6,3,3,0.0,0.0,0.0,
546,Nick Sorensen,31,CLE,DB,16,0,0.0,0.0,0.0,0.0,1,0,0,0,0,0,0.0,16,13,3,0.0,0.0,0.0,
547,Ryan Succop,23,KAN,K,16,0,0.0,0.0,0.0,0.0,0,0,0,0,0,0,0.0,1,1,0,0.0,0.0,0.0,
548,Chester Taylor,30,MIN,RB,16,0,0.0,0.0,0.0,0.0,0,0,2,1,0,0,0.0,0,0,0,0.0,0.0,0.0,
549,Marcus Thomas,24,DEN,DT,16,0,0.0,0.0,0.0,0.0,0,0,0,0,0,0,0.0,15,9,6,1.0,1.0,0.0,
550,Morgan Trent,24,CIN,DB,16,0,0.0,0.0,0.0,0.0,4,0,0,0,0,0,1.0,28,22,6,2.0,5.0,0.0,
551,Lawrence Tynes,31,NYG,K,16,0,0.0,0.0,0.0,0.0,0,0,0,0,0,0,0.0,2,2,0,0.0,0.0,0.0,
552,Gabe Watson,26,ARI,DT,16,0,0.0,0.0,0.0,0.0,0,0,0,0,0,0,0.0,28,22,6,5.0,0.0,0.0,
553,Steve Weatherford,27,NYJ,P,16,0,0.0,0.0,0.0,0.0,0,0,0,0,0,0,0.0,3,3,0,0.0,0.0,0.0,
554,Eric Weems,24,ATL,WR,16,0,0.0,0.0,0.0,0.0,0,0,3,0,0,0,0.0,10,10,0,0.0,0.0,0.0,
555,Beanie Wells,21,ARI,RB,16,0,0.0,0.0,0.0,0.0,0,0,4,1,-4,0,0.0,0,0,0,,,0.0,
556,John Wendling,26,BUF,DB,16,0,1.0,0.0,0.0,0.0,1,0,0,0,0,0,0.0,27,20,7,0.0,0.0,0.0,
557,Tracy White,28,PHI,LB,16,0,1.0,5.0,0.0,5.0,3,0,0,1,0,0,0.0,36,27,9,2.0,2.0,0.0,
558,Chris Wilson,27,WAS,DE,16,0,0.0,0.0,0.0,0.0,0,0,0,0,0,0,1.0,20,17,3,4.0,2.0,0.0,
559,Kris Wilson,28,SDG,TE,16,0,0.0,0.0,0.0,0.0,0,1,0,0,0,0,0.0,5,3,2,0.0,0.0,0.0,
560,Wesley Woodyard,23,DEN,LB,16,0,1.0,0.0,0.0,0.0,2,1,0,0,0,0,0.0,44,32,12,2.0,2.0,0.0,
561,Jason Wright,27,ARI,RB,16,0,0.0,0.0,0.0,0.0,0,0,0,0,0,0,0.0,11,9,2,0.0,0.0,0.0,
562,Wallace Wright,25,NYJ,WR,16,0,0.0,0.0,0.0,0.0,0,0,0,0,0,0,0.0,23,15,8,0.0,0.0,0.0,
563,Joseph Addai,26,IND,RB,15,15,0.0,0.0,0.0,0.0,0,0,1,0,0,0,0.0,0,0,0,0.0,0.0,0.0,
564,Marion Barber III,26,DAL,RB,15,15,0.0,0.0,0.0,0.0,0,0,2,0,0,0,0.0,0,0,0,,,0.0,
565,Ron Bartell,27,STL,LCB,15,15,0.0,0.0,0.0,0.0,9,3,0,1,0,0,0.0,66,61,5,0.0,0.0,0.0,
566,Anquan Boldin,29,ARI,WR,15,15,0.0,0.0,0.0,0.0,0,0,3,1,0,0,0.0,0,0,0,0.0,0.0,0.0,
567,Kevin Boss,25,NYG,TE,15,15,0.0,0.0,0.0,0.0,0,1,0,1,0,0,0.0,0,0,0,0.0,0.0,0.0,
568,Tyler Brayton,30,CAR,LDE,15,15,0.0,0.0,0.0,0.0,1,2,0,1,0,0,5.0,46,37,9,6.0,11.0,0.0,
569,Drew Brees,30,NOR,QB,15,15,0.0,0.0,0.0,0.0,0,0,10,2,0,0,0.0,0,0,0,0.0,0.0,0.0,"PB,AP-2,AP MVP-2,AP OPoY-2"
570,Lance Briggs,29,CHI,LLB,15,15,1.0,0.0,0.0,0.0,5,0,0,0,0,0,2.5,118,93,25,7.0,5.0,0.0,"PB,AP-2"
571,Eben Britton,22,JAX,RT,15,15,0.0,0.0,0.0,0.0,0,0,0,1,0,0,0.0,0,0,0,0.0,0.0,0.0,
572,Tony Brown,29,TEN,RDT,15,15,0.0,0.0,0.0,0.0,1,3,0,1,0,0,5.0,38,28,10,8.0,12.0,0.0,
573,Matt Cassel,27,KAN,QB,15,15,0.0,0.0,0.0,0.0,0,0,14,4,-29,0,0.0,0,0,0,0.0,0.0,0.0,
574,Ryan Clark,30,PIT,FS,15,15,3.0,0.0,0.0,0.0,8,0,0,0,0,0,0.0,89,68,21,0.0,0.0,0.0,
575,Louis Delmas,22,DET,FS,15,15,2.0,130.0,1.0,101.0,8,0,0,1,65,1,1.0,94,65,29,7.0,3.0,1.0,
576,Ryan Diem,30,IND,RT,15,15,0.0,0.0,0.0,0.0,0,0,0,1,0,0,0.0,0,0,0,0.0,0.0,0.0,
577,Shaun Ellis,32,NYJ,LDE,15,15,0.0,0.0,0.0,0.0,1,1,1,0,1,0,6.5,53,35,18,8.0,8.0,0.0,PB
578,Brandon Flowers,23,KAN,LCB,15,15,5.0,38.0,0.0,33.0,23,2,0,2,0,0,0.0,65,58,7,4.0,0.0,0.0,
579,Robert Geathers,26,CIN,LDE,15,15,0.0,0.0,0.0,0.0,3,1,0,2,113,1,3.5,36,21,15,4.0,9.0,0.0,
580,Tommie Harris,26,CHI,LDT,15,15,1.0,6.0,0.0,6.0,1,0,0,1,0,0,2.5,24,19,5,10.0,7.0,0.0,
581,Jovan Haye,27,TEN,LDT,15,15,0.0,0.0,0.0,0.0,0,0,0,0,0,0,0.5,32,20,12,2.0,2.0,0.0,
582,John Henderson,30,JAX,LDT,15,15,0.0,0.0,0.0,0.0,3,2,0,1,0,0,3.0,36,26,10,4.0,6.0,0.0,
583,Renaldo Hill,31,DEN,SS,15,15,2.0,18.0,0.0,18.0,6,1,0,0,0,0,2.0,59,44,15,3.0,2.0,0.0,
584,DeSean Jackson,23,PHI,WR,15,15,0.0,0.0,0.0,0.0,0,0,3,1,0,0,0.0,0,0,0,0.0,0.0,0.0,"PB,AP-2"
585,Jamaal Jackson,29,PHI,C,15,15,0.0,0.0,0.0,0.0,0,0,0,1,0,0,0.0,0,0,0,0.0,0.0,0.0,
586,Steven Jackson,26,STL,RB,15,15,0.0,0.0,0.0,0.0,0,0,2,1,-2,0,0.0,0,0,0,0.0,0.0,0.0,"PB,AP-2"
587,Vincent Jackson,26,SDG,WR,15,15,0.0,0.0,0.0,0.0,0,0,0,1,0,0,0.0,0,0,0,0.0,0.0,0.0,PB
588,Brandon Jacobs,27,NYG,RB,15,15,0.0,0.0,0.0,0.0,0,0,2,1,0,0,0.0,0,0,0,0.0,0.0,0.0,
589,Antonio Johnson,25,IND,RDT,15,15,0.0,0.0,0.0,0.0,0,0,0,0,0,0,1.0,34,23,11,2.0,2.0,0.0,
590,Chris Johnson,30,OAK,LCB,15,15,3.0,20.0,0.0,20.0,18,0,0,0,0,0,0.0,68,59,9,1.0,1.0,0.0,
591,Tyrell Johnson,24,MIN,SS,15,15,1.0,0.0,0.0,0.0,7,0,0,1,0,0,0.0,57,48,9,2.0,0.0,0.0,
592,Brett Keisel,31,PIT,RDE,15,15,0.0,0.0,0.0,0.0,2,1,0,2,0,0,3.0,54,36,18,4.0,5.0,0.0,
593,LaRon Landry,25,WAS,FS,15,15,1.0,12.0,0.0,12.0,6,2,0,0,0,0,1.0,90,78,12,3.0,2.0,0.0,
594,Marcedes Lewis,25,JAX,TE,15,15,0.0,0.0,0.0,0.0,0,0,1,0,0,0,0.0,0,0,0,0.0,0.0,0.0,
595,Michael Lewis,29,SFO,SS,15,15,1.0,0.0,0.0,0.0,2,2,0,1,0,0,1.0,82,71,11,3.0,4.0,0.0,
596,Rey Maualuga,22,CIN,LLB,15,15,0.0,0.0,0.0,0.0,2,3,0,0,0,0,1.0,63,39,24,6.0,1.0,0.0,
597,Brandon Mebane,24,SEA,LDT,15,15,0.0,0.0,0.0,0.0,0,0,0,0,0,0,1.5,49,41,8,8.0,6.0,0.0,
598,Zach Miller,24,OAK,TE,15,15,0.0,0.0,0.0,0.0,0,0,0,1,0,0,0.0,0,0,0,0.0,0.0,0.0,
599,Jason Peters,27,PHI,LT,15,15,0.0,0.0,0.0,0.0,0,0,0,1,0,0,0.0,0,0,0,0.0,0.0,0.0,PB
600,Ben Roethlisberger,27,PIT,QB,15,15,0.0,0.0,0.0,0.0,0,0,7,2,-6,0,0.0,0,0,0,0.0,0.0,0.0,
601,Antrel Rolle,27,ARI,FS,15,15,4.0,71.0,0.0,29.0,8,1,1,1,0,0,1.5,72,61,11,3.0,4.0,0.0,PB
602,Mark Sanchez,23,NYJ,QB,15,15,0.0,0.0,0.0,0.0,0,0,10,2,0,0,0.0,0,0,0,,,0.0,
603,Gerald Sensabaugh,26,DAL,SS,15,15,1.0,0.0,0.0,0.0,8,0,0,0,0,0,0.0,66,47,19,0.0,0.0,0.0,
604,Robaire Smith,32,CLE,RDE,15,15,0.0,0.0,0.0,0.0,0,0,0,0,0,0,1.5,62,43,19,1.0,7.0,0.0,
605,Steve Smith Sr.,30,CAR,WR,15,15,0.0,0.0,0.0,0.0,0,0,1,1,0,0,0.0,0,0,0,0.0,0.0,0.0,
606,Takeo Spikes,33,SFO,LILB,15,15,0.0,0.0,0.0,0.0,1,0,0,1,0,0,4.0,75,57,18,7.0,5.0,0.0,
607,David Stewart,27,TEN,RT,15,15,0.0,0.0,0.0,0.0,0,0,0,1,0,0,0.0,0,0,0,0.0,0.0,0.0,
608,Marcus Stroud,31,BUF,LDT,15,15,0.0,0.0,0.0,0.0,8,0,0,1,0,0,2.0,56,38,18,7.0,4.0,0.0,
609,Aqib Talib,23,TAM,LCB,15,15,5.0,99.0,0.0,32.0,15,0,0,1,-5,0,0.0,64,56,8,2.0,0.0,0.0,
610,Charles Tillman,28,CHI,LCB,15,15,2.0,35.0,1.0,21.0,7,6,0,1,0,0,0.0,79,66,13,3.0,0.0,0.0,
611,Jonathan Vilma,27,NOR,MLB,15,15,3.0,25.0,0.0,11.0,8,0,0,0,0,0,2.0,110,87,23,10.0,10.0,0.0,PB
612,Kurt Warner,38,ARI,QB,15,15,0.0,0.0,0.0,0.0,0,0,11,0,-2,0,0.0,0,0,0,0.0,0.0,0.0,
613,Brian Waters,32,KAN,LG,15,15,0.0,0.0,0.0,0.0,0,0,0,3,0,0,0.0,0,0,0,0.0,0.0,0.0,
614,Jimmy Wilkerson,28,TAM,LDE,15,15,0.0,0.0,0.0,0.0,2,2,0,0,0,0,6.0,46,29,17,3.0,14.0,0.0,
615,Pat Williams,37,MIN,LDT,15,15,0.0,0.0,0.0,0.0,3,2,0,0,0,0,2.0,45,34,11,7.0,3.0,0.0,
616,Kamerion Wimbley,26,CLE,LOLB,15,15,0.0,0.0,0.0,0.0,1,1,0,0,0,0,6.5,69,48,21,8.0,14.0,0.0,
617,Leigh Bodden,28,NWE,RCB,15,14,5.0,60.0,1.0,53.0,19,0,0,2,0,0,0.0,56,48,8,1.0,0.0,0.0,
618,Jermon Bushrod,25,NOR,LT,15,14,0.0,0.0,0.0,0.0,0,0,0,0,0,0,0.0,1,1,0,0.0,0.0,0.0,
619,Glenn Dorsey,24,KAN,RDE,15,14,0.0,0.0,0.0,0.0,2,0,0,3,0,0,1.0,54,41,13,3.0,3.0,0.0,
620,Michael Johnson,25,NYG,SS,15,14,1.0,0.0,0.0,0.0,4,0,0,1,0,0,1.0,59,46,13,6.0,2.0,0.0,
621,Patrick Kerney,33,SEA,LDE,15,14,0.0,0.0,0.0,0.0,0,3,0,0,0,0,5.0,34,23,11,6.0,9.0,0.0,
622,Mike Sims-Walker,25,JAX,WR,15,14,0.0,0.0,0.0,0.0,0,0,2,0,0,0,0.0,0,0,0,0.0,0.0,0.0,
623,Scott Wells,28,GNB,C,15,14,0.0,0.0,0.0,0.0,0,0,1,0,0,0,0.0,0,0,0,0.0,0.0,0.0,
624,Remi Ayodele,26,NOR,LDT,15,13,0.0,0.0,0.0,0.0,0,0,0,1,0,1,1.5,30,18,12,2.0,4.0,0.0,
625,Geno Hayes,22,TAM,RLB,15,13,2.0,21.0,0.0,20.0,6,1,0,1,0,0,3.0,98,80,18,15.0,12.0,0.0,
626,Grady Jackson,36,DET,LDT,15,13,0.0,0.0,0.0,0.0,0,0,0,0,0,0,0.0,32,20,12,3.0,1.0,0.0,
627,Roy Williams,28,DAL,WR,15,13,0.0,0.0,0.0,0.0,0,0,1,0,0,0,0.0,0,0,0,,,0.0,
628,Torry Holt,33,JAX,WR,15,12,0.0,0.0,0.0,0.0,0,0,1,0,0,0,0.0,0,0,0,,,0.0,
629,Glover Quin,23,HOU,LCB,15,12,0.0,0.0,0.0,0.0,11,0,0,0,0,0,0.0,68,56,12,3.0,0.0,0.0,
630,Chris Gocong,26,PHI,RLB,15,11,0.0,0.0,0.0,0.0,2,1,0,0,0,0,1.0,44,35,9,2.0,2.0,0.0,
631,Gerald Alexander,25,JAX,SS,15,10,2.0,23.0,0.0,22.0,5,3,0,1,0,0,0.0,55,45,10,0.0,0.0,0.0,
632,Jamaal Charles,23,KAN,RB,15,10,0.0,0.0,0.0,0.0,0,0,4,3,0,0,0.0,5,5,0,0.0,0.0,0.0,
633,J.P. Foschi,27,CIN,TE,15,10,0.0,0.0,0.0,0.0,0,0,1,0,0,0,0.0,0,0,0,0.0,0.0,0.0,
634,Jacob Hester,24,SDG,FB,15,10,0.0,0.0,0.0,0.0,0,1,1,1,41,1,0.0,7,7,0,0.0,0.0,0.0,
635,Paris Lenon,32,STL,RLB,15,10,0.0,0.0,0.0,0.0,1,3,0,0,0,0,0.0,42,35,7,3.0,0.0,0.0,
636,Danieal Manning,27,CHI,FS,15,10,1.0,35.0,0.0,35.0,2,3,0,3,4,0,1.0,91,71,20,1.0,1.0,1.0,
637,Sean Jones,27,PHI,FS,15,9,2.0,37.0,0.0,37.0,5,0,0,2,-1,0,1.0,62,45,17,3.0,3.0,0.0,
638,Tony Scheffler,26,DEN,TE,15,9,1.0,5.0,0.0,5.0,1,0,0,0,0,0,0.0,1,0,1,0.0,0.0,0.0,
639,Ben Hamilton,32,DEN,LG,15,8,0.0,0.0,0.0,0.0,0,0,0,1,0,0,0.0,0,0,0,0.0,0.0,0.0,
640,Victor Harris,23,PHI,FS,15,8,0.0,0.0,0.0,0.0,3,0,2,0,0,0,0.0,41,38,3,3.0,0.0,0.0,
641,Percy Harvin,21,MIN,WR,15,8,0.0,0.0,0.0,0.0,0,0,1,0,0,0,0.0,0,0,0,0.0,0.0,0.0,"PB,AP ORoY-1"
642,Justin Peelle,30,ATL,TE,15,8,0.0,0.0,0.0,0.0,0,0,0,1,0,0,0.0,1,1,0,0.0,0.0,0.0,
643,Tyler Polumbus,24,DEN,RT,15,8,0.0,0.0,0.0,0.0,0,0,1,1,0,0,0.0,0,0,0,0.0,0.0,0.0,
644,Stylez G. White,30,TAM,RDE,15,8,0.0,0.0,0.0,0.0,1,0,0,0,0,0,6.5,43,30,13,,,0.0,
645,Reed Doughty,27,WAS,SS,15,7,1.0,13.0,0.0,13.0,3,0,0,1,0,0,2.0,91,75,16,6.0,2.0,0.0,
646,Kevin Faulk,33,NWE,RB,15,7,0.0,0.0,0.0,0.0,0,0,1,0,0,0,0.0,0,0,0,0.0,0.0,0.0,
647,Justin King,22,STL,RCB,15,7,0.0,0.0,0.0,0.0,2,0,0,1,0,0,0.0,36,33,3,0.0,2.0,0.0,
648,Mike Sellers,34,WAS,FB,15,7,0.0,0.0,0.0,0.0,0,0,1,1,0,0,0.0,9,6,3,0.0,0.0,0.0,
649,Maurice Stovall,24,TAM,WR,15,7,0.0,0.0,0.0,0.0,0,0,0,0,0,0,0.0,6,6,0,0.0,0.0,0.0,
650,Steve Breaston,26,ARI,WR,15,6,0.0,0.0,0.0,0.0,0,0,2,1,0,0,0.0,0,0,0,0.0,0.0,0.0,
651,Atiyyah Ellison,28,JAX,LDE,15,6,,,,,1,0,0,0,0,0,,16,15,1,2.0,3.0,,
652,Fred Smoot,30,WAS,RCB,15,6,0.0,0.0,0.0,0.0,6,0,0,0,0,0,0.0,28,22,6,0.0,0.0,0.0,
653,Gaines Adams,26,2TM,RDE,15,5,0.0,0.0,0.0,0.0,3,2,0,1,0,0,1.0,17,12,5,3.0,4.0,0.0,
653,Gaines Adams,26,TAM,DE,5,5,0.0,0.0,0.0,0.0,2,1,0,1,0,0,1.0,10,8,2,3.0,4.0,0.0,
653,Gaines Adams,26,CHI,RDE,10,0,0.0,0.0,0.0,0.0,1,1,0,0,0,0,0.0,7,4,3,0.0,0.0,0.0,
654,Bertrand Berry,34,ARI,DE,15,5,0.0,0.0,0.0,0.0,0,0,0,2,7,0,6.0,10,9,1,7.0,6.0,0.0,
655,Johnnie Lee Higgins,26,OAK,WR,15,5,0.0,0.0,0.0,0.0,0,0,4,1,0,0,0.0,2,2,0,,,0.0,
656,Tim Jennings,26,IND,LCB,15,5,2.0,13.0,0.0,13.0,10,0,1,0,0,0,0.0,57,44,13,2.0,0.0,0.0,
657,Laurence Maroney,24,NWE,RB,15,5,0.0,0.0,0.0,0.0,0,1,4,0,0,0,0.0,1,1,0,0.0,0.0,0.0,
658,LaJuan Ramsey,25,STL,LDT,15,5,0.0,0.0,0.0,0.0,0,1,0,0,0,0,1.0,16,13,3,7.0,3.0,0.0,
659,Tim Crowder,24,TAM,DE,15,4,0.0,0.0,0.0,0.0,2,0,0,1,0,0,3.5,43,37,6,2.0,7.0,0.0,
660,Corey McIntyre,30,BUF,FB,15,4,0.0,0.0,0.0,0.0,0,0,0,0,0,0,0.0,10,10,0,0.0,0.0,0.0,
661,Captain Munnerlyn,21,CAR,DB,15,4,0.0,0.0,0.0,0.0,1,1,2,2,0,0,0.0,44,39,5,0.0,0.0,0.0,
662,Tony Stewart,30,OAK,TE,15,4,0.0,0.0,0.0,0.0,0,0,0,1,0,0,0.0,11,10,1,0.0,0.0,0.0,
663,Jonathan Wade,25,STL,DB,15,4,0.0,0.0,0.0,0.0,3,0,0,0,0,0,0.0,20,16,4,0.0,1.0,0.0,
664,Tom Zbikowski,24,BAL,DB,15,4,2.0,13.0,0.0,21.0,4,0,0,0,0,0,0.0,29,24,5,0.0,0.0,0.0,
665,Derrick Johnson,27,KAN,LB,15,3,3.0,175.0,2.0,70.0,5,1,0,0,0,0,1.0,37,30,7,2.0,1.0,0.0,
666,Elbert Mack,23,TAM,WR,15,3,3.0,36.0,0.0,36.0,4,0,0,0,0,0,0.0,29,26,3,0.0,0.0,0.0,
667,Jason McCourty,22,TEN,DB,15,3,0.0,0.0,0.0,0.0,0,1,0,0,0,0,0.0,30,25,5,3.0,0.0,0.0,
668,Brady Poppinga,30,GNB,LB,15,3,0.0,0.0,0.0,0.0,0,0,0,0,0,0,1.0,23,16,7,1.0,1.0,0.0,
669,Cory Redding,29,SEA,DE,15,3,0.0,0.0,0.0,0.0,0,0,0,2,29,0,2.0,20,18,2,1.0,12.0,0.0,
670,Travis Beckum,22,NYG,TE,15,2,0.0,0.0,0.0,0.0,0,0,0,0,0,0,0.0,2,2,0,0.0,0.0,0.0,
671,Aaron Brown,24,DET,RB,15,2,0.0,0.0,0.0,0.0,0,0,0,0,0,0,0.0,1,0,1,0.0,0.0,0.0,
672,Terrance Copper,27,KAN,WR,15,2,0.0,0.0,0.0,0.0,0,0,0,0,0,0,0.0,16,14,2,0.0,0.0,0.0,
673,Nic Harris,23,BUF,DB,15,2,0.0,0.0,0.0,0.0,0,0,0,1,16,0,0.0,30,22,8,3.0,0.0,0.0,
674,Brian Iwuh,25,JAX,LB,15,2,0.0,0.0,0.0,0.0,0,0,0,0,0,0,0.0,29,23,6,1.0,1.0,0.0,
675,Chevis Jackson,24,ATL,DB,15,2,0.0,0.0,0.0,0.0,2,1,0,1,0,0,1.0,29,26,3,2.0,1.0,0.0,
676,Justin Tryon,25,WAS,DB,15,2,1.0,3.0,0.0,3.0,3,0,0,0,0,0,1.0,27,22,5,1.0,1.0,0.0,
677,Nathan Vasher,28,CHI,DB,15,2,1.0,1.0,0.0,1.0,1,0,0,0,0,0,0.0,15,10,5,0.0,0.0,0.0,
678,Kelley Washington,30,BAL,WR,15,2,0.0,0.0,0.0,0.0,0,0,0,0,0,0,0.0,1,1,0,0.0,0.0,0.0,
679,Robert Ayers,24,DEN,DE,15,1,0.0,0.0,0.0,0.0,2,0,0,2,54,1,0.0,19,14,5,2.0,5.0,0.0,
680,Ahmad Bradshaw,23,NYG,RB,15,1,0.0,0.0,0.0,0.0,0,0,3,1,-1,0,0.0,0,0,0,0.0,0.0,0.0,
681,Everette Brown,22,CAR,DE,15,1,0.0,0.0,0.0,0.0,2,2,0,0,0,0,2.5,22,15,7,4.0,10.0,0.0,
682,Tim Bulman,27,HOU,DT,15,1,0.0,0.0,0.0,0.0,1,0,0,0,0,0,0.0,18,12,6,1.0,3.0,0.0,
683,Drew Coleman,26,NYJ,DB,15,1,0.0,0.0,0.0,0.0,4,0,0,0,0,0,0.0,22,15,7,0.0,1.0,0.0,
684,Mike DeVito,25,NYJ,DE,15,1,0.0,0.0,0.0,0.0,0,0,0,3,7,0,0.0,28,20,8,1.0,1.0,0.0,
685,Adam Hayward,25,TAM,LB,15,1,0.0,0.0,0.0,0.0,0,0,0,0,0,0,0.0,23,19,4,0.0,1.0,0.0,
686,Rashad Jeanty,26,CIN,LB,15,1,0.0,0.0,0.0,0.0,0,0,0,0,0,0,0.0,20,13,7,1.0,2.0,0.0,
687,Alex Magee,22,KAN,DT,15,1,0.0,0.0,0.0,0.0,0,0,0,0,0,0,2.0,8,6,2,1.0,4.0,0.0,
688,Roy Miller,22,TAM,DT,15,1,0.0,0.0,0.0,0.0,1,0,0,0,0,0,2.0,34,28,6,4.0,6.0,0.0,
689,Legedu Naanee,26,SDG,WR,15,1,0.0,0.0,0.0,0.0,0,0,0,0,0,0,0.0,4,2,2,0.0,0.0,0.0,
690,Chris Reis,26,NOR,DB,15,1,1.0,33.0,0.0,33.0,1,0,0,1,0,0,0.0,17,14,3,0.0,1.0,0.0,
691,Owen Schmitt,24,SEA,RB,15,1,0.0,0.0,0.0,0.0,0,0,0,0,0,0,0.0,6,5,1,0.0,0.0,0.0,
692,Byron Westbrook,24,WAS,DB,15,1,0.0,0.0,0.0,0.0,1,0,1,0,0,0,0.0,12,11,1,0.0,0.0,0.0,
693,Arnaz Battle,29,SFO,WR,15,0,0.0,0.0,0.0,0.0,0,1,6,2,0,0,0.0,9,9,0,0.0,0.0,0.0,
694,Rocky Bernard,30,NYG,DT,15,0,0.0,0.0,0.0,0.0,0,0,0,0,0,0,1.0,22,16,6,3.0,2.0,0.0,
695,Joe Burnett,23,PIT,DB,15,0,0.0,0.0,0.0,0.0,0,0,0,0,0,0,0.0,17,12,5,0.0,0.0,0.0,
696,James Casey,25,HOU,TE,15,0,0.0,0.0,0.0,0.0,0,0,0,0,0,0,0.0,6,5,1,1.0,0.0,0.0,
697,Jacob Ford,26,TEN,LB,15,0,0.0,0.0,0.0,0.0,1,1,0,0,0,0,5.5,22,16,6,7.0,12.0,0.0,
698,Samkon Gado,27,STL,RB,15,0,0.0,0.0,0.0,0.0,0,0,0,0,0,0,0.0,3,2,1,0.0,0.0,0.0,
699,Kyries Hebert,29,CIN,DB,15,0,0.0,0.0,0.0,0.0,0,0,0,0,0,0,0.0,20,14,6,1.0,0.0,0.0,
700,Israel Idonije,29,CHI,DE,15,0,0.0,0.0,0.0,0.0,0,1,0,0,0,0,2.5,18,13,5,2.0,5.0,0.0,
701,James Ihedigbo,26,NYJ,DB,15,0,0.0,0.0,0.0,0.0,0,1,0,0,0,0,2.0,19,12,7,1.0,4.0,0.0,
702,Johnny Knox,23,CHI,WR,15,0,0.0,0.0,0.0,0.0,0,0,3,1,0,0,0.0,1,1,0,0.0,0.0,0.0,PB
703,Don Muhlbach,28,DET,LS,15,0,0.0,0.0,0.0,0.0,0,1,0,0,0,0,0.0,6,5,1,0.0,0.0,0.0,
704,Rob Ninkovich,25,NWE,LB,15,0,0.0,0.0,0.0,0.0,2,0,0,0,0,0,1.0,24,14,10,3.0,2.0,0.0,
705,Richard Quinn,23,DEN,TE,15,0,0.0,0.0,0.0,0.0,0,0,0,0,0,0,0.0,2,1,1,0.0,0.0,0.0,
706,David Roach,24,STL,DB,15,0,0.0,0.0,0.0,0.0,0,0,1,0,0,0,0.0,15,14,1,2.0,1.0,0.0,
707,Michael Robinson,26,SFO,FB,15,0,0.0,0.0,0.0,0.0,0,0,0,0,0,0,0.0,12,10,2,0.0,0.0,0.0,
708,Courtney Roby,26,NOR,WR,15,0,0.0,0.0,0.0,0.0,0,0,2,0,0,0,0.0,13,13,0,0.0,0.0,0.0,
709,T.J. Rushing,26,IND,DB,15,0,0.0,0.0,0.0,0.0,0,0,0,0,0,0,0.0,6,6,0,0.0,0.0,0.0,
710,Tim Shaw,25,CHI,LB,15,0,0.0,0.0,0.0,0.0,0,1,0,1,0,0,0.0,24,21,3,0.0,0.0,0.0,
711,Alphonso Smith,24,DEN,DB,15,0,0.0,0.0,0.0,0.0,3,0,0,0,0,0,0.0,14,9,5,1.0,0.0,0.0,
712,Montavious Stanley,28,JAX,DT,15,0,0.0,0.0,0.0,0.0,3,0,0,0,0,0,1.0,20,18,2,1.0,2.0,0.0,
713,Dave Tollefson,27,NYG,DE,15,0,0.0,0.0,0.0,0.0,0,0,0,0,0,0,1.0,17,14,3,2.0,4.0,0.0,
714,Dante Wesley,30,CAR,DB,15,0,0.0,0.0,0.0,0.0,3,0,0,2,0,0,1.0,12,11,1,1.0,2.0,0.0,
715,Branden Albert,25,KAN,LT,14,14,0.0,0.0,0.0,0.0,0,0,0,1,0,0,0.0,0,0,0,0.0,0.0,0.0,
716,Sam Baker,24,ATL,LT,14,14,0.0,0.0,0.0,0.0,0,0,0,1,0,0,0.0,0,0,0,0.0,0.0,0.0,
717,Gary Brackett,29,IND,MLB,14,14,1.0,8.0,0.0,8.0,5,0,0,1,0,0,1.0,99,80,19,4.0,7.0,0.0,
718,Keith Bulluck,32,TEN,RLB,14,14,3.0,45.0,0.0,23.0,7,0,0,1,0,0,0.0,108,81,27,3.0,0.0,0.0,
719,Luis Castillo,26,SDG,RDE,14,14,0.0,0.0,0.0,0.0,0,0,0,0,0,0,2.0,25,17,8,3.0,1.0,0.0,
720,Greg Ellis,34,OAK,RDE,14,14,0.0,0.0,0.0,0.0,1,2,0,2,0,0,7.0,29,25,4,7.0,11.0,0.0,
721,Anthony Fasano,25,MIA,TE,14,14,0.0,0.0,0.0,0.0,0,0,2,0,0,0,0.0,0,0,0,0.0,0.0,0.0,
722,Larry Foote,29,DET,MLB,14,14,0.0,0.0,0.0,0.0,4,1,0,1,0,0,2.0,99,70,29,11.0,3.0,0.0,
723,Frank Gore,26,SFO,RB,14,14,0.0,0.0,0.0,0.0,0,0,4,1,0,0,0.0,0,0,0,0.0,0.0,0.0,PB
724,Cornelius Griffin,33,WAS,LDT,14,14,0.0,0.0,0.0,0.0,1,1,0,0,0,0,2.0,34,22,12,4.0,3.0,0.0,
725,James Hall,32,STL,RDE,14,14,0.0,0.0,0.0,0.0,1,0,0,0,0,0,4.5,42,39,3,6.0,9.0,0.0,
726,Matt Hasselbeck,34,SEA,QB,14,14,0.0,0.0,0.0,0.0,0,0,11,5,-17,0,0.0,0,0,0,0.0,0.0,0.0,
727,Calvin Johnson,24,DET,WR,14,14,0.0,0.0,0.0,0.0,0,0,3,0,0,0,0.0,0,0,0,0.0,0.0,0.0,
728,Julius Jones,28,SEA,RB,14,14,0.0,0.0,0.0,0.0,0,0,0,2,0,0,0.0,0,0,0,0.0,0.0,0.0,
729,Ryan McBean,25,DEN,LDE,14,14,0.0,0.0,0.0,0.0,0,0,0,0,0,0,0.0,25,18,7,2.0,2.0,0.0,
730,Donovan McNabb,33,PHI,QB,14,14,0.0,0.0,0.0,0.0,0,0,10,3,-12,0,0.0,0,0,0,0.0,0.0,0.0,PB
731,Shawne Merriman,25,SDG,ROLB,14,14,0.0,0.0,0.0,0.0,0,0,0,1,0,0,4.0,36,26,10,5.0,6.0,0.0,
732,Adewale Ogunleye,32,CHI,LDE,14,14,0.0,0.0,0.0,0.0,0,0,0,3,-2,0,6.5,38,26,12,7.0,15.0,0.0,
733,Joey Porter,32,MIA,ROLB,14,14,0.0,0.0,0.0,0.0,1,1,0,1,0,0,9.0,41,34,7,10.0,13.0,0.0,
734,Matt Ryan,24,ATL,QB,14,14,0.0,0.0,0.0,0.0,0,0,5,2,0,0,0.0,0,0,0,0.0,0.0,0.0,
735,Clint Session,25,IND,RLB,14,14,2.0,35.0,1.0,27.0,5,1,0,0,0,0,0.5,102,83,19,3.0,4.0,0.0,
736,Rich Seubert,30,NYG,LG,14,14,0.0,0.0,0.0,0.0,0,0,0,1,0,0,0.0,0,0,0,0.0,0.0,0.0,
737,Scott Shanle,30,NOR,RLB,14,14,2.0,16.0,0.0,13.0,3,0,0,2,12,0,0.0,69,57,12,3.0,0.0,0.0,
738,Darren Sharper,34,NOR,FS,14,14,9.0,376.0,3.0,99.0,15,0,0,0,0,0,0.5,71,51,20,1.0,2.0,0.0,"PB,AP-1,AP DPoY-3"
739,Rob Sims,26,SEA,LG,14,14,0.0,0.0,0.0,0.0,0,0,0,1,0,0,0.0,0,0,0,0.0,0.0,0.0,
740,Chris Spencer,27,SEA,C,14,14,0.0,0.0,0.0,0.0,0,0,1,0,-2,0,0.0,0,0,0,0.0,0.0,0.0,
741,John St. Clair,32,CLE,RT,14,14,0.0,0.0,0.0,0.0,0,0,0,1,0,0,0.0,0,0,0,0.0,0.0,0.0,
742,LaDainian Tomlinson,30,SDG,RB,14,14,0.0,0.0,0.0,0.0,0,0,2,0,0,0,0.0,0,0,0,,,0.0,
743,Louis Vasquez,22,SDG,RG,14,14,0.0,0.0,0.0,0.0,0,0,0,1,0,0,0.0,0,0,0,0.0,0.0,0.0,
744,Mike Vrabel,34,KAN,LOLB,14,14,0.0,0.0,0.0,0.0,6,2,0,1,0,0,2.0,52,43,9,2.0,2.0,0.0,
745,Kyle Williams,26,BUF,RDT,14,14,0.0,0.0,0.0,0.0,0,1,0,0,0,0,4.0,66,41,25,14.0,13.0,0.0,
746,Shaun Cody,26,HOU,LDT,14,13,0.0,0.0,0.0,0.0,1,0,0,0,0,0,0.5,21,12,9,1.0,2.0,0.0,
747,Drayton Florence,29,BUF,RCB,14,13,1.0,7.0,0.0,7.0,11,0,0,0,0,0,0.0,60,49,11,4.0,0.0,0.0,
748,Pierre Garcon,23,IND,WR,14,13,0.0,0.0,0.0,0.0,0,0,1,0,0,0,0.0,0,0,0,0.0,0.0,0.0,
749,Gerald Hayes,29,ARI,RILB,14,13,0.0,0.0,0.0,0.0,0,0,0,0,0,0,0.0,63,50,13,7.0,0.0,0.0,
750,Chad Henne,24,MIA,QB,14,13,0.0,0.0,0.0,0.0,0,0,4,2,-6,0,0.0,0,0,0,0.0,0.0,0.0,
751,Hunter Hillenmeyer,29,CHI,MLB,14,13,1.0,0.0,0.0,0.0,5,4,0,1,-1,0,2.5,90,65,25,5.0,6.0,0.0,
752,Tank Johnson,28,CIN,RDT,14,13,0.0,0.0,0.0,0.0,1,0,0,0,0,0,2.0,29,16,13,2.0,5.0,0.0,
753,Nick Kaczur,30,NWE,RT,14,13,0.0,0.0,0.0,0.0,0,0,0,1,0,0,0.0,0,0,0,0.0,0.0,0.0,
754,Haloti Ngata,25,BAL,LDE,14,13,0.0,0.0,0.0,0.0,1,1,0,1,0,0,1.5,35,26,9,7.0,7.0,0.0,"PB,AP-2"
755,Lawrence Timmons,23,PIT,RILB,14,13,0.0,0.0,0.0,0.0,4,4,0,0,0,0,7.0,78,56,22,7.0,9.0,0.0,
756,Wes Welker,28,NWE,WR,14,13,0.0,0.0,0.0,0.0,0,0,2,2,0,0,0.0,0,0,0,0.0,0.0,0.0,"PB,AP-1"
757,Melvin Bullitt,25,IND,SS,14,12,0.0,0.0,0.0,0.0,1,1,0,0,0,0,0.0,77,63,14,1.0,1.0,0.0,
758,Mark Clayton,27,BAL,WR,14,12,0.0,0.0,0.0,0.0,0,0,1,0,0,0,0.0,0,0,0,0.0,0.0,0.0,
759,Jerricho Cotchery,27,NYJ,WR,14,12,0.0,0.0,0.0,0.0,0,0,1,1,0,0,0.0,0,0,0,0.0,0.0,0.0,
760,Aaron Curry,23,SEA,RLB,14,12,0.0,0.0,0.0,0.0,6,2,0,0,0,0,2.0,61,54,7,6.0,8.0,0.0,
761,Ryan O'Callaghan,26,KAN,RT,14,12,0.0,0.0,0.0,0.0,0,0,0,1,0,0,0.0,0,0,0,0.0,0.0,0.0,
762,Eddie Royal,23,DEN,WR,14,12,0.0,0.0,0.0,0.0,0,0,1,0,0,0,0.0,0,0,0,0.0,0.0,0.0,
763,Jairus Byrd,23,BUF,FS,14,11,9.0,118.0,0.0,37.0,11,0,0,0,0,0,0.0,45,33,12,0.0,0.0,0.0,"PB,AP DRoY-2"
764,Na'il Diggs,31,CAR,LLB,14,11,0.0,0.0,0.0,0.0,1,1,0,0,0,0,0.0,39,33,6,3.0,2.0,0.0,
765,Adalius Thomas,32,NWE,ROLB,14,11,0.0,0.0,0.0,0.0,2,0,0,0,0,0,3.0,34,26,8,7.0,6.0,0.0,
766,Mario Manningham,23,NYG,WR,14,10,0.0,0.0,0.0,0.0,0,0,1,0,0,0,0.0,0,0,0,0.0,0.0,0.0,
767,Bo Scaife,28,TEN,TE,14,10,0.0,0.0,0.0,0.0,0,0,1,0,0,0,0.0,0,0,0,,,0.0,
768,Devin Thomas,23,WAS,WR,14,10,0.0,0.0,0.0,0.0,0,1,0,0,0,0,0.0,4,4,0,0.0,0.0,0.0,
769,Dwight Freeney,29,IND,RDE,14,9,0.0,0.0,0.0,0.0,1,1,0,0,0,0,13.5,24,19,5,13.0,22.0,0.0,"PB,AP-1"
770,Jason Hunter,26,DET,LDE,14,9,0.0,0.0,0.0,0.0,3,0,0,2,0,0,5.0,34,27,7,9.0,11.0,0.0,
771,Robert Mathis,28,IND,LDE,14,9,0.0,0.0,0.0,0.0,2,5,0,0,0,0,9.5,37,24,13,4.0,19.0,0.0,PB
772,Jon McGraw,30,KAN,FS,14,9,1.0,27.0,0.0,27.0,1,0,0,1,0,0,1.0,46,42,4,4.0,2.0,0.0,
773,Reggie Bush,24,NOR,RB,14,8,0.0,0.0,0.0,0.0,0,0,4,2,0,0,0.0,0,0,0,0.0,0.0,0.0,
774,Craig Dahl,24,STL,FS,14,8,0.0,0.0,0.0,0.0,3,0,0,2,0,0,2.0,65,57,8,5.0,4.0,0.0,
775,Dante Rosario,25,CAR,TE,14,8,0.0,0.0,0.0,0.0,0,0,0,1,0,0,0.0,3,3,0,0.0,0.0,0.0,
776,Jonathan Wilhite,25,NWE,LCB,14,8,2.0,17.0,0.0,17.0,5,0,0,1,0,0,0.0,45,37,8,1.0,0.0,0.0,
777,Sam Aiken,29,NWE,WR,14,7,0.0,0.0,0.0,0.0,0,1,0,0,0,0,0.0,9,6,3,0.0,0.0,0.0,
778,Correll Buckhalter,31,DEN,RB,14,7,0.0,0.0,0.0,0.0,0,0,3,0,0,0,0.0,0,0,0,0.0,0.0,0.0,
779,Quincy Butler,26,STL,RCB,14,7,0.0,0.0,0.0,0.0,5,0,1,0,0,0,0.0,28,25,3,0.0,0.0,0.0,
780,Randall Gay,27,NOR,LCB,14,7,1.0,25.0,0.0,25.0,5,0,0,0,0,0,1.0,37,32,5,2.0,2.0,0.0,
781,Jerome Harrison,26,CLE,RB,14,7,0.0,0.0,0.0,0.0,0,0,2,0,0,0,0.0,0,0,0,0.0,0.0,0.0,
782,Brad Jones,23,GNB,LOLB,14,7,0.0,0.0,0.0,0.0,1,0,0,0,0,0,4.0,33,26,7,6.0,8.0,0.0,
783,Ovie Mughelli,29,ATL,FB,14,7,0.0,0.0,0.0,0.0,0,0,0,0,0,0,0.0,1,0,1,0.0,0.0,0.0,
784,Anthony Henry,33,DET,LCB,14,6,2.0,26.0,0.0,26.0,7,0,0,0,0,0,0.0,46,38,8,0.0,0.0,0.0,
785,Malcolm Jenkins,22,NOR,RCB,14,6,1.0,14.0,0.0,14.0,4,2,0,1,0,0,0.0,55,49,6,0.0,2.0,0.0,
786,John Kuhn,27,GNB,FB,14,6,0.0,0.0,0.0,0.0,0,0,0,1,0,0,0.0,8,7,1,0.0,0.0,0.0,
787,Hakeem Nicks,21,NYG,WR,14,6,0.0,0.0,0.0,0.0,0,0,2,1,0,0,0.0,0,0,0,0.0,0.0,0.0,
788,Pierre Thomas,25,NOR,RB,14,6,0.0,0.0,0.0,0.0,0,0,2,0,0,0,0.0,1,1,0,0.0,0.0,0.0,
789,Deion Branch,30,SEA,WR,14,5,0.0,0.0,0.0,0.0,0,0,0,1,0,0,0.0,0,0,0,0.0,0.0,0.0,
790,Darius Butler,23,NWE,LCB,14,5,3.0,91.0,1.0,91.0,8,0,0,0,0,0,0.0,35,33,2,0.0,0.0,0.0,
791,James Sanders,26,NWE,FS,14,5,0.0,0.0,0.0,0.0,3,1,0,1,0,0,0.0,48,32,16,0.0,0.0,0.0,
792,Paul Soliai,26,MIA,NT,14,5,0.0,0.0,0.0,0.0,1,1,0,0,0,0,0.0,25,22,3,2.0,3.0,0.0,
793,Chris Brown,28,HOU,RB,14,4,0.0,0.0,0.0,0.0,0,0,1,0,0,0,0.0,0,0,0,,,0.0,
794,Landon Cohen,23,DET,DT,14,4,0.0,0.0,0.0,0.0,0,1,0,0,0,0,0.0,21,14,7,4.0,2.0,0.0,
795,Hiram Eugene,29,OAK,DB,14,4,1.0,0.0,0.0,0.0,3,0,0,1,0,0,0.0,43,38,5,0.0,0.0,0.0,
796,Daniel Fells,26,STL,TE,14,4,0.0,0.0,0.0,0.0,0,0,1,0,0,0,0.0,3,3,0,0.0,0.0,0.0,
797,Josh Reed,29,BUF,WR,14,4,0.0,0.0,0.0,0.0,0,0,3,1,0,0,0.0,0,0,0,0.0,0.0,0.0,
798,Mike Thomas,22,JAX,WR,14,4,0.0,0.0,0.0,0.0,0,0,1,1,0,0,0.0,0,0,0,0.0,0.0,0.0,
799,Lardarius Webb,24,BAL,DB,14,4,0.0,0.0,0.0,0.0,6,0,0,0,0,0,1.0,35,32,3,5.0,1.0,0.0,
800,Andre Fluellen,24,DET,DT,14,3,0.0,0.0,0.0,0.0,0,0,0,0,0,0,1.5,18,9,9,3.0,4.0,0.0,
801,Vernon Gholston,23,NYJ,DE,14,3,0.0,0.0,0.0,0.0,0,0,0,0,0,0,0.0,17,12,5,2.0,0.0,0.0,
802,Maurice Morris,30,DET,RB,14,3,0.0,0.0,0.0,0.0,0,0,1,1,0,0,0.0,0,0,0,0.0,0.0,0.0,
803,Willie Parker,29,PIT,RB,14,3,0.0,0.0,0.0,0.0,0,0,2,1,0,0,0.0,0,0,0,0.0,0.0,0.0,
804,Danny Amendola,24,STL,WR,14,2,0.0,0.0,0.0,0.0,0,0,4,1,0,0,0.0,0,0,0,0.0,0.0,0.0,
805,Glen Coffee,22,SFO,RB,14,2,0.0,0.0,0.0,0.0,0,0,0,0,0,0,0.0,10,7,3,0.0,0.0,0.0,
806,Tim Dobbins,27,SDG,LB,14,2,1.0,13.0,0.0,13.0,1,1,0,0,0,0,1.0,55,39,16,2.0,2.0,0.0,
807,Ali Highsmith,24,ARI,LB,14,2,0.0,0.0,0.0,0.0,0,0,0,0,0,0,0.0,13,9,4,2.0,0.0,0.0,
808,Peyton Hillis,23,DEN,RB,14,2,0.0,0.0,0.0,0.0,0,0,1,1,0,0,0.0,7,5,2,0.0,0.0,0.0,
809,Domenik Hixon,25,NYG,WR,14,2,0.0,0.0,0.0,0.0,0,0,3,0,0,0,0.0,7,6,1,0.0,0.0,0.0,
810,Kevin Hobbs,23,DET,DB,14,2,0.0,0.0,0.0,0.0,1,1,0,0,0,0,0.0,37,24,13,1.0,2.0,0.0,
811,Marvin Mitchell,25,NOR,LB,14,2,0.0,0.0,0.0,0.0,0,0,0,0,0,0,0.0,27,23,4,1.0,0.0,0.0,
812,Ryan Moats,27,HOU,RB,14,2,0.0,0.0,0.0,0.0,0,0,3,0,0,0,0.0,6,6,0,0.0,0.0,0.0,
813,Ryan Mouton,23,TEN,DB,14,2,0.0,0.0,0.0,0.0,0,0,4,2,0,0,0.0,23,19,4,1.0,0.0,0.0,
814,Ashlee Palmer,23,BUF,LB,14,2,0.0,0.0,0.0,0.0,1,0,0,0,0,0,0.0,24,19,5,1.0,0.0,0.0,
815,Jason Snelling,26,ATL,RB,14,2,0.0,0.0,0.0,0.0,0,0,2,0,0,0,0.0,2,1,1,0.0,0.0,0.0,
816,Jonathan Stupar,25,BUF,TE,14,2,0.0,0.0,0.0,0.0,0,0,0,0,0,0,0.0,3,3,0,0.0,0.0,0.0,
817,David Bruton,22,DEN,DB,14,1,0.0,0.0,0.0,0.0,1,1,0,0,0,0,0.0,14,12,2,0.0,1.0,0.0,
818,Andre' Davis,30,HOU,WR,14,1,0.0,0.0,0.0,0.0,0,0,0,2,0,0,0.0,12,10,2,0.0,0.0,0.0,
819,Felix Jones,22,DAL,RB,14,1,0.0,0.0,0.0,0.0,0,0,3,1,0,0,0.0,0,0,0,0.0,0.0,0.0,
820,Jacoby Jones,25,HOU,WR,14,1,0.0,0.0,0.0,0.0,0,0,2,1,0,0,0.0,0,0,0,0.0,0.0,0.0,
821,Bryan Kehl,25,NYG,LB,14,1,0.0,0.0,0.0,0.0,0,0,0,2,0,0,0.0,22,16,6,0.0,1.0,0.0,
822,Brian Leonard,25,CIN,RB,14,1,0.0,0.0,0.0,0.0,0,0,1,1,0,0,0.0,8,7,1,0.0,0.0,0.0,
823,Derrick Martin,24,GNB,DB,14,1,0.0,0.0,0.0,0.0,0,0,0,0,0,0,0.0,25,20,5,0.0,0.0,0.0,
824,B.J. Raji,23,GNB,NT,14,1,0.0,0.0,0.0,0.0,1,0,0,0,0,0,1.0,25,19,6,5.0,1.0,0.0,
825,Jamarca Sanford,24,MIN,DB,14,1,0.0,0.0,0.0,0.0,0,0,0,0,0,0,0.0,30,23,7,1.0,0.0,0.0,
826,Cameron Wake,27,MIA,LB,14,1,0.0,0.0,0.0,0.0,1,1,0,0,0,0,5.5,23,19,4,6.0,9.0,0.0,
827,Frank Walker,29,BAL,DB,14,1,1.0,0.0,0.0,0.0,4,0,0,1,0,0,0.0,16,12,4,0.0,0.0,0.0,
828,Husain Abdullah,24,MIN,DB,14,0,0.0,0.0,0.0,0.0,1,0,0,0,0,0,1.0,17,15,2,1.0,1.0,0.0,
829,Eric Alexander,27,NWE,LB,14,0,0.0,0.0,0.0,0.0,0,1,0,0,0,0,0.0,12,8,4,0.0,0.0,0.0,
830,Josh Barrett,25,DEN,DB,14,0,0.0,0.0,0.0,0.0,0,0,0,0,0,0,0.0,10,9,1,0.0,0.0,0.0,
831,Ahmad Brooks,25,SFO,LB,14,0,0.0,0.0,0.0,0.0,2,4,0,0,0,0,6.0,21,20,1,5.0,6.0,0.0,
832,Brian Clark,26,TAM,WR,14,0,0.0,0.0,0.0,0.0,0,0,0,0,0,0,0.0,6,5,1,0.0,0.0,0.0,
833,Demetric Evans,30,SFO,DE,14,0,0.0,0.0,0.0,0.0,1,0,0,0,0,0,1.5,12,5,7,2.0,3.0,0.0,
834,Andre Frazier,27,PIT,LB,14,0,0.0,0.0,0.0,0.0,0,0,0,0,0,0,0.0,13,7,6,0.0,0.0,0.0,
835,Shonn Greene,24,NYJ,RB,14,0,0.0,0.0,0.0,0.0,0,0,3,0,0,0,0.0,0,0,0,0.0,0.0,0.0,
836,Alex Hall,24,CLE,LB,14,0,0.0,0.0,0.0,0.0,0,0,0,1,0,0,0.0,10,8,2,0.0,1.0,0.0,
837,Jonathan Holland,24,OAK,WR,14,0,0.0,0.0,0.0,0.0,0,0,0,1,0,0,0.0,6,6,0,0.0,0.0,0.0,
838,Kevin Houser,32,SEA,LS,14,0,0.0,0.0,0.0,0.0,0,0,1,0,-9,0,0.0,1,1,0,0.0,0.0,0.0,
839,Zach Miller,25,JAX,TE,14,0,0.0,0.0,0.0,0.0,0,0,0,1,0,0,0.0,5,4,1,0.0,0.0,0.0,
840,Joe Nedney,36,SFO,K,14,0,0.0,0.0,0.0,0.0,0,0,0,0,0,0,0.0,2,2,0,0.0,0.0,0.0,
841,Ben Obomanu,26,SEA,WR,14,0,0.0,0.0,0.0,0.0,0,0,1,1,0,0,0.0,12,10,2,0.0,0.0,0.0,
842,Steve Octavien,25,DAL,LB,14,0,0.0,0.0,0.0,0.0,0,0,0,0,0,0,0.0,6,4,2,0.0,0.0,0.0,
843,Adrian Peterson,30,CHI,RB,14,0,0.0,0.0,0.0,0.0,0,0,0,0,0,0,0.0,9,8,1,0.0,0.0,0.0,
844,Neil Rackers,33,ARI,K,14,0,0.0,0.0,0.0,0.0,0,0,0,0,0,0,0.0,7,7,0,0.0,0.0,0.0,
845,Jamie Silva,25,IND,DB,14,0,0.0,0.0,0.0,0.0,2,0,1,1,0,0,0.0,30,22,8,0.0,0.0,0.0,
846,Chad Simpson,24,IND,RB,14,0,0.0,0.0,0.0,0.0,0,0,0,0,0,0,0.0,4,3,1,0.0,0.0,0.0,
847,Matthew Slater,24,NWE,WR,14,0,0.0,0.0,0.0,0.0,0,0,0,0,0,0,0.0,6,5,1,0.0,0.0,0.0,
848,Raymond Ventrone,27,CLE,DB,14,0,0.0,0.0,0.0,0.0,0,0,0,0,0,0,0.0,15,14,1,0.0,2.0,0.0,
849,Jamaal Westerman,24,NYJ,DE,14,0,0.0,0.0,0.0,0.0,0,0,0,2,39,0,1.0,10,8,2,2.0,2.0,0.0,
850,Al Afalava,22,CHI,SS,13,13,0.0,0.0,0.0,0.0,7,1,0,1,43,0,2.0,53,43,10,3.0,3.0,0.0,
851,Jamaal Anderson,23,ATL,RDE,13,13,0.0,0.0,0.0,0.0,2,0,0,0,0,0,0.5,27,17,10,3.0,6.0,0.0,
852,Cedric Benson,27,CIN,RB,13,13,0.0,0.0,0.0,0.0,0,0,1,1,0,0,0.0,1,1,0,0.0,0.0,0.0,AP CPoY-4
853,James Butler,27,STL,SS,13,13,3.0,17.0,0.0,17.0,6,0,0,1,10,0,0.0,69,58,11,1.0,0.0,0.0,
854,Jacques Cesaire,29,SDG,LDE,13,13,0.0,0.0,0.0,0.0,0,1,0,1,0,0,1.0,26,15,11,1.0,1.0,0.0,
855,Kenyon Coleman,30,CLE,LDE,13,13,0.0,0.0,0.0,0.0,2,0,0,0,0,0,1.5,38,28,10,4.0,2.0,0.0,
856,Chris Crocker,29,CIN,FS,13,13,2.0,38.0,0.0,20.0,9,1,0,0,0,0,0.0,52,40,12,1.0,0.0,0.0,
857,Channing Crowder,26,MIA,LILB,13,13,1.0,2.0,0.0,2.0,3,0,0,0,0,0,1.0,52,44,8,3.0,2.0,0.0,
858,Justin Durant,24,JAX,MLB,13,13,1.0,27.0,0.0,27.0,2,1,0,0,0,0,1.0,98,81,17,3.0,2.0,0.0,
859,Cortland Finnegan,25,TEN,RCB,13,13,5.0,194.0,1.0,80.0,11,0,1,1,0,0,0.0,63,56,7,0.0,0.0,0.0,
860,Chris Harris,27,CAR,SS,13,13,3.0,3.0,0.0,3.0,6,2,0,1,0,0,0.0,60,48,12,1.0,1.0,0.0,
861,Leonard Little,35,STL,LDE,13,13,1.0,36.0,1.0,36.0,6,0,0,0,0,0,6.5,23,19,4,10.0,16.0,0.0,
862,Chike Okeafor,33,ARI,LOLB,13,13,0.0,0.0,0.0,0.0,1,0,0,0,0,0,4.5,47,35,12,5.0,7.0,0.0,
863,Bernard Pollard,25,HOU,SS,13,13,4.0,121.0,1.0,70.0,7,1,0,3,0,1,1.5,102,82,20,4.0,2.0,0.0,
864,Keith Rivers,23,CIN,RLB,13,13,1.0,0.0,0.0,0.0,2,0,0,0,0,0,1.0,72,46,26,4.0,1.0,0.0,
865,Kevin Smith,23,DET,RB,13,13,0.0,0.0,0.0,0.0,0,0,3,0,0,0,0.0,1,1,0,0.0,0.0,1.0,
866,Terrell Suggs,27,BAL,LOLB,13,13,0.0,0.0,0.0,0.0,5,1,0,1,0,0,4.5,59,44,15,9.0,7.0,0.0,
867,Corey Webster,27,NYG,LCB,13,13,1.0,0.0,0.0,0.0,12,0,0,0,0,0,0.0,51,44,7,2.0,0.0,0.0,
868,Eric Weddle,24,SDG,FS,13,13,2.0,44.0,1.0,31.0,7,0,0,0,0,0,1.5,82,68,14,7.0,3.0,0.0,
869,Vince Wilfork,28,NWE,NT,13,13,0.0,0.0,0.0,0.0,3,1,0,0,0,0,0.0,43,31,12,4.0,0.0,0.0,PB
870,DeAngelo Williams,26,CAR,RB,13,13,0.0,0.0,0.0,0.0,0,0,3,0,0,0,0.0,0,0,0,0.0,0.0,0.0,PB
871,Nate Burleson,28,SEA,WR,13,12,0.0,0.0,0.0,0.0,0,0,3,1,0,0,0.0,0,0,0,0.0,0.0,0.0,
872,Jarvis Green,30,NWE,RDE,13,12,0.0,0.0,0.0,0.0,0,0,0,0,0,0,1.0,36,21,15,3.0,4.0,0.0,
873,DeAngelo Hall,26,WAS,RCB,13,12,4.0,114.0,0.0,44.0,9,0,1,1,7,0,0.0,58,46,12,0.0,0.0,0.0,
874,Devin Hester,27,CHI,WR,13,12,0.0,0.0,0.0,0.0,0,0,3,2,0,0,0.0,0,0,0,0.0,0.0,0.0,
875,Sammie Lee Hill,23,DET,RDT,13,12,0.0,0.0,0.0,0.0,0,0,0,2,0,0,0.0,26,14,12,,,0.0,
876,Clint Ingram,26,JAX,RLB,13,12,0.0,0.0,0.0,0.0,0,0,0,0,0,0,1.0,52,42,10,5.0,5.0,0.0,
877,Jerod Mayo,23,NWE,LILB,13,12,0.0,0.0,0.0,0.0,1,1,0,0,0,0,1.5,103,70,33,2.0,4.0,0.0,
878,Manuel Ramirez,26,DET,LG,13,12,0.0,0.0,0.0,0.0,0,0,0,1,0,0,0.0,0,0,0,0.0,0.0,0.0,
879,Jeremy Shockey,29,NOR,TE,13,12,0.0,0.0,0.0,0.0,0,0,0,1,0,0,0.0,0,0,0,0.0,0.0,0.0,
880,Ty Warren,28,NWE,LDE,13,12,0.0,0.0,0.0,0.0,1,0,0,0,0,0,1.0,46,33,13,2.0,5.0,0.0,
881,Cliff Avril,23,DET,RDE,13,11,0.0,0.0,0.0,0.0,3,3,0,0,0,0,5.5,41,27,14,5.0,9.0,0.0,
882,Atari Bigby,28,GNB,SS,13,11,4.0,14.0,0.0,14.0,8,0,0,0,0,0,0.0,49,37,12,0.0,1.0,0.0,
883,Phillip Buchanon,29,DET,RCB,13,11,0.0,0.0,0.0,0.0,4,2,1,1,0,0,1.0,43,38,5,2.0,0.0,0.0,
884,Justin Griffith,29,SEA,FB,13,11,0.0,0.0,0.0,0.0,0,0,1,0,0,0,0.0,0,0,0,0.0,0.0,0.0,
885,Jermichael Finley,22,GNB,TE,13,10,0.0,0.0,0.0,0.0,0,0,1,1,2,0,0.0,0,0,0,0.0,0.0,0.0,
886,Thomas Johnson,28,ATL,RDT,13,10,0.0,0.0,0.0,0.0,0,1,0,0,0,0,2.0,20,15,5,6.0,4.0,0.0,
887,Kevin Ellison,22,SDG,SS,13,9,0.0,0.0,0.0,0.0,3,0,0,0,0,0,1.0,52,43,9,3.0,2.0,0.0,
888,Ryan Pickett,30,GNB,NT,13,9,0.0,0.0,0.0,0.0,2,0,0,0,0,0,0.0,33,22,11,3.0,3.0,0.0,
889,Jerome Felton,23,DET,FB,13,8,0.0,0.0,0.0,0.0,0,0,0,0,0,0,0.0,1,1,0,0.0,0.0,0.0,
890,Greg Jones,28,JAX,FB,13,7,0.0,0.0,0.0,0.0,0,0,0,0,0,0,0.0,2,2,0,0.0,0.0,0.0,
891,Evan Mathis,28,CIN,LG,13,7,0.0,0.0,0.0,0.0,0,0,0,1,0,0,0.0,0,0,0,0.0,0.0,0.0,
892,Jeremiah Trotter,32,PHI,MLB,13,7,0.0,0.0,0.0,0.0,0,0,0,0,0,0,0.0,32,29,3,1.0,0.0,0.0,
893,Dominique Barber,23,HOU,FS,13,6,1.0,3.0,0.0,3.0,4,0,0,2,48,1,0.0,33,28,5,0.0,1.0,0.0,
894,Earnest Graham,29,TAM,RB,13,6,0.0,0.0,0.0,0.0,0,0,0,2,0,0,0.0,3,3,0,0.0,0.0,0.0,
895,Marshawn Lynch,23,BUF,RB,13,6,0.0,0.0,0.0,0.0,0,0,3,2,0,0,0.0,1,1,0,,,0.0,
896,Marvin White,26,2TM,DB,13,6,0.0,0.0,0.0,0.0,6,0,0,0,0,0,0.0,53,41,12,0.0,0.0,0.0,
896,Marvin White,26,DAL,DB,3,0,0.0,0.0,0.0,0.0,0,0,0,0,0,0,0.0,2,2,0,0.0,0.0,0.0,
896,Marvin White,26,DET,SS,10,6,0.0,0.0,0.0,0.0,6,0,0,0,0,0,0.0,51,39,12,0.0,0.0,0.0,
897,Victor Abiamiri,23,PHI,LDE,13,5,0.0,0.0,0.0,0.0,0,1,0,2,2,1,2.0,16,13,3,0.0,6.0,0.0,
898,Dwight Lowery,23,NYJ,RCB,13,5,3.0,41.0,0.0,34.0,9,0,0,1,0,0,0.0,24,22,2,0.0,1.0,0.0,
899,Kevin Payne,26,CHI,SS,13,5,0.0,0.0,0.0,0.0,5,0,0,0,0,0,0.0,46,39,7,0.0,0.0,0.0,
900,Alfonso Boone,33,SDG,DT,13,4,0.0,0.0,0.0,0.0,2,1,0,0,0,0,3.0,15,7,8,2.0,2.0,0.0,
901,Darcy Johnson,26,NYG,TE,13,4,0.0,0.0,0.0,0.0,0,0,1,0,0,0,0.0,0,0,0,,,0.0,
902,Mike Bell,26,NOR,RB,13,3,0.0,0.0,0.0,0.0,0,0,2,0,0,0,0.0,2,1,1,0.0,0.0,0.0,
903,David Clowney,24,NYJ,WR,13,3,0.0,0.0,0.0,0.0,0,0,1,0,0,0,0.0,0,0,0,0.0,0.0,0.0,
904,Dannell Ellerbe,24,BAL,LB,13,3,1.0,28.0,0.0,28.0,1,0,0,1,0,0,0.0,41,34,7,3.0,0.0,0.0,
905,Luke Lawton,29,OAK,RB,13,3,0.0,0.0,0.0,0.0,0,0,0,0,0,0,0.0,3,2,1,0.0,0.0,0.0,
906,John Gilmore,30,TAM,TE,13,2,0.0,0.0,0.0,0.0,0,0,0,0,0,0,0.0,1,1,0,0.0,0.0,0.0,
907,Charles Johnson,23,CAR,DE,13,2,0.0,0.0,0.0,0.0,3,2,0,0,0,0,4.0,25,17,8,3.0,4.0,0.0,
908,DaJuan Morgan,24,KAN,DB,13,2,0.0,0.0,0.0,0.0,0,0,0,2,0,0,0.0,18,18,0,0.0,0.0,0.0,
909,Bernard Scott,25,CIN,RB,13,2,0.0,0.0,0.0,0.0,0,0,1,0,0,0,0.0,2,2,0,0.0,0.0,0.0,
910,Brad Smith,26,NYJ,WR,13,2,0.0,0.0,0.0,0.0,0,0,0,0,0,0,0.0,15,11,4,0.0,0.0,0.0,
911,Le Kevin Smith,27,DEN,DT,13,2,0.0,0.0,0.0,0.0,1,0,0,0,0,0,1.0,10,9,1,,,0.0,
912,Kevin Vickerson,26,TEN,DT,13,2,0.0,0.0,0.0,0.0,3,0,0,0,0,0,0.0,28,20,8,1.0,7.0,0.0,
913,Seneca Wallace,29,SEA,QB,13,2,0.0,0.0,0.0,0.0,0,0,5,2,-27,0,0.0,0,0,0,,,0.0,
914,Vincent Fuller,27,TEN,DB,13,1,3.0,71.0,2.0,45.0,7,0,0,0,0,0,1.0,33,27,6,3.0,1.0,0.0,
915,Jimmy Kennedy,30,MIN,DT,13,1,0.0,0.0,0.0,0.0,2,0,0,0,0,0,3.0,18,15,3,6.0,5.0,0.0,
916,Greg Lewis,29,MIN,WR,13,1,0.0,0.0,0.0,0.0,0,0,0,0,0,0,0.0,3,2,1,0.0,0.0,0.0,
917,Craig Terrill,29,SEA,DT,13,1,0.0,0.0,0.0,0.0,1,0,0,0,0,0,1.0,11,8,3,1.0,2.0,0.0,
918,Pat Watkins,27,DAL,DB,13,1,0.0,0.0,0.0,0.0,0,0,0,0,0,0,0.0,29,24,5,0.0,0.0,0.0,
919,Todd Watkins,26,OAK,WR,13,1,0.0,0.0,0.0,0.0,0,0,0,0,0,0,0.0,5,5,0,0.0,0.0,0.0,
920,Prescott Burgess,25,BAL,LB,13,0,0.0,0.0,0.0,0.0,0,0,0,0,0,0,0.0,17,15,2,0.0,0.0,0.0,
921,Evan Dietrich-Smith,23,GNB,G,13,0,0.0,0.0,0.0,0.0,0,0,1,0,0,0,0.0,0,0,0,,,0.0,
922,Fred Evans,26,MIN,DT,13,0,0.0,0.0,0.0,0.0,0,0,0,0,0,0,0.0,9,6,3,0.0,0.0,0.0,
923,Travis Johnson,27,SDG,DT,13,0,0.0,0.0,0.0,0.0,1,0,0,0,0,0,0.0,16,13,3,3.0,0.0,0.0,
924,Kevin Kaesviharn,33,TEN,DB,13,0,0.0,0.0,0.0,0.0,1,0,0,0,0,0,0.0,16,14,2,1.0,1.0,0.0,
925,Corey Lynch,24,TAM,DB,13,0,0.0,0.0,0.0,0.0,1,0,0,0,0,0,0.0,6,4,2,0.0,0.0,0.0,
926,Darcel McBath,24,DEN,DB,13,0,2.0,28.0,0.0,25.0,3,0,0,0,0,0,0.0,26,22,4,0.0,0.0,0.0,
927,Darrell McClover,28,CHI,LB,13,0,0.0,0.0,0.0,0.0,0,0,0,0,0,0,0.0,10,8,2,0.0,0.0,0.0,
928,Sean Morey,33,ARI,WR,13,0,0.0,0.0,0.0,0.0,0,0,0,0,0,0,0.0,16,14,2,0.0,0.0,0.0,
929,Jordy Nelson,24,GNB,WR,13,0,0.0,0.0,0.0,0.0,0,0,3,1,0,0,0.0,1,1,0,0.0,0.0,0.0,
930,Myron Pryor,23,NWE,DT,13,0,0.0,0.0,0.0,0.0,1,1,0,0,0,0,0.0,20,12,8,3.0,2.0,0.0,
931,Sammie Stroughter,23,TAM,WR,13,0,0.0,0.0,0.0,0.0,0,0,0,0,0,0,0.0,1,0,1,0.0,0.0,0.0,
932,Greg Toler,24,ARI,DB,13,0,1.0,0.0,0.0,0.0,2,0,1,0,0,0,0.0,11,10,1,0.0,0.0,0.0,
933,LenDale White,25,TEN,RB,13,0,0.0,0.0,0.0,0.0,0,0,1,0,0,0,0.0,0,0,0,,,0.0,
934,Pat White,23,MIA,WR,13,0,0.0,0.0,0.0,0.0,0,0,1,0,-15,0,0.0,0,0,0,,,0.0,
935,O.J. Atogwe,28,STL,FS,12,12,2.0,21.0,0.0,12.0,5,3,0,2,0,0,1.0,74,58,16,1.0,4.0,0.0,
936,Jeff Faine,28,TAM,C,12,12,0.0,0.0,0.0,0.0,0,0,1,1,0,0,0.0,0,0,0,0.0,0.0,0.0,
937,Mike Gandy,30,ARI,LT,12,12,0.0,0.0,0.0,0.0,0,0,0,2,0,0,0.0,0,0,0,0.0,0.0,0.0,
938,Tavares Gooden,25,BAL,LILB,12,12,0.0,0.0,0.0,0.0,1,0,0,0,0,0,0.0,47,39,8,2.0,2.0,0.0,
939,Ken Hamlin,28,DAL,FS,12,12,0.0,0.0,0.0,0.0,2,0,0,0,0,0,0.0,52,40,12,0.0,1.0,0.0,
940,Albert Haynesworth,28,WAS,RDT,12,12,0.0,0.0,0.0,0.0,5,0,0,1,0,0,4.0,37,29,8,6.0,13.0,0.0,
941,E.J. Henderson,29,MIN,MLB,12,12,0.0,0.0,0.0,0.0,1,0,0,1,6,0,2.0,83,63,20,8.0,8.0,0.0,
942,Tanard Jackson,24,TAM,FS,12,12,5.0,86.0,2.0,35.0,8,2,0,1,5,0,0.0,71,60,11,3.0,1.0,0.0,
943,Shawn Nelson,24,BUF,TE,12,12,0.0,0.0,0.0,0.0,0,0,2,2,0,0,0.0,0,0,0,0.0,0.0,0.0,
944,Calvin Pace,29,NYJ,ROLB,12,12,0.0,0.0,0.0,0.0,1,2,0,0,0,0,8.0,55,45,10,13.0,6.0,0.0,
945,Paul Posluszny,25,BUF,MLB,12,12,3.0,20.0,0.0,17.0,4,3,0,0,0,0,1.0,111,88,23,5.0,6.0,0.0,
946,Jerraud Powers,22,IND,RCB,12,12,1.0,1.0,0.0,1.0,10,1,0,1,4,0,0.0,66,57,9,1.0,0.0,0.0,
947,Ed Reed,31,BAL,FS,12,12,3.0,111.0,1.0,52.0,5,3,3,3,13,0,0.0,50,42,8,2.0,0.0,0.0,"PB,AP-2"
948,Josh Wilson,24,SEA,RCB,12,12,2.0,126.0,2.0,65.0,13,0,0,1,43,0,1.0,45,41,4,2.0,4.0,0.0,
949,Braylon Edwards,26,NYJ,WR,12,11,0.0,0.0,0.0,0.0,0,0,1,0,0,0,0.0,0,0,0,0.0,0.0,0.0,
950,Charles Godfrey,24,CAR,FS,12,11,1.0,12.0,0.0,12.0,5,4,0,0,0,0,0.0,45,35,10,1.0,0.0,0.0,
951,Tracy Porter,23,NOR,RCB,12,11,4.0,72.0,1.0,54.0,12,2,0,0,0,0,0.0,58,49,9,0.0,0.0,0.0,
952,Chris Houston,25,ATL,RCB,12,10,1.0,4.0,0.0,4.0,9,0,0,0,0,0,0.0,47,39,8,1.0,0.0,0.0,
953,Akeem Jordan,24,PHI,LLB,12,10,2.0,14.0,0.0,11.0,6,0,0,0,0,0,1.0,71,60,11,5.0,2.0,0.0,
954,David Vobora,23,STL,LLB,12,10,0.0,0.0,0.0,0.0,2,1,0,0,0,0,0.0,46,36,10,4.0,1.0,0.0,
955,Vince Young,26,TEN,QB,12,10,0.0,0.0,0.0,0.0,0,0,8,4,-29,0,0.0,0,0,0,0.0,0.0,0.0,"PB,AP CPoY-3"
956,JaMarcus Russell,24,OAK,QB,12,9,0.0,0.0,0.0,0.0,0,0,9,0,0,0,0.0,0,0,0,,,0.0,
957,Shawn Springs,34,NWE,LCB,12,8,1.0,8.0,0.0,8.0,4,0,0,0,0,0,0.0,39,34,5,0.0,0.0,0.0,
958,Travis Kirschke,35,PIT,LDE,12,7,0.0,0.0,0.0,0.0,0,0,0,0,0,0,1.0,26,16,10,2.0,1.0,0.0,
959,Darren McFadden,22,OAK,RB,12,7,0.0,0.0,0.0,0.0,0,0,5,0,0,0,0.0,0,0,0,0.0,0.0,0.0,
960,Ian Scott,28,SDG,NT,12,7,0.0,0.0,0.0,0.0,2,0,0,0,0,0,1.0,16,14,2,4.0,1.0,0.0,
961,Bobby Wade,28,KAN,WR,12,6,0.0,0.0,0.0,0.0,0,0,3,1,0,0,0.0,0,0,0,,,0.0,
962,Sammy Morris,32,NWE,RB,12,5,0.0,0.0,0.0,0.0,0,0,2,0,0,0,0.0,0,0,0,,,0.0,
963,Ogemdi Nwagbuo,24,SDG,NT,12,5,0.0,0.0,0.0,0.0,2,0,0,0,0,0,1.0,19,12,7,3.0,1.0,0.0,
964,Jacques Reeves,27,HOU,LCB,12,5,1.0,19.0,0.0,19.0,7,0,0,0,0,0,0.0,31,25,6,0.0,0.0,0.0,
965,Josh Bullocks,26,CHI,DB,12,4,0.0,0.0,0.0,0.0,0,0,0,0,0,0,0.0,23,19,4,0.0,0.0,0.0,
966,Brandon Chillar,27,GNB,LB,12,4,0.0,0.0,0.0,0.0,1,0,0,1,0,0,2.0,41,31,10,3.0,3.0,0.0,
967,Justin Fargas,29,OAK,FB,12,4,0.0,0.0,0.0,0.0,0,0,1,0,0,0,0.0,0,0,0,0.0,0.0,0.0,
968,Gary Russell,23,OAK,RB,12,4,0.0,0.0,0.0,0.0,0,1,1,1,0,0,0.0,7,5,2,0.0,0.0,0.0,
969,Tom Nelson,23,CIN,DB,12,3,1.0,2.0,0.0,2.0,2,0,0,0,0,0,0.0,25,20,5,1.0,1.0,0.0,
970,Colin Allred,26,TEN,LB,12,2,0.0,0.0,0.0,0.0,0,0,0,0,0,0,0.0,19,8,11,0.0,2.0,0.0,
971,Keyunta Dawson,24,IND,DE,12,2,0.0,0.0,0.0,0.0,1,0,0,1,17,0,0.0,17,10,7,1.0,0.0,0.0,
972,Matt McCoy,27,TAM,LB,12,2,0.0,0.0,0.0,0.0,0,0,0,0,0,0,0.0,14,12,2,1.0,0.0,0.0,
973,Karl Paymah,27,MIN,DB,12,2,0.0,0.0,0.0,0.0,2,1,0,0,0,0,0.0,27,24,3,1.0,0.0,0.0,
974,Craig Steltz,23,CHI,DB,12,2,0.0,0.0,0.0,0.0,1,0,0,1,0,0,0.0,11,8,3,1.0,0.0,0.0,
975,Craig Stevens,25,TEN,TE,12,2,0.0,0.0,0.0,0.0,0,0,0,0,0,0,0.0,12,11,1,1.0,1.0,0.0,
976,Tank Tyler,24,2TM,DT,12,2,0.0,0.0,0.0,0.0,0,0,0,0,0,0,0.0,30,26,4,1.0,0.0,0.0,
976,Tank Tyler,24,KAN,DT,6,2,0.0,0.0,0.0,0.0,0,0,0,0,0,0,0.0,22,20,2,1.0,0.0,0.0,
976,Tank Tyler,24,CAR,DT,6,0,0.0,0.0,0.0,0.0,0,0,0,0,0,0,0.0,8,6,2,0.0,0.0,0.0,
977,Leger Douzable,23,STL,DE,12,1,0.0,0.0,0.0,0.0,0,0,0,0,0,0,0.0,11,11,0,5.0,5.0,0.0,
978,Casey Fitzsimmons,29,DET,TE,12,1,0.0,0.0,0.0,0.0,0,0,1,0,0,0,0.0,6,5,1,0.0,0.0,0.0,
979,Joselio Hanson,28,PHI,DB,12,1,2.0,8.0,0.0,6.0,8,0,0,1,12,0,0.5,47,36,11,4.0,1.0,0.0,
980,Kenny Moore,24,CAR,WR,12,1,0.0,0.0,0.0,0.0,0,0,1,0,0,0,0.0,0,0,0,,,0.0,
981,C.J. Mosley,26,CLE,DT,12,1,0.0,0.0,0.0,0.0,0,0,0,0,0,0,0.0,18,13,5,0.0,0.0,0.0,
982,Frostee Rucker,26,CIN,DE,12,1,1.0,26.0,0.0,26.0,2,0,0,0,0,0,1.0,13,7,6,2.0,4.0,0.0,
983,Brian Russell,31,2TM,DB,12,1,0.0,0.0,0.0,0.0,0,0,0,0,0,0,0.0,16,11,5,0.0,0.0,0.0,
983,Brian Russell,31,JAX,DB,9,1,0.0,0.0,0.0,0.0,0,0,0,0,0,0,0.0,12,9,3,0.0,0.0,0.0,
983,Brian Russell,31,HOU,DB,3,0,0.0,0.0,0.0,0.0,0,0,0,0,0,0,0.0,4,2,2,0.0,0.0,0.0,
984,Usama Young,24,NOR,DB,12,1,1.0,24.0,0.0,24.0,1,0,0,1,0,0,0.0,8,6,2,0.0,0.0,0.0,
985,Jason Babin,29,PHI,DE,12,0,0.0,0.0,0.0,0.0,0,0,1,0,0,0,2.5,16,11,5,4.0,8.0,0.0,
986,Zack Follett,22,DET,LB,12,0,0.0,0.0,0.0,0.0,0,0,0,1,0,0,0.0,10,6,4,0.0,0.0,0.0,
987,Tony Gilbert,30,ATL,LB,12,0,0.0,0.0,0.0,0.0,0,1,0,0,0,0,0.0,4,2,2,1.0,2.0,0.0,
988,Howard Green,30,NYJ,DT,12,0,0.0,0.0,0.0,0.0,0,0,0,0,0,0,0.0,23,16,7,0.0,0.0,0.0,
989,BenJarvus Green-Ellis,24,NWE,RB,12,0,0.0,0.0,0.0,0.0,0,0,0,0,0,0,0.0,1,0,1,0.0,0.0,0.0,
990,Arnold Harrison,27,2TM,LB,12,0,0.0,0.0,0.0,0.0,0,0,0,0,0,0,0.0,12,7,5,0.0,0.0,0.0,
990,Arnold Harrison,27,PIT,LB,8,0,0.0,0.0,0.0,0.0,0,0,0,0,0,0,0.0,7,4,3,0.0,0.0,0.0,
990,Arnold Harrison,27,CLE,LB,4,0,0.0,0.0,0.0,0.0,0,0,0,0,0,0,0.0,5,3,2,0.0,0.0,0.0,
991,Marcus Hudson,27,SFO,DB,12,0,0.0,0.0,0.0,0.0,0,0,0,0,0,0,0.0,21,17,4,0.0,0.0,0.0,
992,Larry Izzo,35,NYJ,LB,12,0,0.0,0.0,0.0,0.0,0,1,0,2,0,0,0.0,7,4,3,0.0,0.0,0.0,
993,Brandon Jackson,24,GNB,RB,12,0,0.0,0.0,0.0,0.0,0,0,1,0,0,0,0.0,2,2,0,0.0,0.0,0.0,
994,Justin Jenkins,29,BUF,WR,12,0,0.0,0.0,0.0,0.0,0,0,0,0,0,0,0.0,6,5,1,0.0,0.0,0.0,
995,David Jones,24,CIN,DB,12,0,0.0,0.0,0.0,0.0,1,0,0,0,0,0,0.0,11,7,4,0.0,0.0,0.0,
996,Stanford Keglar,24,TEN,LB,12,0,0.0,0.0,0.0,0.0,0,0,0,0,0,0,0.0,6,5,1,0.0,0.0,0.0,
997,D.D. Lewis,30,SEA,LB,12,0,0.0,0.0,0.0,0.0,0,1,0,0,0,0,0.0,9,7,2,0.0,0.0,0.0,
998,Anthony Madison,28,3TM,DB,12,0,0.0,0.0,0.0,0.0,0,0,0,0,0,0,0.0,12,9,3,0.0,0.0,0.0,
998,Anthony Madison,28,CLE,DB,4,0,0.0,0.0,0.0,0.0,0,0,0,0,0,0,0.0,2,2,0,0.0,0.0,0.0,
998,Anthony Madison,28,IND,DB,3,0,0.0,0.0,0.0,0.0,0,0,0,0,0,0,0.0,3,1,2,0.0,0.0,0.0,
998,Anthony Madison,28,PIT,DB,5,0,0.0,0.0,0.0,0.0,0,0,0,0,0,0,0.0,7,6,1,0.0,0.0,0.0,
999,William Middleton,23,JAX,DB,12,0,0.0,0.0,0.0,0.0,0,0,1,0,0,0,0.0,20,18,2,1.0,0.0,0.0,
1000,Roscoe Parrish,27,BUF,WR,12,0,0.0,0.0,0.0,0.0,0,0,5,3,-4,0,0.0,1,1,0,0.0,0.0,0.0,
1001,Kalvin Pearson,31,DET,DB,12,0,0.0,0.0,0.0,0.0,0,0,1,0,0,0,0.0,20,15,5,1.0,0.0,0.0,
1002,Shaun Suisham,28,WAS,K,12,0,0.0,0.0,0.0,0.0,0,0,0,0,0,0,0.0,1,0,1,0.0,0.0,0.0,
1003,Michael Boley,27,NYG,RLB,11,11,0.0,0.0,0.0,0.0,8,0,0,0,0,0,1.0,84,65,19,9.0,2.0,0.0,
1004,Michael Crabtree,22,SFO,WR,11,11,0.0,0.0,0.0,0.0,0,0,1,0,0,0,0.0,0,0,0,0.0,0.0,0.0,
1005,Jake Delhomme,34,CAR,QB,11,11,0.0,0.0,0.0,0.0,0,0,6,3,-8,0,0.0,0,0,0,0.0,0.0,0.0,
1006,Nick Harper,35,TEN,LCB,11,11,1.0,4.0,0.0,4.0,6,0,0,0,0,0,0.0,81,69,12,2.0,1.0,0.0,
1007,Todd Herremans,27,PHI,LG,11,11,0.0,0.0,0.0,0.0,0,0,0,0,0,0,0.0,1,1,0,,,0.0,
1008,LeRoy Hill,27,SEA,LLB,11,11,0.0,0.0,0.0,0.0,0,0,0,0,0,0,1.0,46,37,9,4.0,1.0,0.0,
1009,Domata Peko,25,CIN,LDT,11,11,0.0,0.0,0.0,0.0,1,0,0,0,0,0,0.0,23,12,11,1.0,3.0,0.0,
1010,Brandon Pettigrew,24,DET,TE,11,11,0.0,0.0,0.0,0.0,0,0,1,1,0,0,0.0,1,0,1,0.0,0.0,0.0,
1011,Shaun Rogers,30,CLE,NT,11,11,0.0,0.0,0.0,0.0,1,0,0,0,0,0,2.0,36,27,9,3.0,10.0,0.0,
1012,David Thornton,31,TEN,LLB,11,11,0.0,0.0,0.0,0.0,0,1,0,0,0,0,1.0,60,46,14,3.0,0.0,0.0,
1013,Michael Turner,27,ATL,RB,11,11,0.0,0.0,0.0,0.0,0,0,4,1,0,0,0.0,0,0,0,0.0,0.0,0.0,
1014,Scott Fujita,30,NOR,LLB,11,10,0.0,0.0,0.0,0.0,2,2,0,0,0,0,1.0,58,43,15,2.0,1.0,0.0,
1015,Terrence McGee,29,BUF,LCB,11,10,1.0,3.0,0.0,3.0,7,0,0,0,0,0,0.0,48,40,8,1.0,0.0,0.0,
1016,Brodney Pool,25,CLE,SS,11,10,4.0,33.0,0.0,32.0,11,0,0,0,0,0,1.0,50,39,11,4.0,1.0,0.0,
1017,Steve Slaton,23,HOU,RB,11,10,0.0,0.0,0.0,0.0,0,0,7,0,0,0,0.0,0,0,0,,,0.0,
1018,Alex Smith,25,SFO,QB,11,10,0.0,0.0,0.0,0.0,0,0,3,1,0,0,0.0,0,0,0,0.0,0.0,0.0,
1019,Dwayne Bowe,25,KAN,WR,11,9,0.0,0.0,0.0,0.0,0,0,1,0,0,0,0.0,0,0,0,,,0.0,
1020,Lito Sheppard,28,NYJ,RCB,11,9,1.0,0.0,0.0,0.0,8,0,0,0,0,0,0.0,31,25,6,0.0,0.0,0.0,
1021,Ernie Sims,25,DET,RLB,11,8,0.0,0.0,0.0,0.0,1,0,0,1,0,0,0.0,49,32,17,2.0,0.0,0.0,
1022,Kevin Burnett,27,SDG,RILB,11,7,0.0,0.0,0.0,0.0,1,0,0,0,0,0,2.5,66,49,17,5.0,5.0,0.0,
1023,Desmond Clark,32,CHI,TE,11,7,0.0,0.0,0.0,0.0,0,0,0,1,0,0,0.0,0,0,0,0.0,0.0,0.0,
1024,Julian Edelman,23,NWE,WR,11,7,0.0,0.0,0.0,0.0,0,0,1,1,0,0,0.0,0,0,0,0.0,0.0,0.0,
1025,Sean Considine,27,JAX,SS,11,6,1.0,25.0,0.0,25.0,4,0,0,1,0,0,0.0,35,28,7,2.0,0.0,0.0,
1026,Korey Hall,26,GNB,FB,11,5,0.0,0.0,0.0,0.0,0,0,0,0,0,0,0.0,10,8,2,0.0,0.0,0.0,
1027,Darell Scott,23,STL,LDT,11,5,0.0,0.0,0.0,0.0,0,0,0,1,0,0,0.0,18,17,1,5.0,5.0,0.0,
1028,Brad Hoover,33,CAR,FB,11,4,0.0,0.0,0.0,0.0,0,0,1,0,0,0,0.0,1,1,0,0.0,0.0,0.0,
1029,Turk McBride,24,DET,DT,11,4,0.0,0.0,0.0,0.0,0,1,0,0,0,0,1.5,27,17,10,2.0,6.0,0.0,
1030,Kevin Dockery,25,NYG,DB,11,3,0.0,0.0,0.0,0.0,1,1,1,1,0,0,0.0,25,22,3,0.0,0.0,0.0,
1031,Chris Draft,33,BUF,LB,11,3,1.0,0.0,0.0,0.0,1,0,0,0,0,0,1.0,45,31,14,3.0,2.0,0.0,
1032,Jonathan Casillas,22,NOR,LB,11,2,0.0,0.0,0.0,0.0,0,0,0,0,0,0,0.0,20,11,9,1.0,2.0,0.0,
1033,Chris Clemons,24,MIA,DB,11,2,0.0,0.0,0.0,0.0,0,0,0,0,0,0,0.0,14,11,3,0.0,0.0,0.0,
1034,Brandon Myers,24,OAK,TE,11,2,0.0,0.0,0.0,0.0,0,1,0,1,0,0,0.0,6,4,2,0.0,0.0,0.0,
1035,Dave Ball,28,TEN,DE,11,1,0.0,0.0,0.0,0.0,1,0,0,0,0,0,0.0,19,9,10,1.0,6.0,0.0,
1036,Donald Brown,22,IND,RB,11,1,0.0,0.0,0.0,0.0,0,0,1,1,0,0,0.0,0,0,0,0.0,0.0,0.0,
1037,Torrie Cox,29,TAM,DB,11,1,0.0,0.0,0.0,0.0,0,0,0,0,0,0,0.0,21,19,2,2.0,1.0,0.0,
1038,Jeremy Jarmon,22,WAS,DE,11,1,0.0,0.0,0.0,0.0,1,1,0,0,0,0,0.0,9,7,2,0.0,0.0,0.0,
1039,Joe Mays,24,PHI,LB,11,1,0.0,0.0,0.0,0.0,0,1,0,0,0,0,0.0,18,17,1,1.0,0.0,0.0,
1040,John McCargo,26,BUF,DT,11,1,0.0,0.0,0.0,0.0,0,0,0,0,0,0,0.0,11,7,4,0.0,2.0,0.0,
1041,Mike Richardson,25,KAN,DB,11,1,0.0,0.0,0.0,0.0,0,0,0,0,0,0,0.0,14,12,2,0.0,0.0,0.0,
1042,Brian Robiskie,22,CLE,WR,11,1,0.0,0.0,0.0,0.0,0,0,0,0,0,0,0.0,2,2,0,0.0,0.0,0.0,
1043,Matt Ware,27,ARI,DB,11,1,1.0,18.0,0.0,18.0,1,1,0,0,0,0,0.0,24,22,2,0.0,0.0,0.0,
1044,Matt Wilhelm,28,SFO,LB,11,1,0.0,0.0,0.0,0.0,0,0,0,0,0,0,0.0,18,12,6,1.0,0.0,0.0,
1045,Julius Williams,23,JAX,LB,11,1,0.0,0.0,0.0,0.0,0,0,0,0,0,0,0.0,8,6,2,0.0,0.0,0.0,
1046,Ashton Youboty,25,BUF,DB,11,1,0.0,0.0,0.0,0.0,4,0,0,0,0,0,0.0,12,10,2,0.0,0.0,0.0,
1047,Kentwan Balmer,23,SFO,DT,11,0,0.0,0.0,0.0,0.0,0,0,0,0,0,0,0.0,12,5,7,1.0,1.0,0.0,
1048,Antwan Barnes,25,BAL,LB,11,0,1.0,4.0,0.0,4.0,2,1,0,0,0,0,3.0,13,13,0,3.0,4.0,0.0,
1049,Hank Baskett,27,IND,WR,11,0,0.0,0.0,0.0,0.0,0,0,0,0,0,0,0.0,1,0,1,0.0,0.0,0.0,
1050,Marquice Cole,26,NYJ,DB,11,0,0.0,0.0,0.0,0.0,0,0,0,0,0,0,0.0,7,5,2,0.0,1.0,0.0,
1051,Will Davis,23,ARI,DE,11,0,0.0,0.0,0.0,0.0,0,0,0,0,0,0,2.0,19,16,3,2.0,2.0,0.0,
1052,Clark Harris,25,CIN,TE,11,0,0.0,0.0,0.0,0.0,0,0,0,0,0,0,0.0,1,1,0,0.0,0.0,0.0,
1053,Jason Hill,24,SFO,WR,11,0,0.0,0.0,0.0,0.0,0,0,0,0,0,0,0.0,4,4,0,0.0,0.0,0.0,
1054,Kenny Iwebema,24,ARI,DE,11,0,0.0,0.0,0.0,0.0,0,0,0,0,0,0,2.0,9,5,4,2.0,2.0,0.0,
1055,Dirk Johnson,34,TAM,P,11,0,0.0,0.0,0.0,0.0,0,0,0,0,0,0,0.0,2,2,0,0.0,0.0,0.0,
1056,Trevor Laws,24,PHI,DT,11,0,0.0,0.0,0.0,0.0,0,0,0,0,0,0,0.0,10,6,4,3.0,0.0,0.0,
1057,Kevin Ogletree,22,DAL,WR,11,0,0.0,0.0,0.0,0.0,0,0,2,1,0,0,0.0,1,1,0,0.0,0.0,0.0,
1058,Dimitri Patterson,26,PHI,DB,11,0,0.0,0.0,0.0,0.0,1,1,0,0,0,0,0.0,17,15,2,1.0,0.0,0.0,
1059,Darius Reynaud,25,MIN,WR,11,0,0.0,0.0,0.0,0.0,0,0,3,2,0,0,0.0,0,0,0,0.0,0.0,0.0,
1060,DelJuan Robinson,25,HOU,DT,11,0,0.0,0.0,0.0,0.0,0,0,0,0,0,0,0.0,4,3,1,1.0,0.0,0.0,
1061,Clint Sintim,23,NYG,LB,11,0,0.0,0.0,0.0,0.0,0,0,0,0,0,0,1.0,20,14,6,2.0,2.0,0.0,
1062,Clifton Smith,24,TAM,RB,11,0,0.0,0.0,0.0,0.0,0,0,3,1,-6,0,0.0,3,2,1,0.0,0.0,0.0,
1063,Brandon Underwood,23,GNB,DB,11,0,0.0,0.0,0.0,0.0,0,0,0,0,0,0,0.0,11,8,3,2.0,0.0,0.0,
1064,Erik Walden,24,MIA,LB,11,0,0.0,0.0,0.0,0.0,0,0,0,0,0,0,0.0,8,7,1,0.0,0.0,0.0,
1065,Derrick Williams,23,DET,WR,11,0,0.0,0.0,0.0,0.0,0,0,2,1,0,0,0.0,1,1,0,0.0,0.0,0.0,
1066,Jarius Wynn,23,GNB,DE,11,0,0.0,0.0,0.0,0.0,0,0,0,0,0,0,0.0,4,4,0,0.0,0.0,0.0,
1067,Jeromey Clary,26,SDG,RT,10,10,0.0,0.0,0.0,0.0,0,0,0,1,0,0,0.0,0,0,0,0.0,0.0,0.0,
1068,Sedrick Ellis,24,NOR,RDT,10,10,0.0,0.0,0.0,0.0,2,0,1,1,7,0,2.0,34,26,8,2.0,3.0,0.0,
1069,Al Harris,35,GNB,RCB,10,10,2.0,29.0,0.0,29.0,5,0,0,1,0,0,1.0,34,29,5,2.0,2.0,0.0,
1070,Sean Locklear,28,SEA,LT,10,10,0.0,0.0,0.0,0.0,0,0,0,1,0,0,0.0,0,0,0,0.0,0.0,0.0,
1071,Rashean Mathis,29,JAX,RCB,10,10,3.0,46.0,0.0,29.0,7,2,0,1,0,0,0.0,33,29,4,0.0,1.0,0.0,
1072,Matthew Stafford,21,DET,QB,10,10,0.0,0.0,0.0,0.0,0,0,4,2,0,0,0.0,0,0,0,0.0,0.0,0.0,
1073,Fabian Washington,26,BAL,LCB,10,10,0.0,0.0,0.0,0.0,6,0,0,0,0,0,0.0,37,35,2,2.0,0.0,0.0,
1074,Josh Freeman,21,TAM,QB,10,9,0.0,0.0,0.0,0.0,0,0,10,6,-14,0,0.0,0,0,0,0.0,0.0,0.0,
1075,Brady Quinn,25,CLE,QB,10,9,0.0,0.0,0.0,0.0,0,0,4,1,-3,0,0.0,0,0,0,0.0,0.0,0.0,
1076,Marcus Trufant,29,SEA,LCB,10,9,2.0,4.0,0.0,4.0,6,0,0,0,0,0,0.0,49,43,6,0.0,0.0,0.0,
1077,Antoine Winfield,32,MIN,LCB,10,9,1.0,0.0,0.0,0.0,5,1,0,0,0,0,1.0,55,53,2,2.0,1.0,0.0,PB
1078,Ryan Fitzpatrick,27,BUF,QB,10,8,0.0,0.0,0.0,0.0,0,0,3,0,-1,0,0.0,0,0,0,,,0.0,
1079,Donte Whitner,24,BUF,SS/FS,10,8,2.0,104.0,1.0,76.0,5,0,0,0,0,0,0.0,57,42,15,2.0,1.0,0.0,
1080,Allen Barbre,25,GNB,RT,10,7,0.0,0.0,0.0,0.0,0,0,0,1,0,0,0.0,0,0,0,0.0,0.0,0.0,
1081,Matt Roth,27,2TM,ROLB,10,6,0.0,0.0,0.0,0.0,1,0,0,1,7,0,4.0,32,20,12,4.0,7.0,0.0,
1081,Matt Roth,27,MIA,LB,4,0,0.0,0.0,0.0,0.0,0,0,0,0,0,0,0.0,4,2,2,0.0,0.0,0.0,
1081,Matt Roth,27,CLE,ROLB,6,6,0.0,0.0,0.0,0.0,1,0,0,1,7,0,4.0,28,18,10,4.0,7.0,0.0,
1082,Dewayne White,30,DET,RDE,10,5,1.0,0.0,0.0,0.0,3,0,0,1,5,0,0.0,8,6,2,2.0,2.0,0.0,
1083,Jerious Norwood,26,ATL,RB,10,4,0.0,0.0,0.0,0.0,0,0,1,1,2,0,0.0,2,0,2,0.0,0.0,0.0,
1084,Fred Bennett,26,HOU,DB,10,3,0.0,0.0,0.0,0.0,1,0,0,1,0,0,0.0,18,15,3,0.0,0.0,0.0,
1085,Landon Johnson,28,CAR,LB,10,3,0.0,0.0,0.0,0.0,0,0,0,0,0,0,0.0,20,16,4,1.0,2.0,0.0,
1086,Devin Aromashodu,25,CHI,WR,10,2,0.0,0.0,0.0,0.0,0,0,0,1,0,0,0.0,0,0,0,0.0,0.0,0.0,
1087,Ladell Betts,30,WAS,RB,10,2,0.0,0.0,0.0,0.0,0,0,0,1,0,0,0.0,0,0,0,0.0,0.0,0.0,
1088,Tony Fiammetta,23,CAR,RB,10,2,0.0,0.0,0.0,0.0,0,0,0,0,0,0,0.0,1,1,0,0.0,0.0,0.0,
1089,Brian Finneran,33,ATL,WR,10,2,0.0,0.0,0.0,0.0,1,1,0,0,0,0,0.0,2,1,1,0.0,1.0,0.0,
1090,Aaron Francisco,26,IND,DB,10,2,0.0,0.0,0.0,0.0,0,0,0,0,0,0,0.0,16,16,0,1.0,0.0,0.0,
1091,Nick Hayden,23,CAR,DT,10,2,0.0,0.0,0.0,0.0,0,0,0,0,0,0,1.0,17,15,2,3.0,1.0,0.0,
1092,Anthony Smith,26,2TM,DB,10,2,2.0,34.0,0.0,30.0,4,0,0,1,0,0,0.0,37,31,6,1.0,2.0,0.0,
1092,Anthony Smith,26,STL,DB,2,0,0.0,0.0,0.0,0.0,0,0,0,0,0,0,0.0,4,4,0,1.0,0.0,0.0,
1092,Anthony Smith,26,JAX,DB,8,2,2.0,34.0,0.0,30.0,4,0,0,1,0,0,0.0,33,27,6,0.0,2.0,0.0,
1093,Victor Adeyanju,26,STL,DE,10,1,0.0,0.0,0.0,0.0,0,0,0,1,0,0,0.0,7,6,1,0.0,3.0,0.0,
1094,Asher Allen,21,MIN,DB,10,1,1.0,0.0,0.0,0.0,1,1,0,0,0,0,1.0,27,23,4,1.0,0.0,0.0,
1095,Kellen Clemens,26,NYJ,QB,10,1,0.0,0.0,0.0,0.0,0,0,2,1,-12,0,0.0,0,0,0,0.0,0.0,0.0,
1096,Nick Ferguson,35,HOU,DB,10,1,0.0,0.0,0.0,0.0,1,0,0,0,0,0,0.0,10,8,2,0.0,0.0,0.0,
1097,Rashad Johnson,23,ARI,DB,10,1,0.0,0.0,0.0,0.0,1,0,0,0,0,0,0.0,20,19,1,0.0,0.0,0.0,
1098,Maurice Leggett,23,KAN,DB,10,1,0.0,0.0,0.0,0.0,5,0,1,2,0,0,0.0,17,16,1,0.0,0.0,0.0,
1099,Fili Moala,24,IND,DT,10,1,0.0,0.0,0.0,0.0,0,0,0,0,0,0,0.0,7,5,2,0.0,0.0,0.0,
1100,Vance Walker,22,ATL,DT,10,1,0.0,0.0,0.0,0.0,2,0,0,0,0,0,0.0,13,8,5,2.0,0.0,0.0,
1101,K.C. Asiodu,23,STL,LB,10,0,0.0,0.0,0.0,0.0,0,0,0,0,0,0,0.0,8,6,2,0.0,0.0,0.0,
1102,Antoine Harris,27,ATL,DB,10,0,0.0,0.0,0.0,0.0,0,0,0,0,0,0,0.0,3,2,1,0.0,0.0,0.0,
1103,Lavelle Hawkins,23,TEN,WR,10,0,0.0,0.0,0.0,0.0,0,0,0,0,0,0,0.0,4,3,1,0.0,0.0,0.0,
1104,David Herron,25,KAN,LB,10,0,0.0,0.0,0.0,0.0,0,0,0,0,0,0,0.0,6,5,1,0.0,0.0,0.0,
1105,Gartrell Johnson,23,NYG,RB,10,0,0.0,0.0,0.0,0.0,0,0,0,1,0,0,0.0,1,0,1,0.0,0.0,0.0,
1106,Ellis Lankster,22,BUF,DB,10,0,0.0,0.0,0.0,0.0,1,0,0,0,0,0,0.0,5,5,0,0.0,0.0,0.0,
1107,Mark LeVoir,27,NWE,T,10,0,0.0,0.0,0.0,0.0,0,0,0,1,0,0,0.0,0,0,0,0.0,0.0,0.0,
1108,Bret Lockett,23,NWE,DB,10,0,0.0,0.0,0.0,0.0,0,1,0,0,0,0,0.0,7,5,2,0.0,0.0,0.0,
1109,Vaughn Martin,23,SDG,DT,10,0,0.0,0.0,0.0,0.0,0,0,0,0,0,0,0.0,5,4,1,1.0,0.0,0.0,
1110,Marko Mitchell,24,WAS,WR,10,0,0.0,0.0,0.0,0.0,0,0,0,0,0,0,0.0,1,0,1,0.0,0.0,0.0,
1111,Mike Montgomery,26,GNB,DT,10,0,0.0,0.0,0.0,0.0,0,0,0,0,0,0,0.0,3,2,1,1.0,1.0,0.0,
1112,Quentin Moses,26,MIA,DE,10,0,0.0,0.0,0.0,0.0,0,0,0,0,0,0,1.0,6,5,1,1.0,1.0,0.0,
1113,Marques Murrell,24,NYJ,LB,10,0,0.0,0.0,0.0,0.0,0,1,0,0,0,0,0.0,12,8,4,0.0,0.0,0.0,
1114,Reggie Smith,23,SFO,DB,10,0,0.0,0.0,0.0,0.0,0,0,1,1,0,0,0.0,4,4,0,0.0,0.0,0.0,
1115,David Tyree,29,BAL,WR,10,0,0.0,0.0,0.0,0.0,0,0,0,1,0,0,0.0,6,5,1,0.0,0.0,0.0,
1116,Jerheme Urban,29,ARI,WR,10,0,0.0,0.0,0.0,0.0,0,0,0,0,0,0,0.0,1,1,0,0.0,0.0,0.0,
1117,Danny Woodhead,24,NYJ,RB,10,0,0.0,0.0,0.0,0.0,0,0,0,0,0,0,0.0,2,2,0,0.0,0.0,0.0,
1118,Ronnie Brown,28,MIA,RB,9,9,0.0,0.0,0.0,0.0,0,0,1,0,0,0,0.0,0,0,0,,,0.0,
1119,Jason Ferguson,35,MIA,NT,9,9,0.0,0.0,0.0,0.0,1,0,0,0,0,0,0.0,23,15,8,4.0,0.0,0.0,
1120,Aaron Kampman,30,GNB,LOLB,9,9,0.0,0.0,0.0,0.0,0,1,0,0,0,0,3.5,42,30,12,4.0,16.0,0.0,
1121,Antonio Pierce,31,NYG,MLB,9,9,0.0,0.0,0.0,0.0,3,1,0,1,3,0,1.0,55,40,15,4.0,4.0,0.0,
1122,Bryan Scott,28,BUF,RCB/LLB,9,9,1.0,27.0,0.0,27.0,3,1,0,0,0,0,2.0,81,58,23,3.0,3.0,0.0,
1123,Joe Staley,25,SFO,LT,9,9,0.0,0.0,0.0,0.0,0,0,0,2,0,0,0.0,0,0,0,,,0.0,
1124,Marc Bulger,32,STL,QB,9,8,0.0,0.0,0.0,0.0,0,0,6,2,0,0,0.0,0,0,0,0.0,0.0,0.0,
1125,Jabari Greer,27,NOR,LCB,9,8,2.0,59.0,1.0,48.0,13,0,0,0,0,0,0.0,43,40,3,1.0,2.0,0.0,
1126,Kelvin Hayden,26,IND,LCB,9,8,1.0,6.0,0.0,6.0,5,0,0,0,0,0,0.0,50,42,8,1.0,0.0,0.0,
1127,Keenan Burton,25,STL,WR,9,6,0.0,0.0,0.0,0.0,0,0,0,0,0,0,0.0,1,1,0,0.0,0.0,0.0,
1128,Marquand Manuel,30,DET,SS,9,6,0.0,0.0,0.0,0.0,2,1,0,0,0,0,0.0,36,30,6,0.0,0.0,0.0,
1129,Jon Alston,26,OAK,LB,9,4,0.0,0.0,0.0,0.0,0,0,0,1,0,0,0.0,23,15,8,2.0,0.0,0.0,
1130,Brandon Gibson,22,STL,WR,9,4,0.0,0.0,0.0,0.0,0,0,2,1,0,0,0.0,0,0,0,0.0,0.0,0.0,
1131,Jo-Lonn Dunbar,24,NOR,LB,9,3,0.0,0.0,0.0,0.0,0,0,0,0,0,0,0.0,20,13,7,0.0,0.0,0.0,
1132,Mark Setterstrom,25,STL,G,9,3,0.0,0.0,0.0,0.0,0,0,0,1,0,0,0.0,0,0,0,0.0,0.0,0.0,
1133,Ron Brace,23,NWE,DT,9,2,0.0,0.0,0.0,0.0,0,0,0,0,0,0,0.0,8,6,2,0.0,0.0,0.0,
1134,Travis Daniels,27,KAN,DB,9,2,0.0,0.0,0.0,0.0,2,0,0,0,0,0,0.0,21,17,4,0.0,1.0,0.0,
1135,Donald Strickland,29,NYJ,DB,9,2,0.0,0.0,0.0,0.0,2,1,0,0,0,0,2.0,26,22,4,2.0,3.0,0.0,
1136,Lynell Hamilton,24,NOR,RB,9,1,0.0,0.0,0.0,0.0,0,0,0,0,0,0,0.0,4,4,0,0.0,0.0,0.0,
1137,Paul Kruger,23,BAL,DE,9,1,1.0,26.0,0.0,26.0,3,0,0,0,0,0,0.0,11,4,7,0.0,0.0,0.0,
1138,Spencer Larsen,25,DEN,LB,9,1,0.0,0.0,0.0,0.0,0,0,0,0,0,0,0.0,10,10,0,0.0,0.0,0.0,
1139,Cary Williams,25,2TM,DB,9,1,0.0,0.0,0.0,0.0,1,2,0,0,0,0,0.0,20,15,5,0.0,0.0,0.0,
1139,Cary Williams,25,TEN,DB,4,0,0.0,0.0,0.0,0.0,1,1,0,0,0,0,0.0,12,7,5,0.0,0.0,0.0,
1139,Cary Williams,25,BAL,DB,5,1,0.0,0.0,0.0,0.0,0,1,0,0,0,0,0.0,8,8,0,0.0,0.0,0.0,
1140,Connor Barth,23,TAM,K,9,0,0.0,0.0,0.0,0.0,0,0,0,0,0,0,0.0,1,1,0,0.0,0.0,0.0,
1141,Monty Beisel,31,2TM,LB,9,0,0.0,0.0,0.0,0.0,0,0,0,0,0,0,0.0,8,8,0,0.0,0.0,0.0,
1141,Monty Beisel,31,KAN,LB,3,0,0.0,0.0,0.0,0.0,0,0,0,0,0,0,0.0,2,2,0,0.0,0.0,0.0,
1141,Monty Beisel,31,ARI,LB,6,0,0.0,0.0,0.0,0.0,0,0,0,0,0,0,0.0,6,6,0,0.0,0.0,0.0,
1142,Vinny Ciurciu,29,DET,LB,9,0,0.0,0.0,0.0,0.0,0,0,0,0,0,0,0.0,5,4,1,0.0,0.0,0.0,
1143,Quintin Demps,24,PHI,DB,9,0,1.0,12.0,0.0,12.0,3,0,0,0,0,0,0.0,14,11,3,0.0,0.0,0.0,
1144,Early Doucet,24,ARI,WR,9,0,0.0,0.0,0.0,0.0,0,0,0,0,0,0,0.0,3,1,2,0.0,0.0,0.0,
1145,Cody Glenn,23,IND,LB,9,0,0.0,0.0,0.0,0.0,0,0,0,0,0,0,0.0,9,7,2,0.0,0.0,0.0,
1146,Courtney Greene,23,JAX,DB,9,0,0.0,0.0,0.0,0.0,0,0,0,0,0,0,0.0,5,4,1,0.0,0.0,0.0,
1147,Mike Hart,23,IND,RB,9,0,0.0,0.0,0.0,0.0,0,0,0,0,0,0,0.0,3,3,0,0.0,0.0,0.0,
1148,Stephen Hauschka,24,BAL,K,9,0,0.0,0.0,0.0,0.0,0,0,0,0,0,0,0.0,1,1,0,0.0,0.0,0.0,
1149,James Holt,23,SDG,LB,9,0,0.0,0.0,0.0,0.0,0,0,0,0,0,0,0.0,10,8,2,1.0,0.0,0.0,
1150,LaMont Jordan,31,DEN,RB,9,0,0.0,0.0,0.0,0.0,0,0,0,0,0,0,0.0,2,2,0,0.0,0.0,0.0,
1151,Sen'Derrick Marks,22,TEN,DT,9,0,0.0,0.0,0.0,0.0,1,0,0,0,0,0,1.0,12,7,5,1.0,2.0,0.0,
1152,Haruki Nakamura,23,BAL,DB,9,0,0.0,0.0,0.0,0.0,0,1,0,0,0,0,0.0,4,4,0,0.0,1.0,0.0,
1153,Ryan Neill,27,STL,DE,9,0,0.0,0.0,0.0,0.0,0,0,0,0,0,0,0.0,2,2,0,0.0,0.0,0.0,
1154,Aaron Stecker,34,ATL,RB,9,0,0.0,0.0,0.0,0.0,0,0,0,0,0,0,0.0,2,2,0,0.0,0.0,0.0,
1155,Limas Sweed,25,PIT,WR,9,0,0.0,0.0,0.0,0.0,0,0,0,0,0,0,0.0,1,1,0,0.0,0.0,0.0,
1156,Gerris Wilkinson,26,NYG,LB,9,0,0.0,0.0,0.0,0.0,0,0,0,0,0,0,0.0,9,8,1,0.0,0.0,0.0,
1157,Eric Barton,32,CLE,RILB,8,8,0.0,0.0,0.0,0.0,2,0,0,1,0,0,0.0,58,36,22,1.0,1.0,0.0,
1158,Owen Daniels,27,HOU,TE,8,8,0.0,0.0,0.0,0.0,0,0,1,0,0,0,0.0,0,0,0,0.0,0.0,0.0,
1159,Keith Ellison,25,BUF,LLB,8,8,0.0,0.0,0.0,0.0,2,0,0,0,0,0,0.0,68,40,28,3.0,1.0,0.0,
1160,Clinton Portis,28,WAS,RB,8,8,0.0,0.0,0.0,0.0,0,0,1,1,0,0,0.0,0,0,0,0.0,0.0,0.0,
1161,Mike Williams,29,WAS,RG,8,8,0.0,0.0,0.0,0.0,0,0,0,2,0,0,0.0,0,0,0,0.0,0.0,0.0,
1162,Eugene Wilson,29,HOU,FS,8,8,2.0,29.0,0.0,16.0,3,1,0,0,0,0,0.0,29,23,6,0.0,0.0,0.0,
1163,Derek Anderson,26,CLE,QB,8,7,0.0,0.0,0.0,0.0,0,0,5,2,-4,0,0.0,0,0,0,,,0.0,
1164,Trent Edwards,26,BUF,QB,8,7,0.0,0.0,0.0,0.0,0,0,1,0,0,0,0.0,0,0,0,,,0.0,
1165,Mike Goff,33,KAN,RG,8,7,0.0,0.0,0.0,0.0,0,0,0,2,0,0,0.0,0,0,0,0.0,0.0,0.0,
1166,Derek Fine,26,BUF,TE,8,6,0.0,0.0,0.0,0.0,0,0,0,1,0,0,0.0,3,0,3,0.0,0.0,0.0,
1167,Daunte Culpepper,32,DET,QB,8,5,0.0,0.0,0.0,0.0,0,0,4,4,-8,0,0.0,0,0,0,0.0,0.0,0.0,
1168,Nick Eason,29,PIT,LDE,8,5,0.0,0.0,0.0,0.0,0,0,0,0,0,0,0.0,16,15,1,2.0,1.0,0.0,
1169,Chris Horton,25,WAS,SS,8,5,0.0,0.0,0.0,0.0,3,1,0,1,0,0,0.0,37,28,9,2.0,0.0,0.0,
1170,Ko Simpson,26,DET,SS,8,5,1.0,8.0,0.0,8.0,4,0,0,1,0,0,0.0,30,26,4,1.0,0.0,0.0,
1171,Chris Canty,27,NYG,DT,8,4,0.0,0.0,0.0,0.0,0,0,0,0,0,0,0.5,13,8,5,1.0,1.0,0.0,
1172,Quinton Ganther,25,WAS,RB,8,4,0.0,0.0,0.0,0.0,0,0,0,0,0,0,0.0,2,2,0,0.0,0.0,0.0,
1173,Tye Hill,27,ATL,DB,8,3,1.0,62.0,1.0,62.0,1,0,0,0,0,0,0.0,7,7,0,0.0,1.0,0.0,
1174,Will Allen,27,TAM,DB,8,2,0.0,0.0,0.0,0.0,1,0,0,0,0,0,0.0,20,16,4,0.0,0.0,0.0,
1175,C.J. Ah You,27,STL,DE,8,1,0.0,0.0,0.0,0.0,1,0,0,0,0,0,1.0,17,16,1,1.0,2.0,0.0,
1176,Matt Leinart,26,ARI,QB,8,1,0.0,0.0,0.0,0.0,0,0,1,0,-9,0,0.0,0,0,0,,,0.0,
1177,Trey Lewis,24,ATL,DT,8,1,0.0,0.0,0.0,0.0,0,0,0,0,0,0,0.0,10,8,2,1.0,2.0,0.0,
1178,Kyle Arrington,23,NWE,DB,8,0,0.0,0.0,0.0,0.0,0,0,0,0,0,0,0.0,18,14,4,0.0,0.0,0.0,
1179,Ryan Fowler,27,NYJ,LB,8,0,0.0,0.0,0.0,0.0,0,0,0,0,0,0,0.0,3,0,3,0.0,0.0,0.0,
1180,Mike Goodson,22,CAR,RB,8,0,0.0,0.0,0.0,0.0,0,0,1,0,0,0,0.0,0,0,0,,,0.0,
1181,Marques Harris,28,2TM,LB,8,0,0.0,0.0,0.0,0.0,0,2,0,0,0,0,2.0,15,9,6,2.0,3.0,0.0,
1181,Marques Harris,28,SFO,LB,4,0,0.0,0.0,0.0,0.0,0,1,0,0,0,0,0.0,6,3,3,0.0,1.0,0.0,
1181,Marques Harris,28,SDG,LB,4,0,0.0,0.0,0.0,0.0,0,1,0,0,0,0,2.0,9,6,3,2.0,2.0,0.0,
1182,Ellis Hobbs,26,PHI,DB,8,0,0.0,0.0,0.0,0.0,0,0,1,0,0,0,0.0,11,8,3,0.0,0.0,0.0,
1183,Lendy Holmes,24,WAS,DB,8,0,0.0,0.0,0.0,0.0,0,0,0,0,0,0,0.0,2,2,0,0.0,0.0,0.0,
1184,Todd Johnson,31,BUF,DB,8,0,0.0,0.0,0.0,0.0,0,0,0,1,0,0,0.0,5,3,2,0.0,0.0,0.0,
1185,Matt Lawrence,24,BAL,RB,8,0,0.0,0.0,0.0,0.0,0,0,0,0,0,0,0.0,8,7,1,0.0,0.0,0.0,
1186,Roy Lewis,24,SEA,DB,8,0,0.0,0.0,0.0,0.0,0,0,0,0,0,0,0.0,3,3,0,0.0,0.0,0.0,
1187,Ruvell Martin,27,STL,WR,8,0,0.0,0.0,0.0,0.0,0,0,0,1,0,0,0.0,0,0,0,0.0,0.0,0.0,
1188,Kenny McKinley,22,DEN,WR,8,0,0.0,0.0,0.0,0.0,0,0,0,0,0,0,0.0,3,3,0,0.0,0.0,0.0,
1189,Kyle Moore,23,TAM,DE,8,0,0.0,0.0,0.0,0.0,1,0,0,0,0,0,0.0,11,9,2,0.0,0.0,0.0,
1190,Sinorice Moss,26,NYG,WR,8,0,0.0,0.0,0.0,0.0,0,0,1,0,0,0,0.0,2,2,0,0.0,0.0,0.0,
1191,Ropati Pitoitua,24,NYJ,DE,8,0,0.0,0.0,0.0,0.0,0,0,0,0,0,0,0.0,3,2,1,0.0,0.0,0.0,
1192,Keiwan Ratliff,28,PIT,DB,8,0,0.0,0.0,0.0,0.0,0,0,0,0,0,0,0.0,9,9,0,0.0,0.0,0.0,
1193,Jordan Senn,25,2TM,LB,8,0,0.0,0.0,0.0,0.0,0,0,0,0,0,0,0.0,16,11,5,0.0,0.0,0.0,
1193,Jordan Senn,25,IND,LB,2,0,0.0,0.0,0.0,0.0,0,0,0,0,0,0,0.0,8,5,3,0.0,0.0,0.0,
1193,Jordan Senn,25,CAR,LB,6,0,0.0,0.0,0.0,0.0,0,0,0,0,0,0,0.0,8,6,2,0.0,0.0,0.0,
1194,Dan Skuta,23,CIN,LB,8,0,0.0,0.0,0.0,0.0,0,0,0,0,0,0,0.0,8,6,2,0.0,0.0,0.0,
1195,Danny Ware,24,NYG,RB,8,0,0.0,0.0,0.0,0.0,0,0,1,0,0,0,0.0,3,2,1,0.0,0.0,0.0,
1196,Donald Washington,23,KAN,DB,8,0,0.0,0.0,0.0,0.0,0,0,0,0,0,0,0.0,5,5,0,0.0,0.0,0.0,
1197,Rod Wilson,28,TAM,DB,8,0,0.0,0.0,0.0,0.0,0,0,0,0,0,0,0.0,3,3,0,0.0,0.0,0.0,
1198,Garrett Wolfe,25,CHI,RB,8,0,0.0,0.0,0.0,0.0,0,0,0,0,0,0,0.0,9,7,2,0.0,0.0,0.0,
1199,Dave Zastudil,31,CLE,P,8,0,0.0,0.0,0.0,0.0,0,0,0,0,0,0,0.0,1,1,0,0.0,0.0,0.0,
1200,Chris Cooley,27,WAS,TE,7,7,0.0,0.0,0.0,0.0,0,0,1,1,0,0,0.0,0,0,0,0.0,0.0,0.0,
1201,Thomas Davis,26,CAR,RLB,7,7,2.0,24.0,0.0,24.0,6,0,0,0,0,0,1.5,61,48,13,5.0,2.0,0.0,
1202,Tyjuan Hagler,28,IND,LLB,7,7,0.0,0.0,0.0,0.0,3,0,0,0,0,0,0.0,27,15,12,1.0,0.0,0.0,
1203,Larry Johnson,30,KAN,RB,7,7,0.0,0.0,0.0,0.0,0,0,2,0,0,0,0.0,0,0,0,,,0.0,
1204,Nate Clements,30,SFO,LCB,7,6,1.0,8.0,0.0,8.0,7,0,1,0,0,0,0.0,35,30,5,2.0,0.0,0.0,
1205,Kerry Collins,37,TEN,QB,7,6,0.0,0.0,0.0,0.0,0,0,3,1,-4,0,0.0,1,1,0,0.0,0.0,0.0,
1206,Steve Heiden,33,CLE,TE,7,6,0.0,0.0,0.0,0.0,0,0,1,1,0,0,0.0,0,0,0,0.0,0.0,0.0,
1207,Matt Moore,25,CAR,QB,7,5,0.0,0.0,0.0,0.0,0,0,2,1,-2,0,0.0,0,0,0,,,0.0,
1208,Stephen Spach,27,ARI,TE,7,5,0.0,0.0,0.0,0.0,0,0,0,0,0,0,0.0,1,1,0,0.0,0.0,0.0,
1209,Kyle Boller,28,STL,QB,7,4,0.0,0.0,0.0,0.0,0,0,2,0,-9,0,0.0,0,0,0,0.0,0.0,0.0,
1210,Bruce Gradkowski,26,OAK,QB,7,4,0.0,0.0,0.0,0.0,0,0,5,2,-7,0,0.0,0,0,0,,,0.0,
1211,Bradley Fletcher,23,STL,DB,7,3,0.0,0.0,0.0,0.0,1,0,0,1,-2,0,0.0,23,23,0,2.0,0.0,0.0,
1212,Clinton Hart,32,2TM,DB,7,3,0.0,0.0,0.0,0.0,0,0,0,0,0,0,0.0,17,12,5,0.0,0.0,0.0,
1212,Clinton Hart,32,SDG,DB,4,3,0.0,0.0,0.0,0.0,0,0,0,0,0,0,0.0,16,11,5,0.0,0.0,0.0,
1212,Clinton Hart,32,STL,DB,3,0,0.0,0.0,0.0,0.0,0,0,0,0,0,0,0.0,1,1,0,0.0,0.0,0.0,
1213,Ty Law,35,DEN,DB,7,2,1.0,37.0,0.0,37.0,1,0,0,0,0,0,0.0,10,9,1,0.0,1.0,0.0,
1214,Lance Long,24,KAN,WR,7,1,0.0,0.0,0.0,0.0,0,0,1,1,0,0,0.0,0,0,0,0.0,0.0,0.0,
1215,DeAngelo Smith,23,DET,DB,7,1,0.0,0.0,0.0,0.0,1,0,0,0,0,0,0.0,16,10,6,0.0,0.0,0.0,
1216,Kahlil Bell,23,CHI,RB,7,0,0.0,0.0,0.0,0.0,0,0,0,0,0,0,0.0,3,1,2,0.0,0.0,0.0,
1217,Michael Bennett,24,TAM,DE,7,0,0.0,0.0,0.0,0.0,0,0,0,0,0,0,1.0,3,2,1,1.0,2.0,0.0,
1218,Tim Castille,25,KAN,RB,7,0,0.0,0.0,0.0,0.0,0,0,1,0,0,0,0.0,4,4,0,0.0,0.0,0.0,
1219,Joe Cohen,25,DET,DT,7,0,0.0,0.0,0.0,0.0,0,0,0,0,0,0,1.0,9,6,3,1.0,1.0,0.0,
1220,Letroy Guion,22,MIN,DT,7,0,0.0,0.0,0.0,0.0,1,0,0,0,0,0,0.0,1,1,0,0.0,0.0,0.0,
1221,Edgerrin James,31,SEA,RB,7,0,0.0,0.0,0.0,0.0,0,0,1,1,0,0,0.0,0,0,0,0.0,0.0,0.0,
1222,Jason Jones,23,TEN,DT,7,0,0.0,0.0,0.0,0.0,5,0,0,0,0,0,4.0,15,9,6,5.0,7.0,0.0,
1223,Derek Landri,26,JAX,DT,7,0,0.0,0.0,0.0,0.0,0,0,0,0,0,0,1.0,13,9,4,1.0,1.0,0.0,
1224,Charly Martin,25,CAR,WR,7,0,0.0,0.0,0.0,0.0,0,0,0,0,0,0,0.0,6,5,1,0.0,0.0,0.0,
1225,Glenn Martinez,28,HOU,WR,7,0,0.0,0.0,0.0,0.0,0,0,0,0,0,0,0.0,9,6,3,0.0,0.0,0.0,
1226,Brandon McKinney,26,BAL,DT,7,0,0.0,0.0,0.0,0.0,0,0,0,0,0,0,0.0,2,2,0,0.0,0.0,0.0,
1227,Anthony Montgomery,25,WAS,NT,7,0,0.0,0.0,0.0,0.0,1,0,0,0,0,0,0.0,4,4,0,1.0,0.0,0.0,
1228,Dre Moore,24,TAM,DT,7,0,0.0,0.0,0.0,0.0,0,0,0,0,0,0,0.0,4,4,0,2.0,0.0,0.0,
1229,Jalen Parmele,24,BAL,RB,7,0,0.0,0.0,0.0,0.0,0,0,0,0,0,0,0.0,6,6,0,0.0,0.0,0.0,
1230,DeMario Pressley,24,NOR,DT,7,0,0.0,0.0,0.0,0.0,0,0,0,0,0,0,0.0,15,15,0,3.0,0.0,0.0,
1231,Louis Rankin,24,SEA,RB,7,0,0.0,0.0,0.0,0.0,0,0,1,0,0,0,0.0,1,0,1,0.0,0.0,0.0,
1232,Javon Ringer,22,TEN,RB,7,0,0.0,0.0,0.0,0.0,0,0,0,0,0,0,0.0,1,1,0,0.0,0.0,0.0,
1233,Ramzee Robinson,25,2TM,DB,7,0,0.0,0.0,0.0,0.0,0,0,0,0,0,0,0.0,5,4,1,0.0,0.0,0.0,
1233,Ramzee Robinson,25,PHI,DB,3,0,0.0,0.0,0.0,0.0,0,0,0,0,0,0,0.0,3,2,1,0.0,0.0,0.0,
1233,Ramzee Robinson,25,CLE,DB,4,0,0.0,0.0,0.0,0.0,0,0,0,0,0,0,0.0,2,2,0,0.0,0.0,0.0,
1234,Mike Schneck,32,ATL,LS,7,0,0.0,0.0,0.0,0.0,0,0,0,0,0,0,0.0,2,2,0,0.0,0.0,0.0,
1235,Junior Seau,40,NWE,LB,7,0,0.0,0.0,0.0,0.0,0,0,0,1,0,0,0.0,14,9,5,0.0,1.0,0.0,
1236,Curtis Taylor,24,SFO,DB,7,0,0.0,0.0,0.0,0.0,0,0,0,0,0,0,0.0,4,3,1,0.0,0.0,0.0,
1237,Jyles Tucker,26,SDG,LB,7,0,0.0,0.0,0.0,0.0,0,0,0,0,0,0,0.0,4,4,0,0.0,0.0,0.0,
1238,Reggie Walker,23,ARI,LB,7,0,0.0,0.0,0.0,0.0,0,0,0,1,0,0,0.0,6,6,0,1.0,0.0,0.0,
1239,Leon Washington,27,NYJ,RB,7,0,0.0,0.0,0.0,0.0,0,0,1,0,0,0,0.0,1,1,0,0.0,0.0,0.0,
1240,Jack Williams,24,DEN,DB,7,0,0.0,0.0,0.0,0.0,3,0,0,1,8,0,0.0,14,14,0,0.0,0.0,0.0,
1241,C.J. Wilson,24,CAR,DB,7,0,0.0,0.0,0.0,0.0,3,0,0,0,0,0,0.0,7,7,0,0.0,0.0,0.0,
1242,Brian Witherspoon,24,JAX,DB,7,0,0.0,0.0,0.0,0.0,0,0,2,0,0,0,0.0,3,2,1,0.0,0.0,0.0,
1243,Will Allen,31,MIA,LCB,6,6,2.0,27.0,0.0,21.0,6,0,0,0,0,0,0.0,21,19,2,0.0,0.0,0.0,
1244,Shaun Hill,29,SFO,QB,6,6,0.0,0.0,0.0,0.0,0,0,3,0,0,0,0.0,0,0,0,,,0.0,
1245,D'Qwell Jackson,26,CLE,LILB,6,6,0.0,0.0,0.0,0.0,2,1,0,0,0,0,0.0,59,46,13,2.0,1.0,0.0,
1246,Kris Jenkins,30,NYJ,NT,6,6,0.0,0.0,0.0,0.0,0,0,0,0,0,0,0.0,13,11,2,4.0,2.0,0.0,
1247,Antwan Odom,28,CIN,RDE,6,6,0.0,0.0,0.0,0.0,2,0,0,0,0,0,8.0,19,18,1,9.0,12.0,0.0,
1248,Roderick Hood,28,TEN,DB,6,4,3.0,91.0,1.0,43.0,4,0,0,0,0,0,0.0,16,14,2,1.0,0.0,0.0,
1249,Josh Johnson,23,TAM,QB,6,4,0.0,0.0,0.0,0.0,0,0,7,3,-3,0,0.0,0,0,0,0.0,0.0,0.0,
1250,Jevon Kearse,33,TEN,DE,6,4,0.0,0.0,0.0,0.0,0,0,0,1,0,0,1.0,4,1,3,1.0,2.0,0.0,
1251,Sean Mahan,29,TAM,C,6,4,0.0,0.0,0.0,0.0,0,0,0,1,0,0,0.0,0,0,0,0.0,0.0,0.0,
1252,Chris Redman,32,ATL,QB,6,2,0.0,0.0,0.0,0.0,0,0,1,0,0,0,0.0,0,0,0,,,0.0,
1253,Bryan Smith,26,JAX,DE,6,2,0.0,0.0,0.0,0.0,0,0,0,0,0,0,0.0,6,3,3,2.0,2.0,0.0,
1254,Red Bryant,25,SEA,DE,6,1,0.0,0.0,0.0,0.0,0,0,0,0,0,0,0.0,8,6,2,3.0,0.0,0.0,
1255,Arian Foster,23,HOU,RB,6,1,0.0,0.0,0.0,0.0,0,0,1,0,0,0,0.0,2,1,1,0.0,0.0,0.0,
1256,Quinten Lawrence,25,KAN,WR,6,1,0.0,0.0,0.0,0.0,0,0,0,0,0,0,0.0,3,3,0,0.0,0.0,0.0,
1257,Fred Taylor,33,NWE,RB,6,1,0.0,0.0,0.0,0.0,0,0,1,0,0,0,0.0,0,0,0,0.0,0.0,0.0,
1258,Jamar Adams,24,SEA,DB,6,0,0.0,0.0,0.0,0.0,0,0,0,0,0,0,0.0,4,3,1,0.0,0.0,0.0,
1259,Marcus Benard,24,CLE,LB,6,0,0.0,0.0,0.0,0.0,0,0,0,0,0,0,3.5,14,9,5,3.0,8.0,0.0,
1260,Michael Bennett,31,SDG,RB,6,0,0.0,0.0,0.0,0.0,0,0,0,0,0,0,0.0,2,2,0,0.0,0.0,0.0,
1261,Rocky Boiman,29,PIT,LB,6,0,0.0,0.0,0.0,0.0,0,0,0,0,0,0,0.0,3,0,3,0.0,0.0,0.0,
1262,David Carr,30,NYG,QB,6,0,0.0,0.0,0.0,0.0,0,0,1,0,-1,0,0.0,0,0,0,,,0.0,
1263,Ahmad Carroll,26,NYJ,DB,6,0,0.0,0.0,0.0,0.0,0,0,0,0,0,0,0.0,3,3,0,0.0,0.0,0.0,
1264,Quinton Culberson,24,2TM,LB,6,0,0.0,0.0,0.0,0.0,0,0,0,0,0,0,0.0,8,4,4,0.0,0.0,0.0,
1264,Quinton Culberson,24,STL,LB,1,0,0.0,0.0,0.0,0.0,0,0,0,0,0,0,0.0,1,1,0,0.0,0.0,0.0,
1264,Quinton Culberson,24,CAR,LB,5,0,0.0,0.0,0.0,0.0,0,0,0,0,0,0,0.0,7,3,4,0.0,0.0,0.0,
1265,Carey Davis,28,PIT,RB,6,0,0.0,0.0,0.0,0.0,0,0,0,1,0,0,0.0,2,2,0,0.0,0.0,0.0,
1266,Coye Francies,23,CLE,DB,6,0,0.0,0.0,0.0,0.0,1,0,0,0,0,0,0.0,4,3,1,0.0,0.0,0.0,
1267,Michael Hamlin,24,DAL,DB,6,0,0.0,0.0,0.0,0.0,0,0,0,0,0,0,0.0,9,9,0,0.0,0.0,0.0,
1268,Robert Henson,23,WAS,LB,6,0,0.0,0.0,0.0,0.0,0,0,0,0,0,0,0.0,3,3,0,0.0,0.0,0.0,
1269,Tim Jamison,23,HOU,DE,6,0,0.0,0.0,0.0,0.0,0,0,0,0,0,0,0.0,2,2,0,0.0,0.0,0.0,
1270,William Joseph,30,OAK,DT,6,0,0.0,0.0,0.0,0.0,0,0,0,0,0,0,0.0,8,5,3,1.0,0.0,0.0,
1271,Jeremy Navarre,22,JAX,DE,6,0,0.0,0.0,0.0,0.0,0,0,0,0,0,0,0.0,5,5,0,3.0,0.0,0.0,
1272,Derrick Roberson,24,TAM,DB,6,0,0.0,0.0,0.0,0.0,2,0,0,0,0,0,0.0,3,2,1,0.0,0.0,0.0,
1273,Kenny Smith,32,KAN,DT,6,0,0.0,0.0,0.0,0.0,0,0,0,0,0,0,0.0,3,3,0,0.0,0.0,0.0,
1274,Brett Swain,24,GNB,WR,6,0,0.0,0.0,0.0,0.0,0,0,0,0,0,0,0.0,4,4,0,0.0,0.0,0.0,
1275,Hilee Taylor,23,CAR,LB,6,0,0.0,0.0,0.0,0.0,0,0,0,0,0,0,0.0,2,1,1,0.0,0.0,0.0,
1276,Jeremy Thompson,24,GNB,DE,6,0,0.0,0.0,0.0,0.0,0,0,0,0,0,0,0.0,1,1,0,0.0,0.0,0.0,
1277,Ricky Brown,26,OAK,LLB,5,5,0.0,0.0,0.0,0.0,2,1,0,0,0,0,0.0,31,24,7,0.0,0.0,0.0,
1278,Gary Gibson,27,STL,LDT,5,5,0.0,0.0,0.0,0.0,1,0,0,0,0,0,0.0,11,10,1,1.0,1.0,0.0,
1279,Kawika Mitchell,30,BUF,RLB,5,5,0.0,0.0,0.0,0.0,0,1,0,0,0,0,0.0,27,17,10,0.0,4.0,0.0,
1280,Jarrad Page,25,KAN,FS,5,5,0.0,0.0,0.0,0.0,2,1,0,0,0,0,0.0,19,19,0,1.0,0.0,0.0,
1281,Troy Polamalu,28,PIT,SS,5,5,3.0,17.0,0.0,16.0,7,0,0,0,0,0,0.0,20,18,2,4.0,0.0,0.0,
1282,Aaron Smith,33,PIT,LDE,5,5,0.0,0.0,0.0,0.0,0,0,0,0,0,0,2.0,9,6,3,4.0,2.0,0.0,
1283,Lofa Tatupu,27,SEA,MLB,5,5,0.0,0.0,0.0,0.0,2,0,0,0,0,0,1.0,32,21,11,2.0,2.0,0.0,
1284,Brian Williams,30,ATL,RCB,5,5,1.0,-2.0,0.0,-2.0,3,0,1,1,53,0,0.0,18,15,3,0.0,0.0,0.0,
1285,Omar Gaither,25,PHI,LB,5,3,0.0,0.0,0.0,0.0,1,0,0,1,0,0,1.5,30,24,6,4.0,2.0,0.0,
1286,B.J. Askew,29,TAM,FB,5,2,0.0,0.0,0.0,0.0,0,0,0,1,0,0,0.0,0,0,0,0.0,0.0,0.0,
1287,Marcus Buggs,24,BUF,LB,5,2,0.0,0.0,0.0,0.0,0,0,0,0,0,0,0.0,21,14,7,1.0,0.0,0.0,
1288,Kevin Kolb,25,PHI,QB,5,2,0.0,0.0,0.0,0.0,0,0,2,0,0,0,0.0,0,0,0,,,0.0,
1289,Mike McKenzie,33,NOR,DB,5,2,1.0,8.0,0.0,8.0,4,0,0,0,0,0,0.0,11,8,3,0.0,0.0,0.0,
1290,Copeland Bryan,26,DET,DE,5,1,0.0,0.0,0.0,0.0,0,0,0,0,0,0,1.0,5,4,1,1.0,1.0,0.0,
1291,Brian Schaefering,26,CLE,DT,5,1,0.0,0.0,0.0,0.0,0,0,0,0,0,0,1.5,12,10,2,1.0,2.0,0.0,
1292,C.J. Spillman,23,SDG,DB,5,1,0.0,0.0,0.0,0.0,0,0,0,0,0,0,0.0,13,8,5,0.0,0.0,0.0,
1293,Spencer Adkins,22,ATL,LB,5,0,0.0,0.0,0.0,0.0,0,0,0,0,0,0,0.0,3,3,0,0.0,0.0,0.0,
1294,Ryan Baker,25,MIA,DE,5,0,0.0,0.0,0.0,0.0,0,0,0,0,0,0,0.5,2,1,1,0.0,1.0,0.0,
1295,Jackie Battle,26,KAN,RB,5,0,0.0,0.0,0.0,0.0,0,0,0,0,0,0,0.0,3,3,0,0.0,0.0,0.0,
1296,Patrick Cobbs,26,MIA,RB,5,0,0.0,0.0,0.0,0.0,0,0,0,0,0,0,0.0,1,1,0,0.0,0.0,0.0,
1297,Michael Coe,26,JAX,DB,5,0,0.0,0.0,0.0,0.0,0,0,0,0,0,0,0.0,1,1,0,0.0,0.0,0.0,
1298,Matt Giordano,27,GNB,DB,5,0,0.0,0.0,0.0,0.0,0,0,0,0,0,0,0.0,2,2,0,0.0,0.0,0.0,
1299,Rob Jackson,24,WAS,DE,5,0,0.0,0.0,0.0,0.0,1,0,0,0,0,0,0.0,1,1,0,1.0,1.0,0.0,
1300,Jordan Kent,25,STL,WR,5,0,0.0,0.0,0.0,0.0,0,0,0,0,0,0,0.0,2,2,0,0.0,0.0,0.0,
1301,Gerard Lawson,24,CLE,DB,5,0,0.0,0.0,0.0,0.0,0,0,0,0,0,0,0.0,1,1,0,0.0,0.0,0.0,
1302,Brit Miller,23,SFO,LB,5,0,0.0,0.0,0.0,0.0,0,0,0,0,0,0,0.0,4,4,0,0.0,0.0,0.0,
1303,Cyril Obiozor,23,GNB,LB,5,0,0.0,0.0,0.0,0.0,0,0,0,0,0,0,0.0,2,2,0,0.0,1.0,0.0,
1304,Alvin Pearman,27,TEN,RB,5,0,0.0,0.0,0.0,0.0,0,0,1,0,0,0,0.0,4,3,1,0.0,0.0,0.0,
1305,Maurice Purify,23,CIN,WR,5,0,0.0,0.0,0.0,0.0,0,0,0,0,0,0,0.0,6,4,2,0.0,0.0,0.0,
1306,Dantrell Savage,24,KAN,RB,5,0,0.0,0.0,0.0,0.0,0,0,1,0,0,0,0.0,0,0,0,0.0,0.0,0.0,
1307,Brad St. Louis,33,CIN,LS,5,0,0.0,0.0,0.0,0.0,0,0,0,0,0,0,0.0,1,1,0,0.0,0.0,0.0,
1308,Scott Starks,26,JAX,DB,5,0,0.0,0.0,0.0,0.0,0,0,0,0,0,0,0.0,7,4,3,0.0,0.0,0.0,
1309,Leigh Torrence,27,NOR,DB,5,0,0.0,0.0,0.0,0.0,0,0,0,0,0,0,0.5,10,9,1,0.0,1.0,0.0,
1310,C.J. Wallace,24,SEA,DB,5,0,0.0,0.0,0.0,0.0,0,0,0,0,0,0,0.0,3,3,0,0.0,0.0,0.0,
1311,Terrence Wheatley,24,NWE,DB,5,0,0.0,0.0,0.0,0.0,0,0,0,0,0,0,0.0,2,2,0,0.0,0.0,0.0,
1312,Jason Williams,23,DAL,LB,5,0,0.0,0.0,0.0,0.0,0,0,0,0,0,0,0.0,3,3,0,0.0,0.0,0.0,
1313,Edward Johnson,26,IND,DT,4,4,0.0,0.0,0.0,0.0,0,0,0,0,0,0,0.0,11,10,1,1.0,0.0,0.0,
1314,Keith Null,24,STL,QB,4,4,0.0,0.0,0.0,0.0,0,0,3,2,-5,0,0.0,0,0,0,0.0,0.0,0.0,
1315,Roy Williams,29,CIN,DB,4,4,0.0,0.0,0.0,0.0,2,0,0,0,0,0,0.0,28,19,9,0.0,1.0,0.0,
1316,Brendon Ayanbadejo,33,BAL,LB,4,1,1.0,0.0,0.0,0.0,1,0,0,0,0,0,1.0,22,19,3,1.0,1.0,0.0,
1317,Cary Harris,22,BUF,DB,4,1,2.0,7.0,0.0,7.0,2,0,0,0,0,0,0.0,5,4,1,0.0,0.0,0.0,
1318,Eric King,27,DET,DB,4,1,0.0,0.0,0.0,0.0,1,0,0,0,0,0,0.0,7,6,1,0.0,1.0,0.0,
1319,Jake Nordin,25,DET,TE,4,1,0.0,0.0,0.0,0.0,0,0,0,0,0,0,0.0,2,2,0,0.0,0.0,0.0,
1320,Bear Pascoe,23,NYG,TE,4,1,0.0,0.0,0.0,0.0,0,0,0,0,0,0,0.0,2,1,1,0.0,0.0,0.0,
1321,Aaron Ross,27,NYG,DB,4,1,0.0,0.0,0.0,0.0,0,0,0,0,0,0,0.0,10,8,2,0.0,0.0,0.0,
1322,Kevin Barnes,23,WAS,DB,4,0,0.0,0.0,0.0,0.0,0,0,1,0,0,0,0.0,2,2,0,0.0,0.0,0.0,
1323,Josh Bell,24,GNB,DB,4,0,0.0,0.0,0.0,0.0,0,0,0,0,0,0,0.0,5,5,0,0.0,0.0,0.0,
1324,Darnell Bing,25,DET,DB,4,0,0.0,0.0,0.0,0.0,0,0,0,1,0,0,0.0,4,4,0,0.0,0.0,0.0,
1325,Diyral Briggs,24,SFO,LB,4,0,0.0,0.0,0.0,0.0,0,0,0,0,0,0,0.0,2,0,2,0.0,0.0,0.0,
1326,Kennard Cox,24,JAX,DB,4,0,0.0,0.0,0.0,0.0,0,0,0,0,0,0,0.0,1,1,0,0.0,0.0,0.0,
1327,Travis Fisher,30,SEA,DB,4,0,0.0,0.0,0.0,0.0,0,0,0,0,0,0,0.0,5,4,1,0.0,1.0,0.0,
1328,Jarron Gilbert,23,CHI,DT,4,0,0.0,0.0,0.0,0.0,0,0,0,0,0,0,0.0,1,1,0,0.0,0.0,0.0,
1329,De'von Hall,22,IND,DB,4,0,0.0,0.0,0.0,0.0,0,0,0,0,0,0,0.0,3,3,0,0.0,0.0,0.0,
1330,Orien Harris,26,CIN,DT,4,0,0.0,0.0,0.0,0.0,0,0,0,0,0,0,0.0,7,5,2,0.0,0.0,0.0,
1331,Marlin Jackson,26,IND,DB,4,0,1.0,3.0,0.0,3.0,1,0,0,0,0,0,0.0,10,7,3,1.0,1.0,0.0,
1332,Keenan Lewis,23,PIT,DB,4,0,0.0,0.0,0.0,0.0,0,0,0,0,0,0,0.0,1,1,0,0.0,0.0,0.0,
1333,Jayme Mitchell,25,MIN,DE,4,0,0.0,0.0,0.0,0.0,0,0,0,0,0,0,0.0,3,2,1,0.0,1.0,0.0,
1334,Antwaun Molden,24,HOU,DB,4,0,0.0,0.0,0.0,0.0,0,0,0,0,0,0,0.0,2,1,1,0.0,0.0,0.0,
1335,Rico Murray,22,CIN,DB,4,0,0.0,0.0,0.0,0.0,0,0,0,0,0,0,0.0,1,1,0,0.0,0.0,0.0,
1336,Slade Norris,24,OAK,LB,4,0,0.0,0.0,0.0,0.0,0,0,0,0,0,0,0.0,2,1,1,0.0,0.0,0.0,
1337,Mike Nugent,27,TAM,K,4,0,0.0,0.0,0.0,0.0,0,0,0,0,0,0,0.0,1,1,0,0.0,0.0,0.0,
1338,Micheal Spurlock,26,SFO,WR,4,0,0.0,0.0,0.0,0.0,0,0,1,1,0,0,0.0,2,1,1,0.0,0.0,0.0,
1339,Jeff Ulbrich,32,SFO,LB,4,0,0.0,0.0,0.0,0.0,0,0,0,0,0,0,0.0,1,0,1,0.0,0.0,0.0,
1340,DeShawn Wynn,26,GNB,RB,4,0,0.0,0.0,0.0,0.0,0,0,0,0,0,0,0.0,2,1,1,0.0,0.0,0.0,
1341,Byron Leftwich,29,TAM,QB,3,3,0.0,0.0,0.0,0.0,0,0,2,0,-4,0,0.0,0,0,0,,,0.0,
1342,Leodis McKelvin,24,BUF,DB,3,3,0.0,0.0,0.0,0.0,1,0,2,0,0,0,0.0,11,8,3,0.0,0.0,0.0,
1343,Chad Pennington,33,MIA,QB,3,3,0.0,0.0,0.0,0.0,0,0,3,0,0,0,0.0,0,0,0,,,0.0,
1344,Tom Santi,24,IND,TE,3,2,0.0,0.0,0.0,0.0,0,0,1,0,0,0,0.0,0,0,0,0.0,0.0,0.0,
1345,Brodie Croyle,26,KAN,QB,3,1,0.0,0.0,0.0,0.0,0,0,1,0,0,0,0.0,0,0,0,,,0.0,
1346,Danny Gorrer,23,STL,DB,3,1,0.0,0.0,0.0,0.0,1,0,0,0,0,0,0.0,5,5,0,0.0,0.0,0.0,
1347,Chris Simms,29,DEN,QB,3,1,0.0,0.0,0.0,0.0,0,0,1,0,0,0,0.0,0,0,0,,,0.0,
1348,Drew Stanton,25,DET,QB,3,1,0.0,0.0,0.0,0.0,0,0,1,0,0,0,0.0,0,0,0,0.0,0.0,0.0,
1349,Eric Bakhtiari,25,TEN,LB,3,0,0.0,0.0,0.0,0.0,0,0,0,0,0,0,0.0,4,4,0,0.0,0.0,0.0,
1350,Ervin Baldwin,23,IND,DE,3,0,0.0,0.0,0.0,0.0,0,0,0,0,0,0,0.0,13,7,6,0.0,1.0,0.0,
1351,Will Blackmon,25,GNB,DB,3,0,0.0,0.0,0.0,0.0,0,0,0,0,0,0,0.0,1,1,0,0.0,0.0,0.0,
1352,Brock Bolen,24,JAX,RB,3,0,0.0,0.0,0.0,0.0,0,0,0,0,0,0,0.0,1,0,1,,,0.0,
1353,John Bowie,25,OAK,DB,3,0,0.0,0.0,0.0,0.0,0,0,0,0,0,0,0.0,1,1,0,0.0,0.0,0.0,
1354,Todd Collins,38,WAS,QB,3,0,0.0,0.0,0.0,0.0,0,0,2,0,-6,0,0.0,0,0,0,,,0.0,
1355,Chris Ellis,24,BUF,DE,3,0,0.0,0.0,0.0,0.0,0,0,0,0,0,0,0.0,5,2,3,0.0,1.0,0.0,
1356,Yamon Figurs,26,DET,WR,3,0,0.0,0.0,0.0,0.0,0,0,0,0,0,0,0.0,1,1,0,0.0,0.0,0.0,
1357,Trevor Ford,23,GNB,DB,3,0,0.0,0.0,0.0,0.0,0,0,0,0,0,0,0.0,2,2,0,0.0,0.0,0.0,
1358,Dion Gales,24,KAN,DT,3,0,0.0,0.0,0.0,0.0,0,0,0,0,0,0,0.0,1,1,0,0.0,1.0,0.0,
1359,K.J. Gerard,23,BAL,DB,3,0,0.0,0.0,0.0,0.0,0,0,0,0,0,0,0.0,1,1,0,0.0,0.0,0.0,
1360,Chris Harrington,24,JAX,DE,3,0,0.0,0.0,0.0,0.0,0,0,0,0,0,0,0.0,2,2,0,0.0,0.0,0.0,
1361,Kareem Huggins,23,TAM,RB,3,0,0.0,0.0,0.0,0.0,0,0,0,1,0,0,0.0,1,1,0,0.0,0.0,0.0,
1362,Curtis Johnson,24,DAL,DE,3,0,0.0,0.0,0.0,0.0,0,0,0,0,0,0,0.0,2,2,0,0.0,0.0,0.0,
1363,D.J. Johnson,24,NYG,DB,3,0,0.0,0.0,0.0,0.0,0,0,0,0,0,0,0.0,6,4,2,0.0,0.0,0.0,
1364,Mark Jones,29,TEN,WR,3,0,0.0,0.0,0.0,0.0,0,0,0,0,0,0,0.0,1,1,0,0.0,0.0,0.0,
1365,J.T. O'Sullivan,30,CIN,QB,3,0,0.0,0.0,0.0,0.0,0,0,2,0,0,0,0.0,0,0,0,,,0.0,
1366,Allen Rossum,34,SFO,DB,3,0,0.0,0.0,0.0,0.0,0,0,0,0,0,0,0.0,2,1,1,0.0,0.0,0.0,
1367,Adam Seward,27,JAX,LB,3,0,0.0,0.0,0.0,0.0,0,0,0,0,0,0,0.0,1,1,0,0.0,0.0,0.0,
1368,Keith Smith,29,SFO,DB,3,0,0.0,0.0,0.0,0.0,0,0,0,0,0,0,0.0,5,5,0,0.0,0.0,0.0,
1369,Shaun Smith,28,CIN,DT,3,0,0.0,0.0,0.0,0.0,0,0,0,0,0,0,0.0,8,3,5,0.0,0.0,0.0,
1370,Kelly Talavou,25,BAL,DT,3,0,0.0,0.0,0.0,0.0,0,0,0,0,0,0,0.0,1,1,0,0.0,0.0,0.0,
1371,Chaun Thompson,29,HOU,LB,3,0,0.0,0.0,0.0,0.0,0,0,0,0,0,0,0.0,5,3,2,0.0,0.0,0.0,
1372,Javon Walker,31,OAK,WR,3,0,0.0,0.0,0.0,0.0,0,0,1,0,0,0,0.0,0,0,0,,,0.0,
1373,Pierre Walters,23,KAN,LB,3,0,0.0,0.0,0.0,0.0,0,0,0,0,0,0,0.0,1,1,0,0.0,0.0,0.0,
1374,Anthony Waters,25,NOR,LB,3,0,0.0,0.0,0.0,0.0,0,0,0,0,0,0,0.0,2,2,0,0.0,0.0,0.0,
1375,Peria Jerry,25,ATL,DT,2,2,0.0,0.0,0.0,0.0,0,0,0,0,0,0,0.0,1,0,1,0.0,1.0,0.0,
1376,Jermaine Phillips,30,TAM,DB,2,2,0.0,0.0,0.0,0.0,0,0,0,0,0,0,0.0,11,6,5,0.0,1.0,0.0,
1377,Kenny Phillips,23,NYG,DB,2,2,2.0,22.0,0.0,22.0,2,0,0,0,0,0,0.0,13,9,4,0.0,0.0,0.0,
1378,Bob Sanders,28,IND,DB,2,2,1.0,29.0,0.0,29.0,1,0,0,0,0,0,0.0,3,2,1,0.0,0.0,0.0,
1379,Pisa Tinoisamoa,28,CHI,LB,2,2,0.0,0.0,0.0,0.0,0,1,0,0,0,0,0.0,4,4,0,0.0,0.0,0.0,
1380,Tony Carter,23,DEN,DB,2,1,0.0,0.0,0.0,0.0,1,0,0,1,0,0,0.0,3,3,0,0.0,0.0,0.0,
1381,Greg Estandia,27,JAX,TE,2,1,0.0,0.0,0.0,0.0,0,0,0,0,0,0,0.0,1,1,0,0.0,0.0,0.0,
1382,Louis Leonard,25,CAR,DT,2,1,0.0,0.0,0.0,0.0,0,0,0,0,0,0,1.0,6,6,0,1.0,1.0,0.0,
1383,Josh Thomas,28,IND,DE,2,1,0.0,0.0,0.0,0.0,0,0,0,0,0,0,0.0,4,3,1,0.0,0.0,0.0,
1384,Troy Williamson,26,JAX,WR,2,1,0.0,0.0,0.0,0.0,0,0,1,0,0,0,0.0,0,0,0,,,0.0,
1385,Titus Adams,26,NWE,DT,2,0,0.0,0.0,0.0,0.0,0,0,0,0,0,0,0.0,2,1,1,0.0,0.0,0.0,
1386,Eric Brock,24,ATL,DB,2,0,0.0,0.0,0.0,0.0,0,0,0,0,0,0,0.0,1,1,0,0.0,0.0,0.0,
1387,Antwon Burton,26,CAR,DT,2,0,0.0,0.0,0.0,0.0,0,0,0,0,0,0,0.0,1,0,1,0.0,0.0,0.0,
1388,Kendrick Clancy,31,NOR,DT,2,0,0.0,0.0,0.0,0.0,0,0,0,0,0,0,0.0,2,1,1,0.0,0.0,0.0,
1389,James Davis,23,CLE,RB,2,0,0.0,0.0,0.0,0.0,0,0,0,0,0,0,0.0,1,0,1,0.0,0.0,0.0,
1390,Lionel Dotson,24,MIA,DT,2,0,0.0,0.0,0.0,0.0,0,0,0,0,0,0,0.0,2,1,1,0.0,0.0,0.0,
1391,Keilen Dykes,25,ARI,DT,2,0,0.0,0.0,0.0,0.0,0,0,0,0,0,0,0.0,1,1,0,0.0,0.0,0.0,
1392,Demarcus Faggins,30,DET,DB,2,0,0.0,0.0,0.0,0.0,0,0,0,0,0,0,0.0,4,4,0,0.0,0.0,0.0,
1393,J.D. Folsom,25,MIA,LB,2,0,0.0,0.0,0.0,0.0,0,0,0,0,0,0,0.0,1,1,0,0.0,0.0,0.0,
1394,Vernon Fox,30,DEN,DB,2,0,0.0,0.0,0.0,0.0,0,0,0,0,0,0,0.0,1,1,0,0.0,0.0,0.0,
1395,Jamaal Fudge,26,ATL,DB,2,0,0.0,0.0,0.0,0.0,0,0,0,0,0,0,0.0,1,1,0,0.0,0.0,0.0,
1396,Antonio Garay,30,SDG,DE,2,0,0.0,0.0,0.0,0.0,0,0,0,0,0,0,0.0,5,3,2,0.0,1.0,0.0,
1397,John Gill,23,IND,DT,2,0,0.0,0.0,0.0,0.0,0,0,0,0,0,0,0.0,9,4,5,0.0,0.0,0.0,
1398,Ra'Shon Harris,23,CAR,DT,2,0,0.0,0.0,0.0,0.0,0,0,0,0,0,0,0.0,2,1,1,0.0,0.0,0.0,
1399,Erin Henderson,23,MIN,LB,2,0,0.0,0.0,0.0,0.0,0,0,0,1,0,0,0.0,4,4,0,0.0,0.0,0.0,
1400,Chris Henry,24,TEN,RB,2,0,0.0,0.0,0.0,0.0,0,0,0,0,0,0,0.0,1,1,0,0.0,0.0,0.0,
1401,Corey Ivy,32,BAL,DB,2,0,0.0,0.0,0.0,0.0,1,0,0,0,0,0,0.0,1,1,0,0.0,1.0,0.0,
1402,Corey Mace,24,BUF,DT,2,0,1.0,0.0,0.0,0.0,1,0,0,0,0,0,0.0,1,0,1,0.0,0.0,0.0,
1403,Marcus Mailei,23,NOR,RB,2,0,0.0,0.0,0.0,0.0,0,0,0,0,0,0,0.0,1,1,0,0.0,0.0,0.0,
1404,Chris McAlister,32,NOR,DB,2,0,0.0,0.0,0.0,0.0,0,1,0,1,0,0,0.0,4,4,0,0.0,0.0,0.0,
1405,William Moore,24,ATL,DB,2,0,0.0,0.0,0.0,0.0,0,0,0,0,0,0,0.0,2,1,1,0.0,0.0,0.0,
1406,Curtis Painter,24,IND,QB,2,0,0.0,0.0,0.0,0.0,0,0,2,0,0,0,0.0,0,0,0,,,0.0,
1407,Cord Parks,23,STL,DB,2,0,0.0,0.0,0.0,0.0,0,0,0,0,0,0,0.0,1,1,0,0.0,0.0,0.0,
1408,Charlie Peprah,26,ATL,DB,2,0,0.0,0.0,0.0,0.0,0,0,0,0,0,0,0.0,1,1,0,0.0,0.0,0.0,
1409,Greg Peterson,25,JAX,DE,2,0,0.0,0.0,0.0,0.0,0,0,0,0,0,0,0.0,1,1,0,0.0,0.0,0.0,
1410,Ricky Price,22,KAN,DB,2,0,0.0,0.0,0.0,0.0,0,0,0,0,0,0,0.0,3,3,0,0.0,0.0,0.0,
1411,Josh Stamer,32,BUF,LB,2,0,0.0,0.0,0.0,0.0,0,0,0,0,0,0,0.0,3,1,2,0.0,0.0,0.0,
1412,Pago Togafau,25,ARI,LB,2,0,0.0,0.0,0.0,0.0,0,0,0,0,0,0,0.0,6,6,0,0.0,0.0,0.0,
1413,Chauncey Washington,24,DAL,RB,2,0,0.0,0.0,0.0,0.0,0,0,0,0,0,0,0.0,1,1,0,0.0,0.0,0.0,
1414,Jamie Winborn,30,TEN,LB,2,0,0.0,0.0,0.0,0.0,0,0,0,0,0,0,0.0,2,2,0,0.0,0.0,0.0,
1415,Jahi Word-Daniels,23,DET,DB,2,0,0.0,0.0,0.0,0.0,0,0,0,0,0,0,0.0,1,1,0,0.0,0.0,0.0,
1416,James Wyche,27,JAX,DE,2,0,0.0,0.0,0.0,0.0,0,0,0,0,0,0,0.0,1,1,0,0.0,0.0,0.0,
1417,Renaldo Wynn,35,WAS,DE,2,0,0.0,0.0,0.0,0.0,0,0,0,0,0,0,0.0,1,1,0,0.0,0.0,0.0,
1418,Reggie Hayward,30,JAX,DE,1,1,0.0,0.0,0.0,0.0,0,0,0,0,0,0,1.0,2,2,0,1.0,1.0,0.0,
1419,Brian Urlacher,31,CHI,LB,1,1,0.0,0.0,0.0,0.0,0,0,0,0,0,0,0.0,3,3,0,1.0,1.0,0.0,
1420,Jamal Williams,33,SDG,DT,1,1,0.0,0.0,0.0,0.0,0,0,0,0,0,0,0.0,3,3,0,1.0,0.0,0.0,
1421,Matt Willis,25,DEN,WR,1,1,0.0,0.0,0.0,0.0,0,0,0,0,0,0,0.0,1,1,0,0.0,0.0,0.0,
1422,Hamza Abdullah,26,ARI,DB,1,0,0.0,0.0,0.0,0.0,0,0,0,0,0,0,0.0,9,8,1,0.0,0.0,0.0,
1423,Jason Banks,24,ARI,DE,1,0,0.0,0.0,0.0,0.0,0,0,0,0,0,0,1.0,2,1,1,0.0,1.0,0.0,
1424,Jerome Boyd,23,OAK,DB,1,0,0.0,0.0,0.0,0.0,0,0,0,0,0,0,0.0,2,2,0,0.0,0.0,0.0,
1425,Khary Campbell,30,HOU,LB,1,0,0.0,0.0,0.0,0.0,0,0,0,0,0,0,0.0,1,0,1,,,0.0,
1426,Ricardo Colclough,26,KAN,DB,1,0,0.0,0.0,0.0,0.0,0,0,0,0,0,0,0.0,4,4,0,0.0,0.0,0.0,
1427,Jeff Garcia,39,PHI,QB,1,0,0.0,0.0,0.0,0.0,0,0,1,0,0,0,0.0,0,0,0,,,0.0,
1428,Rex Grossman,29,HOU,QB,1,0,0.0,0.0,0.0,0.0,0,0,1,1,-4,0,0.0,0,0,0,,,0.0,
1429,Dante Hughes,24,SDG,DB,1,0,0.0,0.0,0.0,0.0,0,0,0,0,0,0,0.0,3,3,0,0.0,0.0,0.0,
1430,Tory Humphrey,26,NOR,TE,1,0,0.0,0.0,0.0,0.0,0,0,0,0,0,0,0.0,1,1,0,0.0,0.0,0.0,
1431,Juaquin Iglesias,22,CHI,WR,1,0,0.0,0.0,0.0,0.0,0,0,0,0,0,0,0.0,1,1,0,0.0,0.0,0.0,
1432,Adam Jennings,27,DET,WR,1,0,0.0,0.0,0.0,0.0,0,0,0,0,0,0,0.0,1,1,0,0.0,0.0,0.0,
1433,Rodney Leisle,28,NOR,DT,1,0,0.0,0.0,0.0,0.0,0,0,0,0,0,0,0.0,1,1,0,0.0,0.0,0.0,
1434,Geoffrey Pope,25,PHI,DB,1,0,0.0,0.0,0.0,0.0,0,0,0,0,0,0,0.0,2,1,1,0.0,0.0,0.0,
1435,Justin Rogers,26,KAN,LB,1,0,0.0,0.0,0.0,0.0,0,0,0,0,0,0,0.0,1,1,0,0.0,0.0,0.0,
1436,Terdell Sands,30,NWE,DT,1,0,0.0,0.0,0.0,0.0,0,0,0,0,0,0,0.0,1,1,0,0.0,0.0,0.0,
1437,Brian St. Pierre,30,ARI,QB,1,0,0.0,0.0,0.0,0.0,0,0,1,1,0,0,0.0,0,0,0,0.0,0.0,0.0,
1438,Donovan Woods,24,PIT,LB,1,0,0.0,0.0,0.0,0.0,0,0,0,0,0,0,0.0,1,0,1,0.0,0.0,0.0,
