Unnamed: 0_level_0,Unnamed: 1_level_0,Unnamed: 2_level_0,Unnamed: 3_level_0,Unnamed: 4_level_0,Unnamed: 5_level_0,Unnamed: 6_level_0,Def Interceptions,Def Interceptions,Def Interceptions,Def Interceptions,Def Interceptions,Fumbles,Fumbles,Fumbles,Fumbles,Fumbles,Unnamed: 17_level_0,Tackles,Tackles,Tackles,Tackles,Tackles,Unnamed: 23_level_0,Unnamed: 24_level_0
Rk,Player,Age,Team,Pos,G,GS,Int,Yds,IntTD,Lng,PD,FF,Fmb,FR,Yds,FRTD,Sk,Comb,Solo,Ast,TFL,QBHits,Sfty,Awards
1,Mike Adams,30,CLE,SS,16,16,3.0,33.0,0.0,29.0,6,1,0,1,0,0,0.0,64,44,20,0.0,0.0,0.0,
2,Jared Allen,29,MIN,RDE,16,16,1.0,14.0,0.0,14.0,3,4,0,4,6,0,22.0,66,48,18,21.0,32.0,1.0,"PB,AP-1,AP DPoY-2"
3,Tyson Alualu,24,JAX,LDT,16,16,0.0,0.0,0.0,0.0,1,1,0,1,7,0,2.5,40,21,19,3.0,8.0,0.0,
4,James Anderson,28,CAR,LLB,16,16,2.0,5.0,0.0,5.0,9,0,0,3,0,0,1.5,145,98,47,9.0,2.0,0.0,
5,Pat Angerer,24,IND,MLB,16,16,1.0,0.0,0.0,0.0,3,2,0,1,10,0,1.0,148,78,70,9.0,4.0,0.0,
6,Jon Asamoah,23,KAN,RG,16,16,0.0,0.0,0.0,0.0,0,0,0,1,-2,0,0.0,0,0,0,0.0,0.0,0.0,
7,Cliff Avril,25,DET,LDE,16,16,1.0,4.0,1.0,4.0,4,6,0,3,24,1,11.0,36,29,7,7.0,12.0,0.0,
8,Akeem Ayers,22,TEN,LLB,16,16,0.0,0.0,0.0,0.0,1,1,0,1,0,0,2.0,76,50,26,6.0,4.0,0.0,
9,Jason Babin,31,PHI,LDE,16,16,0.0,0.0,0.0,0.0,1,3,0,0,0,0,18.0,40,35,5,17.0,29.0,0.0,"PB,AP-2"
10,Jeff Backus,34,DET,LT,16,16,0.0,0.0,0.0,0.0,0,0,0,1,0,0,0.0,0,0,0,0.0,0.0,0.0,
11,Ronde Barber,36,TAM,RCB,16,16,3.0,12.0,0.0,12.0,9,1,0,1,0,0,1.0,79,67,12,6.0,1.0,1.0,
12,Nick Barnett,30,BUF,RILB,16,16,3.0,80.0,1.0,33.0,5,1,0,0,0,0,3.0,130,78,52,9.0,4.0,0.0,
13,Connor Barwin,25,HOU,ROLB,16,16,0.0,0.0,0.0,0.0,7,1,0,0,0,0,11.5,47,34,13,12.0,28.0,0.0,
14,Jovan Belcher,24,KAN,LILB,16,16,0.0,0.0,0.0,0.0,1,0,0,0,0,0,0.0,87,61,26,2.0,1.0,0.0,
15,Yeremiah Bell,33,MIA,SS,16,16,1.0,20.0,0.0,20.0,4,0,0,1,0,0,2.0,107,81,26,2.0,4.0,0.0,
16,Antoine Bethea,27,IND,FS,16,16,0.0,0.0,0.0,0.0,7,2,0,1,0,0,0.0,139,80,59,2.0,1.0,0.0,
17,Matt Birk,35,BAL,C,16,16,0.0,0.0,0.0,0.0,0,0,0,0,0,0,0.0,1,1,0,0.0,0.0,0.0,
18,Stephen Bowen,27,WAS,RDT,16,16,0.0,0.0,0.0,0.0,1,0,0,1,-1,0,6.0,41,21,20,6.0,10.0,0.0,
19,NaVorro Bowman,23,SFO,LILB,16,16,0.0,0.0,0.0,0.0,8,0,0,3,0,0,2.0,143,111,32,13.0,6.0,0.0,"AP-1,AP DPoY-6"
20,Tom Brady,34,NWE,QB,16,16,0.0,0.0,0.0,0.0,0,0,6,3,-8,0,0.0,0,0,0,0.0,0.0,0.0,PB
21,Tyvon Branch,25,OAK,SS,16,16,1.0,0.0,0.0,0.0,4,0,0,1,0,0,1.0,109,80,29,3.0,1.0,0.0,
22,Drew Brees,32,NOR,QB,16,16,0.0,0.0,0.0,0.0,0,0,1,0,-15,0,0.0,0,0,0,0.0,0.0,0.0,"PB,AP-2,AP MVP-2,AP OPoY-1"
23,Lance Briggs,31,CHI,LLB,16,16,1.0,0.0,0.0,0.0,4,2,0,0,0,0,0.0,105,86,19,9.0,1.0,0.0,PB
24,Ahmad Brooks,27,SFO,LOLB,16,16,0.0,0.0,0.0,0.0,3,1,0,0,0,0,7.0,50,35,15,12.0,14.0,0.0,
25,Levi Brown,27,ARI,LT,16,16,0.0,0.0,0.0,0.0,0,0,0,1,0,0,0.0,0,0,0,0.0,0.0,0.0,
26,Sheldon Brown,32,CLE,RCB,16,16,2.0,0.0,0.0,0.0,12,1,0,1,0,0,0.0,48,38,10,0.0,0.0,0.0,
27,Tarell Brown,26,SFO,RCB,16,16,4.0,15.0,0.0,11.0,15,0,0,0,0,0,0.0,40,36,4,1.0,0.0,0.0,
28,Brandon Browner,27,SEA,RCB,16,16,6.0,220.0,2.0,94.0,23,0,0,0,0,0,0.0,54,51,3,1.0,0.0,0.0,PB
29,Red Bryant,27,SEA,RDE,16,16,2.0,25.0,1.0,20.0,2,0,0,0,0,0,1.0,32,20,12,2.0,6.0,0.0,
30,Kevin Burnett,29,MIA,RILB,16,16,1.0,34.0,1.0,34.0,3,0,0,0,0,0,2.5,106,84,22,10.0,4.0,0.0,
31,Morgan Burnett,22,GNB,FS,16,16,3.0,0.0,0.0,0.0,11,2,0,2,25,0,1.0,106,78,28,1.0,2.0,0.0,
32,Donald Butler,23,SDG,RILB,16,16,1.0,2.0,0.0,2.0,2,2,0,1,37,1,2.0,96,78,18,10.0,4.0,0.0,
33,Jairus Byrd,25,BUF,FS,16,16,3.0,88.0,1.0,37.0,8,3,0,1,0,0,1.0,98,75,23,5.0,1.0,0.0,
34,Calais Campbell,25,ARI,LDE,16,16,1.0,0.0,0.0,0.0,10,2,0,1,0,0,8.0,72,53,19,13.0,17.0,0.0,
35,Chris Canty,29,NYG,RDT,16,16,0.0,0.0,0.0,0.0,1,0,0,0,0,0,4.0,47,31,16,11.0,7.0,1.0,
36,Brandon Carr,25,KAN,RCB,16,16,4.0,17.0,0.0,14.0,15,0,0,0,0,0,0.0,45,39,6,0.0,0.0,0.0,
37,Jamar Chaney,25,PHI,MLB,16,16,3.0,25.0,0.0,14.0,8,0,0,0,0,0,1.0,92,67,25,4.0,1.0,0.0,
38,Chris Chester,28,WAS,RG,16,16,0.0,0.0,0.0,0.0,0,0,0,0,0,0,0.0,1,1,0,0.0,0.0,0.0,
39,Ryan Clark,32,PIT,FS,16,16,1.0,10.0,0.0,10.0,5,0,0,0,0,0,1.0,100,71,29,5.0,1.0,0.0,PB
40,Adrian Clayborn,23,TAM,RDE,16,16,0.0,0.0,0.0,0.0,0,3,0,0,0,0,7.5,42,29,13,7.0,16.0,0.0,
41,Chris Clemons,30,SEA,LDE,16,16,0.0,0.0,0.0,0.0,5,3,0,0,0,0,11.0,51,34,17,12.0,24.0,0.0,
42,Shaun Cody,28,HOU,NT,16,16,0.0,0.0,0.0,0.0,2,0,0,1,0,0,1.0,23,16,7,2.0,3.0,0.0,
43,Terrence Cody,23,BAL,NT,16,16,0.0,0.0,0.0,0.0,1,0,0,0,0,0,0.0,34,21,13,3.0,0.0,0.0,
44,Barry Cofield,27,WAS,LDT,16,16,0.0,0.0,0.0,0.0,8,0,0,1,3,0,3.0,25,15,10,5.0,7.0,0.0,
45,Daryn Colledge,29,ARI,LG,16,16,0.0,0.0,0.0,0.0,0,0,0,1,0,0,0.0,0,0,0,0.0,0.0,0.0,
46,Phil Costa,24,DAL,C,16,16,0.0,0.0,0.0,0.0,0,0,4,0,-11,0,0.0,0,0,0,,,0.0,
47,Chris Crocker,31,CIN,SS,16,16,0.0,0.0,0.0,0.0,5,1,0,0,0,0,3.5,61,45,16,2.0,7.0,0.0,
48,Antonio Cromartie,27,NYJ,RCB,16,16,4.0,105.0,0.0,42.0,12,1,2,0,0,0,0.0,45,36,9,0.0,0.0,0.0,
49,Brian Cushing,24,HOU,LILB,16,16,2.0,5.0,0.0,5.0,5,2,0,0,0,0,4.0,114,76,38,8.0,13.0,0.0,AP-2
50,Andy Dalton,24,CIN,QB,16,16,0.0,0.0,0.0,0.0,0,0,4,0,0,0,0.0,0,0,0,0.0,0.0,0.0,"PB,AP ORoY-2"
51,Karlos Dansby,30,MIA,LILB,16,16,1.0,14.0,0.0,14.0,4,2,0,0,0,0,2.0,102,87,15,10.0,8.0,0.0,
52,Vernon Davis,27,SFO,TE,16,16,0.0,0.0,0.0,0.0,0,0,3,0,0,0,0.0,0,0,0,,,0.0,
53,David Diehl,31,NYG,LG/LT,16,16,0.0,0.0,0.0,0.0,0,0,0,1,0,0,0.0,0,0,0,0.0,0.0,0.0,
54,Darnell Dockett,30,ARI,RDE,16,16,0.0,0.0,0.0,0.0,1,1,0,2,0,0,3.5,50,34,16,10.0,18.0,0.0,
55,Ray Edwards,26,ATL,LDE,16,16,0.0,0.0,0.0,0.0,3,0,0,2,64,0,3.5,33,24,9,6.0,10.0,0.0,
56,Abram Elam,30,DAL,SS,16,16,0.0,0.0,0.0,0.0,0,1,0,1,1,0,0.0,68,54,14,4.0,0.0,0.0,
57,D'Brickashaw Ferguson,28,NYJ,LT,16,16,0.0,0.0,0.0,0.0,0,0,0,1,0,0,0.0,0,0,0,0.0,0.0,0.0,PB
58,Cortland Finnegan,27,TEN,RCB,16,16,1.0,8.0,0.0,8.0,11,0,0,1,0,0,1.0,75,58,17,6.0,3.0,0.0,
59,Ryan Fitzpatrick,29,BUF,QB,16,16,0.0,0.0,0.0,0.0,0,0,7,4,0,0,0.0,0,0,0,0.0,0.0,0.0,
60,Joe Flacco,26,BAL,QB,16,16,0.0,0.0,0.0,0.0,0,0,11,4,-7,0,0.0,0,0,0,0.0,0.0,0.0,
61,London Fletcher,36,WAS,LLB,16,16,2.0,0.0,0.0,0.0,8,2,0,0,0,0,1.5,166,96,70,5.0,8.0,0.0,"PB,AP-2"
62,Drayton Florence,31,BUF,RCB/LCB,16,16,3.0,64.0,1.0,30.0,12,1,0,1,0,0,0.0,50,41,9,0.0,0.0,0.0,
63,Brandon Flowers,25,KAN,LCB,16,16,4.0,95.0,1.0,58.0,20,0,0,0,0,0,0.0,59,47,12,2.0,0.0,0.0,
64,Orlando Franklin,24,DEN,RT,16,16,0.0,0.0,0.0,0.0,0,0,0,1,0,0,0.0,0,0,0,0.0,0.0,0.0,
65,Doug Free,27,DAL,LT,16,16,0.0,0.0,0.0,0.0,0,0,0,1,0,0,0.0,0,0,0,0.0,0.0,0.0,
66,Pierre Garcon,25,IND,WR,16,16,0.0,0.0,0.0,0.0,0,0,2,1,0,0,0.0,0,0,0,0.0,0.0,0.0,
67,Roberto Garza,32,CHI,C,16,16,0.0,0.0,0.0,0.0,0,0,1,0,0,0,0.0,0,0,0,0.0,0.0,0.0,
68,Chris Gocong,28,CLE,RLB/LLB,16,16,0.0,0.0,0.0,0.0,3,2,0,1,0,0,3.5,70,49,21,8.0,7.0,0.0,
69,Andre' Goodman,33,DEN,RCB,16,16,2.0,46.0,1.0,26.0,10,0,1,2,0,0,0.0,49,41,8,1.0,0.0,0.0,
70,Chad Greenway,28,MIN,LLB,16,16,0.0,0.0,0.0,0.0,3,0,0,1,0,0,2.0,154,89,65,6.0,4.0,0.0,PB
71,Jabari Greer,29,NOR,LCB,16,16,1.0,2.0,0.0,2.0,18,0,0,0,0,0,0.0,71,60,11,3.0,0.0,0.0,
72,Michael Griffin,26,TEN,FS,16,16,2.0,0.0,0.0,0.0,7,1,0,0,0,0,0.0,75,59,16,3.0,0.0,0.0,
73,Clark Haggans,34,ARI,ROLB,16,16,0.0,0.0,0.0,0.0,2,1,0,1,0,0,3.0,46,30,16,5.0,8.0,0.0,
74,Tamba Hali,28,KAN,ROLB,16,16,0.0,0.0,0.0,0.0,0,4,0,0,0,0,12.0,66,48,18,12.0,27.0,0.0,"PB,AP-2"
75,DeAngelo Hall,28,WAS,LCB,16,16,3.0,46.0,0.0,26.0,16,1,0,0,0,0,0.0,90,65,25,3.0,1.0,0.0,
76,Parys Haralson,27,SFO,ROLB,16,16,0.0,0.0,0.0,0.0,0,3,0,0,0,0,2.0,31,25,6,2.0,6.0,0.0,
77,Nick Hardwick,30,SDG,C,16,16,0.0,0.0,0.0,0.0,0,0,0,1,0,0,0.0,0,0,0,,,0.0,
78,Greg Hardy,23,CAR,LDE,16,16,0.0,0.0,0.0,0.0,11,1,0,0,0,0,4.0,50,38,12,8.0,11.0,1.0,
79,Roman Harper,29,NOR,SS,16,16,0.0,0.0,0.0,0.0,7,3,0,1,0,0,7.5,95,73,22,9.0,13.0,0.0,
80,David Harris,27,NYJ,RILB,16,16,4.0,55.0,1.0,35.0,8,0,0,0,0,0,5.0,86,65,21,8.0,12.0,0.0,
81,Matt Hasselbeck,36,TEN,QB,16,16,0.0,0.0,0.0,0.0,0,0,4,1,0,0,0.0,0,0,0,0.0,0.0,0.0,
82,Todd Herremans,29,PHI,RT,16,16,0.0,0.0,0.0,0.0,0,0,0,1,0,0,0.0,0,0,0,0.0,0.0,0.0,
83,LeRoy Hill,29,SEA,LLB,16,16,0.0,0.0,0.0,0.0,0,1,0,0,0,0,4.0,89,68,21,8.0,5.0,0.0,
84,Santonio Holmes,27,NYJ,WR,16,16,0.0,0.0,0.0,0.0,0,0,2,0,0,0,0.0,0,0,0,0.0,0.0,0.0,
85,Israel Idonije,31,CHI,LDE,16,16,0.0,0.0,0.0,0.0,0,1,0,2,0,1,5.0,52,41,11,12.0,10.0,0.0,
86,D'Qwell Jackson,28,CLE,MLB,16,16,1.0,24.0,0.0,24.0,3,1,0,3,1,0,3.5,158,116,42,12.0,8.0,0.0,AP CPoY-2
87,Cullen Jenkins,30,PHI,LDT,16,16,0.0,0.0,0.0,0.0,0,0,0,1,3,0,5.5,40,33,7,11.0,13.0,0.0,
88,Calvin Johnson,26,DET,WR,16,16,0.0,0.0,0.0,0.0,0,0,1,0,0,0,0.0,0,0,0,,,0.0,"PB,AP-1"
89,Chris Johnson,26,TEN,RB,16,16,0.0,0.0,0.0,0.0,0,0,3,1,0,0,0.0,0,0,0,0.0,0.0,0.0,
90,Derrick Johnson,29,KAN,RILB,16,16,2.0,18.0,0.0,17.0,9,1,0,1,0,0,2.0,131,104,27,10.0,3.0,0.0,"PB,AP-1"
91,Jarret Johnson,30,BAL,ROLB,16,16,0.0,0.0,0.0,0.0,3,1,0,1,26,1,2.5,56,40,16,6.0,9.0,0.0,
92,Sean Jones,29,TAM,SS,16,16,0.0,0.0,0.0,0.0,3,1,0,2,0,0,1.0,92,76,16,3.0,2.0,0.0,
93,Maurice Jones-Drew,26,JAX,RB,16,16,0.0,0.0,0.0,0.0,0,0,6,3,-16,0,0.0,0,0,0,0.0,0.0,0.0,"PB,AP-1"
94,Davin Joseph,28,TAM,RG,16,16,0.0,0.0,0.0,0.0,0,0,0,0,0,0,0.0,1,1,0,0.0,0.0,0.0,PB
95,Jason Kelce,24,PHI,C,16,16,0.0,0.0,0.0,0.0,0,0,1,0,0,0,0.0,0,0,0,0.0,0.0,0.0,
96,Tommy Kelly,31,OAK,RDT,16,16,1.0,1.0,0.0,1.0,6,2,0,1,0,0,7.5,41,27,14,3.0,13.0,0.0,
97,Ryan Kerrigan,23,WAS,RDE,16,16,1.0,9.0,1.0,9.0,4,4,0,0,0,0,7.5,64,42,22,9.0,14.0,0.0,
98,Kyle Kosier,33,DAL,RG,16,16,0.0,0.0,0.0,0.0,0,0,0,1,0,0,0.0,0,0,0,0.0,0.0,0.0,
99,Chris Kuper,29,DEN,RG,16,16,0.0,0.0,0.0,0.0,0,0,0,1,0,0,0.0,0,0,0,0.0,0.0,0.0,
100,Dawan Landry,29,JAX,FS,16,16,2.0,28.0,0.0,28.0,4,1,0,1,0,0,0.5,97,71,26,1.0,2.0,0.0,
101,T.J. Lang,24,GNB,LG,16,16,0.0,0.0,0.0,0.0,0,0,0,1,0,0,0.0,0,0,0,0.0,0.0,0.0,
102,James Laurinaitis,25,STL,MLB,16,16,2.0,15.0,0.0,15.0,7,0,0,1,0,0,3.0,142,105,37,11.0,5.0,0.0,
103,Vonta Leach,30,BAL,FB,16,16,0.0,0.0,0.0,0.0,0,0,0,1,0,0,0.0,0,0,0,0.0,0.0,0.0,"PB,AP-1"
104,Paris Lenon,34,ARI,LILB,16,16,0.0,0.0,0.0,0.0,3,0,0,1,0,0,3.0,93,64,29,5.0,5.0,0.0,
105,Andy Levitre,25,BUF,LG,16,16,0.0,0.0,0.0,0.0,0,0,1,0,-6,0,0.0,0,0,0,0.0,0.0,0.0,
106,DeAndre Levy,24,DET,RLB,16,16,1.0,7.0,0.0,7.0,1,1,0,0,0,0,1.0,109,73,36,9.0,2.0,0.0,
107,Kendrick Lewis,23,KAN,FS,16,16,3.0,119.0,1.0,59.0,10,1,0,1,0,0,0.0,60,48,12,0.0,0.0,0.0,
108,Jeff Linkenbach,24,IND,RT,16,16,0.0,0.0,0.0,0.0,0,0,0,2,0,0,0.0,0,0,0,0.0,0.0,0.0,
109,Phil Loadholt,25,MIN,RT,16,16,0.0,0.0,0.0,0.0,0,0,0,1,0,0,0.0,0,0,0,0.0,0.0,0.0,
110,Curtis Lofton,25,ATL,MLB,16,16,2.0,30.0,1.0,26.0,7,1,0,1,0,0,1.0,147,87,60,9.0,3.0,0.0,
111,Chris Long,26,STL,LDE,16,16,0.0,0.0,0.0,0.0,2,1,0,0,0,0,13.0,37,31,6,15.0,21.0,0.0,
112,Alex Mack,26,CLE,C,16,16,0.0,0.0,0.0,0.0,0,0,0,1,0,0,0.0,0,0,0,0.0,0.0,0.0,
113,Eli Manning,30,NYG,QB,16,16,0.0,0.0,0.0,0.0,0,0,8,3,-3,0,0.0,0,0,0,0.0,0.0,0.0,"PB,AP CPoY-6"
114,Brandon Marshall,27,MIA,WR,16,16,0.0,0.0,0.0,0.0,0,0,1,0,0,0,0.0,0,0,0,0.0,0.0,0.0,PB
115,Sherrod Martin,27,CAR,FS,16,16,3.0,16.0,0.0,15.0,8,0,0,0,0,0,0.0,68,50,18,1.0,2.0,0.0,
116,Jameel McClain,26,BAL,LILB,16,16,1.0,8.0,0.0,8.0,4,0,0,2,6,1,1.0,84,50,34,3.0,1.0,0.0,
117,Bryant McKinnie,32,BAL,LT,16,16,0.0,0.0,0.0,0.0,0,0,0,1,0,0,0.0,0,0,0,,,0.0,
118,Brandon Mebane,26,SEA,RDT,16,16,0.0,0.0,0.0,0.0,1,0,0,0,0,0,0.0,56,40,16,7.0,4.0,0.0,
119,Brad Meester,34,JAX,C,16,16,0.0,0.0,0.0,0.0,0,0,0,1,0,0,0.0,0,0,0,,,0.0,
120,Quintin Mikell,31,STL,FS,16,16,2.0,11.0,0.0,11.0,5,5,0,1,14,0,1.0,91,75,16,3.0,2.0,0.0,
121,Heath Miller,29,PIT,TE,16,16,0.0,0.0,0.0,0.0,0,0,1,0,0,0,0.0,0,0,0,0.0,0.0,0.0,
122,Jeremy Mincey,28,JAX,RDE,16,16,1.0,5.0,0.0,5.0,1,4,0,1,0,0,8.0,57,40,17,10.0,17.0,0.0,
123,Will Montgomery,28,WAS,C,16,16,0.0,0.0,0.0,0.0,0,0,1,0,-8,0,0.0,0,0,0,0.0,0.0,0.0,
124,Reggie Nelson,28,CIN,FS,16,16,4.0,115.0,1.0,75.0,12,2,0,0,0,0,2.0,85,59,26,4.0,6.0,0.0,
125,Cam Newton,22,CAR,QB,16,16,0.0,0.0,0.0,0.0,0,0,5,3,-4,0,0.0,0,0,0,0.0,0.0,0.0,"PB,AP ORoY-1"
126,Haloti Ngata,27,BAL,LDE,16,16,0.0,0.0,0.0,0.0,6,2,0,3,28,1,5.0,65,37,28,6.0,8.0,0.0,"PB,AP-1"
127,Rob Ninkovich,27,NWE,LLB,16,16,2.0,30.0,1.0,18.0,4,1,0,3,0,0,6.5,74,43,31,7.0,11.0,0.0,
128,Uche Nwaneri,27,JAX,RG,16,16,0.0,0.0,0.0,0.0,0,0,0,2,0,0,0.0,0,0,0,0.0,0.0,0.0,
129,Brian Orakpo,25,WAS,RLB,16,16,0.0,0.0,0.0,0.0,5,3,0,1,0,0,9.0,60,35,25,6.0,13.0,0.0,
130,Calvin Pace,31,NYJ,ROLB,16,16,1.0,8.0,0.0,8.0,3,3,0,1,0,0,4.5,72,53,19,7.0,11.0,0.0,
131,Erik Pears,29,BUF,RT,16,16,0.0,0.0,0.0,0.0,0,0,0,1,0,0,0.0,0,0,0,0.0,0.0,0.0,
132,Domata Peko,27,CIN,LDT,16,16,0.0,0.0,0.0,0.0,0,1,0,1,0,0,2.5,66,34,32,6.0,4.0,0.0,
133,Julius Peppers,31,CHI,RDE,16,16,0.0,0.0,0.0,0.0,4,4,0,2,0,0,11.0,37,33,4,15.0,13.0,0.0,PB
134,Patrick Peterson,21,ARI,RCB,16,16,2.0,1.0,0.0,1.0,13,0,4,2,-1,0,1.0,64,59,5,1.0,1.0,0.0,"PB,AP-1"
135,Troy Polamalu,30,PIT,SS,16,16,2.0,33.0,0.0,33.0,14,0,0,1,16,1,1.0,91,64,27,7.0,4.0,0.0,"PB,AP-1"
136,Paul Posluszny,27,JAX,MLB,16,16,2.0,2.0,0.0,2.0,9,1,0,0,0,0,2.0,119,69,50,5.0,8.0,0.0,
137,Mike Pouncey,22,MIA,C,16,16,0.0,0.0,0.0,0.0,0,0,0,1,0,0,0.0,0,0,0,0.0,0.0,0.0,
138,Glover Quin,25,HOU,SS,16,16,0.0,0.0,0.0,0.0,9,0,0,1,0,0,0.0,77,59,18,2.0,0.0,0.0,
139,B.J. Raji,25,GNB,NT,16,16,0.0,0.0,0.0,0.0,2,0,0,1,1,0,3.0,22,14,8,2.0,3.0,0.0,PB
140,Jay Ratliff,30,DAL,NT,16,16,0.0,0.0,0.0,0.0,3,0,0,1,0,0,2.0,38,29,9,8.0,6.0,0.0,PB
141,Ed Reed,33,BAL,FS,16,16,3.0,25.0,0.0,16.0,8,1,0,0,0,0,1.0,52,44,8,1.0,1.0,0.0,"PB,AP-2"
142,Darrelle Revis,26,NYJ,LCB,16,16,4.0,184.0,1.0,100.0,21,0,0,0,0,0,0.0,52,41,11,1.0,0.0,0.0,"PB,AP-1"
143,Ray Rice,24,BAL,RB,16,16,0.0,0.0,0.0,0.0,0,0,2,0,0,0,0.0,0,0,0,0.0,0.0,0.0,"PB,AP-2"
144,Philip Rivers,30,SDG,QB,16,16,0.0,0.0,0.0,0.0,0,0,9,3,-1,0,0.0,0,0,0,0.0,0.0,0.0,PB
145,Andre Roberts,23,ARI,WR,16,16,0.0,0.0,0.0,0.0,0,0,1,2,0,0,0.0,0,0,0,0.0,0.0,0.0,
146,Dunta Robinson,29,ATL,RCB,16,16,2.0,28.0,0.0,14.0,9,0,0,0,0,0,0.0,49,39,10,1.0,0.0,0.0,
147,Brian Robison,28,MIN,LDE,16,16,0.0,0.0,0.0,0.0,1,3,0,2,0,0,8.0,44,27,17,6.0,11.0,0.0,
148,Carlos Rogers,30,SFO,LCB,16,16,6.0,106.0,1.0,31.0,18,0,0,0,0,0,0.0,43,40,3,2.0,1.0,0.0,"PB,AP-2"
149,Antrel Rolle,29,NYG,FS,16,16,2.0,-1.0,0.0,0.0,4,1,0,0,0,0,0.0,96,82,14,2.0,0.0,0.0,
150,Tony Romo,31,DAL,QB,16,16,0.0,0.0,0.0,0.0,0,0,6,6,-3,0,0.0,0,0,0,0.0,0.0,0.0,
151,Ahtyba Rubin,25,CLE,RDT,16,16,0.0,0.0,0.0,0.0,0,0,0,0,0,0,5.0,83,56,27,4.0,12.0,0.0,
152,Matt Ryan,26,ATL,QB,16,16,0.0,0.0,0.0,0.0,0,0,5,2,0,0,0.0,0,0,0,0.0,0.0,0.0,
153,DeMeco Ryans,27,HOU,RILB,16,16,0.0,0.0,0.0,0.0,4,1,0,0,0,0,0.0,64,44,20,6.0,2.0,0.0,
154,Mark Sanchez,25,NYJ,QB,16,16,0.0,0.0,0.0,0.0,0,0,10,1,-18,0,0.0,0,0,0,0.0,0.0,0.0,
155,Jeff Saturday,36,IND,C,16,16,0.0,0.0,0.0,0.0,0,0,0,1,0,0,0.0,0,0,0,0.0,0.0,0.0,
156,Jake Scott,30,TEN,RG,16,16,0.0,0.0,0.0,0.0,0,0,0,2,0,0,0.0,0,0,0,0.0,0.0,0.0,
157,Lyle Sendlein,27,ARI,C,16,16,0.0,0.0,0.0,0.0,0,0,0,2,0,0,0.0,0,0,0,0.0,0.0,0.0,
158,Gerald Sensabaugh,28,DAL,FS,16,16,2.0,11.0,0.0,11.0,3,2,0,2,0,0,0.0,75,61,14,0.0,0.0,0.0,
159,Jabaal Sheard,22,CLE,LDE,16,16,0.0,0.0,0.0,0.0,2,5,0,1,5,0,8.5,55,40,15,9.0,9.0,0.0,
160,Rob Sims,28,DET,LG,16,16,0.0,0.0,0.0,0.0,0,0,0,1,0,0,0.0,0,0,0,0.0,0.0,0.0,
161,Matt Slauson,25,NYJ,LG,16,16,0.0,0.0,0.0,0.0,0,0,0,1,1,1,0.0,0,0,0,0.0,0.0,0.0,
162,Alex Smith,27,SFO,QB,16,16,0.0,0.0,0.0,0.0,0,0,7,4,0,0,0.0,0,0,0,0.0,0.0,0.0,AP CPoY-3
163,Antonio Smith,30,HOU,RDE,16,16,0.0,0.0,0.0,0.0,2,1,0,0,0,0,6.5,25,19,6,10.0,19.0,0.0,PB
164,Daryl Smith,29,JAX,LLB,16,16,1.0,25.0,0.0,25.0,8,2,0,0,0,0,3.5,107,74,33,7.0,11.0,0.0,
165,Justin Smith,32,SFO,RDE,16,16,0.0,0.0,0.0,0.0,2,3,0,1,0,0,7.5,58,45,13,6.0,20.0,0.0,"PB,AP-1,AP DPoY-3"
166,Sean Smith,24,MIA,LCB,16,16,2.0,7.0,0.0,7.0,7,0,0,0,0,0,0.0,62,52,10,0.0,0.0,0.0,
167,Steve Smith Sr.,32,CAR,WR,16,16,0.0,0.0,0.0,0.0,0,0,3,0,0,0,0.0,0,0,0,0.0,0.0,0.0,"PB,AP CPoY-4"
168,Wade Smith,30,HOU,LG,16,16,0.0,0.0,0.0,0.0,0,0,0,2,0,1,0.0,0,0,0,0.0,0.0,0.0,
169,Takeo Spikes,35,SDG,LILB,16,16,1.0,45.0,0.0,45.0,3,0,0,0,0,0,1.0,106,64,42,5.0,1.0,0.0,
170,Matthew Stafford,23,DET,QB,16,16,0.0,0.0,0.0,0.0,0,0,5,1,-4,0,0.0,0,0,0,0.0,0.0,0.0,AP CPoY-1
171,Joe Staley,27,SFO,LT,16,16,0.0,0.0,0.0,0.0,0,0,0,0,0,0,0.0,1,1,0,0.0,0.0,0.0,"PB,AP-2"
172,Terrell Suggs,29,BAL,LOLB,16,16,2.0,9.0,0.0,9.0,6,7,0,0,0,0,14.0,70,50,20,20.0,23.0,0.0,"PB,AP-1,AP DPoY-1"
173,Ike Taylor,31,PIT,RCB,16,16,2.0,29.0,0.0,29.0,14,0,0,0,0,0,0.0,44,34,10,1.0,0.0,0.0,
174,Phil Taylor,23,CLE,LDT,16,16,0.0,0.0,0.0,0.0,1,1,0,0,0,0,4.0,59,37,22,6.0,7.0,0.0,
175,Earl Thomas,22,SEA,FS,16,16,2.0,19.0,0.0,11.0,7,1,0,2,0,0,0.0,98,69,29,6.0,1.0,0.0,"PB,AP-2"
176,Joe Thomas,27,CLE,LT,16,16,0.0,0.0,0.0,0.0,0,0,0,3,0,0,0.0,0,0,0,0.0,0.0,0.0,"PB,AP-1"
177,Charles Tillman,30,CHI,RCB,16,16,3.0,66.0,2.0,44.0,12,3,0,2,4,0,1.0,100,83,17,5.0,1.0,0.0,PB
178,Lawrence Timmons,25,PIT,RILB,16,16,1.0,0.0,0.0,0.0,5,1,0,0,0,0,2.0,93,68,25,5.0,6.0,0.0,
179,Stephen Tulloch,26,DET,MLB,16,16,2.0,9.0,0.0,9.0,5,1,0,3,4,1,3.0,111,84,27,8.0,7.0,0.0,
180,Brian Urlacher,33,CHI,MLB,16,16,3.0,7.0,0.0,8.0,7,0,0,2,29,1,0.0,102,84,18,9.0,0.0,0.0,PB
181,Kyle Vanden Bosch,33,DET,RDE,16,16,0.0,0.0,0.0,0.0,0,4,0,1,0,0,8.0,35,26,9,6.0,11.0,0.0,
182,DeMarcus Ware,29,DAL,ROLB,16,16,0.0,0.0,0.0,0.0,2,2,0,1,0,0,19.5,58,48,10,26.0,29.0,0.0,"PB,AP-1"
183,J.J. Watt,22,HOU,LDE,16,16,0.0,0.0,0.0,0.0,4,0,0,2,2,0,5.5,56,49,7,13.0,19.0,0.0,
184,Sean Weatherspoon,24,ATL,LLB,16,16,0.0,0.0,0.0,0.0,8,0,0,1,0,0,4.0,115,82,33,14.0,5.0,0.0,
185,Corey Webster,29,NYG,LCB,16,16,6.0,71.0,0.0,25.0,17,1,0,0,0,0,0.0,51,43,8,1.0,0.0,0.0,
186,Eric Weddle,26,SDG,FS,16,16,7.0,89.0,0.0,26.0,11,0,0,0,0,0,0.0,88,70,18,3.0,2.0,0.0,"PB,AP-1"
187,Casey Wiegmann,38,KAN,C,16,16,0.0,0.0,0.0,0.0,0,0,0,2,0,0,0.0,0,0,0,0.0,0.0,0.0,
188,Vince Wilfork,30,NWE,LDT,16,16,2.0,47.0,0.0,28.0,5,1,0,2,0,1,3.5,52,29,23,6.0,10.0,0.0,"PB,AP-2"
189,Muhammad Wilkerson,22,NYJ,LDE,16,16,0.0,0.0,0.0,0.0,2,1,0,0,0,0,3.0,49,35,14,13.0,6.0,1.0,
190,Cary Williams,27,BAL,RCB,16,16,0.0,0.0,0.0,0.0,18,2,0,0,0,0,0.0,78,61,17,1.0,0.0,0.0,
191,Adrian Wilson,32,ARI,SS,16,16,1.0,17.0,0.0,17.0,14,1,0,0,0,0,0.0,65,48,17,8.0,3.0,0.0,PB
192,Josh Wilson,26,WAS,RCB,16,16,2.0,0.0,0.0,0.0,15,1,0,1,4,0,0.0,62,48,14,0.0,0.0,0.0,
193,Kamerion Wimbley,28,OAK,RLB,16,16,1.0,73.0,0.0,73.0,3,0,0,0,0,0,7.0,63,52,11,15.0,20.0,0.0,
194,Eric Winston,28,HOU,RT,16,16,0.0,0.0,0.0,0.0,0,0,0,1,0,0,0.0,0,0,0,0.0,0.0,0.0,
195,Jason Witten,29,DAL,TE,16,16,0.0,0.0,0.0,0.0,0,0,1,1,0,0,0.0,0,0,0,0.0,0.0,0.0,
196,Eric Wright,26,DET,RCB,16,16,4.0,49.0,0.0,22.0,16,1,0,0,0,0,0.0,75,68,7,3.0,0.0,0.0,
197,Marshal Yanda,27,BAL,RG,16,16,0.0,0.0,0.0,0.0,0,0,0,1,0,0,0.0,0,0,0,0.0,0.0,0.0,"PB,AP-2"
198,Nnamdi Asomugha,30,PHI,RCB,16,15,3.0,10.0,0.0,6.0,5,0,0,0,0,0,0.0,40,35,5,4.0,0.0,0.0,
199,Geno Atkins,23,CIN,RDT,16,15,0.0,0.0,0.0,0.0,2,2,1,2,19,1,7.5,47,26,21,10.0,18.0,0.0,"PB,AP-2"
200,Adam Carriker,27,WAS,LDE,16,15,0.0,0.0,0.0,0.0,0,0,0,0,0,0,5.5,33,18,15,4.0,9.0,0.0,
201,Jurrell Casey,22,TEN,RDT,16,15,0.0,0.0,0.0,0.0,1,1,0,1,0,0,2.5,52,39,13,7.0,6.0,0.0,
202,Kenyon Coleman,32,DAL,LDE,16,15,0.0,0.0,0.0,0.0,3,0,0,0,0,0,1.0,36,23,13,4.0,2.0,0.0,
203,Kavell Conner,24,IND,RLB,16,15,0.0,0.0,0.0,0.0,2,1,0,1,0,0,0.0,104,50,54,7.0,1.0,0.0,
204,Marcell Dareus,21,BUF,NT,16,15,0.0,0.0,0.0,0.0,2,0,0,1,0,0,5.5,43,32,11,9.0,10.0,0.0,
205,Thomas DeCoud,26,ATL,FS,16,15,4.0,77.0,0.0,49.0,6,0,0,0,0,0,0.0,86,67,19,2.0,2.0,0.0,
206,Daniel Fells,28,DEN,TE,16,15,0.0,0.0,0.0,0.0,0,0,2,0,0,0,0.0,0,0,0,0.0,0.0,0.0,
207,Mason Foster,22,TAM,MLB,16,15,1.0,0.0,0.0,0.0,2,1,0,1,0,0,2.0,84,58,26,5.0,4.0,0.0,
208,Dwight Freeney,31,IND,RDE,16,15,0.0,0.0,0.0,0.0,0,2,0,0,0,0,8.5,19,13,6,7.0,19.0,0.0,PB
209,Jabar Gaffney,31,WAS,WR,16,15,0.0,0.0,0.0,0.0,0,0,1,0,0,0,0.0,0,0,0,0.0,0.0,0.0,
210,William Gay,26,PIT,LCB,16,15,2.0,12.0,0.0,12.0,13,0,0,1,2,0,0.0,61,49,12,4.0,0.0,0.0,
211,Frank Gore,28,SFO,RB,16,15,0.0,0.0,0.0,0.0,0,0,2,0,0,0,0.0,0,0,0,0.0,0.0,0.0,PB
212,Shonn Greene,26,NYJ,RB,16,15,0.0,0.0,0.0,0.0,0,0,1,1,0,0,0.0,0,0,0,0.0,0.0,0.0,
213,Thomas Howard,28,CIN,RLB,16,15,0.0,0.0,0.0,0.0,4,2,0,0,0,0,1.0,99,64,35,7.0,4.0,0.0,
214,Tim Jennings,28,CHI,LCB,16,15,2.0,2.0,0.0,1.0,10,1,0,1,0,0,0.0,77,69,8,4.0,0.0,0.0,
215,Cameron Jordan,22,NOR,LDE,16,15,0.0,0.0,0.0,0.0,4,0,0,1,0,0,1.0,31,18,13,2.0,4.0,0.0,
216,Linval Joseph,23,NYG,LDT,16,15,0.0,0.0,0.0,0.0,4,0,0,0,0,0,2.0,49,34,15,4.0,5.0,0.0,
217,Mathias Kiwanuka,28,NYG,LLB,16,15,1.0,9.0,0.0,9.0,2,1,0,1,0,0,3.5,84,62,22,14.0,9.0,0.0,
218,Manny Lawson,27,CIN,LLB,16,15,0.0,0.0,0.0,0.0,4,0,0,0,0,0,1.5,52,31,21,6.0,4.0,0.0,
219,Vaughn Martin,25,SDG,LDE,16,15,0.0,0.0,0.0,0.0,0,0,0,0,0,0,1.0,47,27,20,3.0,1.0,0.0,
220,Robert Mathis,30,IND,LDE,16,15,0.0,0.0,0.0,0.0,1,3,0,3,0,0,9.5,43,29,14,9.0,18.0,0.0,
221,Sione Pouha,32,NYJ,NT,16,15,0.0,0.0,0.0,0.0,3,1,0,2,0,0,1.0,58,41,17,5.0,2.0,1.0,
222,Nick Roach,26,CHI,RLB,16,15,0.0,0.0,0.0,0.0,4,0,0,0,0,0,0.0,38,31,7,6.0,3.0,0.0,
223,Aaron Ross,29,NYG,RCB,16,15,4.0,19.0,0.0,19.0,12,0,2,0,0,0,0.0,60,46,14,1.0,1.0,0.0,
224,Stanford Routt,28,OAK,LCB,16,15,4.0,7.0,0.0,3.0,15,0,0,0,0,0,0.0,49,42,7,2.0,0.0,0.0,
225,Bart Scott,31,NYJ,LILB,16,15,0.0,0.0,0.0,0.0,1,1,0,1,9,0,4.5,66,54,12,9.0,8.0,0.0,
226,Richard Seymour,32,OAK,LDT,16,15,0.0,0.0,0.0,0.0,3,0,0,0,0,0,6.0,29,23,6,5.0,13.0,0.0,"PB,AP-2"
227,Scott Shanle,32,NOR,ROLB,16,15,1.0,12.0,0.0,12.0,5,1,0,0,0,0,1.0,69,43,26,5.0,2.0,0.0,
228,Anthony Spencer,27,DAL,LOLB,16,15,0.0,0.0,0.0,0.0,1,4,0,0,0,0,6.0,66,51,15,12.0,17.0,0.0,
229,Randy Starks,28,MIA,RDE,16,15,2.0,21.0,0.0,18.0,4,0,0,0,0,0,4.5,34,29,5,10.0,12.0,0.0,
230,Michael Turner,29,ATL,RB,16,15,0.0,0.0,0.0,0.0,0,0,3,0,0,0,0.0,0,0,0,,,0.0,
231,Erik Walden,26,GNB,ROLB,16,15,0.0,0.0,0.0,0.0,2,1,0,1,5,1,3.0,60,41,19,6.0,15.0,0.0,
232,Lardarius Webb,26,BAL,LCB,16,15,5.0,81.0,1.0,73.0,20,1,2,2,0,0,1.0,67,54,13,1.0,2.0,0.0,
233,Wes Welker,30,NWE,WR,16,15,0.0,0.0,0.0,0.0,0,0,1,0,0,0,0.0,0,0,0,0.0,0.0,0.0,"PB,AP-1"
234,Mike Williams,24,TAM,WR,16,15,0.0,0.0,0.0,0.0,0,0,2,0,0,0,0.0,0,0,0,0.0,0.0,0.0,
235,Kellen Winslow,28,TAM,TE,16,15,0.0,0.0,0.0,0.0,0,0,2,0,-4,0,0.0,0,0,0,0.0,0.0,0.0,
236,Kyle Arrington,25,NWE,RCB,16,14,7.0,92.0,0.0,28.0,15,0,0,1,0,0,0.0,88,66,22,1.0,0.0,0.0,
237,Jordan Babineaux,29,TEN,SS,16,14,1.0,97.0,1.0,97.0,7,1,0,1,0,0,0.0,93,72,21,2.0,1.0,0.0,
238,Dwayne Bowe,27,KAN,WR,16,14,0.0,0.0,0.0,0.0,0,0,1,2,0,0,0.0,0,0,0,0.0,0.0,0.0,
239,Antoine Cason,25,SDG,RCB,16,14,2.0,69.0,0.0,64.0,17,0,0,0,0,0,0.0,53,46,7,0.0,0.0,0.0,
240,Jo-Lonn Dunbar,26,NOR,LILB,16,14,0.0,0.0,0.0,0.0,6,2,0,0,0,0,1.0,79,57,22,4.0,1.0,0.0,
241,Kelly Gregg,35,KAN,NT,16,14,0.0,0.0,0.0,0.0,1,0,0,0,0,0,1.0,39,24,15,2.0,1.0,0.0,
242,Cedric Griffin,29,MIN,RCB,16,14,1.0,0.0,0.0,0.0,9,3,0,0,0,0,0.0,67,55,12,1.0,0.0,0.0,
243,Percy Harvin,23,MIN,WR,16,14,0.0,0.0,0.0,0.0,0,0,2,0,0,0,0.0,0,0,0,0.0,0.0,0.0,
244,E.J. Henderson,31,MIN,MLB,16,14,0.0,0.0,0.0,0.0,3,3,0,0,0,0,2.0,109,80,29,8.0,4.0,0.0,
245,Evander Hood,24,PIT,LDE,16,14,0.0,0.0,0.0,0.0,1,0,0,0,0,0,1.5,31,19,12,1.0,4.0,0.0,
246,Tyson Jackson,25,KAN,LDE,16,14,0.0,0.0,0.0,0.0,2,0,0,0,0,0,1.0,55,37,18,4.0,2.0,0.0,
247,Randy McMichael,32,SDG,TE,16,14,0.0,0.0,0.0,0.0,0,0,0,1,0,0,0.0,6,4,2,0.0,0.0,0.0,
248,Charlie Peprah,28,GNB,SS,16,14,5.0,147.0,1.0,76.0,10,1,0,0,0,0,0.0,94,65,29,3.0,0.0,0.0,
249,Jerome Simpson,25,CIN,WR,16,14,0.0,0.0,0.0,0.0,0,1,0,1,0,0,0.0,0,0,0,0.0,0.0,0.0,
250,Eric Smith,28,NYJ,FS,16,14,1.0,2.0,0.0,2.0,4,0,0,1,0,0,2.5,89,66,23,5.0,3.0,0.0,
251,Torrey Smith,22,BAL,WR,16,14,0.0,0.0,0.0,0.0,0,0,1,0,0,0,0.0,0,0,0,0.0,0.0,0.0,
252,Cameron Wake,29,MIA,ROLB,16,14,0.0,0.0,0.0,0.0,2,0,0,0,0,0,8.5,42,37,5,15.0,27.0,0.0,
253,Mike Wallace,25,PIT,WR,16,14,0.0,0.0,0.0,0.0,0,0,1,0,0,0,0.0,0,0,0,0.0,0.0,0.0,PB
254,Will Witherspoon,31,TEN,RLB,16,14,1.0,7.0,0.0,7.0,3,1,0,2,2,0,2.0,56,41,15,5.0,4.0,0.0,
255,Robert Ayers,26,DEN,LDE,16,13,0.0,0.0,0.0,0.0,3,1,0,1,0,0,3.0,39,25,14,6.0,4.0,0.0,
256,Remi Ayodele,28,MIN,LDT,16,13,0.0,0.0,0.0,0.0,0,0,0,0,0,0,1.5,15,4,11,1.0,3.0,0.0,
257,Brodrick Bunkley,28,DEN,NT,16,13,0.0,0.0,0.0,0.0,0,1,0,0,0,0,0.0,43,33,10,3.0,1.0,0.0,
258,David Caldwell,24,IND,SS,16,13,0.0,0.0,0.0,0.0,4,0,0,0,0,0,0.0,67,41,26,1.0,0.0,0.0,
259,Chris Chamberlain,26,STL,RLB,16,13,1.0,4.0,0.0,4.0,1,1,0,0,0,0,2.0,81,64,17,6.0,2.0,0.0,
260,Eric Decker,24,DEN,WR,16,13,0.0,0.0,0.0,0.0,0,0,1,0,0,0,0.0,0,0,0,0.0,0.0,0.0,
261,Dwan Edwards,30,BUF,RDE,16,13,0.0,0.0,0.0,0.0,0,0,0,0,0,0,2.5,52,29,23,3.0,8.0,0.0,
262,Antonio Garay,32,SDG,NT,16,13,0.0,0.0,0.0,0.0,0,0,0,0,0,0,2.5,57,37,20,6.0,8.0,0.0,
263,Geno Hayes,24,TAM,RLB,16,13,1.0,8.0,0.0,8.0,2,2,0,0,0,0,0.0,64,45,19,5.0,0.0,0.0,
264,Devery Henderson,29,NOR,WR,16,13,0.0,0.0,0.0,0.0,0,0,1,0,0,0,0.0,0,0,0,0.0,0.0,0.0,
265,Lamarr Houston,24,OAK,LDE,16,13,1.0,15.0,0.0,15.0,3,0,0,2,0,0,1.0,51,36,15,6.0,5.0,0.0,
266,Bradie James,30,DAL,LILB,16,13,0.0,0.0,0.0,0.0,1,1,0,1,0,0,0.0,44,29,15,0.0,2.0,0.0,
267,Kyle Love,25,NWE,RDT,16,13,0.0,0.0,0.0,0.0,0,0,0,1,0,0,3.0,33,20,13,5.0,5.0,0.0,
268,Marshall Newhouse,23,GNB,LT,16,13,0.0,0.0,0.0,0.0,0,0,1,1,0,0,0.0,0,0,0,0.0,0.0,0.0,
269,Greg Olsen,26,CAR,TE,16,13,0.0,0.0,0.0,0.0,0,0,1,0,0,0,0.0,0,0,0,0.0,0.0,0.0,
270,Bernard Pollard,27,BAL,SS,16,13,1.0,0.0,0.0,0.0,13,3,0,1,0,0,2.0,75,55,20,2.0,3.0,0.0,
271,Brian Rolle,23,PHI,LLB,16,13,0.0,0.0,0.0,0.0,4,1,0,1,22,1,1.0,54,41,13,6.0,4.0,0.0,
272,James Ihedigbo,28,NWE,SS,16,12,0.0,0.0,0.0,0.0,1,0,0,0,0,0,0.0,69,46,23,2.0,1.0,0.0,
273,Antonio Johnson,27,IND,RDT,16,12,0.0,0.0,0.0,0.0,2,1,0,0,0,0,0.0,21,9,12,2.0,2.0,0.0,
274,Dustin Keller,27,NYJ,TE,16,12,0.0,0.0,0.0,0.0,0,0,1,0,0,0,0.0,0,0,0,0.0,0.0,0.0,
275,Kendall Langford,25,MIA,LDE,16,12,0.0,0.0,0.0,0.0,1,1,0,0,0,0,0.0,20,15,5,0.0,2.0,0.0,
276,Greg Little,22,CLE,WR,16,12,0.0,0.0,0.0,0.0,0,0,0,0,0,0,0.0,1,1,0,0.0,0.0,0.0,
277,Joe Mays,26,DEN,RILB,16,12,0.0,0.0,0.0,0.0,2,0,0,0,0,0,0.0,75,64,11,8.0,3.0,0.0,
278,Jason Pierre-Paul,22,NYG,RDE,16,12,0.0,0.0,0.0,0.0,7,2,0,0,0,0,16.5,86,66,20,23.0,28.0,1.0,"PB,AP-1,AP DPoY-4"
279,Chad Rinehart,26,BUF,RG/LG,16,12,0.0,0.0,0.0,0.0,0,0,0,1,0,0,0.0,0,0,0,0.0,0.0,0.0,
280,Paul Soliai,28,MIA,NT,16,12,0.0,0.0,0.0,0.0,2,0,0,0,0,0,0.0,27,19,8,3.0,3.0,0.0,PB
281,K.J. Wright,22,SEA,RLB,16,12,0.0,0.0,0.0,0.0,3,1,0,1,30,0,2.0,65,50,15,10.0,4.0,0.0,
282,Nate Burleson,30,DET,WR,16,11,0.0,0.0,0.0,0.0,0,0,1,1,3,0,0.0,0,0,0,0.0,0.0,0.0,
283,Jed Collins,25,NOR,FB,16,11,0.0,0.0,0.0,0.0,0,0,0,0,0,0,0.0,1,1,0,0.0,0.0,0.0,
284,Reed Doughty,29,WAS,SS/FS,16,11,0.0,0.0,0.0,0.0,0,2,0,1,0,0,0.0,88,58,30,2.0,0.0,0.0,
285,Jimmy Graham,25,NOR,TE,16,11,0.0,0.0,0.0,0.0,0,0,1,0,0,0,0.0,0,0,0,,,0.0,"PB,AP-2"
286,Spencer Johnson,30,BUF,ROLB,16,11,0.0,0.0,0.0,0.0,1,1,0,1,17,1,2.0,47,30,17,3.0,3.0,0.0,
287,Brooks Reed,24,HOU,LOLB,16,11,0.0,0.0,0.0,0.0,3,1,0,2,0,0,6.0,45,31,14,7.0,11.0,0.0,
288,Frostee Rucker,28,CIN,RDE,16,11,0.0,0.0,0.0,0.0,2,0,0,0,0,0,4.0,44,32,12,11.0,7.0,0.0,
289,C.J. Spiller,24,BUF,RB,16,11,0.0,0.0,0.0,0.0,0,0,2,1,0,0,0.0,0,0,0,,,0.0,
290,Sam Acho,23,ARI,LOLB,16,10,0.0,0.0,0.0,0.0,2,3,0,1,1,0,7.0,42,36,6,5.0,4.0,0.0,
291,Desmond Bryant,26,OAK,RDE,16,10,0.0,0.0,0.0,0.0,1,1,0,0,0,0,5.0,35,30,5,8.0,10.0,0.0,
292,Quinton Carter,23,DEN,FS,16,10,0.0,0.0,0.0,0.0,0,0,0,0,0,0,1.0,56,45,11,1.0,1.0,0.0,
293,Joel Dreessen,29,HOU,TE,16,10,0.0,0.0,0.0,0.0,0,0,0,0,0,0,0.0,4,4,0,0.0,0.0,0.0,
294,Brian Hartline,25,MIA,WR,16,10,0.0,0.0,0.0,0.0,0,0,0,0,0,0,0.0,4,3,1,0.0,0.0,0.0,
295,Justin Houston,22,KAN,LOLB,16,10,0.0,0.0,0.0,0.0,4,1,0,1,0,0,5.5,56,46,10,10.0,9.0,0.0,
296,Jacoby Jones,27,HOU,WR,16,10,0.0,0.0,0.0,0.0,0,0,0,0,0,0,0.0,1,1,0,0.0,0.0,0.0,
297,Jeff King,28,ARI,TE,16,10,0.0,0.0,0.0,0.0,0,0,0,0,0,0,0.0,4,4,0,0.0,0.0,0.0,
298,Paul McQuistan,28,SEA,LT/LG,16,10,0.0,0.0,0.0,0.0,0,0,0,1,0,0,0.0,0,0,0,0.0,0.0,0.0,
299,Richard Sherman,23,SEA,LCB,16,10,4.0,45.0,0.0,33.0,17,1,0,0,0,0,0.0,55,47,8,0.0,0.0,0.0,
300,Kevin Boothe,28,NYG,C,16,9,0.0,0.0,0.0,0.0,0,0,1,1,-8,0,0.0,0,0,0,,,0.0,
301,Michael Bush,27,OAK,RB,16,9,0.0,0.0,0.0,0.0,0,0,1,0,0,0,0.0,0,0,0,0.0,0.0,0.0,
302,Tom Crabtree,26,GNB,TE,16,9,0.0,0.0,0.0,0.0,0,0,0,0,0,0,0.0,5,4,1,0.0,0.0,0.0,
303,Aaron Curry,25,2TM,LLB,16,11,0.0,0.0,0.0,0.0,5,0,0,2,6,1,0.0,68,48,20,5.0,3.0,0.0,
303,Aaron Curry,25,SEA,LB,5,2,0.0,0.0,0.0,0.0,2,0,0,0,0,0,0.0,22,16,6,0.0,0.0,0.0,
303,Aaron Curry,25,OAK,LLB,11,9,0.0,0.0,0.0,0.0,3,0,0,2,6,1,0.0,46,32,14,5.0,3.0,0.0,
304,Aubrayo Franklin,31,NOR,NT,16,9,0.0,0.0,0.0,0.0,0,0,0,0,0,0,0.0,18,12,6,1.0,0.0,0.0,
305,Deon Grant,32,NYG,DB,16,9,1.0,0.0,0.0,0.0,6,0,0,1,1,0,1.0,64,45,19,2.0,2.0,0.0,
306,Rashad Johnson,25,ARI,FS,16,9,0.0,0.0,0.0,0.0,1,0,0,1,0,0,0.0,51,40,11,2.0,0.0,0.0,
307,Greg Jones,30,JAX,FB,16,9,0.0,0.0,0.0,0.0,0,0,0,0,0,0,0.0,2,2,0,0.0,0.0,0.0,
308,Sen'Derrick Marks,24,TEN,LDT,16,9,0.0,0.0,0.0,0.0,1,1,0,0,0,0,0.5,24,15,9,2.0,3.0,0.0,
309,Richard Marshall,27,ARI,LCB,16,9,3.0,83.0,0.0,49.0,11,0,0,0,0,0,2.0,78,69,9,5.0,2.0,0.0,
310,Anthony McCoy,24,SEA,TE,16,9,0.0,0.0,0.0,0.0,0,0,0,1,0,0,0.0,0,0,0,0.0,0.0,0.0,
311,Matthew Mulligan,26,NYJ,TE,16,9,0.0,0.0,0.0,0.0,0,0,0,1,0,0,0.0,0,0,0,0.0,0.0,0.0,
312,Jordy Nelson,26,GNB,WR,16,9,0.0,0.0,0.0,0.0,0,0,0,0,0,0,0.0,3,3,0,0.0,0.0,0.0,
313,Kelvin Sheppard,23,BUF,LILB,16,9,0.0,0.0,0.0,0.0,1,0,0,1,0,0,0.0,70,46,24,3.0,2.0,1.0,
314,Titus Young,22,DET,WR,16,9,0.0,0.0,0.0,0.0,0,0,1,1,0,0,0.0,0,0,0,0.0,0.0,0.0,
315,Tyler Clutts,27,CHI,FB,16,8,0.0,0.0,0.0,0.0,0,0,1,0,0,0,0.0,2,2,0,0.0,0.0,0.0,
316,Devin Hester,29,CHI,WR,16,8,0.0,0.0,0.0,0.0,0,0,5,4,0,0,0.0,0,0,0,0.0,0.0,0.0,AP-2
317,Perry Riley,23,WAS,MLB,16,8,0.0,0.0,0.0,0.0,4,0,0,2,3,0,1.0,68,35,33,7.0,2.0,0.0,
318,Usama Young,26,CLE,FS,16,8,1.0,28.0,0.0,28.0,1,0,0,0,0,0,0.0,70,51,19,4.0,0.0,0.0,
319,Jason Avant,28,PHI,WR,16,7,0.0,0.0,0.0,0.0,0,0,2,0,0,0,0.0,2,1,1,0.0,0.0,0.0,
320,Josh Cribbs,28,CLE,WR,16,7,0.0,0.0,0.0,0.0,0,0,3,2,0,0,0.0,15,10,5,0.0,0.0,0.0,
321,Victor Cruz,25,NYG,WR,16,7,0.0,0.0,0.0,0.0,0,0,1,1,0,0,0.0,1,1,0,0.0,0.0,0.0,AP-2
322,A.J. Jefferson,23,ARI,LCB,16,7,1.0,0.0,0.0,0.0,12,0,0,1,17,0,0.0,66,60,6,1.0,0.0,0.0,
323,Erik Lorig,25,TAM,FB,16,7,0.0,0.0,0.0,0.0,0,0,0,1,0,0,0.0,6,6,0,0.0,0.0,0.0,
324,Brandon Myers,26,OAK,TE,16,7,0.0,0.0,0.0,0.0,0,0,0,0,0,0,0.0,8,7,1,0.0,0.0,0.0,
325,Ben Obomanu,28,SEA,WR,16,7,0.0,0.0,0.0,0.0,0,0,0,1,0,0,0.0,2,2,0,0.0,0.0,0.0,
326,Jared Odrick,24,MIA,LDE,16,7,1.0,39.0,0.0,39.0,2,1,0,0,0,0,6.0,22,20,2,5.0,9.0,0.0,
327,John Phillips,24,DAL,TE,16,7,0.0,0.0,0.0,0.0,0,1,0,0,0,0,0.0,10,9,1,0.0,0.0,0.0,
328,Bryan Scott,30,BUF,LB,16,7,2.0,43.0,1.0,43.0,6,0,0,1,0,1,1.0,66,51,15,4.0,1.0,0.0,
329,Jordan Senn,27,CAR,RLB,16,7,1.0,21.0,0.0,21.0,2,3,0,0,0,0,0.0,71,43,28,1.0,0.0,0.0,
330,Pierre Thomas,27,NOR,RB,16,7,0.0,0.0,0.0,0.0,0,0,1,0,0,0,0.0,1,1,0,0.0,0.0,0.0,
331,Russell Allen,25,JAX,RLB,16,6,1.0,3.0,0.0,3.0,2,2,0,0,0,0,0.5,48,31,17,2.0,1.0,0.0,
332,Devin Aromashodu,27,MIN,WR,16,6,0.0,0.0,0.0,0.0,0,0,1,1,5,0,0.0,3,3,0,0.0,0.0,0.0,
333,E.J. Biggers,24,TAM,DB,16,6,1.0,0.0,0.0,0.0,10,0,0,0,0,0,0.0,61,55,6,0.0,0.0,0.0,
334,Da'Quan Bowers,21,TAM,LDE,16,6,0.0,0.0,0.0,0.0,4,0,0,1,0,0,1.5,25,22,3,10.0,4.0,0.0,
335,Alex Carrington,24,BUF,LDE,16,6,0.0,0.0,0.0,0.0,2,0,0,0,0,0,1.0,16,11,5,5.0,2.0,0.0,
336,Early Doucet,26,ARI,WR,16,6,0.0,0.0,0.0,0.0,0,0,1,0,0,0,0.0,8,7,1,0.0,0.0,0.0,
337,Leger Douzable,25,JAX,LDE,16,6,0.0,0.0,0.0,0.0,1,0,0,0,0,0,1.0,38,22,16,6.0,5.0,0.0,
338,Nick Eason,31,ARI,NT,16,6,0.0,0.0,0.0,0.0,0,0,0,0,0,0,1.0,12,8,4,1.0,2.0,0.0,
339,BenJarvus Green-Ellis,26,NWE,RB,16,6,0.0,0.0,0.0,0.0,0,0,0,0,0,0,0.0,2,0,2,0.0,0.0,0.0,
340,Brandon LaFell,25,CAR,WR,16,6,0.0,0.0,0.0,0.0,0,0,0,0,0,0,0.0,1,1,0,0.0,0.0,0.0,
341,Spencer Larsen,27,DEN,FB,16,6,0.0,0.0,0.0,0.0,0,0,0,0,0,0,0.0,5,4,1,0.0,0.0,0.0,
342,Kaluka Maiava,24,CLE,RLB,16,6,0.0,0.0,0.0,0.0,0,1,0,0,0,0,0.0,34,29,5,3.0,1.0,0.0,
343,Leodis McKelvin,26,BUF,RCB,16,6,1.0,21.0,0.0,21.0,8,0,1,3,0,0,0.0,39,31,8,0.0,0.0,0.0,
344,Weslye Saunders,22,PIT,WR,16,6,0.0,0.0,0.0,0.0,0,0,0,0,0,0,0.0,2,2,0,1.0,0.0,0.0,
345,Kyle Wilson,24,NYJ,DB,16,6,2.0,13.0,0.0,10.0,6,0,0,0,0,0,0.0,41,35,6,1.0,1.0,0.0,
346,Antwan Barnes,27,SDG,LOLB,16,5,0.0,0.0,0.0,0.0,1,2,0,0,0,0,11.0,41,34,7,6.0,14.0,0.0,
347,Jared Cook,24,TEN,TE,16,5,0.0,0.0,0.0,0.0,0,0,2,0,0,0,0.0,3,3,0,0.0,0.0,0.0,
348,Toby Gerhart,24,MIN,RB,16,5,0.0,0.0,0.0,0.0,0,0,1,2,0,0,0.0,1,1,0,0.0,0.0,0.0,
349,Howard Green,32,GNB,RDE,16,5,0.0,0.0,0.0,0.0,0,0,0,0,0,0,0.0,11,3,8,1.0,0.0,0.0,
350,Michael Johnson,24,CIN,RDE,16,5,1.0,0.0,0.0,0.0,5,1,0,1,0,0,6.0,42,27,15,6.0,12.0,0.0,
351,Greg Jones,23,NYG,MLB,16,5,0.0,0.0,0.0,0.0,0,0,0,1,0,0,0.0,31,26,5,1.0,0.0,0.0,
352,Maurice Morris,32,DET,RB,16,5,0.0,0.0,0.0,0.0,0,0,1,0,0,0,0.0,1,0,1,0.0,0.0,0.0,
353,Owen Schmitt,26,PHI,FB,16,5,0.0,0.0,0.0,0.0,0,0,0,0,0,0,0.0,3,2,1,0.0,0.0,0.0,
354,Marcus Spears,28,DAL,RDE,16,5,0.0,0.0,0.0,0.0,2,0,0,0,0,0,1.0,16,13,3,2.0,3.0,0.0,
355,Craig Steltz,25,CHI,SS,16,5,0.0,0.0,0.0,0.0,0,2,0,0,0,0,1.0,53,42,11,1.0,1.0,0.0,
356,Andy Studebaker,26,KAN,LOLB,16,5,0.0,0.0,0.0,0.0,0,1,0,1,-1,0,0.0,16,8,8,0.0,0.0,0.0,
357,Jacob Tamme,26,IND,TE,16,5,0.0,0.0,0.0,0.0,0,0,0,0,0,0,0.0,5,5,0,0.0,0.0,0.0,
358,Golden Tate,23,SEA,WR,16,5,0.0,0.0,0.0,0.0,0,0,1,0,0,0,0.0,0,0,0,0.0,0.0,0.0,
359,Jason Allen,28,HOU,DB,16,4,4.0,34.0,0.0,34.0,11,0,0,0,0,0,0.0,45,41,4,2.0,0.0,0.0,
360,Danny Batten,24,BUF,LB,16,4,0.0,0.0,0.0,0.0,0,0,0,1,0,0,0.5,25,17,8,2.0,1.0,0.0,
361,Davone Bess,26,MIA,WR,16,4,0.0,0.0,0.0,0.0,0,0,5,3,0,0,0.0,0,0,0,0.0,0.0,0.0,
362,Drew Coleman,28,JAX,DB,16,4,2.0,5.0,0.0,8.0,9,3,0,0,0,0,2.0,46,32,14,3.0,1.0,0.0,
363,Tyrone Culver,28,MIA,DB,16,4,0.0,0.0,0.0,0.0,1,1,0,1,0,0,1.0,36,27,9,1.0,1.0,0.0,
364,Chris Harris Jr.,22,DEN,DB,16,4,1.0,15.0,0.0,15.0,6,0,0,1,0,0,0.0,71,61,10,1.0,2.0,0.0,
365,Lex Hilliard,27,MIA,RB,16,4,0.0,0.0,0.0,0.0,0,0,0,0,0,0,0.0,2,0,2,0.0,0.0,0.0,
366,Peria Jerry,27,ATL,DT,16,4,0.0,0.0,0.0,0.0,1,1,0,0,0,0,0.0,10,7,3,2.0,5.0,0.0,
367,Dexter McCluster,22,KAN,WR,16,4,0.0,0.0,0.0,0.0,0,0,4,0,0,0,0.0,0,0,0,0.0,0.0,0.0,
368,Shaun Rogers,32,NOR,DT,16,4,0.0,0.0,0.0,0.0,1,0,0,0,0,0,0.0,22,14,8,1.0,3.0,0.0,
369,Kory Sperry,26,SDG,TE,16,4,0.0,0.0,0.0,0.0,0,0,0,0,0,0,0.0,1,1,0,0.0,0.0,0.0,
370,Jarius Wynn,25,GNB,DE,16,4,0.0,0.0,0.0,0.0,0,0,0,0,0,0,3.0,19,13,6,5.0,3.0,0.0,
371,Keith Brooking,36,DAL,LB,16,3,0.0,0.0,0.0,0.0,2,0,0,0,0,0,0.0,50,34,16,2.0,1.0,0.0,
372,Antonio Brown,23,PIT,WR,16,3,0.0,0.0,0.0,0.0,0,0,0,0,0,0,0.0,1,1,0,0.0,0.0,0.0,PB
373,Bobby Carpenter,28,DET,LB,16,3,1.0,34.0,1.0,34.0,1,0,0,0,0,0,0.0,29,24,5,2.0,0.0,0.0,
374,Delone Carter,24,IND,RB,16,3,0.0,0.0,0.0,0.0,0,0,3,0,0,0,0.0,1,0,1,,,0.0,
375,Riley Cooper,24,PHI,WR,16,3,0.0,0.0,0.0,0.0,0,1,0,0,0,0,0.0,7,6,1,0.0,0.0,0.0,
376,Craig Dahl,26,STL,DB,16,3,1.0,-3.0,0.0,-3.0,1,2,0,0,0,0,0.0,61,52,9,0.0,2.0,0.0,
377,Andra Davis,33,BUF,LB,16,3,0.0,0.0,0.0,0.0,0,0,0,0,0,0,0.0,14,6,8,1.0,0.0,0.0,
378,Marcus Dixon,27,NYJ,DE,16,3,0.0,0.0,0.0,0.0,1,1,0,1,0,0,1.5,16,11,5,1.0,5.0,0.0,
379,Trai Essex,29,PIT,T,16,3,0.0,0.0,0.0,0.0,0,0,0,1,0,0,0.0,0,0,0,0.0,0.0,0.0,
380,Larry Grant,26,SFO,LB,16,3,0.0,0.0,0.0,0.0,5,1,0,0,0,0,2.0,40,30,10,3.0,2.0,0.0,
381,Quentin Groves,27,OAK,LB,16,3,0.0,0.0,0.0,0.0,2,1,0,0,0,0,0.0,24,20,4,2.0,0.0,0.0,
382,Letroy Guion,24,MIN,DT,16,3,0.0,0.0,0.0,0.0,0,0,0,1,0,0,0.0,21,14,7,4.0,2.0,0.0,
383,Jacob Hester,26,SDG,RB,16,3,0.0,0.0,0.0,0.0,0,0,2,0,0,0,0.0,9,8,1,0.0,0.0,0.0,
384,Sammie Lee Hill,25,DET,DT,16,3,0.0,0.0,0.0,0.0,0,1,0,1,0,0,1.5,24,13,11,,,0.0,
385,John Kuhn,29,GNB,FB,16,3,0.0,0.0,0.0,0.0,0,0,0,0,0,0,0.0,1,1,0,0.0,0.0,0.0,"PB,AP-2"
386,Corey Lynch,26,TAM,DB,16,3,1.0,14.0,0.0,14.0,4,0,0,0,0,0,0.0,25,21,4,0.0,0.0,0.0,
387,Casey Matthews,22,PHI,LB,16,3,0.0,0.0,0.0,0.0,0,0,0,0,0,0,1.0,38,30,8,3.0,2.0,0.0,
388,Ryan McBean,27,DEN,DT,16,3,0.0,0.0,0.0,0.0,0,0,0,0,0,0,4.0,33,19,14,8.0,5.0,0.0,
389,Roy Miller,24,TAM,DT,16,3,0.0,0.0,0.0,0.0,0,0,0,0,0,0,0.0,36,20,16,2.0,1.0,0.0,
390,Da'Norris Searcy,23,BUF,DB,16,3,1.0,0.0,0.0,0.0,1,0,0,0,0,0,0.0,34,26,8,0.0,0.0,0.0,
391,Marcus Sherels,24,MIN,DB,16,3,0.0,0.0,0.0,0.0,3,0,0,0,0,0,1.0,27,21,6,1.0,1.0,0.0,
392,Dan Skuta,25,CIN,LB,16,3,0.0,0.0,0.0,0.0,0,1,0,0,0,0,0.5,31,16,15,0.0,1.0,0.0,
393,Matthew Slater,26,NWE,WR,16,3,0.0,0.0,0.0,0.0,0,1,1,0,0,0,0.0,24,18,6,1.0,0.0,0.0,PB
394,D.J. Smith,22,GNB,LB,16,3,1.0,11.0,0.0,11.0,1,0,0,0,0,0,0.0,43,32,11,1.0,0.0,0.0,
395,Jonathan Stewart,24,CAR,RB,16,3,0.0,0.0,0.0,0.0,0,0,1,0,0,0,0.0,0,0,0,0.0,0.0,0.0,
396,Alterraun Verner,23,TEN,DB,16,3,1.0,4.0,0.0,4.0,9,0,0,0,0,0,0.0,49,43,6,3.0,0.0,0.0,
397,Jamaal Westerman,26,NYJ,DE,16,3,0.0,0.0,0.0,0.0,0,1,0,1,0,0,3.5,32,23,9,6.0,9.0,0.0,
398,Alan Ball,26,DAL,DB,16,2,1.0,15.0,0.0,15.0,6,0,0,1,0,0,0.0,37,30,7,1.0,0.0,0.0,
399,Christian Ballard,22,MIN,DT,16,2,0.0,0.0,0.0,0.0,0,0,0,0,0,0,0.0,13,6,7,2.0,2.0,0.0,
400,Ronnie Brown,30,PHI,RB,16,2,0.0,0.0,0.0,0.0,0,0,1,0,0,0,0.0,2,1,1,0.0,0.0,0.0,
401,Jarrett Bush,27,GNB,DB,16,2,2.0,39.0,0.0,35.0,6,0,0,0,0,0,1.5,30,26,4,1.0,3.0,0.0,
402,Terrance Copper,29,KAN,WR,16,2,0.0,0.0,0.0,0.0,0,0,0,0,0,0,0.0,3,3,0,0.0,0.0,0.0,
403,Jonathan Fanene,29,CIN,DE,16,2,0.0,0.0,0.0,0.0,1,0,0,2,0,0,6.5,24,17,7,10.0,12.0,0.0,
404,Amon Gordon,30,KAN,DT,16,2,0.0,0.0,0.0,0.0,1,0,0,0,0,0,2.0,23,16,7,2.0,2.0,0.0,
405,Lavelle Hawkins,25,TEN,WR,16,2,0.0,0.0,0.0,0.0,0,0,1,0,0,0,0.0,2,2,0,0.0,0.0,0.0,
406,Adam Hayward,27,TAM,LB,16,2,0.0,0.0,0.0,0.0,0,0,0,0,0,0,0.0,33,29,4,2.0,0.0,0.0,
407,Jason Hunter,28,DEN,DE,16,2,0.0,0.0,0.0,0.0,1,1,0,1,18,0,1.0,21,17,4,2.0,2.0,0.0,
408,Ricky Jean-Francois,25,SFO,DT,16,2,0.0,0.0,0.0,0.0,2,0,0,0,0,0,0.0,15,12,3,0.0,0.0,0.0,
409,Antwaun Molden,26,NWE,DB,16,2,2.0,40.0,0.0,27.0,3,0,0,1,0,0,0.0,36,25,11,0.0,0.0,0.0,
410,Sabby Piscitelli,28,KAN,S,16,2,0.0,0.0,0.0,0.0,1,1,0,0,0,0,0.0,34,28,6,1.0,0.0,0.0,
411,Dennis Pitta,26,BAL,TE,16,2,0.0,0.0,0.0,0.0,0,0,0,0,0,0,0.0,2,1,1,0.0,0.0,0.0,
412,Stevan Ridley,22,NWE,RB,16,2,0.0,0.0,0.0,0.0,0,0,1,0,0,0,0.0,0,0,0,,,0.0,
413,Jason Taylor,37,MIA,DE,16,2,0.0,0.0,0.0,0.0,2,1,0,0,0,0,7.0,18,13,5,5.0,16.0,0.0,
414,Cam Thomas,25,SDG,DT,16,2,0.0,0.0,0.0,0.0,1,0,0,0,0,0,4.0,20,13,7,6.0,5.0,0.0,
415,Dave Tollefson,29,NYG,DE,16,2,0.0,0.0,0.0,0.0,1,1,0,1,0,0,5.0,21,13,8,5.0,8.0,0.0,
416,Eric Weems,26,ATL,WR,16,2,0.0,0.0,0.0,0.0,0,0,0,0,0,0,0.0,12,10,2,0.0,0.0,0.0,
417,Jacquian Williams,23,NYG,LB,16,2,0.0,0.0,0.0,0.0,4,1,0,3,0,0,1.0,78,58,20,2.0,1.0,0.0,
418,C.J. Wilson,24,GNB,DE,16,2,0.0,0.0,0.0,0.0,0,0,0,0,0,0,0.0,26,20,6,3.0,0.0,0.0,
419,Isa Abdul-Quddus,22,NOR,DB,16,1,0.0,0.0,0.0,0.0,1,3,0,0,0,0,0.0,16,14,2,0.0,0.0,0.0,
420,Mark Anderson,28,NWE,DE,16,1,0.0,0.0,0.0,0.0,1,2,0,1,0,0,10.0,29,18,11,9.0,16.0,0.0,
421,Rocky Bernard,32,NYG,DT,16,1,0.0,0.0,0.0,0.0,3,1,0,1,0,0,0.0,30,15,15,0.0,1.0,0.0,
422,Kroy Biermann,26,ATL,LB,16,1,1.0,50.0,1.0,50.0,1,0,0,0,0,0,2.5,37,15,22,3.0,10.0,0.0,
423,Darryl Blackstock,28,OAK,LB,16,1,0.0,0.0,0.0,0.0,0,0,0,0,0,0,0.0,20,15,5,1.0,0.0,0.0,
424,Zackary Bowman,27,CHI,DB,16,1,0.0,0.0,0.0,0.0,0,1,0,1,0,0,0.0,14,13,1,0.0,0.0,0.0,
425,Stewart Bradley,28,ARI,LB,16,1,0.0,0.0,0.0,0.0,2,0,0,0,0,0,0.0,31,21,10,1.0,1.0,0.0,
426,Tyler Brayton,32,IND,DE,16,1,0.0,0.0,0.0,0.0,0,0,0,0,0,0,2.0,27,15,12,3.0,4.0,0.0,
427,Junior Galette,23,NOR,DE,16,1,0.0,0.0,0.0,0.0,0,0,0,0,0,0,4.5,19,11,8,4.0,11.0,0.0,
428,Gary Gibson,29,STL,DT,16,1,0.0,0.0,0.0,0.0,2,0,0,0,0,0,3.0,17,13,4,5.0,4.0,0.0,
429,Wallace Gilberry,27,KAN,DE,16,1,0.0,0.0,0.0,0.0,3,2,0,0,0,0,2.5,10,6,4,0.0,8.0,0.0,
430,Mario Haggan,31,DEN,LB,16,1,1.0,16.0,1.0,16.0,1,0,0,0,0,0,0.0,23,13,10,3.0,0.0,0.0,
431,Joselio Hanson,30,PHI,DB,16,1,0.0,0.0,0.0,0.0,4,0,0,2,4,0,0.0,30,26,4,0.0,1.0,0.0,
432,Dante Hughes,26,SDG,DB,16,1,0.0,0.0,0.0,0.0,3,0,0,1,0,0,0.0,42,32,10,2.0,0.0,0.0,
433,Brandon Johnson,28,CIN,LB,16,1,0.0,0.0,0.0,0.0,3,1,0,0,0,0,0.0,31,20,11,1.0,3.0,0.0,
434,Karl Klug,23,TEN,DT,16,1,0.0,0.0,0.0,0.0,4,2,0,0,0,0,7.0,20,18,2,7.0,9.0,0.0,
435,Joe Lefeged,23,IND,DB,16,1,2.0,25.0,0.0,25.0,4,0,1,0,0,0,0.0,32,13,19,,,0.0,
436,Keenan Lewis,25,PIT,DB,16,1,1.0,9.0,0.0,9.0,6,0,0,0,0,0,0.0,37,30,7,0.0,0.0,0.0,
437,Stefan Logan,30,DET,RB,16,1,0.0,0.0,0.0,0.0,0,0,6,4,0,0,0.0,4,4,0,0.0,0.0,0.0,
438,Elbert Mack,25,TAM,WR,16,1,2.0,47.0,1.0,40.0,6,0,0,0,0,0,0.0,29,23,6,2.0,0.0,0.0,
439,Josh Mauga,24,NYJ,LB,16,1,1.0,11.0,0.0,11.0,1,0,0,0,0,0,0.0,25,17,8,1.0,0.0,0.0,
440,Albert McClellan,25,BAL,LB,16,1,0.0,0.0,0.0,0.0,0,0,0,0,0,0,0.0,19,15,4,1.0,0.0,0.0,
441,Corey McIntyre,32,BUF,FB,16,1,0.0,0.0,0.0,0.0,0,0,0,0,0,0,0.0,13,11,2,0.0,0.0,0.0,
442,Amobi Okoye,24,CHI,DT,16,1,0.0,0.0,0.0,0.0,1,0,0,0,0,0,4.0,27,18,9,5.0,7.0,0.0,
443,Kenny Onatolu,29,MIN,LB,16,1,0.0,0.0,0.0,0.0,0,0,0,0,0,0,0.0,14,12,2,0.0,0.0,0.0,
444,Isaac Redman,27,PIT,RB,16,1,0.0,0.0,0.0,0.0,0,0,2,0,0,0,0.0,2,2,0,0.0,0.0,0.0,
445,Dane Sanzenbacher,23,CHI,WR,16,1,0.0,0.0,0.0,0.0,0,0,0,0,0,0,0.0,2,2,0,0.0,0.0,0.0,
446,Cameron Sheffield,23,KAN,LB,16,1,0.0,0.0,0.0,0.0,0,0,0,0,0,0,0.0,9,7,2,1.0,0.0,0.0,
447,Leon Washington,29,SEA,RB,16,1,0.0,0.0,0.0,0.0,0,0,2,1,0,0,0.0,2,1,1,0.0,0.0,0.0,
448,John Wendling,28,DET,DB,16,1,0.0,0.0,0.0,0.0,0,0,0,0,0,0,0.0,25,20,5,0.0,0.0,0.0,
449,Gibril Wilson,30,CIN,DB,16,1,0.0,0.0,0.0,0.0,0,1,0,1,0,0,0.0,33,21,12,0.0,0.0,0.0,
450,Hamza Abdullah,28,ARI,DB,16,0,0.0,0.0,0.0,0.0,0,0,0,0,0,0,0.0,13,9,4,0.0,0.0,0.0,
451,Danny Aiken,23,NWE,LS,16,0,0.0,0.0,0.0,0.0,0,0,0,0,0,0,0.0,5,2,3,0.0,0.0,0.0,
452,David Akers,37,SFO,K,16,0,0.0,0.0,0.0,0.0,0,0,0,0,0,0,0.0,2,2,0,0.0,0.0,0.0,"PB,AP-1"
453,Alex Albright,23,DAL,LB,16,0,0.0,0.0,0.0,0.0,0,0,0,0,0,0,0.0,11,8,3,0.0,0.0,0.0,
454,Lorenzo Alexander,28,WAS,LB,16,0,0.0,0.0,0.0,0.0,0,0,0,0,0,0,0.0,16,10,6,1.0,0.0,0.0,
455,Will Allen,29,PIT,DB,16,0,0.0,0.0,0.0,0.0,0,0,0,0,0,0,0.0,9,6,3,0.0,0.0,0.0,
456,Ken Amato,34,TEN,LS,16,0,0.0,0.0,0.0,0.0,0,0,1,0,0,0,0.0,2,1,1,0.0,0.0,0.0,
457,Jonathon Amaya,23,NOR,DB,16,0,0.0,0.0,0.0,0.0,0,1,0,0,0,0,0.0,14,10,4,0.0,1.0,0.0,
458,Brendon Ayanbadejo,35,BAL,LB,16,0,0.0,0.0,0.0,0.0,2,0,0,2,0,0,1.5,36,32,4,2.0,4.0,0.0,
459,Allen Bailey,22,KAN,DE,16,0,0.0,0.0,0.0,0.0,2,0,0,1,0,0,1.0,10,8,2,4.0,3.0,0.0,
460,Dan Bailey,23,DAL,K,16,0,0.0,0.0,0.0,0.0,0,0,0,0,0,0,0.0,2,2,0,0.0,0.0,0.0,
461,Jason Baker,33,CAR,P,16,0,0.0,0.0,0.0,0.0,0,0,0,0,0,0,0.0,2,1,1,0.0,0.0,0.0,
462,Lance Ball,26,DEN,RB,16,0,0.0,0.0,0.0,0.0,0,0,2,0,0,0,0.0,5,5,0,0.0,0.0,0.0,
463,Brandon Banks,24,WAS,WR,16,0,0.0,0.0,0.0,0.0,0,0,7,5,0,0,0.0,0,0,0,0.0,0.0,0.0,
464,Nick Bellore,22,NYJ,LB,16,0,0.0,0.0,0.0,0.0,0,0,0,0,0,0,0.0,19,15,4,0.0,0.0,0.0,
465,Rob Bironas,33,TEN,K,16,0,0.0,0.0,0.0,0.0,0,0,0,0,0,0,0.0,2,2,0,0.0,0.0,0.0,
466,Matthew Bosher,24,ATL,P,16,0,0.0,0.0,0.0,0.0,0,0,0,0,0,0,0.0,8,6,2,0.0,0.0,0.0,
467,Bryan Braman,24,HOU,LB,16,0,0.0,0.0,0.0,0.0,0,0,0,1,0,0,0.5,8,5,3,0.0,1.0,0.0,
468,Raheem Brock,33,SEA,DE,16,0,0.0,0.0,0.0,0.0,0,1,0,0,0,0,3.0,29,16,13,3.0,9.0,0.0,
469,Josh Brown,32,STL,K,16,0,0.0,0.0,0.0,0.0,0,0,0,0,0,0,0.0,1,1,0,0.0,0.0,0.0,
470,James Butler,29,STL,DB,16,0,0.0,0.0,0.0,0.0,0,0,0,0,0,0,0.0,11,10,1,0.0,0.0,0.0,
471,Victor Butler,24,DAL,LB,16,0,0.0,0.0,0.0,0.0,1,0,0,0,0,0,3.0,23,16,7,4.0,7.0,0.0,
472,Jeremy Cain,31,JAX,LB,16,0,0.0,0.0,0.0,0.0,0,0,1,0,-39,0,0.0,4,2,2,0.0,0.0,0.0,
473,David Carter,24,ARI,DT,16,0,0.0,0.0,0.0,0.0,2,1,0,0,0,0,1.0,16,10,6,3.0,1.0,0.0,
474,Dustin Colquitt,29,KAN,P,16,0,0.0,0.0,0.0,0.0,0,0,1,0,0,0,0.0,1,0,1,0.0,0.0,0.0,
475,Jon Condo,30,OAK,LS,16,0,0.0,0.0,0.0,0.0,0,0,0,0,0,0,0.0,4,4,0,0.0,0.0,0.0,PB
476,T.J. Conley,26,NYJ,P,16,0,0.0,0.0,0.0,0.0,0,0,0,0,0,0,0.0,1,1,0,0.0,0.0,0.0,
477,Blake Costanzo,27,SFO,LB,16,0,0.0,0.0,0.0,0.0,0,0,0,0,0,0,0.0,13,12,1,0.0,0.0,0.0,
478,Mason Crosby,27,GNB,K,16,0,0.0,0.0,0.0,0.0,0,0,0,1,2,0,0.0,3,2,1,0.0,0.0,0.0,
479,Chris Culliver,23,SFO,DB,16,0,1.0,23.0,0.0,23.0,7,0,0,0,0,0,0.0,36,34,2,0.0,0.0,0.0,
480,Dominique Curry,24,STL,WR,16,0,0.0,0.0,0.0,0.0,0,0,0,1,0,0,0.0,10,9,1,0.0,0.0,0.0,
481,Travis Daniels,29,KAN,DB,16,0,2.0,25.0,0.0,25.0,3,0,0,0,0,0,0.0,14,13,1,0.0,0.0,0.0,
482,Phil Dawson,36,CLE,K,16,0,0.0,0.0,0.0,0.0,0,0,0,0,0,0,0.0,1,1,0,0.0,0.0,0.0,
483,Larry Dean,23,MIN,LB,16,0,0.0,0.0,0.0,0.0,0,0,0,0,0,0,0.0,9,8,1,0.0,0.0,0.0,
484,Dom DeCicco,23,CHI,LB,16,0,0.0,0.0,0.0,0.0,0,0,0,0,0,0,0.0,12,11,1,0.0,0.0,0.0,
485,John Denney,33,MIA,LS,16,0,0.0,0.0,0.0,0.0,0,0,0,0,0,0,0.0,4,4,0,0.0,0.0,0.0,
486,Akeem Dent,24,ATL,LB,16,0,0.0,0.0,0.0,0.0,0,1,0,0,0,0,0.0,20,13,7,0.0,0.0,0.0,
487,Zak DeOssie,27,NYG,LB,16,0,0.0,0.0,0.0,0.0,0,0,0,0,0,0,0.0,10,8,2,0.0,0.0,0.0,
488,Anthony Dixon,24,SFO,RB,16,0,0.0,0.0,0.0,0.0,0,0,0,0,0,0,0.0,6,6,0,0.0,0.0,0.0,
489,Jon Dorenbos,31,PHI,LS,16,0,0.0,0.0,0.0,0.0,0,0,0,0,0,0,0.0,4,4,0,0.0,0.0,0.0,
490,Fred Evans,28,MIN,DT,16,0,0.0,0.0,0.0,0.0,0,0,0,0,0,0,0.0,22,13,9,3.0,3.0,0.0,
491,Brandon Fields,27,MIA,P,16,0,0.0,0.0,0.0,0.0,0,0,0,0,0,0,0.0,1,1,0,0.0,0.0,0.0,
492,Justin Forsett,26,SEA,RB,16,0,0.0,0.0,0.0,0.0,0,0,0,0,0,0,0.0,1,1,0,0.0,0.0,0.0,
493,Eric Frampton,27,MIN,DB,16,0,0.0,0.0,0.0,0.0,0,0,0,0,0,0,0.0,20,17,3,0.0,0.0,0.0,
494,Andrew Gachkar,23,SDG,LB,16,0,0.0,0.0,0.0,0.0,0,0,0,0,0,0,0.0,15,11,4,0.0,0.0,0.0,
495,Thomas Gafford,28,KAN,LB,16,0,0.0,0.0,0.0,0.0,0,0,0,0,0,0,0.0,3,3,0,0.0,0.0,0.0,
496,Dylan Gandy,29,DET,G,16,0,0.0,0.0,0.0,0.0,0,0,0,1,0,0,0.0,0,0,0,0.0,0.0,0.0,
497,Graham Gano,24,WAS,K,16,0,0.0,0.0,0.0,0.0,0,0,0,0,0,0,0.0,4,3,1,0.0,0.0,0.0,
498,Brett Goode,27,GNB,LB,16,0,0.0,0.0,0.0,0.0,0,0,0,0,0,0,0.0,1,1,0,0.0,0.0,0.0,
499,Tavares Gooden,27,SFO,LB,16,0,0.0,0.0,0.0,0.0,0,1,0,0,0,0,0.0,11,11,0,1.0,0.0,0.0,
500,Richard Goodman,24,SDG,WR,16,0,0.0,0.0,0.0,0.0,0,0,0,0,0,0,0.0,5,4,1,0.0,0.0,0.0,
501,Stephen Gostkowski,27,NWE,K,16,0,0.0,0.0,0.0,0.0,0,0,0,0,0,0,0.0,4,3,1,0.0,0.0,0.0,
502,Corey Graham,26,CHI,DB,16,0,3.0,11.0,0.0,10.0,3,0,0,0,0,0,0.0,18,15,3,0.0,1.0,0.0,PB
503,Cory Greenwood,26,KAN,LB,16,0,0.0,0.0,0.0,0.0,0,0,0,0,0,0,0.0,13,10,3,0.0,0.0,0.0,
504,Clint Gresham,25,SEA,LB,16,0,0.0,0.0,0.0,0.0,0,0,0,0,0,0,0.0,1,1,0,0.0,0.0,0.0,
505,Everson Griffen,24,MIN,DE,16,0,0.0,0.0,0.0,0.0,2,1,0,1,9,0,4.0,21,15,6,3.0,7.0,0.0,
506,Jason Hanson,41,DET,K,16,0,0.0,0.0,0.0,0.0,0,0,0,0,0,0,0.0,2,1,1,0.0,0.0,0.0,
507,Clark Harris,27,CIN,TE,16,0,0.0,0.0,0.0,0.0,0,0,0,0,0,0,0.0,3,1,2,0.0,0.0,0.0,
508,Stephen Hauschka,26,SEA,K,16,0,0.0,0.0,0.0,0.0,0,0,0,0,0,0,0.0,2,1,1,0.0,0.0,0.0,
509,Alex Henery,24,PHI,K,16,0,0.0,0.0,0.0,0.0,0,0,0,0,0,0,0.0,2,2,0,0.0,0.0,0.0,
510,Chas Henry,22,PHI,P,16,0,0.0,0.0,0.0,0.0,0,0,0,0,0,0,0.0,2,2,0,0.0,0.0,0.0,
511,Cameron Heyward,22,PIT,DE,16,0,0.0,0.0,0.0,0.0,1,1,0,0,0,0,1.0,11,10,1,1.0,4.0,0.0,
512,Jesse Holley,27,DAL,WR,16,0,0.0,0.0,0.0,0.0,0,0,0,0,0,0,0.0,7,6,1,0.0,0.0,0.0,
513,Vonnie Holliday,36,ARI,DE,16,0,0.0,0.0,0.0,0.0,1,0,0,0,0,0,0.0,16,14,2,4.0,3.0,0.0,
514,Nate Irving,23,DEN,LB,16,0,0.0,0.0,0.0,0.0,0,0,0,0,0,0,0.0,4,3,1,0.0,1.0,0.0,
515,Rob Jackson,26,WAS,DE,16,0,0.0,0.0,0.0,0.0,0,0,0,0,0,0,0.0,10,8,2,4.0,2.0,0.0,
516,Tim Jamison,25,HOU,DE,16,0,0.0,0.0,0.0,0.0,2,1,0,1,0,0,2.0,19,14,5,2.0,3.0,0.0,
517,J.J. Jansen,25,CAR,LS,16,0,0.0,0.0,0.0,0.0,0,0,0,0,0,0,0.0,1,1,0,0.0,0.0,0.0,
518,Brian Jennings,35,SFO,LS,16,0,0.0,0.0,0.0,0.0,0,0,0,0,0,0,0.0,1,0,1,0.0,0.0,0.0,PB
519,Bryant Johnson,30,HOU,WR,16,0,0.0,0.0,0.0,0.0,0,0,0,0,0,0,0.0,3,3,0,0.0,0.0,0.0,
520,Donnie Jones,31,STL,P,16,0,0.0,0.0,0.0,0.0,0,0,0,0,0,0,0.0,2,2,0,0.0,0.0,0.0,
521,James Jones,27,GNB,WR,16,0,0.0,0.0,0.0,0.0,0,0,1,0,0,0,0.0,0,0,0,0.0,0.0,0.0,
522,Brett Kern,25,TEN,P,16,0,0.0,0.0,0.0,0.0,0,0,0,1,0,0,0.0,0,0,0,0.0,0.0,0.0,
523,Chris Kluwe,30,MIN,P,16,0,0.0,0.0,0.0,0.0,0,0,1,0,-6,0,0.0,2,2,0,0.0,0.0,0.0,
524,Sam Koch,29,BAL,P,16,0,0.0,0.0,0.0,0.0,0,0,0,0,0,0,0.0,1,1,0,0.0,0.0,0.0,
525,Paul Kruger,25,BAL,DE,16,0,0.0,0.0,0.0,0.0,2,0,0,2,0,0,5.5,15,12,3,5.0,11.0,0.0,
526,L.P. Ladouceur,30,DAL,DE,16,0,0.0,0.0,0.0,0.0,0,0,0,0,0,0,0.0,2,2,0,0.0,0.0,0.0,
527,Mike Leach,35,ARI,LS,16,0,0.0,0.0,0.0,0.0,0,0,0,0,0,0,0.0,1,1,0,0.0,0.0,0.0,
528,Shane Lechler,35,OAK,P,16,0,0.0,0.0,0.0,0.0,0,0,0,0,0,0,0.0,1,1,0,0.0,0.0,0.0,"PB,AP-2"
529,Pat Lee,27,GNB,DB,16,0,0.0,0.0,0.0,0.0,0,0,0,0,0,0,0.0,11,9,2,0.0,0.0,0.0,
530,Sean Lissemore,24,DAL,NT,16,0,0.0,0.0,0.0,0.0,0,0,0,0,0,0,2.0,28,19,9,4.0,5.0,0.0,
531,Ryan Longwell,37,MIN,K,16,0,0.0,0.0,0.0,0.0,0,0,0,1,0,0,0.0,3,3,0,0.0,0.0,0.0,
532,Kregg Lumpkin,27,TAM,RB,16,0,0.0,0.0,0.0,0.0,0,0,0,0,0,0,0.0,5,4,1,0.0,0.0,0.0,
533,Olindo Mare,38,CAR,K,16,0,0.0,0.0,0.0,0.0,0,0,0,0,0,0,0.0,2,2,0,0.0,0.0,0.0,
534,Marc Mariani,24,TEN,WR,16,0,0.0,0.0,0.0,0.0,0,0,1,1,0,0,0.0,3,2,1,0.0,0.0,0.0,
535,Tim Masthay,24,GNB,P,16,0,0.0,0.0,0.0,0.0,0,0,2,1,0,0,0.0,1,1,0,0.0,0.0,0.0,
536,Pat McAfee,24,IND,P,16,0,0.0,0.0,0.0,0.0,0,0,0,0,0,0,0.0,7,7,0,0.0,0.0,0.0,
537,Brice McCain,25,HOU,DB,16,0,2.0,48.0,1.0,38.0,13,0,0,0,0,0,0.0,28,27,1,0.0,1.0,0.0,
538,Pernell McPhee,23,BAL,DE,16,0,0.0,0.0,0.0,0.0,2,1,0,1,0,0,6.0,23,16,7,4.0,8.0,0.0,
539,Jake McQuaide,24,STL,LS,16,0,0.0,0.0,0.0,0.0,0,0,0,0,0,0,0.0,2,2,0,0.0,0.0,0.0,
540,Zoltan Mesko,25,NWE,P,16,0,0.0,0.0,0.0,0.0,0,0,0,0,0,0,0.0,1,1,0,0.0,0.0,0.0,
541,Jeromy Miles,24,CIN,DB,16,0,0.0,0.0,0.0,0.0,0,0,0,0,0,0,0.0,16,15,1,0.0,0.0,0.0,
542,Earl Mitchell,24,HOU,DT,16,0,0.0,0.0,0.0,0.0,1,0,0,2,0,0,1.0,27,14,13,0.0,1.0,0.0,
543,Marvin Mitchell,27,MIA,LB,16,0,1.0,55.0,0.0,55.0,2,1,0,0,0,0,1.0,30,25,5,1.0,2.0,0.0,
544,Brian Moorman,35,BUF,P,16,0,0.0,0.0,0.0,0.0,0,0,0,0,0,0,0.0,1,1,0,0.0,0.0,0.0,
545,Don Muhlbach,30,DET,LS,16,0,0.0,0.0,0.0,0.0,0,0,0,0,0,0,0.0,2,2,0,0.0,0.0,0.0,
546,Ryan Mundy,26,PIT,DB,16,0,1.0,5.0,0.0,5.0,1,2,0,0,0,0,0.0,38,21,17,1.0,0.0,0.0,
547,Chris Neild,24,WAS,DT,16,0,0.0,0.0,0.0,0.0,0,1,0,0,0,0,2.0,10,4,6,1.0,2.0,0.0,
548,Ashlee Palmer,25,DET,LB,16,0,0.0,0.0,0.0,0.0,0,0,0,0,0,0,0.0,8,8,0,0.0,0.0,0.0,
549,Preston Parker,24,TAM,WR,16,0,0.0,0.0,0.0,0.0,0,0,8,4,-8,0,0.0,4,4,0,0.0,0.0,0.0,
550,Scott Paxson,28,CLE,DT,16,0,0.0,0.0,0.0,0.0,1,0,0,1,0,0,1.0,21,10,11,3.0,2.0,0.0,
551,Lonie Paxton,33,DEN,LS,16,0,0.0,0.0,0.0,0.0,0,0,0,0,0,0,0.0,1,1,0,0.0,0.0,0.0,
552,Adam Podlesh,28,CHI,P,16,0,0.0,0.0,0.0,0.0,0,0,0,0,0,0,0.0,2,2,0,0.0,0.0,0.0,
553,Matt Prater,27,DEN,K,16,0,0.0,0.0,0.0,0.0,0,0,0,0,0,0,0.0,1,1,0,0.0,0.0,0.0,
554,Tanner Purdum,25,NYJ,LS,16,0,0.0,0.0,0.0,0.0,0,0,0,0,0,0,0.0,1,0,1,0.0,0.0,0.0,
555,Neil Rackers,35,HOU,K,16,0,0.0,0.0,0.0,0.0,0,0,0,0,0,0,0.0,3,2,1,0.0,0.0,0.0,
556,Vincent Rey,24,CIN,LB,16,0,0.0,0.0,0.0,0.0,0,0,0,0,0,0,0.0,6,6,0,0.0,0.0,0.0,
557,Courtney Roby,28,NOR,WR,16,0,0.0,0.0,0.0,0.0,0,0,0,0,0,0,0.0,8,7,1,0.0,0.0,0.0,
558,Saverio Rocca,38,WAS,P,16,0,0.0,0.0,0.0,0.0,0,0,0,0,0,0,0.0,2,2,0,0.0,0.0,0.0,
559,Jacquizz Rodgers,21,ATL,RB,16,0,0.0,0.0,0.0,0.0,0,0,1,0,0,0,0.0,3,2,1,0.0,0.0,0.0,
560,Jon Ryan,30,SEA,P,16,0,0.0,0.0,0.0,0.0,0,0,0,0,0,0,0.0,3,3,0,0.0,0.0,0.0,
561,Garrison Sanborn,26,BUF,LS,16,0,0.0,0.0,0.0,0.0,0,0,0,0,0,0,0.0,5,4,1,0.0,0.0,0.0,
562,Tyler Sash,23,NYG,DB,16,0,0.0,0.0,0.0,0.0,0,1,0,0,0,0,0.0,17,12,5,0.0,0.0,0.0,
563,Brian Schaefering,28,CLE,DT,16,0,0.0,0.0,0.0,0.0,0,0,0,0,0,0,0.5,29,18,11,2.0,3.0,0.0,
564,Shann Schillinger,25,ATL,DB,16,0,0.0,0.0,0.0,0.0,0,0,0,0,0,0,0.0,11,7,4,0.0,0.0,0.0,
565,O'Brien Schofield,24,ARI,LB,16,0,0.0,0.0,0.0,0.0,0,2,0,0,0,0,4.5,37,33,4,3.0,6.0,0.0,
566,Mike Scifres,31,SDG,P,16,0,0.0,0.0,0.0,0.0,0,0,0,0,0,0,0.0,1,1,0,0.0,0.0,0.0,
567,Josh Scobee,29,JAX,K,16,0,0.0,0.0,0.0,0.0,0,0,0,0,0,0,0.0,1,1,0,0.0,0.0,0.0,
568,Trevor Scott,27,OAK,DE,16,0,0.0,0.0,0.0,0.0,0,0,0,0,0,0,0.0,7,6,1,1.0,0.0,0.0,
569,Tim Shaw,27,TEN,LB,16,0,0.0,0.0,0.0,0.0,0,0,0,0,0,0,0.0,14,10,4,0.0,0.0,0.0,
570,Lawrence Sidbury,25,ATL,DE,16,0,0.0,0.0,0.0,0.0,0,0,0,0,0,0,4.0,11,9,2,6.0,10.0,0.0,
571,Eugene Sims,25,STL,LB,16,0,0.0,0.0,0.0,0.0,1,0,0,0,0,0,0.0,19,16,3,1.0,2.0,0.0,
572,Buster Skrine,22,CLE,DB,16,0,1.0,5.0,0.0,5.0,2,0,0,0,0,0,0.0,18,14,4,0.0,0.0,0.0,
573,Aldon Smith,22,SFO,LB,16,0,0.0,0.0,0.0,0.0,4,2,0,1,0,0,14.0,37,31,6,13.0,27.0,1.0,AP DRoY-2
574,Reggie Smith,25,SFO,DB,16,0,1.0,11.0,0.0,11.0,3,0,1,0,0,0,0.0,15,15,0,0.0,0.0,0.0,
575,Justin Snow,35,IND,LS,16,0,0.0,0.0,0.0,0.0,0,0,0,0,0,0,0.0,5,3,2,0.0,0.0,0.0,
576,C.J. Spillman,25,SFO,DB,16,0,0.0,0.0,0.0,0.0,0,0,0,0,0,0,0.0,18,17,1,1.0,0.0,0.0,
577,Austin Spitler,25,MIA,LB,16,0,0.0,0.0,0.0,0.0,0,0,0,1,0,0,0.0,11,10,1,0.0,0.0,0.0,
578,Ryan Succop,25,KAN,K,16,0,0.0,0.0,0.0,0.0,0,0,0,0,0,0,0.0,1,1,0,0.0,0.0,0.0,
579,Shaun Suisham,30,PIT,K,16,0,0.0,0.0,0.0,0.0,0,0,0,0,0,0,0.0,5,2,3,0.0,0.0,0.0,
580,Nick Sundberg,24,WAS,LS,16,0,0.0,0.0,0.0,0.0,0,0,0,0,0,0,0.0,3,2,1,0.0,0.0,0.0,
581,Brandon Tate,24,CIN,WR,16,0,0.0,0.0,0.0,0.0,0,0,3,1,0,0,0.0,0,0,0,,,0.0,
582,Devin Thomas,25,NYG,WR,16,0,0.0,0.0,0.0,0.0,0,1,0,0,0,0,0.0,5,4,1,0.0,0.0,0.0,
583,Jason Trusnik,27,MIA,DE,16,0,0.0,0.0,0.0,0.0,0,0,0,0,0,0,0.0,18,15,3,0.0,0.0,0.0,
584,Lawrence Tynes,33,NYG,K,16,0,0.0,0.0,0.0,0.0,0,0,0,0,0,0,0.0,1,1,0,0.0,0.0,0.0,
585,Reggie Walker,25,ARI,LB,16,0,0.0,0.0,0.0,0.0,0,0,0,0,0,0,0.0,16,11,5,0.0,0.0,0.0,
586,Vance Walker,24,ATL,DT,16,0,0.0,0.0,0.0,0.0,0,1,0,1,0,0,2.0,18,13,5,3.0,3.0,0.0,
587,Greg Warren,30,PIT,LS,16,0,0.0,0.0,0.0,0.0,0,0,0,0,0,0,0.0,1,0,1,0.0,0.0,0.0,
588,Steve Weatherford,29,NYG,P,16,0,0.0,0.0,0.0,0.0,0,0,0,0,0,0,0.0,4,4,0,0.0,0.0,0.0,
589,Ricky Williams,34,BAL,RB,16,0,0.0,0.0,0.0,0.0,0,0,2,0,0,0,0.0,1,1,0,,,0.0,
590,Matt Willis,27,DEN,WR,16,0,0.0,0.0,0.0,0.0,0,0,1,2,0,0,0.0,5,5,0,0.0,0.0,0.0,
591,Mike Windt,25,SDG,LS,16,0,0.0,0.0,0.0,0.0,0,0,0,0,0,0,0.0,1,1,0,0.0,0.0,0.0,
592,John Abraham,33,ATL,RDE,15,15,0.0,0.0,0.0,0.0,2,4,0,1,0,0,9.5,35,25,10,10.0,17.0,0.0,
593,Cedric Benson,29,CIN,RB,15,15,0.0,0.0,0.0,0.0,0,0,5,2,0,0,0.0,0,0,0,0.0,0.0,0.0,
594,Alan Branch,27,SEA,LDT,15,15,0.0,0.0,0.0,0.0,2,0,0,0,0,0,3.0,34,21,13,5.0,3.0,0.0,
595,Reggie Bush,26,MIA,RB,15,15,0.0,0.0,0.0,0.0,0,0,4,3,0,0,0.0,0,0,0,0.0,0.0,0.0,
596,Vernon Carey,30,MIA,RG,15,15,0.0,0.0,0.0,0.0,0,0,0,1,0,0,0.0,0,0,0,0.0,0.0,0.0,
597,Kam Chancellor,23,SEA,SS,15,15,4.0,27.0,0.0,9.0,13,2,0,1,0,0,1.0,97,75,22,3.0,1.0,0.0,PB
598,Nate Clements,32,CIN,LCB,15,15,2.0,5.0,0.0,7.0,12,2,1,2,0,0,1.0,55,49,6,4.0,4.0,0.0,
599,Glenn Dorsey,26,KAN,RDE,15,15,0.0,0.0,0.0,0.0,0,0,0,0,0,0,0.0,62,31,31,3.0,2.0,0.0,
600,Sedrick Ellis,26,NOR,RDE,15,15,0.0,0.0,0.0,0.0,4,0,0,0,0,0,0.5,29,9,20,0.0,4.0,0.0,
601,Jeff Faine,30,TAM,C,15,15,0.0,0.0,0.0,0.0,0,0,1,0,-7,0,0.0,0,0,0,,,0.0,
602,Anthony Fasano,27,MIA,TE,15,15,0.0,0.0,0.0,0.0,0,0,0,1,0,0,0.0,0,0,0,0.0,0.0,0.0,
603,Josh Freeman,23,TAM,QB,15,15,0.0,0.0,0.0,0.0,0,0,9,2,-13,0,0.0,0,0,0,0.0,0.0,0.0,
604,Chris Gamble,28,CAR,LCB,15,15,3.0,43.0,0.0,24.0,12,0,0,0,0,0,0.0,45,37,8,2.0,0.0,0.0,
605,A.J. Green,23,CIN,WR,15,15,0.0,0.0,0.0,0.0,0,0,1,1,0,0,0.0,0,0,0,0.0,0.0,0.0,PB
606,Joe Haden,22,CLE,LCB,15,15,0.0,0.0,0.0,0.0,19,1,0,1,0,0,1.0,65,53,12,2.0,1.0,0.0,
607,James Hall,34,STL,RDE,15,15,0.0,0.0,0.0,0.0,2,0,0,0,0,0,6.0,50,38,12,9.0,11.0,1.0,
608,Richie Incognito,28,MIA,LG,15,15,0.0,0.0,0.0,0.0,0,0,0,1,0,0,0.0,0,0,0,0.0,0.0,0.0,
609,DeSean Jackson,25,PHI,WR,15,15,0.0,0.0,0.0,0.0,0,0,1,0,0,0,0.0,1,1,0,0.0,0.0,0.0,
610,Steven Jackson,28,STL,RB,15,15,0.0,0.0,0.0,0.0,0,0,2,2,0,0,0.0,0,0,0,0.0,0.0,0.0,
611,Quentin Jammer,32,SDG,LCB,15,15,0.0,0.0,0.0,0.0,8,0,0,1,0,0,0.0,53,44,9,2.0,0.0,0.0,
612,Malcolm Jenkins,24,NOR,FS,15,15,0.0,0.0,0.0,0.0,9,1,0,1,30,1,1.0,78,64,14,0.0,4.0,0.0,
613,Charles Johnson,25,CAR,RDE,15,15,0.0,0.0,0.0,0.0,4,0,0,0,0,0,9.0,41,31,10,19.0,13.0,0.0,
614,Johnathan Joseph,27,HOU,RCB,15,15,4.0,40.0,0.0,29.0,15,1,0,0,0,0,0.0,44,40,4,2.0,0.0,0.0,"PB,AP-2"
615,Sean Lee,25,DAL,RILB,15,15,4.0,87.0,0.0,37.0,7,0,0,2,0,0,0.0,104,71,33,10.0,3.0,0.0,
616,Marcedes Lewis,27,JAX,TE,15,15,0.0,0.0,0.0,0.0,0,0,0,2,0,0,0.0,0,0,0,0.0,0.0,0.0,
617,Marshawn Lynch,25,SEA,RB,15,15,0.0,0.0,0.0,0.0,0,0,3,2,0,0,0.0,0,0,0,0.0,0.0,0.0,PB
618,Clay Matthews,25,GNB,LOLB,15,15,3.0,47.0,1.0,38.0,9,3,0,0,0,0,6.0,50,37,13,8.0,25.0,0.0,PB
619,Jason McCourty,24,TEN,LCB,15,15,2.0,52.0,0.0,30.0,13,1,0,1,0,0,1.0,103,83,20,1.0,1.0,0.0,
620,LeSean McCoy,23,PHI,RB,15,15,0.0,0.0,0.0,0.0,0,0,1,0,0,0,0.0,0,0,0,0.0,0.0,0.0,"PB,AP-1"
621,Ray McDonald,27,SFO,LDE,15,15,0.0,0.0,0.0,0.0,2,3,0,1,0,0,5.5,39,29,10,6.0,8.0,0.0,
622,Henry Melton,25,CHI,LDT,15,15,0.0,0.0,0.0,0.0,0,0,0,0,0,0,7.0,24,18,6,11.0,15.0,0.0,
623,Rashard Mendenhall,24,PIT,RB,15,15,0.0,0.0,0.0,0.0,0,0,1,0,0,0,0.0,0,0,0,0.0,0.0,0.0,
624,Von Miller,22,DEN,LILB,15,15,0.0,0.0,0.0,0.0,4,2,0,0,0,0,11.5,64,50,14,19.0,29.0,0.0,"PB,AP-2,AP DRoY-1"
625,Mike Patterson,28,PHI,RDT,15,15,0.0,0.0,0.0,0.0,0,1,0,2,0,0,2.5,35,26,9,6.0,3.0,0.0,
626,Corey Peters,23,ATL,RDT,15,15,1.0,1.0,0.0,1.0,3,0,0,1,13,1,3.0,26,21,5,7.0,6.0,0.0,
627,Kenny Phillips,25,NYG,SS,15,15,4.0,50.0,0.0,31.0,11,1,0,0,0,0,0.0,82,59,23,1.0,2.0,0.0,
628,Fred Robbins,34,STL,LDT,15,15,0.0,0.0,0.0,0.0,2,0,0,0,0,0,1.0,29,21,8,4.0,1.0,0.0,
629,Aaron Rodgers,28,GNB,QB,15,15,0.0,0.0,0.0,0.0,0,0,4,2,0,0,0.0,0,0,0,0.0,0.0,0.0,"PB,AP-1,AP MVP-1,AP OPoY-2"
630,Ben Roethlisberger,29,PIT,QB,15,15,0.0,0.0,0.0,0.0,0,0,8,2,-10,0,0.0,0,0,0,0.0,0.0,0.0,PB
631,Jamarca Sanford,26,MIN,SS,15,15,2.0,69.0,0.0,52.0,5,1,0,2,3,0,0.0,75,46,29,1.0,2.0,0.0,
632,Isaac Sopoaga,30,SFO,NT,15,15,0.0,0.0,0.0,0.0,1,0,0,1,0,0,0.0,31,20,11,1.0,3.0,0.0,
633,Amari Spievey,23,DET,SS,15,15,3.0,47.0,0.0,30.0,4,0,0,1,0,0,1.0,70,62,8,0.0,2.0,0.0,
634,Max Unger,25,SEA,C,15,15,0.0,0.0,0.0,0.0,0,0,2,0,-14,0,0.0,0,0,0,0.0,0.0,0.0,
635,Donte Whitner,26,SFO,SS,15,15,2.0,48.0,0.0,48.0,10,1,0,3,3,0,0.0,62,49,13,2.0,3.0,0.0,
636,Corey Williams,31,DET,RDT,15,15,0.0,0.0,0.0,0.0,0,0,0,0,0,0,2.0,31,20,11,3.0,7.0,0.0,
637,Tramon Williams,28,GNB,RCB,15,15,4.0,92.0,1.0,43.0,22,0,0,1,0,0,0.0,64,53,11,2.0,1.0,0.0,
638,Charles Woodson,35,GNB,LCB,15,15,7.0,63.0,1.0,30.0,17,1,0,1,-1,0,2.0,75,63,12,4.0,3.0,0.0,"PB,AP-1,AP DPoY-6"
639,Justin Bannan,32,STL,RDT,15,14,0.0,0.0,0.0,0.0,3,0,0,0,0,0,0.0,32,26,6,4.0,1.0,0.0,
640,Blaine Gabbert,22,JAX,QB,15,14,0.0,0.0,0.0,0.0,0,0,14,3,-39,0,0.0,0,0,0,0.0,0.0,0.0,
641,Ryan Grant,29,GNB,RB,15,14,0.0,0.0,0.0,0.0,0,0,1,0,0,0,0.0,0,0,0,,,0.0,
642,David Hawthorne,26,SEA,MLB,15,14,3.0,111.0,1.0,77.0,6,0,0,1,9,0,2.0,115,73,42,9.0,2.0,0.0,
643,Darrius Heyward-Bey,24,OAK,WR,15,14,0.0,0.0,0.0,0.0,0,0,1,0,0,0,0.0,0,0,0,0.0,0.0,0.0,
644,Tarvaris Jackson,28,SEA,QB,15,14,0.0,0.0,0.0,0.0,0,0,9,4,-8,0,0.0,0,0,0,0.0,0.0,0.0,
645,Rolando McClain,22,OAK,MLB,15,14,0.0,0.0,0.0,0.0,14,0,0,0,0,0,5.0,99,77,22,8.0,8.0,1.0,
646,Willis McGahee,30,DEN,RB,15,14,0.0,0.0,0.0,0.0,0,0,4,1,0,0,0.0,0,0,0,0.0,0.0,0.0,PB
647,Eugene Monroe,24,JAX,LT,15,14,0.0,0.0,0.0,0.0,0,0,0,2,0,0,0.0,0,0,0,0.0,0.0,0.0,
648,Brian Price,22,TAM,RDT,15,14,0.0,0.0,0.0,0.0,0,0,0,0,0,0,3.0,24,20,4,10.0,5.0,0.0,
649,Kevin Walter,30,HOU,WR,15,14,0.0,0.0,0.0,0.0,0,0,0,1,0,0,0.0,0,0,0,0.0,0.0,0.0,
650,Daryl Washington,25,ARI,RILB,15,14,2.0,16.0,0.0,16.0,7,0,0,0,0,0,5.0,107,95,12,16.0,7.0,0.0,
651,Jeremy Zuttah,25,TAM,LG,15,14,0.0,0.0,0.0,0.0,0,0,0,1,0,0,0.0,0,0,0,0.0,0.0,0.0,
652,Dez Bryant,23,DAL,WR,15,13,0.0,0.0,0.0,0.0,0,0,3,1,0,0,0.0,0,0,0,0.0,0.0,0.0,
653,Kurt Coleman,23,PHI,SS,15,13,4.0,60.0,0.0,35.0,5,1,0,0,0,0,0.0,78,56,22,1.0,2.0,0.0,
654,Steve Gregory,28,SDG,SS,15,13,1.0,26.0,1.0,26.0,3,0,0,0,0,0,0.0,67,56,11,0.0,1.0,0.0,
655,Kareem Jackson,23,HOU,LCB,15,13,1.0,0.0,0.0,0.0,6,1,0,0,0,0,0.0,42,37,5,2.0,0.0,0.0,
656,Corey Liuget,21,SDG,RDE,15,13,0.0,0.0,0.0,0.0,2,1,0,1,0,0,1.0,19,14,5,3.0,1.0,0.0,
657,Jeremy Shockey,31,CAR,TE,15,13,0.0,0.0,0.0,0.0,0,0,2,0,0,0,0.0,0,0,0,,,0.0,
658,Darian Stewart,23,STL,SS,15,13,1.0,27.0,1.0,27.0,11,2,0,0,0,0,3.0,84,67,17,9.0,3.0,0.0,
659,Mike Thomas,24,JAX,WR,15,13,0.0,0.0,0.0,0.0,0,0,1,0,0,0,0.0,0,0,0,0.0,0.0,0.0,
660,Nate Allen,24,PHI,FS,15,12,2.0,44.0,0.0,31.0,7,0,0,0,0,0,0.0,59,46,13,3.0,0.0,0.0,
661,Reshad Jones,23,MIA,FS,15,12,1.0,1.0,0.0,1.0,4,0,0,0,0,0,2.0,67,49,18,3.0,2.0,0.0,
662,Brady Poppinga,32,STL,LLB,15,12,0.0,0.0,0.0,0.0,2,1,0,2,0,0,0.0,51,37,14,2.0,5.0,0.0,
663,Dan Connor,26,CAR,MLB,15,11,0.0,0.0,0.0,0.0,0,1,0,0,0,0,0.0,75,54,21,3.0,0.0,0.0,
664,Erin Henderson,25,MIN,RLB,15,11,0.0,0.0,0.0,0.0,2,2,0,0,0,0,1.5,70,44,26,7.0,3.0,0.0,
665,Cory Redding,31,BAL,RDE,15,11,0.0,0.0,0.0,0.0,2,0,0,1,0,0,4.5,43,29,14,11.0,12.0,0.0,
666,Craig Stevens,27,TEN,TE,15,11,0.0,0.0,0.0,0.0,0,0,0,0,0,0,0.0,2,2,0,0.0,0.0,0.0,
667,Lance Kendricks,23,STL,FB,15,10,0.0,0.0,0.0,0.0,0,0,1,0,0,0,0.0,0,0,0,0.0,0.0,0.0,
668,Jacob Lacey,24,IND,LCB,15,10,1.0,32.0,1.0,32.0,6,3,0,1,4,0,0.0,73,49,24,1.0,0.0,0.0,
669,Derrick Morgan,22,TEN,LDE,15,10,0.0,0.0,0.0,0.0,2,0,0,0,0,0,2.5,30,22,8,3.0,7.0,0.0,
670,Brandon Gibson,24,STL,WR,15,9,0.0,0.0,0.0,0.0,0,0,0,0,0,0,0.0,1,0,1,,,0.0,
671,Matt Giordano,29,OAK,FS,15,9,5.0,130.0,0.0,62.0,5,1,0,0,0,0,1.0,70,56,14,1.0,3.0,0.0,
672,Hines Ward,35,PIT,WR,15,9,0.0,0.0,0.0,0.0,0,0,1,0,0,0,0.0,0,0,0,0.0,0.0,0.0,
673,Rocky McIntosh,29,WAS,MLB,15,8,0.0,0.0,0.0,0.0,1,0,0,0,0,0,1.0,65,38,27,2.0,4.0,0.0,
674,Bruce Miller,24,SFO,FB,15,8,0.0,0.0,0.0,0.0,0,0,1,0,0,0,0.0,6,4,2,0.0,0.0,0.0,
675,Matt Spaeth,28,CHI,TE,15,8,0.0,0.0,0.0,0.0,0,0,0,1,0,0,0.0,0,0,0,0.0,0.0,0.0,
676,Tony Wragge,32,STL,C,15,8,0.0,0.0,0.0,0.0,0,0,1,0,-8,0,0.0,0,0,0,0.0,0.0,0.0,
677,Akeem Jordan,26,PHI,RLB,15,7,0.0,0.0,0.0,0.0,0,0,0,0,0,0,0.0,40,32,8,1.0,1.0,0.0,
678,Rahim Moore,21,DEN,FS,15,7,1.0,18.0,0.0,18.0,2,0,0,1,0,0,0.0,31,28,3,1.0,0.0,0.0,
679,Patrick Robinson,24,NOR,RCB,15,7,4.0,31.0,0.0,25.0,15,0,0,0,0,0,0.0,47,38,9,5.0,0.0,0.0,
680,Anthony Sherman,23,ARI,FB,15,7,0.0,0.0,0.0,0.0,0,0,0,0,0,0,0.0,6,4,2,0.0,0.0,0.0,
681,Sam Shields,24,GNB,DB,15,7,4.0,68.0,0.0,60.0,12,1,0,0,0,0,0.0,45,42,3,0.0,0.0,0.0,
682,Delanie Walker,27,SFO,FB,15,7,0.0,0.0,0.0,0.0,0,0,0,2,0,0,0.0,7,6,1,0.0,0.0,0.0,
683,Edwin Williams,25,CHI,LG,15,7,0.0,0.0,0.0,0.0,0,0,0,1,0,1,0.0,0,0,0,0.0,0.0,0.0,
684,Wesley Woodyard,25,DEN,ROLB,15,7,0.0,0.0,0.0,0.0,2,2,0,0,0,0,0.0,97,67,30,1.0,0.0,0.0,
685,Will Allen,33,MIA,DB,15,6,0.0,0.0,0.0,0.0,3,0,0,0,0,0,0.0,43,39,4,5.0,0.0,0.0,
686,James Sanders,28,ATL,SS,15,6,0.0,0.0,0.0,0.0,3,0,0,1,25,0,0.0,41,30,11,0.0,0.0,0.0,
687,Shaun Smith,30,TEN,LDT,15,6,0.0,0.0,0.0,0.0,0,0,0,0,0,0,1.0,25,17,8,3.0,1.0,0.0,
688,Larry Foote,31,PIT,RILB,15,5,0.0,0.0,0.0,0.0,1,0,0,0,0,0,1.5,47,30,17,2.0,4.0,0.0,
689,DeJon Gomes,22,WAS,FS,15,5,0.0,0.0,0.0,0.0,2,0,0,0,0,0,0.0,35,21,14,3.0,5.0,0.0,
690,Roy Helu,23,WAS,RB,15,5,0.0,0.0,0.0,0.0,0,0,2,1,0,0,0.0,0,0,0,0.0,0.0,0.0,
691,Tony Scheffler,28,DET,TE,15,5,0.0,0.0,0.0,0.0,0,0,1,1,0,0,0.0,0,0,0,0.0,0.0,0.0,
692,Brad Smith,28,BUF,WR,15,5,0.0,0.0,0.0,0.0,0,0,0,0,0,0,0.0,4,3,1,0.0,0.0,0.0,
693,Jackie Battle,28,KAN,RB,15,4,0.0,0.0,0.0,0.0,0,0,0,0,0,0,0.0,5,3,2,0.0,0.0,0.0,
694,Mike Peterson,35,ATL,LB,15,4,1.0,4.0,0.0,4.0,3,0,0,0,0,0,0.0,25,18,7,5.0,2.0,0.0,
695,Chris Rucker,23,IND,DB,15,4,0.0,0.0,0.0,0.0,2,0,0,1,-1,0,0.0,37,26,11,1.0,0.0,0.0,
696,Danny Woodhead,26,NWE,RB,15,4,0.0,0.0,0.0,0.0,0,0,0,0,0,0,0.0,5,3,2,0.0,0.0,0.0,
697,Sergio Brown,23,NWE,DB,15,3,1.0,2.0,0.0,2.0,1,0,0,0,0,0,0.0,37,28,9,0.0,0.0,0.0,
698,Nolan Carroll,24,MIA,DB,15,3,1.0,0.0,0.0,0.0,4,0,0,0,0,0,0.0,32,28,4,0.0,0.0,0.0,
699,Virgil Green,23,DEN,TE,15,3,0.0,0.0,0.0,0.0,0,0,0,0,0,0,0.0,3,2,1,0.0,0.0,0.0,
700,C.J. Mosley,28,JAX,DT,15,3,0.0,0.0,0.0,0.0,0,1,0,0,0,0,1.0,24,14,10,3.0,1.0,0.0,
701,Madieu Williams,30,SFO,DB,15,3,0.0,0.0,0.0,0.0,0,0,0,0,0,0,0.0,9,6,3,0.0,0.0,0.0,
702,Atari Bigby,30,SEA,DB,15,2,0.0,0.0,0.0,0.0,2,0,0,1,0,0,1.0,18,12,6,1.0,2.0,0.0,
703,Brandyn Dombrowski,26,SDG,G,15,2,0.0,0.0,0.0,0.0,0,0,0,1,0,0,0.0,0,0,0,0.0,0.0,0.0,
704,Ben Hartsock,31,CAR,TE,15,2,0.0,0.0,0.0,0.0,0,0,0,1,0,0,0.0,0,0,0,,,0.0,
705,Kellen Heard,26,BUF,DT,15,2,0.0,0.0,0.0,0.0,0,1,0,0,0,0,2.0,21,13,8,3.0,2.0,0.0,
706,Ben Tate,23,HOU,RB,15,2,0.0,0.0,0.0,0.0,0,0,4,0,0,0,0.0,0,0,0,,,0.0,
707,Jonathan Wilhite,27,DEN,DB,15,2,1.0,2.0,0.0,2.0,2,0,0,0,0,0,2.0,30,27,3,2.0,4.0,0.0,
708,Michael Adams,26,ARI,DB,15,1,0.0,0.0,0.0,0.0,2,1,0,0,0,0,0.0,41,36,5,3.0,0.0,0.0,
709,Jamaal Anderson,25,IND,DE,15,1,0.0,0.0,0.0,0.0,1,0,0,1,47,1,3.0,24,12,12,4.0,7.0,0.0,
710,Javier Arenas,24,KAN,DB,15,1,2.0,5.0,0.0,5.0,6,0,1,1,0,0,1.0,33,26,7,2.0,4.0,0.0,
711,Kevin Barnes,25,WAS,DB,15,1,2.0,30.0,0.0,30.0,4,0,0,0,0,0,0.0,26,23,3,2.0,0.0,0.0,
712,David Bruton,24,DEN,DB,15,1,0.0,0.0,0.0,0.0,3,0,0,0,0,0,0.0,21,19,2,2.0,0.0,0.0,
713,Brad Jones,25,GNB,LB,15,1,0.0,0.0,0.0,0.0,0,0,0,0,0,0,1.0,19,12,7,1.0,2.0,0.0,
714,Clinton McDonald,24,SEA,DT,15,1,0.0,0.0,0.0,0.0,0,0,1,1,2,0,0.0,35,21,14,1.0,4.0,0.0,
715,Robert Quinn,21,STL,DE,15,1,0.0,0.0,0.0,0.0,2,1,0,0,0,0,5.0,23,20,3,5.0,12.0,0.0,
716,Donald Strickland,31,NYJ,DB,15,1,0.0,0.0,0.0,0.0,4,0,0,0,0,0,1.0,39,34,5,1.0,2.0,0.0,
717,Stevenson Sylvester,23,PIT,LB,15,1,0.0,0.0,0.0,0.0,0,1,0,0,0,0,0.0,7,4,3,0.0,0.0,0.0,
718,Mike Tolbert,26,SDG,RB,15,1,0.0,0.0,0.0,0.0,0,0,2,0,0,0,0.0,12,10,2,0.0,0.0,0.0,
719,Patrick Turner,24,NYJ,WR,15,1,0.0,0.0,0.0,0.0,0,0,0,0,0,0,0.0,6,3,3,0.0,0.0,0.0,
720,Tracy White,30,NWE,LB,15,1,0.0,0.0,0.0,0.0,1,0,0,0,0,0,0.0,37,27,10,0.0,0.0,0.0,
721,Jimmy Wilson,25,MIA,DB,15,1,1.0,5.0,0.0,5.0,5,1,0,0,0,0,0.0,17,14,3,0.0,1.0,0.0,
722,Cortez Allen,23,PIT,DB,15,0,0.0,0.0,0.0,0.0,0,0,0,0,0,0,0.0,15,12,3,0.0,0.0,0.0,
723,Patrick Bailey,26,TEN,LB,15,0,0.0,0.0,0.0,0.0,0,0,0,0,0,0,0.0,9,6,3,0.0,0.0,0.0,
724,Lorenzo Booker,27,MIN,RB,15,0,0.0,0.0,0.0,0.0,0,0,3,0,0,0,0.0,2,2,0,0.0,0.0,0.0,
725,Tommie Campbell,24,TEN,DB,15,0,0.0,0.0,0.0,0.0,0,1,1,0,0,0,0.0,8,4,4,0.0,0.0,0.0,
726,Rock Cartwright,32,OAK,FB,15,0,0.0,0.0,0.0,0.0,0,0,0,0,0,0,0.0,12,11,1,0.0,0.0,0.0,
727,Randall Cobb,21,GNB,WR,15,0,0.0,0.0,0.0,0.0,0,0,3,0,0,0,0.0,1,1,0,0.0,0.0,0.0,
728,Tim Dobbins,29,HOU,LB,15,0,0.0,0.0,0.0,0.0,1,1,0,0,0,0,0.0,13,11,2,1.0,0.0,0.0,
729,Anthony Hargrove,28,SEA,DE,15,0,0.0,0.0,0.0,0.0,0,0,0,0,0,0,3.0,17,12,5,,,1.0,
730,M.D. Jennings,23,GNB,DB,15,0,0.0,0.0,0.0,0.0,0,0,0,0,0,0,0.0,7,5,2,0.0,0.0,0.0,
731,Dion Lewis,21,PHI,RB,15,0,0.0,0.0,0.0,0.0,0,0,1,0,0,0,0.0,1,1,0,0.0,0.0,0.0,
732,Brad Maynard,37,CLE,P,15,0,0.0,0.0,0.0,0.0,0,0,0,0,0,0,0.0,1,0,1,,,0.0,
733,Joe McKnight,23,NYJ,RB,15,0,0.0,0.0,0.0,0.0,0,1,3,1,0,0,0.0,3,3,0,0.0,0.0,0.0,
734,Haruki Nakamura,25,BAL,DB,15,0,0.0,0.0,0.0,0.0,2,0,0,0,0,0,0.0,12,10,2,0.0,0.0,0.0,
735,Spencer Paysinger,23,NYG,LB,15,0,0.0,0.0,0.0,0.0,0,0,0,1,0,0,0.0,12,11,1,0.0,0.0,0.0,
736,Cedric Peerman,25,CIN,RB,15,0,0.0,0.0,0.0,0.0,0,0,0,0,0,0,0.0,12,9,3,0.0,0.0,0.0,
737,Alfonso Smith,24,ARI,RB,15,0,0.0,0.0,0.0,0.0,0,0,0,0,0,0,0.0,3,3,0,0.0,0.0,0.0,
738,Jason Snelling,28,ATL,RB,15,0,0.0,0.0,0.0,0.0,0,0,0,1,0,0,0.0,5,2,3,0.0,0.0,0.0,
739,Maurice Stovall,26,DET,WR,15,0,0.0,0.0,0.0,0.0,0,0,0,0,0,0,0.0,8,8,0,0.0,0.0,0.0,
740,Ryan Taylor,24,GNB,TE,15,0,0.0,0.0,0.0,0.0,0,0,0,0,0,0,0.0,7,5,2,0.0,0.0,0.0,
741,Byron Westbrook,26,WAS,DB,15,0,0.0,0.0,0.0,0.0,3,1,0,0,0,0,0.0,20,16,4,1.0,2.0,0.0,
742,Keiland Williams,25,DET,RB,15,0,0.0,0.0,0.0,0.0,0,0,2,0,0,0,0.0,3,2,1,0.0,0.0,0.0,
743,Kris Wilson,30,BAL,TE,15,0,0.0,0.0,0.0,0.0,0,0,0,0,0,0,0.0,4,4,0,0.0,0.0,0.0,
744,Arrelious Benn,23,TAM,WR,14,14,0.0,0.0,0.0,0.0,0,0,0,0,0,0,0.0,1,1,0,0.0,0.0,0.0,
745,LeGarrette Blount,25,TAM,RB,14,14,0.0,0.0,0.0,0.0,0,0,5,0,0,0,0.0,0,0,0,0.0,0.0,0.0,
746,Jason Brown,28,STL,C/RG,14,14,0.0,0.0,0.0,0.0,0,0,0,1,0,0,0.0,0,0,0,0.0,0.0,0.0,
747,Andre Carter,32,NWE,RDE,14,14,0.0,0.0,0.0,0.0,1,2,0,0,0,0,10.0,52,31,21,13.0,23.0,0.0,"PB,AP CPoY-6"
748,Trent Cole,29,PHI,RDE,14,14,0.0,0.0,0.0,0.0,1,1,0,0,0,0,11.0,44,41,3,14.0,17.0,0.0,
749,Elvis Dumervil,27,DEN,LOLB,14,14,0.0,0.0,0.0,0.0,1,0,0,1,0,0,9.5,42,31,11,10.0,19.0,0.0,"PB,AP CPoY-5"
750,James Farrior,36,PIT,LILB,14,14,0.0,0.0,0.0,0.0,3,0,0,0,0,0,2.0,78,54,24,2.0,5.0,0.0,
751,Charles Godfrey,26,CAR,SS,14,14,2.0,30.0,0.0,21.0,7,1,0,0,0,0,1.0,84,66,18,0.0,1.0,0.0,
752,Dashon Goldson,27,SFO,FS,14,14,6.0,53.0,0.0,21.0,9,1,0,1,0,0,0.0,67,55,12,1.0,1.0,0.0,PB
753,A.J. Hawk,27,GNB,LILB,14,14,0.0,0.0,0.0,0.0,3,0,0,0,0,0,1.5,84,53,31,4.0,3.0,0.0,
754,Brett Keisel,33,PIT,RDE,14,14,0.0,0.0,0.0,0.0,6,2,0,1,0,0,3.0,48,33,15,5.0,5.0,0.0,
755,Travis LaBoy,30,SDG,ROLB,14,14,0.0,0.0,0.0,0.0,1,1,0,0,0,0,1.0,38,30,8,3.0,5.0,0.0,
756,Nick Mangold,27,NYJ,C,14,14,0.0,0.0,0.0,0.0,0,0,1,0,-22,0,0.0,0,0,0,0.0,0.0,0.0,"PB,AP-2"
757,Ryan Mathews,24,SDG,RB,14,14,0.0,0.0,0.0,0.0,0,0,5,1,0,0,0.0,0,0,0,0.0,0.0,0.0,PB
758,Devin McCourty,24,NWE,LCB,14,14,2.0,38.0,0.0,38.0,13,0,0,0,0,0,0.0,87,65,22,5.0,0.0,0.0,
759,Fili Moala,26,IND,LDT,14,14,0.0,0.0,0.0,0.0,0,0,0,0,0,0,2.0,22,13,9,4.0,3.0,0.0,
760,Captain Munnerlyn,23,CAR,RCB,14,14,0.0,0.0,0.0,0.0,5,2,0,1,0,0,2.0,57,42,15,3.0,2.0,0.0,
761,Terence Newman,33,DAL,LCB,14,14,4.0,80.0,1.0,43.0,8,0,0,1,7,0,0.0,53,45,8,1.0,0.0,0.0,
762,Jason Peters,29,PHI,LT,14,14,0.0,0.0,0.0,0.0,0,0,0,1,7,0,0.0,0,0,0,0.0,0.0,0.0,"PB,AP-1"
763,Ryan Pickett,32,GNB,LDE,14,14,0.0,0.0,0.0,0.0,2,0,0,0,0,0,0.0,33,25,8,2.0,0.0,0.0,
764,Asante Samuel,30,PHI,LCB,14,14,3.0,53.0,1.0,20.0,10,1,0,1,0,0,0.0,34,30,4,0.0,0.0,0.0,
765,Andre Smith,24,CIN,RT,14,14,0.0,0.0,0.0,0.0,0,0,0,1,0,0,0.0,0,0,0,0.0,0.0,0.0,
766,Will Smith,30,NOR,LOLB,14,14,0.0,0.0,0.0,0.0,2,2,0,0,0,0,6.5,35,22,13,9.0,10.0,0.0,
767,Ndamukong Suh,24,DET,LDT,14,14,0.0,0.0,0.0,0.0,1,0,0,0,0,0,4.0,36,26,10,6.0,9.0,0.0,
768,Beanie Wells,23,ARI,RB,14,14,0.0,0.0,0.0,0.0,0,0,4,1,0,0,0.0,3,3,0,,,0.0,
769,Kevin Williams,31,MIN,RDT,14,14,0.0,0.0,0.0,0.0,2,1,0,0,0,0,5.0,38,25,13,9.0,9.0,0.0,
770,Michael Boley,29,NYG,MLB,14,13,0.0,0.0,0.0,0.0,3,1,0,3,78,1,1.0,93,74,19,4.0,2.0,0.0,
771,Robert Geathers,28,CIN,LDE,14,13,0.0,0.0,0.0,0.0,1,0,0,0,0,0,2.5,29,10,19,3.0,5.0,0.0,
772,Jermaine Gresham,23,CIN,TE,14,13,0.0,0.0,0.0,0.0,0,0,1,0,0,0,0.0,1,1,0,0.0,0.0,0.0,PB
773,Chris Houston,27,DET,LCB,14,13,5.0,225.0,2.0,100.0,14,0,0,0,0,0,0.0,54,44,10,2.0,0.0,0.0,
774,Jason Jones,25,TEN,RDE,14,13,0.0,0.0,0.0,0.0,5,1,0,0,0,0,3.0,27,18,9,4.0,7.0,0.0,
775,Jerod Mayo,25,NWE,MLB,14,13,2.0,4.0,0.0,2.0,4,1,0,0,0,0,1.0,95,58,37,4.0,6.0,0.0,
776,Jayme Mitchell,27,CLE,RDE,14,13,0.0,0.0,0.0,0.0,2,1,0,1,2,0,1.5,34,26,8,9.0,6.0,0.0,
777,Quincy Black,27,TAM,LLB,14,12,1.0,0.0,0.0,0.0,1,1,0,0,0,0,0.0,59,48,11,6.0,0.0,0.0,
778,Brian Dawkins,38,DEN,SS,14,12,0.0,0.0,0.0,0.0,6,1,0,0,0,0,3.0,51,38,13,5.0,4.0,0.0,PB
779,Aaron Hernandez,22,NWE,TE,14,12,0.0,0.0,0.0,0.0,0,0,1,0,0,0,0.0,0,0,0,,,0.0,
780,Johnny Knox,25,CHI,WR,14,11,0.0,0.0,0.0,0.0,0,0,1,0,0,0,0.0,0,0,0,0.0,0.0,0.0,
781,Tracy Porter,25,NOR,RCB,14,11,1.0,-7.0,0.0,-7.0,9,2,0,1,0,0,0.0,52,42,10,2.0,1.0,0.0,
782,Tim Tebow,24,DEN,QB,14,11,0.0,0.0,0.0,0.0,0,0,13,3,-4,0,0.0,0,0,0,,,0.0,
783,Michael Bennett,26,TAM,LDE,14,10,0.0,0.0,0.0,0.0,0,1,0,2,0,0,4.0,39,35,4,12.0,8.0,0.0,
784,Shaun Ellis,34,NWE,LDE,14,10,0.0,0.0,0.0,0.0,0,0,0,0,0,0,1.0,14,7,7,3.0,3.0,0.0,
785,Scott Chandler,26,BUF,TE,14,9,0.0,0.0,0.0,0.0,0,0,1,1,0,0,0.0,3,3,0,0.0,0.0,0.0,
786,Chris Conte,22,CHI,FS,14,9,1.0,0.0,0.0,0.0,2,0,0,0,0,0,0.0,30,23,7,1.0,0.0,0.0,
787,Josh Gordy,24,STL,RCB,14,9,3.0,37.0,0.0,30.0,5,0,0,1,0,0,0.0,43,33,10,1.0,1.0,0.0,
788,Luke Stocker,23,TAM,FB,14,9,0.0,0.0,0.0,0.0,0,0,0,0,0,0,0.0,1,1,0,,,0.0,
789,Dave Ball,30,TEN,LDE,14,8,0.0,0.0,0.0,0.0,2,2,0,1,0,0,4.0,36,25,11,7.0,9.0,0.0,
790,James Casey,27,HOU,FB,14,7,0.0,0.0,0.0,0.0,0,0,0,0,0,0,0.0,3,3,0,0.0,0.0,0.0,
791,Marques Colston,28,NOR,WR,14,7,0.0,0.0,0.0,0.0,0,0,1,0,0,0,0.0,1,1,0,0.0,0.0,0.0,
792,Brandon Jacobs,29,NYG,RB,14,6,0.0,0.0,0.0,0.0,0,0,3,2,0,0,0.0,0,0,0,0.0,0.0,0.0,
793,Brodney Pool,27,NYJ,FS,14,6,1.0,0.0,0.0,0.0,3,0,0,1,33,0,0.5,36,27,9,0.0,2.0,0.0,
794,Jarett Dillard,26,JAX,WR,14,5,0.0,0.0,0.0,0.0,0,0,1,1,-8,0,0.0,0,0,0,0.0,0.0,0.0,
795,Dominique Franks,24,ATL,DB,14,4,2.0,0.0,0.0,0.0,5,0,1,0,0,0,0.0,15,10,5,0.0,2.0,0.0,
796,Marcus Gilchrist,23,SDG,DB,14,4,2.0,22.0,0.0,21.0,4,0,0,1,40,0,0.0,34,27,7,0.0,0.0,0.0,
797,Owen Marecic,23,CLE,RB,14,4,0.0,0.0,0.0,0.0,0,0,1,1,0,0,0.0,3,2,1,0.0,0.0,0.0,
798,Jordan Norwood,25,CLE,WR,14,4,0.0,0.0,0.0,0.0,0,0,1,1,0,0,0.0,0,0,0,0.0,0.0,0.0,
799,Michael Robinson,28,SEA,FB,14,4,0.0,0.0,0.0,0.0,0,1,1,0,0,0,0.0,10,5,5,0.0,0.0,0.0,PB
800,Kevin Rutland,23,JAX,DB,14,4,1.0,37.0,0.0,25.0,1,0,0,0,0,0,0.0,21,18,3,0.0,0.0,0.0,
801,Alex Smith,29,CLE,TE,14,4,0.0,0.0,0.0,0.0,0,0,0,1,0,0,0.0,1,1,0,0.0,0.0,0.0,
802,DeMarcus Van Dyke,22,OAK,DB,14,4,1.0,2.0,0.0,2.0,4,0,0,1,0,0,0.0,13,12,1,1.0,0.0,0.0,
803,Tom Zbikowski,26,BAL,DB,14,4,0.0,0.0,0.0,0.0,0,0,0,0,0,0,1.0,23,21,2,1.0,1.0,0.0,
804,Ted Ginn Jr.,26,SFO,WR,14,3,0.0,0.0,0.0,0.0,0,0,0,1,0,0,0.0,0,0,0,0.0,0.0,0.0,
805,Troy Nolan,25,HOU,DB,14,3,0.0,0.0,0.0,0.0,4,0,0,0,0,0,0.5,35,28,7,0.0,1.0,0.0,
806,Dante Rosario,27,DEN,TE,14,3,0.0,0.0,0.0,0.0,0,0,0,0,0,0,0.0,9,9,0,0.0,0.0,0.0,
807,Anthony Armstrong,28,WAS,WR,14,2,0.0,0.0,0.0,0.0,0,0,0,0,0,0,0.0,4,3,1,0.0,0.0,0.0,
808,Chris Owens,25,ATL,DB,14,2,0.0,0.0,0.0,0.0,3,0,0,0,0,0,1.0,35,28,7,2.0,1.0,0.0,
809,Dekoda Watson,23,TAM,LB,14,2,0.0,0.0,0.0,0.0,2,1,0,1,7,1,1.0,23,21,2,2.0,3.0,0.0,
810,Jason Williams,25,CAR,LB,14,2,0.0,0.0,0.0,0.0,0,1,0,0,0,0,0.0,25,17,8,0.0,0.0,0.0,
811,Jerome Boyd,25,OAK,DB,14,1,0.0,0.0,0.0,0.0,3,0,0,0,0,0,0.0,26,21,5,0.0,0.0,0.0,
812,Patrick Crayton,32,SDG,WR,14,1,0.0,0.0,0.0,0.0,0,0,2,1,0,0,0.0,0,0,0,0.0,0.0,0.0,
813,Richard Gordon,24,OAK,TE,14,1,0.0,0.0,0.0,0.0,0,0,0,0,0,0,0.0,7,7,0,0.0,0.0,0.0,
814,Arthur Jones,25,BAL,DE,14,1,0.0,0.0,0.0,0.0,0,0,0,0,0,0,0.0,20,14,6,0.0,2.0,0.0,
815,Bryan Kehl,27,STL,LB,14,1,0.0,0.0,0.0,0.0,0,0,0,0,0,0,0.0,15,14,1,2.0,0.0,0.0,
816,Jeremy Kerley,23,NYJ,WR,14,1,0.0,0.0,0.0,0.0,0,0,3,1,0,0,0.0,0,0,0,0.0,0.0,0.0,
817,Trevor Laws,26,PHI,DT,14,1,0.0,0.0,0.0,0.0,1,0,0,0,0,0,1.0,20,15,5,3.0,3.0,0.0,
818,Steve McLendon,25,PIT,DT,14,1,0.0,0.0,0.0,0.0,0,0,0,0,0,0,1.0,13,9,4,1.0,2.0,0.0,
819,Jarvis Moss,27,OAK,DE,14,1,0.0,0.0,0.0,0.0,1,0,0,0,0,0,1.5,16,11,5,2.0,6.0,0.0,
820,Kevin Ogletree,24,DAL,WR,14,1,0.0,0.0,0.0,0.0,0,0,1,0,0,0,0.0,0,0,0,0.0,0.0,0.0,
821,Dimitri Patterson,28,CLE,DB,14,1,0.0,0.0,0.0,0.0,12,0,0,0,0,0,0.0,28,25,3,1.0,0.0,0.0,
822,LaRod Stephens-Howling,24,ARI,RB,14,1,0.0,0.0,0.0,0.0,0,0,0,0,0,0,0.0,4,4,0,0.0,0.0,0.0,
823,Lawrence Vickers,28,HOU,FB,14,1,0.0,0.0,0.0,0.0,0,0,0,0,0,0,0.0,2,2,0,0.0,0.0,0.0,
824,Jalil Brown,24,KAN,DB,14,0,0.0,0.0,0.0,0.0,0,0,1,1,0,0,0.0,8,7,1,0.0,0.0,0.0,
825,Dan Carpenter,26,MIA,K,14,0,0.0,0.0,0.0,0.0,0,0,0,0,0,0,0.0,4,4,0,0.0,0.0,0.0,
826,Keenan Clayton,24,PHI,LB,14,0,0.0,0.0,0.0,0.0,2,0,0,0,0,0,0.0,31,24,7,1.0,0.0,0.0,
827,Chris Clemons,26,MIA,DB,14,0,0.0,0.0,0.0,0.0,0,0,0,0,0,0,0.0,13,11,2,1.0,0.0,0.0,
828,Marquice Cole,28,NYJ,DB,14,0,0.0,0.0,0.0,0.0,0,0,0,1,0,0,0.0,11,7,4,0.0,1.0,0.0,
829,Derrick Martin,26,NYG,DB,14,0,0.0,0.0,0.0,0.0,0,0,0,0,0,0,0.0,12,8,4,0.0,0.0,0.0,
830,Ruvell Martin,29,BUF,WR,14,0,0.0,0.0,0.0,0.0,0,1,0,0,0,0,0.0,11,9,2,0.0,0.0,0.0,
831,Mat McBriar,32,DAL,P,14,0,0.0,0.0,0.0,0.0,0,0,0,0,0,0,0.0,1,1,0,0.0,0.0,0.0,
832,Danny McCray,23,DAL,DB,14,0,0.0,0.0,0.0,0.0,0,1,0,0,0,0,1.0,18,15,3,1.0,1.0,0.0,
833,Arthur Moats,23,BUF,LB,14,0,0.0,0.0,0.0,0.0,0,1,0,1,0,0,2.5,29,15,14,1.0,7.0,0.0,
834,Kirk Morrison,29,BUF,LB,14,0,0.0,0.0,0.0,0.0,1,0,0,0,0,0,1.0,7,6,1,1.0,1.0,0.0,
835,Ropati Pitoitua,26,NYJ,DE,14,0,0.0,0.0,0.0,0.0,0,0,0,0,0,0,1.0,19,11,8,3.0,1.0,0.0,
836,Darrell Stuckey,24,SDG,DB,14,0,0.0,0.0,0.0,0.0,0,0,0,0,0,0,0.0,12,9,3,0.0,0.0,0.0,
837,Mitch Unrein,24,DEN,DE,14,0,0.0,0.0,0.0,0.0,0,0,0,0,0,0,0.0,8,6,2,0.0,0.0,0.0,
838,Raymond Ventrone,29,CLE,DB,14,0,0.0,0.0,0.0,0.0,0,0,0,0,0,0,0.0,3,3,0,0.0,0.0,0.0,
839,Frank Walker,31,DAL,DB,14,0,1.0,5.0,0.0,5.0,3,0,0,0,0,0,0.0,25,17,8,1.0,1.0,0.0,
840,Willie Young,26,DET,DE,14,0,0.0,0.0,0.0,0.0,1,1,0,0,0,0,3.0,14,9,5,3.0,5.0,0.0,
841,Jonathan Babineaux,30,ATL,LDT,13,13,0.0,0.0,0.0,0.0,2,0,0,0,0,0,1.0,21,12,9,5.0,8.0,0.0,
842,Champ Bailey,33,DEN,LCB,13,13,2.0,0.0,0.0,0.0,10,1,0,0,0,0,0.0,39,35,4,1.0,0.0,0.0,PB
843,Desmond Bishop,27,GNB,RILB,13,13,0.0,0.0,0.0,0.0,1,2,0,0,0,0,5.0,115,90,25,10.0,8.0,0.0,
844,Arian Foster,25,HOU,RB,13,13,0.0,0.0,0.0,0.0,0,0,5,2,0,0,0.0,0,0,0,0.0,0.0,0.0,"PB,AP-2"
845,Rex Grossman,31,WAS,QB,13,13,0.0,0.0,0.0,0.0,0,0,8,2,-9,0,0.0,0,0,0,0.0,0.0,0.0,
846,Julio Jones,22,ATL,WR,13,13,0.0,0.0,0.0,0.0,0,0,1,0,0,0,0.0,0,0,0,0.0,0.0,0.0,
847,Terrance Knighton,25,JAX,RDT,13,13,0.0,0.0,0.0,0.0,0,0,0,0,7,0,0.0,29,17,12,4.0,2.0,0.0,
848,Jim Leonhard,29,NYJ,SS,13,13,1.0,0.0,0.0,0.0,6,1,0,1,3,0,0.0,48,38,10,1.0,2.0,0.0,
849,Jeremy Maclin,23,PHI,WR,13,13,0.0,0.0,0.0,0.0,0,0,1,0,0,0,0.0,0,0,0,0.0,0.0,0.0,
850,Danieal Manning,29,HOU,FS,13,13,2.0,22.0,0.0,22.0,5,0,1,0,0,0,0.0,59,44,15,0.0,1.0,0.0,
851,Rey Maualuga,24,CIN,MLB,13,13,1.0,2.0,0.0,2.0,2,3,0,1,0,0,0.0,88,53,35,3.0,0.0,0.0,
852,Colt McCoy,25,CLE,QB,13,13,0.0,0.0,0.0,0.0,0,0,11,5,-9,0,0.0,0,0,0,0.0,0.0,0.0,
853,Aqib Talib,25,TAM,LCB,13,13,2.0,55.0,2.0,28.0,11,1,0,0,0,0,0.0,34,31,3,2.0,0.0,0.0,
854,Michael Vick,31,PHI,QB,13,13,0.0,0.0,0.0,0.0,0,0,10,4,-2,0,0.0,0,0,0,0.0,0.0,0.0,
855,D.J. Williams,29,DEN,ROLB,13,13,0.0,0.0,0.0,0.0,2,2,0,1,0,0,5.0,90,70,20,8.0,6.0,0.0,
856,Patrick Willis,26,SFO,RILB,13,13,1.0,10.0,0.0,10.0,12,4,0,2,0,0,2.0,97,74,23,7.0,4.0,0.0,"PB,AP-1,AP DPoY-5"
857,George Wilson,30,BUF,SS,13,13,4.0,26.0,0.0,12.0,6,2,0,1,0,0,0.0,106,78,28,2.0,1.0,0.0,
858,Justin Durant,26,DET,LLB,13,12,0.0,0.0,0.0,0.0,1,1,0,0,0,0,1.0,68,53,15,7.0,2.0,0.0,
859,Casey Hampton,34,PIT,NT,13,12,0.0,0.0,0.0,0.0,0,0,0,0,0,0,0.0,31,17,14,3.0,0.0,0.0,
860,Matt Moore,27,MIA,QB,13,12,0.0,0.0,0.0,0.0,0,0,14,3,-24,0,0.0,0,0,0,0.0,0.0,0.0,
861,Brandon Keith,27,ARI,RT,13,11,0.0,0.0,0.0,0.0,0,0,0,1,0,0,0.0,0,0,0,0.0,0.0,0.0,
862,Dwight Lowery,25,JAX,SS,13,11,2.0,26.0,0.0,30.0,8,0,0,1,23,0,1.0,36,28,8,3.0,1.0,0.0,
863,Philip Wheeler,27,IND,LLB,13,11,0.0,0.0,0.0,0.0,0,0,0,0,0,0,1.0,85,48,37,3.0,1.0,0.0,
864,Jason Hatcher,29,DAL,RDE,13,10,1.0,16.0,0.0,16.0,2,1,0,0,0,0,4.5,28,20,8,5.0,10.0,0.0,
865,Denarius Moore,23,OAK,WR,13,10,0.0,0.0,0.0,0.0,0,0,1,0,0,0,0.0,0,0,0,0.0,0.0,0.0,
866,O.J. Atogwe,30,WAS,FS,13,8,3.0,42.0,0.0,26.0,6,0,0,0,0,0,0.5,60,35,25,1.0,1.0,0.0,
867,Darrel Young,24,WAS,FB,13,8,0.0,0.0,0.0,0.0,0,0,0,0,0,0,0.0,2,1,1,0.0,0.0,0.0,
868,Colin McCarthy,22,TEN,MLB,13,7,1.0,0.0,0.0,0.0,3,2,0,2,0,0,0.0,68,54,14,5.0,2.0,0.0,
869,DeMarco Murray,23,DAL,RB,13,7,0.0,0.0,0.0,0.0,0,0,1,2,0,0,0.0,0,0,0,0.0,0.0,0.0,
870,Orlando Scandrick,24,DAL,RCB,13,7,1.0,0.0,0.0,0.0,5,0,0,0,0,0,2.0,49,42,7,4.0,4.0,0.0,
871,Darius Butler,25,CAR,DB,13,6,0.0,0.0,0.0,0.0,7,0,0,0,0,0,0.0,32,27,5,0.0,0.0,0.0,
872,Gary Guyton,26,NWE,MLB,13,6,1.0,17.0,0.0,17.0,1,0,0,0,0,0,0.0,47,26,21,2.0,0.0,0.0,
873,Albert Haynesworth,30,2TM,DT,13,6,0.0,0.0,0.0,0.0,2,0,0,0,0,0,0.0,23,20,3,2.0,5.0,0.0,
873,Albert Haynesworth,30,NWE,DT,6,0,0.0,0.0,0.0,0.0,0,0,0,0,0,0,0.0,3,2,1,0.0,3.0,0.0,
873,Albert Haynesworth,30,TAM,RDT,7,6,0.0,0.0,0.0,0.0,2,0,0,0,0,0,0.0,20,18,2,2.0,2.0,0.0,
874,Jonathan Casillas,24,NOR,LB,13,5,0.0,0.0,0.0,0.0,2,0,0,0,0,0,3.0,43,30,13,3.0,9.0,0.0,
875,Mike Mitchell,24,OAK,DB,13,4,1.0,0.0,0.0,0.0,5,0,0,0,0,0,1.0,31,22,9,1.0,1.0,0.0,
876,Chris Ogbonnaya,25,2TM,RB,13,4,0.0,0.0,0.0,0.0,0,0,2,0,0,0,0.0,2,2,0,0.0,0.0,0.0,
876,Chris Ogbonnaya,25,HOU,RB,2,0,0.0,0.0,0.0,0.0,0,0,0,0,0,0,0.0,1,1,0,0.0,0.0,0.0,
876,Chris Ogbonnaya,25,CLE,RB,11,4,0.0,0.0,0.0,0.0,0,0,2,0,0,0,0.0,1,1,0,0.0,0.0,0.0,
877,Ernie Sims,27,IND,LB,13,4,0.0,0.0,0.0,0.0,1,0,0,0,0,0,0.0,61,32,29,1.0,0.0,0.0,
878,Kahlil Bell,25,CHI,RB,13,3,0.0,0.0,0.0,0.0,0,0,3,0,0,0,0.0,2,2,0,0.0,0.0,0.0,
879,John Henderson,32,OAK,DT,13,3,0.0,0.0,0.0,0.0,4,0,0,0,0,0,0.0,36,25,11,0.0,1.0,0.0,
880,Ramon Humber,24,NOR,LB,13,3,0.0,0.0,0.0,0.0,1,0,0,0,0,0,1.0,22,16,6,2.0,2.0,0.0,
881,Garrett McIntyre,27,NYJ,LB,13,3,0.0,0.0,0.0,0.0,0,2,1,0,0,0,0.0,18,10,8,0.0,0.0,0.0,
882,Dominique Rodgers-Cromartie,25,PHI,DB,13,3,0.0,0.0,0.0,0.0,6,0,0,0,0,0,1.0,28,26,2,2.0,1.0,0.0,
883,Andre Caldwell,26,CIN,WR,13,2,0.0,0.0,0.0,0.0,0,0,0,0,0,0,0.0,1,1,0,0.0,0.0,0.0,
884,Demar Dotson,26,TAM,T,13,2,0.0,0.0,0.0,0.0,0,0,0,0,0,0,0.0,1,0,1,,,0.0,
885,Niles Paul,22,WAS,WR,13,2,0.0,0.0,0.0,0.0,0,0,0,0,0,0,0.0,4,2,2,0.0,0.0,0.0,
886,James Starks,25,GNB,RB,13,2,0.0,0.0,0.0,0.0,0,0,2,1,0,0,0.0,0,0,0,0.0,0.0,0.0,
887,Daniel Thomas,24,MIA,RB,13,2,0.0,0.0,0.0,0.0,0,0,2,0,0,0,0.0,0,0,0,0.0,0.0,0.0,
888,Barry Church,23,DAL,DB,13,1,0.0,0.0,0.0,0.0,0,0,0,0,0,0,0.0,28,21,7,2.0,1.0,0.0,
889,Tommie Harris,28,SDG,DT,13,1,0.0,0.0,0.0,0.0,0,1,0,0,0,0,3.0,12,12,0,5.0,3.0,0.0,
890,Brandon Hughes,25,PHI,DB,13,1,0.0,0.0,0.0,0.0,0,0,0,0,0,0,0.0,16,13,3,0.0,0.0,0.0,
891,Kelly Jennings,29,CIN,DB,13,1,0.0,0.0,0.0,0.0,5,0,0,0,0,0,1.0,33,26,7,1.0,1.0,0.0,
892,Bryant McFadden,30,PIT,DB,13,1,0.0,0.0,0.0,0.0,1,1,0,0,0,0,0.0,10,7,3,0.0,0.0,0.0,
893,D.J. Moore,24,CHI,DB,13,1,4.0,31.0,1.0,20.0,8,0,0,0,0,0,0.0,44,31,13,0.0,3.0,0.0,
894,Paul Oliver,27,SDG,DB,13,1,1.0,7.0,0.0,7.0,4,0,0,0,0,0,0.0,19,16,3,0.0,0.0,0.0,
895,Chris Prosinski,24,JAX,DB,13,1,0.0,0.0,0.0,0.0,0,0,0,1,0,0,0.0,19,16,3,0.0,0.0,0.0,
896,Justin Rogers,23,BUF,DB,13,1,1.0,15.0,0.0,15.0,4,0,0,0,0,0,0.0,16,14,2,0.0,0.0,0.0,
897,Malcolm Sheppard,23,TEN,DT,13,1,0.0,0.0,0.0,0.0,0,0,0,0,0,0,0.0,8,7,1,0.0,0.0,0.0,
898,Martez Wilson,23,NOR,LB,13,1,0.0,0.0,0.0,0.0,0,1,0,0,0,0,1.0,10,7,3,1.0,4.0,0.0,
899,Terrence Austin,23,WAS,WR,13,0,0.0,0.0,0.0,0.0,0,0,1,0,0,0,0.0,3,2,1,0.0,0.0,0.0,
900,Travis Beckum,24,NYG,TE,13,0,0.0,0.0,0.0,0.0,0,0,0,0,0,0,0.0,1,0,1,0.0,0.0,0.0,
901,Brock Bolen,26,JAX,RB,13,0,0.0,0.0,0.0,0.0,0,0,0,0,0,0,0.0,5,4,1,0.0,0.0,0.0,
902,Greg Camarillo,29,MIN,WR,13,0,0.0,0.0,0.0,0.0,0,0,0,0,0,0,0.0,2,2,0,0.0,0.0,0.0,
903,Emanuel Cook,23,2TM,DB,13,0,0.0,0.0,0.0,0.0,0,0,0,0,0,0,0.0,5,5,0,0.0,0.0,0.0,
903,Emanuel Cook,23,NYJ,DB,8,0,,,,,0,0,0,0,0,0,,3,3,0,0.0,0.0,,
903,Emanuel Cook,23,BAL,DB,5,0,0.0,0.0,0.0,0.0,0,0,0,0,0,0,0.0,2,2,0,0.0,0.0,0.0,
904,Na'il Diggs,33,SDG,LB,13,0,0.0,0.0,0.0,0.0,1,0,0,0,0,0,0.0,41,34,7,1.0,0.0,0.0,
905,Julian Edelman,25,NWE,WR,13,0,0.0,0.0,0.0,0.0,0,1,3,2,0,0,0.0,18,13,5,0.0,2.0,0.0,
906,Andre Fluellen,26,DET,DT,13,0,0.0,0.0,0.0,0.0,0,1,0,0,0,0,0.0,11,8,3,1.0,2.0,0.0,
907,Keyaron Fox,29,WAS,LB,13,0,0.0,0.0,0.0,0.0,0,0,0,0,0,0,0.0,14,10,4,2.0,0.0,0.0,
908,Korey Hall,28,NOR,FB,13,0,0.0,0.0,0.0,0.0,0,0,0,0,0,0,0.0,5,4,1,0.0,0.0,0.0,
909,Jamie Harper,22,TEN,RB,13,0,0.0,0.0,0.0,0.0,0,0,1,1,0,0,0.0,0,0,0,0.0,0.0,0.0,
910,Andrew Hawkins,25,CIN,WR,13,0,0.0,0.0,0.0,0.0,0,0,0,1,0,0,0.0,4,2,2,0.0,0.0,0.0,
911,Doug Hogue,22,DET,LB,13,0,0.0,0.0,0.0,0.0,0,0,0,0,0,0,0.0,6,4,2,0.0,0.0,0.0,
912,Tom Johnson,27,NOR,DT,13,0,0.0,0.0,0.0,0.0,0,1,0,0,0,0,1.0,15,11,4,3.0,5.0,0.0,
913,Colin Jones,24,SFO,DB,13,0,0.0,0.0,0.0,0.0,0,0,0,1,0,0,0.0,6,6,0,0.0,0.0,0.0,
914,Brian Leonard,27,CIN,RB,13,0,0.0,0.0,0.0,0.0,0,0,0,0,0,0,0.0,7,6,1,0.0,0.0,0.0,
915,Aaron Maybin,23,NYJ,DE,13,0,0.0,0.0,0.0,0.0,0,4,0,0,0,0,6.0,11,10,1,3.0,8.0,0.0,
916,Brandon McDonald,26,DET,DB,13,0,0.0,0.0,0.0,0.0,2,0,1,0,0,0,0.0,19,13,6,0.0,1.0,0.0,
917,Eric Norwood,23,CAR,LB,13,0,0.0,0.0,0.0,0.0,0,0,0,0,0,0,0.0,11,6,5,0.0,1.0,0.0,
918,Montell Owens,27,JAX,RB,13,0,0.0,0.0,0.0,0.0,0,2,0,0,0,0,0.0,8,7,1,0.0,0.0,0.0,PB
919,Darell Scott,25,STL,DT,13,0,0.0,0.0,0.0,0.0,0,0,0,0,0,0,0.0,18,12,6,1.0,0.0,0.0,
920,Anthony Smith,28,TEN,DB,13,0,0.0,0.0,0.0,0.0,2,0,0,0,0,0,0.0,11,11,0,0.0,1.0,0.0,
921,Quinton Spears,23,CLE,LB,13,0,0.0,0.0,0.0,0.0,0,0,0,0,0,0,0.0,8,8,0,0.0,0.0,0.0,
922,Leigh Torrence,29,NOR,DB,13,0,1.0,42.0,1.0,42.0,3,0,0,0,0,0,1.0,20,17,3,1.0,1.0,0.0,
923,Isaiah Trufant,29,NYJ,DB,13,0,0.0,0.0,0.0,0.0,0,0,0,0,0,0,0.0,8,6,2,0.0,0.0,0.0,
924,D.J. Williams,23,GNB,TE,13,0,0.0,0.0,0.0,0.0,0,0,0,0,0,0,0.0,2,2,0,0.0,0.0,0.0,
925,Bryan Bulaga,22,GNB,RT,12,12,0.0,0.0,0.0,0.0,0,0,0,1,0,0,0.0,0,0,0,0.0,0.0,0.0,
926,Fred Davis,25,WAS,TE,12,12,0.0,0.0,0.0,0.0,0,0,1,0,0,0,0.0,0,0,0,0.0,0.0,0.0,
927,Vontae Davis,23,MIA,RCB,12,12,4.0,60.0,0.0,28.0,9,0,0,0,0,0,1.0,43,39,4,2.0,2.0,0.0,
928,Matt Forte,26,CHI,RB,12,12,0.0,0.0,0.0,0.0,0,0,2,0,0,0,0.0,0,0,0,0.0,0.0,0.0,PB
929,Brent Grimes,28,ATL,LCB,12,12,1.0,29.0,0.0,29.0,14,1,0,0,0,0,0.0,49,37,12,0.0,0.0,0.0,
930,Anthony Herrera,31,MIN,RG,12,12,0.0,0.0,0.0,0.0,0,0,0,1,0,0,0.0,0,0,0,,,0.0,
931,Mike Jenkins,26,DAL,RCB,12,12,1.0,3.0,0.0,3.0,8,0,0,0,0,0,0.0,24,22,2,0.0,0.0,0.0,
932,Chris Kelsay,32,BUF,LOLB,12,12,0.0,0.0,0.0,0.0,2,2,0,0,0,0,5.0,41,25,16,3.0,7.0,0.0,
933,Justin King,24,STL,LCB,12,12,1.0,51.0,0.0,51.0,5,1,0,0,0,0,1.0,58,47,11,4.0,3.0,0.0,
934,Ray Lewis,36,BAL,RILB,12,12,1.0,4.0,0.0,4.0,7,2,0,0,0,0,2.0,95,72,23,3.0,4.0,0.0,PB
935,Terrell McClain,23,CAR,LDT,12,12,0.0,0.0,0.0,0.0,0,0,0,1,0,0,1.0,19,13,6,2.0,2.0,0.0,
936,Adrian Peterson,26,MIN,RB,12,12,0.0,0.0,0.0,0.0,0,0,1,3,0,0,0.0,0,0,0,0.0,0.0,0.0,
937,Shaun Phillips,30,SDG,LOLB,12,12,2.0,0.0,0.0,0.0,5,0,0,0,0,0,3.5,42,30,12,8.0,7.0,0.0,
938,Jerraud Powers,24,IND,RCB,12,12,2.0,19.0,1.0,13.0,6,0,0,0,0,0,0.0,51,33,18,4.0,0.0,0.0,
939,Matt Toeaina,27,CHI,RDT,12,12,0.0,0.0,0.0,0.0,0,0,0,0,0,0,0.0,16,11,5,0.0,3.0,0.0,
940,Joseph Addai,28,IND,RB,12,11,0.0,0.0,0.0,0.0,0,0,1,1,0,0,0.0,0,0,0,0.0,0.0,0.0,
941,Mike DeVito,27,NYJ,RDE,12,11,0.0,0.0,0.0,0.0,0,2,0,0,0,0,1.0,34,27,7,1.0,0.0,0.0,
942,Michael Huff,28,OAK,FS,12,11,2.0,24.0,0.0,24.0,4,0,0,0,0,0,0.0,38,32,6,2.0,0.0,0.0,
943,William Moore,26,ATL,SS,12,11,2.0,56.0,0.0,29.0,9,2,0,0,0,0,0.5,54,40,14,1.0,3.0,0.0,
944,Marcus Thomas,26,DEN,RDE,12,11,0.0,0.0,0.0,0.0,1,0,0,0,0,0,0.0,43,29,14,5.0,1.0,0.0,
945,Justin Tuck,28,NYG,LDE,12,11,0.0,0.0,0.0,0.0,3,1,0,0,0,0,5.0,37,27,10,6.0,11.0,0.0,
946,Major Wright,23,CHI,SS,12,11,3.0,60.0,1.0,36.0,7,0,0,0,0,0,0.0,58,42,16,2.0,1.0,0.0,
947,Asher Allen,23,MIN,LCB,12,9,1.0,3.0,0.0,3.0,3,0,0,0,0,0,0.0,49,45,4,0.0,0.0,0.0,
948,Ahmad Bradshaw,25,NYG,RB,12,9,0.0,0.0,0.0,0.0,0,0,1,0,0,0,0.0,0,0,0,0.0,0.0,0.0,
949,Koa Misi,24,MIA,LOLB,12,9,0.0,0.0,0.0,0.0,1,0,0,0,0,0,1.0,34,26,8,4.0,1.0,0.0,
950,Felix Jones,24,DAL,RB,12,8,0.0,0.0,0.0,0.0,0,0,5,1,0,0,0.0,1,1,0,0.0,0.0,0.0,
951,Ahmard Hall,32,TEN,FB,12,7,0.0,0.0,0.0,0.0,0,0,1,0,0,0,0.0,2,2,0,0.0,0.0,0.0,
952,Jason Worilds,23,PIT,LOLB,12,7,0.0,0.0,0.0,0.0,0,1,0,0,0,0,3.0,38,27,11,3.0,9.0,0.0,
953,Sam Baker,26,ATL,LT,12,6,0.0,0.0,0.0,0.0,0,0,0,0,0,0,0.0,1,1,0,0.0,0.0,0.0,
954,Marcel Reece,26,OAK,FB,12,6,0.0,0.0,0.0,0.0,0,0,1,1,0,0,0.0,0,0,0,0.0,0.0,0.0,
955,Andre Neblett,23,CAR,DT,12,4,0.0,0.0,0.0,0.0,0,0,0,2,0,0,2.5,23,15,8,5.0,3.0,0.0,
956,Austin Pettis,23,STL,WR,12,3,0.0,0.0,0.0,0.0,0,0,2,0,0,0,0.0,0,0,0,0.0,0.0,0.0,
957,Jimmy Smith,23,BAL,DB,12,3,2.0,48.0,0.0,32.0,8,0,1,0,0,0,0.0,20,20,0,0.0,0.0,0.0,
958,Donald Washington,25,KAN,DB,12,3,0.0,0.0,0.0,0.0,2,1,0,0,0,0,0.0,25,20,5,0.0,2.0,0.0,
959,Jacques Cesaire,31,SDG,DE,12,2,0.0,0.0,0.0,0.0,0,0,0,0,0,0,0.0,15,10,5,2.0,0.0,0.0,
960,Rob Housler,23,ARI,TE,12,2,0.0,0.0,0.0,0.0,0,0,1,0,0,0,0.0,2,0,2,0.0,0.0,0.0,
961,Jaiquawn Jarrett,22,PHI,DB,12,2,0.0,0.0,0.0,0.0,0,0,0,0,0,0,0.0,17,15,2,0.0,0.0,0.0,
962,Kassim Osgood,31,JAX,WR,12,2,0.0,0.0,0.0,0.0,0,0,0,0,0,0,0.0,9,8,1,0.0,0.0,0.0,
963,Darryl Tapp,27,PHI,DE,12,2,0.0,0.0,0.0,0.0,2,1,0,0,0,0,2.5,27,19,8,7.0,8.0,0.0,
964,Antwan Applewhite,25,CAR,LB,12,1,0.0,0.0,0.0,0.0,1,1,0,0,0,0,2.0,25,19,6,1.0,5.0,1.0,
965,Tashard Choice,27,2TM,RB,12,1,0.0,0.0,0.0,0.0,0,0,3,1,-1,0,0.0,0,0,0,0.0,0.0,0.0,
965,Tashard Choice,27,DAL,RB,6,1,0.0,0.0,0.0,0.0,0,0,2,0,0,0,0.0,0,0,0,,,0.0,
965,Tashard Choice,27,BUF,RB,6,0,0.0,0.0,0.0,0.0,0,0,1,1,-1,0,0.0,0,0,0,0.0,0.0,0.0,
966,Ryan D'Imperio,24,MIN,LB,12,1,0.0,0.0,0.0,0.0,0,0,0,2,0,0,0.0,8,7,1,0.0,0.0,0.0,
967,Carlos Dunlap,22,CIN,DE,12,1,0.0,0.0,0.0,0.0,3,0,0,1,35,1,4.5,23,11,12,4.0,18.0,0.0,
968,Jerry Hughes,23,IND,DE,12,1,0.0,0.0,0.0,0.0,0,0,0,0,0,0,1.0,15,6,9,0.0,1.0,0.0,
969,Tony McDaniel,26,MIA,DT,12,1,0.0,0.0,0.0,0.0,2,0,0,0,0,0,2.5,19,13,6,1.0,5.0,0.0,
970,Brit Miller,25,STL,LB,12,1,0.0,0.0,0.0,0.0,0,0,0,0,0,0,0.0,7,7,0,0.0,0.0,0.0,
971,Jordan Pugh,23,CAR,DB,12,1,0.0,0.0,0.0,0.0,0,1,0,0,0,0,0.0,18,17,1,2.0,0.0,0.0,
972,Chester Taylor,32,ARI,RB,12,1,0.0,0.0,0.0,0.0,0,0,0,1,0,0,0.0,0,0,0,0.0,0.0,0.0,
973,Chastin West,24,JAX,WR,12,1,0.0,0.0,0.0,0.0,0,0,0,0,0,0,0.0,1,1,0,0.0,0.0,0.0,
974,Colt Anderson,26,PHI,DB,12,0,0.0,0.0,0.0,0.0,0,0,0,0,0,0,0.0,11,10,1,0.0,0.0,0.0,
975,David Ausberry,24,OAK,WR,12,0,0.0,0.0,0.0,0.0,0,0,0,1,0,0,0.0,9,9,0,0.0,0.0,0.0,
976,Curtis Brown,23,PIT,DB,12,0,0.0,0.0,0.0,0.0,0,1,0,0,0,0,0.0,14,11,3,0.0,0.0,0.0,
977,Nate Collins,24,JAX,DT,12,0,0.0,0.0,0.0,0.0,1,0,0,1,0,1,0.5,10,0,10,0.0,2.0,0.0,
978,Sean Considine,29,2TM,DB,12,0,0.0,0.0,0.0,0.0,0,0,0,1,0,0,0.0,9,5,4,0.0,0.0,0.0,
978,Sean Considine,29,CAR,DB,4,0,0.0,0.0,0.0,0.0,0,0,0,1,0,0,0.0,0,0,0,0.0,0.0,0.0,
978,Sean Considine,29,ARI,DB,8,0,0.0,0.0,0.0,0.0,0,0,0,0,0,0,0.0,9,5,4,0.0,0.0,0.0,
979,Kennard Cox,26,SEA,DB,12,0,0.0,0.0,0.0,0.0,0,0,0,0,0,0,0.5,9,6,3,1.0,3.0,0.0,
980,Demarcus Dobbs,24,SFO,DE,12,0,0.0,0.0,0.0,0.0,0,0,0,0,0,0,0.0,2,2,0,1.0,0.0,0.0,
981,James Dockery,23,CLE,DB,12,0,0.0,0.0,0.0,0.0,0,0,0,0,0,0,0.0,5,2,3,0.0,0.0,0.0,
982,Brett Hartmann,24,HOU,P,12,0,0.0,0.0,0.0,0.0,0,0,0,0,0,0,0.0,4,4,0,0.0,0.0,0.0,
983,Sam Hurd,26,CHI,WR,12,0,0.0,0.0,0.0,0.0,0,0,1,1,2,0,0.0,4,4,0,0.0,0.0,0.0,
984,Deji Karim,25,JAX,RB,12,0,0.0,0.0,0.0,0.0,0,0,1,0,0,0,0.0,0,0,0,0.0,0.0,0.0,
985,Derek Landri,28,PHI,DT,12,0,0.0,0.0,0.0,0.0,1,0,0,1,5,0,2.0,21,17,4,8.0,5.0,0.0,
986,Ricardo Mathews,24,IND,DT,12,0,0.0,0.0,0.0,0.0,2,0,0,0,0,0,1.0,19,11,8,4.0,4.0,0.0,
987,Brandon McKinney,28,BAL,DT,12,0,0.0,0.0,0.0,0.0,0,1,0,0,0,0,0.0,14,8,6,0.0,0.0,0.0,
988,Gerald McRath,25,TEN,LB,12,0,0.0,0.0,0.0,0.0,1,0,0,0,0,0,0.0,15,11,4,0.0,0.0,0.0,
989,Mewelde Moore,29,PIT,RB,12,0,0.0,0.0,0.0,0.0,0,0,2,0,0,0,0.0,1,1,0,0.0,0.0,0.0,
990,Juqua Parker,33,PHI,DE,12,0,0.0,0.0,0.0,0.0,5,0,0,2,103,2,1.5,10,9,1,2.0,6.0,0.0,
991,Kealoha Pilares,23,CAR,WR,12,0,0.0,0.0,0.0,0.0,0,0,1,1,0,0,0.0,5,4,1,0.0,0.0,0.0,
992,Quinn Porter,25,STL,RB,12,0,0.0,0.0,0.0,0.0,0,0,1,1,0,0,0.0,5,4,1,0.0,0.0,0.0,
993,Javon Ringer,24,TEN,RB,12,0,0.0,0.0,0.0,0.0,0,0,1,1,0,0,0.0,0,0,0,0.0,0.0,0.0,
994,DeMarco Sampson,26,ARI,WR,12,0,0.0,0.0,0.0,0.0,0,0,0,0,0,0,0.0,1,1,0,0.0,0.0,0.0,
995,Mike Sellers,36,WAS,FB,12,0,0.0,0.0,0.0,0.0,0,0,0,0,0,0,0.0,5,3,2,0.0,0.0,0.0,
996,Antone Smith,26,ATL,RB,12,0,0.0,0.0,0.0,0.0,0,0,0,0,0,0,0.0,7,7,0,0.0,0.0,0.0,
997,Malcolm Smith,22,SEA,LB,12,0,0.0,0.0,0.0,0.0,0,1,0,0,0,0,1.0,16,10,6,1.0,2.0,0.0,
998,Micheal Spurlock,28,TAM,WR,12,0,0.0,0.0,0.0,0.0,0,0,0,0,0,0,0.0,2,2,0,0.0,0.0,0.0,
999,R.J. Stanford,23,CAR,DB,12,0,1.0,53.0,0.0,53.0,1,0,0,0,0,0,0.0,13,9,4,0.0,0.0,0.0,
1000,Winston Venable,24,CHI,DB,12,0,0.0,0.0,0.0,0.0,0,0,0,0,0,0,0.0,8,5,3,0.0,0.0,0.0,
1001,Gerard Warren,33,NWE,DT,12,0,0.0,0.0,0.0,0.0,0,0,0,1,0,0,1.0,12,8,4,2.0,4.0,0.0,
1002,Johnny White,23,BUF,RB,12,0,0.0,0.0,0.0,0.0,0,0,0,0,0,0,0.0,5,5,0,0.0,0.0,0.0,
1003,Demorrio Williams,31,KAN,LB,12,0,0.0,0.0,0.0,0.0,0,0,0,0,0,0,0.0,18,14,4,2.0,0.0,0.0,
1004,LaQuan Williams,23,BAL,WR,12,0,0.0,0.0,0.0,0.0,0,1,2,1,0,0,0.0,4,3,1,0.0,0.0,0.0,
1005,Louis Delmas,24,DET,FS,11,11,0.0,0.0,0.0,0.0,5,0,0,1,0,0,0.0,51,36,15,2.0,2.0,0.0,
1006,Sione Fua,23,CAR,RDT,11,11,0.0,0.0,0.0,0.0,0,0,0,0,0,0,0.0,9,4,5,0.0,0.0,0.0,
1007,James Harrison,33,PIT,ROLB,11,11,0.0,0.0,0.0,0.0,0,2,0,0,0,0,9.0,59,48,11,13.0,16.0,0.0,PB
1008,Jonathan Vilma,29,NOR,RILB,11,11,0.0,0.0,0.0,0.0,2,1,0,3,0,1,0.0,54,36,18,1.0,1.0,0.0,
1009,Dallas Clark,32,IND,TE,11,10,0.0,0.0,0.0,0.0,0,0,1,0,0,0,0.0,0,0,0,0.0,0.0,0.0,
1010,Christian Ponder,23,MIN,QB,11,10,0.0,0.0,0.0,0.0,0,0,6,0,-9,0,0.0,0,0,0,0.0,0.0,0.0,
1011,Joe Reitz,26,IND,LG,11,9,0.0,0.0,0.0,0.0,0,0,0,1,0,0,0.0,0,0,0,0.0,0.0,0.0,
1012,Moise Fokou,26,PHI,RLB,11,7,0.0,0.0,0.0,0.0,2,0,0,0,0,0,0.0,22,14,8,2.0,1.0,0.0,
1013,Michael Jenkins,29,MIN,WR,11,7,0.0,0.0,0.0,0.0,0,0,2,0,0,0,0.0,0,0,0,0.0,0.0,0.0,
1014,William Middleton,25,JAX,RCB,11,6,1.0,11.0,0.0,11.0,3,0,0,0,0,0,0.0,38,32,6,1.0,0.0,0.0,
1015,Chris Harris,29,2TM,DB,11,8,1.0,19.0,0.0,19.0,3,2,0,0,0,0,0.0,29,24,5,1.0,0.0,0.0,
1015,Chris Harris,29,CHI,DB,3,3,0.0,0.0,0.0,0.0,1,1,0,0,0,0,0.0,8,6,2,0.0,0.0,0.0,
1015,Chris Harris,29,DET,FS,8,5,1.0,19.0,0.0,19.0,2,1,0,0,0,0,0.0,21,18,3,1.0,0.0,0.0,
1016,Jarrad Page,27,2TM,DB,11,5,0.0,0.0,0.0,0.0,2,0,0,0,0,0,0.0,38,28,10,0.0,0.0,0.0,
1016,Jarrad Page,27,PHI,SS,6,5,0.0,0.0,0.0,0.0,2,0,0,0,0,0,0.0,37,28,9,0.0,0.0,0.0,
1016,Jarrad Page,27,MIN,DB,5,0,0.0,0.0,0.0,0.0,0,0,0,0,0,0,0.0,1,0,1,0.0,0.0,0.0,
1017,Anthony Adams,31,CHI,DT,11,4,0.0,0.0,0.0,0.0,0,0,0,0,0,0,0.0,16,13,3,2.0,1.0,0.0,
1018,Earl Bennett,24,CHI,WR,11,4,0.0,0.0,0.0,0.0,0,0,1,0,0,0,0.0,0,0,0,0.0,0.0,0.0,
1019,Brandon Meriweather,27,CHI,DB,11,4,0.0,0.0,0.0,0.0,2,0,0,0,0,0,0.0,32,19,13,0.0,0.0,0.0,
1020,Aaron Berry,23,DET,DB,11,3,0.0,0.0,0.0,0.0,11,0,0,0,0,0,0.0,31,26,5,0.0,0.0,0.0,
1021,Tyrell Johnson,26,MIN,DB,11,3,0.0,0.0,0.0,0.0,1,0,0,0,0,0,0.0,28,21,7,0.0,0.0,0.0,
1022,Emmanuel Stephens,24,CLE,DE,11,3,0.0,0.0,0.0,0.0,0,0,0,0,0,0,0.0,17,9,8,1.0,1.0,0.0,
1023,Richie Brockel,25,CAR,TE,11,2,0.0,0.0,0.0,0.0,0,0,0,0,0,0,0.0,1,1,0,1.0,0.0,0.0,
1024,Rob Francois,26,GNB,LB,11,2,2.0,1.0,0.0,1.0,3,1,0,0,0,0,0.0,18,15,3,1.0,0.0,0.0,
1025,Mark Herzlich,24,NYG,LB,11,2,0.0,0.0,0.0,0.0,0,0,0,0,0,0,0.0,12,8,4,0.0,1.0,0.0,
1026,Reshard Langford,25,KAN,DB,11,2,0.0,0.0,0.0,0.0,0,0,0,0,0,0,0.0,11,8,3,0.0,0.0,0.0,
1027,Morgan Trent,26,2TM,DB,11,2,2.0,17.0,0.0,22.0,4,0,0,1,0,0,0.0,16,11,5,0.0,0.0,0.0,
1027,Morgan Trent,26,CIN,DB,6,0,0.0,0.0,0.0,0.0,0,0,0,0,0,0,0.0,6,4,2,0.0,0.0,0.0,
1027,Morgan Trent,26,JAX,DB,5,2,2.0,17.0,0.0,22.0,4,0,0,1,0,0,0.0,10,7,3,0.0,0.0,0.0,
1028,Marion Barber III,28,CHI,RB,11,1,0.0,0.0,0.0,0.0,0,0,1,0,0,0,0.0,0,0,0,0.0,0.0,0.0,
1029,Colin Brown,26,BUF,T,11,1,0.0,0.0,0.0,0.0,0,0,1,0,-9,0,0.0,0,0,0,,,0.0,
1030,Reggie Corner,28,BUF,DB,11,1,1.0,4.0,0.0,4.0,3,0,0,0,0,0,0.0,5,4,1,0.0,0.0,0.0,
1031,Will Herring,28,NOR,LB,11,1,1.0,0.0,0.0,0.0,1,0,0,0,0,0,0.0,9,8,1,0.0,0.0,0.0,
1032,Pat Sims,26,CIN,DT,11,1,0.0,0.0,0.0,0.0,0,0,0,0,0,0,1.0,20,11,9,2.0,1.0,0.0,
1033,Alphonso Smith,26,DET,DB,11,1,3.0,64.0,1.0,30.0,6,1,0,1,0,0,0.0,26,24,2,2.0,0.0,0.0,
1034,Joe Webb,25,MIN,QB,11,1,0.0,0.0,0.0,0.0,0,0,1,0,0,0,0.0,0,0,0,,,0.0,
1035,Cadillac Williams,29,STL,RB,11,1,0.0,0.0,0.0,0.0,0,0,1,0,0,0,0.0,0,0,0,,,0.0,
1036,Josh Baker,25,NYJ,TE,11,0,0.0,0.0,0.0,0.0,0,0,0,0,0,0,0.0,1,1,0,0.0,0.0,0.0,
1037,Josh Brent,23,DAL,DT,11,0,0.0,0.0,0.0,0.0,0,0,0,0,0,0,0.0,6,4,2,,,0.0,
1038,Tramaine Brock,23,SFO,DB,11,0,2.0,18.0,0.0,18.0,4,0,0,0,0,0,0.0,5,5,0,1.0,0.0,0.0,
1039,John Chick,29,JAX,DE,11,0,0.0,0.0,0.0,0.0,2,1,0,0,0,0,2.5,8,7,1,1.0,2.0,0.0,
1040,Rashied Davis,32,DET,WR,11,0,0.0,0.0,0.0,0.0,0,0,0,0,0,0,0.0,6,5,1,0.0,0.0,0.0,
1041,Zach Diles,26,2TM,LB,11,0,0.0,0.0,0.0,0.0,0,0,0,0,0,0,0.0,3,3,0,0.0,0.0,0.0,
1041,Zach Diles,26,TAM,LB,7,0,,,,,0,0,0,0,0,0,,1,1,0,0.0,0.0,,
1041,Zach Diles,26,IND,LB,4,0,0.0,0.0,0.0,0.0,0,0,0,0,0,0,0.0,2,2,0,0.0,0.0,0.0,
1042,A.J. Edds,24,2TM,LB,11,0,0.0,0.0,0.0,0.0,0,0,0,0,0,0,0.0,13,3,10,0.0,1.0,0.0,
1042,A.J. Edds,24,NWE,LB,2,0,0.0,0.0,0.0,0.0,0,0,0,0,0,0,0.0,1,1,0,0.0,0.0,0.0,
1042,A.J. Edds,24,IND,LB,9,0,0.0,0.0,0.0,0.0,0,0,0,0,0,0,0.0,12,2,10,0.0,1.0,0.0,
1043,Heath Farwell,29,SEA,LB,11,0,0.0,0.0,0.0,0.0,0,0,0,0,0,0,0.0,21,14,7,0.0,0.0,0.0,
1044,Danny Gorrer,25,BAL,DB,11,0,0.0,0.0,0.0,0.0,4,0,0,0,0,0,0.0,5,5,0,0.0,0.0,0.0,
1045,Nick Harris,33,JAX,P,11,0,0.0,0.0,0.0,0.0,0,0,0,1,0,0,0.0,2,2,0,0.0,0.0,0.0,
1046,Josh Hull,24,STL,LB,11,0,0.0,0.0,0.0,0.0,0,0,0,0,0,0,0.0,2,2,0,0.0,0.0,0.0,
1047,Brian Iwuh,27,CHI,LB,11,0,,,,,0,0,0,0,0,0,,6,6,0,0.0,0.0,,
1048,Lawrence Jackson,26,DET,DE,11,0,0.0,0.0,0.0,0.0,0,0,0,1,0,0,4.5,26,17,9,4.0,9.0,0.0,
1049,Cullen Loeffler,30,MIN,LS,11,0,0.0,0.0,0.0,0.0,0,0,0,0,0,0,0.0,1,1,0,0.0,0.0,0.0,
1050,Chris Maragos,24,SEA,DB,11,0,0.0,0.0,0.0,0.0,0,0,0,0,0,0,0.0,12,9,3,0.0,0.0,0.0,
1051,Carlton Mitchell,23,CLE,WR,11,0,0.0,0.0,0.0,0.0,0,0,0,0,0,0,0.0,3,3,0,,,0.0,
1052,Jesse Nading,26,HOU,DE,11,0,0.0,0.0,0.0,0.0,0,2,0,1,0,0,0.5,11,9,2,0.0,1.0,0.0,
1053,Stephen Paea,23,CHI,DT,11,0,0.0,0.0,0.0,0.0,0,0,0,0,0,0,2.0,14,8,6,2.0,3.0,1.0,
1054,Ryan Pontbriand,32,CLE,LS,11,0,,,,,0,0,0,0,0,0,,1,1,0,0.0,0.0,,
1055,David Reed,24,BAL,WR,11,0,0.0,0.0,0.0,0.0,0,0,3,0,0,0,0.0,4,3,1,0.0,0.0,0.0,
1056,Emmanuel Sanders,24,PIT,WR,11,0,0.0,0.0,0.0,0.0,0,0,0,1,0,0,0.0,2,1,1,0.0,0.0,0.0,
1057,Da'Rel Scott,23,NYG,RB,11,0,0.0,0.0,0.0,0.0,0,0,1,0,0,0,0.0,0,0,0,,,0.0,
1058,George Selvie,24,2TM,DE,11,0,0.0,0.0,0.0,0.0,0,0,0,1,0,0,0.5,6,5,1,1.0,1.0,0.0,
1058,George Selvie,24,CAR,DE,4,0,0.0,0.0,0.0,0.0,0,0,0,0,0,0,0.0,2,2,0,0.0,0.0,0.0,
1058,George Selvie,24,JAX,DE,7,0,0.0,0.0,0.0,0.0,0,0,0,1,0,0,0.5,4,3,1,1.0,1.0,0.0,
1059,Donte' Stallworth,31,WAS,WR,11,0,0.0,0.0,0.0,0.0,0,0,0,0,0,0,0.0,1,1,0,0.0,0.0,0.0,
1060,Miles Austin,27,DAL,WR,10,10,0.0,0.0,0.0,0.0,0,0,1,0,0,0,0.0,0,0,0,,,0.0,
1061,Sam Bradford,24,STL,QB,10,10,0.0,0.0,0.0,0.0,0,0,10,2,-26,0,0.0,0,0,0,,,0.0,
1062,Jay Cutler,28,CHI,QB,10,10,0.0,0.0,0.0,0.0,0,0,7,4,-8,0,0.0,0,0,0,0.0,0.0,0.0,
1063,Scott Fujita,32,CLE,LLB,10,10,1.0,3.0,0.0,3.0,3,0,0,0,0,0,0.0,50,37,13,1.0,1.0,0.0,
1064,Fred Jackson,30,BUF,RB,10,10,0.0,0.0,0.0,0.0,0,0,2,0,0,0,0.0,0,0,0,0.0,0.0,0.0,
1065,Tanard Jackson,26,TAM,FS,10,10,2.0,59.0,0.0,43.0,3,0,0,1,13,0,0.0,35,32,3,1.0,1.0,0.0,
1066,Matt Schaub,30,HOU,QB,10,10,0.0,0.0,0.0,0.0,0,0,3,1,-13,0,0.0,0,0,0,,,0.0,
1067,Dan Williams,24,ARI,NT,10,10,0.0,0.0,0.0,0.0,2,0,0,0,0,0,0.0,20,14,6,1.0,1.0,0.0,
1068,LaMarr Woodley,27,PIT,LOLB,10,10,1.0,1.0,0.0,1.0,2,0,0,0,0,0,9.0,39,26,13,10.0,13.0,0.0,
1069,Peyton Hillis,25,CLE,RB,10,9,0.0,0.0,0.0,0.0,0,0,2,0,0,0,0.0,0,0,0,,,0.0,
1070,Jon McGraw,32,KAN,SS,10,9,3.0,4.0,0.0,4.0,6,1,1,0,0,0,1.0,47,31,16,2.0,1.0,0.0,
1071,Carson Palmer,32,OAK,QB,10,9,0.0,0.0,0.0,0.0,0,0,2,1,-1,0,0.0,0,0,0,0.0,0.0,0.0,
1072,Stephen Nicholas,28,ATL,RLB,10,8,0.0,0.0,0.0,0.0,1,2,0,1,2,0,0.0,35,17,18,4.0,2.0,0.0,
1073,Tony Fiammetta,25,DAL,FB,10,6,0.0,0.0,0.0,0.0,0,0,0,0,0,0,0.0,1,1,0,0.0,0.0,0.0,
1074,Brandon Deaderick,24,NWE,DE,10,5,0.0,0.0,0.0,0.0,0,0,0,0,0,0,2.0,17,11,6,3.0,2.0,0.0,
1075,Dane Fletcher,25,NWE,RLB,10,5,0.0,0.0,0.0,0.0,0,0,0,1,1,0,0.0,32,19,13,0.0,6.0,0.0,
1076,Mistral Raymond,24,MIN,FS,10,5,1.0,31.0,0.0,31.0,3,0,0,1,26,0,0.0,22,10,12,0.0,1.0,0.0,
1077,Omar Gaither,27,CAR,LB,10,4,0.0,0.0,0.0,0.0,1,0,0,0,0,0,1.0,31,24,7,1.0,1.0,0.0,
1078,Montario Hardesty,24,CLE,RB,10,4,0.0,0.0,0.0,0.0,0,0,1,0,0,0,0.0,1,0,1,,,0.0,
1079,Mark Ingram,22,NOR,RB,10,4,0.0,0.0,0.0,0.0,0,0,1,0,0,0,0.0,1,1,0,,,0.0,
1080,Colin Cochart,24,CIN,TE,10,3,0.0,0.0,0.0,0.0,0,0,0,0,0,0,0.0,1,1,0,0.0,0.0,0.0,
1081,Lee Smith,24,BUF,TE,10,3,0.0,0.0,0.0,0.0,0,0,0,0,0,0,0.0,2,2,0,0.0,0.0,0.0,
1082,Chris Hope,31,TEN,DB,10,2,1.0,7.0,0.0,7.0,1,0,0,2,0,0,0.0,25,23,2,0.0,0.0,0.0,
1083,Terrence Johnson,25,IND,DB,10,2,0.0,0.0,0.0,0.0,0,0,0,0,0,0,0.0,37,28,9,1.0,0.0,0.0,
1084,Andrew Quarless,23,GNB,TE,10,2,0.0,0.0,0.0,0.0,0,0,0,0,0,0,0.0,1,1,0,0.0,0.0,0.0,
1085,Spencer Adkins,24,ATL,LB,10,1,0.0,0.0,0.0,0.0,0,0,0,0,0,0,0.0,6,4,2,1.0,3.0,0.0,
1086,Curtis Brinkley,26,SDG,RB,10,1,0.0,0.0,0.0,0.0,0,0,0,0,0,0,0.0,1,1,0,0.0,0.0,0.0,
1087,Brandon Burton,22,MIN,DB,10,1,0.0,0.0,0.0,0.0,0,0,0,0,0,0,0.0,8,7,1,0.0,0.0,0.0,
1088,William Hayes,26,TEN,DE,10,1,0.0,0.0,0.0,0.0,0,0,0,0,0,0,1.5,16,11,5,4.0,5.0,0.0,
1089,Roy Lewis,26,SEA,DB,10,1,0.0,0.0,0.0,0.0,1,0,0,2,7,0,0.5,24,12,12,0.0,1.0,0.0,
1090,Phillip Merling,26,MIA,DE,10,1,0.0,0.0,0.0,0.0,2,0,0,0,0,0,0.0,4,3,1,0.0,0.0,0.0,
1091,Larry Asante,23,TAM,DB,10,0,0.0,0.0,0.0,0.0,0,1,0,0,0,0,0.0,14,12,2,0.0,0.0,0.0,
1092,Arnaz Battle,31,PIT,WR,10,0,0.0,0.0,0.0,0.0,0,0,0,0,0,0,0.0,4,1,3,0.0,0.0,0.0,
1093,Titus Brown,25,CLE,DE,10,0,0.0,0.0,0.0,0.0,0,0,0,0,0,0,1.0,5,4,1,1.0,1.0,0.0,
1094,Tim Bulman,29,HOU,DT,10,0,0.0,0.0,0.0,0.0,0,0,0,0,0,0,0.0,12,6,6,0.0,0.0,0.0,
1095,Bruce Carter,23,DAL,LB,10,0,0.0,0.0,0.0,0.0,1,0,0,0,0,0,0.0,8,5,3,0.0,0.0,0.0,
1096,Jeff Charleston,28,NOR,DE,10,0,0.0,0.0,0.0,0.0,0,0,0,0,0,0,1.0,9,5,4,1.0,3.0,0.0,
1097,Michael Coe,28,NYG,DB,10,0,0.0,0.0,0.0,0.0,1,0,0,0,0,0,0.0,10,9,1,1.0,0.0,0.0,
1098,Quan Cosby,29,DEN,WR,10,0,0.0,0.0,0.0,0.0,0,0,2,1,0,0,0.0,1,1,0,0.0,0.0,0.0,
1099,Tim Crowder,26,TAM,DE,10,0,0.0,0.0,0.0,0.0,1,0,0,0,0,0,0.0,14,10,4,2.0,1.0,0.0,
1100,Jim Dray,24,ARI,TE,10,0,0.0,0.0,0.0,0.0,0,0,0,0,0,0,0.0,2,2,0,0.0,0.0,0.0,
1101,Nick Fairley,23,DET,DT,10,0,0.0,0.0,0.0,0.0,0,0,0,0,0,0,1.0,15,9,6,2.0,5.0,0.0,
1102,Eric Hagg,22,CLE,DB,10,0,0.0,0.0,0.0,0.0,1,0,0,1,0,0,0.0,11,10,1,0.0,1.0,0.0,
1103,Jermale Hines,24,2TM,DB,10,0,0.0,0.0,0.0,0.0,0,0,0,0,0,0,0.0,6,3,3,0.0,0.0,0.0,
1103,Jermale Hines,24,CAR,DB,5,0,0.0,0.0,0.0,0.0,0,0,0,0,0,0,0.0,3,2,1,0.0,0.0,0.0,
1103,Jermale Hines,24,IND,DB,5,0,0.0,0.0,0.0,0.0,0,0,0,0,0,0,0.0,3,1,2,0.0,0.0,0.0,
1104,Taiwan Jones,23,OAK,RB,10,0,0.0,0.0,0.0,0.0,0,0,0,2,0,0,0.0,7,6,1,0.0,0.0,0.0,
1105,Shiloh Keo,24,HOU,DB,10,0,0.0,0.0,0.0,0.0,0,0,0,0,0,0,0.0,4,4,0,0.0,0.0,0.0,
1106,Myron Lewis,24,TAM,DB,10,0,0.0,0.0,0.0,0.0,0,0,0,0,0,0,0.0,5,5,0,0.0,0.0,0.0,
1107,Taylor Mays,23,CIN,DB,10,0,0.0,0.0,0.0,0.0,1,0,0,0,0,0,0.0,10,7,3,0.0,0.0,0.0,
1108,Bryan McCann,24,2TM,DB,10,0,0.0,0.0,0.0,0.0,0,0,0,0,0,0,0.0,4,2,2,0.0,0.0,0.0,
1108,Bryan McCann,24,BAL,DB,3,0,0.0,0.0,0.0,0.0,0,0,0,0,0,0,0.0,1,0,1,0.0,0.0,0.0,
1108,Bryan McCann,24,OAK,DB,7,0,0.0,0.0,0.0,0.0,0,0,0,0,0,0,0.0,3,2,1,0.0,0.0,0.0,
1109,Adrian Moten,23,IND,LB,10,0,0.0,0.0,0.0,0.0,0,0,0,1,0,0,0.0,7,5,2,0.0,0.0,0.0,
1110,Husain Abdullah,26,MIN,FS,9,9,1.0,32.0,0.0,32.0,5,0,0,0,0,0,1.0,49,44,5,3.0,1.0,0.0,
1111,Matt Cassel,29,KAN,QB,9,9,0.0,0.0,0.0,0.0,0,0,5,0,-3,0,0.0,0,0,0,,,0.0,
1112,Leon Hall,27,CIN,RCB,9,9,2.0,15.0,0.0,15.0,7,0,0,1,10,0,0.0,32,29,3,0.0,0.0,0.0,
1113,Kevin Kolb,27,ARI,QB,9,9,0.0,0.0,0.0,0.0,0,0,8,0,-8,0,0.0,0,0,0,0.0,0.0,0.0,
1114,Rashean Mathis,31,JAX,LCB,9,9,1.0,1.0,0.0,1.0,4,0,0,1,0,0,0.0,34,32,2,1.0,0.0,0.0,
1115,Sidney Rice,25,SEA,WR,9,9,0.0,0.0,0.0,0.0,0,0,1,0,0,0,0.0,0,0,0,0.0,0.0,0.0,
1116,Matt Roth,29,JAX,LDE,9,9,0.0,0.0,0.0,0.0,0,0,0,1,5,0,3.5,24,18,6,5.0,6.0,0.0,
1117,Barrett Ruud,28,TEN,MLB,9,9,1.0,4.0,0.0,4.0,3,0,0,0,0,0,0.0,57,40,17,2.0,1.0,0.0,
1118,Curtis Painter,26,IND,QB,9,8,0.0,0.0,0.0,0.0,0,0,5,1,-17,0,0.0,0,0,0,0.0,0.0,0.0,
1119,Lito Sheppard,30,OAK,RCB,9,7,0.0,0.0,0.0,0.0,4,0,0,0,0,0,1.0,43,40,3,2.0,2.0,0.0,
1120,Osi Umenyiora,30,NYG,RDE,9,7,0.0,0.0,0.0,0.0,1,2,0,0,0,0,9.0,25,16,9,8.0,11.0,0.0,
1121,Clint Session,27,JAX,RLB,9,6,0.0,0.0,0.0,0.0,0,1,0,0,10,0,1.0,30,19,11,2.0,1.0,0.0,
1122,Aaron Williams,21,BUF,LCB,9,6,1.0,0.0,0.0,0.0,5,1,0,0,0,0,0.0,32,27,5,0.0,0.0,0.0,
1123,Anthony Becht,34,KAN,TE,9,5,0.0,0.0,0.0,0.0,0,0,0,0,0,0,0.0,1,1,0,0.0,0.0,0.0,
1124,Mike Cox,26,ATL,FB,9,5,0.0,0.0,0.0,0.0,0,0,1,0,0,0,0.0,0,0,0,,,0.0,
1125,Al Harris,37,STL,RCB,9,5,0.0,0.0,0.0,0.0,6,0,0,1,3,0,0.0,15,12,3,0.0,0.0,0.0,
1126,Kevin Thomas,25,IND,LCB,9,5,0.0,0.0,0.0,0.0,3,0,0,0,0,0,0.0,33,20,13,1.0,0.0,0.0,
1127,Roderick Hood,30,STL,DB,9,4,1.0,27.0,0.0,27.0,5,0,0,0,0,0,0.0,20,17,3,2.0,0.0,0.0,
1128,Donald Lee,31,CIN,TE,9,4,0.0,0.0,0.0,0.0,0,0,0,0,0,0,0.0,1,1,0,,,0.0,
1129,Cameron Morrah,24,SEA,TE,9,4,0.0,0.0,0.0,0.0,0,0,0,0,0,0,0.0,1,1,0,0.0,0.0,0.0,
1130,Dannell Ellerbe,26,BAL,LB,9,3,0.0,0.0,0.0,0.0,0,0,0,0,0,0,0.0,18,14,4,1.0,0.0,0.0,
1131,Frank Okam,26,TAM,DT,9,3,0.0,0.0,0.0,0.0,0,0,0,0,0,0,0.0,16,15,1,2.0,0.0,0.0,
1132,Cassius Vaughn,24,DEN,DB,9,3,1.0,55.0,1.0,55.0,4,0,0,1,0,0,0.0,20,16,4,1.0,0.0,0.0,
1133,C.J. Ah You,29,STL,DE,9,2,0.0,0.0,0.0,0.0,0,0,0,0,0,0,1.0,6,5,1,2.0,2.0,0.0,
1134,Chris Carr,28,BAL,DB,9,1,0.0,0.0,0.0,0.0,3,0,0,0,0,0,1.0,19,16,3,2.0,1.0,0.0,
1135,Josh Johnson,25,TAM,QB,9,1,0.0,0.0,0.0,0.0,0,0,1,0,0,0,0.0,0,0,0,,,0.0,
1136,Steve Smith,26,PHI,WR,9,1,0.0,0.0,0.0,0.0,0,0,1,0,0,0,0.0,0,0,0,0.0,0.0,0.0,
1137,Bront Bird,22,SDG,LB,9,0,0.0,0.0,0.0,0.0,1,0,0,0,0,0,0.0,14,11,3,1.0,0.0,0.0,
1138,Kyle Bosworth,25,JAX,LB,9,0,0.0,0.0,0.0,0.0,0,0,0,0,0,0,0.0,5,3,2,0.0,0.0,0.0,
1139,Jermaine Cunningham,23,NWE,LB,9,0,0.0,0.0,0.0,0.0,0,0,0,0,0,0,0.0,1,0,1,0.0,0.0,0.0,
1140,Quintin Demps,26,HOU,DB,9,0,2.0,47.0,0.0,42.0,4,0,0,0,0,0,0.0,23,18,5,0.0,1.0,0.0,
1141,Kedric Golston,28,WAS,DT,9,0,0.0,0.0,0.0,0.0,0,1,0,0,0,0,1.5,16,8,8,3.0,3.0,0.0,
1142,Chris Hawkins,25,TEN,DB,9,0,0.0,0.0,0.0,0.0,0,0,0,0,0,0,0.0,14,11,3,0.0,0.0,0.0,
1143,Jeremy Horne,25,KAN,WR,9,0,0.0,0.0,0.0,0.0,0,0,0,0,0,0,0.0,2,2,0,0.0,0.0,0.0,
1144,Phillip Hunt,25,PHI,DE,9,0,0.0,0.0,0.0,0.0,0,0,0,0,0,0,2.0,8,7,1,2.0,4.0,1.0,
1145,Edgar Jones,27,BAL,DE,9,0,0.0,0.0,0.0,0.0,0,0,0,0,0,0,0.0,3,3,0,0.0,0.0,0.0,
1146,Jamari Lattimore,23,GNB,LB,9,0,0.0,0.0,0.0,0.0,0,0,0,0,0,0,0.0,4,4,0,0.0,0.0,0.0,
1147,Mossis Madu,24,TAM,RB,9,0,0.0,0.0,0.0,0.0,0,0,0,1,0,0,0.0,2,2,0,0.0,0.0,0.0,
1148,Byron Maxwell,23,SEA,DB,9,0,0.0,0.0,0.0,0.0,0,0,0,1,1,0,0.0,1,0,1,0.0,0.0,0.0,
1149,Sherrick McManis,24,HOU,DB,9,0,0.0,0.0,0.0,0.0,0,1,1,0,0,0,0.0,5,4,1,0.0,0.0,0.0,
1150,Johnny Patrick,23,NOR,DB,9,0,0.0,0.0,0.0,0.0,0,0,0,0,0,0,0.0,6,5,1,0.0,0.0,0.0,
1151,Julius Pruitt,26,MIA,WR,9,0,0.0,0.0,0.0,0.0,0,0,0,0,0,0,0.0,4,2,2,0.0,0.0,0.0,
1152,Shawntae Spencer,29,SFO,DB,9,0,0.0,0.0,0.0,0.0,1,0,0,0,0,0,0.0,5,4,1,0.0,0.0,0.0,
1153,Chansi Stuckey,28,ARI,WR,9,0,0.0,0.0,0.0,0.0,0,0,1,0,0,0,0.0,0,0,0,0.0,0.0,0.0,
1154,Phillip Tanner,23,DAL,RB,9,0,0.0,0.0,0.0,0.0,0,0,0,0,0,0,0.0,2,0,2,0.0,0.0,0.0,
1155,Josh Thomas,22,CAR,DB,9,0,0.0,0.0,0.0,0.0,0,0,0,1,0,0,0.0,1,1,0,0.0,0.0,0.0,
1156,Matt Turk,43,2TM,P,9,0,0.0,0.0,0.0,0.0,0,0,1,1,-11,0,0.0,2,2,0,0.0,0.0,0.0,
1156,Matt Turk,43,JAX,P,5,0,0.0,0.0,0.0,0.0,0,0,1,1,-11,0,0.0,1,1,0,0.0,0.0,0.0,
1156,Matt Turk,43,HOU,P,4,0,0.0,0.0,0.0,0.0,0,0,0,0,0,0,0.0,1,1,0,0.0,0.0,0.0,
1157,Patrick Chung,24,NWE,FS,8,8,1.0,0.0,0.0,0.0,4,0,0,0,0,0,1.0,62,37,25,1.0,2.0,0.0,
1158,Michael Hoomanawanui,23,STL,WR,8,8,0.0,0.0,0.0,0.0,0,0,0,1,0,0,0.0,0,0,0,0.0,0.0,0.0,
1159,LaRon Landry,27,WAS,SS,8,8,0.0,0.0,0.0,0.0,1,1,0,1,3,0,1.5,48,35,13,2.0,6.0,0.0,
1160,T.J. Ward,25,CLE,FS,8,8,0.0,0.0,0.0,0.0,3,1,0,0,0,0,1.0,39,28,11,2.0,1.0,0.0,
1161,Adam Jones,28,CIN,RCB,8,7,0.0,0.0,0.0,0.0,6,0,0,0,0,0,0.0,28,26,2,1.0,0.0,0.0,
1162,John Skelton,23,ARI,QB,8,7,0.0,0.0,0.0,0.0,0,0,4,2,-10,0,0.0,0,0,0,,,0.0,
1163,Brandon Spikes,24,NWE,RLB,8,6,0.0,0.0,0.0,0.0,1,0,0,0,0,0,0.0,47,32,15,2.0,1.0,0.0,
1164,Dan Orlovsky,28,IND,QB,8,5,0.0,0.0,0.0,0.0,0,0,7,1,0,0,0.0,0,0,0,,,0.0,
1165,Sean Locklear,30,WAS,T,8,4,0.0,0.0,0.0,0.0,0,0,0,0,0,0,0.0,1,1,0,0.0,0.0,0.0,
1166,Jake O'Connell,26,KAN,TE,8,4,0.0,0.0,0.0,0.0,0,0,0,1,0,0,0.0,0,0,0,,,0.0,
1167,Ryan Torain,25,WAS,RB,8,4,0.0,0.0,0.0,0.0,0,0,1,1,0,0,0.0,0,0,0,0.0,0.0,0.0,
1168,Jacoby Ford,24,OAK,WR,8,3,0.0,0.0,0.0,0.0,0,0,3,0,0,0,0.0,1,1,0,0.0,0.0,0.0,
1169,Benny Sapp,30,2TM,DB,8,4,0.0,0.0,0.0,0.0,4,0,0,0,0,0,0.0,30,23,7,2.0,0.0,0.0,
1169,Benny Sapp,30,MIA,DB,1,1,0.0,0.0,0.0,0.0,1,0,0,0,0,0,0.0,5,5,0,0.0,0.0,0.0,
1169,Benny Sapp,30,MIN,DB,7,3,0.0,0.0,0.0,0.0,3,0,0,0,0,0,0.0,25,18,7,2.0,0.0,0.0,
1170,Turk McBride,26,NOR,DT,8,2,0.0,0.0,0.0,0.0,0,1,0,0,0,0,2.0,4,3,1,1.0,3.0,0.0,
1171,Kelvin Hayden,28,ATL,DB,8,1,2.0,3.0,0.0,2.0,4,0,0,0,0,0,0.0,24,16,8,1.0,0.0,0.0,
1172,Niko Koutouvides,30,NWE,LB,8,1,0.0,0.0,0.0,0.0,0,0,0,1,0,0,0.0,14,7,7,0.0,0.0,0.0,
1173,Ogemdi Nwagbuo,26,2TM,DT,8,1,0.0,0.0,0.0,0.0,0,0,0,0,0,0,0.0,6,4,2,1.0,0.0,0.0,
1173,Ogemdi Nwagbuo,26,SDG,DT,4,0,0.0,0.0,0.0,0.0,0,0,0,0,0,0,0.0,3,2,1,1.0,0.0,0.0,
1173,Ogemdi Nwagbuo,26,CAR,DT,4,1,0.0,0.0,0.0,0.0,0,0,0,0,0,0,0.0,3,2,1,0.0,0.0,0.0,
1174,Mister Alexander,23,HOU,LB,8,0,0.0,0.0,0.0,0.0,0,0,0,0,0,0,0.0,7,7,0,0.0,0.0,0.0,
1175,Stevie Brown,24,IND,DB,8,0,0.0,0.0,0.0,0.0,0,0,0,0,0,0,0.0,5,4,1,0.0,0.0,0.0,
1176,Chris Carter,22,PIT,LB,8,0,0.0,0.0,0.0,0.0,0,0,0,0,0,0,0.0,3,2,1,3.0,1.0,0.0,
1177,Jacob Cutrera,23,TAM,LB,8,0,0.0,0.0,0.0,0.0,0,0,0,0,0,0,0.0,3,3,0,0.0,0.0,0.0,
1178,Ryan Donahue,23,DET,P,8,0,0.0,0.0,0.0,0.0,0,0,0,0,0,0,0.0,2,1,1,0.0,0.0,0.0,
1179,Anthony Gaitor,23,TAM,DB,8,0,0.0,0.0,0.0,0.0,0,0,0,0,0,0,0.0,5,5,0,0.0,0.0,0.0,
1180,Jeron Johnson,23,SEA,DB,8,0,0.0,0.0,0.0,0.0,0,0,0,0,0,0,0.0,6,4,2,0.0,1.0,0.0,
1181,Thomas Keiser,22,CAR,LB,8,0,1.0,9.0,0.0,9.0,1,0,0,0,0,0,4.0,14,13,1,5.0,4.0,0.0,
1182,Rian Lindell,34,BUF,K,8,0,0.0,0.0,0.0,0.0,0,0,0,0,0,0,0.0,2,2,0,0.0,0.0,0.0,
1183,David Nixon,26,STL,LB,8,0,0.0,0.0,0.0,0.0,0,1,0,0,0,0,0.0,6,6,0,0.0,0.0,0.0,
1184,Igor Olshansky,29,MIA,DT,8,0,0.0,0.0,0.0,0.0,0,0,0,0,0,0,0.0,8,5,3,1.0,0.0,0.0,
1185,Brandon Saine,23,GNB,RB,8,0,0.0,0.0,0.0,0.0,0,0,0,0,0,0,0.0,4,4,0,0.0,0.0,0.0,
1186,Darryl Sharpton,23,HOU,LB,8,0,0.0,0.0,0.0,0.0,0,0,0,0,0,0,0.0,12,12,0,0.0,0.0,0.0,
1187,Ross Ventrone,25,NWE,DB,8,0,0.0,0.0,0.0,0.0,0,0,0,0,0,0,0.0,2,2,0,0.0,0.0,0.0,
1188,Darren McFadden,24,OAK,RB,7,7,0.0,0.0,0.0,0.0,0,0,1,2,0,0,0.0,0,0,0,0.0,0.0,0.0,
1189,Kerry Rhodes,29,ARI,FS,7,7,0.0,0.0,0.0,0.0,4,0,0,2,1,0,2.0,34,26,8,3.0,2.0,0.0,
1190,Ovie Mughelli,31,ATL,FB,7,5,0.0,0.0,0.0,0.0,0,0,0,0,0,0,0.0,2,1,1,0.0,0.0,0.0,
1191,Kevin Smith,25,DET,RB,7,4,0.0,0.0,0.0,0.0,0,0,1,0,0,0,0.0,0,0,0,,,0.0,
1192,Ben Leber,33,STL,LB,7,3,0.0,0.0,0.0,0.0,0,0,0,1,0,0,0.0,15,11,4,0.0,1.0,0.0,
1193,Earnest Graham,31,TAM,RB,7,2,0.0,0.0,0.0,0.0,0,0,1,3,-2,0,0.0,1,1,0,0.0,0.0,0.0,
1194,Courtney Greene,25,JAX,DB,7,2,0.0,0.0,0.0,0.0,0,0,0,0,0,0,0.0,10,8,2,0.0,0.0,0.0,
1195,Knowshon Moreno,24,DEN,RB,7,2,0.0,0.0,0.0,0.0,0,0,1,0,0,0,0.0,0,0,0,,,0.0,
1196,Akwasi Owusu-Ansah,23,2TM,DB,7,2,0.0,0.0,0.0,0.0,0,0,0,0,0,0,0.0,21,14,7,0.0,0.0,0.0,
1196,Akwasi Owusu-Ansah,23,DAL,DB,3,0,0.0,0.0,0.0,0.0,0,0,0,0,0,0,0.0,2,2,0,0.0,0.0,0.0,
1196,Akwasi Owusu-Ansah,23,JAX,DB,4,2,0.0,0.0,0.0,0.0,0,0,0,0,0,0,0.0,19,12,7,0.0,0.0,0.0,
1197,Thomas Williams,27,CAR,LB,7,2,0.0,0.0,0.0,0.0,2,0,0,0,0,0,0.0,13,11,2,1.0,0.0,0.0,
1198,Nate Jones,29,2TM,DB,7,1,0.0,0.0,0.0,0.0,1,0,0,0,0,0,0.0,20,10,10,0.0,0.0,0.0,
1198,Nate Jones,29,MIA,DB,2,0,0.0,0.0,0.0,0.0,0,0,0,0,0,0,0.0,1,1,0,0.0,0.0,0.0,
1198,Nate Jones,29,NWE,DB,5,1,0.0,0.0,0.0,0.0,1,0,0,0,0,0,0.0,19,9,10,0.0,0.0,0.0,
1199,Jeff Tarpinian,24,NWE,LB,7,1,0.0,0.0,0.0,0.0,0,0,0,0,0,0,0.0,7,5,2,0.0,0.0,0.0,
1200,Prince Amukamara,22,NYG,DB,7,0,1.0,0.0,0.0,0.0,3,0,0,1,0,0,0.0,14,12,2,0.0,0.0,0.0,
1201,Ron Brace,25,NWE,DT,7,0,0.0,0.0,0.0,0.0,0,1,0,0,0,0,0.0,4,1,3,0.0,0.0,0.0,
1202,Chykie Brown,25,BAL,DB,7,0,0.0,0.0,0.0,0.0,1,0,0,0,0,0,0.0,4,4,0,0.0,0.0,0.0,
1203,Keary Colbert,29,KAN,WR,7,0,0.0,0.0,0.0,0.0,0,0,1,0,0,0,0.0,0,0,0,,,0.0,
1204,Jonathan Dwyer,22,PIT,RB,7,0,0.0,0.0,0.0,0.0,0,0,0,0,0,0,0.0,2,1,1,0.0,0.0,0.0,
1205,Auston English,24,CLE,DE,7,0,0.0,0.0,0.0,0.0,0,0,0,0,0,0,0.0,4,4,0,0.0,1.0,0.0,
1206,Brandon Ghee,24,CIN,DB,7,0,0.0,0.0,0.0,0.0,0,0,0,0,0,0,0.0,1,0,1,0.0,0.0,0.0,
1207,Chris Gronkowski,25,IND,RB,7,0,0.0,0.0,0.0,0.0,0,0,0,0,0,0,0.0,3,3,0,0.0,0.0,0.0,
1208,Brandon Harris,21,HOU,DB,7,0,0.0,0.0,0.0,0.0,0,0,0,0,0,0,0.0,3,2,1,0.0,0.0,0.0,
1209,Ellis Lankster,24,NYJ,DB,7,0,0.0,0.0,0.0,0.0,0,0,0,2,0,0,0.0,6,6,0,0.0,0.0,0.0,
1210,Curtis Marsh,23,PHI,DB,7,0,0.0,0.0,0.0,0.0,1,0,2,0,0,0,0.0,2,2,0,0.0,0.0,0.0,
1211,Mike Neal,24,GNB,LB,7,0,0.0,0.0,0.0,0.0,0,0,0,0,0,0,0.0,3,1,2,0.0,0.0,0.0,
1212,Dave Rayner,29,BUF,K,7,0,0.0,0.0,0.0,0.0,0,0,0,0,0,0,0.0,1,1,0,0.0,0.0,0.0,
1213,Nick Reed,24,CHI,DE,7,0,0.0,0.0,0.0,0.0,1,0,0,0,0,0,0.0,6,4,2,0.0,0.0,0.0,
1214,Darrion Scott,30,WAS,DE,7,0,0.0,0.0,0.0,0.0,0,0,0,0,0,0,0.0,4,2,2,1.0,1.0,0.0,
1215,Vic So'oto,24,GNB,LB,7,0,0.0,0.0,0.0,0.0,0,0,0,0,0,0,1.0,7,6,1,0.0,1.0,0.0,
1216,Josh Vaughan,25,CAR,RB,7,0,0.0,0.0,0.0,0.0,0,0,0,0,0,0,0.0,9,7,2,0.0,0.0,0.0,
1217,Chris White,22,BUF,LB,7,0,0.0,0.0,0.0,0.0,0,1,0,0,0,0,0.0,8,8,0,0.0,0.0,0.0,
1218,Corey Wootton,24,CHI,DE,7,0,0.0,0.0,0.0,0.0,0,0,0,0,0,0,0.0,4,3,1,0.0,0.0,0.0,
1219,Shareece Wright,24,SDG,DB,7,0,0.0,0.0,0.0,0.0,0,0,0,0,0,0,0.0,4,4,0,0.0,0.0,0.0,
1220,Jahvid Best,22,DET,RB,6,6,0.0,0.0,0.0,0.0,0,0,0,1,0,0,0.0,0,0,0,0.0,0.0,0.0,
1221,Jason Campbell,29,OAK,QB,6,6,0.0,0.0,0.0,0.0,0,0,3,1,0,0,0.0,0,0,0,,,0.0,
1222,Derek Cox,25,JAX,RCB,6,6,0.0,0.0,0.0,0.0,2,0,0,0,0,0,0.0,22,16,6,1.0,0.0,0.0,
1223,Gerald McCoy,23,TAM,LDT,6,6,0.0,0.0,0.0,0.0,0,0,0,0,0,0,1.0,11,10,1,3.0,3.0,0.0,
1224,Terrence McGee,31,BUF,LCB,6,6,0.0,0.0,0.0,0.0,2,0,0,0,0,0,0.0,28,26,2,1.0,0.0,0.0,
1225,Donovan McNabb,35,MIN,QB,6,6,0.0,0.0,0.0,0.0,0,0,2,0,0,0,0.0,0,0,0,0.0,0.0,0.0,
1226,Joey Porter,34,ARI,LOLB,6,6,0.0,0.0,0.0,0.0,0,0,0,0,0,0,1.0,16,11,5,2.0,2.0,0.0,
1227,T.J. Yates,24,HOU,QB,6,5,0.0,0.0,0.0,0.0,0,0,5,1,-5,0,0.0,0,0,0,0.0,0.0,0.0,
1228,Ashton Youboty,27,JAX,RCB,6,5,1.0,0.0,0.0,0.0,3,0,0,1,38,1,0.0,25,21,4,2.0,0.0,0.0,
1229,Caleb Hanie,26,CHI,QB,6,4,0.0,0.0,0.0,0.0,0,0,1,1,0,0,0.0,0,0,0,0.0,0.0,0.0,
1230,Frank Kearse,23,CAR,DT,6,4,0.0,0.0,0.0,0.0,1,0,0,0,0,0,0.5,10,7,3,0.0,1.0,0.0,
1231,Tyler Palko,28,KAN,QB,6,4,0.0,0.0,0.0,0.0,0,0,1,0,-1,0,0.0,0,0,0,,,0.0,
1232,Chris Cook,24,MIN,DB,6,3,0.0,0.0,0.0,0.0,4,0,0,0,0,0,0.0,20,17,3,1.0,0.0,0.0,
1233,Sterling Moore,21,NWE,DB,6,3,2.0,26.0,1.0,21.0,2,0,0,0,0,0,0.0,7,6,1,0.0,0.0,0.0,
1234,Walter Thurmond,24,SEA,DB,6,3,0.0,0.0,0.0,0.0,2,1,0,0,0,0,0.0,12,7,5,1.0,0.0,0.0,
1235,Seneca Wallace,31,CLE,QB,6,3,0.0,0.0,0.0,0.0,0,0,1,0,0,0,0.0,0,0,0,,,0.0,
1236,Vince Young,28,PHI,QB,6,3,0.0,0.0,0.0,0.0,0,0,2,2,0,0,0.0,0,0,0,,,0.0,
1237,Mike Caussin,24,BUF,TE,6,2,0.0,0.0,0.0,0.0,0,0,0,0,0,0,0.0,6,5,1,0.0,0.0,0.0,
1238,Chris Hoke,35,PIT,NT,6,2,0.0,0.0,0.0,0.0,0,0,0,0,0,0,0.0,3,3,0,2.0,1.0,0.0,
1239,Austen Lane,24,JAX,DE,6,1,0.0,0.0,0.0,0.0,0,0,0,0,0,0,1.0,14,8,6,1.0,1.0,0.0,
1240,Joe Porter,26,OAK,DB,6,1,0.0,0.0,0.0,0.0,0,0,0,0,0,0,0.0,10,7,3,0.0,0.0,0.0,
1241,Phillip Adams,23,NWE,DB,6,0,1.0,0.0,0.0,0.0,1,0,0,0,0,0,0.0,8,7,1,0.0,1.0,0.0,
1242,Dominique Barber,25,HOU,DB,6,0,0.0,0.0,0.0,0.0,0,0,0,0,0,0,0.0,3,3,0,0.0,0.0,0.0,
1243,Will Blackmon,27,NYG,DB,6,0,0.0,0.0,0.0,0.0,0,0,1,0,0,0,0.0,6,5,1,0.0,0.0,0.0,
1244,Rafael Bush,24,DEN,DB,6,0,0.0,0.0,0.0,0.0,0,0,0,0,0,0,0.0,3,3,0,0.0,0.0,0.0,
1245,Chauncey Davis,28,CHI,DE,6,0,0.0,0.0,0.0,0.0,0,0,0,0,0,0,1.0,9,8,1,2.0,1.0,0.0,
1246,Ronald Fields,30,CAR,DT,6,0,0.0,0.0,0.0,0.0,0,0,0,0,0,0,0.0,7,6,1,0.0,0.0,0.0,
1247,Mortty Ivy,25,PIT,LB,6,0,0.0,0.0,0.0,0.0,0,0,0,0,0,0,0.0,1,1,0,0.0,0.0,0.0,
1248,Jimmy Kennedy,32,NYG,DT,6,0,0.0,0.0,0.0,0.0,0,0,0,0,0,0,0.0,4,2,2,1.0,0.0,0.0,
1249,Chris Massey,32,CHI,RB,6,0,0.0,0.0,0.0,0.0,0,0,0,0,0,0,0.0,3,3,0,0.0,0.0,0.0,
1250,Marlon Moore,24,MIA,WR,6,0,0.0,0.0,0.0,0.0,0,0,0,0,0,0,0.0,3,3,0,0.0,0.0,0.0,
1251,Allen Reisner,23,MIN,TE,6,0,0.0,0.0,0.0,0.0,0,0,0,0,0,0,0.0,1,1,0,0.0,0.0,0.0,
1252,Greg Salas,23,STL,WR,6,0,0.0,0.0,0.0,0.0,0,0,3,0,0,0,0.0,1,1,0,0.0,0.0,0.0,
1253,Sammie Stroughter,25,TAM,WR,6,0,0.0,0.0,0.0,0.0,0,0,1,0,0,0,0.0,2,1,1,0.0,0.0,0.0,
1254,Ronald Talley,25,ARI,DE,6,0,0.0,0.0,0.0,0.0,0,0,0,0,0,0,0.0,2,1,1,0.0,0.0,0.0,
1255,Brandyn Thompson,22,WAS,DB,6,0,0.0,0.0,0.0,0.0,0,0,0,1,0,0,0.0,2,2,0,0.0,1.0,0.0,
1256,Justin Trattou,23,NYG,DE,6,0,0.0,0.0,0.0,0.0,0,0,0,0,0,0,0.0,2,1,1,0.0,0.0,0.0,
1257,Torell Troup,23,BUF,DT,6,0,0.0,0.0,0.0,0.0,0,0,0,0,0,0,0.0,8,6,2,1.0,0.0,0.0,
1258,Justin Tryon,27,2TM,DB,6,0,0.0,0.0,0.0,0.0,1,0,0,0,0,0,0.0,10,8,2,0.0,0.0,0.0,
1258,Justin Tryon,27,IND,DB,3,0,0.0,0.0,0.0,0.0,0,0,0,0,0,0,0.0,7,5,2,0.0,0.0,0.0,
1258,Justin Tryon,27,NYG,DB,3,0,0.0,0.0,0.0,0.0,1,0,0,0,0,0,0.0,3,3,0,0.0,0.0,0.0,
1259,Jared Gaither,25,SDG,LT,5,5,0.0,0.0,0.0,0.0,0,0,0,1,0,0,0.0,0,0,0,0.0,0.0,0.0,
1260,Tim Hightower,25,WAS,RB,5,5,0.0,0.0,0.0,0.0,0,0,0,1,0,0,0.0,0,0,0,0.0,0.0,0.0,
1261,Shawne Merriman,27,BUF,ROLB,5,5,0.0,0.0,0.0,0.0,0,0,0,0,0,0,1.0,9,7,2,1.0,2.0,0.0,
1262,Kyle Orton,29,DEN,QB,5,5,0.0,0.0,0.0,0.0,0,0,2,0,0,0,0.0,0,0,0,0.0,0.0,0.0,
1263,Kyle Williams,28,BUF,NT,5,5,0.0,0.0,0.0,0.0,1,0,0,0,0,0,0.0,9,4,5,1.0,4.0,0.0,
1264,Mario Williams,26,HOU,ROLB,5,5,0.0,0.0,0.0,0.0,1,1,0,0,0,0,5.0,11,10,1,4.0,7.0,0.0,
1265,Antoine Winfield,34,MIN,LCB,5,5,1.0,3.0,0.0,3.0,1,1,0,0,0,0,1.0,40,34,6,5.0,1.0,0.0,
1266,Josh Barrett,27,NWE,DB,5,4,0.0,0.0,0.0,0.0,0,0,0,0,0,0,0.0,17,14,3,1.0,0.0,0.0,
1267,Chase Blackburn,28,NYG,LB,5,4,1.0,9.0,0.0,9.0,2,0,0,0,0,0,0.0,26,20,6,1.0,0.0,0.0,
1268,Bryan Mattison,27,STL,DE,5,4,0.0,0.0,0.0,0.0,0,0,0,1,0,0,0.0,0,0,0,0.0,0.0,0.0,
1269,Kevin Vickerson,28,DEN,DT,5,4,0.0,0.0,0.0,0.0,0,0,0,0,0,0,0.0,4,3,1,0.0,0.0,0.0,
1270,A.J. Feeley,34,STL,QB,5,3,0.0,0.0,0.0,0.0,0,0,3,0,0,0,0.0,0,0,0,,,0.0,
1271,Kenrick Ellis,24,NYJ,DT,5,2,0.0,0.0,0.0,0.0,0,0,0,0,0,0,0.0,7,5,2,1.0,1.0,0.0,
1272,Jerome Felton,25,IND,RB,5,2,0.0,0.0,0.0,0.0,0,0,0,0,0,0,0.0,1,0,1,,,0.0,
1273,Leigh Bodden,30,NWE,DB,5,1,0.0,0.0,0.0,0.0,4,0,0,0,0,0,0.0,17,13,4,0.0,0.0,0.0,
1274,Matt Flynn,26,GNB,QB,5,1,0.0,0.0,0.0,0.0,0,0,1,0,0,0,0.0,0,0,0,,,0.0,
1275,Frank Zombo,24,GNB,LB,5,1,0.0,0.0,0.0,0.0,0,0,0,0,0,0,1.0,10,8,2,1.0,1.0,0.0,
1276,Ikaika Alama-Francis,27,MIA,DE,5,0,0.0,0.0,0.0,0.0,0,0,0,0,0,0,0.0,1,1,0,0.0,0.0,0.0,
1277,Don Carey,24,DET,DB,5,0,0.0,0.0,0.0,0.0,1,0,0,0,0,0,0.0,11,7,4,0.0,0.0,0.0,
1278,Michael Clayton,29,NYG,WR,5,0,0.0,0.0,0.0,0.0,0,0,0,0,0,0,0.0,1,1,0,0.0,0.0,0.0,
1279,Stephen Cooper,32,SDG,LB,5,0,0.0,0.0,0.0,0.0,0,0,0,0,0,0,0.0,1,0,1,0.0,0.0,0.0,
1280,Lionel Dotson,26,BUF,DT,5,0,0.0,0.0,0.0,0.0,0,0,0,0,0,0,0.0,2,0,2,0.0,0.0,0.0,
1281,Larry English,25,SDG,DE,5,0,0.0,0.0,0.0,0.0,0,0,0,0,0,0,2.0,7,5,2,2.0,2.0,0.0,
1282,Stephen Franklin,23,JAX,LB,5,0,0.0,0.0,0.0,0.0,0,0,0,0,0,0,0.0,2,1,1,0.0,0.0,0.0,
1283,Derrick Harvey,25,DEN,DE,5,0,0.0,0.0,0.0,0.0,0,0,0,1,0,0,0.0,4,2,2,0.0,0.0,0.0,
1284,David Jones,26,JAX,DB,5,0,0.0,0.0,0.0,0.0,1,0,0,0,0,0,0.0,4,3,1,0.0,0.0,0.0,
1285,Matt Katula,29,MIN,LS,5,0,0.0,0.0,0.0,0.0,0,0,0,0,0,0,0.0,2,2,0,0.0,0.0,0.0,
1286,Anthony Madison,30,DET,DB,5,0,,,,,0,0,0,0,0,0,,3,2,1,0.0,0.0,,
1287,Ryan Mahaffey,24,IND,RB,5,0,0.0,0.0,0.0,0.0,0,0,0,0,0,0,0.0,1,1,0,0.0,0.0,0.0,
1288,Drake Nevis,22,IND,DT,5,0,0.0,0.0,0.0,0.0,1,0,0,0,0,0,0.0,19,9,10,1.0,1.0,0.0,
1289,Brian Sanford,24,CLE,DT,5,0,0.0,0.0,0.0,0.0,0,0,0,0,0,0,0.0,5,3,2,0.0,2.0,0.0,
1290,Martin Tevaseu,24,NYJ,DT,5,0,0.0,0.0,0.0,0.0,0,0,0,0,0,0,0.0,1,0,1,0.0,0.0,0.0,
1291,Patrick Trahan,25,CHI,LB,5,0,0.0,0.0,0.0,0.0,0,0,0,0,0,0,0.0,1,1,0,0.0,0.0,0.0,
1292,Shane Vereen,22,NWE,RB,5,0,0.0,0.0,0.0,0.0,0,0,0,0,0,0,0.0,1,0,1,0.0,0.0,0.0,
1293,Darrin Walls,23,ATL,DB,5,0,1.0,23.0,0.0,23.0,2,0,0,0,0,0,0.0,2,2,0,0.0,0.0,0.0,
1294,Chavis Williams,22,BAL,LB,5,0,0.0,0.0,0.0,0.0,0,0,0,0,0,0,0.0,2,1,1,0.0,0.0,0.0,
1295,Jabara Williams,22,CHI,LB,5,0,0.0,0.0,0.0,0.0,0,0,0,0,0,0,0.0,2,1,1,0.0,0.0,0.0,
1296,Kion Wilson,25,CAR,LB,5,0,0.0,0.0,0.0,0.0,0,0,0,0,0,0,0.0,1,1,0,0.0,0.0,0.0,
1297,Tracy Wilson,22,NYJ,DB,5,0,0.0,0.0,0.0,0.0,0,0,0,0,0,0,0.0,5,3,2,0.0,0.0,0.0,
1298,Bradley Fletcher,25,STL,DB,4,4,0.0,0.0,0.0,0.0,1,0,0,0,0,0,0.0,24,23,1,0.0,0.0,0.0,
1299,Chad Henne,26,MIA,QB,4,4,0.0,0.0,0.0,0.0,0,0,1,0,-4,0,0.0,0,0,0,,,0.0,
1300,Olin Kreutz,34,NOR,C,4,4,,,,,0,0,0,0,0,0,,1,1,0,,,,
1301,Brandon Lloyd,30,DEN,WR,4,4,0.0,0.0,0.0,0.0,0,0,1,1,0,0,0.0,0,0,0,0.0,0.0,0.0,
1302,Aaron Smith,35,PIT,DE,4,4,0.0,0.0,0.0,0.0,0,0,0,0,0,0,0.0,8,3,5,0.0,1.0,0.0,
1303,Marcus Trufant,31,SEA,DB,4,4,1.0,15.0,0.0,15.0,3,0,0,0,0,0,0.0,23,20,3,1.0,0.0,0.0,
1304,John Beck,30,WAS,QB,4,3,0.0,0.0,0.0,0.0,0,0,3,2,0,0,0.0,0,0,0,0.0,0.0,0.0,
1305,Eric Foster,26,IND,DT,4,3,0.0,0.0,0.0,0.0,0,0,0,0,0,0,0.0,12,6,6,2.0,0.0,0.0,
1306,Chris Johnson,32,OAK,DB,4,3,0.0,0.0,0.0,0.0,4,1,0,0,0,0,0.0,14,12,2,1.0,3.0,0.0,
1307,Bryan Thomas,32,NYJ,LB,4,3,0.0,0.0,0.0,0.0,1,0,0,0,0,0,0.0,14,10,4,4.0,1.0,0.0,
1308,Luke McCown,30,JAX,QB,4,2,0.0,0.0,0.0,0.0,0,0,2,0,0,0,0.0,0,0,0,0.0,0.0,0.0,
1309,Daniel Muir,28,IND,DT,4,2,0.0,0.0,0.0,0.0,0,0,0,0,0,0,0.0,11,8,3,0.0,0.0,0.0,
1310,Chimdi Chekwa,23,OAK,DB,4,1,0.0,0.0,0.0,0.0,2,0,0,0,0,0,0.0,8,6,2,2.0,1.0,0.0,
1311,Colin Cloherty,24,JAX,TE,4,1,0.0,0.0,0.0,0.0,0,0,0,1,8,1,0.0,3,2,1,0.0,0.0,0.0,
1312,Derek Hagan,27,BUF,WR,4,1,0.0,0.0,0.0,0.0,0,0,0,0,0,0,0.0,1,0,1,0.0,0.0,0.0,
1313,Matt McCoy,29,SEA,LB,4,1,0.0,0.0,0.0,0.0,0,0,0,0,0,0,0.0,15,8,7,1.0,0.0,0.0,
1314,Marcus Benard,26,CLE,LB,4,0,0.0,0.0,0.0,0.0,0,0,0,0,0,0,0.5,3,2,1,0.0,1.0,0.0,
1315,Kevin Bentley,32,2TM,LB,4,0,0.0,0.0,0.0,0.0,0,0,0,0,0,0,0.0,3,1,2,0.0,0.0,0.0,
1315,Kevin Bentley,32,JAX,LB,1,0,,,,,0,0,0,0,0,0,,1,1,0,0.0,0.0,,
1315,Kevin Bentley,32,IND,LB,3,0,0.0,0.0,0.0,0.0,0,0,0,0,0,0,0.0,2,0,2,0.0,0.0,0.0,
1316,Ahmad Black,22,TAM,DB,4,0,0.0,0.0,0.0,0.0,0,0,0,1,0,0,0.0,5,3,2,0.0,0.0,0.0,
1317,David Buehler,24,DAL,K,4,0,0.0,0.0,0.0,0.0,0,0,0,0,0,0,0.0,2,1,1,0.0,0.0,0.0,
1318,Justin Cole,24,STL,LB,4,0,0.0,0.0,0.0,0.0,0,0,0,0,0,0,0.0,2,2,0,0.0,0.0,0.0,
1319,Erik Coleman,29,DET,DB,4,0,0.0,0.0,0.0,0.0,0,0,0,0,0,0,0.0,2,2,0,0.0,0.0,0.0,
1320,Da'Mon Cromartie-Smith,24,PIT,DB,4,0,0.0,0.0,0.0,0.0,0,0,0,0,0,0,0.0,3,3,0,0.0,0.0,0.0,
1321,Bruce Davis,26,OAK,LB,4,0,,,,,0,0,0,0,0,0,,2,1,1,0.0,0.0,,
1322,Antonio Dixon,26,PHI,DT,4,0,0.0,0.0,0.0,0.0,0,0,0,0,0,0,0.0,4,3,1,0.0,0.0,0.0,
1323,Devin Holland,23,TAM,DB,4,0,0.0,0.0,0.0,0.0,0,0,0,0,0,0,0.0,2,2,0,0.0,0.0,0.0,
1324,Corvey Irvin,26,JAX,DT,4,0,0.0,0.0,0.0,0.0,0,0,0,0,0,0,0.0,1,1,0,0.0,0.0,0.0,
1325,George Johnson,24,TAM,DE,4,0,0.0,0.0,0.0,0.0,0,0,0,0,0,0,0.0,2,1,1,0.0,0.0,0.0,
1326,Brandon King,24,IND,DB,4,0,0.0,0.0,0.0,0.0,0,0,0,0,0,0,0.0,2,1,1,0.0,0.0,0.0,
1327,Pep Levingston,24,SEA,DE,4,0,0.0,0.0,0.0,0.0,0,0,0,0,0,0,0.0,1,1,0,0.0,0.0,0.0,
1328,Scott Lutrus,23,IND,LB,4,0,0.0,0.0,0.0,0.0,0,0,0,0,0,0,0.0,7,3,4,0.0,0.0,0.0,
1329,John McCargo,28,TAM,DT,4,0,0.0,0.0,0.0,0.0,0,0,0,0,0,0,0.0,5,3,2,0.0,0.0,0.0,
1330,Kyle McCarthy,25,DEN,DB,4,0,0.0,0.0,0.0,0.0,0,0,0,0,0,0,0.0,3,3,0,0.0,0.0,0.0,
1331,Zach Miller,27,JAX,TE,4,0,0.0,0.0,0.0,0.0,0,0,0,0,0,0,0.0,1,1,0,0.0,0.0,0.0,
1332,Kyle Moore,25,BUF,DE,4,0,0.0,0.0,0.0,0.0,0,0,0,0,0,0,0.0,4,3,1,0.0,0.0,0.0,
1333,Tom Nelson,25,PHI,DB,4,0,0.0,0.0,0.0,0.0,0,0,0,0,0,0,0.0,2,2,0,0.0,0.0,0.0,
1334,Jason Phillips,25,CAR,LB,4,0,0.0,0.0,0.0,0.0,0,0,0,0,0,0,0.0,4,3,1,0.0,0.0,0.0,
1335,Jason Shirley,26,CAR,DT,4,0,0.0,0.0,0.0,0.0,0,1,0,0,0,0,2.5,4,2,2,1.0,2.0,0.0,
1336,Ricardo Silva,23,DET,DB,4,0,0.0,0.0,0.0,0.0,0,0,0,0,0,0,0.0,3,2,1,0.0,0.0,0.0,
1337,Will Tukuafu,27,SFO,DE,4,0,0.0,0.0,0.0,0.0,0,0,0,1,12,0,0.0,2,2,0,0.0,0.0,0.0,
1338,Anthony Walters,23,CHI,DB,4,0,0.0,0.0,0.0,0.0,0,0,0,0,0,0,0.0,1,1,0,0.0,0.0,0.0,
1339,Brian Williams,32,NYG,DB,4,0,0.0,0.0,0.0,0.0,0,0,0,0,0,0,0.0,1,1,0,0.0,0.0,0.0,
1340,Kenny Britt,23,TEN,WR,3,3,0.0,0.0,0.0,0.0,0,0,1,0,0,0,0.0,0,0,0,0.0,0.0,0.0,
1341,Kellen Clemens,28,STL,QB,3,3,0.0,0.0,0.0,0.0,0,0,2,1,0,0,0.0,0,0,0,0.0,0.0,0.0,
1342,Kerry Collins,39,IND,QB,3,3,0.0,0.0,0.0,0.0,0,0,4,0,0,0,0.0,0,0,0,,,0.0,
1343,Cody Grimm,24,TAM,DB,3,3,0.0,0.0,0.0,0.0,1,0,0,0,0,0,0.0,11,10,1,0.0,0.0,0.0,
1344,Matt Shaughnessy,25,OAK,DE,3,3,0.0,0.0,0.0,0.0,0,0,0,0,0,0,1.0,7,6,1,3.0,2.0,0.0,
1345,Josh McCown,32,CHI,QB,3,2,0.0,0.0,0.0,0.0,0,0,2,2,0,0,0.0,0,0,0,,,0.0,
1346,Charlie Whitehurst,29,SEA,QB,3,2,0.0,0.0,0.0,0.0,0,0,2,1,0,0,0.0,0,0,0,,,0.0,
1347,Mario Addison,24,IND,DE,3,0,0.0,0.0,0.0,0.0,0,0,0,0,0,0,0.0,5,1,4,0.0,0.0,0.0,
1348,Everette Brown,24,SDG,DE,3,0,0.0,0.0,0.0,0.0,0,0,0,0,0,0,0.0,2,2,0,0.0,0.0,0.0,
1349,Prescott Burgess,27,BAL,LB,3,0,0.0,0.0,0.0,0.0,0,0,0,0,0,0,0.0,3,2,1,0.0,0.0,0.0,
1350,Zach Clayton,23,TEN,DT,3,0,0.0,0.0,0.0,0.0,0,0,0,0,0,0,0.0,3,2,1,0.0,0.0,0.0,
1351,Antonio Coleman,25,BUF,DE,3,0,0.0,0.0,0.0,0.0,0,0,0,0,0,0,0.0,4,2,2,0.0,0.0,0.0,
1352,Jeff Cumberland,24,NYJ,TE,3,0,0.0,0.0,0.0,0.0,0,0,0,0,0,0,0.0,1,1,0,0.0,0.0,0.0,
1353,Isaiah Ekejiuba,30,DET,LB,3,0,0.0,0.0,0.0,0.0,0,0,0,0,0,0,0.0,2,1,1,0.0,0.0,0.0,
1354,Brandon Graham,23,PHI,DE,3,0,0.0,0.0,0.0,0.0,0,0,0,0,0,0,0.0,4,4,0,1.0,0.0,0.0,
1355,Brandon Hogan,23,CAR,DB,3,0,0.0,0.0,0.0,0.0,0,0,0,0,0,0,0.0,3,2,1,0.0,0.0,0.0,
1356,Marquis Johnson,23,STL,FB,3,0,0.0,0.0,0.0,0.0,3,0,0,0,0,0,0.0,5,4,1,0.0,0.0,0.0,
1357,Mitch King,25,NOR,DT,3,0,0.0,0.0,0.0,0.0,0,0,0,0,0,0,0.0,3,1,2,1.0,0.0,0.0,
1358,Kevin Malast,25,TEN,LB,3,0,0.0,0.0,0.0,0.0,0,0,0,0,0,0,0.0,2,2,0,0.0,0.0,0.0,
1359,Carlton Powell,26,ATL,DT,3,0,0.0,0.0,0.0,0.0,0,0,0,0,0,0,0.0,1,0,1,0.0,0.0,0.0,
1360,Andrew Sendejo,24,MIN,DB,3,0,0.0,0.0,0.0,0.0,0,0,0,0,0,0,0.0,3,2,1,0.0,0.0,0.0,
1361,Armond Smith,25,CLE,RB,3,0,0.0,0.0,0.0,0.0,0,0,0,0,0,0,0.0,1,0,1,0.0,0.0,0.0,
1362,Chris Smith,24,STL,DB,3,0,0.0,0.0,0.0,0.0,0,0,0,0,0,0,0.0,3,3,0,0.0,0.0,0.0,
1363,Kiante Tripp,24,CLE,DT,3,0,0.0,0.0,0.0,0.0,0,0,0,0,0,0,0.0,1,0,1,0.0,0.0,0.0,
1364,Melvin Bullitt,27,IND,DB,2,2,1.0,15.0,0.0,15.0,1,0,0,0,0,0,0.0,11,6,5,0.0,0.0,0.0,
1365,Nick Collins,28,GNB,DB,2,2,0.0,0.0,0.0,0.0,1,1,0,0,0,0,0.0,12,9,3,0.0,0.0,0.0,
1366,Thomas Davis,28,CAR,LB,2,2,0.0,0.0,0.0,0.0,0,0,0,1,0,0,0.0,12,6,6,0.0,0.0,0.0,
1367,Ras-I Dowling,23,NWE,DB,2,2,0.0,0.0,0.0,0.0,0,0,0,0,0,0,0.0,3,2,1,0.0,0.0,0.0,
1368,Bob Sanders,30,SDG,DB,2,2,0.0,0.0,0.0,0.0,0,0,0,0,0,0,0.0,12,7,5,0.0,0.0,0.0,
1369,Kyle Boller,30,OAK,QB,2,1,0.0,0.0,0.0,0.0,0,0,3,2,-6,0,0.0,0,0,0,0.0,0.0,0.0,
1370,Jamaal Charles,25,KAN,RB,2,1,0.0,0.0,0.0,0.0,0,0,1,0,0,0,0.0,0,0,0,0.0,0.0,0.0,
1371,Jonathan Nelson,23,CAR,DB,2,1,1.0,20.0,0.0,20.0,1,0,0,0,0,0,0.0,9,6,3,0.0,0.0,0.0,
1372,Darvin Adams,21,CAR,WR,2,0,0.0,0.0,0.0,0.0,0,0,0,0,0,0,0.0,1,1,0,0.0,0.0,0.0,
1373,Kamar Aiken,22,BUF,WR,2,0,0.0,0.0,0.0,0.0,0,0,0,0,0,0,0.0,1,1,0,0.0,0.0,0.0,
1374,David Anderson,28,HOU,WR,2,0,0.0,0.0,0.0,0.0,0,0,0,0,0,0,0.0,1,1,0,0.0,0.0,0.0,
1375,Ryan Baker,27,MIA,DE,2,0,0.0,0.0,0.0,0.0,0,0,0,0,0,0,0.0,1,1,0,0.0,0.0,0.0,
1376,Richard Bartel,28,ARI,QB,2,0,0.0,0.0,0.0,0.0,0,0,0,0,0,0,0.0,1,0,1,,,0.0,
1377,Mason Brodine,23,OAK,DE,2,0,0.0,0.0,0.0,0.0,0,0,0,0,0,0,0.0,1,1,0,,,0.0,
1378,C.C. Brown,28,JAX,DB,2,0,0.0,0.0,0.0,0.0,0,0,0,0,0,0,0.0,3,2,1,0.0,0.0,0.0,
1379,Eldra Buckley,26,DET,RB,2,0,,,,,0,0,0,0,0,0,,1,1,0,0.0,0.0,,
1380,Keyunta Dawson,26,DET,DE,2,0,0.0,0.0,0.0,0.0,0,0,0,0,0,0,0.0,1,1,0,0.0,0.0,0.0,
1381,Domonique Foxworth,28,BAL,DB,2,0,0.0,0.0,0.0,0.0,0,0,0,0,0,0,0.0,2,1,1,0.0,0.0,0.0,
1382,Nick Hayden,25,CIN,DT,2,0,0.0,0.0,0.0,0.0,0,0,0,0,0,0,0.0,2,2,0,0.0,0.0,0.0,
1383,Jovan Haye,29,2TM,DT,2,0,0.0,0.0,0.0,0.0,0,0,0,0,0,0,0.0,4,2,2,0.0,0.0,0.0,
1383,Jovan Haye,29,DET,DT,1,0,0.0,0.0,0.0,0.0,0,0,0,0,0,0,0.0,2,0,2,0.0,0.0,0.0,
1383,Jovan Haye,29,TAM,DT,1,0,0.0,0.0,0.0,0.0,0,0,0,0,0,0,0.0,2,2,0,0.0,0.0,0.0,
1384,Davon House,22,GNB,DB,2,0,0.0,0.0,0.0,0.0,0,0,0,0,0,0,0.0,1,1,0,0.0,0.0,0.0,
1385,J.P. Losman,30,MIA,QB,2,0,0.0,0.0,0.0,0.0,0,0,1,1,0,0,0.0,0,0,0,0.0,0.0,0.0,
1386,Nedu Ndukwe,26,OAK,DB,2,0,1.0,0.0,0.0,0.0,1,0,0,0,0,0,0.0,2,2,0,0.0,0.0,0.0,
1387,Bilal Powell,23,NYJ,RB,2,0,0.0,0.0,0.0,0.0,0,0,1,0,0,0,0.0,0,0,0,,,0.0,
1388,Myron Pryor,25,NWE,DT,2,0,0.0,0.0,0.0,0.0,0,0,0,0,0,0,0.5,2,1,1,0.0,4.0,0.0,
1389,Jordan Shipley,26,CIN,WR,2,0,0.0,0.0,0.0,0.0,0,0,1,0,0,0,0.0,0,0,0,,,0.0,
1390,Mana Silva,23,DAL,DB,2,0,0.0,0.0,0.0,0.0,0,0,0,0,0,0,0.0,3,3,0,0.0,0.0,0.0,
1391,Chauncey Washington,26,DAL,RB,2,0,0.0,0.0,0.0,0.0,0,0,0,0,0,0,0.0,1,1,0,0.0,0.0,0.0,
1392,Al Woods,24,SEA,DT,2,0,0.0,0.0,0.0,0.0,0,0,0,0,0,0,0.0,2,1,1,0.0,0.0,0.0,
1393,Danny Amendola,26,STL,WR,1,1,0.0,0.0,0.0,0.0,0,0,1,1,0,0,0.0,0,0,0,0.0,0.0,0.0,
1394,Ron Bartell,29,STL,DB,1,1,0.0,0.0,0.0,0.0,0,0,0,0,0,0,0.0,1,1,0,0.0,0.0,0.0,
1395,Jon Beason,26,CAR,LB,1,1,0.0,0.0,0.0,0.0,0,0,0,0,0,0,0.0,4,4,0,1.0,0.0,0.0,
1396,Gary Brackett,31,IND,LB,1,1,1.0,27.0,0.0,27.0,1,0,0,0,0,0,0.0,6,5,1,0.0,0.0,0.0,
1397,Luis Castillo,28,SDG,DE,1,1,0.0,0.0,0.0,0.0,0,0,0,0,0,0,0.0,1,1,0,0.0,0.0,0.0,
1398,Mike Wright,29,NWE,DT,1,1,0.0,0.0,0.0,0.0,0,0,0,0,0,0,0.5,1,0,1,0.0,1.0,0.0,
1399,Adrian Awasom,28,MIN,DE,1,0,,,,,0,0,0,0,0,0,,3,1,2,0.0,0.0,,
1400,Landon Cohen,25,NWE,DT,1,0,0.0,0.0,0.0,0.0,0,0,0,0,0,0,0.0,1,1,0,0.0,0.0,0.0,
1401,Jake Delhomme,36,HOU,QB,1,0,0.0,0.0,0.0,0.0,0,0,1,0,0,0,0.0,0,0,0,,,0.0,
1402,Marshay Green,25,ARI,DB,1,0,0.0,0.0,0.0,0.0,0,0,0,0,0,0,0.0,1,1,0,0.0,0.0,0.0,
1403,Jameson Konz,25,SEA,RB,1,0,0.0,0.0,0.0,0.0,0,0,0,0,0,0,0.0,1,1,0,0.0,0.0,0.0,
1404,Robert Malone,23,DET,P,1,0,0.0,0.0,0.0,0.0,0,0,0,0,0,0,0.0,1,1,0,0.0,0.0,0.0,
1405,Darcel McBath,26,JAX,DB,1,0,0.0,0.0,0.0,0.0,0,0,0,0,0,0,0.0,2,1,1,0.0,0.0,0.0,
1406,Rico Murray,24,CIN,DB,1,0,0.0,0.0,0.0,0.0,0,0,0,0,0,0,0.0,1,1,0,0.0,0.0,0.0,
1407,Lousaka Polite,30,NWE,RB,1,0,0.0,0.0,0.0,0.0,0,0,0,0,0,0,0.0,1,0,1,0.0,0.0,0.0,
1408,DeMario Pressley,26,CAR,DT,1,0,0.0,0.0,0.0,0.0,1,0,0,0,0,0,0.0,5,3,2,0.0,0.0,0.0,
1409,Daniel Te'o-Nesheim,25,TAM,DE,1,0,0.0,0.0,0.0,0.0,0,0,0,0,0,0,0.0,1,1,0,0.0,1.0,0.0,
