Unnamed: 0_level_0,Unnamed: 1_level_0,Unnamed: 2_level_0,Unnamed: 3_level_0,Unnamed: 4_level_0,Unnamed: 5_level_0,Unnamed: 6_level_0,Def Interceptions,Def Interceptions,Def Interceptions,Def Interceptions,Def Interceptions,Fumbles,Fumbles,Fumbles,Fumbles,Fumbles,Unnamed: 17_level_0,Tackles,Tackles,Tackles,Tackles,Tackles,Unnamed: 23_level_0,Unnamed: 24_level_0
Rk,Player,Age,Team,Pos,G,GS,Int,Yds,IntTD,Lng,PD,FF,Fmb,FR,Yds,FRTD,Sk,Comb,Solo,Ast,TFL,QBHits,Sfty,Awards
1,Anthony Adams,30,CHI,RDT,16,16,0,0,0,0,1,2,0,0,0,0,2.0,37,33,4,9.0,5.0,0,
2,Flozell Adams,35,PIT,RT,16,16,0,0,0,0,0,0,0,1,0,0,0.0,0,0,0,0.0,0.0,0,
3,Jared Allen,28,MIN,RDE,16,16,2,40,1,36,6,1,0,1,0,0,11.0,60,45,15,14.0,25.0,0,
4,Tyson Alualu,23,JAX,LDT,16,16,0,0,0,0,1,0,0,0,0,0,3.5,38,29,9,7.0,9.0,0,
5,Miles Austin,26,DAL,WR,16,16,0,0,0,0,0,0,1,1,0,0,0.0,0,0,0,0.0,0.0,0,PB
6,Remi Ayodele,27,NOR,LDT,16,16,0,0,0,0,1,1,0,0,0,0,1.0,37,21,16,3.0,2.0,0,
7,David Baas,29,SFO,C,16,16,0,0,0,0,0,0,2,0,-24,0,0.0,0,0,0,0.0,0.0,0,
8,Jason Babin,30,TEN,LDE,16,16,0,0,0,0,0,2,0,0,0,0,12.5,58,44,14,16.0,27.0,0,PB
9,Jeff Backus,33,DET,LT,16,16,0,0,0,0,0,0,0,1,0,0,0.0,0,0,0,0.0,0.0,0,
10,Alan Ball,25,DAL,FS,16,16,2,27,0,27,4,1,0,0,0,0,0.5,46,41,5,0.0,1.0,0,
11,Justin Bannan,31,DEN,RDE,16,16,0,0,0,0,4,1,0,0,0,0,1.0,35,25,10,3.0,9.0,0,
12,Ronde Barber,35,TAM,RCB,16,16,3,98,0,64,13,0,0,0,0,0,1.0,82,66,16,10.0,5.0,0,
13,Jon Beason,25,CAR,RLB/MLB,16,16,1,7,0,7,8,2,0,0,0,0,1.0,121,90,31,10.0,2.0,0,PB
14,Jacob Bell,29,STL,LG,16,16,0,0,0,0,0,0,0,1,0,0,0.0,0,0,0,0.0,0.0,0,
15,Yeremiah Bell,32,MIA,SS,16,16,1,21,0,21,5,2,0,1,4,0,1.5,101,83,18,4.0,3.0,0,
16,Cedric Benson,28,CIN,RB,16,16,0,0,0,0,0,0,7,1,0,0,0.0,0,0,0,0.0,0.0,0,
17,Eric Berry,22,KAN,SS,16,16,4,102,1,54,9,1,0,0,0,0,2.0,92,77,15,5.0,6.0,0,PB
18,Antoine Bethea,26,IND,FS,16,16,1,31,0,31,5,1,0,0,0,0,0.5,106,77,29,1.0,5.0,0,
19,Matt Birk,34,BAL,C,16,16,0,0,0,0,0,0,0,1,0,0,0.0,0,0,0,0.0,0.0,0,
20,Anquan Boldin,30,BAL,WR,16,16,0,0,0,0,0,0,1,0,0,0,0.0,0,0,0,0.0,0.0,0,
21,Dwayne Bowe,26,KAN,WR,16,16,0,0,0,0,0,0,1,1,0,0,0.0,0,0,0,0.0,0.0,0,"PB,AP-2"
22,Sam Bradford,23,STL,QB,16,16,0,0,0,0,0,0,7,3,-2,0,0.0,0,0,0,0.0,0.0,0,AP ORoY-1
23,Tom Brady,33,NWE,QB,16,16,0,0,0,0,0,0,3,1,-5,0,0.0,0,0,0,,,0,"PB,AP-1,AP MVP-1,AP OPoY-1"
24,Tyvon Branch,24,OAK,SS,16,16,1,15,0,15,2,1,0,2,76,1,4.0,103,80,23,11.0,6.0,0,
25,Drew Brees,31,NOR,QB,16,16,0,0,0,0,0,0,9,5,0,0,0.0,0,0,0,0.0,0.0,0,PB
26,Keith Brooking,35,DAL,RILB,16,16,1,41,0,41,7,0,0,0,0,0,1.0,97,73,24,4.0,4.0,0,
27,Alex Brown,31,NOR,LDE,16,16,0,0,0,0,3,1,0,1,0,0,2.0,39,32,7,6.0,7.0,0,
28,Levi Brown,26,ARI,LT,16,16,0,0,0,0,0,0,0,3,-1,1,0.0,0,0,0,0.0,0.0,0,
29,Ronnie Brown,29,MIA,RB,16,16,0,0,0,0,0,0,3,0,0,0,0.0,1,0,1,0.0,0.0,0,
30,Sheldon Brown,31,CLE,RCB,16,16,2,0,0,0,10,0,0,0,0,0,0.0,63,51,12,1.0,1.0,0,
31,Kevin Burnett,28,SDG,RILB,16,16,2,31,1,29,5,1,0,1,0,0,6.0,96,81,15,12.0,7.0,0,
32,Chris Canty,28,NYG,RDT,16,16,0,0,0,0,3,1,0,0,0,0,1.5,39,28,11,4.0,4.0,0,
33,Cooper Carlisle,33,OAK,RG,16,16,0,0,0,0,0,0,0,1,0,0,0.0,0,0,0,0.0,0.0,0,
34,Brandon Carr,24,KAN,RCB,16,16,1,0,0,0,25,0,0,2,23,0,0.0,57,46,11,0.0,0.0,0,
35,Chris Carr,27,BAL,LCB,16,16,2,13,0,12,8,3,0,0,0,0,0.0,61,54,7,2.0,0.0,0,
36,Adam Carriker,26,WAS,LDE,16,16,0,0,0,0,1,0,0,1,0,0,1.5,37,22,15,5.0,2.0,0,
37,Luis Castillo,27,SDG,RDE,16,16,0,0,0,0,0,0,0,1,10,0,2.5,26,19,7,4.0,3.0,0,
38,Jacques Cesaire,30,SDG,LDE,16,16,0,0,0,0,0,0,0,0,0,0,1.5,31,23,8,3.0,4.0,0,
39,Tyson Clabo,29,ATL,RT,16,16,0,0,0,0,0,0,0,1,0,0,0.0,0,0,0,0.0,0.0,0,PB
40,Nate Clements,31,SFO,RCB,16,16,3,46,0,39,10,3,1,0,0,0,1.0,82,72,10,8.0,1.0,0,
41,Chris Clemons,29,SEA,LDE,16,16,0,0,0,0,4,1,0,1,0,0,11.0,49,33,16,9.0,21.0,0,
42,Shaun Cody,27,HOU,LDT,16,16,0,0,0,0,0,0,0,0,0,0,0.0,38,21,17,3.0,2.0,0,
43,Barry Cofield,26,NYG,LDT,16,16,0,0,0,0,4,2,0,1,0,0,4.0,54,40,14,8.0,9.0,0,
44,Nick Collins,27,GNB,FS,16,16,4,34,0,24,12,0,0,2,26,1,0.0,70,59,11,1.0,2.0,0,"PB,AP-2"
45,Chris Cooley,28,WAS,TE,16,16,0,0,0,0,0,0,3,0,0,0,0.0,0,0,0,0.0,0.0,0,
46,Aaron Curry,24,SEA,RLB,16,16,0,0,0,0,1,2,0,0,0,0,3.5,73,60,13,6.0,8.0,0,
47,Harvey Dahl,29,ATL,RG,16,16,0,0,0,0,0,0,0,1,0,0,0.0,0,0,0,0.0,0.0,0,
48,Anthony Davis,21,SFO,RT,16,16,0,0,0,0,0,0,0,3,0,0,0.0,0,0,0,0.0,0.0,0,
49,Thomas DeCoud,25,ATL,FS,16,16,1,0,0,0,4,2,1,0,0,0,0.0,75,57,18,0.0,0.0,0,
50,Glenn Dorsey,25,KAN,RDE,16,16,0,0,0,0,0,0,0,1,0,0,2.0,69,51,18,6.0,8.0,0,
51,Sedrick Ellis,25,NOR,RDT,16,16,0,0,0,0,2,2,0,0,0,0,6.0,44,30,14,8.0,10.0,0,
52,Alan Faneca,34,ARI,LG,16,16,0,0,0,0,0,0,0,1,0,0,0.0,0,0,0,0.0,0.0,0,
53,James Farrior,35,PIT,LILB,16,16,0,0,0,0,5,1,0,1,8,0,6.0,109,80,29,11.0,8.0,0,
54,D'Brickashaw Ferguson,27,NYJ,LT,16,16,0,0,0,0,0,0,0,1,0,0,0.0,0,0,0,0.0,0.0,0,PB
55,Cortland Finnegan,26,TEN,RCB,16,16,2,41,1,41,9,1,0,0,0,0,1.0,100,82,18,4.0,1.0,0,
56,Joe Flacco,25,BAL,QB,16,16,0,0,0,0,0,0,9,1,-8,0,0.0,0,0,0,0.0,0.0,0,
57,London Fletcher,35,WAS,LILB,16,16,1,0,0,0,11,3,0,3,-3,0,2.5,136,87,49,4.0,4.0,0,PB
58,Drayton Florence,30,BUF,RCB,16,16,3,42,1,40,15,0,0,2,27,1,0.0,58,49,9,2.0,0.0,0,
59,Matt Forte,25,CHI,RB,16,16,0,0,0,0,0,0,3,1,0,0,0.0,0,0,0,0.0,0.0,0,
60,Aubrayo Franklin,30,SFO,NT,16,16,0,0,0,0,1,0,0,1,0,0,0.0,39,38,1,2.0,0.0,0,
61,Josh Freeman,22,TAM,QB,16,16,0,0,0,0,0,0,8,5,0,0,0.0,0,0,0,0.0,0.0,0,
62,Dwight Freeney,30,IND,RDE,16,16,0,0,0,0,2,5,0,0,0,0,10.0,25,21,4,8.0,19.0,0,PB
63,Robert Geathers,27,CIN,LDE,16,16,0,0,0,0,2,1,0,1,5,0,1.0,33,22,11,1.0,6.0,0,
64,Gary Gibson,28,STL,RDT,16,16,0,0,0,0,2,0,0,0,0,0,0.0,18,14,4,4.0,3.0,0,
65,Chris Gocong,27,CLE,RILB,16,16,0,0,0,0,3,1,0,2,0,0,2.0,75,50,25,4.0,4.0,0,
66,Charles Godfrey,25,CAR,SS,16,16,5,112,0,38,8,1,0,0,0,0,0.0,85,71,14,3.0,4.0,0,
67,Jonathan Goff,25,NYG,MLB,16,16,0,0,0,0,2,1,0,1,22,0,1.0,80,55,25,9.0,2.0,0,
68,Adam Goldberg,30,STL,RG,16,16,0,0,0,0,0,0,0,1,0,0,0.0,0,0,0,0.0,0.0,0,
69,Dashon Goldson,26,SFO,FS,16,16,1,39,1,39,6,0,0,0,0,0,1.0,80,62,18,2.0,1.0,0,
70,Jonathan Goodwin,32,NOR,C,16,16,0,0,0,0,0,0,0,1,0,0,0.0,0,0,0,0.0,0.0,0,
71,Daniel Graham,32,DEN,TE,16,16,0,0,0,0,0,0,1,1,0,0,0.0,0,0,0,0.0,0.0,0,
72,Chad Greenway,27,MIN,LLB,16,16,0,0,0,0,3,1,0,1,0,0,1.0,144,109,35,14.0,5.0,0,
73,Kelly Gregg,34,BAL,NT,16,16,0,0,0,0,0,0,0,0,0,0,0.0,38,21,17,1.0,1.0,0,
74,Michael Griffin,25,TEN,FS,16,16,4,50,0,28,12,2,0,2,20,0,0.0,108,86,22,2.0,4.0,0,"PB,AP-2"
75,Brent Grimes,27,ATL,LCB,16,16,5,84,0,36,23,0,0,0,0,0,0.0,87,76,11,2.0,0.0,0,PB
76,Jordan Gross,30,CAR,LT,16,16,0,0,0,0,0,0,0,1,0,0,0.0,0,0,0,0.0,0.0,0,PB
77,Andre Gurode,32,DAL,C,16,16,0,0,0,0,0,0,3,0,-20,0,0.0,0,0,0,0.0,0.0,0,PB
78,Mario Haggan,30,DEN,RILB,16,16,0,0,0,0,1,2,0,1,0,0,5.0,87,75,12,10.0,12.0,0,
79,Tamba Hali,27,KAN,ROLB,16,16,0,0,0,0,3,4,0,2,2,0,14.5,52,37,15,12.0,27.0,0,
80,DeAngelo Hall,27,WAS,LCB,16,16,6,92,1,92,16,2,0,2,32,1,0.0,95,65,30,4.0,0.0,0,PB
81,James Hall,33,STL,RDE,16,16,0,0,0,0,2,5,0,0,0,0,10.5,55,49,6,8.0,12.0,0,
82,Leon Hall,26,CIN,RCB,16,16,4,19,0,22,11,2,0,0,0,0,0.0,44,33,11,3.0,1.0,0,
83,Nick Hardwick,29,SDG,C,16,16,0,0,0,0,0,0,0,1,0,0,0.0,0,0,0,0.0,0.0,0,
84,Chris Harris,28,CHI,FS,16,16,5,69,0,39,7,0,0,2,0,0,0.0,70,50,20,1.0,2.0,0,AP-2
85,David Harris,26,NYJ,RILB,16,16,0,0,0,0,3,0,0,1,0,0,3.0,100,70,30,6.0,7.0,0,
86,James Harrison,32,PIT,ROLB,16,16,2,2,0,2,5,6,0,1,0,0,10.5,100,70,30,13.0,21.0,0,"PB,AP-1,AP DPoY-3"
87,David Hawthorne,25,SEA,LLB,16,16,1,5,0,5,4,2,0,1,0,0,0.0,106,75,31,3.0,1.0,0,
88,Geno Hayes,23,TAM,RLB,16,16,1,41,1,41,6,1,0,0,0,0,4.0,82,72,10,16.0,6.0,0,
89,E.J. Henderson,30,MIN,MLB,16,16,3,10,0,10,4,1,0,1,0,0,1.0,105,71,34,7.0,3.0,0,"PB,AP CPoY-3"
90,Renaldo Hill,32,DEN,FS,16,16,2,67,0,36,4,1,0,1,0,0,0.0,63,54,9,0.0,0.0,0,
91,Chris Hope,30,TEN,SS,16,16,1,32,0,32,5,1,0,1,0,0,1.0,101,87,14,6.0,1.0,0,
92,Richie Incognito,27,MIA,LG,16,16,0,0,0,0,0,0,2,0,-15,0,0.0,0,0,0,0.0,0.0,0,
93,Kareem Jackson,22,HOU,RCB,16,16,2,23,0,23,10,1,0,0,0,0,0.0,71,58,13,1.0,0.0,0,
94,Steven Jackson,27,STL,RB,16,16,0,0,0,0,0,0,1,1,0,0,0.0,0,0,0,0.0,0.0,0,PB
95,Bradie James,29,DAL,LILB,16,16,1,11,0,11,3,2,0,2,0,0,0.0,118,81,37,4.0,2.0,0,
96,Quentin Jammer,31,SDG,LCB,16,16,2,5,0,5,11,1,0,0,0,0,0.0,45,42,3,0.0,0.0,0,
97,Mike Jenkins,25,DAL,RCB,16,16,1,-4,0,-4,9,1,0,0,0,0,0.0,55,51,4,0.0,0.0,0,
98,Greg Jennings,27,GNB,WR,16,16,0,0,0,0,0,0,2,0,0,0,0.0,0,0,0,0.0,0.0,0,PB
99,Charles Johnson,24,CAR,LDE,16,16,0,0,0,0,1,0,0,0,0,0,11.5,62,51,11,14.0,22.0,0,
100,Chris Johnson,25,TEN,RB,16,16,0,0,0,0,0,0,3,1,0,0,0.0,0,0,0,0.0,0.0,0,PB
101,Derrick Johnson,28,KAN,RILB,16,16,1,15,1,15,16,3,0,1,0,0,1.0,122,96,26,8.0,1.0,0,
102,Jarret Johnson,29,BAL,ROLB,16,16,0,0,0,0,2,2,0,0,0,0,1.5,73,43,30,5.0,5.0,0,
103,Dhani Jones,32,CIN,MLB,16,16,0,0,0,0,2,1,0,0,0,0,1.0,125,86,39,3.0,1.0,0,
104,Sean Jones,28,TAM,SS,16,16,1,45,0,31,2,0,0,1,0,0,1.0,74,55,19,3.0,2.0,0,
105,Tommy Kelly,30,OAK,RDT,16,16,0,0,0,0,1,1,0,0,0,0,7.0,58,38,20,8.0,16.0,0,
106,Chris Kelsay,31,BUF,LOLB,16,16,0,0,0,0,3,1,0,0,0,0,3.5,72,46,26,5.0,9.0,0,
107,Jeff King,27,CAR,TE,16,16,0,0,0,0,0,0,0,2,0,0,0.0,2,2,0,0.0,0.0,0,
108,Terrance Knighton,24,JAX,RDT,16,16,1,-3,0,-3,4,0,0,0,0,0,4.0,34,24,10,5.0,10.0,0,
109,Johnny Knox,24,CHI,WR,16,16,0,0,0,0,0,0,1,0,0,0,0.0,0,0,0,0.0,0.0,0,
110,Olin Kreutz,33,CHI,C,16,16,0,0,0,0,0,0,0,1,0,0,0.0,0,0,0,0.0,0.0,0,
111,Derek Landri,27,CAR,RDT,16,16,0,0,0,0,1,0,0,1,0,0,3.0,43,30,13,10.0,4.0,0,
112,Dawan Landry,28,BAL,SS,16,16,0,23,1,23,4,1,0,1,0,0,1.0,111,86,25,2.0,4.0,0,
113,Kendall Langford,24,MIA,LDE,16,16,0,0,0,0,4,2,0,0,0,0,3.0,47,33,14,6.0,7.0,0,
114,James Laurinaitis,24,STL,MLB,16,16,1,4,0,4,5,0,0,1,0,0,3.0,114,98,16,13.0,7.0,0,
115,Manny Lawson,26,SFO,LOLB,16,16,1,0,0,0,6,2,0,1,5,0,2.5,59,48,11,4.0,10.0,0,
116,Paris Lenon,33,ARI,LILB,16,16,2,12,0,10,6,1,0,0,0,0,2.0,125,94,31,12.0,3.0,0,
117,Marcedes Lewis,26,JAX,TE,16,16,0,0,0,0,0,0,2,0,0,0,0.0,0,0,0,0.0,0.0,0,PB
118,Ray Lewis,35,BAL,RILB,16,16,2,26,1,24,4,2,0,3,1,0,2.0,139,102,37,4.0,4.0,0,"PB,AP-2"
119,Curtis Lofton,24,ATL,MLB,16,16,1,2,0,2,3,3,0,0,0,0,2.0,118,93,25,4.0,3.0,0,
120,Chris Long,25,STL,LDE,16,16,0,0,0,0,2,3,0,1,0,0,8.5,29,27,2,8.0,20.0,0,
121,Jake Long,25,MIA,LT,16,16,0,0,0,0,0,0,0,1,0,0,0.0,0,0,0,0.0,0.0,0,"PB,AP-1"
122,Jeremy Maclin,22,PHI,WR,16,16,0,0,0,0,0,0,1,0,0,0,0.0,0,0,0,0.0,0.0,0,
123,Danieal Manning,28,CHI,SS,16,16,1,0,0,0,7,0,0,0,0,0,0.0,72,59,13,0.0,0.0,0,
124,Eli Manning,29,NYG,QB,16,16,0,0,0,0,0,0,7,2,-4,0,0.0,0,0,0,0.0,0.0,0,
125,Peyton Manning,34,IND,QB,16,16,0,0,0,0,0,0,3,1,-2,0,0.0,0,0,0,,,0,PB
126,Richard Marshall,26,CAR,RCB,16,16,3,91,0,66,7,1,0,1,0,0,1.0,88,74,14,3.0,3.0,0,
127,Rashean Mathis,30,JAX,RCB,16,16,1,24,0,24,6,1,0,0,0,0,0.0,57,46,11,1.0,0.0,0,
128,Robert Mathis,29,IND,LDE,16,16,0,0,0,0,1,1,0,1,1,0,11.0,60,44,16,10.0,19.0,0,PB
129,Jerod Mayo,24,NWE,LILB,16,16,0,0,0,0,5,1,0,3,-2,0,2.0,174,113,61,5.0,5.0,0,"PB,AP-1"
130,Todd McClure,33,ATL,C,16,16,0,0,0,0,0,0,1,0,-4,0,0.0,0,0,0,0.0,0.0,0,
131,Devin McCourty,23,NWE,LCB,16,16,7,110,0,50,17,2,0,0,0,0,1.0,82,69,13,3.0,1.0,0,"PB,AP-2,AP DRoY-2"
132,Bryant McFadden,29,PIT,LCB,16,16,2,-3,0,0,10,2,0,0,0,0,2.0,81,74,7,1.0,2.0,0,
133,Rashard Mendenhall,23,PIT,RB,16,16,0,0,0,0,0,0,2,0,0,0,0.0,0,0,0,0.0,0.0,0,
134,Roy Miller,23,TAM,RDT,16,16,0,0,0,0,0,0,0,0,0,0,1.0,47,32,15,1.0,1.0,0,
135,Lawyer Milloy,37,SEA,SS,16,16,0,0,0,0,3,2,0,0,0,0,4.0,87,60,27,6.0,5.0,0,
136,Fili Moala,25,IND,LDT,16,16,0,0,0,0,1,0,0,1,1,1,0.0,26,20,6,4.0,3.0,0,
137,Brandon Moore,30,NYJ,RG,16,16,0,0,0,0,0,0,0,2,0,0,0.0,0,0,0,0.0,0.0,0,
138,Kirk Morrison,28,JAX,MLB,16,16,0,0,0,0,1,0,0,0,0,0,0.0,89,64,25,4.0,2.0,0,
139,Santana Moss,31,WAS,WR,16,16,0,0,0,0,0,0,3,0,0,0,0.0,0,0,0,0.0,0.0,0,
140,Terence Newman,32,DAL,LCB,16,16,5,16,0,30,9,0,0,1,1,0,0.0,79,77,2,2.0,0.0,0,
141,Michael Oher,24,BAL,LT,16,16,0,0,0,0,0,0,0,1,0,0,0.0,0,0,0,,,0,
142,Amobi Okoye,23,HOU,RDT,16,16,0,0,0,0,0,0,0,1,0,0,3.0,44,27,17,7.0,12.0,0,
143,Carson Palmer,31,CIN,QB,16,16,0,0,0,0,0,0,7,3,-5,0,0.0,0,0,0,0.0,0.0,0,
144,Domata Peko,26,CIN,LDT,16,16,0,0,0,0,1,0,0,0,0,0,0.5,42,24,18,4.0,4.0,0,
145,Donald Penn,27,TAM,LT,16,16,0,0,0,0,0,0,0,1,0,0,0.0,0,0,0,0.0,0.0,0,PB
146,Julius Peppers,30,CHI,RDE,16,16,2,1,0,1,9,3,0,0,0,0,8.0,54,43,11,11.0,18.0,0,"PB,AP-1,AP DPoY-4"
147,Shaun Phillips,29,SDG,LOLB,16,16,1,31,1,31,7,0,0,1,0,0,11.0,55,47,8,17.0,12.0,0,PB
148,Maurkice Pouncey,21,PIT,C,16,16,0,0,0,0,0,0,0,2,0,0,0.0,0,0,0,0.0,0.0,0,"PB,AP-2,AP ORoY-3"
149,Glover Quin,24,HOU,LCB,16,16,3,12,0,10,14,1,0,2,3,0,0.0,85,71,14,3.0,1.0,0,
150,Dominic Raiola,32,DET,C,16,16,0,0,0,0,0,0,1,1,0,0,0.0,0,0,0,0.0,0.0,0,
151,B.J. Raji,24,GNB,NT,16,16,0,0,0,0,3,0,0,0,0,0,6.5,39,29,10,10.0,9.0,0,
152,Jay Ratliff,29,DAL,NT,16,16,0,0,0,0,2,1,0,2,0,0,3.5,31,23,8,3.0,8.0,0,PB
153,Kerry Rhodes,28,ARI,FS,16,16,4,174,0,66,12,0,1,4,69,2,1.0,90,78,12,3.0,4.0,0,
154,Philip Rivers,29,SDG,QB,16,16,0,0,0,0,0,0,7,2,-18,0,0.0,0,0,0,0.0,0.0,0,"PB,AP OPoY-4"
155,Fred Robbins,33,STL,LDT,16,16,0,0,0,0,6,1,0,2,1,0,6.0,28,26,2,10.0,11.0,0,
156,Bryan Robinson,36,ARI,NT,16,16,0,0,0,0,1,0,0,0,0,0,0.0,19,13,6,2.0,0.0,0,
157,Dominique Rodgers-Cromartie,24,ARI,LCB,16,16,3,86,2,32,17,0,1,0,0,0,0.0,44,42,2,0.0,0.0,0,
158,Antrel Rolle,28,NYG,FS,16,16,1,36,0,36,4,1,0,2,4,0,0.5,87,76,11,7.0,8.0,0,"PB,AP-2"
159,Matt Roth,28,CLE,LOLB,16,16,0,0,0,0,2,0,0,0,0,0,3.5,86,59,27,7.0,11.0,0,
160,Ahtyba Rubin,24,CLE,NT,16,16,1,1,0,1,2,0,0,0,0,0,2.0,82,57,25,2.0,4.0,0,
161,Barrett Ruud,27,TAM,MLB,16,16,1,1,0,1,4,2,0,0,0,0,2.0,118,85,33,4.0,3.0,0,
162,Matt Ryan,25,ATL,QB,16,16,0,0,0,0,0,0,4,0,0,0,0.0,0,0,0,,,0,PB
163,Mark Sanchez,24,NYJ,QB,16,16,0,0,0,0,0,0,9,3,-6,0,0.0,0,0,0,0.0,0.0,0,
164,Jeff Saturday,35,IND,C,16,16,0,0,0,0,0,0,0,1,0,0,0.0,0,0,0,0.0,0.0,0,PB
165,Matt Schaub,29,HOU,QB,16,16,0,0,0,0,0,0,9,1,-15,0,0.0,0,0,0,0.0,0.0,0,
166,Geoff Schwartz,24,CAR,RG/RT,16,16,0,0,0,0,0,0,0,1,0,0,0.0,0,0,0,0.0,0.0,0,
167,Bart Scott,30,NYJ,LILB,16,16,0,0,0,0,2,1,0,1,0,0,1.0,81,59,22,7.0,9.0,0,
168,Lyle Sendlein,26,ARI,C,16,16,0,0,0,0,0,0,2,2,-3,0,0.0,0,0,0,0.0,0.0,0,
169,Rich Seubert,31,NYG,C/LG,16,16,0,0,0,0,0,0,1,2,-13,0,0.0,0,0,0,0.0,0.0,0,
170,Josh Sitton,24,GNB,RG,16,16,0,0,0,0,0,0,0,0,0,0,0.0,1,1,0,0.0,0.0,0,
171,Antonio Smith,29,HOU,LDE,16,16,0,0,0,0,2,1,0,0,0,0,4.0,38,23,15,7.0,22.0,0,
172,Daryl Smith,28,JAX,LLB,16,16,1,8,0,8,5,1,0,0,0,0,3.5,97,75,22,9.0,9.0,0,
173,Justin Smith,31,SFO,RDE,16,16,0,0,0,0,1,1,0,0,0,0,8.5,70,57,13,12.0,17.0,0,PB
174,Wade Smith,29,HOU,LG,16,16,0,0,0,0,0,0,0,1,0,0,0.0,0,0,0,0.0,0.0,0,
175,Isaac Sopoaga,29,SFO,LDE,16,16,0,0,0,0,1,0,0,0,0,0,1.5,25,17,8,2.0,3.0,0,
176,Anthony Spencer,26,DAL,LOLB,16,16,0,0,0,0,2,2,0,1,0,0,5.0,63,52,11,5.0,7.0,0,
177,Shawntae Spencer,28,SFO,LCB,16,16,3,0,0,0,9,1,0,1,0,0,0.5,42,38,4,0.0,1.0,0,
178,Takeo Spikes,34,SFO,LILB,16,16,3,9,0,6,9,0,0,1,8,0,0.0,109,82,27,3.0,2.0,0,
179,Randy Starks,27,MIA,RDE,16,16,0,0,0,0,3,0,0,1,0,0,3.0,30,26,4,4.0,6.0,0,PB
180,Jon Stinchcomb,31,NOR,RT,16,16,0,0,0,0,0,0,0,1,0,0,0.0,0,0,0,0.0,0.0,0,
181,Terrell Suggs,28,BAL,LOLB,16,16,0,0,0,0,2,2,0,0,0,0,11.0,68,53,15,18.0,21.0,0,PB
182,Ndamukong Suh,23,DET,LDT,16,16,1,20,0,20,3,1,0,1,17,1,10.0,66,49,17,13.0,17.0,0,"PB,AP-1,AP DRoY-1"
183,Lofa Tatupu,28,SEA,MLB,16,16,1,26,1,26,8,1,0,0,0,0,1.0,89,59,30,4.0,2.0,0,
184,Earl Thomas,21,SEA,FS,16,16,5,68,0,34,7,1,0,0,0,0,0.0,76,64,12,1.0,2.0,0,
185,Terrell Thomas,25,NYG,RCB,16,16,5,56,0,28,21,4,0,2,0,0,1.0,101,81,20,3.0,2.0,0,
186,Charles Tillman,29,CHI,RCB,16,16,5,127,0,56,14,4,0,2,-8,0,0.0,82,71,11,1.0,1.0,0,
187,Marcus Trufant,30,SEA,LCB,16,16,1,32,1,32,8,1,0,2,0,0,0.0,80,65,15,1.0,0.0,0,
188,Justin Tuck,27,NYG,LDE,16,16,0,0,0,0,4,5,0,5,4,0,11.5,76,48,28,16.0,22.0,0,"PB,AP-2"
189,Stephen Tulloch,25,TEN,MLB,16,16,1,18,0,18,6,0,0,1,0,0,1.0,160,111,49,6.0,5.0,0,
190,Osi Umenyiora,29,NYG,RDE,16,16,0,0,0,0,2,10,0,1,0,0,11.5,48,33,15,4.0,20.0,0,AP-2
191,Brian Urlacher,32,CHI,MLB,16,16,1,0,0,0,10,1,0,3,0,0,4.0,126,97,29,13.0,5.0,0,"PB,AP-2,AP DPoY-5,AP CPoY-4"
192,Jonathan Vilma,28,NOR,MLB,16,16,1,5,0,5,3,3,0,1,0,0,4.0,105,70,35,6.0,9.0,0,PB
193,Mike Vrabel,35,KAN,LOLB,16,16,0,0,0,0,1,1,0,0,0,0,0.0,48,30,18,2.0,6.0,0,
194,Cameron Wake,28,MIA,ROLB,16,16,0,0,0,0,4,3,0,0,0,0,14.0,57,48,9,21.0,26.0,0,"PB,AP-2"
195,Mike Wallace,24,PIT,WR,16,16,0,0,0,0,0,0,1,1,0,0,0.0,1,1,0,0.0,0.0,0,
196,J.D. Walton,23,DEN,C,16,16,0,0,0,0,0,0,1,0,-13,0,0.0,1,0,1,0.0,0.0,0,
197,T.J. Ward,24,CLE,SS,16,16,2,39,0,23,10,1,0,0,0,0,0.0,123,95,28,4.0,0.0,0,
198,DeMarcus Ware,28,DAL,ROLB,16,16,0,0,0,0,1,2,0,2,22,1,15.5,66,56,10,21.0,23.0,0,"PB,AP-2"
199,Reggie Wayne,32,IND,WR,16,16,0,0,0,0,0,0,1,0,0,0,0.0,0,0,0,0.0,0.0,0,"PB,AP-1"
200,Eric Weddle,25,SDG,FS,16,16,2,64,1,41,10,0,0,0,0,0,0.5,96,80,16,4.0,1.0,0,AP-2
201,Roddy White,29,ATL,WR,16,16,0,0,0,0,0,1,1,1,0,0,0.0,0,0,0,0.0,0.0,0,"PB,AP-1,AP OPoY-5"
202,Donte Whitner,25,BUF,SS,16,16,1,37,0,37,7,1,0,1,0,0,0.5,140,96,44,1.0,1.0,0,
203,Andrew Whitworth,29,CIN,LT,16,16,0,0,0,0,0,0,0,1,0,0,0.0,0,0,0,0.0,0.0,0,
204,Casey Wiegmann,37,KAN,C,16,16,0,0,0,0,0,0,1,2,-6,0,0.0,0,0,0,0.0,0.0,0,
205,Vince Wilfork,29,NWE,LDE,16,16,0,0,0,0,2,0,0,1,0,0,2.0,57,46,11,8.0,4.0,0,"PB,AP-2"
206,Corey Williams,30,DET,RDT,16,16,1,27,0,27,4,1,0,0,0,0,2.0,37,32,5,8.0,7.0,0,
207,Jamal Williams,34,DEN,NT,16,16,0,0,0,0,1,0,0,0,0,0,0.0,47,31,16,1.0,0.0,0,
208,Kevin Williams,30,MIN,RDT,16,16,0,0,0,0,10,1,0,0,0,0,1.0,39,27,12,8.0,7.0,0,PB
209,Kyle Williams,27,BUF,NT,16,16,0,0,0,0,1,0,0,2,11,0,5.5,76,54,22,16.0,13.0,0,"PB,AP-2"
210,Mike Williams,23,TAM,WR,16,16,0,0,0,0,0,0,3,1,0,0,0.0,0,0,0,0.0,0.0,0,AP ORoY-2
211,Pat Williams,38,MIN,LDT,16,16,0,0,0,0,0,1,0,0,0,0,0.0,30,22,8,2.0,1.0,0,
212,Tramon Williams,27,GNB,RCB,16,16,6,87,0,64,20,1,2,3,5,0,1.0,57,50,7,2.0,1.0,0,PB
213,Adrian Wilson,31,ARI,SS,16,16,2,4,0,4,9,0,0,0,0,0,2.0,88,76,12,6.0,6.0,0,PB
214,Kamerion Wimbley,27,OAK,RLB,16,16,0,0,0,0,1,1,0,0,0,0,9.0,58,46,12,10.0,13.0,0,
215,Antoine Winfield,33,MIN,LCB,16,16,2,41,0,41,5,1,0,1,45,1,2.0,91,73,18,3.0,1.0,0,PB
216,Eric Winston,27,HOU,RT,16,16,0,0,0,0,0,0,0,2,0,0,0.0,0,0,0,0.0,1.0,0,
217,Will Witherspoon,30,TEN,RLB,16,16,2,11,0,9,8,1,0,0,0,0,3.0,92,63,29,6.0,7.0,0,
218,Jason Witten,28,DAL,TE,16,16,0,0,0,0,0,0,1,0,0,0,0.0,0,0,0,0.0,0.0,0,"PB,AP-1"
219,LaMarr Woodley,26,PIT,LOLB,16,16,2,22,1,14,5,3,0,2,19,0,10.0,50,35,15,9.0,16.0,0,
220,Charles Woodson,34,GNB,LCB,16,16,2,48,1,48,13,5,0,0,0,0,2.0,92,76,16,7.0,6.0,0,"PB,AP-2"
221,James Anderson,27,CAR,LLB,16,15,1,1,0,1,5,2,0,3,2,0,3.5,130,101,29,13.0,7.0,0,
222,O.J. Atogwe,29,STL,FS,16,15,3,53,0,34,9,2,0,0,0,0,2.0,73,64,9,5.0,6.0,0,
223,Jovan Belcher,23,KAN,LILB,16,15,0,0,0,0,1,1,0,0,0,0,1.0,84,53,31,4.0,2.0,0,
224,Michael Boley,28,NYG,RLB,16,15,0,0,0,0,1,1,0,0,0,0,1.0,85,63,22,3.0,7.0,0,
225,Antoine Cason,24,SDG,RCB,16,15,4,51,0,28,17,1,0,0,0,0,0.0,67,57,10,3.0,0.0,0,
226,Brent Celek,25,PHI,TE,16,15,0,0,0,0,0,0,0,0,0,0,0.0,1,1,0,,,0,
227,Ryan Clark,31,PIT,FS,16,15,2,34,0,23,7,0,0,1,5,0,0.0,90,57,33,0.0,0.0,0,
228,Vontae Davis,22,MIA,LCB,16,15,1,0,0,0,12,1,0,0,0,0,0.0,54,46,8,1.0,0.0,0,
229,Braylon Edwards,27,NYJ,WR,16,15,0,0,0,0,1,0,1,0,0,0,0.0,0,0,0,0.0,0.0,0,
230,Ron Edwards,31,KAN,NT,16,15,0,0,0,0,1,0,0,0,0,0,2.0,26,15,11,2.0,3.0,0,
231,Abram Elam,29,CLE,FS,16,15,2,18,0,18,10,2,0,2,18,1,2.0,79,65,14,3.0,2.0,0,
232,Larry Fitzgerald,27,ARI,WR,16,15,0,0,0,0,0,0,0,1,0,0,0.0,0,0,0,0.0,0.0,0,PB
233,Bradley Fletcher,24,STL,RCB,16,15,4,41,0,28,11,0,0,1,43,0,0.0,75,65,10,3.0,0.0,0,
234,Antonio Garay,31,SDG,NT,16,15,0,0,0,0,0,0,0,0,0,0,5.5,48,37,11,9.0,6.0,0,
235,A.J. Hawk,26,GNB,LILB,16,15,3,31,0,21,10,0,0,1,0,0,0.5,111,72,39,4.0,4.0,0,PB
236,Todd Herremans,28,PHI,LG,16,15,0,0,0,0,0,0,0,1,0,0,0.0,0,0,0,0.0,0.0,0,
237,Lamarr Houston,23,OAK,LDE,16,15,0,0,0,0,0,1,0,2,0,0,5.0,39,30,9,8.0,14.0,0,
238,Michael Huff,27,OAK,FS,16,15,3,32,0,17,7,2,0,0,0,0,4.0,95,78,17,7.0,4.0,0,AP-2
239,Israel Idonije,30,CHI,LDE,16,15,0,0,0,0,3,4,0,0,0,0,8.0,48,32,16,10.0,16.0,0,
240,Rey Maualuga,23,CIN,LLB,16,15,2,58,0,47,2,0,0,0,0,0,1.0,75,44,31,4.0,2.0,0,
241,Jameel McClain,25,BAL,LILB,16,15,0,0,0,0,2,0,0,1,9,0,1.0,71,46,25,1.0,1.0,0,
242,William Moore,25,ATL,SS,16,15,5,117,0,34,8,1,0,1,0,0,0.0,71,58,13,5.0,3.0,0,
243,Haloti Ngata,26,BAL,LDE,16,15,0,0,0,0,5,0,0,1,0,0,5.5,63,47,16,12.0,14.0,0,"PB,AP-1,AP DPoY-6"
244,Corey Peters,22,ATL,RDT,16,15,0,0,0,0,1,0,0,0,0,0,1.0,33,25,8,2.0,1.0,0,
245,Kenny Phillips,24,NYG,SS,16,15,1,0,0,0,5,0,0,3,25,0,0.0,77,60,17,1.0,0.0,0,
246,Sione Pouha,31,NYJ,NT,16,15,0,0,0,0,3,0,0,3,2,0,2.0,59,41,18,3.0,2.0,0,
247,Stanford Routt,27,OAK,LCB,16,15,2,22,1,22,13,1,0,0,0,0,0.0,55,49,6,1.0,0.0,0,
248,Samson Satele,26,OAK,C,16,15,0,0,0,0,0,0,1,0,0,0,0.0,0,0,0,0.0,0.0,0,
249,Ike Taylor,30,PIT,RCB,16,15,2,9,0,9,11,1,0,0,0,0,1.0,66,52,14,1.0,1.0,0,
250,Lawrence Timmons,24,PIT,RILB,16,15,2,5,0,5,9,2,0,2,0,0,3.0,135,96,39,10.0,8.0,0,
251,Michael Turner,28,ATL,RB,16,15,0,0,0,0,0,0,2,0,0,0,0.0,0,0,0,,,0,"PB,AP-2"
252,Hines Ward,34,PIT,WR,16,15,0,0,0,0,0,0,1,0,0,0,0.0,0,0,0,0.0,0.0,0,
253,D.J. Williams,28,DEN,LILB,16,15,0,0,0,0,9,1,0,1,0,0,5.5,119,94,25,9.0,9.0,0,
254,Floyd Womack,32,CLE,RG,16,15,0,0,0,0,0,0,0,2,0,0,0.0,0,0,0,0.0,0.0,0,
255,Kyle Arrington,24,NWE,RCB,16,14,1,36,1,36,5,0,0,0,0,0,0.0,71,60,11,0.0,0.0,0,
256,Kroy Biermann,25,ATL,RDE,16,14,1,31,1,31,2,0,0,0,0,0,3.0,36,30,6,5.0,10.0,0,
257,Jairus Byrd,24,BUF,FS,16,14,1,37,1,37,2,3,0,2,0,0,1.0,89,62,27,2.0,1.0,0,
258,Kenyon Coleman,31,CLE,LDE,16,14,0,0,0,0,0,0,0,3,0,0,2.5,68,50,18,3.0,5.0,0,
259,Peyton Hillis,24,CLE,RB,16,14,0,0,0,0,0,0,8,3,0,0,0.0,0,0,0,0.0,0.0,0,
260,Reggie Kelly,33,CIN,TE,16,14,0,0,0,0,0,0,0,1,0,0,0.0,1,1,0,0.0,0.0,0,
261,Mike McGlynn,25,PHI,C,16,14,0,0,0,0,0,0,0,2,0,0,0.0,0,0,0,0.0,0.0,0,
262,Leodis McKelvin,25,BUF,LCB,16,14,2,10,0,10,11,1,3,0,0,0,0.0,62,53,9,2.0,0.0,0,
263,Igor Olshansky,28,DAL,RDE,16,14,0,0,0,0,2,0,0,0,0,0,0.0,38,17,21,1.0,3.0,0,
264,Gerald Sensabaugh,27,DAL,SS,16,14,5,26,0,10,10,0,0,0,0,0,2.0,71,59,12,3.0,2.0,0,
265,Paul Soliai,27,MIA,NT,16,14,0,0,0,0,2,0,0,1,0,0,2.0,39,33,6,8.0,3.0,0,
266,Antwan Applewhite,24,SDG,ROLB,16,13,0,0,0,0,2,2,0,0,0,0,3.0,48,37,11,6.0,5.0,0,
267,Arian Foster,24,HOU,RB,16,13,0,0,0,0,0,1,3,1,1,0,0.0,0,0,0,0.0,0.0,0,"PB,AP-1,AP OPoY-3"
268,Tim Hightower,24,ARI,RB,16,13,0,0,0,0,0,0,5,0,0,0,0.0,0,0,0,0.0,0.0,0,
269,Brandon Jackson,25,GNB,RB,16,13,0,0,0,0,0,0,1,3,0,0,0.0,0,0,0,0.0,0.0,0,
270,Fred Jackson,29,BUF,RB,16,13,0,0,0,0,0,0,5,1,0,0,0.0,1,1,0,0.0,0.0,0,
271,Tim Jennings,27,CHI,LCB,16,13,1,39,0,39,7,1,0,1,0,0,0.0,56,41,15,2.0,0.0,0,
272,Stevie Johnson,24,BUF,WR,16,13,0,0,0,0,0,0,1,0,0,0,0.0,2,1,1,0.0,0.0,0,
273,Greg Jones,29,JAX,FB,16,13,0,0,0,0,0,0,0,0,0,0,0.0,1,1,0,0.0,0.0,0,
274,Brandon Meriweather,26,NWE,FS,16,13,3,39,0,39,6,0,0,1,0,0,0.0,68,49,19,1.0,0.0,0,PB
275,Greg Olsen,25,CHI,TE,16,13,0,0,0,0,0,0,2,1,0,0,0.0,0,0,0,0.0,0.0,0,
276,Mike Peterson,34,ATL,RLB,16,13,2,18,0,17,5,2,0,2,0,0,1.0,59,40,19,6.0,1.0,0,
277,Stylez G. White,31,TAM,RDE,16,13,0,0,0,0,0,2,0,0,0,0,4.5,36,28,8,,,0,
278,Lorenzo Alexander,27,WAS,LOLB,16,12,0,0,0,0,2,2,0,1,0,0,1.5,57,32,25,3.0,4.0,0,
279,Eric Barton,33,CLE,LILB,16,12,0,0,0,0,1,0,0,1,1,0,0.0,66,47,19,4.0,1.0,0,
280,Jason Hunter,27,DEN,LOLB,16,12,1,14,0,14,2,1,0,2,75,1,3.0,61,50,11,10.0,5.0,0,
281,Bryan Thomas,31,NYJ,LOLB,16,12,0,0,0,0,1,1,0,1,16,0,6.0,39,31,8,9.0,5.0,0,
282,Alterraun Verner,22,TEN,LCB,16,12,3,41,0,19,11,1,0,2,0,0,0.0,101,85,16,1.0,0.0,0,
283,Pat Angerer,23,IND,LLB,16,11,0,0,0,0,2,1,0,0,0,0,1.0,89,59,30,2.0,1.0,0,
284,Kentwan Balmer,24,SEA,RDE,16,11,0,0,0,0,1,0,0,0,0,0,0.0,43,28,15,4.0,1.0,0,
285,Martellus Bennett,23,DAL,TE,16,11,0,0,0,0,0,0,1,1,5,0,0.0,0,0,0,0.0,0.0,0,
286,Ahmad Bradshaw,24,NYG,RB,16,11,0,0,0,0,0,1,7,0,0,0,0.0,0,0,0,0.0,0.0,0,
287,Mike DeVito,26,NYJ,RDE,16,11,0,0,0,0,1,2,0,0,0,0,0.0,59,34,25,4.0,3.0,0,
288,Moise Fokou,25,PHI,RLB,16,11,0,0,0,0,1,1,0,0,0,0,1.0,51,44,7,3.0,2.0,0,
289,Jabar Gaffney,30,DEN,WR,16,11,0,0,0,0,0,0,1,0,0,0,0.0,0,0,0,0.0,0.0,0,
290,BenJarvus Green-Ellis,25,NWE,RB,16,11,0,0,0,0,0,0,0,0,0,0,0.0,1,1,0,0.0,0.0,0,
291,Rob Gronkowski,21,NWE,TE,16,11,0,0,0,0,0,0,1,0,0,0,0.0,0,0,0,,,0,
292,Marshawn Lynch,24,2TM,RB,16,14,0,0,0,0,0,0,4,0,0,0,0.0,1,0,1,0.0,0.0,0,
292,Marshawn Lynch,24,BUF,RB,4,3,0,0,0,0,0,0,1,0,0,0,0.0,0,0,0,,,0,
292,Marshawn Lynch,24,SEA,RB,12,11,0,0,0,0,0,0,3,0,0,0,0.0,1,0,1,0.0,0.0,0,
293,Randy McMichael,31,SDG,TE,16,11,0,0,0,0,0,0,0,0,0,0,0.0,3,2,1,0.0,0.0,0,
294,Koa Misi,23,MIA,LOLB,16,11,0,0,0,0,2,0,0,2,0,1,4.5,41,29,12,8.0,7.0,0,
295,Josh Morgan,25,SFO,WR,16,11,0,0,0,0,0,0,2,0,0,0,0.0,0,0,0,0.0,0.0,0,
296,Stephen Nicholas,27,ATL,LLB,16,11,1,0,0,0,2,0,0,0,0,0,0.0,78,64,14,2.0,1.0,0,
297,Mike Thomas,23,JAX,WR,16,11,0,0,0,0,0,0,3,1,0,0,0.0,0,0,0,0.0,0.0,0,
298,Jared Veldheer,23,OAK,LT,16,11,0,0,0,0,0,0,1,1,0,0,0.0,0,0,0,0.0,0.0,0,
299,Daryl Washington,24,ARI,RILB,16,11,1,39,0,39,2,1,1,0,0,0,1.0,78,67,11,7.0,2.0,0,
300,Garry Williams,24,CAR,RT,16,11,0,0,0,0,0,0,0,1,0,0,0.0,0,0,0,0.0,0.0,0,
301,Kellen Winslow,27,TAM,TE,16,11,0,0,0,0,0,0,1,0,0,0,0.0,0,0,0,,,0,
302,Joel Dreessen,28,HOU,TE,16,10,0,0,0,0,0,0,1,0,0,0,0.0,7,7,0,0.0,0.0,0,
303,Michael Johnson,23,CIN,RDE,16,10,0,0,0,0,4,0,0,1,0,0,2.5,35,26,9,5.0,6.0,0,
304,Thomas Jones,32,KAN,RB,16,10,0,0,0,0,0,0,3,0,0,0,0.0,0,0,0,,,0,
305,Ben Leber,32,MIN,RLB,16,10,1,19,0,19,4,2,0,1,0,0,0.0,46,35,11,3.0,2.0,0,
306,Rob Ninkovich,26,NWE,LOLB,16,10,2,1,0,1,3,1,0,3,63,0,4.0,61,44,17,6.0,9.0,0,
307,Lousaka Polite,29,MIA,FB,16,10,0,0,0,0,0,0,0,0,0,0,0.0,1,0,1,0.0,0.0,0,
308,Marcel Reece,25,OAK,FB,16,10,0,0,0,0,0,0,1,1,0,0,0.0,0,0,0,0.0,0.0,0,
309,Eddie Royal,24,DEN,WR,16,10,0,0,0,0,0,0,4,2,0,0,0.0,2,2,0,0.0,0.0,0,
310,Shaun Smith,29,KAN,LDE,16,10,0,0,0,0,0,0,0,0,0,0,1.0,56,30,26,4.0,1.0,0,
311,Brandon Tate,23,NWE,WR,16,10,0,0,0,0,0,0,1,0,0,0,0.0,0,0,0,,,0,
312,Matt Toeaina,26,CHI,LDT,16,10,0,0,0,0,2,0,0,1,0,0,2.0,24,17,7,3.0,4.0,0,
313,Gerard Warren,32,NWE,NT,16,10,0,0,0,0,0,0,0,0,0,0,3.5,28,17,11,4.0,5.0,0,
314,Jahvid Best,21,DET,RB,16,9,0,0,0,0,0,0,1,2,0,0,0.0,0,0,0,0.0,0.0,0,
315,Stephen Bowen,26,DAL,LDE,16,9,0,0,0,0,1,0,0,0,0,0,1.5,22,16,6,5.0,8.0,0,
316,Tim Crowder,25,TAM,LDE,16,9,0,0,0,0,4,1,0,1,0,0,3.0,31,22,9,4.0,6.0,0,
317,Fred Davis,24,WAS,TE,16,9,0,0,0,0,0,0,0,0,0,0,0.0,3,1,2,0.0,0.0,0,
318,Jacoby Ford,23,OAK,WR,16,9,0,0,0,0,0,0,3,1,0,0,0.0,0,0,0,0.0,0.0,0,
319,Evander Hood,23,PIT,LDE,16,9,0,0,0,0,1,0,0,0,0,0,3.0,20,15,5,5.0,7.0,0,
320,Dimitri Patterson,27,PHI,RCB,16,9,4,40,1,40,11,0,1,0,0,0,1.0,52,50,2,4.0,1.0,0,
321,Brian Schaefering,27,CLE,RDE,16,9,0,0,0,0,0,0,0,0,0,0,0.0,31,24,7,1.0,1.0,0,
322,Cadillac Williams,28,TAM,RB,16,9,0,0,0,0,0,0,1,0,0,0,0.0,0,0,0,0.0,0.0,0,
323,Davone Bess,25,MIA,WR,16,8,0,0,0,0,0,0,3,1,0,0,0.0,2,1,1,0.0,0.0,0,
324,Deon Grant,31,NYG,DB,16,8,3,0,0,0,10,2,0,3,0,0,1.0,72,56,16,5.0,4.0,0,
325,Larry Grant,25,STL,RLB,16,8,0,0,0,0,1,2,0,1,0,0,2.0,24,21,3,2.0,3.0,0,
326,Gary Guyton,25,NWE,LILB,16,8,2,72,1,59,7,1,0,1,35,1,3.0,63,44,19,3.0,3.0,0,
327,Mario Manningham,24,NYG,WR,16,8,0,0,0,0,0,0,1,0,0,0,0.0,0,0,0,0.0,0.0,0,
328,Pat McQuistan,27,MIA,RG,16,8,0,0,0,0,0,0,0,1,0,0,0.0,0,0,0,0.0,0.0,0,
329,Paul Oliver,26,SDG,SS,16,8,1,15,0,15,3,1,0,2,23,0,0.0,62,47,15,1.0,0.0,0,
330,Mike Sellers,35,WAS,FB,16,8,0,0,0,0,0,1,0,0,0,0,0.0,14,12,2,0.0,0.0,0,
331,Matt Shaughnessy,24,OAK,RDE,16,8,0,0,0,0,1,2,0,0,0,0,7.0,56,43,13,8.0,10.0,0,
332,Jacob Tamme,25,IND,TE,16,8,0,0,0,0,0,0,0,0,0,0,0.0,5,4,1,0.0,0.0,0,
333,Joe Haden,21,CLE,LCB,16,7,6,101,0,62,18,1,1,0,0,0,1.0,64,57,7,0.0,0.0,0,
334,Felix Jones,23,DAL,RB,16,7,0,0,0,0,0,0,2,3,0,0,0.0,0,0,0,0.0,0.0,0,
335,Jim Kleinsasser,33,MIN,FB,16,7,0,0,0,0,0,0,0,1,0,0,0.0,0,0,0,,,0,
336,Corey McIntyre,31,BUF,FB,16,7,0,0,0,0,0,0,1,1,0,0,0.0,13,10,3,0.0,0.0,0,
337,Reggie Smith,24,SFO,SS,16,7,1,20,0,20,4,0,0,0,0,0,0.0,42,38,4,2.0,2.0,0,
338,Danny Amendola,25,STL,WR,16,6,0,0,0,0,0,0,2,0,0,0,0.0,0,0,0,0.0,0.0,0,
339,E.J. Biggers,23,TAM,LCB,16,6,1,0,0,0,11,0,0,0,0,0,0.0,56,49,7,1.0,0.0,0,
340,Jamaal Charles,24,KAN,RB,16,6,0,0,0,0,0,0,3,3,0,0,0.0,0,0,0,0.0,0.0,0,"PB,AP-1"
341,Tim Dobbins,28,MIA,LILB,16,6,0,0,0,0,1,0,0,0,0,0,1.0,47,36,11,6.0,2.0,0,
342,Daniel Fells,27,STL,TE,16,6,0,0,0,0,0,0,0,0,0,0,0.0,2,2,0,0.0,0.0,0,
343,Russ Hochstein,33,DEN,LG,16,6,0,0,0,0,0,0,0,0,0,0,0.0,1,1,0,,,0,
344,Taylor Mays,22,SFO,SS,16,6,0,0,0,0,2,1,0,0,0,0,0.0,38,31,7,1.0,0.0,0,
345,Ovie Mughelli,30,ATL,FB,16,6,0,0,0,0,0,0,0,0,0,0,0.0,9,6,3,0.0,0.0,0,"PB,AP-2"
346,Reggie Nelson,27,CIN,SS,16,6,2,63,0,56,7,1,1,0,0,0,0.0,55,35,20,0.0,3.0,0,
347,Dante Rosario,26,CAR,TE,16,6,0,0,0,0,0,0,0,1,0,0,0.0,0,0,0,0.0,0.0,0,
348,Benny Sapp,29,MIA,DB,16,6,2,9,0,9,10,0,1,1,0,0,0.0,41,34,7,3.0,0.0,0,
349,Philip Wheeler,26,IND,LLB,16,6,0,0,0,0,1,0,0,0,0,0,0.0,61,40,21,1.0,0.0,0,
350,Kyle Wilson,23,NYJ,DB,16,6,0,0,0,0,5,0,2,1,0,0,0.0,21,18,3,0.0,0.0,0,
351,Phillip Buchanon,30,WAS,RCB,16,5,2,51,0,43,18,2,1,1,0,0,0.0,49,41,8,2.0,0.0,0,
352,Andre Carter,31,WAS,LOLB,16,5,0,0,0,0,1,1,0,1,0,0,2.5,44,25,19,3.0,9.0,0,
353,Nick Eason,30,PIT,RDE,16,5,0,0,0,0,1,0,0,0,0,0,1.5,16,7,9,1.0,2.0,0,
354,Will Heller,29,DET,TE,16,5,0,0,0,0,0,0,0,0,0,0,0.0,1,1,0,0.0,0.0,0,
355,Brandon Jacobs,28,NYG,RB,16,5,0,0,0,0,0,0,2,0,0,0,0.0,0,0,0,0.0,0.0,0,
356,David Jones,25,JAX,LCB,16,5,1,0,0,0,3,1,0,0,0,0,0.0,33,31,2,0.0,0.0,0,
357,Vonta Leach,29,HOU,FB,16,5,0,0,0,0,0,0,0,0,0,0,0.0,8,6,2,0.0,0.0,0,"PB,AP-1"
358,Corey Lynch,25,TAM,FS,16,5,1,0,0,0,2,0,0,0,0,0,0.0,32,22,10,4.0,3.0,0,
359,Captain Munnerlyn,22,CAR,LCB,16,5,3,37,1,37,12,0,2,1,0,0,0.0,45,41,4,0.0,0.0,0,
360,Ashlee Palmer,24,DET,LLB,16,5,0,0,0,0,1,3,0,0,0,0,1.0,55,45,10,4.0,1.0,0,
361,Chansi Stuckey,27,CLE,WR,16,5,0,0,0,0,0,0,3,0,0,0,0.0,1,1,0,0.0,0.0,0,
362,Jason Taylor,36,NYJ,ROLB,16,5,0,0,0,0,6,2,0,2,0,0,5.0,36,25,11,8.0,7.0,1,
363,Jason Trusnik,26,CLE,ROLB,16,5,0,0,0,0,1,0,0,0,0,0,1.0,24,21,3,1.0,2.0,0,
364,Michael Adams,25,ARI,DB,16,4,2,36,0,36,7,0,0,1,30,1,0.0,52,42,10,4.0,1.0,0,
365,Russell Allen,24,JAX,LB,16,4,0,0,0,0,0,0,0,0,0,0,0.0,42,31,11,4.0,0.0,0,
366,Rashad Butler,27,HOU,T,16,4,0,0,0,0,0,0,0,1,0,0,0.0,0,0,0,0.0,0.0,0,
367,James Casey,26,HOU,TE,16,4,0,0,0,0,0,0,0,0,0,0,0.0,17,10,7,0.0,0.0,0,
368,Drew Coleman,27,NYJ,DB,16,4,1,0,0,0,4,5,0,0,0,0,4.0,41,37,4,4.0,1.0,0,
369,William Gay,25,PIT,DB,16,4,0,0,0,0,11,1,0,0,0,0,2.0,48,40,8,4.0,5.0,0,
370,Ahmard Hall,31,TEN,RB,16,4,0,0,0,0,0,0,0,0,0,0,0.0,3,3,0,0.0,0.0,0,
371,Lance Louis,25,CHI,G,16,4,0,0,0,0,0,0,0,1,0,0,0.0,0,0,0,0.0,0.0,0,
372,Ryan McBean,26,DEN,DT,16,4,0,0,0,0,0,0,0,1,1,0,0.0,18,12,6,0.0,1.0,0,
373,Jordy Nelson,25,GNB,WR,16,4,0,0,0,0,0,0,3,1,3,0,0.0,0,0,0,0.0,0.0,0,
374,Lawrence Vickers,27,CLE,FB,16,4,0,0,0,0,0,0,0,1,0,0,0.0,0,0,0,0.0,0.0,0,
375,Eric Weems,25,ATL,WR,16,4,0,0,0,0,0,0,0,0,0,0,0.0,16,14,2,0.0,0.0,0,PB
376,Jamaal Anderson,24,ATL,DE,16,3,0,0,0,0,1,1,0,0,0,0,2.0,21,16,5,6.0,5.0,0,
377,Jason Avant,27,PHI,WR,16,3,0,0,0,0,0,0,0,1,0,0,0.0,2,2,0,0.0,0.0,0,
378,Gary Barnidge,25,CAR,TE,16,3,0,0,0,0,0,0,0,0,0,0,0.0,11,11,0,0.0,0.0,0,
379,Alan Branch,26,ARI,DT,16,3,0,0,0,0,1,2,0,0,0,0,2.0,35,27,8,6.0,7.0,0,
380,Terrance Copper,28,KAN,WR,16,3,0,0,0,0,0,0,0,0,0,0,0.0,16,12,4,0.0,0.0,0,
381,Kellen Davis,25,CHI,TE,16,3,0,0,0,0,0,0,0,0,0,0,0.0,5,2,3,0.0,0.0,0,
382,Jim Dray,24,ARI,TE,16,3,0,0,0,0,0,0,0,0,0,0,0.0,6,6,0,0.0,0.0,0,
383,Mike Goodson,23,CAR,RB,16,3,0,0,0,0,0,0,6,2,-13,0,0.0,2,2,0,0.0,0.0,0,
384,Adam Hayward,26,TAM,LB,16,3,0,0,0,0,2,0,0,2,0,0,1.0,29,22,7,3.0,1.0,0,
385,Brandon Johnson,27,CIN,LB,16,3,1,12,0,12,3,0,0,0,0,0,0.5,38,19,19,1.0,5.0,0,
386,James Jones,26,GNB,WR,16,3,0,0,0,0,0,0,3,0,0,0,0.0,0,0,0,0.0,0.0,0,
387,Nate Jones,28,DEN,DB,16,3,0,0,0,0,3,0,0,0,0,0,0.0,57,48,9,0.0,1.0,0,
388,Akeem Jordan,25,PHI,LB,16,3,0,0,0,0,1,0,0,0,0,0,0.0,26,22,4,2.0,1.0,0,
389,William Middleton,24,JAX,DB,16,3,1,2,0,2,1,0,0,0,0,0,1.0,47,43,4,2.0,2.0,0,
390,Mike Mitchell,23,OAK,DB,16,3,1,0,0,0,5,1,0,2,12,0,0.0,51,41,10,4.0,0.0,0,
391,Troy Nolan,24,HOU,DB,16,3,3,35,0,20,5,0,0,1,0,0,1.0,49,37,12,3.0,1.0,0,
392,Kassim Osgood,30,JAX,WR,16,3,0,0,0,0,0,2,0,1,-1,0,0.0,11,9,2,0.0,0.0,0,
393,Chris Owens,24,ATL,DB,16,3,1,13,0,13,3,0,0,0,0,0,0.0,40,29,11,0.0,0.0,0,
394,Orlando Scandrick,23,DAL,DB,16,3,1,40,1,40,9,0,0,0,0,0,2.5,46,41,5,7.0,3.0,0,
395,Darren Sproles,27,SDG,RB,16,3,0,0,0,0,0,0,3,0,0,0,0.0,0,0,0,0.0,0.0,0,
396,Jonathan Stupar,26,BUF,TE,16,3,0,0,0,0,0,0,1,0,0,0,0.0,2,1,1,0.0,0.0,0,
397,Fernando Velasco,25,TEN,G,16,3,0,0,0,0,0,0,0,1,0,0,0.0,0,0,0,0.0,0.0,0,
398,Javier Arenas,23,KAN,DB,16,2,0,0,0,0,8,1,2,0,0,0,3.0,43,36,7,3.0,4.0,0,
399,Travis Beckum,23,NYG,TE,16,2,0,0,0,0,0,1,0,0,0,0,0.0,4,3,1,0.0,0.0,0,
400,David Bruton,23,DEN,DB,16,2,0,0,0,0,1,0,0,2,0,0,0.0,26,22,4,2.0,0.0,0,
401,Reggie Corner,27,BUF,DB,16,2,0,0,0,0,5,0,0,0,0,0,1.0,25,20,5,1.0,1.0,0,
402,Chauncey Davis,27,ATL,DE,16,2,1,26,1,26,2,0,0,1,0,0,1.0,24,19,5,7.0,2.0,0,
403,Jerome Felton,24,DET,RB,16,2,0,0,0,0,0,0,1,0,0,0,0.0,6,6,0,0.0,0.0,0,
404,Vernon Gholston,24,NYJ,DE,16,2,0,0,0,0,0,0,0,0,0,0,0.0,12,7,5,1.0,1.0,0,
405,Wallace Gilberry,26,KAN,DE,16,2,0,0,0,0,1,2,0,2,0,0,7.0,23,19,4,10.0,13.0,0,
406,T.J. Houshmandzadeh,33,BAL,WR,16,2,0,0,0,0,0,0,1,0,0,0,0.0,0,0,0,0.0,0.0,0,
407,John Kuhn,28,GNB,FB,16,2,0,0,0,0,0,0,1,2,0,0,0.0,4,2,2,0.0,1.0,0,
408,Robert McClain,22,CAR,DB,16,2,0,0,0,0,1,0,0,0,0,0,0.0,16,14,2,0.0,1.0,0,
409,Ryan Mundy,25,PIT,DB,16,2,0,0,0,0,4,0,0,0,0,0,0.0,29,23,6,0.0,0.0,0,
410,Brian Robison,27,MIN,DE,16,2,0,0,0,0,0,0,0,2,0,0,2.0,15,13,2,4.0,5.0,0,
411,Brad Smith,27,NYJ,WR,16,2,0,0,0,0,0,0,1,0,0,0,0.0,14,12,2,0.0,0.0,0,
412,Marcus Thomas,25,DEN,DT,16,2,0,0,0,0,1,0,0,0,0,0,1.0,35,29,6,3.0,5.0,0,
413,George Wilson,29,BUF,WR,16,2,2,65,0,56,4,1,0,1,0,0,0.0,35,26,9,0.0,0.0,0,
414,Geno Atkins,22,CIN,DT,16,1,0,0,0,0,1,0,0,0,0,0,3.0,16,10,6,3.0,14.0,0,
415,Mike Bell,27,2TM,RB,16,1,0,0,0,0,0,0,2,2,0,0,0.0,0,0,0,0.0,0.0,0,
415,Mike Bell,27,PHI,RB,5,0,0,0,0,0,0,0,1,1,0,0,0.0,0,0,0,0.0,0.0,0,
415,Mike Bell,27,CLE,RB,11,1,0,0,0,0,0,0,1,1,0,0,0.0,0,0,0,0.0,0.0,0,
416,H.B. Blades,26,WAS,LB,16,1,0,0,0,0,0,0,0,0,0,0,0.0,19,12,7,0.0,0.0,0,
417,NaVorro Bowman,22,SFO,LB,16,1,0,0,0,0,0,0,0,0,0,0,0.0,46,38,8,3.0,0.0,0,
418,Jarrett Bush,26,GNB,DB,16,1,0,0,0,0,1,1,0,1,0,0,0.0,21,19,2,0.0,0.0,0,
419,Greg Camarillo,28,MIN,WR,16,1,0,0,0,0,0,1,0,0,0,0,0.0,1,1,0,0.0,0.0,0,
420,Jeff Charleston,27,NOR,DE,16,1,0,0,0,0,2,2,0,1,0,0,3.0,26,19,7,4.0,4.0,0,
421,Patrick Cobbs,27,MIA,RB,16,1,0,0,0,0,0,0,1,0,0,0,0.0,6,6,0,0.0,0.0,0,
422,Jared Cook,23,TEN,TE,16,1,0,0,0,0,0,0,0,1,2,0,0.0,5,4,1,0.0,0.0,0,
423,Tom Crabtree,25,GNB,TE,16,1,0,0,0,0,0,0,0,0,0,0,0.0,10,8,2,0.0,0.0,0,
424,Brian Finneran,34,ATL,WR,16,1,0,0,0,0,0,1,0,1,0,0,0.0,1,1,0,0.0,0.0,0,
425,Brian Iwuh,26,CHI,LB,16,1,0,0,0,0,0,2,0,0,0,0,1.0,26,24,2,3.0,0.0,0,
426,Rashad Johnson,24,ARI,DB,16,1,1,7,0,7,6,1,0,0,0,0,0.0,44,31,13,0.0,0.0,0,
427,Anthony Madison,29,PIT,DB,16,1,1,-1,0,-1,1,0,0,1,0,0,1.0,24,15,9,1.0,1.0,0,
428,Lance Moore,27,NOR,WR,16,1,0,0,0,0,0,0,2,0,0,0,0.0,0,0,0,0.0,0.0,0,
429,Tim Shaw,26,TEN,LB,16,1,0,0,0,0,0,1,0,1,0,0,0.0,29,21,8,2.0,0.0,0,
430,Dan Skuta,24,CIN,LB,16,1,0,0,0,0,0,1,0,0,0,0,0.0,16,11,5,0.0,0.0,0,
431,Micheal Spurlock,27,TAM,WR,16,1,0,0,0,0,0,0,2,1,0,0,0.0,1,1,0,0.0,0.0,0,
432,Brett Swain,25,GNB,WR,16,1,0,0,0,0,0,0,0,0,0,0,0.0,3,2,1,0.0,0.0,0,
433,Vance Walker,23,ATL,DT,16,1,0,0,0,0,0,0,0,0,0,0,0.0,17,11,6,3.0,0.0,0,
434,Brian Williams,31,ATL,DB,16,1,0,0,0,0,1,0,0,1,12,0,1.0,36,25,11,3.0,3.0,0,
435,Damian Williams,22,TEN,WR,16,1,0,0,0,0,0,0,0,0,0,0,0.0,4,4,0,0.0,0.0,0,
436,C.J. Ah You,28,STL,DE,16,0,0,0,0,0,2,1,0,0,0,0,4.0,18,12,6,4.0,9.0,0,
437,David Akers,36,PHI,K,16,0,0,0,0,0,0,0,0,0,0,0,0.0,2,1,1,0.0,0.0,0,"PB,AP-2"
438,Ken Amato,33,TEN,LS,16,0,0,0,0,0,0,0,1,0,-25,0,0.0,6,5,1,0.0,0.0,0,
439,Jordan Babineaux,28,SEA,DB,16,0,2,37,0,20,8,1,0,0,0,0,1.5,46,37,9,4.0,4.0,1,
440,Patrick Bailey,25,TEN,LB,16,0,0,0,0,0,0,0,0,0,0,0,0.0,16,11,5,0.0,0.0,0,
441,Jason Baker,32,CAR,P,16,0,0,0,0,0,0,0,0,0,0,0,0.0,2,2,0,0.0,0.0,0,
442,Jackie Battle,27,KAN,RB,16,0,0,0,0,0,0,1,0,0,0,0,0.0,11,8,3,0.0,0.0,0,
443,Rob Bironas,32,TEN,K,16,0,0,0,0,0,0,0,0,0,0,0,0.0,2,1,1,0.0,0.0,0,
444,Tyron Brackenridge,26,JAX,DB,16,0,0,0,0,0,0,1,0,0,0,0,0.0,16,14,2,0.0,0.0,0,
445,Josh Brent,22,DAL,DT,16,0,0,0,0,0,0,0,0,0,0,0,0.0,16,14,2,,,0,
446,Jasper Brinkley,25,MIN,LB,16,0,0,0,0,0,0,0,0,0,0,0,0.0,17,15,2,1.0,0.0,0,
447,Raheem Brock,32,SEA,DE,16,0,0,0,0,0,3,1,0,1,0,0,9.0,32,26,6,7.0,20.0,0,
448,Josh Brown,31,STL,K,16,0,0,0,0,0,0,0,1,0,0,0,0.0,2,2,0,0.0,0.0,0,
449,Eldra Buckley,25,PHI,RB,16,0,0,0,0,0,0,1,1,0,0,0,0.0,6,6,0,0.0,0.0,0,
450,David Buehler,23,DAL,K,16,0,0,0,0,0,0,0,0,0,0,0,0.0,11,9,2,0.0,0.0,0,
451,Josh Bullocks,27,CHI,DB,16,0,0,0,0,0,0,0,0,0,0,0,0.0,11,8,3,1.0,0.0,0,
452,Prescott Burgess,26,BAL,LB,16,0,0,0,0,0,1,0,0,0,0,0,0.0,14,12,2,0.0,0.0,0,
453,Jeremy Cain,30,JAX,LB,16,0,0,0,0,0,0,0,0,0,0,0,0.0,2,2,0,0.0,0.0,0,
454,Dan Carpenter,25,MIA,K,16,0,0,0,0,0,0,0,0,0,0,0,0.0,2,0,2,0.0,0.0,0,
455,Rock Cartwright,31,OAK,FB,16,0,0,0,0,0,0,1,0,1,0,0,0.0,17,15,2,0.0,0.0,1,
456,Kam Chancellor,22,SEA,DB,16,0,0,0,0,0,1,1,0,0,0,0,1.0,23,17,6,1.0,1.0,0,
457,Tashard Choice,26,DAL,RB,16,0,0,0,0,0,0,0,1,0,0,0,0.0,0,0,0,,,0,
458,Britton Colquitt,25,DEN,P,16,0,0,0,0,0,0,0,0,0,0,0,0.0,1,0,1,0.0,0.0,0,
459,Dustin Colquitt,28,KAN,P,16,0,0,0,0,0,0,0,0,0,0,0,0.0,1,0,1,0.0,0.0,0,
460,Jon Condo,29,OAK,LS,16,0,0,0,0,0,0,1,0,1,0,0,0.0,6,5,1,0.0,0.0,0,
461,John Conner,23,NYJ,RB,16,0,0,0,0,0,0,0,0,1,0,0,0.0,5,2,3,0.0,0.0,0,
462,Quan Cosby,28,CIN,WR,16,0,0,0,0,0,0,0,0,0,0,0,0.0,9,6,3,0.0,0.0,0,
463,Mason Crosby,26,GNB,K,16,0,0,0,0,0,0,0,0,0,0,0,0.0,1,1,0,0.0,0.0,0,
464,Billy Cundiff,30,BAL,K,16,0,0,0,0,0,0,0,0,0,0,0,0.0,1,1,0,0.0,0.0,0,"PB,AP-1"
465,Travis Daniels,28,KAN,DB,16,0,1,4,0,4,4,0,0,0,0,0,0.0,8,6,2,0.0,0.0,0,
466,Rashied Davis,31,CHI,WR,16,0,0,0,0,0,1,0,1,0,0,0,0.0,9,7,2,0.0,0.0,0,
467,Keyunta Dawson,25,IND,DE,16,0,0,0,0,0,1,0,0,1,0,0,0.0,31,19,12,0.0,5.0,0,
468,Phil Dawson,35,CLE,K,16,0,0,0,0,0,0,0,0,0,0,0,0.0,1,1,0,0.0,0.0,0,
469,John Denney,32,MIA,LS,16,0,0,0,0,0,0,0,0,0,0,0,0.0,4,4,0,0.0,0.0,0,PB
470,Zak DeOssie,26,NYG,LB,16,0,0,0,0,0,0,0,0,0,0,0,0.0,3,3,0,0.0,0.0,0,PB
471,Anthony Dixon,23,SFO,RB,16,0,0,0,0,0,1,0,0,1,0,0,0.0,9,7,2,0.0,0.0,0,
472,Matt Dodge,23,NYG,P,16,0,0,0,0,0,0,0,1,0,-7,0,0.0,3,3,0,0.0,0.0,0,
473,Jon Dorenbos,30,PHI,LS,16,0,0,0,0,0,0,0,0,0,0,0,0.0,3,2,1,0.0,0.0,0,
474,Andrew Economos,28,TAM,LS,16,0,0,0,0,0,0,1,0,0,0,0,0.0,6,5,1,0.0,0.0,0,
475,Demetric Evans,31,SFO,DE,16,0,0,0,0,0,1,0,0,0,0,0,0.0,15,12,3,1.0,1.0,0,
476,Heath Farwell,28,MIN,LB,16,0,0,0,0,0,0,0,0,0,0,0,0.0,16,14,2,0.0,0.0,0,
477,Jay Feely,34,ARI,K,16,0,0,0,0,0,0,0,0,0,0,0,0.0,4,4,0,0.0,0.0,0,
478,Brandon Fields,26,MIA,P,16,0,0,0,0,0,0,0,0,0,0,0,0.0,4,4,0,0.0,0.0,0,
479,Ronald Fields,29,DEN,DT,16,0,0,0,0,0,0,0,0,0,0,0,0.0,22,14,8,1.0,2.0,0,
480,Andre Fluellen,25,DET,DT,16,0,0,0,0,0,0,0,0,0,0,0,1.0,10,8,2,2.0,2.0,0,
481,Nick Folk,26,NYJ,K,16,0,0,0,0,0,0,0,0,0,0,0,0.0,1,1,0,0.0,0.0,0,
482,Larry Foote,30,PIT,LB,16,0,0,0,0,0,1,0,0,0,0,0,1.0,21,16,5,2.0,1.0,0,
483,Eric Foster,25,IND,DT,16,0,0,0,0,0,1,0,0,2,0,0,3.5,33,25,8,7.0,4.0,0,
484,Keyaron Fox,28,PIT,LB,16,0,0,0,0,0,2,1,0,2,0,0,0.0,23,17,6,1.0,0.0,0,
485,Thomas Gafford,27,KAN,LB,16,0,0,0,0,0,0,0,0,1,0,0,0.0,5,3,2,0.0,0.0,0,
486,Graham Gano,23,WAS,K,16,0,0,0,0,0,0,0,0,0,0,0,0.0,3,3,0,0.0,0.0,0,
487,Brett Goode,26,GNB,LB,16,0,0,0,0,0,0,0,0,0,0,0,0.0,3,3,0,0.0,0.0,0,
488,Robbie Gould,28,CHI,K,16,0,0,0,0,0,0,0,0,0,0,0,0.0,1,1,0,0.0,0.0,0,
489,Ben Graham,37,ARI,P,16,0,0,0,0,0,0,0,0,0,0,0,0.0,1,1,0,0.0,0.0,0,
490,Corey Graham,25,CHI,DB,16,0,0,0,0,0,0,0,0,0,0,0,0.0,23,22,1,0.0,0.0,0,
491,Cory Greenwood,25,KAN,LB,16,0,0,0,0,0,0,0,0,0,0,0,0.0,11,10,1,0.0,0.0,0,
492,Clint Gresham,24,SEA,LB,16,0,0,0,0,0,0,0,0,0,0,0,0.0,1,1,0,0.0,0.0,0,
493,Clark Harris,26,CIN,TE,16,0,0,0,0,0,0,0,0,0,0,0,0.0,3,3,0,0.0,0.0,0,
494,Nick Harris,32,DET,P,16,0,0,0,0,0,0,0,0,0,0,0,0.0,3,3,0,0.0,0.0,0,
495,Lex Hilliard,26,MIA,RB,16,0,0,0,0,0,0,1,0,0,0,0,0.0,8,7,1,0.0,0.0,0,
496,J.J. Jansen,24,CAR,LS,16,0,0,0,0,0,0,0,1,0,-10,0,0.0,2,0,2,0.0,0.0,0,
497,Ricky Jean-Francois,24,SFO,DT,16,0,0,0,0,0,1,1,0,0,0,0,1.0,12,9,3,0.0,0.0,0,
498,Brian Jennings,34,SFO,LS,16,0,0,0,0,0,0,0,0,0,0,0,0.0,1,1,0,0.0,0.0,0,
499,Peria Jerry,26,ATL,DT,16,0,0,0,0,0,1,0,0,0,0,0,2.0,9,8,1,6.0,3.0,0,
500,Donnie Jones,30,STL,P,16,0,0,0,0,0,0,0,0,0,0,0,0.0,1,1,0,0.0,0.0,0,
501,Chris Kluwe,29,MIN,P,16,0,0,0,0,0,0,0,0,0,0,0,0.0,1,1,0,0.0,0.0,0,
502,Sam Koch,28,BAL,P,16,0,0,0,0,0,0,0,1,1,-10,0,0.0,2,1,1,0.0,0.0,0,
503,Michael Koenen,28,ATL,P,16,0,0,0,0,0,0,0,0,0,0,0,0.0,6,6,0,0.0,0.0,0,
504,L.P. Ladouceur,29,DAL,DE,16,0,0,0,0,0,0,0,0,0,0,0,0.0,1,0,1,0.0,0.0,0,
505,Lance Laury,28,NYJ,LB,16,0,0,0,0,0,1,0,0,1,0,0,0.0,12,9,3,0.0,1.0,0,
506,Mike Leach,34,ARI,LS,16,0,0,0,0,0,0,0,0,0,0,0,0.0,9,7,2,0.0,0.0,0,
507,Shane Lechler,34,OAK,P,16,0,0,0,0,0,0,0,0,0,0,0,0.0,1,1,0,0.0,0.0,0,"PB,AP-1"
508,Andy Lee,28,SFO,P,16,0,0,0,0,0,0,0,0,0,0,0,0.0,2,2,0,0.0,0.0,0,
509,Rian Lindell,33,BUF,K,16,0,0,0,0,0,0,1,0,0,0,0,0.0,4,3,1,0.0,0.0,0,
510,Cullen Loeffler,29,MIN,LS,16,0,0,0,0,0,0,0,0,0,0,0,0.0,2,2,0,0.0,0.0,0,
511,Stefan Logan,29,DET,RB,16,0,0,0,0,0,0,0,3,2,4,0,0.0,2,2,0,0.0,0.0,0,
512,Patrick Mannelly,35,CHI,T,16,0,0,0,0,0,0,0,0,0,0,0,0.0,2,1,1,0.0,0.0,0,
513,Olindo Mare,37,SEA,K,16,0,0,0,0,0,0,0,0,0,0,0,0.0,2,1,1,0.0,0.0,0,
514,Marc Mariani,23,TEN,WR,16,0,0,0,0,0,0,0,3,1,0,0,0.0,3,3,0,0.0,0.0,0,PB
515,Chris Massey,31,STL,RB,16,0,0,0,0,0,0,0,0,0,0,0,0.0,3,3,0,0.0,0.0,0,
516,Tim Masthay,23,GNB,P,16,0,0,0,0,0,0,0,0,0,0,0,0.0,1,1,0,0.0,0.0,0,
517,Brad Maynard,36,CHI,P,16,0,0,0,0,0,0,0,1,1,0,0,0.0,1,1,0,0.0,0.0,0,
518,Mat McBriar,31,DAL,P,16,0,0,0,0,0,0,0,1,0,-8,0,0.0,0,0,0,,,0,"PB,AP-2"
519,Danny McCray,22,DAL,DB,16,0,1,0,0,0,1,0,0,0,0,0,0.0,22,16,6,0.0,0.0,0,
520,Ray McDonald,26,SFO,DE,16,0,1,31,1,31,2,0,0,0,0,0,0.0,19,13,6,2.0,0.0,0,
521,Henry Melton,24,CHI,DE,16,0,0,0,0,0,1,1,0,1,0,0,2.5,16,13,3,2.0,5.0,0,
522,Zoltan Mesko,24,NWE,P,16,0,0,0,0,0,0,0,0,0,0,0,0.0,1,1,0,0.0,0.0,0,
523,Marvin Mitchell,26,NOR,LB,16,0,0,0,0,0,2,2,0,2,2,0,0.0,43,33,10,3.0,2.0,0,
524,D.J. Moore,23,CHI,DB,16,0,4,95,1,54,8,1,0,0,0,0,1.0,42,37,5,6.0,3.0,0,
525,Sammy Morris,33,NWE,RB,16,0,0,0,0,0,0,0,1,0,0,0,0.0,8,6,2,0.0,0.0,0,
526,Thomas Morstead,24,NOR,P,16,0,0,0,0,0,0,0,0,0,0,0,0.0,1,1,0,0.0,0.0,0,
527,Don Muhlbach,29,DET,LS,16,0,0,0,0,0,0,0,0,0,0,0,0.0,4,2,2,0.0,0.0,0,
528,Haruki Nakamura,24,BAL,DB,16,0,0,0,0,0,1,0,0,0,0,0,0.0,24,22,2,0.0,0.0,0,
529,Donnie Nickey,30,TEN,DB,16,0,0,0,0,0,0,0,0,0,0,0,0.0,5,3,2,0.0,0.0,0,
530,Kenny Onatolu,28,MIN,LB,16,0,0,0,0,0,0,0,0,0,0,0,0.0,10,9,1,0.0,0.0,0,
531,Montell Owens,26,JAX,RB,16,0,0,0,0,0,0,0,0,1,0,0,0.0,13,11,2,0.0,0.0,0,PB
532,Jalen Parmele,25,BAL,RB,16,0,0,0,0,0,0,1,1,0,0,0,0.0,7,7,0,0.0,0.0,0,
533,Lonie Paxton,32,DEN,LS,16,0,0,0,0,0,0,0,1,0,-13,0,0.0,3,3,0,0.0,0.0,0,
534,Jason Pierre-Paul,21,NYG,DE,16,0,0,0,0,0,6,2,0,2,0,0,4.5,30,25,5,7.0,8.0,0,
535,Sabby Piscitelli,27,2TM,S,16,0,1,31,0,31,1,0,0,0,0,0,0.0,24,23,1,1.0,2.0,0,
535,Sabby Piscitelli,27,TAM,S,11,0,1,31,0,31,1,0,0,0,0,0,0.0,20,20,0,1.0,2.0,0,
535,Sabby Piscitelli,27,CLE,S,5,0,0,0,0,0,0,0,0,0,0,0,0.0,4,3,1,0.0,0.0,0,
536,Tanner Purdum,24,NYJ,LS,16,0,0,0,0,0,0,0,0,0,0,0,0.0,1,1,0,,,0,
537,Neil Rackers,34,HOU,K,16,0,0,0,0,0,0,0,0,0,0,0,0.0,8,4,4,0.0,0.0,0,
538,Antwaan Randle El,31,PIT,WR,16,0,0,0,0,0,0,0,2,2,0,0,0.0,0,0,0,0.0,0.0,0,
539,Isaac Redman,26,PIT,RB,16,0,0,0,0,0,0,0,1,1,0,0,0.0,1,0,1,0.0,0.0,0,
540,Javon Ringer,23,TEN,RB,16,0,0,0,0,0,0,0,0,0,0,0,0.0,1,0,1,,,0,
541,Saverio Rocca,37,PHI,P,16,0,0,0,0,0,0,0,0,0,0,0,0.0,3,2,1,0.0,0.0,0,
542,Garrison Sanborn,25,BUF,LS,16,0,0,0,0,0,0,0,1,1,-1,0,0.0,5,2,3,0.0,0.0,0,
543,Mike Scifres,30,SDG,P,16,0,0,0,0,0,0,0,1,1,0,0,0.0,2,2,0,0.0,0.0,0,
544,Josh Scobee,28,JAX,K,16,0,0,0,0,0,0,0,0,0,0,0,0.0,2,2,0,0.0,0.0,0,
545,Bernard Scott,26,CIN,RB,16,0,0,0,0,0,0,0,1,0,0,0,0.0,1,1,0,0.0,0.0,0,
546,George Selvie,23,STL,DE,16,0,0,0,0,0,0,0,0,0,0,0,1.5,21,15,6,5.0,5.0,0,
547,C.J. Spillman,24,2TM,DB,16,0,0,0,0,0,0,0,0,0,0,0,0.0,19,19,0,0.0,0.0,0,
547,C.J. Spillman,24,SDG,DB,5,0,0,0,0,0,0,0,0,0,0,0,0.0,6,6,0,0.0,0.0,0,
547,C.J. Spillman,24,SFO,DB,11,0,0,0,0,0,0,0,0,0,0,0,0.0,13,13,0,0.0,0.0,0,
548,Donald Strickland,30,SDG,DB,16,0,0,0,0,0,2,1,0,0,0,0,1.0,23,19,4,1.0,0.0,0,
549,Andy Studebaker,25,KAN,LB,16,0,0,0,0,0,1,0,0,0,0,0,2.5,28,21,7,2.0,5.0,0,
550,Ryan Succop,24,KAN,K,16,0,0,0,0,0,0,0,0,0,0,0,0.0,3,3,0,0.0,0.0,0,
551,Nick Sundberg,23,WAS,LS,16,0,0,0,0,0,0,0,0,0,0,0,0.0,3,2,1,0.0,0.0,0,
552,Stevenson Sylvester,22,PIT,LB,16,0,0,0,0,0,0,1,0,0,0,0,0.0,14,13,1,1.0,0.0,0,
553,Keith Toston,23,STL,RB,16,0,0,0,0,0,0,0,0,0,0,0,0.0,4,4,0,0.0,0.0,0,
554,Matt Turk,42,HOU,P,16,0,0,0,0,0,0,0,0,0,0,0,0.0,1,0,1,0.0,0.0,0,
555,Raymond Ventrone,28,CLE,DB,16,0,0,0,0,0,0,1,0,1,0,0,0.0,19,18,1,0.0,0.0,0,
556,Derrick Ward,30,HOU,RB,16,0,0,0,0,0,0,0,0,1,0,0,0.0,0,0,0,0.0,0.0,0,
557,Greg Warren,29,PIT,LS,16,0,0,0,0,0,0,0,0,0,0,0,0.0,3,1,2,0.0,0.0,0,
558,Leon Washington,28,SEA,RB,16,0,0,0,0,0,0,0,3,1,0,0,0.0,2,2,0,0.0,0.0,0,"AP-2,AP CPoY-7"
559,Jon Weeks,24,HOU,LS,16,0,0,0,0,0,0,0,0,0,0,0,0.0,3,1,2,0.0,0.0,0,
560,John Wendling,27,DET,DB,16,0,0,0,0,0,0,0,0,0,0,0,0.0,30,22,8,0.0,0.0,0,
561,Byron Westbrook,25,WAS,DB,16,0,0,0,0,0,0,0,0,1,0,0,0.0,14,13,1,0.0,0.0,0,
562,Tracy White,29,NWE,LB,16,0,0,0,0,0,0,0,0,0,0,0,0.0,17,12,5,0.0,0.0,0,
563,Jimmy Wilkerson,29,NOR,DE,16,0,0,0,0,0,0,0,0,0,0,0,2.0,16,14,2,2.0,2.0,0,
564,Demorrio Williams,30,KAN,LB,16,0,0,0,0,0,1,1,0,0,0,0,1.0,19,17,2,1.0,2.0,0,
565,Ricky Williams,33,MIA,RB,16,0,0,0,0,0,0,0,4,2,0,0,0.0,0,0,0,0.0,0.0,0,
566,Roydell Williams,29,WAS,WR,16,0,0,0,0,0,0,0,0,0,0,0,0.0,8,5,3,0.0,0.0,0,
567,Sam Williams,30,OAK,DE,16,0,0,0,0,0,0,0,0,0,0,0,0.0,11,8,3,0.0,0.0,0,
568,Chris Wilson,28,WAS,DE,16,0,0,0,0,0,0,2,1,0,0,0,0.0,18,12,6,1.0,3.0,0,
569,Garrett Wolfe,26,CHI,RB,16,0,0,0,0,0,0,0,0,0,0,0,0.0,14,11,3,0.0,0.0,0,
570,Darrel Young,23,WAS,LB,16,0,0,0,0,0,0,0,0,0,0,0,0.0,13,12,1,0.0,0.0,0,
571,Joe Zelenka,34,ATL,LS,16,0,0,0,0,0,0,0,0,0,0,0,0.0,1,1,0,0.0,0.0,0,
572,Husain Abdullah,25,MIN,SS,15,15,3,5,0,5,7,0,0,0,0,0,0.0,75,54,21,3.0,0.0,0,
573,Branden Albert,26,KAN,LT,15,15,0,0,0,0,0,0,0,1,0,0,0.0,0,0,0,,,0,
574,Jonathan Babineaux,29,ATL,LDT,15,15,1,0,0,0,2,2,0,1,0,1,4.0,27,19,8,6.0,6.0,0,
575,Champ Bailey,32,DEN,LCB,15,15,2,0,0,0,13,0,0,0,0,0,1.0,45,41,4,3.0,1.0,0,PB
576,Lance Briggs,30,CHI,LLB,15,15,2,1,0,1,7,1,0,1,0,0,2.0,89,76,13,8.0,2.0,0,PB
577,Calais Campbell,24,ARI,LDE,15,15,0,0,0,0,2,0,0,1,0,0,6.0,60,46,14,13.0,7.0,0,
578,Matt Cassel,28,KAN,QB,15,15,0,0,0,0,0,0,3,0,-2,0,0.0,0,0,0,,,0,"PB,AP CPoY-4"
579,Trent Cole,28,PHI,RDE,15,15,0,0,0,0,2,1,0,0,0,0,10.0,65,50,15,16.0,19.0,0,
580,Antonio Cromartie,26,NYJ,RCB,15,15,3,75,0,66,17,0,0,1,0,0,0.0,42,41,1,0.0,0.0,0,
581,Jay Cutler,27,CHI,QB,15,15,0,0,0,0,0,0,10,1,0,0,0.0,1,1,0,,,0,
582,Louis Delmas,23,DET,FS,15,15,0,0,0,0,1,2,0,2,-4,0,2.0,84,62,22,4.0,4.0,0,
583,Kris Dielman,29,SDG,LG,15,15,0,0,0,0,0,0,0,1,0,0,0.0,0,0,0,0.0,0.0,0,PB
584,Darnell Dockett,29,ARI,RDE,15,15,0,0,0,0,1,1,0,3,0,1,5.0,52,45,7,9.0,15.0,0,PB
585,Donald Driver,35,GNB,WR,15,15,0,0,0,0,0,0,1,0,0,0,0.0,0,0,0,0.0,0.0,0,PB
586,Shaun Ellis,33,NYJ,LDE,15,15,0,0,0,0,1,1,0,0,0,0,4.5,36,26,10,6.0,10.0,0,
587,Brandon Flowers,24,KAN,LCB,15,15,2,33,1,33,14,1,0,0,0,0,0.0,65,56,9,0.0,0.0,0,
588,Parys Haralson,26,SFO,ROLB,15,15,0,0,0,0,0,0,0,2,0,0,4.0,42,29,13,7.0,9.0,0,
589,Roman Harper,28,NOR,SS,15,15,1,6,0,6,8,6,0,1,0,0,3.0,98,76,22,5.0,10.0,0,PB
590,Chris Houston,26,DET,LCB,15,15,1,0,0,0,12,1,0,0,0,0,0.0,56,50,6,1.0,0.0,0,
591,Malcolm Jenkins,23,NOR,FS,15,15,2,105,1,96,12,1,0,2,0,0,1.0,64,54,10,3.0,1.0,0,AP-2
592,Calvin Johnson,25,DET,WR,15,15,0,0,0,0,0,0,1,0,0,0,0.0,0,0,0,0.0,0.0,0,"PB,AP-2"
593,Jason Jones,24,TEN,LDT,15,15,0,0,0,0,3,3,0,0,0,0,3.5,38,33,5,12.0,6.0,0,
594,Sherrod Martin,26,CAR,FS,15,15,1,34,0,34,5,2,0,1,0,0,0.0,85,59,26,2.0,0.0,0,
595,Clay Matthews,24,GNB,LOLB,15,15,1,62,1,62,4,2,0,0,0,0,13.5,60,54,6,18.0,25.0,0,"PB,AP-1,AP DPoY-2"
596,Rolando McClain,21,OAK,MLB,15,15,1,10,0,10,6,0,0,0,0,0,0.5,85,59,26,6.0,3.0,0,
597,Rocky McIntosh,28,WAS,RILB,15,15,0,0,0,0,3,1,0,0,0,0,2.0,110,73,37,2.0,4.0,0,
598,Quintin Mikell,30,PHI,SS,15,15,3,0,0,0,15,1,0,3,52,1,1.0,88,77,11,5.0,1.0,0,AP-2
599,Zach Miller,25,OAK,TE,15,15,0,0,0,0,0,0,1,0,0,0,0.0,0,0,0,0.0,0.0,0,PB
600,Eugene Monroe,23,JAX,LT,15,15,0,0,0,0,0,0,0,1,0,0,0.0,0,0,0,0.0,0.0,0,
601,Brian Orakpo,24,WAS,ROLB,15,15,0,0,0,0,2,1,0,0,0,0,8.5,56,36,20,9.0,17.0,0,PB
602,Adrian Peterson,25,MIN,RB,15,15,0,0,0,0,0,0,1,0,0,0,0.0,0,0,0,0.0,0.0,0,"PB,AP-2"
603,Bernard Pollard,26,HOU,SS,15,15,0,0,0,0,5,3,0,0,0,0,2.5,112,82,30,3.0,4.0,0,
604,Dunta Robinson,28,ATL,RCB,15,15,1,0,0,0,7,0,0,1,0,0,0.0,55,52,3,1.0,0.0,0,
605,Aaron Rodgers,27,GNB,QB,15,15,0,0,0,0,0,0,4,1,-2,0,0.0,0,0,0,0.0,0.0,0,AP OPoY-5
606,Ernie Sims,26,PHI,LLB,15,15,0,0,0,0,5,1,0,1,0,0,2.0,55,48,7,7.0,4.0,0,
607,Will Smith,29,NOR,RDE,15,15,1,4,0,4,5,1,1,0,0,0,5.5,39,34,5,8.0,10.0,0,
608,Corey Webster,28,NYG,LCB,15,15,4,11,0,13,12,0,0,1,1,0,0.0,52,45,7,1.0,2.0,0,
609,Patrick Willis,25,SFO,RILB,15,15,0,0,0,0,5,2,0,0,0,0,6.0,128,101,27,9.0,7.0,0,"PB,AP-1"
610,Joe Berger,28,MIA,C,15,14,0,0,0,0,0,0,0,0,0,0,0.0,1,1,0,0.0,0.0,0,
611,Tyler Brayton,31,CAR,RDE,15,14,0,0,0,0,2,1,0,2,1,0,0.0,22,16,6,4.0,4.0,0,
612,Chris Clemons,25,MIA,FS,15,14,1,0,0,0,5,2,0,1,0,0,1.5,61,51,10,5.0,1.0,0,
613,Casey Hampton,33,PIT,NT,15,14,0,0,0,0,0,1,0,0,0,0,1.0,20,10,10,0.0,1.0,0,
614,Chad Henne,25,MIA,QB,15,14,0,0,0,0,0,0,5,3,-22,0,0.0,0,0,0,,,0,
615,Darrius Heyward-Bey,23,OAK,WR,15,14,0,0,0,0,0,0,1,0,0,0,0.0,0,0,0,0.0,0.0,0,
616,Mohamed Massaquoi,24,CLE,WR,15,14,0,0,0,0,0,0,1,0,0,0,0.0,0,0,0,0.0,0.0,0,
617,Mike Patterson,27,PHI,LDT,15,14,0,0,0,0,0,0,0,1,0,0,2.0,37,30,7,4.0,2.0,0,
618,Julian Peterson,32,DET,RLB,15,14,0,0,0,0,5,0,0,2,0,0,1.0,83,56,27,8.0,0.0,0,
619,Marcus Stroud,32,BUF,LDE,15,14,0,0,0,0,2,1,0,0,0,0,3.0,49,29,20,6.0,3.0,0,
620,John Abraham,32,ATL,LDE,15,13,1,6,0,6,4,1,0,0,0,0,13.0,41,36,5,18.0,17.0,0,"PB,AP-1"
621,Ron Bartell,28,STL,LCB,15,13,0,0,0,0,10,1,0,0,0,0,0.0,61,55,6,2.0,0.0,0,
622,Kevin Boss,26,NYG,TE,15,13,0,0,0,0,0,0,1,0,0,0,0.0,0,0,0,0.0,0.0,0,
623,Craig Dahl,25,STL,SS,15,13,2,23,0,23,6,1,0,1,0,0,1.0,98,87,11,6.0,2.0,0,
624,David Gettis,23,CAR,WR,15,13,0,0,0,0,0,0,0,0,0,0,0.0,1,1,0,0.0,0.0,0,
625,Le'Ron McClain,26,BAL,FB,15,13,0,0,0,0,0,0,0,0,0,0,0.0,3,3,0,,,0,
626,LeSean McCoy,22,PHI,RB,15,13,0,0,0,0,0,0,2,1,0,0,0.0,0,0,0,0.0,0.0,0,
627,Keith Rivers,24,CIN,RLB,15,13,0,0,0,0,2,0,0,0,0,0,1.0,77,51,26,6.0,2.0,0,
628,Craig Stevens,26,TEN,TE,15,13,0,0,0,0,0,0,0,0,0,0,0.0,2,2,0,0.0,0.0,0,
629,LaDainian Tomlinson,31,NYJ,RB,15,13,0,0,0,0,0,0,4,2,0,0,0.0,0,0,0,0.0,0.0,0,
630,Desmond Bishop,26,GNB,RILB,15,12,1,32,1,32,8,2,0,0,0,0,3.0,103,75,28,3.0,5.0,0,
631,Quentin Groves,26,OAK,LLB,15,12,1,-4,0,-4,2,0,0,2,0,0,0.0,40,29,11,4.0,2.0,1,
632,Brodney Pool,26,NYJ,FS,15,12,1,0,0,0,11,1,0,1,6,0,1.0,53,39,14,2.0,2.0,0,
633,Kevin Vickerson,27,DEN,LDE,15,12,1,4,0,4,3,1,0,0,0,0,2.0,43,33,10,3.0,2.0,0,
634,Anthony Armstrong,27,WAS,WR,15,11,0,0,0,0,0,0,1,1,0,0,0.0,6,4,2,0.0,0.0,0,
635,Jermaine Cunningham,22,NWE,ROLB,15,11,0,0,0,0,1,2,0,0,0,0,1.0,35,28,7,5.0,4.0,0,
636,Bear Pascoe,24,NYG,TE,15,11,0,0,0,0,0,0,0,0,0,0,0.0,3,3,0,0.0,0.0,0,
637,Cory Redding,30,BAL,RDE,15,11,1,0,0,0,4,0,0,0,0,0,3.0,42,31,11,8.0,7.0,0,
638,Wes Welker,29,NWE,WR,15,11,0,0,0,0,0,0,1,2,0,0,0.0,0,0,0,0.0,0.0,0,"PB,AP CPoY-4"
639,Akin Ayodele,31,BUF,LILB,15,10,0,0,0,0,4,0,0,0,0,0,0.0,106,60,46,3.0,0.0,0,
640,Don Carey,23,JAX,FS,15,10,1,7,0,7,1,0,0,0,0,0,0.0,55,40,15,3.0,1.0,0,
641,Zach Diles,25,HOU,RLB,15,10,0,0,0,0,0,0,0,0,0,0,0.0,82,59,23,4.0,3.0,0,
642,Antonio Dixon,25,PHI,RDT,15,10,0,0,0,0,2,0,0,0,0,0,2.0,30,25,5,6.0,2.0,0,
643,Jermaine Gresham,22,CIN,TE,15,10,0,0,0,0,0,0,2,0,0,0,0.0,0,0,0,0.0,0.0,0,
644,Artis Hicks,32,WAS,RG,15,10,0,0,0,0,0,0,0,0,0,0,0.0,1,1,0,0.0,0.0,0,
645,Arrelious Benn,22,TAM,WR,15,9,0,0,0,0,0,0,1,0,0,0,0.0,9,8,1,0.0,0.0,0,
646,Perrish Cox,23,DEN,RCB,15,9,1,15,0,15,14,2,1,0,0,0,0.0,58,57,1,2.0,0.0,0,
647,Reed Doughty,28,WAS,SS,15,9,0,0,0,0,2,1,0,0,0,0,1.0,93,54,39,1.0,1.0,0,
648,James Sanders,27,NWE,SS,15,9,3,60,1,32,6,0,0,1,0,0,0.0,59,43,16,0.0,0.0,0,
649,Amari Spievey,22,DET,SS,15,9,2,35,0,26,3,0,0,0,0,0,0.0,51,37,14,3.0,3.0,0,
650,Roy Williams,29,DAL,WR,15,9,0,0,0,0,0,0,3,0,0,0,0.0,0,0,0,0.0,0.0,0,
651,Jeremy Zuttah,24,TAM,C,15,9,0,0,0,0,0,0,1,1,-2,0,0.0,0,0,0,0.0,0.0,0,
652,C.C. Brown,27,DET,SS,15,8,0,0,0,0,4,1,0,0,0,0,0.0,46,37,9,1.0,2.0,0,
653,Turk McBride,25,DET,RDE,15,8,0,0,0,0,0,3,0,1,0,0,5.0,33,16,17,4.0,11.0,0,
654,Jeremy Mincey,27,JAX,LDE,15,8,0,0,0,0,3,0,0,0,0,0,5.0,31,25,6,9.0,7.0,0,
655,Sean Smith,23,MIA,RCB,15,8,1,18,0,18,9,0,0,0,0,0,0.0,51,43,8,1.0,0.0,0,
656,Jason Allen,27,2TM,DB,15,7,6,18,0,17,12,0,0,0,0,0,0.0,59,46,13,0.0,0.0,0,
656,Jason Allen,27,MIA,RCB,8,7,3,17,0,17,8,0,0,0,0,0,0.0,32,22,10,0.0,0.0,0,
656,Jason Allen,27,HOU,DB,7,0,3,1,0,1,4,0,0,0,0,0,0.0,27,24,3,0.0,0.0,0,
657,Derrick Harvey,24,JAX,LDE,15,7,0,0,0,0,1,0,0,0,0,0,2.5,12,11,1,3.0,5.0,0,
658,Jacob Hester,25,SDG,RB,15,7,0,0,0,0,0,0,0,2,0,0,0.0,7,6,1,0.0,0.0,0,
659,Jacoby Jones,26,HOU,WR,15,7,0,0,0,0,0,0,1,1,0,0,0.0,0,0,0,0.0,0.0,0,
660,Ben Patrick,26,ARI,TE,15,7,0,0,0,0,0,0,1,0,0,0,0.0,0,0,0,0.0,0.0,0,
661,Tully Banta-Cain,30,NWE,LOLB,15,6,0,0,0,0,0,1,0,0,0,0,5.0,45,36,9,5.0,13.0,0,
662,Joselio Hanson,29,PHI,LCB,15,6,1,17,0,17,7,0,0,0,0,0,0.0,36,31,5,0.0,0.0,0,
663,Tommie Harris,27,CHI,LDT,15,6,0,0,0,0,1,0,0,2,9,0,1.5,13,9,4,2.0,5.0,0,
664,Donald Lee,30,GNB,TE,15,6,0,0,0,0,0,0,1,0,0,0,0.0,2,2,0,0.0,0.0,0,
665,Ben Obomanu,27,SEA,WR,15,6,0,0,0,0,0,0,0,0,0,0,0.0,6,6,0,0.0,0.0,0,
666,Nick Roach,25,CHI,RLB,15,6,0,0,0,0,1,0,0,0,0,0,0.0,16,11,5,0.0,0.0,0,
667,Andre Caldwell,25,CIN,WR,15,5,0,0,0,0,0,0,1,0,0,0,0.0,2,2,0,0.0,0.0,0,
668,Josh Cribbs,27,CLE,WR,15,5,0,0,0,0,0,0,7,4,0,0,0.0,0,0,0,0.0,0.0,0,
669,Jimmy Graham,24,NOR,TE,15,5,0,0,0,0,0,0,1,1,20,0,0.0,1,1,0,0.0,0.0,0,
670,Donald Jones,23,BUF,WR,15,5,0,0,0,0,0,0,0,0,0,0,0.0,9,8,1,0.0,0.0,0,
671,Zach Miller,26,JAX,TE,15,5,0,0,0,0,0,0,0,0,0,0,0.0,7,5,2,0.0,0.0,0,
672,Owen Schmitt,25,PHI,FB,15,5,0,0,0,0,0,0,0,1,0,0,0.0,1,1,0,0.0,0.0,0,
673,David Bowens,33,CLE,DE,15,4,2,94,2,64,6,0,0,0,0,0,0.5,40,26,14,1.0,3.0,0,
674,Nic Harris,24,CAR,DB,15,4,0,0,0,0,0,0,0,1,0,0,1.5,37,28,9,2.0,2.0,0,
675,Reagan Maui'a,26,ARI,RB,15,4,0,0,0,0,0,0,0,0,0,0,0.0,5,4,1,0.0,0.0,0,
676,Arthur Moats,22,BUF,LB,15,4,0,0,0,0,1,1,0,0,0,0,2.5,33,18,15,1.0,6.0,0,
677,Tony Scheffler,27,DET,TE,15,4,0,0,0,0,0,0,1,0,0,0,0.0,0,0,0,0.0,0.0,0,
678,Mike Tolbert,25,SDG,RB,15,4,0,0,0,0,0,0,5,0,0,0,0.0,8,5,3,0.0,0.0,0,
679,Darius Butler,24,NWE,DB,15,3,0,0,0,0,6,0,0,1,0,0,0.0,23,22,1,0.0,0.0,0,
680,Ed Dickson,23,BAL,TE,15,3,0,0,0,0,0,0,0,0,0,0,0.0,3,3,0,0.0,0.0,0,
681,Julian Edelman,24,NWE,WR,15,3,0,0,0,0,0,0,1,0,0,0,0.0,0,0,0,0.0,0.0,0,
682,Cameron Morrah,23,SEA,TE,15,3,0,0,0,0,0,0,0,0,0,0,0.0,2,1,1,0.0,0.0,0,
683,Brandon Myers,25,OAK,TE,15,3,0,0,0,0,0,0,1,0,0,0,0.0,2,2,0,0.0,0.0,0,
684,Keiland Williams,24,WAS,RB,15,3,0,0,0,0,0,0,1,0,0,0,0.0,1,1,0,0.0,0.0,0,
685,Danny Woodhead,25,2TM,RB,15,3,0,0,0,0,0,0,1,0,0,0,0.0,10,10,0,0.0,0.0,0,
685,Danny Woodhead,25,NYJ,RB,1,0,0,0,0,0,0,0,0,0,0,0,0.0,1,1,0,0.0,0.0,0,
685,Danny Woodhead,25,NWE,RB,14,3,0,0,0,0,0,0,1,0,0,0,0.0,9,9,0,0.0,0.0,0,
686,Mike Adams,29,CLE,DB,15,2,2,51,0,26,6,0,0,0,0,0,1.0,46,39,7,1.0,2.0,0,
687,Mark Anderson,27,2TM,DE,15,3,0,0,0,0,2,0,0,0,0,0,4.0,29,24,5,7.0,9.0,0,
687,Mark Anderson,27,CHI,DE,4,1,0,0,0,0,0,0,0,0,0,0,0.0,8,8,0,1.0,1.0,0,
687,Mark Anderson,27,HOU,DE,11,2,0,0,0,0,2,0,0,0,0,0,4.0,21,16,5,6.0,8.0,0,
688,Marcus Benard,25,CLE,LB,15,2,0,0,0,0,2,0,0,0,0,0,7.5,28,18,10,8.0,18.0,0,
689,Bobby Carpenter,27,2TM,LB,15,4,0,0,0,0,2,0,0,0,0,0,0.0,40,30,10,2.0,1.0,0,
689,Bobby Carpenter,27,MIA,LB,5,2,0,0,0,0,0,0,0,0,0,0,0.0,10,9,1,0.0,0.0,0,
689,Bobby Carpenter,27,DET,LB,10,2,0,0,0,0,2,0,0,0,0,0,0.0,30,21,9,2.0,1.0,0,
690,Kurt Coleman,22,PHI,DB,15,2,1,7,0,7,2,0,0,0,0,0,0.0,36,31,5,2.0,0.0,0,
691,Shonn Greene,25,NYJ,RB,15,2,0,0,0,0,0,0,3,0,0,0,0.0,0,0,0,0.0,0.0,0,
692,Vonnie Holliday,35,WAS,DE,15,2,0,0,0,0,3,0,0,0,0,0,2.5,29,16,13,4.0,7.0,0,
693,Willis McGahee,29,BAL,RB,15,2,0,0,0,0,0,0,2,0,0,0,0.0,0,0,0,,,0,
694,Jake O'Connell,25,KAN,TE,15,2,0,0,0,0,0,0,0,0,0,0,0.0,1,1,0,0.0,0.0,0,
695,Jordan Pugh,22,CAR,DB,15,2,1,-2,0,-2,3,0,0,0,0,0,0.0,13,9,4,0.0,1.0,0,
696,Andre Roberts,22,ARI,WR,15,2,0,0,0,0,0,0,2,0,0,0,0.0,0,0,0,,,0,
697,Adam Snyder,28,SFO,G,15,2,0,0,0,0,0,0,0,1,0,0,0.0,0,0,0,0.0,0.0,0,
698,Torell Troup,22,BUF,DT,15,2,0,0,0,0,2,0,0,0,0,0,0.0,23,11,12,1.0,1.0,0,
699,C.J. Wilson,23,GNB,DE,15,2,0,0,0,0,0,0,0,0,0,0,1.0,19,13,6,2.0,4.0,0,
700,Ahmad Brooks,26,SFO,LB,15,1,1,32,0,32,2,0,0,0,0,0,5.0,31,29,2,8.0,10.0,0,
701,Stevie Brown,23,OAK,DB,15,1,0,0,0,0,2,0,0,0,0,0,0.0,30,25,5,0.0,0.0,0,
702,Toby Gerhart,23,MIN,RB,15,1,0,0,0,0,0,0,3,0,0,0,0.0,1,1,0,0.0,0.0,0,
703,Chris Hoke,34,PIT,NT,15,1,0,0,0,0,0,0,0,1,0,0,0.0,12,7,5,2.0,1.0,0,
704,Sam Hurd,25,DAL,WR,15,1,0,0,0,0,0,0,0,0,0,0,0.0,19,14,5,0.0,0.0,0,
705,Bryan Kehl,26,2TM,LB,15,1,0,0,0,0,0,0,0,0,0,0,0.0,38,30,8,4.0,2.0,0,
705,Bryan Kehl,26,NYG,LB,1,0,0,0,0,0,0,0,0,0,0,0,0.0,3,2,1,0.0,0.0,0,
705,Bryan Kehl,26,STL,LB,14,1,0,0,0,0,0,0,0,0,0,0,0.0,35,28,7,4.0,2.0,0,
706,Trevor Laws,25,PHI,DT,15,1,1,13,0,13,5,1,1,0,0,0,4.0,15,13,2,5.0,8.0,0,
707,Tony McDaniel,25,MIA,DT,15,1,0,0,0,0,4,0,0,0,0,0,2.5,36,30,6,3.0,4.0,0,
708,Pierson Prioleau,33,NOR,DB,15,1,0,0,0,0,0,0,0,0,0,0,0.5,18,13,5,1.0,1.0,0,
709,Shaun Rogers,31,CLE,DT,15,1,0,0,0,0,0,0,0,0,0,0,2.0,17,14,3,2.0,12.0,0,
710,Aaron Ross,28,NYG,DB,15,1,0,0,0,0,4,0,1,0,0,0,1.0,36,25,11,3.0,2.0,0,
711,Bryan Scott,29,BUF,DB,15,1,0,0,0,0,5,1,1,2,17,0,3.0,39,28,11,6.0,4.0,0,
712,Dekoda Watson,22,TAM,LB,15,1,0,0,0,0,1,0,0,0,0,0,0.0,31,26,5,1.0,0.0,0,
713,Jason Wright,28,ARI,RB,15,1,0,0,0,0,0,0,1,0,0,0,0.0,12,8,4,0.0,0.0,0,
714,Phillip Adams,22,SFO,DB,15,0,0,0,0,0,1,0,1,0,0,0,0.0,13,9,4,0.0,0.0,0,
715,Arnaz Battle,30,PIT,WR,15,0,0,0,0,0,0,0,0,0,0,0,0.0,9,7,2,0.0,0.0,0,
716,Tarell Brown,25,SFO,DB,15,0,1,62,1,62,5,0,0,0,0,0,0.0,39,36,3,0.0,0.0,0,
717,Desmond Bryant,25,OAK,DT,15,0,0,0,0,0,0,0,0,0,0,0,2.5,21,15,6,4.0,4.0,0,
718,Correll Buckhalter,32,DEN,RB,15,0,0,0,0,0,0,0,1,0,0,0,0.0,0,0,0,,,0,
719,Victor Butler,23,DAL,LB,15,0,0,0,0,0,0,1,0,0,0,0,2.0,24,19,5,1.0,3.0,0,
720,Barry Church,22,DAL,DB,15,0,0,0,0,0,0,1,0,0,0,0,0.0,20,15,5,0.0,0.0,0,
721,Morgan Cox,24,BAL,LS,15,0,0,0,0,0,0,0,0,0,0,0,0.0,1,1,0,0.0,0.0,0,
722,Tyrone Culver,27,MIA,DB,15,0,0,0,0,0,1,0,0,0,0,0,0.0,25,23,2,1.0,0.0,0,
723,Dexter Davis,24,SEA,LB,15,0,0,0,0,0,0,0,0,1,0,0,1.0,13,10,3,2.0,2.0,0,
724,Leger Douzable,24,JAX,DE,15,0,0,0,0,0,0,0,0,0,0,0,0.0,8,5,3,1.0,0.0,0,
725,Letroy Guion,23,MIN,DT,15,0,0,0,0,0,0,1,0,0,0,0,2.0,16,12,4,3.0,4.0,0,
726,Greg Hardy,22,CAR,DE,15,0,0,0,0,0,1,2,0,0,0,0,3.0,30,24,6,6.0,9.0,1,
727,Will Herring,27,SEA,LB,15,0,1,0,0,0,2,1,0,0,0,0,1.0,36,30,6,3.0,1.0,0,
728,Sammie Lee Hill,24,DET,DT,15,0,0,0,0,0,0,0,0,1,0,0,2.5,22,16,6,,,0,
729,Pat McAfee,23,IND,P,15,0,0,0,0,0,0,0,0,0,0,0,0.0,2,1,1,0.0,0.0,0,
730,Earl Mitchell,23,HOU,DT,15,0,0,0,0,0,0,0,0,0,0,0,1.0,28,18,10,3.0,1.0,0,
731,Mewelde Moore,28,PIT,RB,15,0,0,0,0,0,0,0,0,1,0,0,0.0,0,0,0,0.0,0.0,0,
732,Quentin Moses,27,MIA,DE,15,0,0,0,0,0,0,0,0,1,0,0,1.0,18,14,4,3.0,4.0,0,
733,Eric Norwood,22,CAR,LB,15,0,0,0,0,0,0,1,0,0,0,0,1.0,13,13,0,0.0,0.0,0,
734,Ogemdi Nwagbuo,25,SDG,DT,15,0,0,0,0,0,0,0,0,1,0,0,0.5,19,14,5,2.0,1.0,0,
735,Shann Schillinger,24,ATL,DB,15,0,0,0,0,0,0,0,0,0,0,0,0.0,8,6,2,0.0,0.0,0,
736,Matthew Slater,25,NWE,WR,15,0,0,0,0,0,0,0,0,0,0,0,0.0,16,15,1,0.0,0.0,0,
737,Nick Sorensen,32,CLE,DB,15,0,0,0,0,0,0,0,0,1,0,0,0.0,14,10,4,0.0,0.0,0,
738,Lawrence Tynes,32,NYG,K,15,0,0,0,0,0,0,0,0,0,0,0,0.0,1,1,0,0.0,0.0,0,
739,Lardarius Webb,25,BAL,DB,15,0,2,32,0,32,9,0,2,2,0,0,0.0,54,47,7,1.0,2.0,0,
740,Dan Williams,23,ARI,NT,15,0,0,0,0,0,2,0,0,0,0,0,0.0,38,27,11,1.0,0.0,0,
741,Rod Wilson,29,CHI,DB,15,0,0,0,0,0,0,0,0,0,0,0,0.0,10,7,3,0.0,0.0,0,
742,Coy Wire,32,ATL,DB,15,0,0,0,0,0,0,0,0,1,0,0,0.0,12,8,4,0.0,0.0,0,
743,Nnamdi Asomugha,29,OAK,RCB,14,14,0,0,0,0,6,0,0,0,0,0,0.0,19,17,2,0.0,2.0,0,"PB,AP-1"
744,Nate Burleson,29,DET,WR,14,14,0,0,0,0,0,0,2,0,0,0,0.0,0,0,0,0.0,0.0,0,
745,Chris Chester,27,BAL,RG,14,14,0,0,0,0,0,0,0,1,0,0,0.0,0,0,0,0.0,0.0,0,
746,Ray Edwards,25,MIN,LDE,14,14,0,0,0,0,3,0,0,0,0,0,8.0,37,28,9,9.0,18.0,0,
747,David Garrard,32,JAX,QB,14,14,0,0,0,0,0,0,11,3,-19,0,0.0,0,0,0,0.0,0.0,0,
748,Matt Hasselbeck,35,SEA,QB,14,14,0,0,0,0,0,0,7,1,0,0,0.0,0,0,0,0.0,0.0,0,
749,DeSean Jackson,24,PHI,WR,14,14,0,0,0,0,0,0,4,1,0,0,0.0,0,0,0,0.0,0.0,0,"PB,AP OPoY-5"
750,Kelly Jennings,28,SEA,RCB,14,14,1,0,0,0,13,0,0,0,0,0,0.0,40,35,5,0.0,0.0,0,
751,Maurice Jones-Drew,25,JAX,RB,14,14,0,0,0,0,0,0,2,2,0,0,0.0,0,0,0,0.0,0.0,0,PB
752,Brandon Marshall,26,MIA,WR,14,14,0,0,0,0,0,0,2,1,0,0,0.0,0,0,0,0.0,0.0,0,
753,Heath Miller,28,PIT,TE,14,14,0,0,0,0,0,0,1,0,0,0,0.0,0,0,0,0.0,0.0,0,
754,Daniel Muir,27,IND,RDT,14,14,0,0,0,0,0,0,0,0,0,0,0.0,38,29,9,3.0,2.0,0,
755,Troy Polamalu,29,PIT,SS,14,14,7,101,1,45,11,1,0,1,0,0,1.0,63,49,14,6.0,2.0,0,"PB,AP-1,AP DPoY-1,AP CPoY-7"
756,Joey Porter,33,ARI,LOLB,14,14,0,0,0,0,0,2,0,0,0,0,5.0,50,38,12,8.0,13.0,0,
757,Paul Posluszny,26,BUF,RILB,14,14,0,0,0,0,4,0,0,0,0,0,2.0,151,103,48,6.0,4.0,0,
758,Scott Shanle,31,NOR,RLB,14,14,0,0,0,0,2,1,0,1,0,0,0.0,76,55,21,2.0,3.0,0,
759,Steve Smith Sr.,31,CAR,WR,14,14,0,0,0,0,0,0,3,1,0,0,0.0,0,0,0,0.0,0.0,0,
760,John Sullivan,25,MIN,C,14,14,0,0,0,0,0,0,2,0,-14,0,0.0,0,0,0,0.0,0.0,0,
761,Eric Wood,24,BUF,RG,14,14,0,0,0,0,0,0,0,1,0,0,0.0,0,0,0,,,0,
762,Patrick Chung,23,NWE,SS,14,13,3,96,1,51,9,0,0,0,0,0,0.0,96,72,24,4.0,1.0,0,
763,Karlos Dansby,29,MIA,RILB,14,13,0,0,0,0,4,2,0,0,0,0,3.0,95,78,17,7.0,4.0,0,
764,Jabari Greer,28,NOR,LCB,14,13,2,50,1,26,12,0,0,1,0,0,0.0,61,54,7,3.0,0.0,0,
765,Percy Harvin,22,MIN,WR,14,13,0,0,0,0,0,0,1,0,0,0,0.0,0,0,0,0.0,0.0,0,
766,Bo Scaife,29,TEN,TE,14,13,0,0,0,0,0,0,2,1,0,0,0.0,0,0,0,,,0,
767,Mike Sims-Walker,26,JAX,WR,14,13,0,0,0,0,0,0,1,0,0,0,0.0,0,0,0,0.0,0.0,0,
768,Matt Spaeth,27,PIT,TE,14,13,0,0,0,0,0,0,0,0,0,0,0.0,1,1,0,0.0,0.0,0,
769,Greg Toler,25,ARI,RCB,14,13,2,66,1,66,9,2,0,1,0,0,1.0,90,82,8,2.0,1.0,0,
770,Madieu Williams,29,MIN,FS,14,13,1,0,0,0,2,1,0,0,0,0,0.5,75,50,25,1.0,1.0,0,
771,Eugene Wilson,30,HOU,FS,14,13,0,0,0,0,3,0,0,0,0,0,0.0,56,41,15,0.0,0.0,0,
772,Chad Johnson,32,CIN,WR,14,12,0,0,0,0,0,0,0,1,6,0,0.0,0,0,0,0.0,0.0,0,
773,Ma'ake Kemoeatu,31,WAS,NT,14,12,0,0,0,0,0,0,0,0,0,0,0.0,29,19,10,1.0,1.0,0,
774,Ryan Pickett,31,GNB,LDE,14,12,0,0,0,0,1,0,0,1,0,0,1.0,32,24,8,3.0,0.0,0,
775,Asher Allen,22,MIN,RCB,14,11,2,27,0,27,7,0,0,0,0,0,0.0,58,43,15,0.0,0.0,0,
776,Courtney Greene,24,JAX,SS,14,11,1,8,0,8,4,1,0,1,0,0,0.0,78,58,20,2.0,0.0,0,
777,Charlie Peprah,27,GNB,SS,14,11,2,0,0,0,5,0,0,0,0,0,0.0,63,46,17,3.0,0.0,0,
778,Danny Clark,33,NOR,LLB,14,10,0,0,0,0,1,1,0,0,0,0,0.0,59,47,12,4.0,2.0,0,
779,Nick Hayden,24,CAR,LDT,14,10,0,0,0,0,1,0,0,0,0,0,1.0,31,20,11,1.0,4.0,0,
780,Bernard Berrian,30,MIN,WR,14,9,0,0,0,0,0,0,2,2,0,0,0.0,0,0,0,0.0,0.0,0,
781,Tony Fiammetta,24,CAR,FB,14,9,0,0,0,0,0,0,0,0,0,0,0.0,3,2,1,0.0,0.0,0,
782,Louis Murphy,23,OAK,WR,14,9,0,0,0,0,0,0,2,1,0,0,0.0,0,0,0,0.0,0.0,0,
783,Josh Wilson,25,BAL,RCB,14,9,3,12,1,12,14,0,1,1,0,0,0.0,40,37,3,2.0,0.0,0,
784,Brody Eldridge,23,IND,TE,14,8,0,0,0,0,0,1,0,0,0,0,0.0,1,1,0,0.0,0.0,0,
785,Pat Sims,25,CIN,RDT,14,8,0,0,0,0,1,0,0,0,0,0,2.5,31,19,12,4.0,8.0,0,
786,Delanie Walker,26,SFO,TE,14,8,0,0,0,0,0,0,1,0,0,0,0.0,10,8,2,0.0,0.0,0,
787,Fabian Washington,27,BAL,RCB,14,8,0,0,0,0,8,0,0,0,0,0,0.0,31,29,2,1.0,0.0,0,
788,Maurice Morris,31,DET,RB,14,7,0,0,0,0,0,0,1,1,0,0,0.0,2,1,1,0.0,0.0,0,
789,Jonathan Stewart,23,CAR,RB,14,7,0,0,0,0,0,0,4,0,0,0,0.0,0,0,0,0.0,0.0,0,
790,Jeremy Trueblood,27,TAM,RT,14,7,0,0,0,0,0,0,0,1,0,0,0.0,0,0,0,0.0,0.0,0,
791,Kris Wilson,29,SDG,TE,14,7,0,0,0,0,0,0,1,0,0,0,0.0,7,5,2,0.0,0.0,0,
792,Spencer Johnson,29,BUF,RDE,14,6,0,0,0,0,3,1,0,1,0,0,2.0,55,41,14,4.0,1.0,0,
793,Sam Shields,23,GNB,DB,14,6,2,0,0,0,6,0,0,0,0,0,0.0,29,25,4,1.0,0.0,0,
794,Junior Siavii,32,SEA,RDT,14,6,0,0,0,0,2,0,0,0,0,0,0.0,30,24,6,2.0,3.0,0,
795,Brodrick Bunkley,27,PHI,RDT,14,5,0,0,0,0,1,0,0,0,0,0,0.0,20,17,3,4.0,0.0,0,
796,Sean Considine,28,JAX,FS,14,5,1,-2,0,-2,3,1,0,1,0,0,1.0,52,43,9,1.0,1.0,0,
797,Jerricho Cotchery,28,NYJ,WR,14,5,0,0,0,0,0,0,0,1,0,0,0.0,0,0,0,0.0,0.0,0,
798,Jacob Ford,27,TEN,RDE,14,5,0,0,0,0,0,1,0,0,0,0,3.0,42,31,11,8.0,8.0,0,
799,Nathan Vasher,29,DET,RCB,14,5,1,0,0,0,5,0,0,0,0,0,0.0,19,15,4,2.0,1.0,0,
800,David Vobora,24,STL,LLB,14,5,0,0,0,0,0,0,0,0,0,0,2.0,37,29,8,2.0,2.0,0,
801,Brian Westbrook,31,SFO,RB,14,5,0,0,0,0,0,0,0,1,0,0,0.0,0,0,0,,,0,
802,James Butler,28,STL,DB,14,4,2,13,0,16,3,1,0,1,49,0,0.0,20,18,2,1.0,0.0,0,
803,Wayne Hunter,29,NYJ,T,14,4,0,0,0,0,0,0,0,0,0,0,0.0,1,0,1,0.0,0.0,0,
804,Richard Quinn,24,DEN,TE,14,4,0,0,0,0,0,0,0,0,0,0,0.0,8,6,2,0.0,0.0,0,
805,Earl Bennett,23,CHI,WR,14,3,0,0,0,0,0,0,1,1,0,0,0.0,0,0,0,0.0,0.0,0,
806,Michael Bush,26,OAK,RB,14,3,0,0,0,0,0,0,0,1,0,0,0.0,0,0,0,0.0,0.0,0,
807,Nate Byham,22,SFO,TE,14,3,0,0,0,0,0,0,0,0,0,0,0.0,1,1,0,0.0,0.0,0,
808,Dwight Lowery,24,NYJ,DB,14,3,3,87,2,41,7,0,0,2,2,0,2.0,19,16,3,2.0,2.0,0,
809,Jamar Chaney,24,PHI,LB,14,2,0,0,0,0,1,1,0,0,0,0,0.0,42,33,9,5.0,0.0,0,
810,Omar Gaither,26,PHI,LB,14,2,0,0,0,0,0,0,0,0,0,0,0.0,36,32,4,2.0,0.0,0,
811,Antonio Johnson,26,IND,DT,14,2,0,0,0,0,0,0,0,1,0,0,0.5,26,20,6,1.0,3.0,0,
812,Brandon LaFell,24,CAR,WR,14,2,0,0,0,0,0,0,0,1,0,0,0.0,0,0,0,0.0,0.0,0,
813,Ricky Brown,27,OAK,LB,14,1,0,0,0,0,1,1,0,2,0,0,0.0,13,8,5,0.0,0.0,0,
814,Phillip Daniels,37,WAS,DE,14,1,0,0,0,0,0,0,0,0,0,0,2.0,21,15,6,3.0,4.0,0,
815,Jovan Haye,28,TEN,DT,14,1,0,0,0,0,1,0,0,0,0,0,0.0,31,22,9,1.0,1.0,0,
816,C.J. Spiller,23,BUF,RB,14,1,0,0,0,0,0,0,5,0,0,0,0.0,1,1,0,0.0,0.0,0,
817,Darryl Tapp,26,PHI,DE,14,1,0,0,0,0,4,0,0,3,0,0,3.0,27,26,1,8.0,8.0,0,
818,Walter Thurmond,23,SEA,DB,14,1,0,0,0,0,7,0,1,0,0,0,0.0,37,33,4,0.0,1.0,0,
819,Will Allen,28,PIT,DB,14,0,0,0,0,0,0,0,0,1,0,0,0.0,12,11,1,0.0,0.0,0,
820,Rocky Bernard,31,NYG,DT,14,0,0,0,0,0,4,0,0,0,0,0,2.0,18,16,2,3.0,2.0,0,
821,Chase Blackburn,27,NYG,LB,14,0,0,0,0,0,0,0,0,2,0,0,0.0,19,15,4,0.0,0.0,0,
822,Kenneth Darby,28,STL,RB,14,0,0,0,0,0,0,0,0,0,0,0,0.0,9,8,1,0.0,0.0,0,
823,Eric Decker,23,DEN,WR,14,0,0,0,0,0,0,0,3,0,0,0,0.0,9,8,1,0.0,0.0,0,
824,Hiram Eugene,30,OAK,DB,14,0,0,0,0,0,0,1,0,3,0,0,0.0,22,21,1,0.0,0.0,0,
825,Eric Frampton,26,MIN,DB,14,0,0,0,0,0,0,0,0,0,0,0,0.0,14,10,4,1.0,0.0,0,
826,Anthony Hargrove,27,NOR,DE,14,0,0,0,0,0,0,2,0,0,0,0,1.0,26,17,9,,,0,
827,Larry Hart,23,JAX,DE,14,0,0,0,0,0,1,0,0,0,0,0,1.5,9,5,4,2.0,4.0,0,
828,Garrett Hartley,24,NOR,K,14,0,0,0,0,0,0,0,0,0,0,0,0.0,1,1,0,0.0,0.0,0,
829,William Hayes,25,TEN,DE,14,0,0,0,0,0,0,1,0,0,0,0,1.5,32,25,7,3.0,7.0,0,
830,Marcus Hudson,28,CAR,DB,14,0,0,0,0,0,2,0,0,0,0,0,0.0,19,17,2,0.0,0.0,0,
831,James Ihedigbo,27,NYJ,DB,14,0,0,0,0,0,0,0,0,1,0,0,3.0,22,21,1,4.0,5.0,0,
832,Niko Koutouvides,29,TAM,LB,14,0,0,0,0,0,0,0,0,0,0,0,0.0,12,11,1,0.0,0.0,0,
833,Travis LaBoy,29,SFO,DE,14,0,0,0,0,0,2,1,0,1,0,0,5.0,28,21,7,6.0,10.0,0,
834,Sean Lee,24,DAL,LB,14,0,2,44,1,31,2,1,0,0,0,0,0.0,31,26,5,3.0,0.0,0,
835,Roy Lewis,25,SEA,DB,14,0,0,0,0,0,4,1,0,1,0,0,1.0,26,20,6,2.0,1.0,0,
836,Corey Mays,27,KAN,LB,14,0,0,0,0,0,0,0,0,0,0,0,0.0,6,6,0,0.0,0.0,0,
837,Trumaine McBride,25,ARI,DB,14,0,0,0,0,0,1,0,0,0,0,0,0.0,16,13,3,0.0,0.0,0,
838,Matt McCoy,28,SEA,LB,14,0,0,0,0,0,0,0,0,0,0,0,0.0,19,17,2,0.0,0.0,0,
839,Sherrick McManis,23,HOU,DB,14,0,1,1,0,1,1,0,0,0,0,0,0.0,13,9,4,0.0,0.0,0,
840,Antwaun Molden,25,HOU,DB,14,0,0,0,0,0,0,0,0,0,0,0,0.0,6,5,1,0.0,0.0,0,
841,Jarvis Moss,26,2TM,DE,14,0,0,0,0,0,0,0,0,0,0,0,1.0,8,4,4,0.0,4.0,0,
841,Jarvis Moss,26,DEN,DE,9,0,0,0,0,0,0,0,0,0,0,0,0.0,5,4,1,0.0,0.0,0,
841,Jarvis Moss,26,OAK,DE,5,0,0,0,0,0,0,0,0,0,0,0,1.0,3,0,3,0.0,4.0,0,
842,Roddrick Muckelroy,24,CIN,LB,14,0,0,0,0,0,0,2,0,0,0,0,0.0,10,4,6,0.0,0.0,0,
843,Jerome Murphy,23,STL,DB,14,0,1,19,0,19,3,1,0,1,0,0,0.0,30,25,5,2.0,0.0,0,
844,Derreck Robinson,28,CLE,DE,14,0,0,0,0,0,0,0,0,0,0,0,0.5,24,13,11,0.0,2.0,0,
845,Jordan Senn,26,CAR,LB,14,0,0,0,0,0,0,0,0,0,0,0,0.0,15,10,5,0.0,0.0,0,
846,Marcus Smith,25,BAL,WR,14,0,0,0,0,0,0,0,0,0,0,0,0.0,4,3,1,0.0,0.0,0,
847,Jason Snelling,27,ATL,RB,14,0,0,0,0,0,0,0,2,0,0,0,0.0,3,3,0,0.0,0.0,0,
848,Danny Ware,25,NYG,RB,14,0,0,0,0,0,0,0,0,1,0,0,0.0,2,1,1,0.0,0.0,0,
849,Matt Ware,28,ARI,DB,14,0,0,0,0,0,0,0,1,0,0,0,0.0,6,5,1,3.0,3.0,0,
850,Jason Worilds,22,PIT,DE,14,0,0,0,0,0,0,0,0,1,0,0,2.0,17,12,5,2.0,4.0,0,
851,Nate Allen,23,PHI,FS,13,13,3,27,0,16,8,1,0,0,0,0,2.0,48,42,6,3.0,1.0,0,
852,Eugene Amano,28,TEN,C,13,13,0,0,0,0,0,0,1,0,-10,0,0.0,0,0,0,0.0,0.0,0,
853,Cliff Avril,24,DET,LDE,13,13,0,0,0,0,5,1,0,1,10,0,8.5,33,23,10,8.0,14.0,0,
854,Lee Evans,29,BUF,WR,13,13,0,0,0,0,0,0,2,1,0,0,0.0,0,0,0,0.0,0.0,0,
855,Brett Favre,41,MIN,QB,13,13,0,0,0,0,0,0,7,2,-29,0,0.0,0,0,0,0.0,0.0,0,
856,Ryan Fitzpatrick,28,BUF,QB,13,13,0,0,0,0,0,0,8,3,0,0,0.0,0,0,0,0.0,0.0,0,
857,Kedric Golston,27,WAS,RDE,13,13,0,0,0,0,1,0,0,0,0,0,0.0,35,20,15,0.0,2.0,0,
858,Clark Haggans,33,ARI,ROLB,13,13,0,0,0,0,2,1,0,0,0,0,5.0,47,38,9,6.0,7.0,0,
859,Todd Heap,30,BAL,TE,13,13,0,0,0,0,0,0,1,0,0,0,0.0,0,0,0,,,0,
860,Andre Johnson,29,HOU,WR,13,13,0,0,0,0,0,0,1,1,0,0,0.0,0,0,0,0.0,0.0,0,PB
861,Winston Justice,26,PHI,RT,13,13,0,0,0,0,0,0,0,2,0,0,0.0,0,0,0,0.0,0.0,0,
862,Gerald McCoy,22,TAM,LDT,13,13,0,0,0,0,5,2,0,0,0,0,3.0,28,22,6,7.0,12.0,0,
863,Darren McFadden,23,OAK,RB,13,13,0,0,0,0,0,0,4,0,-7,0,0.0,0,0,0,0.0,0.0,0,
864,Donovan McNabb,34,WAS,QB,13,13,0,0,0,0,0,0,10,8,-27,0,0.0,0,0,0,0.0,0.0,0,
865,Knowshon Moreno,23,DEN,RB,13,13,0,0,0,0,0,0,3,0,0,0,0.0,0,0,0,0.0,0.0,0,
866,Kyle Orton,28,DEN,QB,13,13,0,0,0,0,0,0,4,0,-1,0,0.0,0,0,0,0.0,0.0,0,
867,Darrelle Revis,25,NYJ,LCB,13,13,0,0,0,0,10,0,0,2,10,0,0.0,32,26,6,0.0,0.0,0,"PB,AP-1"
868,Richard Seymour,31,OAK,LDT,13,13,0,0,0,0,2,0,0,1,13,0,5.5,48,36,12,10.0,13.0,0,PB
869,Chris Williams,25,CHI,LG,13,13,0,0,0,0,0,0,0,1,0,0,0.0,0,0,0,0.0,0.0,0,
870,Mario Williams,25,HOU,RDE,13,13,0,0,0,0,2,1,0,0,0,0,8.5,28,22,6,9.0,19.0,0,
871,Damien Woody,33,NYJ,RT,13,13,0,0,0,0,0,0,0,1,0,0,0.0,0,0,0,0.0,0.0,0,
872,Stacy Andrews,29,SEA,RG,13,12,0,0,0,0,0,0,0,1,0,0,0.0,0,0,0,0.0,0.0,0,
873,Jason Campbell,28,OAK,QB,13,12,0,0,0,0,0,0,9,5,-15,0,0.0,0,0,0,0.0,0.0,0,
874,Hakeem Nicks,22,NYG,WR,13,12,0,0,0,0,0,0,1,0,0,0,0.0,0,0,0,0.0,0.0,0,
875,Steve Breaston,27,ARI,WR,13,11,0,0,0,0,0,1,0,2,0,1,0.0,0,0,0,0.0,0.0,0,
876,Derek Cox,24,JAX,LCB,13,11,4,14,0,14,8,0,0,0,0,0,0.0,49,41,8,1.0,0.0,0,
877,Jimmy Clausen,23,CAR,QB,13,10,0,0,0,0,0,0,9,3,-28,0,0.0,0,0,0,0.0,0.0,0,
878,Juqua Parker,32,PHI,LDE,13,10,0,0,0,0,2,1,0,1,0,0,6.0,22,19,3,8.0,8.0,0,
879,Eric Wright,25,CLE,LCB,13,10,1,0,0,0,9,0,0,1,11,0,0.0,42,36,6,2.0,4.0,0,
880,Billy Bajema,28,STL,TE,13,8,0,0,0,0,0,0,1,1,0,0,0.0,0,0,0,0.0,0.0,0,
881,Kevin Bentley,31,HOU,MLB,13,8,1,18,0,18,1,0,0,1,8,0,0.0,55,35,20,3.0,2.0,0,
882,Keith Bulluck,33,NYG,LLB,13,8,2,7,0,6,2,0,0,1,10,0,0.0,31,21,10,0.0,0.0,0,
883,Jo-Lonn Dunbar,25,NOR,LLB,13,8,0,0,0,0,2,0,0,1,0,0,1.0,40,32,8,5.0,1.0,0,
884,David Thomas,27,NOR,TE,13,8,0,0,0,0,0,0,0,1,0,0,0.0,0,0,0,0.0,0.0,0,
885,Frank Zombo,23,GNB,ROLB,13,8,0,0,0,0,0,2,0,0,0,0,4.0,38,28,10,5.0,6.0,0,
886,LeGarrette Blount,24,TAM,RB,13,7,0,0,0,0,0,0,4,0,0,0,0.0,0,0,0,0.0,0.0,0,AP CPoY-7
887,Nick Cole,26,PHI,RG,13,7,0,0,0,0,0,0,0,0,0,0,0.0,1,1,0,,,0,
888,Brandon Graham,22,PHI,LDE,13,6,0,0,0,0,0,2,0,0,0,0,3.0,13,12,1,3.0,8.0,0,
889,Eric Smith,27,NYJ,FS,13,6,0,0,0,0,2,0,0,0,0,0,1.0,54,44,10,1.0,2.0,0,
890,Ron Brace,24,NWE,RDE,13,5,0,0,0,0,0,0,0,0,0,0,0.0,23,15,8,3.0,0.0,0,
891,Blair White,23,IND,WR,13,4,0,0,0,0,0,0,1,0,0,0,0.0,2,2,0,0.0,0.0,0,
892,Zackary Bowman,26,CHI,DB,13,3,0,0,0,0,0,1,0,1,0,0,0.0,32,28,4,1.0,1.0,0,
893,Andrew Quarless,22,GNB,TE,13,3,0,0,0,0,0,0,1,0,0,0,0.0,1,1,0,0.0,0.0,0,
894,Michael Bennett,25,TAM,DE,13,2,0,0,0,0,1,0,0,0,0,0,1.0,15,13,2,3.0,2.0,0,
895,Everette Brown,23,CAR,DE,13,2,1,0,0,0,1,1,0,0,0,0,3.5,25,20,5,3.0,7.0,0,
896,Riley Cooper,23,PHI,WR,13,2,0,0,0,0,0,0,0,0,0,0,0.0,3,3,0,0.0,0.0,0,
897,Tyjuan Hagler,29,IND,LB,13,2,1,35,0,35,3,0,0,1,0,0,1.0,59,48,11,1.0,1.0,0,
898,Reshad Jones,22,MIA,DB,13,2,1,0,0,0,2,0,0,1,0,0,1.0,21,18,3,2.0,1.0,0,
899,Lito Sheppard,29,MIN,DB,13,2,0,0,0,0,4,0,0,0,0,0,0.0,18,15,3,0.0,0.0,0,
900,LaRod Stephens-Howling,23,ARI,RB,13,2,0,0,0,0,0,0,0,1,0,0,0.0,4,4,0,0.0,0.0,0,
901,Beanie Wells,22,ARI,RB,13,2,0,0,0,0,0,0,1,1,0,0,0.0,0,0,0,,,0,
902,Nolan Carroll,23,MIA,DB,13,1,1,1,0,1,2,0,0,0,0,0,0.0,3,3,0,0.0,0.0,0,
903,Scott Chandler,25,2TM,TE,13,1,0,0,0,0,0,0,0,0,0,0,0.0,4,4,0,0.0,0.0,0,
903,Scott Chandler,25,DAL,TE,9,0,0,0,0,0,0,0,0,0,0,0,0.0,1,1,0,0.0,0.0,0,
903,Scott Chandler,25,BUF,TE,4,1,0,0,0,0,0,0,0,0,0,0,0.0,3,3,0,0.0,0.0,0,
904,Terrence Cody,22,BAL,DT,13,1,0,0,0,0,0,0,0,0,0,0,0.0,13,5,8,0.0,0.0,0,
905,Jason Hatcher,28,DAL,DE,13,1,0,0,0,0,0,0,0,1,0,0,1.0,13,9,4,2.0,2.0,0,
906,Johnnie Lee Higgins,27,OAK,WR,13,1,0,0,0,0,0,0,0,1,0,0,0.0,1,1,0,,,0,
907,Emmanuel Sanders,23,PIT,WR,13,1,0,0,0,0,0,1,2,0,0,0,0.0,10,6,4,0.0,0.0,0,
908,Clint Sintim,24,NYG,LB,13,1,0,0,0,0,0,0,0,0,0,0,0.0,13,7,6,0.0,1.0,0,
909,Brandon Banks,23,WAS,WR,13,0,0,0,0,0,0,0,2,2,0,0,0.0,0,0,0,,,0,
910,Antwan Barnes,26,2TM,LB,13,0,0,0,0,0,1,0,0,0,0,0,4.5,25,20,5,5.0,6.0,0,
910,Antwan Barnes,26,PHI,LB,2,0,0,0,0,0,0,0,0,0,0,0,0.0,3,3,0,0.0,0.0,0,
910,Antwan Barnes,26,SDG,LB,11,0,0,0,0,0,1,0,0,0,0,0,4.5,22,17,5,5.0,6.0,0,
911,Titus Brown,24,CLE,DE,13,0,0,0,0,0,0,0,0,0,0,0,0.0,17,12,5,0.0,0.0,0,
912,Chase Daniel,24,NOR,QB,13,0,0,0,0,0,0,0,1,0,-11,0,0.0,1,0,1,,,0,
913,Dane Fletcher,24,NWE,DE,13,0,1,0,0,0,2,1,0,1,0,0,2.0,23,17,6,1.0,5.0,0,
914,Ted Ginn Jr.,25,SFO,WR,13,0,0,0,0,0,0,0,1,1,0,0,0.0,0,0,0,0.0,0.0,0,
915,David Reed,23,BAL,WR,13,0,0,0,0,0,0,1,0,0,0,0,0.0,11,10,1,0.0,0.0,0,
916,Courtney Roby,27,NOR,WR,13,0,0,0,0,0,0,0,1,2,0,0,0.0,10,10,0,0.0,0.0,0,
917,Nick Schommer,24,TEN,DB,13,0,0,0,0,0,0,0,0,0,0,0,0.0,3,3,0,0.0,0.0,1,
918,Darian Stewart,22,STL,DB,13,0,0,0,0,0,2,0,0,1,0,0,1.0,17,16,1,4.0,5.0,0,
919,Quinton Teal,26,SDG,DB,13,0,0,0,0,0,0,0,0,0,0,0,0.0,12,11,1,0.0,0.0,0,
920,Syd'Quan Thompson,23,DEN,DB,13,0,2,20,0,18,4,0,3,1,0,0,0.0,18,12,6,0.0,0.0,0,
921,Dave Tollefson,28,NYG,DE,13,0,0,0,0,0,3,2,0,0,0,0,0.5,20,12,8,1.0,4.0,0,
922,Leigh Torrence,28,NOR,DB,13,0,1,21,0,21,2,0,0,0,0,0,1.0,28,27,1,2.0,2.0,0,
923,Cassius Vaughn,23,DEN,DB,13,0,0,0,0,0,0,0,0,2,0,0,0.0,8,7,1,0.0,0.0,0,
924,Cary Williams,26,BAL,DB,13,0,0,0,0,0,0,0,0,0,0,0,0.0,6,5,1,0.0,0.0,0,
925,Ashton Youboty,26,BUF,DB,13,0,0,0,0,0,0,0,0,0,0,0,0.0,3,1,2,0.0,0.0,0,
926,Gary Brackett,30,IND,MLB,12,12,0,0,0,0,3,0,0,0,0,0,0.5,74,53,21,6.0,3.0,0,
927,Stewart Bradley,27,PHI,MLB,12,12,1,0,0,0,6,0,0,0,0,0,1.0,60,49,11,5.0,2.0,0,
928,Brian Cushing,23,HOU,LLB,12,12,0,0,0,0,4,1,0,0,0,0,1.5,76,53,23,8.0,11.0,0,
929,David Diehl,30,NYG,LT,12,12,0,0,0,0,0,0,0,1,0,0,0.0,0,0,0,0.0,0.0,0,
930,Na'il Diggs,32,STL,LLB,12,12,0,0,0,0,2,1,0,1,3,0,0.0,36,28,8,5.0,1.0,0,
931,Aaron Francisco,27,IND,SS,12,12,2,10,0,11,3,0,0,0,0,0,0.0,59,45,14,3.0,0.0,0,
932,Johnathan Joseph,26,CIN,LCB,12,12,3,38,1,21,8,0,0,0,0,0,0.0,42,37,5,2.0,0.0,0,
933,Brandon Mebane,25,SEA,LDT,12,12,0,0,0,0,2,0,0,0,0,0,1.0,31,19,12,7.0,1.0,0,
934,Tracy Porter,24,NOR,RCB,12,12,1,5,0,5,6,0,0,2,2,0,0.0,60,45,15,5.0,0.0,0,
935,Ben Roethlisberger,28,PIT,QB,12,12,0,0,0,0,0,0,7,1,-12,0,0.0,0,0,0,0.0,0.0,0,
936,Carlos Rogers,29,WAS,RCB,12,12,2,43,0,38,12,1,0,0,0,0,0.0,54,43,11,0.0,0.0,0,
937,Michael Vick,30,PHI,QB,12,12,0,0,0,0,0,0,11,4,-4,0,0.0,0,0,0,0.0,0.0,0,"PB,AP OPoY-2,AP CPoY-1"
938,Stephen Cooper,31,SDG,LILB,12,11,1,2,0,2,6,2,0,0,0,0,1.0,43,37,6,0.0,1.0,0,
939,Brian Hartline,24,MIA,WR,12,11,0,0,0,0,0,0,1,1,0,0,0.0,0,0,0,0.0,0.0,0,
940,Kareem Moore,26,WAS,FS,12,11,1,5,0,5,5,0,0,2,13,0,0.0,64,40,24,0.0,0.0,0,
941,Calvin Pace,30,NYJ,ROLB,12,11,1,1,0,1,3,1,0,0,0,0,5.5,51,42,9,5.0,9.0,0,
942,Roy Williams,30,CIN,SS,12,11,1,0,0,0,1,1,0,3,1,0,1.0,58,37,21,4.0,2.0,0,
943,Santonio Holmes,26,NYJ,WR,12,10,0,0,0,0,0,0,2,0,0,0,0.0,0,0,0,0.0,0.0,0,
944,Kendrick Lewis,22,KAN,FS,12,10,3,46,0,23,7,2,0,0,0,0,0.0,29,21,8,0.0,1.0,0,
945,Alphonso Smith,25,DET,RCB,12,10,5,48,1,42,8,1,1,1,9,0,0.0,39,30,9,2.0,1.0,0,
946,Pisa Tinoisamoa,29,CHI,RLB/MLB,12,10,0,0,0,0,1,1,0,0,0,0,1.0,40,33,7,5.0,2.0,0,
947,Derek Anderson,27,ARI,QB,12,9,0,0,0,0,0,0,6,1,0,0,0.0,0,0,0,0.0,0.0,0,
948,Kavell Conner,23,IND,RLB,12,9,0,0,0,0,0,1,0,1,5,0,0.0,57,36,21,2.0,0.0,0,
949,Ryan Mathews,23,SDG,RB,12,9,0,0,0,0,0,0,5,1,0,0,0.0,0,0,0,,,0,
950,Landon Johnson,29,DET,LLB,12,8,0,0,0,0,0,2,0,1,0,0,0.0,48,40,8,1.0,0.0,0,
951,Jacob Lacey,23,IND,RCB,12,8,1,44,0,44,2,0,0,0,0,0,0.0,64,51,13,3.0,0.0,0,
952,Brandon Spikes,23,NWE,RILB,12,8,1,5,0,5,3,0,0,0,0,0,0.0,61,38,23,1.0,0.0,0,
953,Kenny Britt,22,TEN,WR,12,7,0,0,0,0,0,0,1,0,0,0,0.0,0,0,0,0.0,0.0,0,
954,Earnest Graham,30,TAM,RB,12,7,0,0,0,0,0,0,1,1,0,0,0.0,1,1,0,0.0,0.0,0,
955,Gerald McRath,24,TEN,LLB,12,7,0,0,0,0,2,0,0,0,0,0,1.5,58,44,14,4.0,3.0,0,
956,Korey Hall,27,GNB,FB,12,6,0,0,0,0,0,0,0,1,0,0,0.0,12,10,2,0.0,0.0,0,
957,Edward Johnson,27,CAR,LDT,12,6,1,5,0,5,2,0,0,0,0,0,0.0,22,15,7,2.0,3.0,0,
958,Jason McCourty,23,TEN,LCB,12,6,2,11,0,11,10,0,0,0,0,0,0.0,47,37,10,1.0,0.0,0,
959,Nedu Ndukwe,25,CIN,FS,12,6,1,0,0,0,3,0,0,1,0,0,0.5,60,41,19,1.0,5.0,0,
960,Darryl Sharpton,22,HOU,RLB,12,6,0,0,0,0,0,0,0,0,0,0,1.0,34,23,11,3.0,1.0,0,
961,Justin Tryon,26,IND,LCB,12,6,0,0,0,0,7,0,0,1,0,0,0.0,44,34,10,1.0,0.0,0,
962,Stephon Heyer,26,WAS,LT,12,5,0,0,0,0,0,0,0,1,0,0,0.0,0,0,0,0.0,0.0,0,
963,Joe Mays,25,DEN,RILB,12,5,0,0,0,0,1,0,0,0,0,0,0.0,40,35,5,3.0,2.0,0,
964,Jon McGraw,31,KAN,FS,12,5,2,4,0,4,6,0,0,0,0,0,0.0,39,30,9,1.0,1.0,0,
965,Brandon Siler,25,SDG,LILB,12,5,1,0,0,0,2,0,0,0,0,0,1.0,44,34,10,6.0,3.0,1,
966,Dan Gronkowski,25,DEN,TE,12,4,0,0,0,0,0,0,0,0,0,0,0.0,4,4,0,0.0,0.0,0,
967,Chris Ivory,22,NOR,RB,12,4,0,0,0,0,0,0,4,0,0,0,0.0,0,0,0,0.0,0.0,0,
968,Chris Johnson,31,OAK,DB,12,4,2,30,1,30,9,0,1,0,0,0,0.0,16,15,1,0.0,0.0,0,
969,Evan Moore,25,CLE,WR,12,4,0,0,0,0,0,0,1,0,0,0,0.0,0,0,0,0.0,0.0,0,
970,Sammie Stroughter,24,TAM,WR,12,4,0,0,0,0,0,0,1,0,0,0,0.0,3,2,1,0.0,0.0,0,
971,Jonathan Wade,26,2TM,DB,12,7,0,0,0,0,5,0,0,1,10,0,0.0,44,39,5,3.0,4.0,0,
971,Jonathan Wade,26,DET,DB,8,4,0,0,0,0,3,0,0,1,10,0,0.0,30,27,3,2.0,1.0,0,
971,Jonathan Wade,26,CIN,DB,4,3,0,0,0,0,2,0,0,0,0,0,0.0,14,12,2,1.0,3.0,0,
972,Vincent Fuller,28,TEN,DB,12,3,1,0,0,0,2,0,0,0,0,0,0.0,33,29,4,1.0,1.0,0,
973,Tyson Jackson,24,KAN,DE,12,3,0,0,0,0,0,0,0,0,0,0,1.0,31,19,12,1.0,1.0,0,
974,Sen'Derrick Marks,23,TEN,DT,12,3,1,-6,0,-6,3,1,0,0,0,0,0.0,22,14,8,2.0,6.0,0,
975,Brice McCain,24,HOU,DB,12,3,0,0,0,0,2,0,0,0,0,0,0.0,25,20,5,0.0,0.0,0,
976,Dez Bryant,22,DAL,WR,12,2,0,0,0,0,0,1,1,1,0,0,0.0,0,0,0,0.0,0.0,0,
977,Jamarca Sanford,25,MIN,DB,12,2,0,0,0,0,0,0,0,1,0,0,1.0,22,17,5,1.0,1.0,0,
978,Donald Washington,24,KAN,DB,12,2,0,0,0,0,0,0,0,0,0,0,0.0,22,15,7,1.0,1.0,0,
979,David Anderson,27,HOU,WR,12,1,0,0,0,0,0,1,0,0,0,0,0.0,4,4,0,0.0,0.0,0,
980,Marquice Cole,27,NYJ,DB,12,1,2,49,1,35,5,0,1,1,0,0,0.0,23,21,2,1.0,1.0,0,
981,Erik Coleman,28,ATL,DB,12,1,0,0,0,0,0,0,0,0,0,0,0.0,20,15,5,3.0,2.0,0,
982,Jerome Harrison,27,2TM,RB,12,2,0,0,0,0,0,0,2,0,0,0,0.0,0,0,0,0.0,0.0,0,
982,Jerome Harrison,27,CLE,RB,4,1,0,0,0,0,0,0,1,0,0,0,0.0,0,0,0,0.0,0.0,0,
982,Jerome Harrison,27,PHI,RB,8,1,0,0,0,0,0,0,1,0,0,0,0.0,0,0,0,,,0,
983,Dante Hughes,25,SDG,DB,12,1,0,0,0,0,0,1,0,0,0,0,0.0,26,23,3,1.0,1.0,0,
984,Maurice Stovall,25,TAM,WR,12,1,0,0,0,0,0,0,0,0,0,0,0.0,7,6,1,0.0,0.0,0,
985,Craig Terrill,30,SEA,DT,12,1,0,0,0,0,1,0,0,0,0,0,0.0,10,4,6,0.0,0.0,0,
986,Jorrick Calvin,23,PHI,DB,12,0,0,0,0,0,0,0,2,1,0,0,0.0,1,1,0,0.0,0.0,0,
987,Carlos Dunlap,21,CIN,DE,12,0,0,0,0,0,3,0,0,1,0,0,9.5,24,19,5,9.0,16.0,0,
988,Jesse Holley,26,DAL,WR,12,0,0,0,0,0,0,1,0,0,0,0,0.0,11,8,3,0.0,0.0,0,
989,Thomas Howard,27,OAK,LB,12,0,0,0,0,0,1,1,0,0,0,0,0.0,10,7,3,0.0,0.0,0,
990,Jerry Hughes,22,IND,DE,12,0,0,0,0,0,0,0,0,0,0,0,0.0,6,6,0,1.0,1.0,0,
991,Brian Jackson,23,NYG,DB,12,0,0,0,0,0,0,0,0,0,0,0,0.0,9,7,2,0.0,0.0,0,
992,T.J. Lang,23,GNB,G,12,0,0,0,0,0,0,0,0,0,0,0,0.0,1,0,1,0.0,0.0,0,
993,Elbert Mack,24,TAM,WR,12,0,0,0,0,0,0,0,1,0,0,0,0.0,16,14,2,0.0,0.0,0,
994,Dimitri Nance,22,GNB,RB,12,0,0,0,0,0,0,0,0,0,0,0,0.0,3,3,0,0.0,0.0,0,
995,Mike Newton,23,IND,DB,12,0,0,0,0,0,0,0,0,1,0,0,0.0,6,4,2,0.0,0.0,0,
996,Matt Prater,26,DEN,K,12,0,0,0,0,0,0,0,0,1,0,0,0.0,1,1,0,0.0,0.0,0,
997,Daniel Sepulveda,26,PIT,P,12,0,0,0,0,0,0,0,0,0,0,0,0.0,1,1,0,0.0,0.0,0,
998,Austin Spitler,24,MIA,LB,12,0,0,0,0,0,0,0,0,0,0,0,0.0,4,4,0,0.0,0.0,0,
999,Brandon Underwood,24,GNB,DB,12,0,0,0,0,0,0,0,0,0,0,0,0.0,10,7,3,0.0,0.0,0,
1000,Roberto Wallace,24,MIA,WR,12,0,0,0,0,0,0,0,0,0,0,0,0.0,8,8,0,0.0,0.0,0,
1001,Gerris Wilkinson,27,NYG,LB,12,0,0,0,0,0,0,0,0,0,0,0,0.0,8,5,3,0.0,0.0,0,
1002,Dave Ball,29,TEN,RDE,11,11,0,0,0,0,3,0,0,1,5,0,7.0,30,20,10,6.0,13.0,0,
1003,Tony Brown,30,TEN,RDT,11,11,0,0,0,0,1,0,0,0,0,0,3.5,22,14,8,4.0,6.0,0,
1004,Colin Cole,30,SEA,RDT,11,11,0,0,0,0,5,0,0,0,0,0,1.0,44,36,8,3.0,1.0,0,
1005,Channing Crowder,27,MIA,LILB,11,11,0,0,0,0,2,0,0,0,0,0,0.0,39,33,6,2.0,0.0,0,
1006,Brian Dawkins,37,DEN,SS,11,11,1,-2,0,-2,5,2,0,0,0,0,2.0,66,55,11,3.0,3.0,0,
1007,Dwan Edwards,29,BUF,RDE,11,11,1,8,0,8,2,1,0,0,0,0,1.0,57,31,26,2.0,5.0,0,
1008,Frank Gore,27,SFO,RB,11,11,0,0,0,0,0,0,4,1,0,0,0.0,0,0,0,0.0,0.0,0,
1009,Kelvin Hayden,27,IND,LCB,11,11,2,56,2,31,8,1,0,0,0,0,0.0,61,43,18,3.0,0.0,0,
1010,Steve Hutchinson,33,MIN,LG,11,11,0,0,0,0,0,0,0,1,0,0,0.0,0,0,0,0.0,0.0,0,
1011,Brett Keisel,32,PIT,RDE,11,11,1,79,1,79,7,2,0,0,0,0,3.0,33,17,16,1.0,4.0,0,PB
1012,Jim Leonhard,28,NYJ,SS,11,11,1,2,0,2,4,1,0,1,-1,0,0.0,60,56,4,1.0,1.0,0,
1013,DeAndre Levy,23,DET,MLB,11,11,2,41,1,30,4,0,0,2,0,0,0.0,72,50,22,1.0,3.0,0,
1014,Aqib Talib,24,TAM,LCB,11,11,6,91,1,45,11,0,0,0,0,0,0.0,40,39,1,1.0,0.0,0,
1015,Kyle Vanden Bosch,32,DET,RDE,11,11,0,0,0,0,1,2,0,0,0,0,4.0,49,34,15,10.0,12.0,0,
1016,Robert Ayers,25,DEN,ROLB,11,10,0,0,0,0,1,1,0,0,0,0,1.5,39,32,7,6.0,11.0,0,
1017,Quincy Black,26,TAM,LLB,11,10,1,4,0,4,4,1,0,1,1,0,2.0,61,53,8,5.0,3.0,0,
1018,Chris Gamble,27,CAR,LCB,11,10,0,0,0,0,8,0,0,0,0,0,0.0,35,32,3,2.0,0.0,0,
1019,Ryan Harris,25,DEN,RT,11,10,0,0,0,0,0,0,0,1,0,0,0.0,0,0,0,0.0,0.0,0,
1020,Shaun Hill,30,DET,QB,11,10,0,0,0,0,0,0,3,1,-2,0,0.0,8,5,3,0.0,0.0,0,
1021,Asante Samuel,29,PHI,LCB,11,10,7,70,0,33,14,0,1,1,1,0,0.0,26,22,4,0.0,0.0,0,PB
1022,Alex Smith,26,SFO,QB,11,10,0,0,0,0,0,0,4,0,0,0,0.0,0,0,0,,,0,
1023,John St. Clair,33,CLE,RT,11,10,0,0,0,0,0,0,0,1,0,0,0.0,0,0,0,0.0,0.0,0,
1024,Malcom Floyd,29,SDG,WR,11,9,0,0,0,0,0,0,1,0,0,0,0.0,0,0,0,0.0,0.0,0,
1025,Cody Grimm,23,TAM,FS,11,9,2,24,1,13,2,1,0,0,0,0,0.0,57,43,14,0.0,0.0,0,
1026,Austen Lane,23,JAX,RDE,11,9,0,0,0,0,0,0,0,0,0,0,0.0,20,17,3,2.0,2.0,0,
1027,Cullen Jenkins,29,GNB,RDE,11,8,0,0,0,0,1,0,0,0,0,0,7.0,18,13,5,6.0,12.0,0,
1028,Dexter McCluster,21,KAN,WR,11,7,0,0,0,0,0,0,2,1,0,0,0.0,0,0,0,0.0,0.0,0,
1029,Chris Chamberlain,25,STL,RLB,11,6,0,0,0,0,2,1,0,0,0,0,0.0,34,30,4,2.0,0.0,0,
1030,Spencer Larsen,26,DEN,FB,11,5,0,0,0,0,0,0,0,0,0,0,0.0,1,0,1,0.0,0.0,0,
1031,Sean Weatherspoon,23,ATL,LLB,11,5,0,0,0,0,1,0,0,0,0,0,1.0,42,34,8,1.0,2.0,0,
1032,Quinn Johnson,24,GNB,RB,11,4,0,0,0,0,0,0,0,0,0,0,0.0,3,3,0,0.0,0.0,0,
1033,Brandon McKinney,27,BAL,DT,11,4,0,0,0,0,0,0,0,0,0,0,0.0,10,4,6,0.0,0.0,0,
1034,Michael Robinson,27,SEA,FB,11,4,0,0,0,0,0,0,0,0,0,0,0.0,4,4,0,0.0,0.0,0,
1035,Patrick Robinson,23,NOR,DB,11,4,0,0,0,0,2,0,0,0,0,0,0.0,28,26,2,1.0,2.0,0,
1036,Xavier Adibi,26,HOU,LB,11,3,0,0,0,0,0,1,0,0,0,0,0.0,22,16,6,2.0,0.0,0,
1037,Howard Green,31,2TM,DT,11,3,0,0,0,0,0,1,0,0,0,0,1.0,9,7,2,1.0,1.0,0,
1037,Howard Green,31,NYJ,DT,2,0,0,0,0,0,0,1,0,0,0,0,0.0,1,1,0,0.0,1.0,0,
1037,Howard Green,31,GNB,DT,9,3,0,0,0,0,0,0,0,0,0,0,1.0,8,6,2,1.0,0.0,0,
1038,Wesley Woodyard,24,DEN,LB,11,3,0,0,0,0,0,0,0,0,0,0,1.0,38,34,4,2.0,1.0,0,
1039,Usama Young,25,NOR,DB,11,3,0,0,0,0,3,0,0,0,0,0,1.0,23,21,2,2.0,1.0,0,
1040,Mardy Gilyard,24,STL,WR,11,2,0,0,0,0,0,1,1,0,0,0,0.0,2,2,0,0.0,0.0,0,
1041,Verran Tucker,22,KAN,WR,11,2,0,0,0,0,0,0,0,1,0,0,0.0,14,12,2,0.0,0.0,0,
1042,Frank Walker,30,MIN,DB,11,2,1,10,0,10,6,0,0,1,0,0,0.0,22,13,9,0.0,0.0,0,
1043,Dannell Ellerbe,25,BAL,LB,11,1,0,0,0,0,1,0,0,0,0,0,1.0,31,25,6,1.0,1.0,0,
1044,Pat Lee,26,GNB,DB,11,1,0,0,0,0,0,0,0,0,0,0,0.0,10,8,2,0.0,0.0,0,
1045,Trevard Lindley,24,PHI,DB,11,1,1,8,0,8,1,0,0,1,0,0,0.0,23,22,1,1.0,0.0,0,
1046,Aaron Maybin,22,BUF,DE,11,1,0,0,0,0,0,0,0,0,0,0,0.0,7,5,2,0.0,1.0,0,
1047,Ikaika Alama-Francis,26,MIA,DE,11,0,0,0,0,0,0,0,0,0,0,0,0.0,12,9,3,0.0,1.0,0,
1048,Sergio Brown,22,NWE,DB,11,0,0,0,0,0,0,0,0,1,0,0,0.0,11,9,2,0.0,0.0,0,
1049,Jon Corto,26,BUF,DB,11,0,0,0,0,0,0,0,0,0,0,0,0.0,5,3,2,0.0,0.0,0,
1050,Kennard Cox,25,SEA,DB,11,0,0,0,0,0,2,0,0,1,0,0,0.0,10,6,4,0.0,0.0,0,
1051,Everson Griffen,23,MIN,DE,11,0,0,0,0,0,0,0,0,0,0,0,0.0,11,11,0,0.0,1.0,0,
1052,Lawrence Jackson,25,DET,DE,11,0,0,0,0,0,1,1,0,1,0,0,6.0,34,21,13,6.0,10.0,0,
1053,Deji Karim,24,JAX,RB,11,0,0,0,0,0,0,0,4,1,0,0,0.0,1,1,0,0.0,0.0,0,
1054,Paul Kruger,24,BAL,DE,11,0,0,0,0,0,2,0,0,0,0,0,1.0,1,1,0,1.0,1.0,0,
1055,Brian Leonard,26,CIN,RB,11,0,0,0,0,0,0,0,0,0,0,0,0.0,5,4,1,0.0,0.0,0,
1056,Kregg Lumpkin,26,TAM,RB,11,0,0,0,0,0,0,0,0,0,0,0,0.0,2,2,0,0.0,0.0,0,
1057,Dennis Pitta,25,BAL,TE,11,0,0,0,0,0,0,0,0,1,0,0,0.0,1,1,0,0.0,0.0,0,
1058,Golden Tate,22,SEA,WR,11,0,0,0,0,0,0,0,1,1,0,0,0.0,0,0,0,0.0,0.0,0,
1059,Reggie Walker,24,ARI,LB,11,0,0,0,0,0,0,0,0,0,0,0,0.0,14,14,0,3.0,0.0,0,
1060,Leon Williams,27,DAL,LB,11,0,0,0,0,0,0,0,0,1,0,0,0.0,8,7,1,0.0,1.0,0,
1061,Mike Windt,24,SDG,LS,11,0,0,0,0,0,0,0,0,0,0,0,0.0,2,2,0,0.0,0.0,0,
1062,Major Wright,22,CHI,DB,11,0,0,0,0,0,0,0,0,0,0,0,0.0,24,20,4,0.0,0.0,0,
1063,Dominique Zeigler,26,SFO,WR,11,0,0,0,0,0,0,0,0,0,0,0,0.0,3,3,0,0.0,0.0,0,
1064,Jerraud Powers,23,IND,RCB,10,10,2,11,0,11,9,0,0,0,0,0,0.0,53,42,11,5.0,0.0,0,
1065,Ed Reed,32,BAL,FS,10,10,8,183,0,44,16,1,2,1,0,0,0.0,37,30,7,0.0,0.0,0,"PB,AP-1,AP DPoY-6"
1066,Trevor Scott,26,OAK,RDE,10,10,0,0,0,0,1,0,0,0,0,0,1.5,23,14,9,1.0,6.0,0,
1067,Justin Durant,25,JAX,RLB,10,9,0,0,0,0,2,0,0,1,0,0,0.0,55,47,8,5.0,0.0,0,
1068,Jon Kitna,38,DAL,QB,10,9,0,0,0,0,0,0,7,5,-6,0,0.0,0,0,0,0.0,0.0,0,
1069,Legedu Naanee,27,SDG,WR,10,9,0,0,0,0,0,0,1,0,0,0,0.0,1,1,0,0.0,0.0,0,
1070,Ryan Torain,24,WAS,RB,10,8,0,0,0,0,0,0,2,0,0,0,0.0,0,0,0,0.0,0.0,0,
1071,Kerry Collins,38,TEN,QB,10,7,0,0,0,0,0,0,5,1,-8,0,0.0,0,0,0,0.0,0.0,0,
1072,Reggie Torbor,29,BUF,ROLB,10,7,0,0,0,0,4,0,0,0,0,0,0.0,41,23,18,1.0,0.0,0,
1073,Mike Wright,28,NWE,RDE,10,5,0,0,0,0,1,0,0,0,0,0,5.5,14,11,3,6.0,9.0,0,
1074,Tim Castille,26,KAN,RB,10,4,0,0,0,0,0,0,0,0,0,0,0.0,3,3,0,0.0,0.0,0,
1075,Brandon Deaderick,23,NWE,DT,10,4,0,0,0,0,0,0,0,0,0,0,2.0,10,9,1,1.0,1.0,0,
1076,Daniel Loper,28,OAK,T,10,4,0,0,0,0,0,0,0,2,3,0,0.0,0,0,0,0.0,0.0,0,
1077,Will Davis,24,ARI,DE,10,3,0,0,0,0,0,0,0,0,0,0,1.0,14,11,3,2.0,1.0,0,
1078,Kevin Dockery,26,STL,DB,10,3,1,8,0,8,4,0,0,0,0,0,0.0,22,17,5,1.0,0.0,0,
1079,Kevin Barnes,24,WAS,DB,10,2,1,8,0,8,5,0,0,0,0,0,0.0,17,15,2,0.0,0.0,0,
1080,Julius Jones,29,NOR,RB,10,2,0,0,0,0,0,0,1,0,0,0,0.0,0,0,0,,,0,
1081,Demaryius Thomas,23,DEN,WR,10,2,0,0,0,0,0,0,3,1,0,0,0.0,3,2,1,0.0,0.0,0,
1082,Tim Jamison,24,HOU,DE,10,1,0,0,0,0,0,0,0,0,0,0,1.0,15,12,3,2.0,2.0,0,
1083,Myron Lewis,23,TAM,DB,10,1,0,0,0,0,3,0,0,0,0,0,0.0,9,9,0,0.0,0.0,0,
1084,Jarrad Page,26,NWE,DB,10,1,2,0,0,0,2,0,0,0,0,0,0.0,12,7,5,0.0,0.0,0,
1085,Seyi Ajirotutu,23,SDG,WR,10,0,0,0,0,0,0,0,0,0,0,0,0.0,2,1,1,0.0,0.0,0,
1086,Jonathon Amaya,22,MIA,DB,10,0,0,0,0,0,0,0,1,1,0,0,0.0,15,13,2,0.0,0.0,0,
1087,Brendon Ayanbadejo,34,BAL,LB,10,0,0,0,0,0,0,1,0,0,0,0,0.0,3,2,1,0.0,0.0,0,
1088,Lance Ball,25,DEN,RB,10,0,0,0,0,0,0,1,1,1,0,0,0.0,1,1,0,0.0,0.0,0,
1089,Cornelius Brown,22,IND,DB,10,0,0,0,0,0,3,0,0,0,0,0,0.0,24,19,5,0.0,0.0,0,
1090,Vinny Ciurciu,30,DET,LB,10,0,0,0,0,0,0,0,0,1,0,0,0.0,10,6,4,0.0,0.0,0,
1091,Blake Costanzo,26,CLE,LB,10,0,0,0,0,0,0,0,0,1,0,0,0.0,8,6,2,0.0,0.0,0,
1092,Jermelle Cudjo,24,STL,DT,10,0,0,0,0,0,2,0,0,0,0,0,0.5,13,9,4,0.0,3.0,0,
1093,Cody Glenn,24,IND,LB,10,0,0,0,0,0,0,0,0,0,0,0,0.0,15,12,3,0.0,0.0,0,
1094,Tavares Gooden,26,BAL,LB,10,0,0,0,0,0,0,0,0,0,0,0,0.0,18,13,5,1.0,1.0,0,
1095,Javarris James,23,IND,RB,10,0,0,0,0,0,0,0,1,0,0,0,0.0,1,1,0,0.0,0.0,0,
1096,Stanford Keglar,25,HOU,LB,10,0,0,0,0,0,0,0,0,0,0,0,0.0,4,3,1,0.0,0.0,0,
1097,Brandon Lang,24,SDG,LB,10,0,0,0,0,0,0,0,0,0,0,0,1.0,1,1,0,1.0,1.0,0,
1098,Damione Lewis,32,HOU,DT,10,0,0,0,0,0,1,0,0,0,0,0,1.0,17,13,4,1.0,1.0,0,
1099,Alex Magee,23,2TM,DT,10,0,0,0,0,0,0,1,0,0,0,0,2.0,10,8,2,1.0,2.0,0,
1099,Alex Magee,23,KAN,DT,2,0,0,0,0,0,0,0,0,0,0,0,0.0,2,2,0,0.0,0.0,0,
1099,Alex Magee,23,TAM,DT,8,0,0,0,0,0,0,1,0,0,0,0,2.0,8,6,2,1.0,2.0,0,
1100,Vaughn Martin,24,SDG,DT,10,0,0,0,0,0,0,0,0,0,0,0,1.0,7,3,4,1.0,3.0,0,
1101,Trevor Pryce,35,NYJ,DE,10,0,0,0,0,0,0,0,0,0,0,0,1.0,4,3,1,2.0,4.0,1,
1102,O'Brien Schofield,23,ARI,LB,10,0,0,0,0,0,1,1,0,1,0,0,2.0,12,12,0,3.0,3.0,0,
1103,Tiquan Underwood,23,JAX,WR,10,0,0,0,0,0,0,0,0,0,0,0,0.0,3,1,2,0.0,0.0,0,
1104,Anthony Waters,26,NOR,LB,10,0,0,0,0,0,0,0,0,0,0,0,0.0,9,8,1,0.0,0.0,0,
1105,Chris Crocker,30,CIN,FS,9,9,0,0,0,0,5,2,0,0,0,0,2.0,43,31,12,2.0,3.0,0,
1106,Scott Fujita,31,CLE,ROLB,9,9,1,16,0,16,1,2,0,0,0,0,3.5,51,36,15,3.0,5.0,0,
1107,Steve Gregory,27,SDG,SS,9,9,2,41,0,41,2,0,0,0,0,0,0.0,44,34,10,0.0,0.0,0,
1108,LaRon Landry,26,WAS,SS,9,9,1,0,0,0,8,1,0,1,0,0,1.0,85,66,19,6.0,6.0,0,
1109,Travelle Wharton,29,CAR,LG,9,9,0,0,0,0,0,0,0,1,0,0,0.0,0,0,0,0.0,0.0,0,
1110,Vince Young,27,TEN,QB,9,8,0,0,0,0,0,0,6,1,-2,0,0.0,0,0,0,0.0,0.0,0,
1111,Austin Collie,25,IND,WR,9,6,0,0,0,0,0,0,1,0,0,0,0.0,0,0,0,,,0,
1112,Clay Harbor,23,PHI,TE,9,6,0,0,0,0,0,0,0,1,0,0,0.0,0,0,0,0.0,0.0,0,
1113,Derek Hardman,24,TAM,T,9,4,0,0,0,0,0,0,0,0,0,0,0.0,1,1,0,,,0,
1114,Terrence McGee,30,BUF,DB,9,3,0,0,0,0,2,0,0,0,0,0,0.0,18,13,5,1.0,0.0,0,
1115,Frostee Rucker,27,CIN,DE,9,3,0,0,0,0,1,0,0,0,0,0,1.0,17,8,9,2.0,6.0,0,
1116,Tim Tebow,23,DEN,QB,9,3,0,0,0,0,0,0,1,1,-1,0,0.0,0,0,0,,,0,
1117,John Henderson,31,OAK,DT,9,2,0,0,0,0,3,0,0,0,0,0,0.0,30,24,6,2.0,1.0,0,
1118,Brit Miller,24,STL,LB,9,2,0,0,0,0,0,0,0,0,0,0,0.0,9,8,1,0.0,0.0,0,
1119,Myron Pryor,24,NWE,DT,9,2,0,0,0,0,0,0,0,0,0,0,0.5,12,6,6,0.0,1.0,0,
1120,Erik Walden,25,GNB,LB,9,2,0,0,0,0,1,0,0,0,0,0,2.0,25,21,4,3.0,3.0,0,
1121,Jason Williams,24,2TM,LB,9,2,0,0,0,0,2,1,0,1,7,0,0.0,19,14,5,2.0,1.0,0,
1121,Jason Williams,24,DAL,LB,5,0,0,0,0,0,0,0,0,0,0,0,0.0,3,2,1,0.0,0.0,0,
1121,Jason Williams,24,CAR,LB,4,2,0,0,0,0,2,1,0,1,7,0,0.0,16,12,4,2.0,1.0,0,
1122,Erik Lorig,24,TAM,TE,9,1,0,0,0,0,0,0,0,0,0,0,0.0,4,4,0,0.0,0.0,0,
1123,Kyle Love,24,NWE,DT,9,1,0,0,0,0,1,0,0,0,0,0,1.0,7,5,2,1.0,1.0,0,
1124,Joe McKnight,22,NYJ,RB,9,1,0,0,0,0,0,0,0,0,0,0,0.0,4,2,2,0.0,0.0,0,
1125,Jonathan Wilhite,26,NWE,DB,9,1,0,0,0,0,2,0,0,0,0,0,0.0,20,16,4,0.0,0.0,0,
1126,Spencer Adkins,23,ATL,LB,9,0,0,0,0,0,0,0,0,0,0,0,0.0,6,5,1,0.0,0.0,0,
1127,Eric Alexander,28,2TM,LB,9,0,0,0,0,0,0,1,0,0,0,0,0.0,9,6,3,0.0,0.0,0,
1127,Eric Alexander,28,JAX,LB,4,0,0,0,0,0,0,0,0,0,0,0,0.0,3,2,1,0.0,0.0,0,
1127,Eric Alexander,28,CLE,LB,5,0,0,0,0,0,0,1,0,0,0,0,0.0,6,4,2,0.0,0.0,0,
1128,Stanley Arnoux,24,NOR,LB,9,0,0,0,0,0,0,1,0,0,0,0,0.0,5,3,2,0.0,0.0,0,
1129,Ryan Baker,26,MIA,DE,9,0,0,0,0,0,1,0,0,0,0,0,0.0,4,3,1,0.0,0.0,0,
1130,Fred Bennett,27,2TM,DB,9,0,0,0,0,0,0,0,0,0,0,0,0.0,2,2,0,0.0,0.0,0,
1130,Fred Bennett,27,SDG,DB,4,0,0,0,0,0,0,0,0,0,0,0,0.0,1,1,0,0.0,0.0,0,
1130,Fred Bennett,27,CIN,DB,5,0,0,0,0,0,0,0,0,0,0,0,0.0,1,1,0,0.0,0.0,0,
1131,Antonio Brown,22,PIT,WR,9,0,0,0,0,0,0,0,1,0,0,0,0.0,2,2,0,0.0,0.0,0,
1132,Duke Calhoun,23,NYG,WR,9,0,0,0,0,0,0,0,0,1,0,0,0.0,7,5,2,0.0,0.0,0,
1133,Alex Carrington,23,BUF,DE,9,0,0,0,0,0,1,0,0,0,0,0,1.0,8,6,2,1.0,2.0,0,
1134,Rennie Curran,22,TEN,LB,9,0,0,0,0,0,0,0,0,0,0,0,0.0,7,4,3,0.0,0.0,0,
1135,Isaiah Ekejiuba,29,DET,LB,9,0,0,0,0,0,0,1,0,0,0,0,0.0,10,8,2,0.0,0.0,0,
1136,Matt Giordano,28,NOR,DB,9,0,0,0,0,0,0,0,0,0,0,0,0.0,3,2,1,0.0,0.0,0,
1137,Erin Henderson,24,MIN,LB,9,0,0,0,0,0,0,0,0,1,3,0,0.0,13,11,2,0.0,0.0,0,
1138,Gartrell Johnson,24,ATL,RB,9,0,0,0,0,0,0,0,1,0,0,0,0.0,3,3,0,0.0,0.0,0,
1139,Travis Johnson,28,SDG,DT,9,0,0,0,0,0,0,0,0,0,0,0,1.0,14,10,4,0.0,1.0,0,
1140,Jimmy Kennedy,31,MIN,DT,9,0,0,0,0,0,0,0,1,0,0,0,0.5,8,5,3,1.0,1.0,0,
1141,Jason Kyle,38,NOR,LB,9,0,0,0,0,0,0,1,0,1,0,0,0.0,1,1,0,0.0,0.0,0,
1142,Keenan Lewis,24,PIT,DB,9,0,0,0,0,0,0,1,0,0,0,0,0.0,11,8,3,0.0,0.0,0,
1143,Bryan McCann,23,DAL,DB,9,0,1,101,1,101,1,0,6,2,0,0,0.0,15,14,1,2.0,0.0,0,
1144,Nick Miller,23,OAK,WR,9,0,0,0,0,0,0,0,2,1,0,0,0.0,1,1,0,0.0,0.0,0,
1145,Ryan Mouton,24,TEN,DB,9,0,0,0,0,0,0,1,0,0,0,0,0.0,11,8,3,0.0,0.0,0,
1146,Joe Nedney,37,SFO,K,9,0,0,0,0,0,0,0,0,0,0,0,0.0,1,1,0,0.0,0.0,0,
1147,Mike Nugent,28,CIN,K,9,0,0,0,0,0,0,0,0,0,0,0,0.0,2,1,1,0.0,0.0,0,
1148,Preston Parker,23,TAM,WR,9,0,0,0,0,0,0,0,0,0,0,0,0.0,3,1,2,0.0,0.0,0,
1149,Jason Phillips,24,BAL,LB,9,0,0,0,0,0,0,1,0,0,0,0,0.0,4,3,1,0.0,0.0,0,
1150,Darius Reynaud,26,NYG,WR,9,0,0,0,0,0,0,0,1,0,0,0,0.0,0,0,0,,,0,
1151,Darell Scott,24,STL,DT,9,0,0,0,0,0,0,0,0,0,0,0,0.0,18,14,4,0.0,0.0,0,
1152,Eugene Sims,24,STL,LB,9,0,0,0,0,0,1,0,0,1,0,0,0.0,8,6,2,1.0,1.0,1,
1153,Antone Smith,25,ATL,RB,9,0,0,0,0,0,0,0,0,0,0,0,0.0,2,1,1,0.0,0.0,0,
1154,Hunter Smith,33,WAS,P,9,0,0,0,0,0,0,0,0,0,0,0,0.0,1,1,0,0.0,0.0,0,
1155,Craig Steltz,24,CHI,DB,9,0,0,0,0,0,0,0,0,0,0,0,0.0,5,5,0,0.0,0.0,0,
1156,Tyrell Sutton,24,CAR,RB,9,0,0,0,0,0,0,0,0,0,0,0,0.0,9,5,4,0.0,0.0,0,
1157,Al Woods,23,TAM,DT,9,0,0,0,0,0,0,0,0,0,0,0,0.5,17,12,5,0.0,1.0,0,
1158,Jarius Wynn,24,GNB,DE,9,0,0,0,0,0,0,0,0,0,0,0,1.5,5,3,2,1.0,3.0,0,
1159,Dan Connor,25,CAR,MLB,8,8,0,0,0,0,1,0,0,0,0,0,1.0,47,33,14,8.0,3.0,0,
1160,Jeff Faine,29,TAM,C,8,8,0,0,0,0,0,0,1,0,0,0,0.0,0,0,0,,,0,
1161,Andre' Goodman,32,DEN,RCB,8,8,0,0,0,0,8,0,0,0,0,0,0.0,17,17,0,0.0,0.0,0,
1162,Aaron Kampman,31,JAX,RDE,8,8,0,0,0,0,2,0,0,0,0,0,4.0,25,16,9,5.0,17.0,0,
1163,Colt McCoy,24,CLE,QB,8,8,0,0,0,0,0,0,1,1,0,0,0.0,0,0,0,0.0,0.0,0,
1164,Joseph Addai,27,IND,RB,8,7,0,0,0,0,0,0,2,1,0,0,0.0,0,0,0,0.0,0.0,0,
1165,Ellis Hobbs,27,PHI,RCB,8,7,1,0,0,0,4,0,1,0,0,0,0.0,16,12,4,0.0,0.0,0,
1166,Marcus Spears,27,DAL,LDE,8,7,0,0,0,0,0,0,0,0,0,0,0.0,19,11,8,1.0,1.0,0,
1167,Reggie Bush,25,NOR,RB,8,6,0,0,0,0,0,0,2,2,0,0,0.0,0,0,0,0.0,0.0,0,
1168,Roscoe Parrish,28,BUF,WR,8,6,0,0,0,0,0,0,1,1,4,0,0.0,0,0,0,0.0,0.0,0,
1169,Tom Zbikowski,25,BAL,FS,8,6,0,0,0,0,0,0,0,0,0,0,0.0,17,14,3,0.0,0.0,0,
1170,Chris DeGeare,23,MIN,LG,8,5,0,0,0,0,0,0,0,1,0,0,0.0,0,0,0,0.0,0.0,0,
1171,Adam Koets,26,NYG,T,8,4,0,0,0,0,0,0,1,0,-5,0,0.0,0,0,0,0.0,0.0,0,
1172,Seneca Wallace,30,CLE,QB,8,4,0,0,0,0,0,0,1,1,-17,0,0.0,0,0,0,0.0,0.0,0,
1173,Michael Hoomanawanui,22,STL,TE,8,3,0,0,0,0,0,0,0,0,0,0,0.0,1,1,0,0.0,0.0,0,
1174,Frank Okam,25,2TM,DT,8,3,0,0,0,0,0,0,0,1,0,0,0.0,13,11,2,2.0,0.0,0,
1174,Frank Okam,25,HOU,DT,5,0,0,0,0,0,0,0,0,0,0,0,0.0,1,1,0,0.0,0.0,0,
1174,Frank Okam,25,TAM,DT,3,3,0,0,0,0,0,0,0,1,0,0,0.0,12,10,2,2.0,0.0,0,
1175,Colt Anderson,25,PHI,DB,8,2,0,0,0,0,0,0,0,0,0,0,0.0,17,17,0,0.0,1.0,0,
1176,Keith Ellison,26,BUF,LB,8,2,0,0,0,0,1,0,0,0,0,0,0.0,20,15,5,0.0,0.0,0,
1177,Larry English,24,SDG,DE,8,2,0,0,0,0,0,0,0,0,0,0,3.0,17,13,4,3.0,4.0,0,
1178,Dominique Barber,24,HOU,DB,8,1,0,0,0,0,0,0,0,0,0,0,0.0,6,5,1,0.0,0.0,0,
1179,Ladell Betts,31,NOR,RB,8,1,0,0,0,0,0,0,1,0,0,0,0.0,1,1,0,0.0,0.0,0,
1180,Brandon Chillar,28,GNB,LB,8,1,1,9,0,9,1,0,0,0,0,0,1.0,16,13,3,1.0,1.0,0,
1181,Rob Francois,25,GNB,LB,8,1,0,0,0,0,0,0,0,0,0,0,0.0,3,3,0,0.0,3.0,0,
1182,Darren Sharper,35,NOR,DB,8,1,0,0,0,0,1,0,0,1,11,0,0.0,16,11,5,0.0,0.0,0,AP-2
1183,Morgan Trent,25,CIN,DB,8,1,1,0,0,0,3,0,0,1,0,0,0.0,26,21,5,0.0,0.0,0,
1184,Kevin Alexander,23,DEN,LB-DE,8,0,0,0,0,0,1,0,0,0,0,0,0.0,4,3,1,0.0,0.0,0,
1185,Antonio Coleman,24,BUF,DE,8,0,0,0,0,0,0,0,0,0,0,0,0.0,12,7,5,0.0,0.0,0,
1186,Jacob Cutrera,22,JAX,LB,8,0,0,0,0,0,0,0,0,0,0,0,0.0,4,4,0,0.0,0.0,0,
1187,Fred Evans,27,MIN,DT,8,0,0,0,0,0,0,0,0,0,0,0,0.0,4,4,0,1.0,0.0,0,
1188,Travis Goethel,23,OAK,LB,8,0,0,0,0,0,0,0,0,0,0,0,0.0,9,6,3,0.0,0.0,0,
1189,Jason Hanson,40,DET,K,8,0,0,0,0,0,0,0,0,0,0,0,0.0,1,0,1,0.0,0.0,0,
1190,Albert Haynesworth,29,WAS,DT,8,0,0,0,0,0,1,0,0,0,0,0,2.5,16,13,3,6.0,5.0,0,
1191,Justin King,23,STL,DB,8,0,0,0,0,0,2,0,0,0,0,0,0.0,19,18,1,3.0,2.0,0,
1192,Max Komar,23,ARI,WR,8,0,0,0,0,0,0,0,3,2,0,0,0.0,2,2,0,0.0,0.0,0,
1193,Ricardo Mathews,23,IND,DT,8,0,0,0,0,0,0,0,0,0,0,0,0.0,1,0,1,0.0,1.0,0,
1194,Josh Mauga,23,NYJ,LB,8,0,0,0,0,0,0,0,0,0,0,0,0.0,14,12,2,1.0,1.0,0,
1195,Kyle McCarthy,24,DEN,DB,8,0,0,0,0,0,0,0,0,0,0,0,0.0,4,3,1,0.0,0.0,0,
1196,Clinton McDonald,23,CIN,DT,8,0,0,0,0,0,0,0,0,0,0,0,0.0,4,2,2,0.0,2.0,0,
1197,C.J. Mosley,27,JAX,DT,8,0,0,0,0,0,0,0,0,0,0,0,0.0,1,1,0,0.0,0.0,0,
1198,Tom Nelson,24,CIN,DB,8,0,0,0,0,0,0,0,0,0,0,0,0.0,9,7,2,1.0,0.0,0,
1199,Cyril Obiozor,24,2TM,LB,8,0,0,0,0,0,0,0,0,0,0,0,0.0,5,4,1,0.0,0.0,0,
1199,Cyril Obiozor,24,ARI,LB,6,0,0,0,0,0,0,0,0,0,0,0,0.0,4,3,1,0.0,0.0,0,
1199,Cyril Obiozor,24,SDG,LB,2,0,0,0,0,0,0,0,0,0,0,0,0.0,1,1,0,0.0,0.0,0,
1200,Dave Rayner,28,DET,K,8,0,0,0,0,0,0,0,0,0,0,0,0.0,2,2,0,0.0,0.0,0,
1201,Perry Riley,22,WAS,LB,8,0,0,0,0,0,0,0,0,0,0,0,0.0,7,7,0,0.0,0.0,0,
1202,Donte' Stallworth,30,BAL,WR,8,0,0,0,0,0,0,0,1,0,0,0,0.0,1,1,0,0.0,0.0,0,
1203,Jaimie Thomas,24,IND,G,8,0,0,0,0,0,0,0,0,0,0,0,0.0,1,0,1,,,0,
1204,Deshea Townsend,35,IND,DB,8,0,0,0,0,0,1,0,0,0,0,0,0.0,10,9,1,0.0,0.0,0,
1205,Jeremy Ware,24,OAK,FB,8,0,1,0,0,0,3,0,0,0,0,0,0.0,1,1,0,1.0,0.0,0,
1206,Kelley Washington,31,SDG,WR,8,0,0,0,0,0,0,0,0,0,0,0,0.0,1,1,0,0.0,0.0,0,
1207,C.J. Wilson,25,CAR,DB,8,0,0,0,0,0,0,0,0,1,0,0,0.0,13,10,3,0.0,0.0,0,
1208,Red Bryant,26,SEA,RDE,7,7,0,0,0,0,0,1,0,2,0,0,1.0,18,16,2,2.0,3.0,0,
1209,Tank Johnson,29,CIN,RDT,7,7,0,0,0,0,0,0,0,0,0,0,0.0,10,5,5,1.0,2.0,0,
1210,Kyle Moore,24,TAM,LDE,7,7,0,0,0,0,0,0,0,2,5,0,0.0,18,10,8,0.0,1.0,0,
1211,Kevin Kolb,26,PHI,QB,7,5,0,0,0,0,0,0,6,1,0,0,0.0,0,0,0,0.0,0.0,0,
1212,Derek Hagan,26,NYG,WR,7,4,0,0,0,0,0,0,0,0,0,0,0.0,2,2,0,0.0,0.0,0,
1213,Garrett Mills,27,PHI,FB,7,3,0,0,0,0,0,0,0,0,0,0,0.0,1,1,0,0.0,0.0,0,
1214,Anthony Smith,27,2TM,DB,7,3,1,47,0,47,1,0,0,0,0,0,0.0,22,19,3,0.0,0.0,0,
1214,Anthony Smith,27,JAX,DB,3,3,1,47,0,47,1,0,0,0,0,0,0.0,15,13,2,0.0,0.0,0,
1214,Anthony Smith,27,GNB,DB,4,0,0,0,0,0,0,0,0,0,0,0,0.0,7,6,1,0.0,0.0,0,
1215,Tyrell Johnson,25,MIN,DB,7,2,0,0,0,0,0,0,0,0,0,0,0.0,7,5,2,0.0,0.0,0,
1216,Keenan Clayton,23,PHI,LB,7,1,0,0,0,0,1,0,0,0,0,0,0.0,12,9,3,0.0,0.0,0,
1217,Matt Flynn,25,GNB,QB,7,1,0,0,0,0,0,0,1,0,0,0,0.0,0,0,0,,,0,
1218,Darcel McBath,25,DEN,DB,7,1,0,0,0,0,1,0,0,0,0,0,0.0,17,17,0,0.0,0.0,0,
1219,Andre Neblett,22,CAR,DT,7,1,0,0,0,0,0,0,0,0,0,0,0.0,10,8,2,0.0,0.0,0,
1220,Michael Bennett,32,OAK,RB,7,0,0,0,0,0,0,0,0,0,0,0,0.0,9,9,0,0.0,0.0,0,
1221,Tyrone Carter,34,SDG,DB,7,0,0,0,0,0,0,0,0,0,0,0,0.0,12,11,1,0.0,0.0,0,
1222,Phillip Dillard,24,NYG,LB,7,0,0,0,0,0,0,0,0,0,0,0,0.0,4,3,1,0.0,0.0,0,
1223,Ken Hamlin,29,BAL,DB,7,0,1,0,0,0,1,0,0,1,0,0,0.0,3,1,2,0.0,0.0,0,
1224,Chris Horton,26,WAS,DB,7,0,0,0,0,0,0,0,0,0,0,0,0.0,9,6,3,1.0,0.0,0,
1225,Kenny Iwebema,25,ARI,DE,7,0,0,0,0,0,0,0,0,0,0,0,0.0,2,2,0,0.0,0.0,0,
1226,Eric King,28,2TM,DB,7,0,0,0,0,0,0,0,0,0,0,0,0.0,12,8,4,1.0,0.0,0,
1226,Eric King,28,CLE,DB,4,0,0,0,0,0,0,0,0,0,0,0,0.0,3,3,0,0.0,0.0,0,
1226,Eric King,28,DET,DB,3,0,0,0,0,0,0,0,0,0,0,0,0.0,9,5,4,1.0,0.0,0,
1227,Steve McLendon,24,PIT,DT,7,0,0,0,0,0,0,0,0,1,0,0,0.0,2,2,0,0.0,0.0,0,
1228,Aaron Morgan,22,JAX,LB,7,0,0,0,0,0,0,0,0,0,0,0,0.0,2,2,0,0.0,2.0,0,
1229,Akwasi Owusu-Ansah,22,DAL,DB,7,0,0,0,0,0,0,0,0,0,0,0,0.0,1,1,0,0.0,0.0,0,
1230,Cedric Peerman,24,CIN,RB,7,0,0,0,0,0,0,0,0,0,0,0,0.0,6,4,2,0.0,0.0,0,
1231,Ricky Price,23,KAN,DB,7,0,0,0,0,0,0,0,0,0,0,0,0.0,9,8,1,0.0,0.0,0,
1232,Jay Richardson,26,SEA,DE,7,0,0,0,0,0,0,0,0,0,0,0,0.0,8,5,3,0.0,1.0,0,
1233,Shaun Suisham,29,PIT,K,7,0,0,0,0,0,0,0,0,0,0,0,0.0,2,1,1,0.0,0.0,0,
1234,Gabe Watson,27,ARI,DT,7,0,0,0,0,0,0,0,0,0,0,0,0.0,7,7,0,1.0,0.0,0,
1235,Matt Wilhelm,29,GNB,LB,7,0,0,0,0,0,0,0,0,0,0,0,0.0,5,4,1,0.0,0.0,0,
1236,DeMeco Ryans,26,HOU,MLB,6,6,0,0,0,0,2,0,0,0,0,0,1.0,54,32,22,2.0,2.0,0,
1237,Aaron Smith,34,PIT,LDE,6,6,0,0,0,0,0,0,0,0,0,0,0.0,15,7,8,1.0,0.0,0,
1238,Troy Smith,26,SFO,QB,6,6,0,0,0,0,0,0,6,3,-6,0,0.0,0,0,0,0.0,0.0,0,
1239,DeAngelo Williams,27,CAR,RB,6,6,0,0,0,0,0,0,1,0,0,0,0.0,0,0,0,,,0,
1240,Chris Cook,23,MIN,DB,6,5,0,0,0,0,2,0,0,0,0,0,0.0,21,16,5,0.0,0.0,0,
1241,Brad Jones,24,GNB,ROLB,6,5,0,0,0,0,0,0,0,0,0,0,0.0,27,16,11,2.0,1.0,0,
1242,Matt Moore,26,CAR,QB,6,5,0,0,0,0,0,0,4,0,0,0,0.0,0,0,0,,,0,
1243,Andra Davis,32,BUF,LB,6,4,1,11,0,11,1,1,0,0,0,0,0.0,41,18,23,1.0,0.0,0,
1244,Bruce Gradkowski,27,OAK,QB,6,4,0,0,0,0,0,0,3,1,0,0,0.0,0,0,0,0.0,0.0,0,
1245,Gerald Hayes,30,ARI,LB,6,4,0,0,0,0,1,0,0,1,21,1,0.0,33,23,10,2.0,0.0,0,
1246,Anthony Bryant,29,WAS,DT,6,3,0,0,0,0,0,0,0,0,0,0,0.0,8,2,6,0.0,0.0,0,
1247,Max Hall,25,ARI,QB,6,3,0,0,0,0,0,0,5,1,0,0,0.0,0,0,0,0.0,0.0,0,
1248,Drew Stanton,26,DET,QB,6,3,0,0,0,0,0,0,3,1,0,0,0.0,0,0,0,0.0,0.0,0,
1249,Jamie Winborn,31,TEN,LB,6,3,0,0,0,0,0,0,0,0,0,0,0.0,12,8,4,0.0,0.0,0,
1250,Marques Douglas,33,TEN,DE,6,2,0,0,0,0,0,0,0,0,0,0,0.0,21,16,5,4.0,1.0,0,
1251,Brandon McDonald,25,DET,DB,6,2,0,0,0,0,1,0,0,1,-5,0,0.0,19,16,3,0.0,0.0,0,
1252,Charlie Whitehurst,28,SEA,QB,6,2,0,0,0,0,0,0,2,2,-16,0,0.0,0,0,0,,,0,
1253,Quincy Butler,27,STL,DB,6,1,0,0,0,0,4,0,0,0,0,0,0.0,12,9,3,1.0,1.0,0,
1254,Brady Poppinga,31,GNB,LB,6,1,0,0,0,0,0,0,0,0,0,0,1.0,14,7,7,1.0,1.0,0,
1255,Naaman Roosevelt,23,BUF,WR,6,1,0,0,0,0,0,0,0,0,0,0,0.0,1,1,0,0.0,0.0,0,
1256,Ryan Sims,30,TAM,DT,6,1,0,0,0,0,0,0,0,0,0,0,0.0,4,3,1,1.0,0.0,0,
1257,Daniel Te'o-Nesheim,24,PHI,DE,6,1,0,0,0,0,0,0,0,0,0,0,1.0,2,2,0,1.0,1.0,0,
1258,Hamza Abdullah,27,ARI,DB,6,0,0,0,0,0,0,0,0,0,0,0,0.0,4,1,3,0.0,0.0,0,
1259,Hank Baskett,28,MIN,WR,6,0,0,0,0,0,0,0,0,0,0,0,0.0,1,1,0,0.0,0.0,0,
1260,Shawn Crable,26,NWE,DE,6,0,0,0,0,0,0,0,0,0,0,0,0.5,4,2,2,0.0,1.0,0,
1261,Bruce Davis,25,OAK,LB,6,0,0,0,0,0,0,0,0,0,0,0,0.0,4,4,0,0.0,0.0,0,
1262,Brandon Ghee,23,CIN,DB,6,0,0,0,0,0,0,0,0,0,0,0,0.0,9,9,0,0.0,0.0,0,
1263,Garrett Graham,24,HOU,TE,6,0,0,0,0,0,0,0,0,0,0,0,0.0,2,2,0,0.0,0.0,0,
1264,Michael Hamlin,25,2TM,DB,6,0,0,0,0,0,0,0,0,0,0,0,0.0,4,4,0,0.0,0.0,0,
1264,Michael Hamlin,25,DAL,DB,2,0,0,0,0,0,0,0,0,0,0,0,0.0,1,1,0,0.0,0.0,0,
1264,Michael Hamlin,25,JAX,DB,4,0,0,0,0,0,0,0,0,0,0,0,0.0,3,3,0,0.0,0.0,0,
1265,Lavelle Hawkins,24,TEN,WR,6,0,0,0,0,0,0,1,0,0,0,0,0.0,4,3,1,0.0,0.0,0,
1266,Bruce Johnson,23,NYG,DB,6,0,0,0,0,0,0,0,0,0,0,0,0.0,5,5,0,0.0,0.0,0,
1267,Linval Joseph,22,NYG,DT,6,0,0,0,0,0,0,0,0,0,0,0,0.0,8,6,2,1.0,0.0,0,
1268,Keaton Kristick,22,SFO,LB,6,0,0,0,0,0,0,0,0,0,0,0,0.0,9,8,1,0.0,0.0,0,
1269,Matt Kroul,24,NYJ,DT,6,0,0,0,0,0,0,0,0,0,0,0,0.0,3,3,0,0.0,0.0,0,
1270,Reshard Langford,24,KAN,DB,6,0,0,0,0,0,0,0,0,0,0,0,0.0,6,5,1,0.0,0.0,0,
1271,Jeromy Miles,23,CIN,DB,6,0,0,0,0,0,0,0,0,0,0,0,0.0,4,3,1,0.0,0.0,0,
1272,Kevin Smith,24,DET,RB,6,0,0,0,0,0,0,0,0,1,0,0,0.0,0,0,0,0.0,0.0,0,
1273,Cam Thomas,24,SDG,DT,6,0,0,0,0,0,0,0,0,0,0,0,2.0,7,7,0,2.0,2.0,0,
1274,Jamaal Westerman,25,NYJ,DE,6,0,0,0,0,0,0,0,0,1,0,0,0.0,7,5,2,1.0,0.0,0,
1275,Brandon Williams,22,DAL,DE,6,0,0,0,0,0,0,0,0,0,0,0,0.0,4,4,0,0.0,0.0,0,
1276,Matt Willis,26,DEN,WR,6,0,0,0,0,0,0,0,0,0,0,0,0.0,1,0,1,0.0,0.0,0,
1277,Pierre Woods,28,2TM,LB,6,0,0,0,0,0,0,0,0,0,0,0,1.0,7,5,2,1.0,1.0,0,
1277,Pierre Woods,28,NWE,LB,2,0,0,0,0,0,0,0,0,0,0,0,1.0,3,3,0,1.0,1.0,0,
1277,Pierre Woods,28,BUF,LB,4,0,0,0,0,0,0,0,0,0,0,0,0.0,4,2,2,0.0,0.0,0,
1278,Corey Wootton,23,CHI,DE,6,0,0,0,0,0,0,0,0,0,0,0,1.0,5,3,2,1.0,1.0,0,
1279,Vincent Jackson,27,SDG,WR,5,5,0,0,0,0,0,0,0,1,-6,0,0.0,0,0,0,0.0,0.0,0,
1280,Clint Session,26,IND,RLB,5,5,0,0,0,0,1,0,0,0,0,0,1.0,38,31,7,1.0,1.0,0,
1281,Robaire Smith,33,CLE,LDE,5,5,0,0,0,0,0,0,0,0,0,0,0.0,25,13,12,1.0,0.0,0,
1282,Keydrick Vincent,32,TAM,LG,5,5,0,0,0,0,0,0,0,1,0,0,0.0,0,0,0,0.0,0.0,0,
1283,Jake Delhomme,35,CLE,QB,5,4,0,0,0,0,0,0,3,0,0,0,0.0,0,0,0,,,0,
1284,John Skelton,22,ARI,QB,5,4,0,0,0,0,0,0,3,1,-14,0,0.0,0,0,0,0.0,0.0,0,
1285,Michael Lewis,30,2TM,DB,5,3,0,0,0,0,0,0,0,0,0,0,1.0,13,10,3,1.0,1.0,0,
1285,Michael Lewis,30,SFO,DB,3,3,0,0,0,0,0,0,0,0,0,0,0.0,10,7,3,0.0,0.0,0,
1285,Michael Lewis,30,STL,DB,2,0,0,0,0,0,0,0,0,0,0,0,1.0,3,3,0,1.0,1.0,0,
1286,Jerome Simpson,24,CIN,WR,5,3,0,0,0,0,0,0,2,0,0,0,0.0,0,0,0,,,0,
1287,Zack Follett,23,DET,LB,5,2,0,0,0,0,1,0,0,0,0,0,0.0,21,12,9,0.0,0.0,0,
1288,Joe Webb,24,MIN,QB,5,2,0,0,0,0,0,0,1,0,0,0,0.0,0,0,0,,,0,
1289,Chris Ellis,25,BUF,DE,5,1,0,0,0,0,0,0,1,0,0,0,1.0,5,3,2,1.0,2.0,0,
1290,Adam Jones,27,CIN,DB,5,1,1,10,0,10,3,1,0,2,59,1,0.0,14,11,3,0.0,0.0,0,
1291,Shawn Nelson,25,BUF,TE,5,1,0,0,0,0,0,0,1,0,0,0,0.0,2,1,1,0.0,0.0,0,
1292,Martin Rucker,25,DAL,TE,5,1,0,0,0,0,0,0,0,0,0,0,0.0,1,0,1,0.0,0.0,0,
1293,Tyler Thigpen,26,MIA,QB,5,1,0,0,0,0,0,0,1,1,-9,0,0.0,0,0,0,0.0,0.0,0,
1294,Colin Allred,27,TEN,LB,5,0,0,0,0,0,0,0,0,0,0,0,0.0,5,3,2,0.0,0.0,0,
1295,Terrence Austin,22,WAS,WR,5,0,0,0,0,0,0,0,0,0,0,0,0.0,1,0,1,0.0,0.0,0,
1296,Joique Bell,24,IND,RB,5,0,0,0,0,0,0,0,0,0,0,0,0.0,1,1,0,0.0,0.0,0,
1297,Will Blackmon,26,NYG,DB,5,0,0,0,0,0,0,0,2,0,0,0,0.0,2,1,1,0.0,0.0,0,
1298,Kyle Boller,29,OAK,QB,5,0,0,0,0,0,0,0,1,0,0,0,0.0,0,0,0,,,0,
1299,Diyral Briggs,25,GNB,LB,5,0,0,0,0,0,0,0,0,0,0,0,0.0,4,4,0,0.0,0.0,0,
1300,Desmond Clark,33,CHI,TE,5,0,0,0,0,0,0,0,0,0,0,0,0.0,1,1,0,0.0,0.0,0,
1301,Marcus Harrison,26,CHI,DT,5,0,0,0,0,0,1,0,0,0,0,0,0.0,3,3,0,1.0,1.0,0,
1302,Spencer Havner,27,DET,LB,5,0,0,0,0,0,0,0,0,0,0,0,0.0,9,6,3,0.0,0.0,0,
1303,Abdul Hodge,28,CAR,LB,5,0,0,0,0,0,0,0,0,0,0,0,0.0,5,4,1,0.0,0.0,0,
1304,Ramon Humber,23,2TM,LB,5,0,0,0,0,0,0,0,0,0,0,0,0.0,4,3,1,0.0,0.0,0,
1304,Ramon Humber,23,IND,LB,2,0,0,0,0,0,0,0,0,0,0,0,0.0,2,1,1,0.0,0.0,0,
1304,Ramon Humber,23,NOR,LB,3,0,0,0,0,0,0,0,0,0,0,0,0.0,2,2,0,0.0,0.0,0,
1305,Jeremy Jarmon,23,WAS,DE,5,0,0,0,0,0,0,0,0,0,0,0,0.5,3,1,2,0.0,2.0,0,
1306,Edgar Jones,26,BAL,DE,5,0,0,0,0,0,0,0,0,0,0,0,0.0,2,2,0,0.0,0.0,0,
1307,Derrick Martin,25,GNB,DB,5,0,1,15,0,15,1,0,0,0,0,0,0.0,9,6,3,0.0,0.0,0,
1308,Phillip Merling,25,MIA,DE,5,0,0,0,0,0,1,0,0,0,0,0,0.0,3,3,0,0.0,0.0,0,
1309,Jesse Nading,25,HOU,DE,5,0,0,0,0,0,1,0,0,0,0,0,0.5,10,5,5,0.0,1.0,0,
1310,Slade Norris,25,JAX,LB,5,0,0,0,0,0,0,0,0,0,0,0,0.0,2,1,1,0.0,0.0,0,
1311,Will Peterson,31,SFO,DB,5,0,0,0,0,0,1,0,0,0,0,0,0.0,8,8,0,,,0,
1312,Brian Price,21,TAM,DT,5,0,0,0,0,0,0,0,0,0,0,0,0.0,3,3,0,0.0,1.0,0,
1313,Taj Smith,27,IND,WR,5,0,0,0,0,0,0,1,0,1,0,0,0.0,4,3,1,0.0,0.0,0,
1314,Clint Stitser,25,CIN,K,5,0,0,0,0,0,0,0,0,0,0,0,0.0,2,1,1,0.0,0.0,0,
1315,Curtis Taylor,25,SFO,DB,5,0,0,0,0,0,0,0,0,0,0,0,0.0,3,3,0,0.0,0.0,0,
1316,Anthony Toribio,25,KAN,DT,5,0,0,0,0,0,0,0,0,0,0,0,0.0,5,3,2,0.0,0.0,0,
1317,Nate Triplett,23,IND,LB,5,0,0,0,0,0,0,0,0,0,0,0,0.0,4,4,0,0.0,0.0,0,
1318,Patrick Turner,23,NYJ,WR,5,0,0,0,0,0,0,0,0,0,0,0,0.0,1,1,0,0.0,0.0,0,
1319,Kyle Williams,22,SFO,WR,5,0,0,0,0,0,0,0,0,1,-7,0,0.0,0,0,0,0.0,0.0,0,
1320,Nick Barnett,29,GNB,LB,4,4,0,0,0,0,1,0,0,0,0,0,0.0,24,18,6,1.0,1.0,0,
1321,Morgan Burnett,21,GNB,DB,4,4,1,0,0,0,1,0,0,0,0,0,0.0,14,12,2,0.0,0.0,0,
1322,Deion Branch,31,SEA,WR,4,3,0,0,0,0,0,0,1,0,0,0,0.0,0,0,0,0.0,0.0,0,
1323,Melvin Bullitt,26,IND,DB,4,3,1,19,0,19,1,0,0,0,0,0,0.0,14,11,3,0.0,0.0,0,
1324,Rex Grossman,30,WAS,QB,4,3,0,0,0,0,0,0,4,0,0,0,0.0,0,0,0,0.0,0.0,0,
1325,Madison Hedgecock,29,NYG,FB,4,3,0,0,0,0,0,0,0,0,0,0,0.0,1,1,0,0.0,0.0,0,
1326,Laurence Maroney,25,DEN,RB,4,3,0,0,0,0,0,0,1,0,0,0,0.0,0,0,0,,,0,
1327,Eric Moore,29,NWE,DE,4,3,0,0,0,0,1,2,0,1,0,0,2.0,14,9,5,2.0,2.0,0,
1328,Antwan Odom,29,CIN,DE,4,3,0,0,0,0,1,0,0,0,0,0,0.0,4,3,1,0.0,0.0,0,
1329,Landon Cohen,24,2TM,DT,4,1,0,0,0,0,0,0,0,0,0,0,0.0,5,4,1,0.0,0.0,0,
1329,Landon Cohen,24,JAX,DT,2,0,0,0,0,0,0,0,0,0,0,0,0.0,2,1,1,0.0,0.0,0,
1329,Landon Cohen,24,NWE,DT,2,1,0,0,0,0,0,0,0,0,0,0,0.0,3,3,0,0.0,0.0,0,
1330,Tye Hill,28,DET,DB,4,1,0,0,0,0,0,0,0,0,0,0,0.0,3,3,0,0.0,0.0,0,
1331,Nate Ness,24,2TM,DB,4,1,0,0,0,0,0,0,0,0,0,0,0.0,8,7,1,0.0,0.0,0,
1331,Nate Ness,24,SEA,DB,1,1,0,0,0,0,0,0,0,0,0,0,0.0,5,4,1,0.0,0.0,0,
1331,Nate Ness,24,MIA,DB,3,0,0,0,0,0,0,0,0,0,0,0,0.0,3,3,0,0.0,0.0,0,
1332,Al Afalava,23,IND,DB,4,0,0,0,0,0,0,0,0,0,0,0,0.0,4,3,1,0.0,0.0,0,
1333,Jay Alford,27,OAK,DT,4,0,0,0,0,0,0,0,0,0,0,0,0.0,2,2,0,1.0,0.0,0,
1334,Josh Bidwell,34,WAS,P,4,0,0,0,0,0,0,0,1,1,-12,0,0.0,0,0,0,0.0,0.0,0,
1335,Atari Bigby,29,GNB,DB,4,0,0,0,0,0,0,0,0,1,0,0,0.0,6,6,0,0.0,0.0,0,
1336,Lorenzo Booker,26,MIN,RB,4,0,0,0,0,0,0,0,1,0,0,0,0.0,0,0,0,0.0,0.0,0,
1337,Chris Bryan,28,TAM,P,4,0,0,0,0,0,0,0,0,0,0,0,0.0,1,1,0,0.0,0.0,0,
1338,Crezdon Butler,23,PIT,DB,4,0,0,0,0,0,0,0,0,0,0,0,0.0,1,1,0,0.0,0.0,0,
1339,Brian Clark,27,DET,WR,4,0,0,0,0,0,0,0,0,0,0,0,0.0,3,3,0,0.0,0.0,0,
1340,Daniel Coats,26,DEN,TE,4,0,0,0,0,0,0,0,0,0,0,0,0.0,3,3,0,0.0,0.0,0,
1341,Michael Coe,27,NYG,DB,4,0,0,0,0,0,0,0,0,0,0,0,0.0,6,4,2,0.0,0.0,0,
1342,Emanuel Cook,22,NYJ,DB,4,0,0,0,0,0,0,1,0,0,0,0,0.0,5,4,1,0.0,1.0,0,
1343,Junior Galette,22,NOR,DE,4,0,0,0,0,0,0,0,0,0,0,0,0.0,4,4,0,1.0,0.0,0,
1344,Randall Gay,28,NOR,DB,4,0,0,0,0,0,0,0,0,0,0,0,0.0,5,3,2,0.0,0.0,0,
1345,Amon Gordon,29,2TM,DT,4,0,0,0,0,0,0,0,0,0,0,0,0.0,4,3,1,0.0,0.0,0,
1345,Amon Gordon,29,TEN,DT,3,0,0,0,0,0,0,0,0,0,0,0,0.0,2,1,1,0.0,0.0,0,
1345,Amon Gordon,29,SEA,DT,1,0,0,0,0,0,0,0,0,0,0,0,0.0,2,2,0,0.0,0.0,0,
1346,Brandon King,23,IND,DB,4,0,0,0,0,0,0,0,0,1,0,0,0.0,1,1,0,0.0,0.0,0,
1347,Mitch King,24,IND,DT,4,0,0,0,0,0,0,0,0,0,0,0,0.0,3,1,2,0.0,0.0,0,
1348,Walter McFadden,23,OAK,DB,4,0,0,0,0,0,0,0,0,0,0,0,0.0,6,5,1,0.0,0.0,0,
1349,Lonyae Miller,22,DAL,RB,4,0,0,0,0,0,0,0,0,1,0,0,0.0,0,0,0,,,0,
1350,Prince Miller,22,DET,DB,4,0,0,0,0,0,1,0,0,0,0,0,0.0,7,4,3,0.0,0.0,0,
1351,Devin Moore,25,IND,RB,4,0,0,0,0,0,0,0,2,0,0,0,0.0,0,0,0,0.0,0.0,0,
1352,Derrick Morgan,21,TEN,DE,4,0,0,0,0,0,1,0,0,0,0,0,1.5,5,3,2,0.0,2.0,0,
1353,Rico Murray,23,CIN,DB,4,0,0,0,0,0,3,0,0,0,0,0,0.0,17,15,2,0.0,0.0,0,
1354,Adewale Ogunleye,33,HOU,DE,4,0,0,0,0,0,0,0,0,0,0,0,0.0,2,1,1,0.0,1.0,0,
1355,Randy Phillips,24,DET,DB,4,0,0,0,0,0,0,1,0,0,0,0,0.0,5,5,0,0.0,0.0,0,
1356,Devin Thomas,24,NYG,WR,4,0,0,0,0,0,0,0,0,0,0,0,0.0,3,3,0,0.0,0.0,0,
1357,David Veikune,25,DEN,DE,4,0,0,0,0,0,0,0,0,0,0,0,0.0,5,3,2,0.0,0.0,0,
1358,Pat Watkins,28,SDG,DB,4,0,0,0,0,0,0,0,0,0,0,0,0.0,5,5,0,0.0,0.0,0,
1359,DeShawn Wynn,27,NOR,RB,4,0,0,0,0,0,0,0,0,0,0,0,0.0,1,1,0,0.0,0.0,0,
1360,Gerald Alexander,26,JAX,DB,3,3,0,0,0,0,3,0,0,1,43,0,0.0,16,10,6,0.0,0.0,0,
1361,Matthew Stafford,22,DET,QB,3,3,0,0,0,0,0,0,2,0,-5,0,0.0,0,0,0,,,0,
1362,Charlie Batch,36,PIT,QB,3,2,0,0,0,0,0,0,2,1,-3,0,0.0,0,0,0,,,0,
1363,Marcus Dixon,26,NYJ,DE,3,1,0,0,0,0,0,0,0,0,0,0,1.0,4,4,0,1.0,1.0,0,
1364,Victor Harris,24,WAS,DB,3,1,0,0,0,0,0,0,0,0,0,0,0.0,3,3,0,0.0,0.0,0,
1365,Tarvaris Jackson,27,MIN,QB,3,1,0,0,0,0,0,0,1,2,-15,0,0.0,0,0,0,0.0,0.0,0,
1366,Mathias Kiwanuka,27,NYG,DE,3,1,0,0,0,0,0,1,0,0,0,0,4.0,11,9,2,4.0,5.0,0,
1367,Shawne Merriman,26,SDG,LB,3,1,0,0,0,0,0,0,0,0,0,0,0.0,6,5,1,0.0,0.0,0,
1368,Sam Aiken,30,CLE,WR,3,0,0,0,0,0,0,0,0,0,0,0,0.0,1,1,0,0.0,0.0,0,
1369,Vince Anderson,26,TAM,DB,3,0,0,0,0,0,0,0,0,0,0,0,0.0,1,0,1,0.0,0.0,0,
1370,Tramaine Brock,22,SFO,DB,3,0,0,0,0,0,0,0,0,0,0,0,0.0,4,3,1,0.0,0.0,0,
1371,Kris Brown,34,SDG,K,3,0,0,0,0,0,0,0,0,0,0,0,0.0,1,1,0,0.0,0.0,0,
1372,Britt Davis,24,DEN,WR,3,0,0,0,0,0,0,0,0,0,0,0,0.0,4,4,0,0.0,0.0,0,
1373,Lionel Dotson,25,MIA,DT,3,0,0,0,0,0,0,0,0,0,0,0,0.0,2,2,0,0.0,0.0,0,
1374,Armanti Edwards,22,CAR,QB,3,0,0,0,0,0,0,0,1,1,0,0,0.0,0,0,0,0.0,0.0,0,
1375,Richard Goodman,23,SDG,WR,3,0,0,0,0,0,0,0,1,0,0,0,0.0,5,4,1,0.0,0.0,0,
1376,Al Harris,36,MIA,DB,3,0,0,0,0,0,0,0,0,0,0,0,0.0,3,3,0,0.0,0.0,0,
1377,James Holt,24,SDG,LB,3,0,0,0,0,0,0,0,0,0,0,0,0.0,2,2,0,0.0,0.0,0,
1378,Jeremy Horne,24,KAN,WR,3,0,0,0,0,0,0,0,0,0,0,0,0.0,2,2,0,0.0,0.0,0,
1379,Kareem Huggins,24,TAM,RB,3,0,0,0,0,0,0,0,0,0,0,0,0.0,1,0,1,,,0,
1380,Pete Ittersagen,25,TEN,DB,3,0,0,0,0,0,0,0,0,0,0,0,0.0,4,3,1,0.0,0.0,0,
1381,Chris Maragos,23,SFO,DB,3,0,0,0,0,0,0,0,0,0,0,0,0.0,2,2,0,0.0,0.0,0,
1382,Tyrone McKenzie,25,TAM,LB,3,0,0,0,0,0,0,0,0,0,0,0,0.0,5,5,0,0.0,0.0,0,
1383,Joshua Moore,22,CHI,DB,3,0,0,0,0,0,0,0,0,0,0,0,0.0,1,1,0,0.0,0.0,0,
1384,David Nixon,25,HOU,LB,3,0,0,0,0,0,0,0,0,0,0,0,0.0,10,8,2,0.0,0.0,0,
1385,Fendi Onobun,24,STL,TE,3,0,0,0,0,0,0,0,0,0,0,0,0.0,1,1,0,0.0,0.0,0,
1386,Sam Paulescu,26,WAS,P,3,0,0,0,0,0,0,0,0,0,0,0,0.0,1,1,0,0.0,0.0,0,
1387,David Pender,23,IND,DB,3,0,0,0,0,0,0,0,0,0,0,0,0.0,2,2,0,0.0,0.0,0,
1388,Keiwan Ratliff,29,CIN,DB,3,0,0,0,0,0,0,0,0,0,0,0,0.0,13,7,6,0.0,0.0,0,
1389,Dominic Rhodes,31,IND,RB,3,0,0,0,0,0,0,0,1,0,0,0,0.0,0,0,0,,,0,
1390,Lee Robinson,23,DEN,LB,3,0,0,0,0,0,0,0,0,1,0,0,0.0,2,2,0,0.0,0.0,0,
1391,Malcolm Sheppard,22,TEN,DT,3,0,0,0,0,0,0,0,0,0,0,0,0.0,5,4,1,1.0,0.0,0,
1392,Chad Simpson,25,WAS,RB,3,0,0,0,0,0,0,0,0,0,0,0,0.0,1,1,0,0.0,0.0,0,
1393,Jyles Tucker,27,SDG,LB,3,0,0,0,0,0,0,0,0,0,0,0,1.0,3,2,1,1.0,1.0,0,
1394,Josh Vaughan,24,CAR,RB,3,0,0,0,0,0,0,0,0,0,0,0,0.0,1,0,1,0.0,0.0,0,
1395,Chip Vaughn,25,IND,DB,3,0,0,0,0,0,0,0,0,0,0,0,0.0,1,1,0,0.0,0.0,0,
1396,Dante Wesley,31,DET,DB,3,0,0,0,0,0,0,0,0,0,0,0,0.0,2,2,0,0.0,0.0,0,
1397,Marvin White,27,CIN,DB,3,0,0,0,0,0,0,0,0,0,0,0,0.0,1,1,0,0.0,0.0,0,
1398,Jamar Williams,26,CAR,LB,3,0,0,0,0,0,0,0,0,0,0,0,0.0,2,2,0,0.0,0.0,0,
1399,Kion Wilson,24,SDG,LB,3,0,0,0,0,0,0,1,0,0,0,0,0.0,6,5,1,0.0,0.0,0,
1400,Dennis Dixon,25,PIT,QB,2,2,0,0,0,0,0,0,2,0,-4,0,0.0,0,0,0,,,0,
1401,Cedric Griffin,28,MIN,DB,2,2,0,0,0,0,1,0,0,0,0,0,0.0,8,7,1,1.0,0.0,0,
1402,Tanard Jackson,25,TAM,DB,2,2,0,0,0,0,0,0,0,0,0,0,0.0,8,8,0,2.0,0.0,0,
1403,Jackie Bates,24,KAN,DB,2,1,0,0,0,0,1,0,0,0,0,0,0.0,1,1,0,0.0,0.0,0,
1404,Stephen McGee,25,DAL,QB,2,1,0,0,0,0,0,0,1,1,-4,0,0.0,0,0,0,0.0,0.0,0,
1405,Larry Asante,22,TAM,DB,2,0,1,4,0,4,1,0,0,0,0,0,0.0,2,2,0,0.0,0.0,0,
1406,Alvin Bowen,27,JAX,LB,2,0,0,0,0,0,0,0,0,0,0,0,0.0,1,0,1,0.0,0.0,0,
1407,Caleb Campbell,26,DET,DB,2,0,0,0,0,0,0,0,0,0,0,0,0.0,3,2,1,0.0,0.0,0,
1408,Tony Carter,24,NWE,DB,2,0,0,0,0,0,0,0,0,0,0,0,0.0,1,1,0,0.0,0.0,0,
1409,Jeremy Clark,27,DAL,DT,2,0,0,0,0,0,0,0,0,0,0,0,0.0,3,3,0,0.0,0.0,0,
1410,Colin Cloherty,23,SFO,TE,2,0,0,0,0,0,0,0,0,0,0,0,0.0,3,1,2,0.0,0.0,0,
1411,Kenwin Cummings,24,DAL,DE,2,0,0,0,0,0,0,0,0,0,0,0,0.0,1,1,0,0.0,0.0,0,
1412,Dominique Curry,23,STL,WR,2,0,0,0,0,0,0,0,0,0,0,0,0.0,2,2,0,0.0,0.0,0,
1413,Quintin Demps,25,HOU,DB,2,0,0,0,0,0,0,0,0,0,0,0,0.0,1,1,0,0.0,0.0,0,
1414,Jonathan Fanene,28,CIN,DE,2,0,0,0,0,0,0,0,0,0,0,0,0.0,1,0,1,0.0,0.0,0,
1415,Coye Francies,24,CLE,DB,2,0,0,0,0,0,0,0,0,0,0,0,0.0,3,2,1,0.0,0.0,0,
1416,Dominique Franks,23,ATL,DB,2,0,1,40,0,40,1,0,0,0,0,0,0.0,1,1,0,0.0,0.0,0,
1417,Thaddeus Gibson,23,SFO,LB,2,0,0,0,0,0,0,1,0,0,0,0,0.0,3,3,0,0.0,0.0,0,
1418,Josh Gordy,23,GNB,DB,2,0,0,0,0,0,0,0,0,0,0,0,0.0,1,1,0,0.0,0.0,0,
1419,Alex Hall,25,NYG,LB,2,0,0,0,0,0,0,0,0,0,0,0,0.0,1,1,0,0.0,0.0,0,
1420,Cary Harris,23,BUF,DB,2,0,0,0,0,0,0,1,0,0,0,0,0.0,1,1,0,0.0,0.0,0,
1421,David Herron,26,SDG,LB,2,0,0,0,0,0,0,0,0,0,0,0,0.0,2,0,2,0.0,0.0,0,
1422,Corvey Irvin,25,CAR,DT,2,0,0,0,0,0,0,0,0,0,0,0,0.0,4,3,1,1.0,0.0,0,
1423,Rob Jackson,25,WAS,DE,2,0,0,0,0,0,0,1,0,0,0,0,1.0,3,3,0,0.0,1.0,0,
1424,A.J. Jefferson,22,ARI,DB,2,0,0,0,0,0,1,0,0,0,0,0,0.0,1,0,1,0.0,0.0,0,
1425,Manuel Johnson,24,DAL,WR,2,0,0,0,0,0,0,0,0,0,0,0,0.0,1,1,0,0.0,0.0,0,
1426,Marquis Johnson,22,STL,FB,2,0,0,0,0,0,0,0,0,0,0,0,0.0,2,1,1,0.0,0.0,0,
1427,Michael Johnson,26,NYG,DB,2,0,0,0,0,0,0,0,0,0,0,0,0.0,3,1,2,0.0,0.0,0,
1428,Louis Leonard,26,CAR,DT,2,0,0,0,0,0,0,0,0,0,0,0,0.0,2,1,1,0.0,0.0,0,
1429,Sean Lissemore,23,DAL,NT,2,0,0,0,0,0,0,0,0,0,0,0,0.5,3,2,1,0.0,1.0,0,
1430,Kaluka Maiava,23,CLE,LB,2,0,0,0,0,0,0,0,0,0,0,0,0.0,1,1,0,0.0,0.0,0,
1431,Jayme Mitchell,26,MIN,DE,2,0,0,0,0,0,0,0,0,0,0,0,1.0,1,1,0,1.0,1.0,0,
1432,Brandon Moore,31,SDG,LB,2,0,0,0,0,0,0,0,0,0,0,0,0.0,3,3,0,0.0,0.0,0,
1433,Kenny Moore,25,IND,WR,2,0,0,0,0,0,0,0,2,0,0,0,0.0,0,0,0,,,0,
1434,DaJuan Morgan,25,IND,DB,2,0,0,0,0,0,0,0,0,0,0,0,0.0,1,1,0,0.0,0.0,0,
1435,Mike Neal,23,GNB,LB,2,0,0,0,0,0,0,1,0,0,0,0,1.0,3,3,0,1.0,1.0,0,
1436,Steve Octavien,26,CLE,LB,2,0,0,0,0,0,0,0,0,0,0,0,0.0,1,0,1,0.0,0.0,0,
1437,Karl Paymah,28,HOU,DB,2,0,0,0,0,0,0,0,0,0,0,0,0.0,2,2,0,0.0,0.0,0,
1438,Chris Reis,27,NOR,DB,2,0,0,0,0,0,0,0,0,0,0,0,0.0,4,3,1,0.0,0.0,0,
1439,Vincent Rey,23,CIN,LB,2,0,0,0,0,0,0,0,0,0,0,0,0.0,3,2,1,0.0,0.0,0,
1440,Anderson Russell,23,WAS,DB,2,0,0,0,0,0,0,0,0,0,0,0,0.0,2,2,0,0.0,0.0,0,
1441,Darrion Scott,29,WAS,DE,2,0,0,0,0,0,0,0,0,0,0,0,0.0,2,1,1,0.0,1.0,0,
1442,Andrew Sendejo,23,DAL,DB,2,0,0,0,0,0,0,0,0,0,0,0,0.0,1,0,1,0.0,0.0,0,
1443,Clifton Smith,25,CLE,RB,2,0,0,0,0,0,0,0,1,1,0,0,0.0,0,0,0,0.0,0.0,0,
1444,Barry Turner,23,CHI,DT,2,0,0,0,0,0,0,0,0,0,0,0,0.0,1,1,0,0.0,0.0,0,
1445,E.J. Wilson,23,SEA,DE,2,0,0,0,0,0,0,0,0,0,0,0,0.0,1,1,0,0.0,0.0,0,
1446,Jamar Adams,25,PHI,DB,1,1,0,0,0,0,1,0,0,0,0,0,0.0,3,2,1,0.0,0.0,0,
1447,Aaron Berry,22,DET,DB,1,1,1,23,0,23,1,0,0,0,0,0,0.0,3,3,0,0.0,0.0,0,
1448,Brian Brohm,25,BUF,QB,1,1,0,0,0,0,0,0,1,0,0,0,0.0,0,0,0,,,0,
1449,Travis Ivey,24,CLE,DT,1,1,0,0,0,0,0,0,0,0,0,0,0.0,1,1,0,0.0,0.0,0,
1450,Kris Jenkins,31,NYJ,DT,1,1,0,0,0,0,0,0,0,0,0,0,0.0,1,0,1,0.0,0.0,0,
1451,Trey Lewis,25,ATL,DT,1,1,0,0,0,0,0,0,0,0,0,0,0.0,2,0,2,0.0,0.0,0,
1452,Jared Odrick,23,MIA,DE,1,1,0,0,0,0,0,0,0,0,0,0,0.0,1,1,0,1.0,0.0,0,
1453,K.C. Asiodu,24,NOR,LB,1,0,0,0,0,0,0,0,0,0,0,0,0.0,1,1,0,0.0,0.0,0,
1454,Darry Beckwith,23,SDG,LB,1,0,0,0,0,0,0,0,0,0,0,0,0.0,1,0,1,0.0,0.0,0,
1455,Yamon Figurs,27,OAK,WR,1,0,0,0,0,0,0,0,1,0,0,0,0.0,0,0,0,,,0,
1456,Jarron Gilbert,24,NYJ,DT,1,0,0,0,0,0,0,0,0,0,0,0,0.0,1,1,0,1.0,0.0,0,
1457,Chris Henry,25,SEA,RB,1,0,0,0,0,0,0,0,0,0,0,0,0.0,1,1,0,0.0,0.0,0,
1458,Brandon Hughes,24,PHI,DB,1,0,0,0,0,0,0,0,0,0,0,0,0.0,5,5,0,0.0,0.0,0,
1459,Josh Hull,23,STL,LB,1,0,0,0,0,0,0,1,0,0,0,0,0.0,1,1,0,0.0,0.0,0,
1460,Micah Johnson,22,MIA,LB,1,0,0,0,0,0,0,0,0,0,0,0,0.0,1,0,1,0.0,0.0,0,
1461,Alex Joseph,22,SFO,LB,1,0,0,0,0,0,0,0,0,0,0,0,0.0,1,0,1,0.0,0.0,0,
1462,Billy Latsko,26,SDG,RB,1,0,0,0,0,0,0,0,0,0,0,0,0.0,1,1,0,0.0,0.0,0,
1463,Gerard Lawson,25,PHI,DB,1,0,0,0,0,0,0,0,0,1,0,0,0.0,0,0,0,,,0,
1464,Charly Martin,26,CAR,WR,1,0,0,0,0,0,0,0,0,0,0,0,0.0,1,1,0,0.0,0.0,0,
1465,John McCargo,27,BUF,DT,1,0,0,0,0,0,0,0,0,0,0,0,0.0,1,0,1,0.0,0.0,0,
1466,Kawika Mitchell,31,NOR,LB,1,0,0,0,0,0,0,0,0,0,0,0,1.0,2,2,0,,,0,
1467,Marques Murrell,25,NWE,LB,1,0,0,0,0,0,0,0,0,0,0,0,0.0,1,1,0,0.0,0.0,0,
1468,Evan Oglesby,29,MIA,DB,1,0,0,0,0,0,0,0,0,0,0,0,0.0,1,0,1,0.0,0.0,0,
1469,Mike Richardson,26,IND,DB,1,0,0,0,0,0,0,0,0,0,0,0,0.0,1,1,0,0.0,0.0,0,
1470,Clifton Ryan,26,STL,DT,1,0,0,0,0,0,0,0,1,1,18,0,0.0,0,0,0,0.0,0.0,0,
1471,Mark Simoneau,33,KAN,LB,1,0,0,0,0,0,0,0,0,0,0,0,0.0,1,1,0,0.0,0.0,0,
1472,Isaiah Trufant,28,NYJ,DB,1,0,0,0,0,0,0,0,0,0,0,0,0.0,2,2,0,0.0,0.0,0,
1473,Jamar Wall,22,HOU,DB,1,0,0,0,0,0,0,0,0,0,0,0,0.0,1,1,0,0.0,0.0,0,
