Player ID,Player,Age,Team,Pos,G,GS,Int,Yds,IntTD,Lng,PD,FF,Fmb,FR,Yds.1,FRTD,Sk,Comb,Solo,Ast,TFL,QBHits,Sfty
,Anthony Adams,30,CHI,RDT,16,16,0,0,0,0,1,2,0,0,0,0,2.0,37,33,4,9.0,5.0,0
,Flozell Adams,35,PIT,RT,16,16,0,0,0,0,0,0,0,1,0,0,0.0,0,0,0,0.0,0.0,0
117331.0,Jared Allen,28,MIN,RDE,16,16,2,40,1,36,6,1,0,1,0,0,11.0,60,45,15,14.0,25.0,0
174183.0,Tyson Alualu,23,JAX,LDT,16,16,0,0,0,0,1,0,0,0,0,0,3.5,38,29,9,7.0,9.0,0
,Miles Austin,26,DAL,WR,16,16,0,0,0,0,0,0,1,1,0,0,0.0,0,0,0,0.0,0.0,0
,Remi Ayodele,27,NOR,LDT,16,16,0,0,0,0,1,1,0,0,0,0,1.0,37,21,16,3.0,2.0,0
,David Baas,29,SFO,C,16,16,0,0,0,0,0,0,2,0,-24,0,0.0,0,0,0,0.0,0.0,0
,Jason Babin,30,TEN,LDE,16,16,0,0,0,0,0,2,0,0,0,0,12.5,58,44,14,16.0,27.0,0
,Jeff Backus,33,DET,LT,16,16,0,0,0,0,0,0,0,1,0,0,0.0,0,0,0,0.0,0.0,0
145941.0,Alan Ball,25,DAL,FS,16,16,2,27,0,27,4,1,0,0,0,0,0.5,46,41,5,0.0,1.0,0
,Justin Bannan,31,DEN,RDE,16,16,0,0,0,0,4,1,0,0,0,0,1.0,35,25,10,3.0,9.0,0
,Ronde Barber,35,TAM,RCB,16,16,3,98,0,64,13,0,0,0,0,0,1.0,82,66,16,10.0,5.0,0
146491.0,Jon Beason,25,CAR,RLB/MLB,16,16,1,7,0,7,8,2,0,0,0,0,1.0,121,90,31,10.0,2.0,0
,Jacob Bell,29,STL,LG,16,16,0,0,0,0,0,0,0,1,0,0,0.0,0,0,0,0.0,0.0,0
,Yeremiah Bell,32,MIA,SS,16,16,1,21,0,21,5,2,0,1,4,0,1.5,101,83,18,4.0,3.0,0
120228.0,Cedric Benson,28,CIN,RB,16,16,0,0,0,0,0,0,7,1,0,0,0.0,0,0,0,0.0,0.0,0
235998.0,Eric Berry,22,KAN,SS,16,16,4,102,1,54,9,1,0,0,0,0,2.0,92,77,15,5.0,6.0,0
,Antoine Bethea,26,IND,FS,16,16,1,31,0,31,5,1,0,0,0,0,0.5,106,77,29,1.0,5.0,0
,Matt Birk,34,BAL,C,16,16,0,0,0,0,0,0,0,1,0,0,0.0,0,0,0,0.0,0.0,0
,Anquan Boldin,30,BAL,WR,16,16,0,0,0,0,0,0,1,0,0,0,0.0,0,0,0,0.0,0.0,0
146735.0,Dwayne Bowe,26,KAN,WR,16,16,0,0,0,0,0,0,1,1,0,0,0.0,0,0,0,0.0,0.0,0
188934.0,Sam Bradford,23,STL,QB,16,16,0,0,0,0,0,0,7,3,-2,0,0.0,0,0,0,0.0,0.0,0
,Tom Brady,33,NWE,QB,16,16,0,0,0,0,0,0,3,1,-5,0,0.0,0,0,0,,,0
161609.0,Tyvon Branch,24,OAK,SS,16,16,1,15,0,15,2,1,0,2,76,1,4.0,103,80,23,11.0,6.0,0
,Drew Brees,31,NOR,QB,16,16,0,0,0,0,0,0,9,5,0,0,0.0,0,0,0,0.0,0.0,0
,Keith Brooking,35,DAL,RILB,16,16,1,41,0,41,7,0,0,0,0,0,1.0,97,73,24,4.0,4.0,0
,Alex Brown,31,NOR,LDE,16,16,0,0,0,0,3,1,0,1,0,0,2.0,39,32,7,6.0,7.0,0
,Levi Brown,26,ARI,LT,16,16,0,0,0,0,0,0,0,3,-1,1,0.0,0,0,0,0.0,0.0,0
103440.0,Ronnie Brown,29,MIA,RB,16,16,0,0,0,0,0,0,3,0,0,0,0.0,1,0,1,0.0,0.0,0
,Sheldon Brown,31,CLE,RCB,16,16,2,0,0,0,10,0,0,0,0,0,0.0,63,51,12,1.0,1.0,0
107761.0,Kevin Burnett,28,SDG,RILB,16,16,2,31,1,29,5,1,0,1,0,0,6.0,96,81,15,12.0,7.0,0
,Chris Canty,28,NYG,RDT,16,16,0,0,0,0,3,1,0,0,0,0,1.5,39,28,11,4.0,4.0,0
,Cooper Carlisle,33,OAK,RG,16,16,0,0,0,0,0,0,0,1,0,0,0.0,0,0,0,0.0,0.0,0
,Brandon Carr,24,KAN,RCB,16,16,1,0,0,0,25,0,0,2,23,0,0.0,57,46,11,0.0,0.0,0
120857.0,Chris Carr,27,BAL,LCB,16,16,2,13,0,12,8,3,0,0,0,0,0.0,61,54,7,2.0,0.0,0
137451.0,Adam Carriker,26,WAS,LDE,16,16,0,0,0,0,1,0,0,1,0,0,1.5,37,22,15,5.0,2.0,0
,Luis Castillo,27,SDG,RDE,16,16,0,0,0,0,0,0,0,1,10,0,2.5,26,19,7,4.0,3.0,0
,Jacques Cesaire,30,SDG,LDE,16,16,0,0,0,0,0,0,0,0,0,0,1.5,31,23,8,3.0,4.0,0
,Tyson Clabo,29,ATL,RT,16,16,0,0,0,0,0,0,0,1,0,0,0.0,0,0,0,0.0,0.0,0
,Nate Clements,31,SFO,RCB,16,16,3,46,0,39,10,3,1,0,0,0,1.0,82,72,10,8.0,1.0,0
,Shaun Cody,27,HOU,LDT,16,16,0,0,0,0,0,0,0,0,0,0,0.0,38,21,17,3.0,2.0,0
133894.0,Barry Cofield,26,NYG,LDT,16,16,0,0,0,0,4,2,0,1,0,0,4.0,54,40,14,8.0,9.0,0
,Nick Collins,27,GNB,FS,16,16,4,34,0,24,12,0,0,2,26,1,0.0,70,59,11,1.0,2.0,0
,Chris Cooley,28,WAS,TE,16,16,0,0,0,0,0,0,3,0,0,0,0.0,0,0,0,0.0,0.0,0
,Aaron Curry,24,SEA,RLB,16,16,0,0,0,0,1,2,0,0,0,0,3.5,73,60,13,6.0,8.0,0
,Harvey Dahl,29,ATL,RG,16,16,0,0,0,0,0,0,0,1,0,0,0.0,0,0,0,0.0,0.0,0
,Anthony Davis,21,SFO,RT,16,16,0,0,0,0,0,0,0,3,0,0,0.0,0,0,0,0.0,0.0,0
144983.0,Thomas DeCoud,25,ATL,FS,16,16,1,0,0,0,4,2,1,0,0,0,0.0,75,57,18,0.0,0.0,0
,Glenn Dorsey,25,KAN,RDE,16,16,0,0,0,0,0,0,0,1,0,0,2.0,69,51,18,6.0,8.0,0
,Sedrick Ellis,25,NOR,RDT,16,16,0,0,0,0,2,2,0,0,0,0,6.0,44,30,14,8.0,10.0,0
,Alan Faneca,34,ARI,LG,16,16,0,0,0,0,0,0,0,1,0,0,0.0,0,0,0,0.0,0.0,0
,James Farrior,35,PIT,LILB,16,16,0,0,0,0,5,1,0,1,8,0,6.0,109,80,29,11.0,8.0,0
,D'Brickashaw Ferguson,27,NYJ,LT,16,16,0,0,0,0,0,0,0,1,0,0,0.0,0,0,0,0.0,0.0,0
140551.0,Cortland Finnegan,26,TEN,RCB,16,16,2,41,1,41,9,1,0,0,0,0,1.0,100,82,18,4.0,1.0,0
146278.0,Joe Flacco,25,BAL,QB,16,16,0,0,0,0,0,0,9,1,-8,0,0.0,0,0,0,0.0,0.0,0
,London Fletcher,35,WAS,LILB,16,16,1,0,0,0,11,3,0,3,-3,0,2.5,136,87,49,4.0,4.0,0
,Drayton Florence,30,BUF,RCB,16,16,3,42,1,40,15,0,0,2,27,1,0.0,58,49,9,2.0,0.0,0
161747.0,Matt Forte,25,CHI,RB,16,16,0,0,0,0,0,0,3,1,0,0,0.0,0,0,0,0.0,0.0,0
,Aubrayo Franklin,30,SFO,NT,16,16,0,0,0,0,1,0,0,1,0,0,0.0,39,38,1,2.0,0.0,0
192029.0,Josh Freeman,22,TAM,QB,16,16,0,0,0,0,0,0,8,5,0,0,0.0,0,0,0,0.0,0.0,0
,Dwight Freeney,30,IND,RDE,16,16,0,0,0,0,2,5,0,0,0,0,10.0,25,21,4,8.0,19.0,0
,Robert Geathers,27,CIN,LDE,16,16,0,0,0,0,2,1,0,1,5,0,1.0,33,22,11,1.0,6.0,0
,Gary Gibson,28,STL,RDT,16,16,0,0,0,0,2,0,0,0,0,0,0.0,18,14,4,4.0,3.0,0
,Chris Gocong,27,CLE,RILB,16,16,0,0,0,0,3,1,0,2,0,0,2.0,75,50,25,4.0,4.0,0
160847.0,Charles Godfrey,25,CAR,SS,16,16,5,112,0,38,8,1,0,0,0,0,0.0,85,71,14,3.0,4.0,0
146903.0,Jonathan Goff,25,NYG,MLB,16,16,0,0,0,0,2,1,0,1,22,0,1.0,80,55,25,9.0,2.0,0
,Adam Goldberg,30,STL,RG,16,16,0,0,0,0,0,0,0,1,0,0,0.0,0,0,0,0.0,0.0,0
158273.0,Dashon Goldson,26,SFO,FS,16,16,1,39,1,39,6,0,0,0,0,0,1.0,80,62,18,2.0,1.0,0
,Jonathan Goodwin,32,NOR,C,16,16,0,0,0,0,0,0,0,1,0,0,0.0,0,0,0,0.0,0.0,0
,Daniel Graham,32,DEN,TE,16,16,0,0,0,0,0,0,1,1,0,0,0.0,0,0,0,0.0,0.0,0
116238.0,Chad Greenway,27,MIN,LLB,16,16,0,0,0,0,3,1,0,1,0,0,1.0,144,109,35,14.0,5.0,0
,Kelly Gregg,34,BAL,NT,16,16,0,0,0,0,0,0,0,0,0,0,0.0,38,21,17,1.0,1.0,0
145634.0,Michael Griffin,25,TEN,FS,16,16,4,50,0,28,12,2,0,2,20,0,0.0,108,86,22,2.0,4.0,0
187688.0,Brent Grimes,27,ATL,LCB,16,16,5,84,0,36,23,0,0,0,0,0,0.0,87,76,11,2.0,0.0,0
,Jordan Gross,30,CAR,LT,16,16,0,0,0,0,0,0,0,1,0,0,0.0,0,0,0,0.0,0.0,0
,Andre Gurode,32,DAL,C,16,16,0,0,0,0,0,0,3,0,-20,0,0.0,0,0,0,0.0,0.0,0
,Mario Haggan,30,DEN,RILB,16,16,0,0,0,0,1,2,0,1,0,0,5.0,87,75,12,10.0,12.0,0
144706.0,Tamba Hali,27,KAN,ROLB,16,16,0,0,0,0,3,4,0,2,2,0,14.5,52,37,15,12.0,27.0,0
,DeAngelo Hall,27,WAS,LCB,16,16,6,92,1,92,16,2,0,2,32,1,0.0,95,65,30,4.0,0.0,0
,James Hall,33,STL,RDE,16,16,0,0,0,0,2,5,0,0,0,0,10.5,55,49,6,8.0,12.0,0
146071.0,Leon Hall,26,CIN,RCB,16,16,4,19,0,22,11,2,0,0,0,0,0.0,44,33,11,3.0,1.0,0
,Nick Hardwick,29,SDG,C,16,16,0,0,0,0,0,0,0,1,0,0,0.0,0,0,0,0.0,0.0,0
,Chris Harris,28,CHI,FS,16,16,5,69,0,39,7,0,0,2,0,0,0.0,70,50,20,1.0,2.0,0
,David Harris,26,NYJ,RILB,16,16,0,0,0,0,3,0,0,1,0,0,3.0,100,70,30,6.0,7.0,0
,James Harrison,32,PIT,ROLB,16,16,2,2,0,2,5,6,0,1,0,0,10.5,100,70,30,13.0,21.0,0
150079.0,David Hawthorne,25,SEA,LLB,16,16,1,5,0,5,4,2,0,1,0,0,0.0,106,75,31,3.0,1.0,0
191355.0,Geno Hayes,23,TAM,RLB,16,16,1,41,1,41,6,1,0,0,0,0,4.0,82,72,10,16.0,6.0,0
,E.J. Henderson,30,MIN,MLB,16,16,3,10,0,10,4,1,0,1,0,0,1.0,105,71,34,7.0,3.0,0
,Renaldo Hill,32,DEN,FS,16,16,2,67,0,36,4,1,0,1,0,0,0.0,63,54,9,0.0,0.0,0
,Chris Hope,30,TEN,SS,16,16,1,32,0,32,5,1,0,1,0,0,1.0,101,87,14,6.0,1.0,0
,Richie Incognito,27,MIA,LG,16,16,0,0,0,0,0,0,2,0,-15,0,0.0,0,0,0,0.0,0.0,0
237207.0,Kareem Jackson,22,HOU,RCB,16,16,2,23,0,23,10,1,0,0,0,0,0.0,71,58,13,1.0,0.0,0
,Steven Jackson,27,STL,RB,16,16,0,0,0,0,0,0,1,1,0,0,0.0,0,0,0,0.0,0.0,0
,Bradie James,29,DAL,LILB,16,16,1,11,0,11,3,2,0,2,0,0,0.0,118,81,37,4.0,2.0,0
,Quentin Jammer,31,SDG,LCB,16,16,2,5,0,5,11,1,0,0,0,0,0.0,45,42,3,0.0,0.0,0
,Mike Jenkins,25,DAL,RCB,16,16,1,-4,0,-4,9,1,0,0,0,0,0.0,55,51,4,0.0,0.0,0
115461.0,Greg Jennings,27,GNB,WR,16,16,0,0,0,0,0,0,2,0,0,0,0.0,0,0,0,0.0,0.0,0
,Charles Johnson,24,CAR,LDE,16,16,0,0,0,0,1,0,0,0,0,0,11.5,62,51,11,14.0,22.0,0
,Derrick Johnson,28,KAN,RILB,16,16,1,15,1,15,16,3,0,1,0,0,1.0,122,96,26,8.0,1.0,0
,Jarret Johnson,29,BAL,ROLB,16,16,0,0,0,0,2,2,0,0,0,0,1.5,73,43,30,5.0,5.0,0
,Dhani Jones,32,CIN,MLB,16,16,0,0,0,0,2,1,0,0,0,0,1.0,125,86,39,3.0,1.0,0
,Sean Jones,28,TAM,SS,16,16,1,45,0,31,2,0,0,1,0,0,1.0,74,55,19,3.0,2.0,0
,Tommy Kelly,30,OAK,RDT,16,16,0,0,0,0,1,1,0,0,0,0,7.0,58,38,20,8.0,16.0,0
,Chris Kelsay,31,BUF,LOLB,16,16,0,0,0,0,3,1,0,0,0,0,3.5,72,46,26,5.0,9.0,0
116185.0,Jeff King,27,CAR,TE,16,16,0,0,0,0,0,0,0,2,0,0,0.0,2,2,0,0.0,0.0,0
,Terrance Knighton,24,JAX,RDT,16,16,1,-3,0,-3,4,0,0,0,0,0,4.0,34,24,10,5.0,10.0,0
,Johnny Knox,24,CHI,WR,16,16,0,0,0,0,0,0,1,0,0,0,0.0,0,0,0,0.0,0.0,0
,Olin Kreutz,33,CHI,C,16,16,0,0,0,0,0,0,0,1,0,0,0.0,0,0,0,0.0,0.0,0
,Derek Landri,27,CAR,RDT,16,16,0,0,0,0,1,0,0,1,0,0,3.0,43,30,13,10.0,4.0,0
113996.0,Dawan Landry,28,BAL,SS,16,16,0,23,1,23,4,1,0,1,0,0,1.0,111,86,25,2.0,4.0,0
,Kendall Langford,24,MIA,LDE,16,16,0,0,0,0,4,2,0,0,0,0,3.0,47,33,14,6.0,7.0,0
173999.0,James Laurinaitis,24,STL,MLB,16,16,1,4,0,4,5,0,0,1,0,0,3.0,114,98,16,13.0,7.0,0
134148.0,Manny Lawson,26,SFO,LOLB,16,16,1,0,0,0,6,2,0,1,5,0,2.5,59,48,11,4.0,10.0,0
,Paris Lenon,33,ARI,LILB,16,16,2,12,0,10,6,1,0,0,0,0,2.0,125,94,31,12.0,3.0,0
137177.0,Marcedes Lewis,26,JAX,TE,16,16,0,0,0,0,0,0,2,0,0,0,0.0,0,0,0,0.0,0.0,0
,Ray Lewis,35,BAL,RILB,16,16,2,26,1,24,4,2,0,3,1,0,2.0,139,102,37,4.0,4.0,0
174568.0,Curtis Lofton,24,ATL,MLB,16,16,1,2,0,2,3,3,0,0,0,0,2.0,118,93,25,4.0,3.0,0
,Chris Long,25,STL,LDE,16,16,0,0,0,0,2,3,0,1,0,0,8.5,29,27,2,8.0,20.0,0
,Jake Long,25,MIA,LT,16,16,0,0,0,0,0,0,0,1,0,0,0.0,0,0,0,0.0,0.0,0
191596.0,Jeremy Maclin,22,PHI,WR,16,16,0,0,0,0,0,0,1,0,0,0,0.0,0,0,0,0.0,0.0,0
,Danieal Manning,28,CHI,SS,16,16,1,0,0,0,7,0,0,0,0,0,0.0,72,59,13,0.0,0.0,0
,Eli Manning,29,NYG,QB,16,16,0,0,0,0,0,0,7,2,-4,0,0.0,0,0,0,0.0,0.0,0
,Peyton Manning,34,IND,QB,16,16,0,0,0,0,0,0,3,1,-2,0,0.0,0,0,0,,,0
135086.0,Richard Marshall,26,CAR,RCB,16,16,3,91,0,66,7,1,0,1,0,0,1.0,88,74,14,3.0,3.0,0
,Rashean Mathis,30,JAX,RCB,16,16,1,24,0,24,6,1,0,0,0,0,0.0,57,46,11,1.0,0.0,0
,Robert Mathis,29,IND,LDE,16,16,0,0,0,0,1,1,0,1,1,0,11.0,60,44,16,10.0,19.0,0
161074.0,Jerod Mayo,24,NWE,LILB,16,16,0,0,0,0,5,1,0,3,-2,0,2.0,174,113,61,5.0,5.0,0
,Todd McClure,33,ATL,C,16,16,0,0,0,0,0,0,1,0,-4,0,0.0,0,0,0,0.0,0.0,0
176928.0,Devin McCourty,23,NWE,LCB,16,16,7,110,0,50,17,2,0,0,0,0,1.0,82,69,13,3.0,1.0,0
100630.0,Bryant McFadden,29,PIT,LCB,16,16,2,-3,0,0,10,2,0,0,0,0,2.0,81,74,7,1.0,2.0,0
174861.0,Rashard Mendenhall,23,PIT,RB,16,16,0,0,0,0,0,0,2,0,0,0,0.0,0,0,0,0.0,0.0,0
,Roy Miller,23,TAM,RDT,16,16,0,0,0,0,0,0,0,0,0,0,1.0,47,32,15,1.0,1.0,0
,Lawyer Milloy,37,SEA,SS,16,16,0,0,0,0,3,2,0,0,0,0,4.0,87,60,27,6.0,5.0,0
,Fili Moala,25,IND,LDT,16,16,0,0,0,0,1,0,0,1,1,1,0.0,26,20,6,4.0,3.0,0
102669.0,Kirk Morrison,28,JAX,MLB,16,16,0,0,0,0,1,0,0,0,0,0,0.0,89,64,25,4.0,2.0,0
,Santana Moss,31,WAS,WR,16,16,0,0,0,0,0,0,3,0,0,0,0.0,0,0,0,0.0,0.0,0
,Terence Newman,32,DAL,LCB,16,16,5,16,0,30,9,0,0,1,1,0,0.0,79,77,2,2.0,0.0,0
,Michael Oher,24,BAL,LT,16,16,0,0,0,0,0,0,0,1,0,0,0.0,0,0,0,,,0
,Amobi Okoye,23,HOU,RDT,16,16,0,0,0,0,0,0,0,1,0,0,3.0,44,27,17,7.0,12.0,0
,Carson Palmer,31,CIN,QB,16,16,0,0,0,0,0,0,7,3,-5,0,0.0,0,0,0,0.0,0.0,0
,Domata Peko,26,CIN,LDT,16,16,0,0,0,0,1,0,0,0,0,0,0.5,42,24,18,4.0,4.0,0
,Donald Penn,27,TAM,LT,16,16,0,0,0,0,0,0,0,1,0,0,0.0,0,0,0,0.0,0.0,0
,Julius Peppers,30,CHI,RDE,16,16,2,1,0,1,9,3,0,0,0,0,8.0,54,43,11,11.0,18.0,0
,Shaun Phillips,29,SDG,LOLB,16,16,1,31,1,31,7,0,0,1,0,0,11.0,55,47,8,17.0,12.0,0
,Maurkice Pouncey,21,PIT,C,16,16,0,0,0,0,0,0,0,2,0,0,0.0,0,0,0,0.0,0.0,0
183952.0,Glover Quin,24,HOU,LCB,16,16,3,12,0,10,14,1,0,2,3,0,0.0,85,71,14,3.0,1.0,0
,Dominic Raiola,32,DET,C,16,16,0,0,0,0,0,0,1,1,0,0,0.0,0,0,0,0.0,0.0,0
,B.J. Raji,24,GNB,NT,16,16,0,0,0,0,3,0,0,0,0,0,6.5,39,29,10,10.0,9.0,0
,Jay Ratliff,29,DAL,NT,16,16,0,0,0,0,2,1,0,2,0,0,3.5,31,23,8,3.0,8.0,0
106029.0,Kerry Rhodes,28,ARI,FS,16,16,4,174,0,66,12,0,1,4,69,2,1.0,90,78,12,3.0,4.0,0
,Philip Rivers,29,SDG,QB,16,16,0,0,0,0,0,0,7,2,-18,0,0.0,0,0,0,0.0,0.0,0
,Fred Robbins,33,STL,LDT,16,16,0,0,0,0,6,1,0,2,1,0,6.0,28,26,2,10.0,11.0,0
,Bryan Robinson,36,ARI,NT,16,16,0,0,0,0,1,0,0,0,0,0,0.0,19,13,6,2.0,0.0,0
166674.0,Dominique Rodgers-Cromartie,24,ARI,LCB,16,16,3,86,2,32,17,0,1,0,0,0,0.0,44,42,2,0.0,0.0,0
120137.0,Antrel Rolle,28,NYG,FS,16,16,1,36,0,36,4,1,0,2,4,0,0.5,87,76,11,7.0,8.0,0
,Matt Roth,28,CLE,LOLB,16,16,0,0,0,0,2,0,0,0,0,0,3.5,86,59,27,7.0,11.0,0
,Ahtyba Rubin,24,CLE,NT,16,16,1,1,0,1,2,0,0,0,0,0,2.0,82,57,25,2.0,4.0,0
,Barrett Ruud,27,TAM,MLB,16,16,1,1,0,1,4,2,0,0,0,0,2.0,118,85,33,4.0,3.0,0
146254.0,Matt Ryan,25,ATL,QB,16,16,0,0,0,0,0,0,4,0,0,0,0.0,0,0,0,,,0
174154.0,Mark Sanchez,24,NYJ,QB,16,16,0,0,0,0,0,0,9,3,-6,0,0.0,0,0,0,0.0,0.0,0
,Jeff Saturday,35,IND,C,16,16,0,0,0,0,0,0,0,1,0,0,0.0,0,0,0,0.0,0.0,0
,Matt Schaub,29,HOU,QB,16,16,0,0,0,0,0,0,9,1,-15,0,0.0,0,0,0,0.0,0.0,0
161288.0,Geoff Schwartz,24,CAR,RG/RT,16,16,0,0,0,0,0,0,0,1,0,0,0.0,0,0,0,0.0,0.0,0
,Bart Scott,30,NYJ,LILB,16,16,0,0,0,0,2,1,0,1,0,0,1.0,81,59,22,7.0,9.0,0
,Lyle Sendlein,26,ARI,C,16,16,0,0,0,0,0,0,2,2,-3,0,0.0,0,0,0,0.0,0.0,0
,Rich Seubert,31,NYG,C/LG,16,16,0,0,0,0,0,0,1,2,-13,0,0.0,0,0,0,0.0,0.0,0
,Josh Sitton,24,GNB,RG,16,16,0,0,0,0,0,0,0,0,0,0,0.0,1,1,0,0.0,0.0,0
,Antonio Smith,29,HOU,LDE,16,16,0,0,0,0,2,1,0,0,0,0,4.0,38,23,15,7.0,22.0,0
,Daryl Smith,28,JAX,LLB,16,16,1,8,0,8,5,1,0,0,0,0,3.5,97,75,22,9.0,9.0,0
,Justin Smith,31,SFO,RDE,16,16,0,0,0,0,1,1,0,0,0,0,8.5,70,57,13,12.0,17.0,0
,Wade Smith,29,HOU,LG,16,16,0,0,0,0,0,0,0,1,0,0,0.0,0,0,0,0.0,0.0,0
,Isaac Sopoaga,29,SFO,LDE,16,16,0,0,0,0,1,0,0,0,0,0,1.5,25,17,8,2.0,3.0,0
,Anthony Spencer,26,DAL,LOLB,16,16,0,0,0,0,2,2,0,1,0,0,5.0,63,52,11,5.0,7.0,0
,Shawntae Spencer,28,SFO,LCB,16,16,3,0,0,0,9,1,0,1,0,0,0.5,42,38,4,0.0,1.0,0
,Takeo Spikes,34,SFO,LILB,16,16,3,9,0,6,9,0,0,1,8,0,0.0,109,82,27,3.0,2.0,0
,Randy Starks,27,MIA,RDE,16,16,0,0,0,0,3,0,0,1,0,0,3.0,30,26,4,4.0,6.0,0
,Jon Stinchcomb,31,NOR,RT,16,16,0,0,0,0,0,0,0,1,0,0,0.0,0,0,0,0.0,0.0,0
,Terrell Suggs,28,BAL,LOLB,16,16,0,0,0,0,2,2,0,0,0,0,11.0,68,53,15,18.0,21.0,0
175300.0,Ndamukong Suh,23,DET,LDT,16,16,1,20,0,20,3,1,0,1,17,1,10.0,66,49,17,13.0,17.0,0
122399.0,Lofa Tatupu,28,SEA,MLB,16,16,1,26,1,26,8,1,0,0,0,0,1.0,89,59,30,4.0,2.0,0
236787.0,Earl Thomas,21,SEA,FS,16,16,5,68,0,34,7,1,0,0,0,0,0.0,76,64,12,1.0,2.0,0
145171.0,Terrell Thomas,25,NYG,RCB,16,16,5,56,0,28,21,4,0,2,0,0,1.0,101,81,20,3.0,2.0,0
,Charles Tillman,29,CHI,RCB,16,16,5,127,0,56,14,4,0,2,-8,0,0.0,82,71,11,1.0,1.0,0
,Marcus Trufant,30,SEA,LCB,16,16,1,32,1,32,8,1,0,2,0,0,0.0,80,65,15,1.0,0.0,0
,Justin Tuck,27,NYG,LDE,16,16,0,0,0,0,4,5,0,5,4,0,11.5,76,48,28,16.0,22.0,0
145902.0,Stephen Tulloch,25,TEN,MLB,16,16,1,18,0,18,6,0,0,1,0,0,1.0,160,111,49,6.0,5.0,0
,Osi Umenyiora,29,NYG,RDE,16,16,0,0,0,0,2,10,0,1,0,0,11.5,48,33,15,4.0,20.0,0
,Brian Urlacher,32,CHI,MLB,16,16,1,0,0,0,10,1,0,3,0,0,4.0,126,97,29,13.0,5.0,0
,Jonathan Vilma,28,NOR,MLB,16,16,1,5,0,5,3,3,0,1,0,0,4.0,105,70,35,6.0,9.0,0
,Mike Vrabel,35,KAN,LOLB,16,16,0,0,0,0,1,1,0,0,0,0,0.0,48,30,18,2.0,6.0,0
,Cameron Wake,28,MIA,ROLB,16,16,0,0,0,0,4,3,0,0,0,0,14.0,57,48,9,21.0,26.0,0
191224.0,Mike Wallace,24,PIT,WR,16,16,0,0,0,0,0,0,1,1,0,0,0.0,1,1,0,0.0,0.0,0
,J.D. Walton,23,DEN,C,16,16,0,0,0,0,0,0,1,0,-13,0,0.0,1,0,1,0.0,0.0,0
184408.0,T.J. Ward,24,CLE,SS,16,16,2,39,0,23,10,1,0,0,0,0,0.0,123,95,28,4.0,0.0,0
,DeMarcus Ware,28,DAL,ROLB,16,16,0,0,0,0,1,2,0,2,22,1,15.5,66,56,10,21.0,23.0,0
,Reggie Wayne,32,IND,WR,16,16,0,0,0,0,0,0,1,0,0,0,0.0,0,0,0,0.0,0.0,0
146945.0,Eric Weddle,25,SDG,FS,16,16,2,64,1,41,10,0,0,0,0,0,0.5,96,80,16,4.0,1.0,0
132143.0,Roddy White,29,ATL,WR,16,16,0,0,0,0,0,1,1,1,0,0,0.0,0,0,0,0.0,0.0,0
146160.0,Donte Whitner,25,BUF,SS,16,16,1,37,0,37,7,1,0,1,0,0,0.5,140,96,44,1.0,1.0,0
,Andrew Whitworth,29,CIN,LT,16,16,0,0,0,0,0,0,0,1,0,0,0.0,0,0,0,0.0,0.0,0
,Casey Wiegmann,37,KAN,C,16,16,0,0,0,0,0,0,1,2,-6,0,0.0,0,0,0,0.0,0.0,0
,Vince Wilfork,29,NWE,LDE,16,16,0,0,0,0,2,0,0,1,0,0,2.0,57,46,11,8.0,4.0,0
145211.0,Corey Williams,30,DET,RDT,16,16,1,27,0,27,4,1,0,0,0,0,2.0,37,32,5,8.0,7.0,0
,Jamal Williams,34,DEN,NT,16,16,0,0,0,0,1,0,0,0,0,0,0.0,47,31,16,1.0,0.0,0
,Kevin Williams,30,MIN,RDT,16,16,0,0,0,0,10,1,0,0,0,0,1.0,39,27,12,8.0,7.0,0
,Mike Williams,23,TAM,WR,16,16,0,0,0,0,0,0,3,1,0,0,0.0,0,0,0,0.0,0.0,0
,Pat Williams,38,MIN,LDT,16,16,0,0,0,0,0,1,0,0,0,0,0.0,30,22,8,2.0,1.0,0
,Tramon Williams,27,GNB,RCB,16,16,6,87,0,64,20,1,2,3,5,0,1.0,57,50,7,2.0,1.0,0
,Adrian Wilson,31,ARI,SS,16,16,2,4,0,4,9,0,0,0,0,0,2.0,88,76,12,6.0,6.0,0
,Kamerion Wimbley,27,OAK,RLB,16,16,0,0,0,0,1,1,0,0,0,0,9.0,58,46,12,10.0,13.0,0
,Antoine Winfield,33,MIN,LCB,16,16,2,41,0,41,5,1,0,1,45,1,2.0,91,73,18,3.0,1.0,0
,Eric Winston,27,HOU,RT,16,16,0,0,0,0,0,0,0,2,0,0,0.0,0,0,0,0.0,1.0,0
,Will Witherspoon,30,TEN,RLB,16,16,2,11,0,9,8,1,0,0,0,0,3.0,92,63,29,6.0,7.0,0
,Jason Witten,28,DAL,TE,16,16,0,0,0,0,0,0,1,0,0,0,0.0,0,0,0,0.0,0.0,0
,LaMarr Woodley,26,PIT,LOLB,16,16,2,22,1,14,5,3,0,2,19,0,10.0,50,35,15,9.0,16.0,0
,Charles Woodson,34,GNB,LCB,16,16,2,48,1,48,13,5,0,0,0,0,2.0,92,76,16,7.0,6.0,0
116172.0,James Anderson,27,CAR,LLB,16,15,1,1,0,1,5,2,0,3,2,0,3.5,130,101,29,13.0,7.0,0
,O.J. Atogwe,29,STL,FS,16,15,3,53,0,34,9,2,0,0,0,0,2.0,73,64,9,5.0,6.0,0
,Jovan Belcher,23,KAN,LILB,16,15,0,0,0,0,1,1,0,0,0,0,1.0,84,53,31,4.0,2.0,0
116089.0,Michael Boley,28,NYG,RLB,16,15,0,0,0,0,1,1,0,0,0,0,1.0,85,63,22,3.0,7.0,0
156090.0,Antoine Cason,24,SDG,RCB,16,15,4,51,0,28,17,1,0,0,0,0,0.0,67,57,10,3.0,0.0,0
149871.0,Brent Celek,25,PHI,TE,16,15,0,0,0,0,0,0,0,0,0,0,0.0,1,1,0,,,0
,Ryan Clark,31,PIT,FS,16,15,2,34,0,23,7,0,0,1,5,0,0.0,90,57,33,0.0,0.0,0
189230.0,Vontae Davis,22,MIA,LCB,16,15,1,0,0,0,12,1,0,0,0,0,0.0,54,46,8,1.0,0.0,0
116385.0,Braylon Edwards,27,NYJ,WR,16,15,0,0,0,0,1,0,1,0,0,0,0.0,0,0,0,0.0,0.0,0
,Ron Edwards,31,KAN,NT,16,15,0,0,0,0,1,0,0,0,0,0,2.0,26,15,11,2.0,3.0,0
107221.0,Abram Elam,29,CLE,FS,16,15,2,18,0,18,10,2,0,2,18,1,2.0,79,65,14,3.0,2.0,0
,Larry Fitzgerald,27,ARI,WR,16,15,0,0,0,0,0,0,0,1,0,0,0.0,0,0,0,0.0,0.0,0
160846.0,Bradley Fletcher,24,STL,RCB,16,15,4,41,0,28,11,0,0,1,43,0,0.0,75,65,10,3.0,0.0,0
,Antonio Garay,31,SDG,NT,16,15,0,0,0,0,0,0,0,0,0,0,5.5,48,37,11,9.0,6.0,0
133633.0,A.J. Hawk,26,GNB,LILB,16,15,3,31,0,21,10,0,0,1,0,0,0.5,111,72,39,4.0,4.0,0
,Todd Herremans,28,PHI,LG,16,15,0,0,0,0,0,0,0,1,0,0,0.0,0,0,0,0.0,0.0,0
,Lamarr Houston,23,OAK,LDE,16,15,0,0,0,0,0,1,0,2,0,0,5.0,39,30,9,8.0,14.0,0
120224.0,Michael Huff,27,OAK,FS,16,15,3,32,0,17,7,2,0,0,0,0,4.0,95,78,17,7.0,4.0,0
,Israel Idonije,30,CHI,LDE,16,15,0,0,0,0,3,4,0,0,0,0,8.0,48,32,16,10.0,16.0,0
174151.0,Rey Maualuga,23,CIN,LLB,16,15,2,58,0,47,2,0,0,0,0,0,1.0,75,44,31,4.0,2.0,0
146574.0,Jameel McClain,25,BAL,LILB,16,15,0,0,0,0,2,0,0,1,9,0,1.0,71,46,25,1.0,1.0,0
158525.0,William Moore,25,ATL,SS,16,15,5,117,0,34,8,1,0,1,0,0,0.0,71,58,13,5.0,3.0,0
135904.0,Haloti Ngata,26,BAL,LDE,16,15,0,0,0,0,5,0,0,1,0,0,5.5,63,47,16,12.0,14.0,0
188623.0,Corey Peters,22,ATL,RDT,16,15,0,0,0,0,1,0,0,0,0,0,1.0,33,25,8,2.0,1.0,0
176956.0,Kenny Phillips,24,NYG,SS,16,15,1,0,0,0,5,0,0,3,25,0,0.0,77,60,17,1.0,0.0,0
120689.0,Sione Pouha,31,NYJ,NT,16,15,0,0,0,0,3,0,0,3,2,0,2.0,59,41,18,3.0,2.0,0
120406.0,Stanford Routt,27,OAK,LCB,16,15,2,22,1,22,13,1,0,0,0,0,0.0,55,49,6,1.0,0.0,0
,Samson Satele,26,OAK,C,16,15,0,0,0,0,0,0,1,0,0,0,0.0,0,0,0,0.0,0.0,0
,Ike Taylor,30,PIT,RCB,16,15,2,9,0,9,11,1,0,0,0,0,1.0,66,52,14,1.0,1.0,0
168599.0,Lawrence Timmons,24,PIT,RILB,16,15,2,5,0,5,9,2,0,2,0,0,3.0,135,96,39,10.0,8.0,0
,Michael Turner,28,ATL,RB,16,15,0,0,0,0,0,0,2,0,0,0,0.0,0,0,0,,,0
,Hines Ward,34,PIT,WR,16,15,0,0,0,0,0,0,1,0,0,0,0.0,0,0,0,0.0,0.0,0
,D.J. Williams,28,DEN,LILB,16,15,0,0,0,0,9,1,0,1,0,0,5.5,119,94,25,9.0,9.0,0
,Floyd Womack,32,CLE,RG,16,15,0,0,0,0,0,0,0,2,0,0,0.0,0,0,0,0.0,0.0,0
,Kyle Arrington,24,NWE,RCB,16,14,1,36,1,36,5,0,0,0,0,0,0.0,71,60,11,0.0,0.0,0
,Kroy Biermann,25,ATL,RDE,16,14,1,31,1,31,2,0,0,0,0,0,3.0,36,30,6,5.0,10.0,0
173394.0,Jairus Byrd,24,BUF,FS,16,14,1,37,1,37,2,3,0,2,0,0,1.0,89,62,27,2.0,1.0,0
,Kenyon Coleman,31,CLE,LDE,16,14,0,0,0,0,0,0,0,3,0,0,2.5,68,50,18,3.0,5.0,0
161982.0,Peyton Hillis,24,CLE,RB,16,14,0,0,0,0,0,0,8,3,0,0,0.0,0,0,0,0.0,0.0,0
,Reggie Kelly,33,CIN,TE,16,14,0,0,0,0,0,0,0,1,0,0,0.0,1,1,0,0.0,0.0,0
,Mike McGlynn,25,PHI,C,16,14,0,0,0,0,0,0,0,2,0,0,0.0,0,0,0,0.0,0.0,0
163150.0,Leodis McKelvin,25,BUF,LCB,16,14,2,10,0,10,11,1,3,0,0,0,0.0,62,53,9,2.0,0.0,0
,Igor Olshansky,28,DAL,RDE,16,14,0,0,0,0,2,0,0,0,0,0,0.0,38,17,21,1.0,3.0,0
123092.0,Gerald Sensabaugh,27,DAL,SS,16,14,5,26,0,10,10,0,0,0,0,0,2.0,71,59,12,3.0,2.0,0
,Paul Soliai,27,MIA,NT,16,14,0,0,0,0,2,0,0,1,0,0,2.0,39,33,6,8.0,3.0,0
147855.0,Antwan Applewhite,24,SDG,ROLB,16,13,0,0,0,0,2,2,0,0,0,0,3.0,48,37,11,6.0,5.0,0
161068.0,Arian Foster,24,HOU,RB,16,13,0,0,0,0,0,1,3,1,1,0,0.0,0,0,0,0.0,0.0,0
159679.0,Tim Hightower,24,ARI,RB,16,13,0,0,0,0,0,0,5,0,0,0,0.0,0,0,0,0.0,0.0,0
,Brandon Jackson,25,GNB,RB,16,13,0,0,0,0,0,0,1,3,0,0,0.0,0,0,0,0.0,0.0,0
,Fred Jackson,29,BUF,RB,16,13,0,0,0,0,0,0,5,1,0,0,0.0,1,1,0,0.0,0.0,0
133490.0,Tim Jennings,27,CHI,LCB,16,13,1,39,0,39,7,1,0,1,0,0,0.0,56,41,15,2.0,0.0,0
188616.0,Stevie Johnson,24,BUF,WR,16,13,0,0,0,0,0,0,1,0,0,0,0.0,2,1,1,0.0,0.0,0
,Greg Jones,29,JAX,FB,16,13,0,0,0,0,0,0,0,0,0,0,0.0,1,1,0,0.0,0.0,0
133301.0,Brandon Meriweather,26,NWE,FS,16,13,3,39,0,39,6,0,0,1,0,0,0.0,68,49,19,1.0,0.0,0
150326.0,Greg Olsen,25,CHI,TE,16,13,0,0,0,0,0,0,2,1,0,0,0.0,0,0,0,0.0,0.0,0
,Mike Peterson,34,ATL,RLB,16,13,2,18,0,17,5,2,0,2,0,0,1.0,59,40,19,6.0,1.0,0
,Stylez G. White,31,TAM,RDE,16,13,0,0,0,0,0,2,0,0,0,0,4.5,36,28,8,,,0
,Lorenzo Alexander,27,WAS,LOLB,16,12,0,0,0,0,2,2,0,1,0,0,1.5,57,32,25,3.0,4.0,0
,Eric Barton,33,CLE,LILB,16,12,0,0,0,0,1,0,0,1,1,0,0.0,66,47,19,4.0,1.0,0
,Jason Hunter,27,DEN,LOLB,16,12,1,14,0,14,2,1,0,2,75,1,3.0,61,50,11,10.0,5.0,0
,Bryan Thomas,31,NYJ,LOLB,16,12,0,0,0,0,1,1,0,1,16,0,6.0,39,31,8,9.0,5.0,0
187976.0,Alterraun Verner,22,TEN,LCB,16,12,3,41,0,19,11,1,0,2,0,0,0.0,101,85,16,1.0,0.0,0
169323.0,Pat Angerer,23,IND,LLB,16,11,0,0,0,0,2,1,0,0,0,0,1.0,89,59,30,2.0,1.0,0
,Kentwan Balmer,24,SEA,RDE,16,11,0,0,0,0,1,0,0,0,0,0,0.0,43,28,15,4.0,1.0,0
177364.0,Martellus Bennett,23,DAL,TE,16,11,0,0,0,0,0,0,1,1,5,0,0.0,0,0,0,0.0,0.0,0
,Ahmad Bradshaw,24,NYG,RB,16,11,0,0,0,0,0,1,7,0,0,0,0.0,0,0,0,0.0,0.0,0
,Mike DeVito,26,NYJ,RDE,16,11,0,0,0,0,1,2,0,0,0,0,0.0,59,34,25,4.0,3.0,0
183699.0,Moise Fokou,25,PHI,RLB,16,11,0,0,0,0,1,1,0,0,0,0,1.0,51,44,7,3.0,2.0,0
,Jabar Gaffney,30,DEN,WR,16,11,0,0,0,0,0,0,1,0,0,0,0.0,0,0,0,0.0,0.0,0
145975.0,BenJarvus Green-Ellis,25,NWE,RB,16,11,0,0,0,0,0,0,0,0,0,0,0.0,1,1,0,0.0,0.0,0
232120.0,Rob Gronkowski,21,NWE,TE,16,11,0,0,0,0,0,0,1,0,0,0,0.0,0,0,0,,,0
,Randy McMichael,31,SDG,TE,16,11,0,0,0,0,0,0,0,0,0,0,0.0,3,2,1,0.0,0.0,0
,Koa Misi,23,MIA,LOLB,16,11,0,0,0,0,2,0,0,2,0,1,4.5,41,29,12,8.0,7.0,0
156705.0,Josh Morgan,25,SFO,WR,16,11,0,0,0,0,0,0,2,0,0,0,0.0,0,0,0,0.0,0.0,0
136656.0,Stephen Nicholas,27,ATL,LLB,16,11,1,0,0,0,2,0,0,0,0,0,0.0,78,64,14,2.0,1.0,0
102256.0,Mike Thomas,23,JAX,WR,16,11,0,0,0,0,0,0,3,1,0,0,0.0,0,0,0,0.0,0.0,0
,Jared Veldheer,23,OAK,LT,16,11,0,0,0,0,0,0,1,1,0,0,0.0,0,0,0,0.0,0.0,0
189938.0,Daryl Washington,24,ARI,RILB,16,11,1,39,0,39,2,1,1,0,0,0,1.0,78,67,11,7.0,2.0,0
,Garry Williams,24,CAR,RT,16,11,0,0,0,0,0,0,0,1,0,0,0.0,0,0,0,0.0,0.0,0
,Kellen Winslow,27,TAM,TE,16,11,0,0,0,0,0,0,1,0,0,0,0.0,0,0,0,,,0
105798.0,Joel Dreessen,28,HOU,TE,16,10,0,0,0,0,0,0,1,0,0,0,0.0,7,7,0,0.0,0.0,0
,Thomas Jones,32,KAN,RB,16,10,0,0,0,0,0,0,3,0,0,0,0.0,0,0,0,,,0
,Ben Leber,32,MIN,RLB,16,10,1,19,0,19,4,2,0,1,0,0,0.0,46,35,11,3.0,2.0,0
161032.0,Rob Ninkovich,26,NWE,LOLB,16,10,2,1,0,1,3,1,0,3,63,0,4.0,61,44,17,6.0,9.0,0
,Lousaka Polite,29,MIA,FB,16,10,0,0,0,0,0,0,0,0,0,0,0.0,1,0,1,0.0,0.0,0
184383.0,Marcel Reece,25,OAK,FB,16,10,0,0,0,0,0,0,1,1,0,0,0.0,0,0,0,0.0,0.0,0
156725.0,Eddie Royal,24,DEN,WR,16,10,0,0,0,0,0,0,4,2,0,0,0.0,2,2,0,0.0,0.0,0
,Shaun Smith,29,KAN,LDE,16,10,0,0,0,0,0,0,0,0,0,0,1.0,56,30,26,4.0,1.0,0
170984.0,Brandon Tate,23,NWE,WR,16,10,0,0,0,0,0,0,1,0,0,0,0.0,0,0,0,,,0
,Matt Toeaina,26,CHI,LDT,16,10,0,0,0,0,2,0,0,1,0,0,2.0,24,17,7,3.0,4.0,0
,Gerard Warren,32,NWE,NT,16,10,0,0,0,0,0,0,0,0,0,0,3.5,28,17,11,4.0,5.0,0
238184.0,Jahvid Best,21,DET,RB,16,9,0,0,0,0,0,0,1,2,0,0,0.0,0,0,0,0.0,0.0,0
,Stephen Bowen,26,DAL,LDE,16,9,0,0,0,0,1,0,0,0,0,0,1.5,22,16,6,5.0,8.0,0
145628.0,Tim Crowder,25,TAM,LDE,16,9,0,0,0,0,4,1,0,1,0,0,3.0,31,22,9,4.0,6.0,0
,Fred Davis,24,WAS,TE,16,9,0,0,0,0,0,0,0,0,0,0,0.0,3,1,2,0.0,0.0,0
184298.0,Jacoby Ford,23,OAK,WR,16,9,0,0,0,0,0,0,3,1,0,0,0.0,0,0,0,0.0,0.0,0
,Evander Hood,23,PIT,LDE,16,9,0,0,0,0,1,0,0,0,0,0,3.0,20,15,5,5.0,7.0,0
,Dimitri Patterson,27,PHI,RCB,16,9,4,40,1,40,11,0,1,0,0,0,1.0,52,50,2,4.0,1.0,0
,Brian Schaefering,27,CLE,RDE,16,9,0,0,0,0,0,0,0,0,0,0,0.0,31,24,7,1.0,1.0,0
,Cadillac Williams,28,TAM,RB,16,9,0,0,0,0,0,0,1,0,0,0,0.0,0,0,0,0.0,0.0,0
170038.0,Davone Bess,25,MIA,WR,16,8,0,0,0,0,0,0,3,1,0,0,0.0,2,1,1,0.0,0.0,0
,Deon Grant,31,NYG,DB,16,8,3,0,0,0,10,2,0,3,0,0,1.0,72,56,16,5.0,4.0,0
149175.0,Larry Grant,25,STL,RLB,16,8,0,0,0,0,1,2,0,1,0,0,2.0,24,21,3,2.0,3.0,0
161196.0,Gary Guyton,25,NWE,LILB,16,8,2,72,1,59,7,1,0,1,35,1,3.0,63,44,19,3.0,3.0,0
180763.0,Mario Manningham,24,NYG,WR,16,8,0,0,0,0,0,0,1,0,0,0,0.0,0,0,0,0.0,0.0,0
,Pat McQuistan,27,MIA,RG,16,8,0,0,0,0,0,0,0,1,0,0,0.0,0,0,0,0.0,0.0,0
146667.0,Paul Oliver,26,SDG,SS,16,8,1,15,0,15,3,1,0,2,23,0,0.0,62,47,15,1.0,0.0,0
,Mike Sellers,35,WAS,FB,16,8,0,0,0,0,0,1,0,0,0,0,0.0,14,12,2,0.0,0.0,0
,Matt Shaughnessy,24,OAK,RDE,16,8,0,0,0,0,1,2,0,0,0,0,7.0,56,43,13,8.0,10.0,0
146708.0,Jacob Tamme,25,IND,TE,16,8,0,0,0,0,0,0,0,0,0,0,0.0,5,4,1,0.0,0.0,0
232013.0,Joe Haden,21,CLE,LCB,16,7,6,101,0,62,18,1,1,0,0,0,1.0,64,57,7,0.0,0.0,0
170926.0,Felix Jones,23,DAL,RB,16,7,0,0,0,0,0,0,2,3,0,0,0.0,0,0,0,0.0,0.0,0
,Jim Kleinsasser,33,MIN,FB,16,7,0,0,0,0,0,0,0,1,0,0,0.0,0,0,0,,,0
,Corey McIntyre,31,BUF,FB,16,7,0,0,0,0,0,0,1,1,0,0,0.0,13,10,3,0.0,0.0,0
174575.0,Reggie Smith,24,SFO,SS,16,7,1,20,0,20,4,0,0,0,0,0,0.0,42,38,4,2.0,2.0,0
160411.0,Danny Amendola,25,STL,WR,16,6,0,0,0,0,0,0,2,0,0,0,0.0,0,0,0,0.0,0.0,0
170728.0,E.J. Biggers,23,TAM,LCB,16,6,1,0,0,0,11,0,0,0,0,0,0.0,56,49,7,1.0,0.0,0
175766.0,Jamaal Charles,24,KAN,RB,16,6,0,0,0,0,0,0,3,3,0,0,0.0,0,0,0,0.0,0.0,0
160080.0,Tim Dobbins,28,MIA,LILB,16,6,0,0,0,0,1,0,0,0,0,0,1.0,47,36,11,6.0,2.0,0
131426.0,Daniel Fells,27,STL,TE,16,6,0,0,0,0,0,0,0,0,0,0,0.0,2,2,0,0.0,0.0,0
,Russ Hochstein,33,DEN,LG,16,6,0,0,0,0,0,0,0,0,0,0,0.0,1,1,0,,,0
183232.0,Taylor Mays,22,SFO,SS,16,6,0,0,0,0,2,1,0,0,0,0,0.0,38,31,7,1.0,0.0,0
,Ovie Mughelli,30,ATL,FB,16,6,0,0,0,0,0,0,0,0,0,0,0.0,9,6,3,0.0,0.0,0
173456.0,Reggie Nelson,27,CIN,SS,16,6,2,63,0,56,7,1,1,0,0,0,0.0,55,35,20,0.0,3.0,0
,Dante Rosario,26,CAR,TE,16,6,0,0,0,0,0,0,0,1,0,0,0.0,0,0,0,0.0,0.0,0
,Benny Sapp,29,MIA,DB,16,6,2,9,0,9,10,0,1,1,0,0,0.0,41,34,7,3.0,0.0,0
145797.0,Philip Wheeler,26,IND,LLB,16,6,0,0,0,0,1,0,0,0,0,0,0.0,61,40,21,1.0,0.0,0
,Kyle Wilson,23,NYJ,DB,16,6,0,0,0,0,5,0,2,1,0,0,0.0,21,18,3,0.0,0.0,0
,Phillip Buchanon,30,WAS,RCB,16,5,2,51,0,43,18,2,1,1,0,0,0.0,49,41,8,2.0,0.0,0
,Andre Carter,31,WAS,LOLB,16,5,0,0,0,0,1,1,0,1,0,0,2.5,44,25,19,3.0,9.0,0
,Nick Eason,30,PIT,RDE,16,5,0,0,0,0,1,0,0,0,0,0,1.5,16,7,9,1.0,2.0,0
,Will Heller,29,DET,TE,16,5,0,0,0,0,0,0,0,0,0,0,0.0,1,1,0,0.0,0.0,0
117059.0,Brandon Jacobs,28,NYG,RB,16,5,0,0,0,0,0,0,2,0,0,0,0.0,0,0,0,0.0,0.0,0
,David Jones,25,JAX,LCB,16,5,1,0,0,0,3,1,0,0,0,0,0.0,33,31,2,0.0,0.0,0
,Vonta Leach,29,HOU,FB,16,5,0,0,0,0,0,0,0,0,0,0,0.0,8,6,2,0.0,0.0,0
,Corey Lynch,25,TAM,FS,16,5,1,0,0,0,2,0,0,0,0,0,0.0,32,22,10,4.0,3.0,0
190687.0,Captain Munnerlyn,22,CAR,LCB,16,5,3,37,1,37,12,0,2,1,0,0,0.0,45,41,4,0.0,0.0,0
184382.0,Ashlee Palmer,24,DET,LLB,16,5,0,0,0,0,1,3,0,0,0,0,1.0,55,45,10,4.0,1.0,0
135822.0,Chansi Stuckey,27,CLE,WR,16,5,0,0,0,0,0,0,3,0,0,0,0.0,1,1,0,0.0,0.0,0
,Jason Taylor,36,NYJ,ROLB,16,5,0,0,0,0,6,2,0,2,0,0,5.0,36,25,11,8.0,7.0,1
,Jason Trusnik,26,CLE,ROLB,16,5,0,0,0,0,1,0,0,0,0,0,1.0,24,21,3,1.0,2.0,0
147520.0,Michael Adams,25,ARI,DB,16,4,2,36,0,36,7,0,0,1,30,1,0.0,52,42,10,4.0,1.0,0
167802.0,Russell Allen,24,JAX,LB,16,4,0,0,0,0,0,0,0,0,0,0,0.0,42,31,11,4.0,0.0,0
120151.0,Rashad Butler,27,HOU,T,16,4,0,0,0,0,0,0,0,1,0,0,0.0,0,0,0,0.0,0.0,0
232606.0,James Casey,26,HOU,TE,16,4,0,0,0,0,0,0,0,0,0,0,0.0,17,10,7,0.0,0.0,0
,Drew Coleman,27,NYJ,DB,16,4,1,0,0,0,4,5,0,0,0,0,4.0,41,37,4,4.0,1.0,0
149860.0,William Gay,25,PIT,DB,16,4,0,0,0,0,11,1,0,0,0,0,2.0,48,40,8,4.0,5.0,0
156329.0,Ahmard Hall,31,TEN,RB,16,4,0,0,0,0,0,0,0,0,0,0,0.0,3,3,0,0.0,0.0,0
168427.0,Lance Louis,25,CHI,G,16,4,0,0,0,0,0,0,0,1,0,0,0.0,0,0,0,0.0,0.0,0
,Ryan McBean,26,DEN,DT,16,4,0,0,0,0,0,0,0,1,1,0,0.0,18,12,6,0.0,1.0,0
148060.0,Jordy Nelson,25,GNB,WR,16,4,0,0,0,0,0,0,3,1,3,0,0.0,0,0,0,0.0,0.0,0
135575.0,Lawrence Vickers,27,CLE,FB,16,4,0,0,0,0,0,0,0,1,0,0,0.0,0,0,0,0.0,0.0,0
,Eric Weems,25,ATL,WR,16,4,0,0,0,0,0,0,0,0,0,0,0.0,16,14,2,0.0,0.0,0
,Jamaal Anderson,24,ATL,DE,16,3,0,0,0,0,1,1,0,0,0,0,2.0,21,16,5,6.0,5.0,0
133755.0,Jason Avant,27,PHI,WR,16,3,0,0,0,0,0,0,0,1,0,0,0.0,2,2,0,0.0,0.0,0
167395.0,Gary Barnidge,25,CAR,TE,16,3,0,0,0,0,0,0,0,0,0,0,0.0,11,11,0,0.0,0.0,0
160890.0,Alan Branch,26,ARI,DT,16,3,0,0,0,0,1,2,0,0,0,0,2.0,35,27,8,6.0,7.0,0
,Terrance Copper,28,KAN,WR,16,3,0,0,0,0,0,0,0,0,0,0,0.0,16,12,4,0.0,0.0,0
160704.0,Kellen Davis,25,CHI,TE,16,3,0,0,0,0,0,0,0,0,0,0,0.0,5,2,3,0.0,0.0,0
176279.0,Jim Dray,24,ARI,TE,16,3,0,0,0,0,0,0,0,0,0,0,0.0,6,6,0,0.0,0.0,0
191666.0,Mike Goodson,23,CAR,RB,16,3,0,0,0,0,0,0,6,2,-13,0,0.0,2,2,0,0.0,0.0,0
,Adam Hayward,26,TAM,LB,16,3,0,0,0,0,2,0,0,2,0,0,1.0,29,22,7,3.0,1.0,0
,Brandon Johnson,27,CIN,LB,16,3,1,12,0,12,3,0,0,0,0,0,0.5,38,19,19,1.0,5.0,0
,James Jones,26,GNB,WR,16,3,0,0,0,0,0,0,3,0,0,0,0.0,0,0,0,0.0,0.0,0
,Nate Jones,28,DEN,DB,16,3,0,0,0,0,3,0,0,0,0,0,0.0,57,48,9,0.0,1.0,0
,Akeem Jordan,25,PHI,LB,16,3,0,0,0,0,1,0,0,0,0,0,0.0,26,22,4,2.0,1.0,0
,William Middleton,24,JAX,DB,16,3,1,2,0,2,1,0,0,0,0,0,1.0,47,43,4,2.0,2.0,0
,Mike Mitchell,23,OAK,DB,16,3,1,0,0,0,5,1,0,2,12,0,0.0,51,41,10,4.0,0.0,0
183324.0,Troy Nolan,24,HOU,DB,16,3,3,35,0,20,5,0,0,1,0,0,1.0,49,37,12,3.0,1.0,0
,Kassim Osgood,30,JAX,WR,16,3,0,0,0,0,0,2,0,1,-1,0,0.0,11,9,2,0.0,0.0,0
179792.0,Chris Owens,24,ATL,DB,16,3,1,13,0,13,3,0,0,0,0,0,0.0,40,29,11,0.0,0.0,0
174765.0,Orlando Scandrick,23,DAL,DB,16,3,1,40,1,40,9,0,0,0,0,0,2.5,46,41,5,7.0,3.0,0
119948.0,Darren Sproles,27,SDG,RB,16,3,0,0,0,0,0,0,3,0,0,0,0.0,0,0,0,0.0,0.0,0
145932.0,Jonathan Stupar,26,BUF,TE,16,3,0,0,0,0,0,0,1,0,0,0,0.0,2,1,1,0.0,0.0,0
,Fernando Velasco,25,TEN,G,16,3,0,0,0,0,0,0,0,1,0,0,0.0,0,0,0,0.0,0.0,0
191481.0,Javier Arenas,23,KAN,DB,16,2,0,0,0,0,8,1,2,0,0,0,3.0,43,36,7,3.0,4.0,0
177733.0,Travis Beckum,23,NYG,TE,16,2,0,0,0,0,0,1,0,0,0,0,0.0,4,3,1,0.0,0.0,0
,David Bruton,23,DEN,DB,16,2,0,0,0,0,1,0,0,2,0,0,0.0,26,22,4,2.0,0.0,0
147337.0,Reggie Corner,27,BUF,DB,16,2,0,0,0,0,5,0,0,0,0,0,1.0,25,20,5,1.0,1.0,0
,Chauncey Davis,27,ATL,DE,16,2,1,26,1,26,2,0,0,1,0,0,1.0,24,19,5,7.0,2.0,0
158753.0,Jerome Felton,24,DET,RB,16,2,0,0,0,0,0,0,1,0,0,0,0.0,6,6,0,0.0,0.0,0
156843.0,Vernon Gholston,24,NYJ,DE,16,2,0,0,0,0,0,0,0,0,0,0,0.0,12,7,5,1.0,1.0,0
,Wallace Gilberry,26,KAN,DE,16,2,0,0,0,0,1,2,0,2,0,0,7.0,23,19,4,10.0,13.0,0
,T.J. Houshmandzadeh,33,BAL,WR,16,2,0,0,0,0,0,0,1,0,0,0,0.0,0,0,0,0.0,0.0,0
,John Kuhn,28,GNB,FB,16,2,0,0,0,0,0,0,1,2,0,0,0.0,4,2,2,0.0,1.0,0
192891.0,Robert McClain,22,CAR,DB,16,2,0,0,0,0,1,0,0,0,0,0,0.0,16,14,2,0.0,1.0,0
146076.0,Ryan Mundy,25,PIT,DB,16,2,0,0,0,0,4,0,0,0,0,0,0.0,29,23,6,0.0,0.0,0
135028.0,Brian Robison,27,MIN,DE,16,2,0,0,0,0,0,0,0,2,0,0,2.0,15,13,2,4.0,5.0,0
,Brad Smith,27,NYJ,WR,16,2,0,0,0,0,0,0,1,0,0,0,0.0,14,12,2,0.0,0.0,0
,Marcus Thomas,25,DEN,DT,16,2,0,0,0,0,1,0,0,0,0,0,1.0,35,29,6,3.0,5.0,0
,George Wilson,29,BUF,WR,16,2,2,65,0,56,4,1,0,1,0,0,0.0,35,26,9,0.0,0.0,0
,Geno Atkins,22,CIN,DT,16,1,0,0,0,0,1,0,0,0,0,0,3.0,16,10,6,3.0,14.0,0
146271.0,H.B. Blades,26,WAS,LB,16,1,0,0,0,0,0,0,0,0,0,0,0.0,19,12,7,0.0,0.0,0
185916.0,NaVorro Bowman,22,SFO,LB,16,1,0,0,0,0,0,0,0,0,0,0,0.0,46,38,8,3.0,0.0,0
158250.0,Jarrett Bush,26,GNB,DB,16,1,0,0,0,0,1,1,0,1,0,0,0.0,21,19,2,0.0,0.0,0
103797.0,Greg Camarillo,28,MIN,WR,16,1,0,0,0,0,0,1,0,0,0,0,0.0,1,1,0,0.0,0.0,0
,Jeff Charleston,27,NOR,DE,16,1,0,0,0,0,2,2,0,1,0,0,3.0,26,19,7,4.0,4.0,0
120770.0,Patrick Cobbs,27,MIA,RB,16,1,0,0,0,0,0,0,1,0,0,0,0.0,6,6,0,0.0,0.0,0
102588.0,Jared Cook,23,TEN,TE,16,1,0,0,0,0,0,0,0,1,2,0,0.0,5,4,1,0.0,0.0,0
157466.0,Tom Crabtree,25,GNB,TE,16,1,0,0,0,0,0,0,0,0,0,0,0.0,10,8,2,0.0,0.0,0
,Brian Finneran,34,ATL,WR,16,1,0,0,0,0,0,1,0,1,0,0,0.0,1,1,0,0.0,0.0,0
135524.0,Brian Iwuh,26,CHI,LB,16,1,0,0,0,0,0,2,0,0,0,0,1.0,26,24,2,3.0,0.0,0
,Rashad Johnson,24,ARI,DB,16,1,1,7,0,7,6,1,0,0,0,0,0.0,44,31,13,0.0,0.0,0
123216.0,Anthony Madison,29,PIT,DB,16,1,1,-1,0,-1,1,0,0,1,0,0,1.0,24,15,9,1.0,1.0,0
,Lance Moore,27,NOR,WR,16,1,0,0,0,0,0,0,2,0,0,0,0.0,0,0,0,0.0,0.0,0
143711.0,Tim Shaw,26,TEN,LB,16,1,0,0,0,0,0,1,0,1,0,0,0.0,29,21,8,2.0,0.0,0
,Dan Skuta,24,CIN,LB,16,1,0,0,0,0,0,1,0,0,0,0,0.0,16,11,5,0.0,0.0,0
117053.0,Micheal Spurlock,27,TAM,WR,16,1,0,0,0,0,0,0,2,1,0,0,0.0,1,1,0,0.0,0.0,0
147789.0,Brett Swain,25,GNB,WR,16,1,0,0,0,0,0,0,0,0,0,0,0.0,3,2,1,0.0,0.0,0
,Vance Walker,23,ATL,DT,16,1,0,0,0,0,0,0,0,0,0,0,0.0,17,11,6,3.0,0.0,0
,Brian Williams,31,ATL,DB,16,1,0,0,0,0,1,0,0,1,12,0,1.0,36,25,11,3.0,3.0,0
,Damian Williams,22,TEN,WR,16,1,0,0,0,0,0,0,0,0,0,0,0.0,4,4,0,0.0,0.0,0
,C.J. Ah You,28,STL,DE,16,0,0,0,0,0,2,1,0,0,0,0,4.0,18,12,6,4.0,9.0,0
,David Akers,36,PHI,K,16,0,0,0,0,0,0,0,0,0,0,0,0.0,2,1,1,0.0,0.0,0
,Ken Amato,33,TEN,LS,16,0,0,0,0,0,0,0,1,0,-25,0,0.0,6,5,1,0.0,0.0,0
,Jordan Babineaux,28,SEA,DB,16,0,2,37,0,20,8,1,0,0,0,0,1.5,46,37,9,4.0,4.0,1
156596.0,Patrick Bailey,25,TEN,LB,16,0,0,0,0,0,0,0,0,0,0,0,0.0,16,11,5,0.0,0.0,0
,Jason Baker,32,CAR,P,16,0,0,0,0,0,0,0,0,0,0,0,0.0,2,2,0,0.0,0.0,0
136168.0,Jackie Battle,27,KAN,RB,16,0,0,0,0,0,0,1,0,0,0,0,0.0,11,8,3,0.0,0.0,0
,Rob Bironas,32,TEN,K,16,0,0,0,0,0,0,0,0,0,0,0,0.0,2,1,1,0.0,0.0,0
164334.0,Tyron Brackenridge,26,JAX,DB,16,0,0,0,0,0,0,1,0,0,0,0,0.0,16,14,2,0.0,0.0,0
,Josh Brent,22,DAL,DT,16,0,0,0,0,0,0,0,0,0,0,0,0.0,16,14,2,,,0
183871.0,Jasper Brinkley,25,MIN,LB,16,0,0,0,0,0,0,0,0,0,0,0,0.0,17,15,2,1.0,0.0,0
,Raheem Brock,32,SEA,DE,16,0,0,0,0,0,3,1,0,1,0,0,9.0,32,26,6,7.0,20.0,0
,Josh Brown,31,STL,K,16,0,0,0,0,0,0,0,1,0,0,0,0.0,2,2,0,0.0,0.0,0
150836.0,Eldra Buckley,25,PHI,RB,16,0,0,0,0,0,0,1,1,0,0,0,0.0,6,6,0,0.0,0.0,0
189644.0,David Buehler,23,DAL,K,16,0,0,0,0,0,0,0,0,0,0,0,0.0,11,9,2,0.0,0.0,0
113704.0,Josh Bullocks,27,CHI,DB,16,0,0,0,0,0,0,0,0,0,0,0,0.0,11,8,3,1.0,0.0,0
146067.0,Prescott Burgess,26,BAL,LB,16,0,0,0,0,0,1,0,0,0,0,0,0.0,14,12,2,0.0,0.0,0
,Jeremy Cain,30,JAX,LB,16,0,0,0,0,0,0,0,0,0,0,0,0.0,2,2,0,0.0,0.0,0
159528.0,Dan Carpenter,25,MIA,K,16,0,0,0,0,0,0,0,0,0,0,0,0.0,2,0,2,0.0,0.0,0
,Rock Cartwright,31,OAK,FB,16,0,0,0,0,0,0,1,0,1,0,0,0.0,17,15,2,0.0,0.0,1
189386.0,Kam Chancellor,22,SEA,DB,16,0,0,0,0,0,1,1,0,0,0,0,1.0,23,17,6,1.0,1.0,0
145513.0,Tashard Choice,26,DAL,RB,16,0,0,0,0,0,0,0,1,0,0,0,0.0,0,0,0,,,0
146878.0,Britton Colquitt,25,DEN,P,16,0,0,0,0,0,0,0,0,0,0,0,0.0,1,0,1,0.0,0.0,0
107775.0,Dustin Colquitt,28,KAN,P,16,0,0,0,0,0,0,0,0,0,0,0,0.0,1,0,1,0.0,0.0,0
,Jon Condo,29,OAK,LS,16,0,0,0,0,0,0,1,0,1,0,0,0.0,6,5,1,0.0,0.0,0
181058.0,John Conner,23,NYJ,RB,16,0,0,0,0,0,0,0,0,1,0,0,0.0,5,2,3,0.0,0.0,0
175767.0,Quan Cosby,28,CIN,WR,16,0,0,0,0,0,0,0,0,0,0,0,0.0,9,6,3,0.0,0.0,0
145297.0,Mason Crosby,26,GNB,K,16,0,0,0,0,0,0,0,0,0,0,0,0.0,1,1,0,0.0,0.0,0
,Billy Cundiff,30,BAL,K,16,0,0,0,0,0,0,0,0,0,0,0,0.0,1,1,0,0.0,0.0,0
,Travis Daniels,28,KAN,DB,16,0,1,4,0,4,4,0,0,0,0,0,0.0,8,6,2,0.0,0.0,0
,Rashied Davis,31,CHI,WR,16,0,0,0,0,0,1,0,1,0,0,0,0.0,9,7,2,0.0,0.0,0
,Keyunta Dawson,25,IND,DE,16,0,0,0,0,0,1,0,0,1,0,0,0.0,31,19,12,0.0,5.0,0
,Phil Dawson,35,CLE,K,16,0,0,0,0,0,0,0,0,0,0,0,0.0,1,1,0,0.0,0.0,0
,John Denney,32,MIA,LS,16,0,0,0,0,0,0,0,0,0,0,0,0.0,4,4,0,0.0,0.0,0
,Zak DeOssie,26,NYG,LB,16,0,0,0,0,0,0,0,0,0,0,0,0.0,3,3,0,0.0,0.0,0
,Anthony Dixon,23,SFO,RB,16,0,0,0,0,0,1,0,0,1,0,0,0.0,9,7,2,0.0,0.0,0
180714.0,Matt Dodge,23,NYG,P,16,0,0,0,0,0,0,0,1,0,-7,0,0.0,3,3,0,0.0,0.0,0
,Jon Dorenbos,30,PHI,LS,16,0,0,0,0,0,0,0,0,0,0,0,0.0,3,2,1,0.0,0.0,0
,Andrew Economos,28,TAM,LS,16,0,0,0,0,0,0,1,0,0,0,0,0.0,6,5,1,0.0,0.0,0
,Demetric Evans,31,SFO,DE,16,0,0,0,0,0,1,0,0,0,0,0,0.0,15,12,3,1.0,1.0,0
133256.0,Heath Farwell,28,MIN,LB,16,0,0,0,0,0,0,0,0,0,0,0,0.0,16,14,2,0.0,0.0,0
,Jay Feely,34,ARI,K,16,0,0,0,0,0,0,0,0,0,0,0,0.0,4,4,0,0.0,0.0,0
133782.0,Brandon Fields,26,MIA,P,16,0,0,0,0,0,0,0,0,0,0,0,0.0,4,4,0,0.0,0.0,0
,Ronald Fields,29,DEN,DT,16,0,0,0,0,0,0,0,0,0,0,0,0.0,22,14,8,1.0,2.0,0
,Andre Fluellen,25,DET,DT,16,0,0,0,0,0,0,0,0,0,0,0,1.0,10,8,2,2.0,2.0,0
479837.0,Nick Folk,26,NYJ,K,16,0,0,0,0,0,0,0,0,0,0,0,0.0,1,1,0,0.0,0.0,0
,Larry Foote,30,PIT,LB,16,0,0,0,0,0,1,0,0,0,0,0,1.0,21,16,5,2.0,1.0,0
,Eric Foster,25,IND,DT,16,0,0,0,0,0,1,0,0,2,0,0,3.5,33,25,8,7.0,4.0,0
,Keyaron Fox,28,PIT,LB,16,0,0,0,0,0,2,1,0,2,0,0,0.0,23,17,6,1.0,0.0,0
,Thomas Gafford,27,KAN,LB,16,0,0,0,0,0,0,0,0,1,0,0,0.0,5,3,2,0.0,0.0,0
173647.0,Graham Gano,23,WAS,K,16,0,0,0,0,0,0,0,0,0,0,0,0.0,3,3,0,0.0,0.0,0
,Brett Goode,26,GNB,LB,16,0,0,0,0,0,0,0,0,0,0,0,0.0,3,3,0,0.0,0.0,0
120324.0,Robbie Gould,28,CHI,K,16,0,0,0,0,0,0,0,0,0,0,0,0.0,1,1,0,0.0,0.0,0
,Ben Graham,37,ARI,P,16,0,0,0,0,0,0,0,0,0,0,0,0.0,1,1,0,0.0,0.0,0
149217.0,Corey Graham,25,CHI,DB,16,0,0,0,0,0,0,0,0,0,0,0,0.0,23,22,1,0.0,0.0,0
,Cory Greenwood,25,KAN,LB,16,0,0,0,0,0,0,0,0,0,0,0,0.0,11,10,1,0.0,0.0,0
,Clint Gresham,24,SEA,LB,16,0,0,0,0,0,0,0,0,0,0,0,0.0,1,1,0,0.0,0.0,0
135376.0,Clark Harris,26,CIN,TE,16,0,0,0,0,0,0,0,0,0,0,0,0.0,3,3,0,0.0,0.0,0
,Nick Harris,32,DET,P,16,0,0,0,0,0,0,0,0,0,0,0,0.0,3,3,0,0.0,0.0,0
149243.0,Lex Hilliard,26,MIA,RB,16,0,0,0,0,0,0,1,0,0,0,0,0.0,8,7,1,0.0,0.0,0
,J.J. Jansen,24,CAR,LS,16,0,0,0,0,0,0,0,1,0,-10,0,0.0,2,0,2,0.0,0.0,0
,Ricky Jean-Francois,24,SFO,DT,16,0,0,0,0,0,1,1,0,0,0,0,1.0,12,9,3,0.0,0.0,0
,Brian Jennings,34,SFO,LS,16,0,0,0,0,0,0,0,0,0,0,0,0.0,1,1,0,0.0,0.0,0
173561.0,Peria Jerry,26,ATL,DT,16,0,0,0,0,0,1,0,0,0,0,0,2.0,9,8,1,6.0,3.0,0
,Donnie Jones,30,STL,P,16,0,0,0,0,0,0,0,0,0,0,0,0.0,1,1,0,0.0,0.0,0
105279.0,Chris Kluwe,29,MIN,P,16,0,0,0,0,0,0,0,0,0,0,0,0.0,1,1,0,0.0,0.0,0
123206.0,Sam Koch,28,BAL,P,16,0,0,0,0,0,0,0,1,1,-10,0,0.0,2,1,1,0.0,0.0,0
,Michael Koenen,28,ATL,P,16,0,0,0,0,0,0,0,0,0,0,0,0.0,6,6,0,0.0,0.0,0
,L.P. Ladouceur,29,DAL,DE,16,0,0,0,0,0,0,0,0,0,0,0,0.0,1,0,1,0.0,0.0,0
134864.0,Lance Laury,28,NYJ,LB,16,0,0,0,0,0,1,0,0,1,0,0,0.0,12,9,3,0.0,1.0,0
,Mike Leach,34,ARI,LS,16,0,0,0,0,0,0,0,0,0,0,0,0.0,9,7,2,0.0,0.0,0
,Shane Lechler,34,OAK,P,16,0,0,0,0,0,0,0,0,0,0,0,0.0,1,1,0,0.0,0.0,0
,Andy Lee,28,SFO,P,16,0,0,0,0,0,0,0,0,0,0,0,0.0,2,2,0,0.0,0.0,0
,Rian Lindell,33,BUF,K,16,0,0,0,0,0,0,1,0,0,0,0,0.0,4,3,1,0.0,0.0,0
,Cullen Loeffler,29,MIN,LS,16,0,0,0,0,0,0,0,0,0,0,0,0.0,2,2,0,0.0,0.0,0
,Stefan Logan,29,DET,RB,16,0,0,0,0,0,0,0,3,2,4,0,0.0,2,2,0,0.0,0.0,0
,Patrick Mannelly,35,CHI,T,16,0,0,0,0,0,0,0,0,0,0,0,0.0,2,1,1,0.0,0.0,0
,Olindo Mare,37,SEA,K,16,0,0,0,0,0,0,0,0,0,0,0,0.0,2,1,1,0.0,0.0,0
,Marc Mariani,23,TEN,WR,16,0,0,0,0,0,0,0,3,1,0,0,0.0,3,3,0,0.0,0.0,0
,Chris Massey,31,STL,RB,16,0,0,0,0,0,0,0,0,0,0,0,0.0,3,3,0,0.0,0.0,0
178754.0,Tim Masthay,23,GNB,P,16,0,0,0,0,0,0,0,0,0,0,0,0.0,1,1,0,0.0,0.0,0
,Brad Maynard,36,CHI,P,16,0,0,0,0,0,0,0,1,1,0,0,0.0,1,1,0,0.0,0.0,0
,Mat McBriar,31,DAL,P,16,0,0,0,0,0,0,0,1,0,-8,0,0.0,0,0,0,,,0
183539.0,Danny McCray,22,DAL,DB,16,0,1,0,0,0,1,0,0,0,0,0,0.0,22,16,6,0.0,0.0,0
,Ray McDonald,26,SFO,DE,16,0,1,31,1,31,2,0,0,0,0,0,0.0,19,13,6,2.0,0.0,0
175774.0,Henry Melton,24,CHI,DE,16,0,0,0,0,0,1,1,0,1,0,0,2.5,16,13,3,2.0,5.0,0
180834.0,Zoltan Mesko,24,NWE,P,16,0,0,0,0,0,0,0,0,0,0,0,0.0,1,1,0,0.0,0.0,0
,Marvin Mitchell,26,NOR,LB,16,0,0,0,0,0,2,2,0,2,2,0,0.0,43,33,10,3.0,2.0,0
,D.J. Moore,23,CHI,DB,16,0,4,95,1,54,8,1,0,0,0,0,1.0,42,37,5,6.0,3.0,0
,Sammy Morris,33,NWE,RB,16,0,0,0,0,0,0,0,1,0,0,0,0.0,8,6,2,0.0,0.0,0
170311.0,Thomas Morstead,24,NOR,P,16,0,0,0,0,0,0,0,0,0,0,0,0.0,1,1,0,0.0,0.0,0
,Don Muhlbach,29,DET,LS,16,0,0,0,0,0,0,0,0,0,0,0,0.0,4,2,2,0.0,0.0,0
162880.0,Haruki Nakamura,24,BAL,DB,16,0,0,0,0,0,1,0,0,0,0,0,0.0,24,22,2,0.0,0.0,0
,Donnie Nickey,30,TEN,DB,16,0,0,0,0,0,0,0,0,0,0,0,0.0,5,3,2,0.0,0.0,0
,Kenny Onatolu,28,MIN,LB,16,0,0,0,0,0,0,0,0,0,0,0,0.0,10,9,1,0.0,0.0,0
138369.0,Montell Owens,26,JAX,RB,16,0,0,0,0,0,0,0,0,1,0,0,0.0,13,11,2,0.0,0.0,0
157882.0,Jalen Parmele,25,BAL,RB,16,0,0,0,0,0,0,1,1,0,0,0,0.0,7,7,0,0.0,0.0,0
,Lonie Paxton,32,DEN,LS,16,0,0,0,0,0,0,0,1,0,-13,0,0.0,3,3,0,0.0,0.0,0
482895.0,Jason Pierre-Paul,21,NYG,DE,16,0,0,0,0,0,6,2,0,2,0,0,4.5,30,25,5,7.0,8.0,0
,Tanner Purdum,24,NYJ,LS,16,0,0,0,0,0,0,0,0,0,0,0,0.0,1,1,0,,,0
,Neil Rackers,34,HOU,K,16,0,0,0,0,0,0,0,0,0,0,0,0.0,8,4,4,0.0,0.0,0
,Antwaan Randle El,31,PIT,WR,16,0,0,0,0,0,0,0,2,2,0,0,0.0,0,0,0,0.0,0.0,0
,Isaac Redman,26,PIT,RB,16,0,0,0,0,0,0,0,1,1,0,0,0.0,1,0,1,0.0,0.0,0
176328.0,Javon Ringer,23,TEN,RB,16,0,0,0,0,0,0,0,0,0,0,0,0.0,1,0,1,,,0
,Saverio Rocca,37,PHI,P,16,0,0,0,0,0,0,0,0,0,0,0,0.0,3,2,1,0.0,0.0,0
,Garrison Sanborn,25,BUF,LS,16,0,0,0,0,0,0,0,1,1,-1,0,0.0,5,2,3,0.0,0.0,0
,Mike Scifres,30,SDG,P,16,0,0,0,0,0,0,0,1,1,0,0,0.0,2,2,0,0.0,0.0,0
,Josh Scobee,28,JAX,K,16,0,0,0,0,0,0,0,0,0,0,0,0.0,2,2,0,0.0,0.0,0
,Bernard Scott,26,CIN,RB,16,0,0,0,0,0,0,0,1,0,0,0,0.0,1,1,0,0.0,0.0,0
,George Selvie,23,STL,DE,16,0,0,0,0,0,0,0,0,0,0,0,1.5,21,15,6,5.0,5.0,0
,Donald Strickland,30,SDG,DB,16,0,0,0,0,0,2,1,0,0,0,0,1.0,23,19,4,1.0,0.0,0
,Andy Studebaker,25,KAN,LB,16,0,0,0,0,0,1,0,0,0,0,0,2.5,28,21,7,2.0,5.0,0
173684.0,Ryan Succop,24,KAN,K,16,0,0,0,0,0,0,0,0,0,0,0,0.0,3,3,0,0.0,0.0,0
,Nick Sundberg,23,WAS,LS,16,0,0,0,0,0,0,0,0,0,0,0,0.0,3,2,1,0.0,0.0,0
183996.0,Stevenson Sylvester,22,PIT,LB,16,0,0,0,0,0,0,1,0,0,0,0,0.0,14,13,1,1.0,0.0,0
192244.0,Keith Toston,23,STL,RB,16,0,0,0,0,0,0,0,0,0,0,0,0.0,4,4,0,0.0,0.0,0
,Matt Turk,42,HOU,P,16,0,0,0,0,0,0,0,0,0,0,0,0.0,1,0,1,0.0,0.0,0
,Raymond Ventrone,28,CLE,DB,16,0,0,0,0,0,0,1,0,1,0,0,0.0,19,18,1,0.0,0.0,0
,Derrick Ward,30,HOU,RB,16,0,0,0,0,0,0,0,0,1,0,0,0.0,0,0,0,0.0,0.0,0
,Greg Warren,29,PIT,LS,16,0,0,0,0,0,0,0,0,0,0,0,0.0,3,1,2,0.0,0.0,0
136676.0,Leon Washington,28,SEA,RB,16,0,0,0,0,0,0,0,3,1,0,0,0.0,2,2,0,0.0,0.0,0
,Jon Weeks,24,HOU,LS,16,0,0,0,0,0,0,0,0,0,0,0,0.0,3,1,2,0.0,0.0,0
137023.0,John Wendling,27,DET,DB,16,0,0,0,0,0,0,0,0,0,0,0,0.0,30,22,8,0.0,0.0,0
,Byron Westbrook,25,WAS,DB,16,0,0,0,0,0,0,0,0,1,0,0,0.0,14,13,1,0.0,0.0,0
,Tracy White,29,NWE,LB,16,0,0,0,0,0,0,0,0,0,0,0,0.0,17,12,5,0.0,0.0,0
,Jimmy Wilkerson,29,NOR,DE,16,0,0,0,0,0,0,0,0,0,0,0,2.0,16,14,2,2.0,2.0,0
,Demorrio Williams,30,KAN,LB,16,0,0,0,0,0,1,1,0,0,0,0,1.0,19,17,2,1.0,2.0,0
127078.0,Ricky Williams,33,MIA,RB,16,0,0,0,0,0,0,0,4,2,0,0,0.0,0,0,0,0.0,0.0,0
,Roydell Williams,29,WAS,WR,16,0,0,0,0,0,0,0,0,0,0,0,0.0,8,5,3,0.0,0.0,0
,Sam Williams,30,OAK,DE,16,0,0,0,0,0,0,0,0,0,0,0,0.0,11,8,3,0.0,0.0,0
,Chris Wilson,28,WAS,DE,16,0,0,0,0,0,0,2,1,0,0,0,0.0,18,12,6,1.0,3.0,0
138215.0,Garrett Wolfe,26,CHI,RB,16,0,0,0,0,0,0,0,0,0,0,0,0.0,14,11,3,0.0,0.0,0
172066.0,Darrel Young,23,WAS,LB,16,0,0,0,0,0,0,0,0,0,0,0,0.0,13,12,1,0.0,0.0,0
,Joe Zelenka,34,ATL,LS,16,0,0,0,0,0,0,0,0,0,0,0,0.0,1,1,0,0.0,0.0,0
145235.0,Husain Abdullah,25,MIN,SS,15,15,3,5,0,5,7,0,0,0,0,0,0.0,75,54,21,3.0,0.0,0
162095.0,Branden Albert,26,KAN,LT,15,15,0,0,0,0,0,0,0,1,0,0,0.0,0,0,0,,,0
,Jonathan Babineaux,29,ATL,LDT,15,15,1,0,0,0,2,2,0,1,0,1,4.0,27,19,8,6.0,6.0,0
,Champ Bailey,32,DEN,LCB,15,15,2,0,0,0,13,0,0,0,0,0,1.0,45,41,4,3.0,1.0,0
,Lance Briggs,30,CHI,LLB,15,15,2,1,0,1,7,1,0,1,0,0,2.0,89,76,13,8.0,2.0,0
161106.0,Calais Campbell,24,ARI,LDE,15,15,0,0,0,0,2,0,0,1,0,0,6.0,60,46,14,13.0,7.0,0
101042.0,Matt Cassel,28,KAN,QB,15,15,0,0,0,0,0,0,3,0,-2,0,0.0,0,0,0,,,0
,Trent Cole,28,PHI,RDE,15,15,0,0,0,0,2,1,0,0,0,0,10.0,65,50,15,16.0,19.0,0
145753.0,Antonio Cromartie,26,NYJ,RCB,15,15,3,75,0,66,17,0,0,1,0,0,0.0,42,41,1,0.0,0.0,0
115374.0,Jay Cutler,27,CHI,QB,15,15,0,0,0,0,0,0,10,1,0,0,0.0,1,1,0,,,0
170731.0,Louis Delmas,23,DET,FS,15,15,0,0,0,0,1,2,0,2,-4,0,2.0,84,62,22,4.0,4.0,0
,Kris Dielman,29,SDG,LG,15,15,0,0,0,0,0,0,0,1,0,0,0.0,0,0,0,0.0,0.0,0
,Darnell Dockett,29,ARI,RDE,15,15,0,0,0,0,1,1,0,3,0,1,5.0,52,45,7,9.0,15.0,0
,Donald Driver,35,GNB,WR,15,15,0,0,0,0,0,0,1,0,0,0,0.0,0,0,0,0.0,0.0,0
,Shaun Ellis,33,NYJ,LDE,15,15,0,0,0,0,1,1,0,0,0,0,4.5,36,26,10,6.0,10.0,0
156720.0,Brandon Flowers,24,KAN,LCB,15,15,2,33,1,33,14,1,0,0,0,0,0.0,65,56,9,0.0,0.0,0
,Parys Haralson,26,SFO,ROLB,15,15,0,0,0,0,0,0,0,2,0,0,4.0,42,29,13,7.0,9.0,0
123218.0,Roman Harper,28,NOR,SS,15,15,1,6,0,6,8,6,0,1,0,0,3.0,98,76,22,5.0,10.0,0
,Chris Houston,26,DET,LCB,15,15,1,0,0,0,12,1,0,0,0,0,0.0,56,50,6,1.0,0.0,0
173998.0,Malcolm Jenkins,23,NOR,FS,15,15,2,105,1,96,12,1,0,2,0,0,1.0,64,54,10,3.0,1.0,0
161197.0,Calvin Johnson,25,DET,WR,15,15,0,0,0,0,0,0,1,0,0,0,0.0,0,0,0,0.0,0.0,0
165665.0,Jason Jones,24,TEN,LDT,15,15,0,0,0,0,3,3,0,0,0,0,3.5,38,33,5,12.0,6.0,0
163149.0,Sherrod Martin,26,CAR,FS,15,15,1,34,0,34,5,2,0,1,0,0,0.0,85,59,26,2.0,0.0,0
,Clay Matthews,24,GNB,LOLB,15,15,1,62,1,62,4,2,0,0,0,0,13.5,60,54,6,18.0,25.0,0
237212.0,Rolando McClain,21,OAK,MLB,15,15,1,10,0,10,6,0,0,0,0,0,0.5,85,59,26,6.0,3.0,0
,Rocky McIntosh,28,WAS,RILB,15,15,0,0,0,0,3,1,0,0,0,0,2.0,110,73,37,2.0,4.0,0
,Quintin Mikell,30,PHI,SS,15,15,3,0,0,0,15,1,0,3,52,1,1.0,88,77,11,5.0,1.0,0
,Eugene Monroe,23,JAX,LT,15,15,0,0,0,0,0,0,0,1,0,0,0.0,0,0,0,0.0,0.0,0
,Brian Orakpo,24,WAS,ROLB,15,15,0,0,0,0,2,1,0,0,0,0,8.5,56,36,20,9.0,17.0,0
161717.0,Adrian Peterson,25,MIN,RB,15,15,0,0,0,0,0,0,1,0,0,0,0.0,0,0,0,0.0,0.0,0
146197.0,Bernard Pollard,26,HOU,SS,15,15,0,0,0,0,5,3,0,0,0,0,2.5,112,82,30,3.0,4.0,0
,Dunta Robinson,28,ATL,RCB,15,15,1,0,0,0,7,0,0,1,0,0,0.0,55,52,3,1.0,0.0,0
144994.0,Aaron Rodgers,27,GNB,QB,15,15,0,0,0,0,0,0,4,1,-2,0,0.0,0,0,0,0.0,0.0,0
145765.0,Ernie Sims,26,PHI,LLB,15,15,0,0,0,0,5,1,0,1,0,0,2.0,55,48,7,7.0,4.0,0
,Will Smith,29,NOR,RDE,15,15,1,4,0,4,5,1,1,0,0,0,5.5,39,34,5,8.0,10.0,0
125506.0,Corey Webster,28,NYG,LCB,15,15,4,11,0,13,12,0,0,1,1,0,0.0,52,45,7,1.0,2.0,0
146816.0,Patrick Willis,25,SFO,RILB,15,15,0,0,0,0,5,2,0,0,0,0,6.0,128,101,27,9.0,7.0,0
,Joe Berger,28,MIA,C,15,14,0,0,0,0,0,0,0,0,0,0,0.0,1,1,0,0.0,0.0,0
,Tyler Brayton,31,CAR,RDE,15,14,0,0,0,0,2,1,0,2,1,0,0.0,22,16,6,4.0,4.0,0
,Casey Hampton,33,PIT,NT,15,14,0,0,0,0,0,1,0,0,0,0,1.0,20,10,10,0.0,1.0,0
160898.0,Chad Henne,25,MIA,QB,15,14,0,0,0,0,0,0,5,3,-22,0,0.0,0,0,0,,,0
169167.0,Darrius Heyward-Bey,23,OAK,WR,15,14,0,0,0,0,0,0,1,0,0,0,0.0,0,0,0,0.0,0.0,0
172871.0,Mohamed Massaquoi,24,CLE,WR,15,14,0,0,0,0,0,0,1,0,0,0,0.0,0,0,0,0.0,0.0,0
,Mike Patterson,27,PHI,LDT,15,14,0,0,0,0,0,0,0,1,0,0,2.0,37,30,7,4.0,2.0,0
,Julian Peterson,32,DET,RLB,15,14,0,0,0,0,5,0,0,2,0,0,1.0,83,56,27,8.0,0.0,0
,Marcus Stroud,32,BUF,LDE,15,14,0,0,0,0,2,1,0,0,0,0,3.0,49,29,20,6.0,3.0,0
,John Abraham,32,ATL,LDE,15,13,1,6,0,6,4,1,0,0,0,0,13.0,41,36,5,18.0,17.0,0
,Ron Bartell,28,STL,LCB,15,13,0,0,0,0,10,1,0,0,0,0,0.0,61,55,6,2.0,0.0,0
,Kevin Boss,26,NYG,TE,15,13,0,0,0,0,0,0,1,0,0,0,0.0,0,0,0,0.0,0.0,0
,Craig Dahl,25,STL,SS,15,13,2,23,0,23,6,1,0,1,0,0,1.0,98,87,11,6.0,2.0,0
,David Gettis,23,CAR,WR,15,13,0,0,0,0,0,0,0,0,0,0,0.0,1,1,0,0.0,0.0,0
146680.0,Le'Ron McClain,26,BAL,FB,15,13,0,0,0,0,0,0,0,0,0,0,0.0,3,3,0,,,0
235978.0,LeSean McCoy,22,PHI,RB,15,13,0,0,0,0,0,0,2,1,0,0,0.0,0,0,0,0.0,0.0,0
161103.0,Keith Rivers,24,CIN,RLB,15,13,0,0,0,0,2,0,0,0,0,0,1.0,77,51,26,6.0,2.0,0
144998.0,Craig Stevens,26,TEN,TE,15,13,0,0,0,0,0,0,0,0,0,0,0.0,2,2,0,0.0,0.0,0
,LaDainian Tomlinson,31,NYJ,RB,15,13,0,0,0,0,0,0,4,2,0,0,0.0,0,0,0,0.0,0.0,0
133537.0,Desmond Bishop,26,GNB,RILB,15,12,1,32,1,32,8,2,0,0,0,0,3.0,103,75,28,3.0,5.0,0
,Quentin Groves,26,OAK,LLB,15,12,1,-4,0,-4,2,0,0,2,0,0,0.0,40,29,11,4.0,2.0,1
136702.0,Brodney Pool,26,NYJ,FS,15,12,1,0,0,0,11,1,0,1,6,0,1.0,53,39,14,2.0,2.0,0
,Kevin Vickerson,27,DEN,LDE,15,12,1,4,0,4,3,1,0,0,0,0,2.0,43,33,10,3.0,2.0,0
,Anthony Armstrong,27,WAS,WR,15,11,0,0,0,0,0,0,1,1,0,0,0.0,6,4,2,0.0,0.0,0
186576.0,Jermaine Cunningham,22,NWE,ROLB,15,11,0,0,0,0,1,2,0,0,0,0,1.0,35,28,7,5.0,4.0,0
161404.0,Bear Pascoe,24,NYG,TE,15,11,0,0,0,0,0,0,0,0,0,0,0.0,3,3,0,0.0,0.0,0
,Cory Redding,30,BAL,RDE,15,11,1,0,0,0,4,0,0,0,0,0,3.0,42,31,11,8.0,7.0,0
,Wes Welker,29,NWE,WR,15,11,0,0,0,0,0,0,1,2,0,0,0.0,0,0,0,0.0,0.0,0
,Akin Ayodele,31,BUF,LILB,15,10,0,0,0,0,4,0,0,0,0,0,0.0,106,60,46,3.0,0.0,0
,Don Carey,23,JAX,FS,15,10,1,7,0,7,1,0,0,0,0,0,0.0,55,40,15,3.0,1.0,0
,Zach Diles,25,HOU,RLB,15,10,0,0,0,0,0,0,0,0,0,0,0.0,82,59,23,4.0,3.0,0
,Antonio Dixon,25,PHI,RDT,15,10,0,0,0,0,2,0,0,0,0,0,2.0,30,25,5,6.0,2.0,0
188942.0,Jermaine Gresham,22,CIN,TE,15,10,0,0,0,0,0,0,2,0,0,0,0.0,0,0,0,0.0,0.0,0
,Artis Hicks,32,WAS,RG,15,10,0,0,0,0,0,0,0,0,0,0,0.0,1,1,0,0.0,0.0,0
232318.0,Arrelious Benn,22,TAM,WR,15,9,0,0,0,0,0,0,1,0,0,0,0.0,9,8,1,0.0,0.0,0
188961.0,Perrish Cox,23,DEN,RCB,15,9,1,15,0,15,14,2,1,0,0,0,0.0,58,57,1,2.0,0.0,0
,Reed Doughty,28,WAS,SS,15,9,0,0,0,0,2,1,0,0,0,0,1.0,93,54,39,1.0,1.0,0
120890.0,James Sanders,27,NWE,SS,15,9,3,60,1,32,6,0,0,1,0,0,0.0,59,43,16,0.0,0.0,0
188297.0,Amari Spievey,22,DET,SS,15,9,2,35,0,26,3,0,0,0,0,0,0.0,51,37,14,3.0,3.0,0
161917.0,Jeremy Zuttah,24,TAM,C,15,9,0,0,0,0,0,0,1,1,-2,0,0.0,0,0,0,0.0,0.0,0
,C.C. Brown,27,DET,SS,15,8,0,0,0,0,4,1,0,0,0,0,0.0,46,37,9,1.0,2.0,0
,Turk McBride,25,DET,RDE,15,8,0,0,0,0,0,3,0,1,0,0,5.0,33,16,17,4.0,11.0,0
137612.0,Jeremy Mincey,27,JAX,LDE,15,8,0,0,0,0,3,0,0,0,0,0,5.0,31,25,6,9.0,7.0,0
,Sean Smith,23,MIA,RCB,15,8,1,18,0,18,9,0,0,0,0,0,0.0,51,43,8,1.0,0.0,0
,Derrick Harvey,24,JAX,LDE,15,7,0,0,0,0,1,0,0,0,0,0,2.5,12,11,1,3.0,5.0,0
161131.0,Jacob Hester,25,SDG,RB,15,7,0,0,0,0,0,0,0,2,0,0,0.0,7,6,1,0.0,0.0,0
,Jacoby Jones,26,HOU,WR,15,7,0,0,0,0,0,0,1,1,0,0,0.0,0,0,0,0.0,0.0,0
135925.0,Ben Patrick,26,ARI,TE,15,7,0,0,0,0,0,0,1,0,0,0,0.0,0,0,0,0.0,0.0,0
,Tully Banta-Cain,30,NWE,LOLB,15,6,0,0,0,0,0,1,0,0,0,0,5.0,45,36,9,5.0,13.0,0
,Joselio Hanson,29,PHI,LCB,15,6,1,17,0,17,7,0,0,0,0,0,0.0,36,31,5,0.0,0.0,0
,Tommie Harris,27,CHI,LDT,15,6,0,0,0,0,1,0,0,2,9,0,1.5,13,9,4,2.0,5.0,0
,Donald Lee,30,GNB,TE,15,6,0,0,0,0,0,0,1,0,0,0,0.0,2,2,0,0.0,0.0,0
134986.0,Ben Obomanu,27,SEA,WR,15,6,0,0,0,0,0,0,0,0,0,0,0.0,6,6,0,0.0,0.0,0
146156.0,Nick Roach,25,CHI,RLB,15,6,0,0,0,0,1,0,0,0,0,0,0.0,16,11,5,0.0,0.0,0
,Andre Caldwell,25,CIN,WR,15,5,0,0,0,0,0,0,1,0,0,0,0.0,2,2,0,0.0,0.0,0
,Josh Cribbs,27,CLE,WR,15,5,0,0,0,0,0,0,7,4,0,0,0.0,0,0,0,0.0,0.0,0
480882.0,Jimmy Graham,24,NOR,TE,15,5,0,0,0,0,0,0,1,1,20,0,0.0,1,1,0,0.0,0.0,0
,Donald Jones,23,BUF,WR,15,5,0,0,0,0,0,0,0,0,0,0,0.0,9,8,1,0.0,0.0,0
169597.0,Owen Schmitt,25,PHI,FB,15,5,0,0,0,0,0,0,0,1,0,0,0.0,1,1,0,0.0,0.0,0
,David Bowens,33,CLE,DE,15,4,2,94,2,64,6,0,0,0,0,0,0.5,40,26,14,1.0,3.0,0
174562.0,Nic Harris,24,CAR,DB,15,4,0,0,0,0,0,0,0,1,0,0,1.5,37,28,9,2.0,2.0,0
188435.0,Reagan Maui'a,26,ARI,RB,15,4,0,0,0,0,0,0,0,0,0,0,0.0,5,4,1,0.0,0.0,0
,Arthur Moats,22,BUF,LB,15,4,0,0,0,0,1,1,0,0,0,0,2.5,33,18,15,1.0,6.0,0
115493.0,Tony Scheffler,27,DET,TE,15,4,0,0,0,0,0,0,1,0,0,0,0.0,0,0,0,0.0,0.0,0
,Mike Tolbert,25,SDG,RB,15,4,0,0,0,0,0,0,5,0,0,0,0.0,8,5,3,0.0,0.0,0
161615.0,Darius Butler,24,NWE,DB,15,3,0,0,0,0,6,0,0,1,0,0,0.0,23,22,1,0.0,0.0,0
173396.0,Ed Dickson,23,BAL,TE,15,3,0,0,0,0,0,0,0,0,0,0,0.0,3,3,0,0.0,0.0,0
193061.0,Julian Edelman,24,NWE,WR,15,3,0,0,0,0,0,0,1,0,0,0,0.0,0,0,0,0.0,0.0,0
174199.0,Cameron Morrah,23,SEA,TE,15,3,0,0,0,0,0,0,0,0,0,0,0.0,2,1,1,0.0,0.0,0
,Brandon Myers,25,OAK,TE,15,3,0,0,0,0,0,0,1,0,0,0,0.0,2,2,0,0.0,0.0,0
183554.0,Keiland Williams,24,WAS,RB,15,3,0,0,0,0,0,0,1,0,0,0,0.0,1,1,0,0.0,0.0,0
148561.0,Mike Adams,29,CLE,DB,15,2,2,51,0,26,6,0,0,0,0,0,1.0,46,39,7,1.0,2.0,0
,Marcus Benard,25,CLE,LB,15,2,0,0,0,0,2,0,0,0,0,0,7.5,28,18,10,8.0,18.0,0
183874.0,Kurt Coleman,22,PHI,DB,15,2,1,7,0,7,2,0,0,0,0,0,0.0,36,31,5,2.0,0.0,0
160849.0,Shonn Greene,25,NYJ,RB,15,2,0,0,0,0,0,0,3,0,0,0,0.0,0,0,0,0.0,0.0,0
,Vonnie Holliday,35,WAS,DE,15,2,0,0,0,0,3,0,0,0,0,0,2.5,29,16,13,4.0,7.0,0
,Willis McGahee,29,BAL,RB,15,2,0,0,0,0,0,0,2,0,0,0,0.0,0,0,0,,,0
157478.0,Jake O'Connell,25,KAN,TE,15,2,0,0,0,0,0,0,0,0,0,0,0.0,1,1,0,0.0,0.0,0
191673.0,Jordan Pugh,22,CAR,DB,15,2,1,-2,0,-2,3,0,0,0,0,0,0.0,13,9,4,0.0,1.0,0
186392.0,Andre Roberts,22,ARI,WR,15,2,0,0,0,0,0,0,2,0,0,0,0.0,0,0,0,,,0
,Adam Snyder,28,SFO,G,15,2,0,0,0,0,0,0,0,1,0,0,0.0,0,0,0,0.0,0.0,0
,Torell Troup,22,BUF,DT,15,2,0,0,0,0,2,0,0,0,0,0,0.0,23,11,12,1.0,1.0,0
145903.0,Ahmad Brooks,26,SFO,LB,15,1,1,32,0,32,2,0,0,0,0,0,5.0,31,29,2,8.0,10.0,0
191437.0,Stevie Brown,23,OAK,DB,15,1,0,0,0,0,2,0,0,0,0,0,0.0,30,25,5,0.0,0.0,0
188524.0,Toby Gerhart,23,MIN,RB,15,1,0,0,0,0,0,0,3,0,0,0,0.0,1,1,0,0.0,0.0,0
,Chris Hoke,34,PIT,NT,15,1,0,0,0,0,0,0,0,1,0,0,0.0,12,7,5,2.0,1.0,0
138232.0,Sam Hurd,25,DAL,WR,15,1,0,0,0,0,0,0,0,0,0,0,0.0,19,14,5,0.0,0.0,0
150321.0,Trevor Laws,25,PHI,DT,15,1,1,13,0,13,5,1,1,0,0,0,4.0,15,13,2,5.0,8.0,0
,Tony McDaniel,25,MIA,DT,15,1,0,0,0,0,4,0,0,0,0,0,2.5,36,30,6,3.0,4.0,0
,Pierson Prioleau,33,NOR,DB,15,1,0,0,0,0,0,0,0,0,0,0,0.5,18,13,5,1.0,1.0,0
,Shaun Rogers,31,CLE,DT,15,1,0,0,0,0,0,0,0,0,0,0,2.0,17,14,3,2.0,12.0,0
120230.0,Aaron Ross,28,NYG,DB,15,1,0,0,0,0,4,0,1,0,0,0,1.0,36,25,11,3.0,2.0,0
,Bryan Scott,29,BUF,DB,15,1,0,0,0,0,5,1,1,2,17,0,3.0,39,28,11,6.0,4.0,0
183776.0,Dekoda Watson,22,TAM,LB,15,1,0,0,0,0,1,0,0,0,0,0,0.0,31,26,5,1.0,0.0,0
148296.0,Jason Wright,28,ARI,RB,15,1,0,0,0,0,0,0,1,0,0,0,0.0,12,8,4,0.0,0.0,0
186655.0,Phillip Adams,22,SFO,DB,15,0,0,0,0,0,1,0,1,0,0,0,0.0,13,9,4,0.0,0.0,0
,Arnaz Battle,30,PIT,WR,15,0,0,0,0,0,0,0,0,0,0,0,0.0,9,7,2,0.0,0.0,0
145627.0,Tarell Brown,25,SFO,DB,15,0,1,62,1,62,5,0,0,0,0,0,0.0,39,36,3,0.0,0.0,0
,Desmond Bryant,25,OAK,DT,15,0,0,0,0,0,0,0,0,0,0,0,2.5,21,15,6,4.0,4.0,0
,Correll Buckhalter,32,DEN,RB,15,0,0,0,0,0,0,0,1,0,0,0,0.0,0,0,0,,,0
180799.0,Victor Butler,23,DAL,LB,15,0,0,0,0,0,0,1,0,0,0,0,2.0,24,19,5,1.0,3.0,0
184579.0,Barry Church,22,DAL,DB,15,0,0,0,0,0,0,1,0,0,0,0,0.0,20,15,5,0.0,0.0,0
,Morgan Cox,24,BAL,LS,15,0,0,0,0,0,0,0,0,0,0,0,0.0,1,1,0,0.0,0.0,0
120898.0,Tyrone Culver,27,MIA,DB,15,0,0,0,0,0,1,0,0,0,0,0,0.0,25,23,2,1.0,0.0,0
175825.0,Dexter Davis,24,SEA,LB,15,0,0,0,0,0,0,0,0,1,0,0,1.0,13,10,3,2.0,2.0,0
,Leger Douzable,24,JAX,DE,15,0,0,0,0,0,0,0,0,0,0,0,0.0,8,5,3,1.0,0.0,0
,Letroy Guion,23,MIN,DT,15,0,0,0,0,0,0,1,0,0,0,0,2.0,16,12,4,3.0,4.0,0
,Greg Hardy,22,CAR,DE,15,0,0,0,0,0,1,2,0,0,0,0,3.0,30,24,6,6.0,9.0,1
134980.0,Will Herring,27,SEA,LB,15,0,1,0,0,0,2,1,0,0,0,0,1.0,36,30,6,3.0,1.0,0
,Sammie Lee Hill,24,DET,DT,15,0,0,0,0,0,0,0,0,1,0,0,2.5,22,16,6,,,0
174460.0,Pat McAfee,23,IND,P,15,0,0,0,0,0,0,0,0,0,0,0,0.0,2,1,1,0.0,0.0,0
190047.0,Earl Mitchell,23,HOU,DT,15,0,0,0,0,0,0,0,0,0,0,0,1.0,28,18,10,3.0,1.0,0
,Mewelde Moore,28,PIT,RB,15,0,0,0,0,0,0,0,0,1,0,0,0.0,0,0,0,0.0,0.0,0
,Quentin Moses,27,MIA,DE,15,0,0,0,0,0,0,0,0,1,0,0,1.0,18,14,4,3.0,4.0,0
190688.0,Eric Norwood,22,CAR,LB,15,0,0,0,0,0,0,1,0,0,0,0,1.0,13,13,0,0.0,0.0,0
,Ogemdi Nwagbuo,25,SDG,DT,15,0,0,0,0,0,0,0,0,1,0,0,0.5,19,14,5,2.0,1.0,0
,Shann Schillinger,24,ATL,DB,15,0,0,0,0,0,0,0,0,0,0,0,0.0,8,6,2,0.0,0.0,0
153167.0,Matthew Slater,25,NWE,WR,15,0,0,0,0,0,0,0,0,0,0,0,0.0,16,15,1,0.0,0.0,0
,Nick Sorensen,32,CLE,DB,15,0,0,0,0,0,0,0,0,1,0,0,0.0,14,10,4,0.0,0.0,0
,Lawrence Tynes,32,NYG,K,15,0,0,0,0,0,0,0,0,0,0,0,0.0,1,1,0,0.0,0.0,0
162579.0,Lardarius Webb,25,BAL,DB,15,0,2,32,0,32,9,0,2,2,0,0,0.0,54,47,7,1.0,2.0,0
,Dan Williams,23,ARI,NT,15,0,0,0,0,0,2,0,0,0,0,0,0.0,38,27,11,1.0,0.0,0
,Rod Wilson,29,CHI,DB,15,0,0,0,0,0,0,0,0,0,0,0,0.0,10,7,3,0.0,0.0,0
,Coy Wire,32,ATL,DB,15,0,0,0,0,0,0,0,0,1,0,0,0.0,12,8,4,0.0,0.0,0
,Nnamdi Asomugha,29,OAK,RCB,14,14,0,0,0,0,6,0,0,0,0,0,0.0,19,17,2,0.0,2.0,0
,Nate Burleson,29,DET,WR,14,14,0,0,0,0,0,0,2,0,0,0,0.0,0,0,0,0.0,0.0,0
,Chris Chester,27,BAL,RG,14,14,0,0,0,0,0,0,0,1,0,0,0.0,0,0,0,0.0,0.0,0
146183.0,Ray Edwards,25,MIN,LDE,14,14,0,0,0,0,3,0,0,0,0,0,8.0,37,28,9,9.0,18.0,0
,David Garrard,32,JAX,QB,14,14,0,0,0,0,0,0,11,3,-19,0,0.0,0,0,0,0.0,0.0,0
,Matt Hasselbeck,35,SEA,QB,14,14,0,0,0,0,0,0,7,1,0,0,0.0,0,0,0,0.0,0.0,0
174193.0,DeSean Jackson,24,PHI,WR,14,14,0,0,0,0,0,0,4,1,0,0,0.0,0,0,0,0.0,0.0,0
120139.0,Kelly Jennings,28,SEA,RCB,14,14,1,0,0,0,13,0,0,0,0,0,0.0,40,35,5,0.0,0.0,0
145130.0,Maurice Jones-Drew,25,JAX,RB,14,14,0,0,0,0,0,0,2,2,0,0,0.0,0,0,0,0.0,0.0,0
,Brandon Marshall,26,MIA,WR,14,14,0,0,0,0,0,0,2,1,0,0,0.0,0,0,0,0.0,0.0,0
113718.0,Heath Miller,28,PIT,TE,14,14,0,0,0,0,0,0,1,0,0,0,0.0,0,0,0,0.0,0.0,0
135511.0,Daniel Muir,27,IND,RDT,14,14,0,0,0,0,0,0,0,0,0,0,0.0,38,29,9,3.0,2.0,0
,Troy Polamalu,29,PIT,SS,14,14,7,101,1,45,11,1,0,1,0,0,1.0,63,49,14,6.0,2.0,0
,Joey Porter,33,ARI,LOLB,14,14,0,0,0,0,0,2,0,0,0,0,5.0,50,38,12,8.0,13.0,0
155528.0,Paul Posluszny,26,BUF,RILB,14,14,0,0,0,0,4,0,0,0,0,0,2.0,151,103,48,6.0,4.0,0
,Scott Shanle,31,NOR,RLB,14,14,0,0,0,0,2,1,0,1,0,0,0.0,76,55,21,2.0,3.0,0
,Steve Smith Sr.,31,CAR,WR,14,14,0,0,0,0,0,0,3,1,0,0,0.0,0,0,0,0.0,0.0,0
160975.0,John Sullivan,25,MIN,C,14,14,0,0,0,0,0,0,2,0,-14,0,0.0,0,0,0,0.0,0.0,0
,Eric Wood,24,BUF,RG,14,14,0,0,0,0,0,0,0,1,0,0,0.0,0,0,0,,,0
169696.0,Patrick Chung,23,NWE,SS,14,13,3,96,1,51,9,0,0,0,0,0,0.0,96,72,24,4.0,1.0,0
,Karlos Dansby,29,MIA,RILB,14,13,0,0,0,0,4,2,0,0,0,0,3.0,95,78,17,7.0,4.0,0
,Jabari Greer,28,NOR,LCB,14,13,2,50,1,26,12,0,0,1,0,0,0.0,61,54,7,3.0,0.0,0
186580.0,Percy Harvin,22,MIN,WR,14,13,0,0,0,0,0,0,1,0,0,0,0.0,0,0,0,0.0,0.0,0
15825.0,Bo Scaife,29,TEN,TE,14,13,0,0,0,0,0,0,2,1,0,0,0.0,0,0,0,,,0
,Mike Sims-Walker,26,JAX,WR,14,13,0,0,0,0,0,0,1,0,0,0,0.0,0,0,0,0.0,0.0,0
133842.0,Matt Spaeth,27,PIT,TE,14,13,0,0,0,0,0,0,0,0,0,0,0.0,1,1,0,0.0,0.0,0
,Greg Toler,25,ARI,RCB,14,13,2,66,1,66,9,2,0,1,0,0,1.0,90,82,8,2.0,1.0,0
,Madieu Williams,29,MIN,FS,14,13,1,0,0,0,2,1,0,0,0,0,0.5,75,50,25,1.0,1.0,0
,Eugene Wilson,30,HOU,FS,14,13,0,0,0,0,3,0,0,0,0,0,0.0,56,41,15,0.0,0.0,0
145687.0,Chad Johnson,32,CIN,WR,14,12,0,0,0,0,0,0,0,1,6,0,0.0,0,0,0,0.0,0.0,0
,Ma'ake Kemoeatu,31,WAS,NT,14,12,0,0,0,0,0,0,0,0,0,0,0.0,29,19,10,1.0,1.0,0
,Ryan Pickett,31,GNB,LDE,14,12,0,0,0,0,1,0,0,1,0,0,1.0,32,24,8,3.0,0.0,0
183512.0,Asher Allen,22,MIN,RCB,14,11,2,27,0,27,7,0,0,0,0,0,0.0,58,43,15,0.0,0.0,0
176922.0,Courtney Greene,24,JAX,SS,14,11,1,8,0,8,4,1,0,1,0,0,0.0,78,58,20,2.0,0.0,0
123215.0,Charlie Peprah,27,GNB,SS,14,11,2,0,0,0,5,0,0,0,0,0,0.0,63,46,17,3.0,0.0,0
,Danny Clark,33,NOR,LLB,14,10,0,0,0,0,1,1,0,0,0,0,0.0,59,47,12,4.0,2.0,0
,Nick Hayden,24,CAR,LDT,14,10,0,0,0,0,1,0,0,0,0,0,1.0,31,20,11,1.0,4.0,0
,Bernard Berrian,30,MIN,WR,14,9,0,0,0,0,0,0,2,2,0,0,0.0,0,0,0,0.0,0.0,0
165295.0,Tony Fiammetta,24,CAR,FB,14,9,0,0,0,0,0,0,0,0,0,0,0.0,3,2,1,0.0,0.0,0
173454.0,Louis Murphy,23,OAK,WR,14,9,0,0,0,0,0,0,2,1,0,0,0.0,0,0,0,0.0,0.0,0
,Josh Wilson,25,BAL,RCB,14,9,3,12,1,12,14,0,1,1,0,0,0.0,40,37,3,2.0,0.0,0
174559.0,Brody Eldridge,23,IND,TE,14,8,0,0,0,0,0,1,0,0,0,0,0.0,1,1,0,0.0,0.0,0
,Pat Sims,25,CIN,RDT,14,8,0,0,0,0,1,0,0,0,0,0,2.5,31,19,12,4.0,8.0,0
,Delanie Walker,26,SFO,TE,14,8,0,0,0,0,0,0,1,0,0,0,0.0,10,8,2,0.0,0.0,0
137521.0,Fabian Washington,27,BAL,RCB,14,8,0,0,0,0,8,0,0,0,0,0,0.0,31,29,2,1.0,0.0,0
,Maurice Morris,31,DET,RB,14,7,0,0,0,0,0,0,1,1,0,0,0.0,2,1,1,0.0,0.0,0
,Jonathan Stewart,23,CAR,RB,14,7,0,0,0,0,0,0,4,0,0,0,0.0,0,0,0,0.0,0.0,0
,Jeremy Trueblood,27,TAM,RT,14,7,0,0,0,0,0,0,0,1,0,0,0.0,0,0,0,0.0,0.0,0
,Kris Wilson,29,SDG,TE,14,7,0,0,0,0,0,0,1,0,0,0,0.0,7,5,2,0.0,0.0,0
,Spencer Johnson,29,BUF,RDE,14,6,0,0,0,0,3,1,0,1,0,0,2.0,55,41,14,4.0,1.0,0
183694.0,Sam Shields,23,GNB,DB,14,6,2,0,0,0,6,0,0,0,0,0,0.0,29,25,4,1.0,0.0,0
,Junior Siavii,32,SEA,RDT,14,6,0,0,0,0,2,0,0,0,0,0,0.0,30,24,6,2.0,3.0,0
,Brodrick Bunkley,27,PHI,RDT,14,5,0,0,0,0,1,0,0,0,0,0,0.0,20,17,3,4.0,0.0,0
,Sean Considine,28,JAX,FS,14,5,1,-2,0,-2,3,1,0,1,0,0,1.0,52,43,9,1.0,1.0,0
,Jerricho Cotchery,28,NYJ,WR,14,5,0,0,0,0,0,0,0,1,0,0,0.0,0,0,0,0.0,0.0,0
,Jacob Ford,27,TEN,RDE,14,5,0,0,0,0,0,1,0,0,0,0,3.0,42,31,11,8.0,8.0,0
,Nathan Vasher,29,DET,RCB,14,5,1,0,0,0,5,0,0,0,0,0,0.0,19,15,4,2.0,1.0,0
157736.0,David Vobora,24,STL,LLB,14,5,0,0,0,0,0,0,0,0,0,0,2.0,37,29,8,2.0,2.0,0
,Brian Westbrook,31,SFO,RB,14,5,0,0,0,0,0,0,0,1,0,0,0.0,0,0,0,,,0
,James Butler,28,STL,DB,14,4,2,13,0,16,3,1,0,1,49,0,0.0,20,18,2,1.0,0.0,0
,Wayne Hunter,29,NYJ,T,14,4,0,0,0,0,0,0,0,0,0,0,0.0,1,0,1,0.0,0.0,0
170976.0,Richard Quinn,24,DEN,TE,14,4,0,0,0,0,0,0,0,0,0,0,0.0,8,6,2,0.0,0.0,0
175104.0,Earl Bennett,23,CHI,WR,14,3,0,0,0,0,0,0,1,1,0,0,0.0,0,0,0,0.0,0.0,0
149846.0,Michael Bush,26,OAK,RB,14,3,0,0,0,0,0,0,0,1,0,0,0.0,0,0,0,0.0,0.0,0
,Nate Byham,22,SFO,TE,14,3,0,0,0,0,0,0,0,0,0,0,0.0,1,1,0,0.0,0.0,0
190991.0,Dwight Lowery,24,NYJ,DB,14,3,3,87,2,41,7,0,0,2,2,0,2.0,19,16,3,2.0,2.0,0
171812.0,Jamar Chaney,24,PHI,LB,14,2,0,0,0,0,1,1,0,0,0,0,0.0,42,33,9,5.0,0.0,0
134604.0,Omar Gaither,26,PHI,LB,14,2,0,0,0,0,0,0,0,0,0,0,0.0,36,32,4,2.0,0.0,0
,Antonio Johnson,26,IND,DT,14,2,0,0,0,0,0,0,0,1,0,0,0.5,26,20,6,1.0,3.0,0
176392.0,Brandon LaFell,24,CAR,WR,14,2,0,0,0,0,0,0,0,1,0,0,0.0,0,0,0,0.0,0.0,0
,Ricky Brown,27,OAK,LB,14,1,0,0,0,0,1,1,0,2,0,0,0.0,13,8,5,0.0,0.0,0
,Phillip Daniels,37,WAS,DE,14,1,0,0,0,0,0,0,0,0,0,0,2.0,21,15,6,3.0,4.0,0
,Jovan Haye,28,TEN,DT,14,1,0,0,0,0,1,0,0,0,0,0,0.0,31,22,9,1.0,1.0,0
192151.0,C.J. Spiller,23,BUF,RB,14,1,0,0,0,0,0,0,5,0,0,0,0.0,1,1,0,0.0,0.0,0
135237.0,Darryl Tapp,26,PHI,DE,14,1,0,0,0,0,4,0,0,3,0,0,3.0,27,26,1,8.0,8.0,0
,Walter Thurmond,23,SEA,DB,14,1,0,0,0,0,7,0,1,0,0,0,0.0,37,33,4,0.0,1.0,0
,Will Allen,28,PIT,DB,14,0,0,0,0,0,0,0,0,1,0,0,0.0,12,11,1,0.0,0.0,0
,Rocky Bernard,31,NYG,DT,14,0,0,0,0,0,4,0,0,0,0,0,2.0,18,16,2,3.0,2.0,0
,Chase Blackburn,27,NYG,LB,14,0,0,0,0,0,0,0,0,2,0,0,0.0,19,15,4,0.0,0.0,0
136364.0,Kenneth Darby,28,STL,RB,14,0,0,0,0,0,0,0,0,0,0,0,0.0,9,8,1,0.0,0.0,0
176126.0,Eric Decker,23,DEN,WR,14,0,0,0,0,0,0,0,3,0,0,0,0.0,9,8,1,0.0,0.0,0
,Hiram Eugene,30,OAK,DB,14,0,0,0,0,0,0,1,0,3,0,0,0.0,22,21,1,0.0,0.0,0
137551.0,Eric Frampton,26,MIN,DB,14,0,0,0,0,0,0,0,0,0,0,0,0.0,14,10,4,1.0,0.0,0
,Anthony Hargrove,27,NOR,DE,14,0,0,0,0,0,0,2,0,0,0,0,1.0,26,17,9,,,0
,Larry Hart,23,JAX,DE,14,0,0,0,0,0,1,0,0,0,0,0,1.5,9,5,4,2.0,4.0,0
161713.0,Garrett Hartley,24,NOR,K,14,0,0,0,0,0,0,0,0,0,0,0,0.0,1,1,0,0.0,0.0,0
,William Hayes,25,TEN,DE,14,0,0,0,0,0,0,1,0,0,0,0,1.5,32,25,7,3.0,7.0,0
118117.0,Marcus Hudson,28,CAR,DB,14,0,0,0,0,0,2,0,0,0,0,0,0.0,19,17,2,0.0,0.0,0
,James Ihedigbo,27,NYJ,DB,14,0,0,0,0,0,0,0,0,1,0,0,3.0,22,21,1,4.0,5.0,0
,Niko Koutouvides,29,TAM,LB,14,0,0,0,0,0,0,0,0,0,0,0,0.0,12,11,1,0.0,0.0,0
,Travis LaBoy,29,SFO,DE,14,0,0,0,0,0,2,1,0,1,0,0,5.0,28,21,7,6.0,10.0,0
183133.0,Sean Lee,24,DAL,LB,14,0,2,44,1,31,2,1,0,0,0,0,0.0,31,26,5,3.0,0.0,0
148340.0,Roy Lewis,25,SEA,DB,14,0,0,0,0,0,4,1,0,1,0,0,1.0,26,20,6,2.0,1.0,0
,Corey Mays,27,KAN,LB,14,0,0,0,0,0,0,0,0,0,0,0,0.0,6,6,0,0.0,0.0,0
146812.0,Trumaine McBride,25,ARI,DB,14,0,0,0,0,0,1,0,0,0,0,0,0.0,16,13,3,0.0,0.0,0
,Matt McCoy,28,SEA,LB,14,0,0,0,0,0,0,0,0,0,0,0,0.0,19,17,2,0.0,0.0,0
188189.0,Sherrick McManis,23,HOU,DB,14,0,1,1,0,1,1,0,0,0,0,0,0.0,13,9,4,0.0,0.0,0
,Antwaun Molden,25,HOU,DB,14,0,0,0,0,0,0,0,0,0,0,0,0.0,6,5,1,0.0,0.0,0
182303.0,Roddrick Muckelroy,24,CIN,LB,14,0,0,0,0,0,0,2,0,0,0,0,0.0,10,4,6,0.0,0.0,0
173148.0,Jerome Murphy,23,STL,DB,14,0,1,19,0,19,3,1,0,1,0,0,0.0,30,25,5,2.0,0.0,0
,Derreck Robinson,28,CLE,DE,14,0,0,0,0,0,0,0,0,0,0,0,0.5,24,13,11,0.0,2.0,0
,Jordan Senn,26,CAR,LB,14,0,0,0,0,0,0,0,0,0,0,0,0.0,15,10,5,0.0,0.0,0
,Marcus Smith,25,BAL,WR,14,0,0,0,0,0,0,0,0,0,0,0,0.0,4,3,1,0.0,0.0,0
136355.0,Jason Snelling,27,ATL,RB,14,0,0,0,0,0,0,0,2,0,0,0,0.0,3,3,0,0.0,0.0,0
146671.0,Danny Ware,25,NYG,RB,14,0,0,0,0,0,0,0,0,1,0,0,0.0,2,1,1,0.0,0.0,0
,Matt Ware,28,ARI,DB,14,0,0,0,0,0,0,0,1,0,0,0,0.0,6,5,1,3.0,3.0,0
,Jason Worilds,22,PIT,DE,14,0,0,0,0,0,0,0,0,1,0,0,2.0,17,12,5,2.0,4.0,0
134676.0,Nate Allen,23,PHI,FS,13,13,3,27,0,16,8,1,0,0,0,0,2.0,48,42,6,3.0,1.0,0
,Eugene Amano,28,TEN,C,13,13,0,0,0,0,0,0,1,0,-10,0,0.0,0,0,0,0.0,0.0,0
161015.0,Cliff Avril,24,DET,LDE,13,13,0,0,0,0,5,1,0,1,10,0,8.5,33,23,10,8.0,14.0,0
,Lee Evans,29,BUF,WR,13,13,0,0,0,0,0,0,2,1,0,0,0.0,0,0,0,0.0,0.0,0
,Brett Favre,41,MIN,QB,13,13,0,0,0,0,0,0,7,2,-29,0,0.0,0,0,0,0.0,0.0,0
,Ryan Fitzpatrick,28,BUF,QB,13,13,0,0,0,0,0,0,8,3,0,0,0.0,0,0,0,0.0,0.0,0
,Kedric Golston,27,WAS,RDE,13,13,0,0,0,0,1,0,0,0,0,0,0.0,35,20,15,0.0,2.0,0
,Clark Haggans,33,ARI,ROLB,13,13,0,0,0,0,2,1,0,0,0,0,5.0,47,38,9,6.0,7.0,0
,Todd Heap,30,BAL,TE,13,13,0,0,0,0,0,0,1,0,0,0,0.0,0,0,0,,,0
,Andre Johnson,29,HOU,WR,13,13,0,0,0,0,0,0,1,1,0,0,0.0,0,0,0,0.0,0.0,0
,Winston Justice,26,PHI,RT,13,13,0,0,0,0,0,0,0,2,0,0,0.0,0,0,0,0.0,0.0,0
188946.0,Gerald McCoy,22,TAM,LDT,13,13,0,0,0,0,5,2,0,0,0,0,3.0,28,22,6,7.0,12.0,0
170928.0,Darren McFadden,23,OAK,RB,13,13,0,0,0,0,0,0,4,0,-7,0,0.0,0,0,0,0.0,0.0,0
,Donovan McNabb,34,WAS,QB,13,13,0,0,0,0,0,0,10,8,-27,0,0.0,0,0,0,0.0,0.0,0
189614.0,Knowshon Moreno,23,DEN,RB,13,13,0,0,0,0,0,0,3,0,0,0,0.0,0,0,0,0.0,0.0,0
119358.0,Kyle Orton,28,DEN,QB,13,13,0,0,0,0,0,0,4,0,-1,0,0.0,0,0,0,0.0,0.0,0
163210.0,Darrelle Revis,25,NYJ,LCB,13,13,0,0,0,0,10,0,0,2,10,0,0.0,32,26,6,0.0,0.0,0
,Richard Seymour,31,OAK,LDT,13,13,0,0,0,0,2,0,0,1,13,0,5.5,48,36,12,10.0,13.0,0
,Chris Williams,25,CHI,LG,13,13,0,0,0,0,0,0,0,1,0,0,0.0,0,0,0,0.0,0.0,0
,Mario Williams,25,HOU,RDE,13,13,0,0,0,0,2,1,0,0,0,0,8.5,28,22,6,9.0,19.0,0
,Damien Woody,33,NYJ,RT,13,13,0,0,0,0,0,0,0,1,0,0,0.0,0,0,0,0.0,0.0,0
,Stacy Andrews,29,SEA,RG,13,12,0,0,0,0,0,0,0,1,0,0,0.0,0,0,0,0.0,0.0,0
103392.0,Jason Campbell,28,OAK,QB,13,12,0,0,0,0,0,0,9,5,-15,0,0.0,0,0,0,0.0,0.0,0
183652.0,Hakeem Nicks,22,NYG,WR,13,12,0,0,0,0,0,0,1,0,0,0,0.0,0,0,0,0.0,0.0,0
133761.0,Steve Breaston,27,ARI,WR,13,11,0,0,0,0,0,1,0,2,0,1,0.0,0,0,0,0.0,0.0,0
162238.0,Derek Cox,24,JAX,LCB,13,11,4,14,0,14,8,0,0,0,0,0,0.0,49,41,8,1.0,0.0,0
231813.0,Jimmy Clausen,23,CAR,QB,13,10,0,0,0,0,0,0,9,3,-28,0,0.0,0,0,0,0.0,0.0,0
,Juqua Parker,32,PHI,LDE,13,10,0,0,0,0,2,1,0,1,0,0,6.0,22,19,3,8.0,8.0,0
145177.0,Eric Wright,25,CLE,LCB,13,10,1,0,0,0,9,0,0,1,11,0,0.0,42,36,6,2.0,4.0,0
116074.0,Billy Bajema,28,STL,TE,13,8,0,0,0,0,0,0,1,1,0,0,0.0,0,0,0,0.0,0.0,0
,Kevin Bentley,31,HOU,MLB,13,8,1,18,0,18,1,0,0,1,8,0,0.0,55,35,20,3.0,2.0,0
,Keith Bulluck,33,NYG,LLB,13,8,2,7,0,6,2,0,0,1,10,0,0.0,31,21,10,0.0,0.0,0
146243.0,Jo-Lonn Dunbar,25,NOR,LLB,13,8,0,0,0,0,2,0,0,1,0,0,1.0,40,32,8,5.0,1.0,0
,David Thomas,27,NOR,TE,13,8,0,0,0,0,0,0,0,1,0,0,0.0,0,0,0,0.0,0.0,0
170596.0,Frank Zombo,23,GNB,ROLB,13,8,0,0,0,0,0,2,0,0,0,0,4.0,38,28,10,5.0,6.0,0
378483.0,LeGarrette Blount,24,TAM,RB,13,7,0,0,0,0,0,0,4,0,0,0,0.0,0,0,0,0.0,0.0,0
,Nick Cole,26,PHI,RG,13,7,0,0,0,0,0,0,0,0,0,0,0.0,1,1,0,,,0
191442.0,Brandon Graham,22,PHI,LDE,13,6,0,0,0,0,0,2,0,0,0,0,3.0,13,12,1,3.0,8.0,0
,Eric Smith,27,NYJ,FS,13,6,0,0,0,0,2,0,0,0,0,0,1.0,54,44,10,1.0,2.0,0
,Ron Brace,24,NWE,RDE,13,5,0,0,0,0,0,0,0,0,0,0,0.0,23,15,8,3.0,0.0,0
176335.0,Blair White,23,IND,WR,13,4,0,0,0,0,0,0,1,0,0,0,0.0,2,2,0,0.0,0.0,0
,Zackary Bowman,26,CHI,DB,13,3,0,0,0,0,0,1,0,1,0,0,0.0,32,28,4,1.0,1.0,0
188693.0,Andrew Quarless,22,GNB,TE,13,3,0,0,0,0,0,0,1,0,0,0,0.0,1,1,0,0.0,0.0,0
,Everette Brown,23,CAR,DE,13,2,1,0,0,0,1,1,0,0,0,0,3.5,25,20,5,3.0,7.0,0
186575.0,Riley Cooper,23,PHI,WR,13,2,0,0,0,0,0,0,0,0,0,0,0.0,3,3,0,0.0,0.0,0
,Tyjuan Hagler,29,IND,LB,13,2,1,35,0,35,3,0,0,1,0,0,1.0,59,48,11,1.0,1.0,0
189611.0,Reshad Jones,22,MIA,DB,13,2,1,0,0,0,2,0,0,1,0,0,1.0,21,18,3,2.0,1.0,0
,Lito Sheppard,29,MIN,DB,13,2,0,0,0,0,4,0,0,0,0,0,0.0,18,15,3,0.0,0.0,0
198109.0,LaRod Stephens-Howling,23,ARI,RB,13,2,0,0,0,0,0,0,0,1,0,0,0.0,4,4,0,0.0,0.0,0
,Beanie Wells,22,ARI,RB,13,2,0,0,0,0,0,0,1,1,0,0,0.0,0,0,0,,,0
,Nolan Carroll,23,MIA,DB,13,1,1,1,0,1,2,0,0,0,0,0,0.0,3,3,0,0.0,0.0,0
,Terrence Cody,22,BAL,DT,13,1,0,0,0,0,0,0,0,0,0,0,0.0,13,5,8,0.0,0.0,0
,Jason Hatcher,28,DAL,DE,13,1,0,0,0,0,0,0,0,1,0,0,1.0,13,9,4,2.0,2.0,0
,Johnnie Lee Higgins,27,OAK,WR,13,1,0,0,0,0,0,0,0,1,0,0,0.0,1,1,0,,,0
177359.0,Emmanuel Sanders,23,PIT,WR,13,1,0,0,0,0,0,1,2,0,0,0,0.0,10,6,4,0.0,0.0,0
,Clint Sintim,24,NYG,LB,13,1,0,0,0,0,0,0,0,0,0,0,0.0,13,7,6,0.0,1.0,0
,Brandon Banks,23,WAS,WR,13,0,0,0,0,0,0,0,2,2,0,0,0.0,0,0,0,,,0
,Titus Brown,24,CLE,DE,13,0,0,0,0,0,0,0,0,0,0,0,0.0,17,12,5,0.0,0.0,0
,Chase Daniel,24,NOR,QB,13,0,0,0,0,0,0,0,1,0,-11,0,0.0,1,0,1,,,0
,Dane Fletcher,24,NWE,DE,13,0,1,0,0,0,2,1,0,1,0,0,2.0,23,17,6,1.0,5.0,0
156844.0,Ted Ginn Jr.,25,SFO,WR,13,0,0,0,0,0,0,0,1,1,0,0,0.0,0,0,0,0.0,0.0,0
381398.0,David Reed,23,BAL,WR,13,0,0,0,0,0,0,1,0,0,0,0,0.0,11,10,1,0.0,0.0,0
118186.0,Courtney Roby,27,NOR,WR,13,0,0,0,0,0,0,0,1,2,0,0,0.0,10,10,0,0.0,0.0,0
,Nick Schommer,24,TEN,DB,13,0,0,0,0,0,0,0,0,0,0,0,0.0,3,3,0,0.0,0.0,1
190698.0,Darian Stewart,22,STL,DB,13,0,0,0,0,0,2,0,0,1,0,0,1.0,17,16,1,4.0,5.0,0
,Quinton Teal,26,SDG,DB,13,0,0,0,0,0,0,0,0,0,0,0,0.0,12,11,1,0.0,0.0,0
174208.0,Syd'Quan Thompson,23,DEN,DB,13,0,2,20,0,18,4,0,3,1,0,0,0.0,18,12,6,0.0,0.0,0
,Dave Tollefson,28,NYG,DE,13,0,0,0,0,0,3,2,0,0,0,0,0.5,20,12,8,1.0,4.0,0
103800.0,Leigh Torrence,28,NOR,DB,13,0,1,21,0,21,2,0,0,0,0,0,1.0,28,27,1,2.0,2.0,0
191222.0,Cassius Vaughn,23,DEN,DB,13,0,0,0,0,0,0,0,0,2,0,0,0.0,8,7,1,0.0,0.0,0
,Cary Williams,26,BAL,DB,13,0,0,0,0,0,0,0,0,0,0,0,0.0,6,5,1,0.0,0.0,0
146161.0,Ashton Youboty,26,BUF,DB,13,0,0,0,0,0,0,0,0,0,0,0,0.0,3,1,2,0.0,0.0,0
,Gary Brackett,30,IND,MLB,12,12,0,0,0,0,3,0,0,0,0,0,0.5,74,53,21,6.0,3.0,0
145495.0,Stewart Bradley,27,PHI,MLB,12,12,1,0,0,0,6,0,0,0,0,0,1.0,60,49,11,5.0,2.0,0
174146.0,Brian Cushing,23,HOU,LLB,12,12,0,0,0,0,4,1,0,0,0,0,1.5,76,53,23,8.0,11.0,0
,David Diehl,30,NYG,LT,12,12,0,0,0,0,0,0,0,1,0,0,0.0,0,0,0,0.0,0.0,0
,Na'il Diggs,32,STL,LLB,12,12,0,0,0,0,2,1,0,1,3,0,0.0,36,28,8,5.0,1.0,0
123386.0,Aaron Francisco,27,IND,SS,12,12,2,10,0,11,3,0,0,0,0,0,0.0,59,45,14,3.0,0.0,0
156537.0,Johnathan Joseph,26,CIN,LCB,12,12,3,38,1,21,8,0,0,0,0,0,0.0,42,37,5,2.0,0.0,0
,Brandon Mebane,25,SEA,LDT,12,12,0,0,0,0,2,0,0,0,0,0,1.0,31,19,12,7.0,1.0,0
160614.0,Tracy Porter,24,NOR,RCB,12,12,1,5,0,5,6,0,0,2,2,0,0.0,60,45,15,5.0,0.0,0
,Ben Roethlisberger,28,PIT,QB,12,12,0,0,0,0,0,0,7,1,-12,0,0.0,0,0,0,0.0,0.0,0
120794.0,Carlos Rogers,29,WAS,RCB,12,12,2,43,0,38,12,1,0,0,0,0,0.0,54,43,11,0.0,0.0,0
,Michael Vick,30,PHI,QB,12,12,0,0,0,0,0,0,11,4,-4,0,0.0,0,0,0,0.0,0.0,0
,Stephen Cooper,31,SDG,LILB,12,11,1,2,0,2,6,2,0,0,0,0,1.0,43,37,6,0.0,1.0,0
173997.0,Brian Hartline,24,MIA,WR,12,11,0,0,0,0,0,0,1,1,0,0,0.0,0,0,0,0.0,0.0,0
146814.0,Kareem Moore,26,WAS,FS,12,11,1,5,0,5,5,0,0,2,13,0,0.0,64,40,24,0.0,0.0,0
,Calvin Pace,30,NYJ,ROLB,12,11,1,1,0,1,3,1,0,0,0,0,5.5,51,42,9,5.0,9.0,0
133634.0,Santonio Holmes,26,NYJ,WR,12,10,0,0,0,0,0,0,2,0,0,0,0.0,0,0,0,0.0,0.0,0
191214.0,Kendrick Lewis,22,KAN,FS,12,10,3,46,0,23,7,2,0,0,0,0,0.0,29,21,8,0.0,1.0,0
161181.0,Alphonso Smith,25,DET,RCB,12,10,5,48,1,42,8,1,1,1,9,0,0.0,39,30,9,2.0,1.0,0
,Pisa Tinoisamoa,29,CHI,RLB/MLB,12,10,0,0,0,0,1,1,0,0,0,0,1.0,40,33,7,5.0,2.0,0
,Derek Anderson,27,ARI,QB,12,9,0,0,0,0,0,0,6,1,0,0,0.0,0,0,0,0.0,0.0,0
176660.0,Kavell Conner,23,IND,RLB,12,9,0,0,0,0,0,1,0,1,5,0,0.0,57,36,21,2.0,0.0,0
241397.0,Ryan Mathews,23,SDG,RB,12,9,0,0,0,0,0,0,5,1,0,0,0.0,0,0,0,,,0
,Landon Johnson,29,DET,LLB,12,8,0,0,0,0,0,2,0,1,0,0,0.0,48,40,8,1.0,0.0,0
,Jacob Lacey,23,IND,RCB,12,8,1,44,0,44,2,0,0,0,0,0,0.0,64,51,13,3.0,0.0,0
186591.0,Brandon Spikes,23,NWE,RILB,12,8,1,5,0,5,3,0,0,0,0,0,0.0,61,38,23,1.0,0.0,0
191160.0,Kenny Britt,22,TEN,WR,12,7,0,0,0,0,0,0,1,0,0,0,0.0,0,0,0,0.0,0.0,0
,Earnest Graham,30,TAM,RB,12,7,0,0,0,0,0,0,1,1,0,0,0.0,1,1,0,0.0,0.0,0
162567.0,Gerald McRath,24,TEN,LLB,12,7,0,0,0,0,2,0,0,0,0,0,1.5,58,44,14,4.0,3.0,0
134782.0,Korey Hall,27,GNB,FB,12,6,0,0,0,0,0,0,0,1,0,0,0.0,12,10,2,0.0,0.0,0
,Edward Johnson,27,CAR,LDT,12,6,1,5,0,5,2,0,0,0,0,0,0.0,22,15,7,2.0,3.0,0
176929.0,Jason McCourty,23,TEN,LCB,12,6,2,11,0,11,10,0,0,0,0,0,0.0,47,37,10,1.0,0.0,0
,Nedu Ndukwe,25,CIN,FS,12,6,1,0,0,0,3,0,0,1,0,0,0.5,60,41,19,1.0,5.0,0
176958.0,Darryl Sharpton,22,HOU,RLB,12,6,0,0,0,0,0,0,0,0,0,0,1.0,34,23,11,3.0,1.0,0
183333.0,Justin Tryon,26,IND,LCB,12,6,0,0,0,0,7,0,0,1,0,0,0.0,44,34,10,1.0,0.0,0
,Stephon Heyer,26,WAS,LT,12,5,0,0,0,0,0,0,0,1,0,0,0.0,0,0,0,0.0,0.0,0
,Joe Mays,25,DEN,RILB,12,5,0,0,0,0,1,0,0,0,0,0,0.0,40,35,5,3.0,2.0,0
,Jon McGraw,31,KAN,FS,12,5,2,4,0,4,6,0,0,0,0,0,0.0,39,30,9,1.0,1.0,0
,Brandon Siler,25,SDG,LILB,12,5,1,0,0,0,2,0,0,0,0,0,1.0,44,34,10,6.0,3.0,1
145821.0,Dan Gronkowski,25,DEN,TE,12,4,0,0,0,0,0,0,0,0,0,0,0.0,4,4,0,0.0,0.0,0
,Chris Ivory,22,NOR,RB,12,4,0,0,0,0,0,0,4,0,0,0,0.0,0,0,0,0.0,0.0,0
145102.0,Evan Moore,25,CLE,WR,12,4,0,0,0,0,0,0,1,0,0,0,0.0,0,0,0,0.0,0.0,0
156162.0,Sammie Stroughter,24,TAM,WR,12,4,0,0,0,0,0,0,1,0,0,0,0.0,3,2,1,0.0,0.0,0
116152.0,Vincent Fuller,28,TEN,DB,12,3,1,0,0,0,2,0,0,0,0,0,0.0,33,29,4,1.0,1.0,0
161147.0,Tyson Jackson,24,KAN,DE,12,3,0,0,0,0,0,0,0,0,0,0,1.0,31,19,12,1.0,1.0,0
175396.0,Sen'Derrick Marks,23,TEN,DT,12,3,1,-6,0,-6,3,1,0,0,0,0,0.0,22,14,8,2.0,6.0,0
169926.0,Brice McCain,24,HOU,DB,12,3,0,0,0,0,2,0,0,0,0,0,0.0,25,20,5,0.0,0.0,0
235655.0,Dez Bryant,22,DAL,WR,12,2,0,0,0,0,0,1,1,1,0,0,0.0,0,0,0,0.0,0.0,0
160490.0,Jamarca Sanford,25,MIN,DB,12,2,0,0,0,0,0,0,0,1,0,0,1.0,22,17,5,1.0,1.0,0
174016.0,Donald Washington,24,KAN,DB,12,2,0,0,0,0,0,0,0,0,0,0,0.0,22,15,7,1.0,1.0,0
,David Anderson,27,HOU,WR,12,1,0,0,0,0,0,1,0,0,0,0,0.0,4,4,0,0.0,0.0,0
133895.0,Marquice Cole,27,NYJ,DB,12,1,2,49,1,35,5,0,1,1,0,0,0.0,23,21,2,1.0,1.0,0
,Erik Coleman,28,ATL,DB,12,1,0,0,0,0,0,0,0,0,0,0,0.0,20,15,5,3.0,2.0,0
144988.0,Dante Hughes,25,SDG,DB,12,1,0,0,0,0,0,1,0,0,0,0,0.0,26,23,3,1.0,1.0,0
134738.0,Maurice Stovall,25,TAM,WR,12,1,0,0,0,0,0,0,0,0,0,0,0.0,7,6,1,0.0,0.0,0
,Craig Terrill,30,SEA,DT,12,1,0,0,0,0,1,0,0,0,0,0,0.0,10,4,6,0.0,0.0,0
174924.0,Jorrick Calvin,23,PHI,DB,12,0,0,0,0,0,0,0,2,1,0,0,0.0,1,1,0,0.0,0.0,0
235162.0,Carlos Dunlap,21,CIN,DE,12,0,0,0,0,0,3,0,0,1,0,0,9.5,24,19,5,9.0,16.0,0
145854.0,Jesse Holley,26,DAL,WR,12,0,0,0,0,0,0,1,0,0,0,0,0.0,11,8,3,0.0,0.0,0
136787.0,Thomas Howard,27,OAK,LB,12,0,0,0,0,0,1,1,0,0,0,0,0.0,10,7,3,0.0,0.0,0
183258.0,Jerry Hughes,22,IND,DE,12,0,0,0,0,0,0,0,0,0,0,0,0.0,6,6,0,1.0,1.0,0
,Brian Jackson,23,NYG,DB,12,0,0,0,0,0,0,0,0,0,0,0,0.0,9,7,2,0.0,0.0,0
170629.0,T.J. Lang,23,GNB,G,12,0,0,0,0,0,0,0,0,0,0,0,0.0,1,0,1,0.0,0.0,0
184530.0,Elbert Mack,24,TAM,WR,12,0,0,0,0,0,0,0,1,0,0,0,0.0,16,14,2,0.0,0.0,0
183321.0,Dimitri Nance,22,GNB,RB,12,0,0,0,0,0,0,0,0,0,0,0,0.0,3,3,0,0.0,0.0,0
170692.0,Mike Newton,23,IND,DB,12,0,0,0,0,0,0,0,0,1,0,0,0.0,6,4,2,0.0,0.0,0
,Matt Prater,26,DEN,K,12,0,0,0,0,0,0,0,0,1,0,0,0.0,1,1,0,0.0,0.0,0
134774.0,Daniel Sepulveda,26,PIT,P,12,0,0,0,0,0,0,0,0,0,0,0,0.0,1,1,0,0.0,0.0,0
174011.0,Austin Spitler,24,MIA,LB,12,0,0,0,0,0,0,0,0,0,0,0,0.0,4,4,0,0.0,0.0,0
156879.0,Brandon Underwood,24,GNB,DB,12,0,0,0,0,0,0,0,0,0,0,0,0.0,10,7,3,0.0,0.0,0
174118.0,Roberto Wallace,24,MIA,WR,12,0,0,0,0,0,0,0,0,0,0,0,0.0,8,8,0,0.0,0.0,0
135962.0,Gerris Wilkinson,27,NYG,LB,12,0,0,0,0,0,0,0,0,0,0,0,0.0,8,5,3,0.0,0.0,0
,Dave Ball,29,TEN,RDE,11,11,0,0,0,0,3,0,0,1,5,0,7.0,30,20,10,6.0,13.0,0
,Tony Brown,30,TEN,RDT,11,11,0,0,0,0,1,0,0,0,0,0,3.5,22,14,8,4.0,6.0,0
,Colin Cole,30,SEA,RDT,11,11,0,0,0,0,5,0,0,0,0,0,1.0,44,36,8,3.0,1.0,0
134509.0,Channing Crowder,27,MIA,LILB,11,11,0,0,0,0,2,0,0,0,0,0,0.0,39,33,6,2.0,0.0,0
,Brian Dawkins,37,DEN,SS,11,11,1,-2,0,-2,5,2,0,0,0,0,2.0,66,55,11,3.0,3.0,0
,Dwan Edwards,29,BUF,RDE,11,11,1,8,0,8,2,1,0,0,0,0,1.0,57,31,26,2.0,5.0,0
120142.0,Frank Gore,27,SFO,RB,11,11,0,0,0,0,0,0,4,1,0,0,0.0,0,0,0,0.0,0.0,0
145947.0,Kelvin Hayden,27,IND,LCB,11,11,2,56,2,31,8,1,0,0,0,0,0.0,61,43,18,3.0,0.0,0
,Steve Hutchinson,33,MIN,LG,11,11,0,0,0,0,0,0,0,1,0,0,0.0,0,0,0,0.0,0.0,0
,Brett Keisel,32,PIT,RDE,11,11,1,79,1,79,7,2,0,0,0,0,3.0,33,17,16,1.0,4.0,0
116908.0,Jim Leonhard,28,NYJ,SS,11,11,1,2,0,2,4,1,0,1,-1,0,0.0,60,56,4,1.0,1.0,0
177744.0,DeAndre Levy,23,DET,MLB,11,11,2,41,1,30,4,0,0,2,0,0,0.0,72,50,22,1.0,3.0,0
156308.0,Aqib Talib,24,TAM,LCB,11,11,6,91,1,45,11,0,0,0,0,0,0.0,40,39,1,1.0,0.0,0
,Kyle Vanden Bosch,32,DET,RDE,11,11,0,0,0,0,1,2,0,0,0,0,4.0,49,34,15,10.0,12.0,0
161064.0,Robert Ayers,25,DEN,ROLB,11,10,0,0,0,0,1,1,0,0,0,0,1.5,39,32,7,6.0,11.0,0
168428.0,Quincy Black,26,TAM,LLB,11,10,1,4,0,4,4,1,0,1,1,0,2.0,61,53,8,5.0,3.0,0
,Chris Gamble,27,CAR,LCB,11,10,0,0,0,0,8,0,0,0,0,0,0.0,35,32,3,2.0,0.0,0
,Ryan Harris,25,DEN,RT,11,10,0,0,0,0,0,0,0,1,0,0,0.0,0,0,0,0.0,0.0,0
,Shaun Hill,30,DET,QB,11,10,0,0,0,0,0,0,3,1,-2,0,0.0,8,5,3,0.0,0.0,0
,Asante Samuel,29,PHI,LCB,11,10,7,70,0,33,14,0,1,1,1,0,0.0,26,22,4,0.0,0.0,0
,Alex Smith,26,SFO,QB,11,10,0,0,0,0,0,0,4,0,0,0,0.0,0,0,0,,,0
,John St. Clair,33,CLE,RT,11,10,0,0,0,0,0,0,0,1,0,0,0.0,0,0,0,0.0,0.0,0
,Malcom Floyd,29,SDG,WR,11,9,0,0,0,0,0,0,1,0,0,0,0.0,0,0,0,0.0,0.0,0
178767.0,Cody Grimm,23,TAM,FS,11,9,2,24,1,13,2,1,0,0,0,0,0.0,57,43,14,0.0,0.0,0
,Austen Lane,23,JAX,RDE,11,9,0,0,0,0,0,0,0,0,0,0,0.0,20,17,3,2.0,2.0,0
,Cullen Jenkins,29,GNB,RDE,11,8,0,0,0,0,1,0,0,0,0,0,7.0,18,13,5,6.0,12.0,0
191216.0,Dexter McCluster,21,KAN,WR,11,7,0,0,0,0,0,0,2,1,0,0,0.0,0,0,0,0.0,0.0,0
158560.0,Chris Chamberlain,25,STL,RLB,11,6,0,0,0,0,2,1,0,0,0,0,0.0,34,30,4,2.0,0.0,0
136743.0,Spencer Larsen,26,DEN,FB,11,5,0,0,0,0,0,0,0,0,0,0,0.0,1,0,1,0.0,0.0,0
191607.0,Sean Weatherspoon,23,ATL,LLB,11,5,0,0,0,0,1,0,0,0,0,0,1.0,42,34,8,1.0,2.0,0
161143.0,Quinn Johnson,24,GNB,RB,11,4,0,0,0,0,0,0,0,0,0,0,0.0,3,3,0,0.0,0.0,0
,Brandon McKinney,27,BAL,DT,11,4,0,0,0,0,0,0,0,0,0,0,0.0,10,4,6,0.0,0.0,0
,Michael Robinson,27,SEA,FB,11,4,0,0,0,0,0,0,0,0,0,0,0.0,4,4,0,0.0,0.0,0
183771.0,Patrick Robinson,23,NOR,DB,11,4,0,0,0,0,2,0,0,0,0,0,0.0,28,26,2,1.0,2.0,0
146413.0,Xavier Adibi,26,HOU,LB,11,3,0,0,0,0,0,1,0,0,0,0,0.0,22,16,6,2.0,0.0,0
161328.0,Wesley Woodyard,24,DEN,LB,11,3,0,0,0,0,0,0,0,0,0,0,1.0,38,34,4,2.0,1.0,0
147160.0,Usama Young,25,NOR,DB,11,3,0,0,0,0,3,0,0,0,0,0,1.0,23,21,2,2.0,1.0,0
169405.0,Mardy Gilyard,24,STL,WR,11,2,0,0,0,0,0,1,1,0,0,0,0.0,2,2,0,0.0,0.0,0
381767.0,Verran Tucker,22,KAN,WR,11,2,0,0,0,0,0,0,0,1,0,0,0.0,14,12,2,0.0,0.0,0
,Frank Walker,30,MIN,DB,11,2,1,10,0,10,6,0,0,1,0,0,0.0,22,13,9,0.0,0.0,0
160063.0,Dannell Ellerbe,25,BAL,LB,11,1,0,0,0,0,1,0,0,0,0,0,1.0,31,25,6,1.0,1.0,0
146386.0,Pat Lee,26,GNB,DB,11,1,0,0,0,0,0,0,0,0,0,0,0.0,10,8,2,0.0,0.0,0
161305.0,Trevard Lindley,24,PHI,DB,11,1,1,8,0,8,1,0,0,1,0,0,0.0,23,22,1,1.0,0.0,0
,Aaron Maybin,22,BUF,DE,11,1,0,0,0,0,0,0,0,0,0,0,0.0,7,5,2,0.0,1.0,0
,Ikaika Alama-Francis,26,MIA,DE,11,0,0,0,0,0,0,0,0,0,0,0,0.0,12,9,3,0.0,1.0,0
,Sergio Brown,22,NWE,DB,11,0,0,0,0,0,0,0,0,1,0,0,0.0,11,9,2,0.0,0.0,0
,Jon Corto,26,BUF,DB,11,0,0,0,0,0,0,0,0,0,0,0,0.0,5,3,2,0.0,0.0,0
146276.0,Kennard Cox,25,SEA,DB,11,0,0,0,0,0,2,0,0,1,0,0,0.0,10,6,4,0.0,0.0,0
,Everson Griffen,23,MIN,DE,11,0,0,0,0,0,0,0,0,0,0,0,0.0,11,11,0,0.0,1.0,0
,Lawrence Jackson,25,DET,DE,11,0,0,0,0,0,1,1,0,1,0,0,6.0,34,21,13,6.0,10.0,0
241179.0,Deji Karim,24,JAX,RB,11,0,0,0,0,0,0,0,4,1,0,0,0.0,1,1,0,0.0,0.0,0
156982.0,Paul Kruger,24,BAL,DE,11,0,0,0,0,0,2,0,0,0,0,0,1.0,1,1,0,1.0,1.0,0
135382.0,Brian Leonard,26,CIN,RB,11,0,0,0,0,0,0,0,0,0,0,0,0.0,5,4,1,0.0,0.0,0
146665.0,Kregg Lumpkin,26,TAM,RB,11,0,0,0,0,0,0,0,0,0,0,0,0.0,2,2,0,0.0,0.0,0
156974.0,Dennis Pitta,25,BAL,TE,11,0,0,0,0,0,0,0,0,1,0,0,0.0,1,1,0,0.0,0.0,0
237421.0,Golden Tate,22,SEA,WR,11,0,0,0,0,0,0,0,1,1,0,0,0.0,0,0,0,0.0,0.0,0
,Reggie Walker,24,ARI,LB,11,0,0,0,0,0,0,0,0,0,0,0,0.0,14,14,0,3.0,0.0,0
,Leon Williams,27,DAL,LB,11,0,0,0,0,0,0,0,0,1,0,0,0.0,8,7,1,0.0,1.0,0
,Mike Windt,24,SDG,LS,11,0,0,0,0,0,0,0,0,0,0,0,0.0,2,2,0,0.0,0.0,0
235228.0,Major Wright,22,CHI,DB,11,0,0,0,0,0,0,0,0,0,0,0,0.0,24,20,4,0.0,0.0,0
145272.0,Dominique Zeigler,26,SFO,WR,11,0,0,0,0,0,0,0,0,0,0,0,0.0,3,3,0,0.0,0.0,0
175402.0,Jerraud Powers,23,IND,RCB,10,10,2,11,0,11,9,0,0,0,0,0,0.0,53,42,11,5.0,0.0,0
,Ed Reed,32,BAL,FS,10,10,8,183,0,44,16,1,2,1,0,0,0.0,37,30,7,0.0,0.0,0
,Trevor Scott,26,OAK,RDE,10,10,0,0,0,0,1,0,0,0,0,0,1.5,23,14,9,1.0,6.0,0
,Justin Durant,25,JAX,RLB,10,9,0,0,0,0,2,0,0,1,0,0,0.0,55,47,8,5.0,0.0,0
,Jon Kitna,38,DAL,QB,10,9,0,0,0,0,0,0,7,5,-6,0,0.0,0,0,0,0.0,0.0,0
134779.0,Legedu Naanee,27,SDG,WR,10,9,0,0,0,0,0,0,1,0,0,0,0.0,1,1,0,0.0,0.0,0
183332.0,Ryan Torain,24,WAS,RB,10,8,0,0,0,0,0,0,2,0,0,0,0.0,0,0,0,0.0,0.0,0
,Kerry Collins,38,TEN,QB,10,7,0,0,0,0,0,0,5,1,-8,0,0.0,0,0,0,0.0,0.0,0
,Reggie Torbor,29,BUF,ROLB,10,7,0,0,0,0,4,0,0,0,0,0,0.0,41,23,18,1.0,0.0,0
,Mike Wright,28,NWE,RDE,10,5,0,0,0,0,1,0,0,0,0,0,5.5,14,11,3,6.0,9.0,0
146649.0,Tim Castille,26,KAN,RB,10,4,0,0,0,0,0,0,0,0,0,0,0.0,3,3,0,0.0,0.0,0
,Brandon Deaderick,23,NWE,DT,10,4,0,0,0,0,0,0,0,0,0,0,2.0,10,9,1,1.0,1.0,0
,Daniel Loper,28,OAK,T,10,4,0,0,0,0,0,0,0,2,3,0,0.0,0,0,0,0.0,0.0,0
,Will Davis,24,ARI,DE,10,3,0,0,0,0,0,0,0,0,0,0,1.0,14,11,3,2.0,1.0,0
134635.0,Kevin Dockery,26,STL,DB,10,3,1,8,0,8,4,0,0,0,0,0,0.0,22,17,5,1.0,0.0,0
160989.0,Kevin Barnes,24,WAS,DB,10,2,1,8,0,8,5,0,0,0,0,0,0.0,17,15,2,0.0,0.0,0
,Julius Jones,29,NOR,RB,10,2,0,0,0,0,0,0,1,0,0,0,0.0,0,0,0,,,0
189361.0,Demaryius Thomas,23,DEN,WR,10,2,0,0,0,0,0,0,3,1,0,0,0.0,3,2,1,0.0,0.0,0
160899.0,Tim Jamison,24,HOU,DE,10,1,0,0,0,0,0,0,0,0,0,0,1.0,15,12,3,2.0,2.0,0
188467.0,Myron Lewis,23,TAM,DB,10,1,0,0,0,0,3,0,0,0,0,0,0.0,9,9,0,0.0,0.0,0
137201.0,Jarrad Page,26,NWE,DB,10,1,2,0,0,0,2,0,0,0,0,0,0.0,12,7,5,0.0,0.0,0
170074.0,Seyi Ajirotutu,23,SDG,WR,10,0,0,0,0,0,0,0,0,0,0,0,0.0,2,1,1,0.0,0.0,0
188436.0,Jonathon Amaya,22,MIA,DB,10,0,0,0,0,0,0,0,1,1,0,0,0.0,15,13,2,0.0,0.0,0
,Brendon Ayanbadejo,34,BAL,LB,10,0,0,0,0,0,0,1,0,0,0,0,0.0,3,2,1,0.0,0.0,0
145814.0,Lance Ball,25,DEN,RB,10,0,0,0,0,0,0,1,1,1,0,0,0.0,1,1,0,0.0,0.0,0
191588.0,Cornelius Brown,22,IND,DB,10,0,0,0,0,0,3,0,0,0,0,0,0.0,24,19,5,0.0,0.0,0
,Vinny Ciurciu,30,DET,LB,10,0,0,0,0,0,0,0,0,1,0,0,0.0,10,6,4,0.0,0.0,0
,Blake Costanzo,26,CLE,LB,10,0,0,0,0,0,0,0,0,1,0,0,0.0,8,6,2,0.0,0.0,0
,Jermelle Cudjo,24,STL,DT,10,0,0,0,0,0,2,0,0,0,0,0,0.5,13,9,4,0.0,3.0,0
175279.0,Cody Glenn,24,IND,LB,10,0,0,0,0,0,0,0,0,0,0,0,0.0,15,12,3,0.0,0.0,0
146495.0,Tavares Gooden,26,BAL,LB,10,0,0,0,0,0,0,0,0,0,0,0,0.0,18,13,5,1.0,1.0,0
183687.0,Javarris James,23,IND,RB,10,0,0,0,0,0,0,0,1,0,0,0,0.0,1,1,0,0.0,0.0,0
146190.0,Stanford Keglar,25,HOU,LB,10,0,0,0,0,0,0,0,0,0,0,0,0.0,4,3,1,0.0,0.0,0
,Brandon Lang,24,SDG,LB,10,0,0,0,0,0,0,0,0,0,0,0,1.0,1,1,0,1.0,1.0,0
,Damione Lewis,32,HOU,DT,10,0,0,0,0,0,1,0,0,0,0,0,1.0,17,13,4,1.0,1.0,0
,Vaughn Martin,24,SDG,DT,10,0,0,0,0,0,0,0,0,0,0,0,1.0,7,3,4,1.0,3.0,0
,Trevor Pryce,35,NYJ,DE,10,0,0,0,0,0,0,0,0,0,0,0,1.0,4,3,1,2.0,4.0,1
,O'Brien Schofield,23,ARI,LB,10,0,0,0,0,0,1,1,0,1,0,0,2.0,12,12,0,3.0,3.0,0
176941.0,Tiquan Underwood,23,JAX,WR,10,0,0,0,0,0,0,0,0,0,0,0,0.0,3,1,2,0.0,0.0,0
,Anthony Waters,26,NOR,LB,10,0,0,0,0,0,0,0,0,0,0,0,0.0,9,8,1,0.0,0.0,0
,Chris Crocker,30,CIN,FS,9,9,0,0,0,0,5,2,0,0,0,0,2.0,43,31,12,2.0,3.0,0
,Scott Fujita,31,CLE,ROLB,9,9,1,16,0,16,1,2,0,0,0,0,3.5,51,36,15,3.0,5.0,0
113930.0,Steve Gregory,27,SDG,SS,9,9,2,41,0,41,2,0,0,0,0,0,0.0,44,34,10,0.0,0.0,0
146752.0,LaRon Landry,26,WAS,SS,9,9,1,0,0,0,8,1,0,1,0,0,1.0,85,66,19,6.0,6.0,0
,Travelle Wharton,29,CAR,LG,9,9,0,0,0,0,0,0,0,1,0,0,0.0,0,0,0,0.0,0.0,0
135107.0,Vince Young,27,TEN,QB,9,8,0,0,0,0,0,0,6,1,-2,0,0.0,0,0,0,0.0,0.0,0
161996.0,Austin Collie,25,IND,WR,9,6,0,0,0,0,0,0,1,0,0,0,0.0,0,0,0,,,0
172436.0,Clay Harbor,23,PHI,TE,9,6,0,0,0,0,0,0,0,1,0,0,0.0,0,0,0,0.0,0.0,0
,Derek Hardman,24,TAM,T,9,4,0,0,0,0,0,0,0,0,0,0,0.0,1,1,0,,,0
,Terrence McGee,30,BUF,DB,9,3,0,0,0,0,2,0,0,0,0,0,0.0,18,13,5,1.0,0.0,0
116501.0,Frostee Rucker,27,CIN,DE,9,3,0,0,0,0,1,0,0,0,0,0,1.0,17,8,9,2.0,6.0,0
183484.0,Tim Tebow,23,DEN,QB,9,3,0,0,0,0,0,0,1,1,-1,0,0.0,0,0,0,,,0
,John Henderson,31,OAK,DT,9,2,0,0,0,0,3,0,0,0,0,0,0.0,30,24,6,2.0,1.0,0
174862.0,Brit Miller,24,STL,LB,9,2,0,0,0,0,0,0,0,0,0,0,0.0,9,8,1,0.0,0.0,0
161319.0,Myron Pryor,24,NWE,DT,9,2,0,0,0,0,0,0,0,0,0,0,0.5,12,6,6,0.0,1.0,0
148147.0,Erik Walden,25,GNB,LB,9,2,0,0,0,0,1,0,0,0,0,0,2.0,25,21,4,3.0,3.0,0
176287.0,Erik Lorig,24,TAM,TE,9,1,0,0,0,0,0,0,0,0,0,0,0.0,4,4,0,0.0,0.0,0
,Kyle Love,24,NWE,DT,9,1,0,0,0,0,1,0,0,0,0,0,1.0,7,5,2,1.0,1.0,0
236598.0,Joe McKnight,22,NYJ,RB,9,1,0,0,0,0,0,0,0,0,0,0,0.0,4,2,2,0.0,0.0,0
175409.0,Jonathan Wilhite,26,NWE,DB,9,1,0,0,0,0,2,0,0,0,0,0,0.0,20,16,4,0.0,0.0,0
176945.0,Spencer Adkins,23,ATL,LB,9,0,0,0,0,0,0,0,0,0,0,0,0.0,6,5,1,0.0,0.0,0
161162.0,Stanley Arnoux,24,NOR,LB,9,0,0,0,0,0,0,1,0,0,0,0,0.0,5,3,2,0.0,0.0,0
161017.0,Ryan Baker,26,MIA,DE,9,0,0,0,0,0,1,0,0,0,0,0,0.0,4,3,1,0.0,0.0,0
,Antonio Brown,22,PIT,WR,9,0,0,0,0,0,0,0,1,0,0,0,0.0,2,2,0,0.0,0.0,0
184215.0,Duke Calhoun,23,NYG,WR,9,0,0,0,0,0,0,0,0,1,0,0,0.0,7,5,2,0.0,0.0,0
170969.0,Alex Carrington,23,BUF,DE,9,0,0,0,0,0,1,0,0,0,0,0,1.0,8,6,2,1.0,2.0,0
,Rennie Curran,22,TEN,LB,9,0,0,0,0,0,0,0,0,0,0,0,0.0,7,4,3,0.0,0.0,0
,Isaiah Ekejiuba,29,DET,LB,9,0,0,0,0,0,0,1,0,0,0,0,0.0,10,8,2,0.0,0.0,0
144973.0,Matt Giordano,28,NOR,DB,9,0,0,0,0,0,0,0,0,0,0,0,0.0,3,2,1,0.0,0.0,0
161009.0,Erin Henderson,24,MIN,LB,9,0,0,0,0,0,0,0,0,1,3,0,0.0,13,11,2,0.0,0.0,0
166677.0,Gartrell Johnson,24,ATL,RB,9,0,0,0,0,0,0,0,1,0,0,0,0.0,3,3,0,0.0,0.0,0
,Travis Johnson,28,SDG,DT,9,0,0,0,0,0,0,0,0,0,0,0,1.0,14,10,4,0.0,1.0,0
,Jimmy Kennedy,31,MIN,DT,9,0,0,0,0,0,0,0,1,0,0,0,0.5,8,5,3,1.0,1.0,0
,Jason Kyle,38,NOR,LB,9,0,0,0,0,0,0,1,0,1,0,0,0.0,1,1,0,0.0,0.0,0
156148.0,Keenan Lewis,24,PIT,DB,9,0,0,0,0,0,0,1,0,0,0,0,0.0,11,8,3,0.0,0.0,0
184353.0,Bryan McCann,23,DAL,DB,9,0,1,101,1,101,1,0,6,2,0,0,0.0,15,14,1,2.0,0.0,0
,Nick Miller,23,OAK,WR,9,0,0,0,0,0,0,0,2,1,0,0,0.0,1,1,0,0.0,0.0,0
243248.0,Ryan Mouton,24,TEN,DB,9,0,0,0,0,0,0,1,0,0,0,0,0.0,11,8,3,0.0,0.0,0
,Joe Nedney,37,SFO,K,9,0,0,0,0,0,0,0,0,0,0,0,0.0,1,1,0,0.0,0.0,0
122199.0,Mike Nugent,28,CIN,K,9,0,0,0,0,0,0,0,0,0,0,0,0.0,2,1,1,0.0,0.0,0
183766.0,Preston Parker,23,TAM,WR,9,0,0,0,0,0,0,0,0,0,0,0,0.0,3,1,2,0.0,0.0,0
160334.0,Jason Phillips,24,BAL,LB,9,0,0,0,0,0,0,1,0,0,0,0,0.0,4,3,1,0.0,0.0,0
159840.0,Darius Reynaud,26,NYG,WR,9,0,0,0,0,0,0,0,1,0,0,0,0.0,0,0,0,,,0
,Darell Scott,24,STL,DT,9,0,0,0,0,0,0,0,0,0,0,0,0.0,18,14,4,0.0,0.0,0
,Eugene Sims,24,STL,LB,9,0,0,0,0,0,1,0,0,1,0,0,0.0,8,6,2,1.0,1.0,1
173661.0,Antone Smith,25,ATL,RB,9,0,0,0,0,0,0,0,0,0,0,0,0.0,2,1,1,0.0,0.0,0
,Hunter Smith,33,WAS,P,9,0,0,0,0,0,0,0,0,0,0,0,0.0,1,1,0,0.0,0.0,0
161130.0,Craig Steltz,24,CHI,DB,9,0,0,0,0,0,0,0,0,0,0,0,0.0,5,5,0,0.0,0.0,0
169286.0,Tyrell Sutton,24,CAR,RB,9,0,0,0,0,0,0,0,0,0,0,0,0.0,9,5,4,0.0,0.0,0
,Al Woods,23,TAM,DT,9,0,0,0,0,0,0,0,0,0,0,0,0.5,17,12,5,0.0,1.0,0
,Jarius Wynn,24,GNB,DE,9,0,0,0,0,0,0,0,0,0,0,0,1.5,5,3,2,1.0,3.0,0
156817.0,Dan Connor,25,CAR,MLB,8,8,0,0,0,0,1,0,0,0,0,0,1.0,47,33,14,8.0,3.0,0
,Jeff Faine,29,TAM,C,8,8,0,0,0,0,0,0,1,0,0,0,0.0,0,0,0,,,0
,Andre' Goodman,32,DEN,RCB,8,8,0,0,0,0,8,0,0,0,0,0,0.0,17,17,0,0.0,0.0,0
,Aaron Kampman,31,JAX,RDE,8,8,0,0,0,0,2,0,0,0,0,0,4.0,25,16,9,5.0,17.0,0
175772.0,Colt McCoy,24,CLE,QB,8,8,0,0,0,0,0,0,1,1,0,0,0.0,0,0,0,0.0,0.0,0
116954.0,Joseph Addai,27,IND,RB,8,7,0,0,0,0,0,0,2,1,0,0,0.0,0,0,0,0.0,0.0,0
,Ellis Hobbs,27,PHI,RCB,8,7,1,0,0,0,4,0,1,0,0,0,0.0,16,12,4,0.0,0.0,0
116985.0,Marcus Spears,27,DAL,LDE,8,7,0,0,0,0,0,0,0,0,0,0,0.0,19,11,8,1.0,1.0,0
,Reggie Bush,25,NOR,RB,8,6,0,0,0,0,0,0,2,2,0,0,0.0,0,0,0,0.0,0.0,0
120155.0,Roscoe Parrish,28,BUF,WR,8,6,0,0,0,0,0,0,1,1,4,0,0.0,0,0,0,0.0,0.0,0
150339.0,Tom Zbikowski,25,BAL,FS,8,6,0,0,0,0,0,0,0,0,0,0,0.0,17,14,3,0.0,0.0,0
,Chris DeGeare,23,MIN,LG,8,5,0,0,0,0,0,0,0,1,0,0,0.0,0,0,0,0.0,0.0,0
,Adam Koets,26,NYG,T,8,4,0,0,0,0,0,0,1,0,-5,0,0.0,0,0,0,0.0,0.0,0
,Seneca Wallace,30,CLE,QB,8,4,0,0,0,0,0,0,1,1,-17,0,0.0,0,0,0,0.0,0.0,0
189236.0,Michael Hoomanawanui,22,STL,TE,8,3,0,0,0,0,0,0,0,0,0,0,0.0,1,1,0,0.0,0.0,0
,Colt Anderson,25,PHI,DB,8,2,0,0,0,0,0,0,0,0,0,0,0.0,17,17,0,0.0,1.0,0
135332.0,Keith Ellison,26,BUF,LB,8,2,0,0,0,0,1,0,0,0,0,0,0.0,20,15,5,0.0,0.0,0
,Larry English,24,SDG,DE,8,2,0,0,0,0,0,0,0,0,0,0,3.0,17,13,4,3.0,4.0,0
160749.0,Dominique Barber,24,HOU,DB,8,1,0,0,0,0,0,0,0,0,0,0,0.0,6,5,1,0.0,0.0,0
,Ladell Betts,31,NOR,RB,8,1,0,0,0,0,0,0,1,0,0,0,0.0,1,1,0,0.0,0.0,0
,Brandon Chillar,28,GNB,LB,8,1,1,9,0,9,1,0,0,0,0,0,1.0,16,13,3,1.0,1.0,0
,Rob Francois,25,GNB,LB,8,1,0,0,0,0,0,0,0,0,0,0,0.0,3,3,0,0.0,3.0,0
,Darren Sharper,35,NOR,DB,8,1,0,0,0,0,1,0,0,1,11,0,0.0,16,11,5,0.0,0.0,0
160905.0,Morgan Trent,25,CIN,DB,8,1,1,0,0,0,3,0,0,1,0,0,0.0,26,21,5,0.0,0.0,0
,Kevin Alexander,23,DEN,LB-DE,8,0,0,0,0,0,1,0,0,0,0,0,0.0,4,3,1,0.0,0.0,0
175389.0,Antonio Coleman,24,BUF,DE,8,0,0,0,0,0,0,0,0,0,0,0,0.0,12,7,5,0.0,0.0,0
183524.0,Jacob Cutrera,22,JAX,LB,8,0,0,0,0,0,0,0,0,0,0,0,0.0,4,4,0,0.0,0.0,0
,Fred Evans,27,MIN,DT,8,0,0,0,0,0,0,0,0,0,0,0,0.0,4,4,0,1.0,0.0,0
183313.0,Travis Goethel,23,OAK,LB,8,0,0,0,0,0,0,0,0,0,0,0,0.0,9,6,3,0.0,0.0,0
,Jason Hanson,40,DET,K,8,0,0,0,0,0,0,0,0,0,0,0,0.0,1,0,1,0.0,0.0,0
,Albert Haynesworth,29,WAS,DT,8,0,0,0,0,0,1,0,0,0,0,0,2.5,16,13,3,6.0,5.0,0
,Justin King,23,STL,DB,8,0,0,0,0,0,2,0,0,0,0,0,0.0,19,18,1,3.0,2.0,0
185032.0,Max Komar,23,ARI,WR,8,0,0,0,0,0,0,0,3,2,0,0,0.0,2,2,0,0.0,0.0,0
,Ricardo Mathews,23,IND,DT,8,0,0,0,0,0,0,0,0,0,0,0,0.0,1,0,1,0.0,1.0,0
170179.0,Josh Mauga,23,NYJ,LB,8,0,0,0,0,0,0,0,0,0,0,0,0.0,14,12,2,1.0,1.0,0
174093.0,Kyle McCarthy,24,DEN,DB,8,0,0,0,0,0,0,0,0,0,0,0,0.0,4,3,1,0.0,0.0,0
,Clinton McDonald,23,CIN,DT,8,0,0,0,0,0,0,0,0,0,0,0,0.0,4,2,2,0.0,2.0,0
,C.J. Mosley,27,JAX,DT,8,0,0,0,0,0,0,0,0,0,0,0,0.0,1,1,0,0.0,0.0,0
173971.0,Tom Nelson,24,CIN,DB,8,0,0,0,0,0,0,0,0,0,0,0,0.0,9,7,2,1.0,0.0,0
118966.0,Dave Rayner,28,DET,K,8,0,0,0,0,0,0,0,0,0,0,0,0.0,2,2,0,0.0,0.0,0
,Perry Riley,22,WAS,LB,8,0,0,0,0,0,0,0,0,0,0,0,0.0,7,7,0,0.0,0.0,0
,Donte' Stallworth,30,BAL,WR,8,0,0,0,0,0,0,0,1,0,0,0,0.0,1,1,0,0.0,0.0,0
,Jaimie Thomas,24,IND,G,8,0,0,0,0,0,0,0,0,0,0,0,0.0,1,0,1,,,0
,Deshea Townsend,35,IND,DB,8,0,0,0,0,0,1,0,0,0,0,0,0.0,10,9,1,0.0,0.0,0
173689.0,Jeremy Ware,24,OAK,FB,8,0,1,0,0,0,3,0,0,0,0,0,0.0,1,1,0,1.0,0.0,0
,Kelley Washington,31,SDG,WR,8,0,0,0,0,0,0,0,0,0,0,0,0.0,1,1,0,0.0,0.0,0
,Red Bryant,26,SEA,RDE,7,7,0,0,0,0,0,1,0,2,0,0,1.0,18,16,2,2.0,3.0,0
,Tank Johnson,29,CIN,RDT,7,7,0,0,0,0,0,0,0,0,0,0,0.0,10,5,5,1.0,2.0,0
,Kyle Moore,24,TAM,LDE,7,7,0,0,0,0,0,0,0,2,5,0,0.0,18,10,8,0.0,1.0,0
147493.0,Kevin Kolb,26,PHI,QB,7,5,0,0,0,0,0,0,6,1,0,0,0.0,0,0,0,0.0,0.0,0
135276.0,Derek Hagan,26,NYG,WR,7,4,0,0,0,0,0,0,0,0,0,0,0.0,2,2,0,0.0,0.0,0
135169.0,Garrett Mills,27,PHI,FB,7,3,0,0,0,0,0,0,0,0,0,0,0.0,1,1,0,0.0,0.0,0
,Tyrell Johnson,25,MIN,DB,7,2,0,0,0,0,0,0,0,0,0,0,0.0,7,5,2,0.0,0.0,0
174556.0,Keenan Clayton,23,PHI,LB,7,1,0,0,0,0,1,0,0,0,0,0,0.0,12,9,3,0.0,0.0,0
,Matt Flynn,25,GNB,QB,7,1,0,0,0,0,0,0,1,0,0,0,0.0,0,0,0,,,0
160437.0,Darcel McBath,25,DEN,DB,7,1,0,0,0,0,1,0,0,0,0,0,0.0,17,17,0,0.0,0.0,0
189968.0,Andre Neblett,22,CAR,DT,7,1,0,0,0,0,0,0,0,0,0,0,0.0,10,8,2,0.0,0.0,0
,Tyrone Carter,34,SDG,DB,7,0,0,0,0,0,0,0,0,0,0,0,0.0,12,11,1,0.0,0.0,0
175276.0,Phillip Dillard,24,NYG,LB,7,0,0,0,0,0,0,0,0,0,0,0,0.0,4,3,1,0.0,0.0,0
,Ken Hamlin,29,BAL,DB,7,0,1,0,0,0,1,0,0,1,0,0,0.0,3,1,2,0.0,0.0,0
145132.0,Chris Horton,26,WAS,DB,7,0,0,0,0,0,0,0,0,0,0,0,0.0,9,6,3,1.0,0.0,0
,Kenny Iwebema,25,ARI,DE,7,0,0,0,0,0,0,0,0,0,0,0,0.0,2,2,0,0.0,0.0,0
,Steve McLendon,24,PIT,DT,7,0,0,0,0,0,0,0,0,1,0,0,0.0,2,2,0,0.0,0.0,0
191926.0,Aaron Morgan,22,JAX,LB,7,0,0,0,0,0,0,0,0,0,0,0,0.0,2,2,0,0.0,2.0,0
,Akwasi Owusu-Ansah,22,DAL,DB,7,0,0,0,0,0,0,0,0,0,0,0,0.0,1,1,0,0.0,0.0,0
162110.0,Cedric Peerman,24,CIN,RB,7,0,0,0,0,0,0,0,0,0,0,0,0.0,6,4,2,0.0,0.0,0
174051.0,Ricky Price,23,KAN,DB,7,0,0,0,0,0,0,0,0,0,0,0,0.0,9,8,1,0.0,0.0,0
,Jay Richardson,26,SEA,DE,7,0,0,0,0,0,0,0,0,0,0,0,0.0,8,5,3,0.0,1.0,0
100363.0,Shaun Suisham,29,PIT,K,7,0,0,0,0,0,0,0,0,0,0,0,0.0,2,1,1,0.0,0.0,0
,Gabe Watson,27,ARI,DT,7,0,0,0,0,0,0,0,0,0,0,0,0.0,7,7,0,1.0,0.0,0
,Matt Wilhelm,29,GNB,LB,7,0,0,0,0,0,0,0,0,0,0,0,0.0,5,4,1,0.0,0.0,0
136377.0,DeMeco Ryans,26,HOU,MLB,6,6,0,0,0,0,2,0,0,0,0,0,1.0,54,32,22,2.0,2.0,0
,Aaron Smith,34,PIT,LDE,6,6,0,0,0,0,0,0,0,0,0,0,0.0,15,7,8,1.0,0.0,0
133648.0,Troy Smith,26,SFO,QB,6,6,0,0,0,0,0,0,6,3,-6,0,0.0,0,0,0,0.0,0.0,0
133410.0,DeAngelo Williams,27,CAR,RB,6,6,0,0,0,0,0,0,1,0,0,0,0.0,0,0,0,,,0
177397.0,Chris Cook,23,MIN,DB,6,5,0,0,0,0,2,0,0,0,0,0,0.0,21,16,5,0.0,0.0,0
161680.0,Brad Jones,24,GNB,ROLB,6,5,0,0,0,0,0,0,0,0,0,0,0.0,27,16,11,2.0,1.0,0
137189.0,Matt Moore,26,CAR,QB,6,5,0,0,0,0,0,0,4,0,0,0,0.0,0,0,0,,,0
,Andra Davis,32,BUF,LB,6,4,1,11,0,11,1,1,0,0,0,0,0.0,41,18,23,1.0,0.0,0
114338.0,Bruce Gradkowski,27,OAK,QB,6,4,0,0,0,0,0,0,3,1,0,0,0.0,0,0,0,0.0,0.0,0
,Gerald Hayes,30,ARI,LB,6,4,0,0,0,0,1,0,0,1,21,1,0.0,33,23,10,2.0,0.0,0
,Anthony Bryant,29,WAS,DT,6,3,0,0,0,0,0,0,0,0,0,0,0.0,8,2,6,0.0,0.0,0
160307.0,Max Hall,25,ARI,QB,6,3,0,0,0,0,0,0,5,1,0,0,0.0,0,0,0,0.0,0.0,0
133795.0,Drew Stanton,26,DET,QB,6,3,0,0,0,0,0,0,3,1,0,0,0.0,0,0,0,0.0,0.0,0
,Jamie Winborn,31,TEN,LB,6,3,0,0,0,0,0,0,0,0,0,0,0.0,12,8,4,0.0,0.0,0
,Marques Douglas,33,TEN,DE,6,2,0,0,0,0,0,0,0,0,0,0,0.0,21,16,5,4.0,1.0,0
147536.0,Brandon McDonald,25,DET,DB,6,2,0,0,0,0,1,0,0,1,-5,0,0.0,19,16,3,0.0,0.0,0
116343.0,Charlie Whitehurst,28,SEA,QB,6,2,0,0,0,0,0,0,2,2,-16,0,0.0,0,0,0,,,0
128848.0,Quincy Butler,27,STL,DB,6,1,0,0,0,0,4,0,0,0,0,0,0.0,12,9,3,1.0,1.0,0
,Brady Poppinga,31,GNB,LB,6,1,0,0,0,0,0,0,0,0,0,0,1.0,14,7,7,1.0,1.0,0
188873.0,Naaman Roosevelt,23,BUF,WR,6,1,0,0,0,0,0,0,0,0,0,0,0.0,1,1,0,0.0,0.0,0
,Ryan Sims,30,TAM,DT,6,1,0,0,0,0,0,0,0,0,0,0,0.0,4,3,1,1.0,0.0,0
,Daniel Te'o-Nesheim,24,PHI,DE,6,1,0,0,0,0,0,0,0,0,0,0,1.0,2,2,0,1.0,1.0,0
104001.0,Hamza Abdullah,27,ARI,DB,6,0,0,0,0,0,0,0,0,0,0,0,0.0,4,1,3,0.0,0.0,0
128193.0,Hank Baskett,28,MIN,WR,6,0,0,0,0,0,0,0,0,0,0,0,0.0,1,1,0,0.0,0.0,0
,Shawn Crable,26,NWE,DE,6,0,0,0,0,0,0,0,0,0,0,0,0.5,4,2,2,0.0,1.0,0
145128.0,Bruce Davis,25,OAK,LB,6,0,0,0,0,0,0,0,0,0,0,0,0.0,4,4,0,0.0,0.0,0
169063.0,Brandon Ghee,23,CIN,DB,6,0,0,0,0,0,0,0,0,0,0,0,0.0,9,9,0,0.0,0.0,0
177740.0,Garrett Graham,24,HOU,TE,6,0,0,0,0,0,0,0,0,0,0,0,0.0,2,2,0,0.0,0.0,0
161153.0,Lavelle Hawkins,24,TEN,WR,6,0,0,0,0,0,0,1,0,0,0,0,0.0,4,3,1,0.0,0.0,0
,Bruce Johnson,23,NYG,DB,6,0,0,0,0,0,0,0,0,0,0,0,0.0,5,5,0,0.0,0.0,0
238495.0,Linval Joseph,22,NYG,DT,6,0,0,0,0,0,0,0,0,0,0,0,0.0,8,6,2,1.0,0.0,0
183354.0,Keaton Kristick,22,SFO,LB,6,0,0,0,0,0,0,0,0,0,0,0,0.0,9,8,1,0.0,0.0,0
160853.0,Matt Kroul,24,NYJ,DT,6,0,0,0,0,0,0,0,0,0,0,0,0.0,3,3,0,0.0,0.0,0
161398.0,Reshard Langford,24,KAN,DB,6,0,0,0,0,0,0,0,0,0,0,0,0.0,6,5,1,0.0,0.0,0
196255.0,Jeromy Miles,23,CIN,DB,6,0,0,0,0,0,0,0,0,0,0,0,0.0,4,3,1,0.0,0.0,0
,Kevin Smith,24,DET,RB,6,0,0,0,0,0,0,0,0,1,0,0,0.0,0,0,0,0.0,0.0,0
,Cam Thomas,24,SDG,DT,6,0,0,0,0,0,0,0,0,0,0,0,2.0,7,7,0,2.0,2.0,0
156904.0,Jamaal Westerman,25,NYJ,DE,6,0,0,0,0,0,0,0,0,1,0,0,0.0,7,5,2,1.0,0.0,0
,Brandon Williams,22,DAL,DE,6,0,0,0,0,0,0,0,0,0,0,0,0.0,4,4,0,0.0,0.0,0
168853.0,Matt Willis,26,DEN,WR,6,0,0,0,0,0,0,0,0,0,0,0,0.0,1,0,1,0.0,0.0,0
169289.0,Corey Wootton,23,CHI,DE,6,0,0,0,0,0,0,0,0,0,0,0,1.0,5,3,2,1.0,1.0,0
,Vincent Jackson,27,SDG,WR,5,5,0,0,0,0,0,0,0,1,-6,0,0.0,0,0,0,0.0,0.0,0
154193.0,Clint Session,26,IND,RLB,5,5,0,0,0,0,1,0,0,0,0,0,1.0,38,31,7,1.0,1.0,0
,Robaire Smith,33,CLE,LDE,5,5,0,0,0,0,0,0,0,0,0,0,0.0,25,13,12,1.0,0.0,0
,Keydrick Vincent,32,TAM,LG,5,5,0,0,0,0,0,0,0,1,0,0,0.0,0,0,0,0.0,0.0,0
,Jake Delhomme,35,CLE,QB,5,4,0,0,0,0,0,0,3,0,0,0,0.0,0,0,0,,,0
,John Skelton,22,ARI,QB,5,4,0,0,0,0,0,0,3,1,-14,0,0.0,0,0,0,0.0,0.0,0
,Jerome Simpson,24,CIN,WR,5,3,0,0,0,0,0,0,2,0,0,0,0.0,0,0,0,,,0
174190.0,Zack Follett,23,DET,LB,5,2,0,0,0,0,1,0,0,0,0,0,0.0,21,12,9,0.0,0.0,0
173642.0,Joe Webb,24,MIN,QB,5,2,0,0,0,0,0,0,1,0,0,0,0.0,0,0,0,,,0
146418.0,Chris Ellis,25,BUF,DE,5,1,0,0,0,0,0,0,1,0,0,0,1.0,5,3,2,1.0,2.0,0
,Adam Jones,27,CIN,DB,5,1,1,10,0,10,3,1,0,2,59,1,0.0,14,11,3,0.0,0.0,0
162573.0,Shawn Nelson,25,BUF,TE,5,1,0,0,0,0,0,0,1,0,0,0,0.0,2,1,1,0.0,0.0,0
145483.0,Martin Rucker,25,DAL,TE,5,1,0,0,0,0,0,0,0,0,0,0,0.0,1,0,1,0.0,0.0,0
,Tyler Thigpen,26,MIA,QB,5,1,0,0,0,0,0,0,1,1,-9,0,0.0,0,0,0,0.0,0.0,0
132952.0,Colin Allred,27,TEN,LB,5,0,0,0,0,0,0,0,0,0,0,0,0.0,5,3,2,0.0,0.0,0
187950.0,Terrence Austin,22,WAS,WR,5,0,0,0,0,0,0,0,0,0,0,0,0.0,1,0,1,0.0,0.0,0
,Joique Bell,24,IND,RB,5,0,0,0,0,0,0,0,0,0,0,0,0.0,1,1,0,0.0,0.0,0
135766.0,Will Blackmon,26,NYG,DB,5,0,0,0,0,0,0,0,2,0,0,0,0.0,2,1,1,0.0,0.0,0
,Kyle Boller,29,OAK,QB,5,0,0,0,0,0,0,0,1,0,0,0,0.0,0,0,0,,,0
,Diyral Briggs,25,GNB,LB,5,0,0,0,0,0,0,0,0,0,0,0,0.0,4,4,0,0.0,0.0,0
,Desmond Clark,33,CHI,TE,5,0,0,0,0,0,0,0,0,0,0,0,0.0,1,1,0,0.0,0.0,0
,Marcus Harrison,26,CHI,DT,5,0,0,0,0,0,1,0,0,0,0,0,0.0,3,3,0,1.0,1.0,0
120561.0,Spencer Havner,27,DET,LB,5,0,0,0,0,0,0,0,0,0,0,0,0.0,9,6,3,0.0,0.0,0
,Abdul Hodge,28,CAR,LB,5,0,0,0,0,0,0,0,0,0,0,0,0.0,5,4,1,0.0,0.0,0
,Jeremy Jarmon,23,WAS,DE,5,0,0,0,0,0,0,0,0,0,0,0,0.5,3,1,2,0.0,2.0,0
,Edgar Jones,26,BAL,DE,5,0,0,0,0,0,0,0,0,0,0,0,0.0,2,2,0,0.0,0.0,0
148437.0,Derrick Martin,25,GNB,DB,5,0,1,15,0,15,1,0,0,0,0,0,0.0,9,6,3,0.0,0.0,0
,Phillip Merling,25,MIA,DE,5,0,0,0,0,0,1,0,0,0,0,0,0.0,3,3,0,0.0,0.0,0
150683.0,Jesse Nading,25,HOU,DE,5,0,0,0,0,0,1,0,0,0,0,0,0.5,10,5,5,0.0,1.0,0
,Slade Norris,25,JAX,LB,5,0,0,0,0,0,0,0,0,0,0,0,0.0,2,1,1,0.0,0.0,0
,Will Peterson,31,SFO,DB,5,0,0,0,0,0,1,0,0,0,0,0,0.0,8,8,0,,,0
235909.0,Brian Price,21,TAM,DT,5,0,0,0,0,0,0,0,0,0,0,0,0.0,3,3,0,0.0,1.0,0
183812.0,Taj Smith,27,IND,WR,5,0,0,0,0,0,0,1,0,1,0,0,0.0,4,3,1,0.0,0.0,0
147225.0,Clint Stitser,25,CIN,K,5,0,0,0,0,0,0,0,0,0,0,0,0.0,2,1,1,0.0,0.0,0
161137.0,Curtis Taylor,25,SFO,DB,5,0,0,0,0,0,0,0,0,0,0,0,0.0,3,3,0,0.0,0.0,0
,Anthony Toribio,25,KAN,DT,5,0,0,0,0,0,0,0,0,0,0,0,0.0,5,3,2,0.0,0.0,0
,Nate Triplett,23,IND,LB,5,0,0,0,0,0,0,0,0,0,0,0,0.0,4,4,0,0.0,0.0,0
,Patrick Turner,23,NYJ,WR,5,0,0,0,0,0,0,0,0,0,0,0,0.0,1,1,0,0.0,0.0,0
,Nick Barnett,29,GNB,LB,4,4,0,0,0,0,1,0,0,0,0,0,0.0,24,18,6,1.0,1.0,0
236244.0,Morgan Burnett,21,GNB,DB,4,4,1,0,0,0,1,0,0,0,0,0,0.0,14,12,2,0.0,0.0,0
,Deion Branch,31,SEA,WR,4,3,0,0,0,0,0,0,1,0,0,0,0.0,0,0,0,0.0,0.0,0
145655.0,Melvin Bullitt,26,IND,DB,4,3,1,19,0,19,1,0,0,0,0,0,0.0,14,11,3,0.0,0.0,0
,Rex Grossman,30,WAS,QB,4,3,0,0,0,0,0,0,4,0,0,0,0.0,0,0,0,0.0,0.0,0
108540.0,Madison Hedgecock,29,NYG,FB,4,3,0,0,0,0,0,0,0,0,0,0,0.0,1,1,0,0.0,0.0,0
146107.0,Laurence Maroney,25,DEN,RB,4,3,0,0,0,0,0,0,1,0,0,0,0.0,0,0,0,,,0
192688.0,Eric Moore,29,NWE,DE,4,3,0,0,0,0,1,2,0,1,0,0,2.0,14,9,5,2.0,2.0,0
,Antwan Odom,29,CIN,DE,4,3,0,0,0,0,1,0,0,0,0,0,0.0,4,3,1,0.0,0.0,0
116345.0,Tye Hill,28,DET,DB,4,1,0,0,0,0,0,0,0,0,0,0,0.0,3,3,0,0.0,0.0,0
168820.0,Al Afalava,23,IND,DB,4,0,0,0,0,0,0,0,0,0,0,0,0.0,4,3,1,0.0,0.0,0
,Jay Alford,27,OAK,DT,4,0,0,0,0,0,0,0,0,0,0,0,0.0,2,2,0,1.0,0.0,0
,Josh Bidwell,34,WAS,P,4,0,0,0,0,0,0,0,1,1,-12,0,0.0,0,0,0,0.0,0.0,0
100336.0,Atari Bigby,29,GNB,DB,4,0,0,0,0,0,0,0,0,1,0,0,0.0,6,6,0,0.0,0.0,0
136616.0,Lorenzo Booker,26,MIN,RB,4,0,0,0,0,0,0,0,1,0,0,0,0.0,0,0,0,0.0,0.0,0
,Chris Bryan,28,TAM,P,4,0,0,0,0,0,0,0,0,0,0,0,0.0,1,1,0,0.0,0.0,0
192135.0,Crezdon Butler,23,PIT,DB,4,0,0,0,0,0,0,0,0,0,0,0,0.0,1,1,0,0.0,0.0,0
134139.0,Brian Clark,27,DET,WR,4,0,0,0,0,0,0,0,0,0,0,0,0.0,3,3,0,0.0,0.0,0
135220.0,Daniel Coats,26,DEN,TE,4,0,0,0,0,0,0,0,0,0,0,0,0.0,3,3,0,0.0,0.0,0
134100.0,Michael Coe,27,NYG,DB,4,0,0,0,0,0,0,0,0,0,0,0,0.0,6,4,2,0.0,0.0,0
190678.0,Emanuel Cook,22,NYJ,DB,4,0,0,0,0,0,0,1,0,0,0,0,0.0,5,4,1,0.0,1.0,0
192725.0,Junior Galette,22,NOR,DE,4,0,0,0,0,0,0,0,0,0,0,0,0.0,4,4,0,1.0,0.0,0
,Randall Gay,28,NOR,DB,4,0,0,0,0,0,0,0,0,0,0,0,0.0,5,3,2,0.0,0.0,0
,Brandon King,23,IND,DB,4,0,0,0,0,0,0,0,0,1,0,0,0.0,1,1,0,0.0,0.0,0
,Mitch King,24,IND,DT,4,0,0,0,0,0,0,0,0,0,0,0,0.0,3,1,2,0.0,0.0,0
175398.0,Walter McFadden,23,OAK,DB,4,0,0,0,0,0,0,0,0,0,0,0,0.0,6,5,1,0.0,0.0,0
189887.0,Lonyae Miller,22,DAL,RB,4,0,0,0,0,0,0,0,0,1,0,0,0.0,0,0,0,,,0
189613.0,Prince Miller,22,DET,DB,4,0,0,0,0,0,1,0,0,0,0,0,0.0,7,4,3,0.0,0.0,0
,Devin Moore,25,IND,RB,4,0,0,0,0,0,0,0,2,0,0,0,0.0,0,0,0,0.0,0.0,0
232238.0,Derrick Morgan,21,TEN,DE,4,0,0,0,0,0,1,0,0,0,0,0,1.5,5,3,2,0.0,2.0,0
170652.0,Rico Murray,23,CIN,DB,4,0,0,0,0,0,3,0,0,0,0,0,0.0,17,15,2,0.0,0.0,0
,Adewale Ogunleye,33,HOU,DE,4,0,0,0,0,0,0,0,0,0,0,0,0.0,2,1,1,0.0,1.0,0
176957.0,Randy Phillips,24,DET,DB,4,0,0,0,0,0,0,1,0,0,0,0,0.0,5,5,0,0.0,0.0,0
,Devin Thomas,24,NYG,WR,4,0,0,0,0,0,0,0,0,0,0,0,0.0,3,3,0,0.0,0.0,0
,David Veikune,25,DEN,DE,4,0,0,0,0,0,0,0,0,0,0,0,0.0,5,3,2,0.0,0.0,0
136680.0,Pat Watkins,28,SDG,DB,4,0,0,0,0,0,0,0,0,0,0,0,0.0,5,5,0,0.0,0.0,0
134551.0,DeShawn Wynn,27,NOR,RB,4,0,0,0,0,0,0,0,0,0,0,0,0.0,1,1,0,0.0,0.0,0
134780.0,Gerald Alexander,26,JAX,DB,3,3,0,0,0,0,3,0,0,1,43,0,0.0,16,10,6,0.0,0.0,0
183518.0,Matthew Stafford,22,DET,QB,3,3,0,0,0,0,0,0,2,0,-5,0,0.0,0,0,0,,,0
,Charlie Batch,36,PIT,QB,3,2,0,0,0,0,0,0,2,1,-3,0,0.0,0,0,0,,,0
,Marcus Dixon,26,NYJ,DE,3,1,0,0,0,0,0,0,0,0,0,0,1.0,4,4,0,1.0,1.0,0
,Victor Harris,24,WAS,DB,3,1,0,0,0,0,0,0,0,0,0,0,0.0,3,3,0,0.0,0.0,0
,Tarvaris Jackson,27,MIN,QB,3,1,0,0,0,0,0,0,1,2,-15,0,0.0,0,0,0,0.0,0.0,0
129839.0,Mathias Kiwanuka,27,NYG,DE,3,1,0,0,0,0,0,1,0,0,0,0,4.0,11,9,2,4.0,5.0,0
,Shawne Merriman,26,SDG,LB,3,1,0,0,0,0,0,0,0,0,0,0,0.0,6,5,1,0.0,0.0,0
,Sam Aiken,30,CLE,WR,3,0,0,0,0,0,0,0,0,0,0,0,0.0,1,1,0,0.0,0.0,0
,Vince Anderson,26,TAM,DB,3,0,0,0,0,0,0,0,0,0,0,0,0.0,1,0,1,0.0,0.0,0
377733.0,Tramaine Brock,22,SFO,DB,3,0,0,0,0,0,0,0,0,0,0,0,0.0,4,3,1,0.0,0.0,0
,Kris Brown,34,SDG,K,3,0,0,0,0,0,0,0,0,0,0,0,0.0,1,1,0,0.0,0.0,0
157507.0,Britt Davis,24,DEN,WR,3,0,0,0,0,0,0,0,0,0,0,0,0.0,4,4,0,0.0,0.0,0
,Lionel Dotson,25,MIA,DT,3,0,0,0,0,0,0,0,0,0,0,0,0.0,2,2,0,0.0,0.0,0
190009.0,Armanti Edwards,22,CAR,QB,3,0,0,0,0,0,0,0,1,1,0,0,0.0,0,0,0,0.0,0.0,0
173649.0,Richard Goodman,23,SDG,WR,3,0,0,0,0,0,0,0,1,0,0,0,0.0,5,4,1,0.0,0.0,0
,Al Harris,36,MIA,DB,3,0,0,0,0,0,0,0,0,0,0,0,0.0,3,3,0,0.0,0.0,0
177258.0,James Holt,24,SDG,LB,3,0,0,0,0,0,0,0,0,0,0,0,0.0,2,2,0,0.0,0.0,0
175915.0,Jeremy Horne,24,KAN,WR,3,0,0,0,0,0,0,0,0,0,0,0,0.0,2,2,0,0.0,0.0,0
162282.0,Kareem Huggins,24,TAM,RB,3,0,0,0,0,0,0,0,0,0,0,0,0.0,1,0,1,,,0
,Pete Ittersagen,25,TEN,DB,3,0,0,0,0,0,0,0,0,0,0,0,0.0,4,3,1,0.0,0.0,0
174430.0,Chris Maragos,23,SFO,DB,3,0,0,0,0,0,0,0,0,0,0,0,0.0,2,2,0,0.0,0.0,0
160876.0,Tyrone McKenzie,25,TAM,LB,3,0,0,0,0,0,0,0,0,0,0,0,0.0,5,5,0,0.0,0.0,0
,Joshua Moore,22,CHI,DB,3,0,0,0,0,0,0,0,0,0,0,0,0.0,1,1,0,0.0,0.0,0
148110.0,David Nixon,25,HOU,LB,3,0,0,0,0,0,0,0,0,0,0,0,0.0,10,8,2,0.0,0.0,0
487787.0,Fendi Onobun,24,STL,TE,3,0,0,0,0,0,0,0,0,0,0,0,0.0,1,1,0,0.0,0.0,0
156152.0,Sam Paulescu,26,WAS,P,3,0,0,0,0,0,0,0,0,0,0,0,0.0,1,1,0,0.0,0.0,0
188554.0,David Pender,23,IND,DB,3,0,0,0,0,0,0,0,0,0,0,0,0.0,2,2,0,0.0,0.0,0
,Keiwan Ratliff,29,CIN,DB,3,0,0,0,0,0,0,0,0,0,0,0,0.0,13,7,6,0.0,0.0,0
,Dominic Rhodes,31,IND,RB,3,0,0,0,0,0,0,0,1,0,0,0,0.0,0,0,0,,,0
,Lee Robinson,23,DEN,LB,3,0,0,0,0,0,0,0,0,1,0,0,0.0,2,2,0,0.0,0.0,0
,Malcolm Sheppard,22,TEN,DT,3,0,0,0,0,0,0,0,0,0,0,0,0.0,5,4,1,1.0,0.0,0
161658.0,Chad Simpson,25,WAS,RB,3,0,0,0,0,0,0,0,0,0,0,0,0.0,1,1,0,0.0,0.0,0
146045.0,Jyles Tucker,27,SDG,LB,3,0,0,0,0,0,0,0,0,0,0,0,1.0,3,2,1,1.0,1.0,0
172968.0,Josh Vaughan,24,CAR,RB,3,0,0,0,0,0,0,0,0,0,0,0,0.0,1,0,1,0.0,0.0,0
161184.0,Chip Vaughn,25,IND,DB,3,0,0,0,0,0,0,0,0,0,0,0,0.0,1,1,0,0.0,0.0,0
,Dante Wesley,31,DET,DB,3,0,0,0,0,0,0,0,0,0,0,0,0.0,2,2,0,0.0,0.0,0
175628.0,Marvin White,27,CIN,DB,3,0,0,0,0,0,0,0,0,0,0,0,0.0,1,1,0,0.0,0.0,0
,Jamar Williams,26,CAR,LB,3,0,0,0,0,0,0,0,0,0,0,0,0.0,2,2,0,0.0,0.0,0
377660.0,Kion Wilson,24,SDG,LB,3,0,0,0,0,0,0,1,0,0,0,0,0.0,6,5,1,0.0,0.0,0
145026.0,Dennis Dixon,25,PIT,QB,2,2,0,0,0,0,0,0,2,0,-4,0,0.0,0,0,0,,,0
120214.0,Cedric Griffin,28,MIN,DB,2,2,0,0,0,0,1,0,0,0,0,0,0.0,8,7,1,1.0,0.0,0
146568.0,Tanard Jackson,25,TAM,DB,2,2,0,0,0,0,0,0,0,0,0,0,0.0,8,8,0,2.0,0.0,0
161265.0,Jackie Bates,24,KAN,DB,2,1,0,0,0,0,1,0,0,0,0,0,0.0,1,1,0,0.0,0.0,0
156336.0,Stephen McGee,25,DAL,QB,2,1,0,0,0,0,0,0,1,1,-4,0,0.0,0,0,0,0.0,0.0,0
232215.0,Larry Asante,22,TAM,DB,2,0,1,4,0,4,1,0,0,0,0,0,0.0,2,2,0,0.0,0.0,0
169224.0,Alvin Bowen,27,JAX,LB,2,0,0,0,0,0,0,0,0,0,0,0,0.0,1,0,1,0.0,0.0,0
168581.0,Caleb Campbell,26,DET,DB,2,0,0,0,0,0,0,0,0,0,0,0,0.0,3,2,1,0.0,0.0,0
168997.0,Tony Carter,24,NWE,DB,2,0,0,0,0,0,0,0,0,0,0,0,0.0,1,1,0,0.0,0.0,0
,Jeremy Clark,27,DAL,DT,2,0,0,0,0,0,0,0,0,0,0,0,0.0,3,3,0,0.0,0.0,0
,Colin Cloherty,23,SFO,TE,2,0,0,0,0,0,0,0,0,0,0,0,0.0,3,1,2,0.0,0.0,0
,Kenwin Cummings,24,DAL,DE,2,0,0,0,0,0,0,0,0,0,0,0,0.0,1,1,0,0.0,0.0,0
,Dominique Curry,23,STL,WR,2,0,0,0,0,0,0,0,0,0,0,0,0.0,2,2,0,0.0,0.0,0
147998.0,Quintin Demps,25,HOU,DB,2,0,0,0,0,0,0,0,0,0,0,0,0.0,1,1,0,0.0,0.0,0
146928.0,Jonathan Fanene,28,CIN,DE,2,0,0,0,0,0,0,0,0,0,0,0,0.0,1,0,1,0.0,0.0,0
183343.0,Coye Francies,24,CLE,DB,2,0,0,0,0,0,0,0,0,0,0,0,0.0,3,2,1,0.0,0.0,0
188941.0,Dominique Franks,23,ATL,DB,2,0,1,40,0,40,1,0,0,0,0,0,0.0,1,1,0,0.0,0.0,0
188306.0,Thaddeus Gibson,23,SFO,LB,2,0,0,0,0,0,0,1,0,0,0,0,0.0,3,3,0,0.0,0.0,0
170577.0,Josh Gordy,23,GNB,DB,2,0,0,0,0,0,0,0,0,0,0,0,0.0,1,1,0,0.0,0.0,0
,Alex Hall,25,NYG,LB,2,0,0,0,0,0,0,0,0,0,0,0,0.0,1,1,0,0.0,0.0,0
174147.0,Cary Harris,23,BUF,DB,2,0,0,0,0,0,0,1,0,0,0,0,0.0,1,1,0,0.0,0.0,0
,David Herron,26,SDG,LB,2,0,0,0,0,0,0,0,0,0,0,0,0.0,2,0,2,0.0,0.0,0
,Corvey Irvin,25,CAR,DT,2,0,0,0,0,0,0,0,0,0,0,0,0.0,4,3,1,1.0,0.0,0
,Rob Jackson,25,WAS,DE,2,0,0,0,0,0,0,1,0,0,0,0,1.0,3,3,0,0.0,1.0,0
,A.J. Jefferson,22,ARI,DB,2,0,0,0,0,0,1,0,0,0,0,0,0.0,1,0,1,0.0,0.0,0
174566.0,Manuel Johnson,24,DAL,WR,2,0,0,0,0,0,0,0,0,0,0,0,0.0,1,1,0,0.0,0.0,0
,Marquis Johnson,22,STL,FB,2,0,0,0,0,0,0,0,0,0,0,0,0.0,2,1,1,0.0,0.0,0
,Louis Leonard,26,CAR,DT,2,0,0,0,0,0,0,0,0,0,0,0,0.0,2,1,1,0.0,0.0,0
,Sean Lissemore,23,DAL,NT,2,0,0,0,0,0,0,0,0,0,0,0,0.5,3,2,1,0.0,1.0,0
174150.0,Kaluka Maiava,23,CLE,LB,2,0,0,0,0,0,0,0,0,0,0,0,0.0,1,1,0,0.0,0.0,0
133974.0,Jayme Mitchell,26,MIN,DE,2,0,0,0,0,0,0,0,0,0,0,0,1.0,1,1,0,1.0,1.0,0
,Kenny Moore,25,IND,WR,2,0,0,0,0,0,0,0,2,0,0,0,0.0,0,0,0,,,0
159662.0,DaJuan Morgan,25,IND,DB,2,0,0,0,0,0,0,0,0,0,0,0,0.0,1,1,0,0.0,0.0,0
155485.0,Mike Neal,23,GNB,LB,2,0,0,0,0,0,0,1,0,0,0,0,1.0,3,3,0,1.0,1.0,0
,Steve Octavien,26,CLE,LB,2,0,0,0,0,0,0,0,0,0,0,0,0.0,1,0,1,0.0,0.0,0
103992.0,Karl Paymah,28,HOU,DB,2,0,0,0,0,0,0,0,0,0,0,0,0.0,2,2,0,0.0,0.0,0
135955.0,Chris Reis,27,NOR,DB,2,0,0,0,0,0,0,0,0,0,0,0,0.0,4,3,1,0.0,0.0,0
191349.0,Vincent Rey,23,CIN,LB,2,0,0,0,0,0,0,0,0,0,0,0,0.0,3,2,1,0.0,0.0,0
174005.0,Anderson Russell,23,WAS,DB,2,0,0,0,0,0,0,0,0,0,0,0,0.0,2,2,0,0.0,0.0,0
,Darrion Scott,29,WAS,DE,2,0,0,0,0,0,0,0,0,0,0,0,0.0,2,1,1,0.0,1.0,0
191151.0,Andrew Sendejo,23,DAL,DB,2,0,0,0,0,0,0,0,0,0,0,0,0.0,1,0,1,0.0,0.0,0
147224.0,Clifton Smith,25,CLE,RB,2,0,0,0,0,0,0,0,1,1,0,0,0.0,0,0,0,0.0,0.0,0
175303.0,Barry Turner,23,CHI,DT,2,0,0,0,0,0,0,0,0,0,0,0,0.0,1,1,0,0.0,0.0,0
,E.J. Wilson,23,SEA,DE,2,0,0,0,0,0,0,0,0,0,0,0,0.0,1,1,0,0.0,0.0,0
160887.0,Jamar Adams,25,PHI,DB,1,1,0,0,0,0,1,0,0,0,0,0,0.0,3,2,1,0.0,0.0,0
183275.0,Aaron Berry,22,DET,DB,1,1,1,23,0,23,1,0,0,0,0,0,0.0,3,3,0,0.0,0.0,0
164609.0,Brian Brohm,25,BUF,QB,1,1,0,0,0,0,0,0,1,0,0,0,0.0,0,0,0,,,0
,Travis Ivey,24,CLE,DT,1,1,0,0,0,0,0,0,0,0,0,0,0.0,1,1,0,0.0,0.0,0
,Kris Jenkins,31,NYJ,DT,1,1,0,0,0,0,0,0,0,0,0,0,0.0,1,0,1,0.0,0.0,0
,Trey Lewis,25,ATL,DT,1,1,0,0,0,0,0,0,0,0,0,0,0.0,2,0,2,0.0,0.0,0
,Jared Odrick,23,MIA,DE,1,1,0,0,0,0,0,0,0,0,0,0,0.0,1,1,0,1.0,0.0,0
,K.C. Asiodu,24,NOR,LB,1,0,0,0,0,0,0,0,0,0,0,0,0.0,1,1,0,0.0,0.0,0
176382.0,Darry Beckwith,23,SDG,LB,1,0,0,0,0,0,0,0,0,0,0,0,0.0,1,0,1,0.0,0.0,0
128819.0,Yamon Figurs,27,OAK,WR,1,0,0,0,0,0,0,0,1,0,0,0,0.0,0,0,0,,,0
,Jarron Gilbert,24,NYJ,DT,1,0,0,0,0,0,0,0,0,0,0,0,0.0,1,1,0,1.0,0.0,0
115361.0,Chris Henry,25,SEA,RB,1,0,0,0,0,0,0,0,0,0,0,0,0.0,1,1,0,0.0,0.0,0
,Brandon Hughes,24,PHI,DB,1,0,0,0,0,0,0,0,0,0,0,0,0.0,5,5,0,0.0,0.0,0
183137.0,Josh Hull,23,STL,LB,1,0,0,0,0,0,0,1,0,0,0,0,0.0,1,1,0,0.0,0.0,0
,Micah Johnson,22,MIA,LB,1,0,0,0,0,0,0,0,0,0,0,0,0.0,1,0,1,0.0,0.0,0
189964.0,Alex Joseph,22,SFO,LB,1,0,0,0,0,0,0,0,0,0,0,0,0.0,1,0,1,0.0,0.0,0
146524.0,Billy Latsko,26,SDG,RB,1,0,0,0,0,0,0,0,0,0,0,0,0.0,1,1,0,0.0,0.0,0
145061.0,Gerard Lawson,25,PHI,DB,1,0,0,0,0,0,0,0,0,1,0,0,0.0,0,0,0,,,0
,Charly Martin,26,CAR,WR,1,0,0,0,0,0,0,0,0,0,0,0,0.0,1,1,0,0.0,0.0,0
134153.0,John McCargo,27,BUF,DT,1,0,0,0,0,0,0,0,0,0,0,0,0.0,1,0,1,0.0,0.0,0
,Kawika Mitchell,31,NOR,LB,1,0,0,0,0,0,0,0,0,0,0,0,1.0,2,2,0,,,0
,Marques Murrell,25,NWE,LB,1,0,0,0,0,0,0,0,0,0,0,0,0.0,1,1,0,0.0,0.0,0
,Evan Oglesby,29,MIA,DB,1,0,0,0,0,0,0,0,0,0,0,0,0.0,1,0,1,0.0,0.0,0
134732.0,Mike Richardson,26,IND,DB,1,0,0,0,0,0,0,0,0,0,0,0,0.0,1,1,0,0.0,0.0,0
,Clifton Ryan,26,STL,DT,1,0,0,0,0,0,0,0,1,1,18,0,0.0,0,0,0,0.0,0.0,0
,Mark Simoneau,33,KAN,LB,1,0,0,0,0,0,0,0,0,0,0,0,0.0,1,1,0,0.0,0.0,0
,Isaiah Trufant,28,NYJ,DB,1,0,0,0,0,0,0,0,0,0,0,0,0.0,2,2,0,0.0,0.0,0
185058.0,Jamar Wall,22,HOU,DB,1,0,0,0,0,0,0,0,0,0,0,0,0.0,1,1,0,0.0,0.0,0
