Unnamed: 0_level_0,Unnamed: 1_level_0,Unnamed: 2_level_0,Unnamed: 3_level_0,Unnamed: 4_level_0,Unnamed: 5_level_0,Unnamed: 6_level_0,Def Interceptions,Def Interceptions,Def Interceptions,Def Interceptions,Def Interceptions,Fumbles,Fumbles,Fumbles,Fumbles,Fumbles,Unnamed: 17_level_0,Tackles,Tackles,Tackles,Tackles,Tackles,Unnamed: 23_level_0,Unnamed: 24_level_0
Rk,Player,Age,Team,Pos,G,GS,Int,Yds,IntTD,Lng,PD,FF,Fmb,FR,Yds,FRTD,Sk,Comb,Solo,Ast,TFL,QBHits,Sfty,Awards
1,Paulson Adebo,22,NOR,LCB,17,17,3,50,0,33,8,0,0,0,0,0,0.0,66,55,11,4,0,0,
2,Jonathan Allen,26,WAS,LDT,17,17,0,0,0,0,0,0,0,0,0,0,9.0,62,31,31,10,30,0,PB
3,Josh Allen,25,BUF,QB,17,17,0,0,0,0,0,0,8,2,-4,0,0.0,1,1,0,0,0,0,
4,Adrian Amos,28,GNB,SS,17,17,2,0,0,0,8,0,0,0,0,0,0.0,93,75,18,0,0,0,
5,David Andrews,29,NWE,C,17,17,0,0,0,0,0,0,0,1,0,0,0.0,0,0,0,0,0,0,
6,Arik Armstead,28,SFO,LDT/LDE,17,17,0,0,0,0,0,0,0,0,0,0,6.0,63,29,34,7,11,0,
7,Budda Baker,25,ARI,SS,17,17,3,101,0,77,7,0,0,1,0,0,2.0,98,63,35,6,3,0,"PB,AP-2"
8,Tyler Biadasz,24,DAL,C,17,17,0,0,0,0,0,0,3,1,0,0,0.0,0,0,0,0,0,0,
9,Nick Bosa,24,SFO,RDE/LDE,17,17,0,0,0,0,1,4,0,0,0,0,15.5,52,40,12,21,32,0,PB
10,Tyus Bowser,26,BAL,ROLB/LILB,17,17,0,0,0,0,4,2,0,0,0,0,7.0,59,33,26,8,15,0,
11,Tom Brady,44,TAM,QB,17,17,0,0,0,0,0,0,4,1,0,0,0.0,0,0,0,0,0,0,"PB,AP-2,AP MVP-2,AP OPoY-3"
12,Jordyn Brooks,24,SEA,ROLB,17,17,0,0,0,0,5,0,0,1,5,0,1.0,184,109,75,10,3,0,
13,Malcom Brown,27,JAX,NT,17,17,0,0,0,0,1,0,0,0,0,0,2.0,57,30,27,4,3,0,
14,Daniel Brunskill,27,SFO,RG,17,17,0,0,0,0,0,0,0,0,0,0,0.0,2,2,0,0,0,0,
15,Kevin Byard,28,TEN,SS,17,17,5,66,1,24,13,2,0,1,30,1,1.0,88,57,31,1,4,0,"PB,AP-1"
16,Derek Carr,30,LVR,QB,17,17,0,0,0,0,0,0,13,5,-15,0,0.0,0,0,0,0,0,0,
17,Jermaine Carter Jr.,26,CAR,MLB,17,17,0,0,0,0,1,0,0,1,0,0,0.0,88,38,50,3,3,0,
18,Ja'Marr Chase,21,CIN,WR,17,17,0,0,0,0,0,0,2,0,0,0,0.0,2,2,0,0,0,0,"PB,AP-2,AP ORoY-1"
19,Ezra Cleveland,23,MIN,LG,17,17,0,0,0,0,0,0,0,0,0,0,0.0,2,2,0,0,0,0,
20,Austin Corbett,26,LAR,RG,17,17,0,0,0,0,0,0,0,0,0,0,0.0,3,3,0,0,0,0,
21,Maxx Crosby,24,LVR,RDE,17,17,0,0,0,0,7,0,0,0,0,0,8.0,56,36,20,13,30,0,"PB,AP-2"
22,Tae Crowder,24,NYG,RILB,17,17,2,26,0,17,6,1,1,0,0,0,0.0,130,64,66,3,1,0,
23,James Daniels,24,CHI,RG,17,17,0,0,0,0,0,0,0,0,0,0,0.0,1,1,0,0,0,0,
24,Quandre Diggs,28,SEA,FS,17,17,5,68,0,29,7,0,0,0,0,0,0.0,94,66,28,1,0,0,PB
25,Stefon Diggs,28,BUF,WR,17,17,0,0,0,0,0,0,1,0,0,0,0.0,2,2,0,0,0,0,PB
26,Aaron Donald,30,LAR,LDT,17,17,0,0,0,0,4,4,0,0,0,0,12.5,84,38,46,19,25,0,"PB,AP-1,AP DPoY-3"
27,Terrell Edmunds,24,PIT,SS,17,17,2,15,0,15,6,0,0,0,0,0,1.0,89,63,26,8,1,0,
28,David Edwards,24,LAR,LG,17,17,0,0,0,0,0,0,0,0,0,0,0.0,1,1,0,0,0,0,
29,Ezekiel Elliott,26,DAL,RB,17,17,0,0,0,0,0,0,1,2,0,0,0.0,1,1,0,0,0,0,
30,Leonard Floyd,29,LAR,RLB,17,17,1,11,0,11,3,1,0,1,0,0,9.5,70,37,33,7,18,0,
31,Poona Ford,26,SEA,NT,17,17,0,0,0,0,1,0,0,0,0,0,2.0,53,23,30,6,6,0,
32,Myles Garrett,26,CLE,LDE,17,17,0,0,0,0,3,1,0,1,15,1,16.0,51,33,18,17,33,0,"PB,AP-1"
33,Lawrence Guy,31,NWE,RDE,17,17,0,0,0,0,0,0,0,1,0,0,1.5,60,37,23,2,5,0,
34,Bryce Hall,24,NYJ,LCB,17,17,0,0,0,0,16,0,0,0,0,0,0.5,79,66,13,4,2,0,
35,Duron Harmon,30,ATL,FS,17,17,2,0,0,0,5,0,0,0,0,0,0.0,67,44,23,2,1,0,
36,Najee Harris,23,PIT,RB,17,17,0,0,0,0,0,0,0,1,0,0,0.0,2,2,0,0,0,0,PB
37,Will Harris,26,DET,FS,17,17,0,0,0,0,4,1,0,0,0,0,0.5,93,62,31,0,1,0,
38,Casey Hayward,32,LVR,RCB,17,17,1,0,0,0,9,0,0,0,0,0,0.0,46,39,7,3,0,1,
39,Justin Herbert,23,LAC,QB,17,17,0,0,0,0,0,0,1,0,0,0,0.0,1,1,0,0,0,0,PB
40,Will Hernandez,26,NYG,RG,17,17,0,0,0,0,0,0,0,1,0,0,0.0,0,0,0,0,0,0,
41,Cameron Heyward,32,PIT,DT,17,17,1,0,0,0,9,1,0,1,0,0,10.0,89,53,36,15,17,0,"PB,AP-1"
42,Jordan Hicks,29,ARI,RILB,17,17,0,0,0,0,5,1,0,2,0,0,4.0,116,75,41,7,5,0,
43,Creed Humphrey,22,KAN,C,17,17,0,0,0,0,0,0,1,0,9,0,0.0,1,1,0,0,0,0,AP ORoY-3
44,Robert Hunt,25,MIA,RG,17,17,0,0,0,0,0,0,0,1,0,0,0.0,0,0,0,0,0,0,
45,Micah Hyde,31,BUF,FS,17,17,5,59,1,26,10,1,0,2,16,0,1.0,74,53,21,4,2,0,AP-2
46,J.C. Jackson,26,NWE,LCB,17,17,8,92,1,88,23,1,0,0,0,0,0.0,58,44,14,2,0,0,"PB,AP-2"
47,Andre James,24,LVR,C,17,17,0,0,0,0,0,0,1,0,-12,0,0.0,0,0,0,0,0,0,
48,Grady Jarrett,28,ATL,LDE,17,17,0,0,0,0,1,0,0,1,0,0,1.0,59,38,21,3,12,0,
49,Justin Jefferson,22,MIN,WR,17,17,0,0,0,0,0,0,1,0,0,0,0.0,0,0,0,0,0,0,"PB,AP-2"
50,Quinton Jefferson,28,LVR,RDT,17,17,0,0,0,0,1,2,0,0,0,0,4.5,47,17,30,5,16,0,
51,Van Jefferson,25,LAR,WR,17,17,0,0,0,0,0,0,0,0,0,0,0.0,1,1,0,0,0,0,
52,Ryan Jensen,30,TAM,C,17,17,0,0,0,0,0,0,1,0,-14,0,0.0,1,1,0,0,0,0,PB
53,Austin Johnson,27,NYG,RDE,17,17,0,0,0,0,1,0,0,1,0,0,3.5,72,31,41,6,7,0,
54,Ben Jones,32,TEN,C,17,17,0,0,0,0,0,0,0,1,0,0,0.0,0,0,0,0,0,0,
55,D.J. Jones,26,SFO,RDT,17,17,0,0,0,0,1,2,0,0,0,0,2.0,56,40,16,10,3,0,
56,DaQuan Jones,30,CAR,RDT,17,17,0,0,0,0,0,1,0,0,0,0,1.0,38,19,19,1,6,0,
57,Mac Jones,23,NWE,QB,17,17,0,0,0,0,0,0,7,1,-4,0,0.0,2,1,1,0,0,0,"PB,AP ORoY-2"
58,Jason Kelce,34,PHI,C,17,17,0,0,0,0,0,0,1,1,0,0,0.0,0,0,0,0,0,0,"PB,AP-1"
59,Cole Kmet,22,CHI,TE,17,17,0,0,0,0,0,0,0,1,0,0,0.0,1,1,0,0,0,0,
60,Cooper Kupp,28,LAR,WR,17,17,0,0,0,0,0,0,0,0,0,0,0.0,1,1,0,0,0,0,"PB,AP-1,AP MVP-3,AP OPoY-1"
61,Harold Landry,25,TEN,ROLB,17,17,0,0,0,0,0,1,0,0,0,0,12.0,75,51,24,14,22,0,PB
62,Trevor Lawrence,22,JAX,QB,17,17,0,0,0,0,0,0,9,2,0,0,0.0,2,2,0,0,0,0,
63,Alex Leatherwood,22,LVR,RG,17,17,0,0,0,0,0,0,0,0,0,0,0.0,1,0,1,0,0,0,
64,Charles Leno Jr.,30,WAS,LT,17,17,0,0,0,0,0,0,0,1,0,0,0.0,0,0,0,0,0,0,
65,Marcedes Lewis,37,GNB,TE,17,17,0,0,0,0,0,0,1,0,0,0,0.0,0,0,0,0,0,0,
66,Chris Lindstrom,24,ATL,RG,17,17,0,0,0,0,0,0,0,0,0,0,0.0,1,1,0,0,0,0,
67,Dean Lowry,27,GNB,LDE,17,17,0,0,0,0,4,0,0,1,2,0,5.0,42,24,18,5,9,0,
68,Alex Mack,36,SFO,C,17,17,0,0,0,0,0,0,1,1,0,0,0.0,0,0,0,0,0,0,PB
69,Patrick Mahomes,26,KAN,QB,17,17,0,0,0,0,0,0,9,2,-17,0,0.0,1,1,0,0,0,0,PB
70,Devin McCourty,34,NWE,FS,17,17,3,22,0,22,10,0,0,0,0,0,0.0,60,42,18,0,0,0,
71,Terry McLaurin,26,WAS,WR,17,17,0,0,0,0,0,0,0,0,0,0,0.0,2,2,0,0,0,0,
72,D.K. Metcalf,24,SEA,WR,17,17,0,0,0,0,0,0,1,0,0,0,0.0,1,1,0,0,0,0,
73,Tre'von Moehrig,22,LVR,FS,17,17,1,35,0,35,6,0,0,0,0,0,0.0,55,36,19,0,0,0,
74,D.J. Moore,24,CAR,WR,17,17,0,0,0,0,0,0,1,1,1,0,0.0,2,2,0,0,0,0,
75,Taylor Moton,27,CAR,RT,17,17,0,0,0,0,0,0,0,0,0,0,0.0,1,0,1,0,0,0,
76,Al-Quadin Muhammad,26,IND,RDE,17,17,0,0,0,0,0,1,0,0,0,0,6.0,48,32,16,7,13,0,
77,Sam Mustipher,25,CHI,C,17,17,0,0,0,0,0,0,5,0,0,0,0.0,1,1,0,0,0,0,
78,Yannick Ngakoue,26,LVR,LDE,17,17,0,0,0,0,3,2,0,0,0,0,10.0,28,17,11,8,23,0,
79,Brian O'Neill,26,MIN,RT,17,17,0,0,0,0,0,0,0,1,0,0,0.0,1,1,0,0,0,0,PB
80,Bobby Okereke,25,IND,MLB,17,17,2,20,0,16,4,0,0,0,0,0,1.0,132,89,43,3,2,0,
81,Ed Oliver,24,BUF,LDT/RDT,17,17,0,0,0,0,3,1,0,0,0,0,4.0,41,29,12,10,14,0,
82,Foyesade Oluokun,26,ATL,RILB,17,17,3,80,0,56,6,1,0,0,0,0,2.0,192,102,90,4,7,0,
83,Daron Payne,24,WAS,RDT,17,17,0,0,0,0,0,0,0,1,6,0,4.5,61,35,26,6,15,0,
84,Michael Pittman Jr.,24,IND,WR,17,17,0,0,0,0,0,0,1,0,0,0,0.0,2,1,1,0,0,0,
85,Patrick Queen,22,BAL,RILB,17,17,0,0,0,0,1,1,0,1,0,0,2.0,98,68,30,10,3,0,
86,Taylor Rapp,24,LAR,FS,17,17,4,31,0,18,6,0,0,1,0,0,1.5,94,64,30,2,3,0,
87,Jarran Reed,29,KAN,LDT,17,17,0,0,0,0,1,2,0,1,10,0,2.5,43,23,20,2,12,0,
88,Gregory Rousseau,21,BUF,LDE,17,17,1,3,0,3,4,1,0,0,0,0,4.0,50,42,8,8,10,0,
89,Matt Ryan,36,ATL,QB,17,17,0,0,0,0,0,0,11,3,-5,0,0.0,0,0,0,0,0,0,
90,Darnell Savage Jr.,24,GNB,FS,17,17,2,0,0,0,9,0,0,0,0,0,0.0,63,48,15,2,0,0,
91,Isaiah Simmons,23,ARI,LILB,17,17,1,0,0,0,7,4,0,0,0,0,1.5,105,70,35,4,4,0,
92,Jeffery Simmons,24,TEN,DT,17,17,0,0,0,0,6,0,0,0,0,0,8.5,54,42,12,12,16,0,"PB,AP-2"
93,Justin Simmons,28,DEN,FS,17,17,5,76,0,35,12,0,0,0,0,0,1.5,80,60,20,4,2,0,AP-2
94,John Simpson,24,LVR,LG,17,17,0,0,0,0,0,0,0,3,0,0,0.0,0,0,0,0,0,0,
95,Roquan Smith,24,CHI,RILB,17,17,1,53,1,53,3,0,0,0,0,0,3.0,163,95,68,12,4,0,AP-2
96,Trey Smith,22,KAN,RG,17,17,0,0,0,0,0,0,0,1,0,0,0.0,0,0,0,0,0,0,
97,Matthew Stafford,33,LAR,QB,17,17,0,0,0,0,0,0,5,3,2,0,0.0,0,0,0,0,0,0,
98,Grover Stewart,28,IND,RDT,17,17,0,0,0,0,2,1,0,0,0,0,1.0,46,23,23,2,5,0,
99,Ndamukong Suh,34,TAM,LDE,17,17,0,0,0,0,0,0,0,1,0,0,6.0,27,15,12,7,13,0,
100,Ryan Tannehill,33,TEN,QB,17,17,0,0,0,0,0,0,10,1,1,0,0.0,2,1,1,0,0,0,
101,Jonathan Taylor,22,IND,RB,17,17,0,0,0,0,0,0,4,3,0,0,0.0,0,0,0,0,0,0,"PB,AP-1,AP OPoY-2"
102,Joe Thuney,29,KAN,LG,17,17,0,0,0,0,0,0,0,1,0,0,0.0,0,0,0,0,0,0,
103,Levi Wallace,26,BUF,RCB,17,17,2,29,0,15,10,0,0,1,0,0,0.0,58,47,11,1,0,0,
104,Carson Wentz,29,IND,QB,17,17,0,0,0,0,0,0,8,1,-5,0,0.0,0,0,0,0,0,0,
105,Devin White,23,TAM,LILB,17,17,0,0,0,0,3,0,0,1,5,0,3.5,128,87,41,8,18,0,PB
106,Kyzir White,25,LAC,LILB,17,17,2,22,0,22,3,2,0,0,0,0,1.0,144,90,54,7,4,0,
107,Cody Whitehair,29,CHI,LG,17,17,0,0,0,0,0,0,0,0,0,0,0.0,1,1,0,0,0,0,
108,Christian Wilkins,26,MIA,RDE,17,17,0,0,0,0,4,1,1,1,9,0,4.5,89,49,40,10,13,0,
109,Daryl Williams,29,BUF,RG/RT,17,17,0,0,0,0,0,0,0,1,0,0,0.0,0,0,0,0,0,0,
110,Leonard Williams,27,NYG,NT,17,17,0,0,0,0,2,2,0,1,0,0,6.5,81,34,47,5,14,0,
111,Nick Williams,31,DET,RDE,17,17,0,0,0,0,1,0,0,0,0,0,0.5,27,14,13,4,2,0,
112,Damien Wilson,28,JAX,LILB,17,17,1,1,0,1,5,1,0,0,0,0,3.0,106,59,47,5,5,0,
113,Tristan Wirfs,22,TAM,RT,17,17,0,0,0,0,0,0,0,0,0,0,0.0,1,1,0,0,0,0,"PB,AP-1"
114,Xavier Woods,26,MIN,FS,17,17,3,54,0,27,10,2,0,0,0,0,1.0,108,72,36,1,1,0,
115,Kevin Zeitler,31,BAL,RG,17,17,0,0,0,0,0,0,0,0,0,0,0.0,2,0,2,0,0,0,
116,Brandon Aiyuk,23,SFO,WR,17,16,0,0,0,0,0,0,2,2,-4,0,0.0,0,0,0,0,0,0,
117,James Bradberry,28,NYG,LCB,17,16,4,19,0,14,17,0,1,2,13,0,0.0,47,37,10,0,0,0,
118,DeForest Buckner,27,IND,LDT,17,16,0,0,0,0,3,0,0,0,0,0,7.0,68,40,28,10,18,0,PB
119,Brian Burns,23,CAR,RDE,17,16,0,0,0,0,4,2,0,0,0,0,9.0,50,31,19,13,18,0,PB
120,Robbie Chosen,28,CAR,WR,17,16,0,0,0,0,0,0,0,0,0,0,0.0,1,1,0,0,0,0,
121,Jesse Davis,30,MIA,RT,17,16,0,0,0,0,0,0,0,1,0,0,0.0,0,0,0,0,0,0,
122,Liam Eichenberg,23,MIA,LT,17,16,0,0,0,0,0,0,0,4,0,0,0.0,0,0,0,0,0,0,
123,Davon Godchaux,27,NWE,NT,17,16,0,0,0,0,0,1,0,0,0,0,1.0,65,32,33,2,5,0,
124,Rasheem Green,24,SEA,LOLB,17,16,0,0,0,0,4,0,0,0,0,0,6.5,48,27,21,6,15,0,
125,Tyreek Hill,27,KAN,WR,17,16,0,0,0,0,0,0,2,1,3,0,0.0,2,2,0,0,0,0,PB
126,Jerry Hughes,33,BUF,RDE,17,16,0,0,0,0,3,2,0,0,0,0,2.0,18,8,10,1,7,0,
127,Austin Jackson,22,MIA,LG,17,16,0,0,0,0,0,0,0,1,0,0,0.0,2,1,1,0,0,0,
128,Marvin Jones,31,JAX,WR,17,16,0,0,0,0,0,0,0,0,0,0,0.0,1,1,0,0,0,0,
129,Matt Judon,29,NWE,LOLB,17,16,0,0,0,0,1,0,0,1,-6,0,12.5,60,38,22,14,25,0,PB
130,Kyle Juszczyk,30,SFO,FB,17,16,0,0,0,0,0,0,0,0,0,0,0.0,3,1,2,0,0,0,PB
131,Bobby McCain,28,WAS,FS,17,16,4,63,1,30,9,0,0,0,0,0,0.0,63,47,16,0,0,0,
132,Xavier McKinney,23,NYG,FS/SS,17,16,5,64,1,41,10,0,0,0,0,0,0.0,93,59,34,1,0,0,
133,Jakobi Meyers,25,NWE,WR,17,16,0,0,0,0,0,0,1,0,0,0,0.0,2,2,0,0,0,0,
134,Kenny Moore,26,IND,RCB,17,16,4,78,0,32,13,1,0,0,0,0,1.0,102,82,20,6,1,0,PB
135,Devin Singletary,24,BUF,RB,17,16,0,0,0,0,0,0,5,2,5,0,0.0,1,1,0,0,0,0,
136,DeVonta Smith,23,PHI,WR,17,16,0,0,0,0,0,1,1,0,0,0,0.0,1,1,0,0,0,0,
137,Leighton Vander Esch,24,DAL,RLB,17,16,1,7,0,7,2,0,0,0,0,0,1.0,77,48,29,4,1,0,
138,Tyler Conklin,26,MIN,TE,17,15,0,0,0,0,0,0,1,1,0,0,0.0,0,0,0,0,0,0,
139,Damontae Kazee,28,DAL,FS,17,15,2,8,0,8,4,2,0,0,0,0,0.0,52,35,17,0,0,0,
140,Bilal Nichols,25,CHI,RDE/LDE,17,15,0,0,0,0,1,0,0,2,12,0,3.0,51,26,25,5,9,0,
141,Storm Norton,27,LAC,RT,17,15,0,0,0,0,0,0,0,0,0,0,0.0,1,1,0,0,0,0,
142,Uchenna Nwosu,25,LAC,ROLB,17,15,1,2,0,2,4,2,0,1,-6,0,5.0,40,24,16,8,17,0,
143,Kyle Pitts,21,ATL,TE,17,15,0,0,0,0,0,0,0,0,0,0,0.0,3,3,0,0,0,0,PB
144,Elandon Roberts,27,MIA,MLB,17,15,1,85,1,85,4,2,0,0,0,0,1.0,83,42,41,6,2,0,
145,Dalton Schultz,25,DAL,TE,17,15,0,0,0,0,0,0,0,0,0,0,0.0,1,1,0,0,0,0,
146,Shy Tuttle,26,NOR,LDT,17,15,0,0,0,0,3,1,0,1,0,0,0.0,48,17,31,3,1,0,
147,Jack Doyle,31,IND,TE,17,14,0,0,0,0,0,0,0,1,0,0,0.0,0,0,0,0,0,0,
148,Charles Harris,26,DET,ROLB,17,14,0,0,0,0,0,2,0,0,0,0,7.5,65,34,31,10,16,0,
149,Jacob Martin,26,HOU,LDE,17,14,0,0,0,0,3,2,0,0,0,0,4.0,23,11,12,5,6,1,
150,Darnell Mooney,24,CHI,WR,17,14,0,0,0,0,0,0,0,0,0,0,0.0,4,4,0,0,0,0,
151,A'Shawn Robinson,26,LAR,LDE,17,14,0,0,0,0,0,2,0,0,0,0,2.0,67,33,34,2,2,0,
152,Andrew Van Ginkel,26,MIA,RLB,17,14,0,0,0,0,7,1,0,0,0,0,4.0,71,50,21,9,20,0,
153,D.J. Wonnum,24,MIN,LDE,17,14,0,0,0,0,4,1,0,0,0,0,8.0,47,29,18,7,15,0,
154,Greg Gaines,25,LAR,RDT,17,13,0,0,0,0,0,0,0,0,0,0,4.5,55,28,27,4,13,0,
155,Cory Littleton,28,LVR,LLB,17,13,0,0,0,0,4,0,0,1,0,0,0.5,98,51,47,2,2,0,
156,Azeez Ojulari,21,NYG,ROLB,17,13,0,0,0,0,2,1,0,0,0,0,8.0,49,29,20,8,13,0,
157,Brandon Parker,26,LVR,RT,17,13,0,0,0,0,0,0,0,1,0,0,0.0,3,2,1,0,0,0,
158,Lucas Patrick,28,GNB,C,17,13,0,0,0,0,0,0,0,1,0,0,0.0,0,0,0,0,0,0,
159,Adrian Phillips,29,NWE,SS,17,13,4,39,1,26,9,1,0,0,0,0,0.0,92,56,36,3,1,0,
160,Jalen Reagor,22,PHI,WR,17,13,0,0,0,0,0,0,2,1,20,0,0.0,2,2,0,0,0,0,
161,Ian Thomas,25,CAR,TE,17,13,0,0,0,0,0,0,0,1,9,0,0.0,1,1,0,0,0,0,
162,Zach Gentry,25,PIT,TE,17,12,0,0,0,0,0,0,0,0,0,0,0.0,1,1,0,0,0,0,
163,Durham Smythe,26,MIA,TE,17,12,0,0,0,0,0,0,0,0,0,0,0.0,2,1,1,0,0,0,
164,Jalen Thompson,23,ARI,FS,17,12,3,49,0,33,7,0,0,0,0,0,0.0,121,79,42,3,2,0,
165,Juan Thornhill,26,KAN,FS,17,12,1,13,0,13,3,1,0,1,0,0,0.0,64,43,21,1,1,0,
166,Kindle Vildor,24,CHI,RCB,17,12,0,0,0,0,4,0,0,0,0,0,1.0,46,33,13,1,1,0,
167,Quez Watkins,23,PHI,WR,17,12,0,0,0,0,0,0,0,0,0,0,0.0,2,1,1,0,0,0,
168,Denico Autry,31,TEN,LDE,17,11,0,0,0,0,6,0,0,0,0,0,9.0,31,25,6,10,18,0,
169,Samson Ebukam,26,SFO,LDE/RDE,17,11,0,0,0,0,1,1,0,0,0,0,4.5,38,21,17,5,11,0,
170,Zaire Franklin,25,IND,RLB,17,11,1,8,0,8,2,0,0,1,0,0,0.0,40,21,19,1,0,0,
171,Adam Humphries,28,WAS,WR,17,11,0,0,0,0,0,0,0,0,0,0,0.0,2,1,1,0,0,0,
172,Christian Kirk,25,ARI,WR,17,11,0,0,0,0,0,0,0,1,0,0,0.0,0,0,0,0,0,0,
173,Foster Moreau,24,LVR,TE,17,11,0,0,0,0,0,1,1,1,0,0,0.0,4,3,1,0,0,0,
174,Emmanuel Ogbah,28,MIA,LDE,17,11,0,0,0,0,12,1,0,1,0,0,9.0,41,26,15,9,24,0,
175,Brandon Stephens,24,BAL,FS,17,11,0,0,0,0,4,0,0,0,0,0,0.0,78,49,29,1,1,0,
176,Myles Gaskin,24,MIA,RB,17,10,0,0,0,0,0,0,2,1,16,0,0.0,0,0,0,0,0,0,
177,William Gholston,30,TAM,RDE,17,10,0,0,0,0,0,0,0,0,0,0,4.5,36,21,15,7,11,0,
178,Chuba Hubbard,22,CAR,RB,17,10,0,0,0,0,0,0,1,1,0,0,0.0,1,1,0,0,0,0,
179,Chris Manhertz,29,JAX,TE,17,10,0,0,0,0,0,0,0,1,2,0,0.0,0,0,0,0,0,0,
180,Derrick Nnadi,25,KAN,RDT,17,10,0,0,0,0,0,0,0,0,0,0,3.0,38,21,17,2,5,0,
181,Troy Reeder,27,LAR,LLB,17,10,2,2,0,2,6,0,0,0,0,0,2.0,91,48,43,6,4,0,
182,Chandon Sullivan,25,GNB,DB,17,10,3,14,0,13,4,0,0,0,0,0,0.0,31,25,6,2,0,0,
183,Mark Andrews,26,BAL,TE,17,9,0,0,0,0,0,0,1,1,0,0,0.0,6,5,1,0,0,0,"PB,AP-1"
184,Morgan Fox,27,CAR,LDE,17,9,0,0,0,0,0,1,0,1,3,0,1.5,34,16,18,2,7,0,
185,Mike Gesicki,26,MIA,TE,17,9,0,0,0,0,0,0,0,0,0,0,0.0,1,1,0,0,0,0,
186,Mike Hilton,27,CIN,DB,17,9,2,59,1,35,5,1,0,0,0,0,0.0,66,48,18,8,2,0,
187,Zay Jones,26,LVR,WR,17,9,0,0,0,0,0,0,1,0,0,0,0.0,4,3,1,0,0,0,
188,K.J. Osborn,24,MIN,WR,17,9,0,0,0,0,0,0,0,0,0,0,0.0,2,2,0,0,0,0,
189,Reggie Ragland,28,NYG,LOLB,17,9,0,0,0,0,2,0,0,1,0,0,0.0,67,38,29,2,1,0,
190,Hunter Renfrow,26,LVR,WR,17,9,0,0,0,0,1,0,5,3,39,0,0.0,2,2,0,0,0,0,PB
191,Zach Sieler,26,MIA,RDT,17,9,0,0,0,0,3,1,0,2,0,0,2.0,62,33,29,6,3,0,
192,Amon-Ra St. Brown,22,DET,WR,17,9,0,0,0,0,0,0,0,0,0,0,0.0,1,1,0,0,0,0,
193,Josh Tupou,27,CIN,DT,17,9,0,0,0,0,0,0,0,0,0,0,0.0,12,3,9,0,1,0,
194,Armon Watts,25,MIN,LDT,17,9,0,0,0,0,0,2,0,0,0,0,5.0,46,20,26,3,10,0,
195,John Bates,24,WAS,TE,17,8,0,0,0,0,0,0,1,1,0,0,0.0,2,2,0,0,0,0,
196,Angelo Blackson,29,CHI,LDE,17,8,1,6,0,6,2,0,0,0,0,0,2.5,43,24,19,3,9,0,
197,Mike Davis,28,ATL,RB,17,8,0,0,0,0,0,0,4,1,0,0,0.0,1,1,0,0,0,0,
198,C.J. Ham,28,MIN,FB,17,8,0,0,0,0,0,0,0,0,0,0,0.0,1,0,1,0,0,0,
199,Mecole Hardman,23,KAN,WR,17,8,0,0,0,0,0,0,3,1,0,0,0.0,1,1,0,0,0,0,
200,Yosh Nijman,25,GNB,LT,17,8,0,0,0,0,0,0,0,1,0,0,0.0,0,0,0,0,0,0,
201,Drew Sample,25,CIN,TE,17,8,0,0,0,0,0,0,0,1,-15,0,0.0,1,1,0,0,0,0,
202,Keith Smith,29,ATL,FB,17,8,0,0,0,0,0,0,0,0,0,0,0.0,8,5,3,0,0,0,
203,Freddie Swain,23,SEA,WR,17,8,0,0,0,0,0,0,1,2,0,0,0.0,0,0,0,0,0,0,
204,Tavierre Thomas,25,HOU,DB,17,8,2,48,1,48,4,1,0,0,0,0,0.0,86,51,35,1,1,0,
205,K.J. Wright,32,LVR,RLB,17,8,0,0,0,0,0,0,0,0,0,0,0.0,51,25,26,2,0,0,
206,Olamide Zaccheaus,24,ATL,WR,17,8,0,0,0,0,0,0,0,0,0,0,0.0,5,4,1,0,0,0,
207,Mo Alie-Cox,28,IND,TE,17,7,0,0,0,0,0,0,1,0,0,0,0.0,3,2,1,0,0,0,
208,Ugo Amadi,24,SEA,DB,17,7,1,12,0,12,6,1,1,0,0,0,0.0,54,42,12,2,0,0,
209,Tom Compton,32,SFO,RT,17,7,0,0,0,0,0,0,0,1,0,0,0.0,1,1,0,0,0,0,
210,Sony Michel,26,LAR,RB,17,7,0,0,0,0,0,0,1,0,0,0,0.0,1,1,0,0,0,0,
211,George Odum,28,IND,SS,17,7,1,21,0,21,2,1,0,1,0,0,0.0,55,45,10,0,1,0,
212,Sheldon Richardson,31,MIN,RDT/RDE,17,7,0,0,0,0,4,1,0,1,0,0,2.5,39,24,15,6,13,0,
213,Daniel Sorensen,31,KAN,FS,17,7,2,75,1,75,8,0,0,0,0,0,1.0,51,40,11,3,3,0,
214,Eric Tomlinson,29,BAL,TE,17,7,0,0,0,0,0,0,0,0,0,0,0.0,5,5,0,0,0,0,
215,Darrel Williams,26,KAN,RB,17,7,0,0,0,0,0,0,0,0,0,0,0.0,3,3,0,0,0,0,
216,Tavon Young,27,BAL,DB,17,7,1,0,0,0,3,0,0,0,0,0,2.0,35,30,5,4,3,0,
217,Derrick Barnes,22,DET,LB,17,6,0,0,0,0,2,0,0,0,0,0,2.0,67,42,25,4,2,0,
218,Tarell Basham,27,DAL,LDE,17,6,0,0,0,0,0,1,0,1,0,0,3.5,39,21,18,3,11,0,
219,DeAndre Carter,28,WAS,WR,17,6,0,0,0,0,0,0,3,1,0,0,0.0,1,1,0,0,0,0,
220,Zaven Collins,22,ARI,DB,17,6,0,0,0,0,3,0,0,0,0,0,0.0,25,13,12,1,0,0,
221,Michael Danna,24,KAN,LDE/RDE,17,6,0,0,0,0,1,2,0,0,0,0,3.0,26,11,15,3,10,0,
222,Dane Jackson,25,BUF,LCB,17,6,0,0,0,0,6,0,0,0,0,0,0.0,41,33,8,0,0,0,
223,Jakob Johnson,27,NWE,FB,17,6,0,0,0,0,0,0,0,0,0,0,0.0,2,1,1,0,0,0,
224,Alim McNeill,21,DET,NT,17,6,0,0,0,0,1,0,0,0,0,0,2.0,39,15,24,3,3,0,
225,Joe Tryon-Shoyinka,22,TAM,LB,17,6,0,0,0,0,3,0,0,0,0,0,4.0,29,21,8,5,10,0,
226,Kendrick Bourne,26,NWE,WR,17,5,0,0,0,0,0,0,1,0,0,0,0.0,0,0,0,0,0,0,
227,Divine Deablo,23,LVR,LB,17,5,0,0,0,0,1,0,0,1,0,0,0.0,45,28,17,1,0,0,
228,Justin Ellis,31,BAL,NT,17,5,0,0,0,0,0,0,0,0,0,0,0.0,18,7,11,0,1,0,
229,Neville Hewitt,28,HOU,MLB,17,5,0,0,0,0,0,0,0,0,0,0,0.0,60,37,23,1,1,0,
230,Mike Hughes,24,KAN,DB,17,5,1,0,0,0,6,4,1,1,23,1,0.0,47,40,7,0,0,0,
231,Julian Love,23,NYG,DB,17,5,1,0,0,0,7,0,0,1,-3,0,0.5,66,36,30,1,2,0,
232,Nik Needham,25,MIA,DB,17,5,2,28,1,28,5,0,0,1,0,0,1.0,59,48,11,1,2,0,
233,Ben Niemann,26,KAN,LB,17,5,0,0,0,0,1,0,0,2,0,0,1.0,57,39,18,2,1,0,
234,Josh Palmer,22,LAC,WR,17,5,0,0,0,0,0,0,0,0,0,0,0.0,2,2,0,0,0,0,
235,Jaelan Phillips,22,MIA,LB,17,5,0,0,0,0,1,0,0,1,0,0,8.5,42,23,19,9,16,0,
236,Byron Pringle,28,KAN,WR,17,5,0,0,0,0,0,0,2,1,0,0,0.0,1,1,0,0,0,0,
237,Stephen Anderson,28,LAC,TE,17,4,0,0,0,0,0,0,0,0,0,0,0.0,5,4,1,0,0,0,
238,Zack Baun,25,NOR,LB,17,4,0,0,0,0,0,0,0,0,0,0,0.0,30,22,8,0,2,0,
239,Damiere Byrd,28,CHI,WR,17,4,0,0,0,0,0,0,1,0,0,0,0.0,0,0,0,0,0,0,
240,Ross Cockrell,30,TAM,DB,17,4,0,0,0,0,7,1,0,0,0,0,0.0,43,29,14,0,2,0,
241,Carl Davis,29,NWE,DT,17,4,0,0,0,0,0,0,0,0,0,0,1.0,19,12,7,1,1,0,
242,Nyheim Hines,25,IND,RB,17,4,0,0,0,0,0,0,3,1,0,0,0.0,0,0,0,0,0,0,
243,James Pierre,25,PIT,CB,17,4,1,0,0,0,4,3,0,0,0,0,0.0,47,37,10,0,0,0,
244,Eric Rowe,29,MIA,DB,17,4,0,0,0,0,4,3,0,0,0,0,0.0,71,43,28,0,1,0,
245,Eric Saubert,27,DEN,TE,17,4,0,0,0,0,0,0,0,0,0,0,0.0,1,1,0,0,0,0,
246,Jeremy Sprinkle,27,DAL,TE,17,4,0,0,0,0,0,0,0,0,0,0,0.0,2,2,0,0,0,0,
247,Derek Watt,29,PIT,FB,17,4,0,0,0,0,0,0,0,0,0,0,0.0,14,10,4,0,0,0,
248,Cameron Brate,30,TAM,TE,17,3,0,0,0,0,0,0,0,0,0,0,0.0,1,1,0,0,0,0,
249,Oren Burks,26,GNB,LB,17,3,0,0,0,0,0,0,0,1,0,0,0.5,36,24,12,1,2,0,
250,Andre Cisco,21,JAX,DB,17,3,0,0,0,0,2,2,0,0,0,0,0.0,26,19,7,0,0,0,
251,Leki Fotu,23,ARI,DT,17,3,0,0,0,0,3,1,0,0,0,0,0.0,19,8,11,2,0,0,
252,Javelin Guidry,23,NYJ,CB,17,3,0,0,0,0,3,0,0,0,0,0,0.0,48,33,15,1,1,0,
253,Michael Hoecht,24,LAR,DL,17,3,0,0,0,0,0,0,0,0,0,0,0.0,7,6,1,0,0,0,
254,Mack Hollins,28,MIA,WR,17,3,0,0,0,0,0,0,0,0,0,0,0.0,11,9,2,0,0,0,
255,Tyler Johnson,23,TAM,WR,17,3,0,0,0,0,0,0,0,0,0,0,0.0,1,1,0,0,0,0,
256,Tre Norwood,22,PIT,DB,17,3,1,0,0,0,4,0,0,0,0,0,0.0,38,32,6,2,0,0,
257,Elijhaa Penny,28,NYG,RB,17,3,0,0,0,0,0,0,0,0,0,0,0.0,9,3,6,0,0,0,
258,Keith Taylor,23,CAR,DB,17,3,0,0,0,0,3,1,0,0,0,0,0.0,38,31,7,1,0,0,
259,Charlie Woerner,24,SFO,TE,17,3,0,0,0,0,0,0,0,0,0,0,0.0,7,6,1,0,0,0,
260,Christian Barmore,22,NWE,DT,17,2,0,0,0,0,2,0,0,0,0,0,1.5,46,23,23,3,9,0,
261,AJ Dillon,23,GNB,RB,17,2,0,0,0,0,0,0,2,1,3,0,0.0,1,1,0,0,0,0,
262,Carlos Dunlap,32,SEA,DE,17,2,0,0,0,0,7,1,0,0,0,0,8.5,35,24,11,8,14,0,
263,Demetrius Flannigan-Fowles,25,SFO,DB,17,2,0,0,0,0,0,0,0,0,0,0,0.0,29,13,16,0,0,0,
264,Antonio Hamilton,28,ARI,DB,17,2,0,0,0,0,4,0,0,1,0,0,0.0,38,31,7,1,0,0,
265,Khalil Herbert,23,CHI,RB,17,2,0,0,0,0,0,0,1,3,0,0,0.0,3,1,2,0,0,0,
266,D'Ernest Johnson,25,CLE,RB,17,2,0,0,0,0,0,0,1,1,0,0,0.0,1,0,1,0,0,0,
267,Patrick Johnson,23,PHI,DE,17,2,0,0,0,0,0,0,0,0,0,0,0.0,17,11,6,1,0,0,
268,Anthony Nelson,24,TAM,DE,17,2,0,0,0,0,1,0,0,1,0,0,5.0,22,13,9,7,10,0,
269,Dare Ogunbowale,27,JAX,RB,17,2,0,0,0,0,0,0,0,0,0,0,0.0,7,6,1,0,0,0,
270,Bravvion Roy,25,CAR,DT,17,2,0,0,0,0,2,0,0,0,0,0,0.0,30,13,17,1,2,0,
271,Tremon Smith,25,HOU,DB,17,2,0,0,0,0,0,0,0,1,0,0,0.0,21,16,5,0,0,0,
272,Kentavius Street,25,SFO,DE,17,2,0,0,0,0,0,1,0,0,0,0,3.0,27,15,12,6,5,0,
273,Mykal Walker,24,ATL,LB,17,2,1,66,1,66,4,0,0,1,4,0,0.0,35,17,18,0,1,0,
274,Garret Wallow,22,HOU,LB,17,2,0,0,0,0,0,0,0,0,0,0,1.0,23,15,8,2,1,0,
275,Milton Williams,22,PHI,DT,17,2,0,0,0,0,2,0,0,0,0,0,2.0,30,15,15,6,6,0,
276,Brandon Bolden,31,NWE,RB,17,1,0,0,0,0,0,0,1,0,0,0,0.0,11,9,2,0,0,0,
277,Adam Butler,27,MIA,DT,17,1,0,0,0,0,3,0,0,0,0,0,2.0,17,9,8,2,5,0,
278,Marqui Christian,27,CHI,DB,17,1,0,0,0,0,1,0,0,0,0,0,0.0,12,7,5,0,0,0,
279,Ashton Dulin,24,IND,WR,17,1,0,0,0,0,0,0,0,3,0,1,0.0,17,12,5,0,0,0,AP-2
280,Troy Dye,25,MIN,LB,17,1,0,0,0,0,0,0,0,0,0,0,0.0,20,12,8,0,0,0,
281,Godwin Igwebuike,27,DET,RB,17,1,0,0,0,0,0,0,2,0,0,0,0.0,7,4,3,0,0,0,
282,Jaquan Johnson,26,BUF,DB,17,1,1,25,0,25,1,0,0,0,0,0,0.0,14,8,6,0,0,0,
283,Christian Jones,30,CHI,LB,17,1,0,0,0,0,0,0,0,0,0,0,0.0,24,13,11,0,0,0,
284,Anthony Levine,34,BAL,DB,17,1,0,0,0,0,1,0,0,0,0,0,0.0,12,9,3,0,0,0,
285,C.J. Moore,26,DET,DB,17,1,1,21,0,21,1,0,0,0,0,0,0.0,22,13,9,0,1,0,
286,Stanley Morgan Jr.,25,CIN,WR,17,1,0,0,0,0,0,0,0,0,0,0,0.0,11,8,3,0,0,0,
287,Jaret Patterson,22,WAS,RB,17,1,0,0,0,0,0,0,1,0,0,0,0.0,0,0,0,0,0,0,
288,Del'Shawn Phillips,25,NYJ,LB,17,1,0,0,0,0,0,0,0,1,34,0,1.0,31,11,20,2,1,0,
289,Anthony Pittman,25,DET,LB,17,1,0,0,0,0,1,0,0,0,0,0,0.0,18,9,9,0,1,0,
290,Hassan Ridgeway,27,PHI,DT,17,1,0,0,0,0,0,1,0,0,0,0,2.0,20,10,10,1,5,0,
291,Isaiah Rodgers,23,IND,CB,17,1,3,24,0,12,7,0,1,0,0,0,0.0,49,39,10,1,0,0,
292,Nick Scott,26,LAR,DB,17,1,2,3,0,3,4,0,0,0,0,0,0.0,47,28,19,0,0,0,
293,Nathan Shepherd,28,NYJ,DT,17,1,0,0,0,0,0,0,0,0,0,0,0.0,28,17,11,0,8,0,
294,Trent Sherfield,25,SFO,WR,17,1,0,0,0,0,0,0,0,2,0,0,0.0,4,4,0,0,0,0,
295,E.J. Speed,26,IND,LB,17,1,0,0,0,0,1,1,0,0,0,0,0.0,31,23,8,0,0,0,
296,Tylan Wallace,22,BAL,WR,17,1,0,0,0,0,0,0,0,0,0,0,0.0,9,4,5,0,0,0,
297,Jihad Ward,27,JAX,DE,17,1,0,0,0,0,0,0,0,0,0,0,2.0,32,10,22,3,7,0,
298,Tershawn Wharton,23,KAN,DE,17,1,1,0,0,0,1,2,0,0,0,0,2.0,29,13,16,0,2,0,
299,Javonte Williams,21,DEN,RB,17,1,0,0,0,0,0,0,2,1,0,0,0.0,1,1,0,0,0,0,
300,Matthew Adams,26,IND,LB,17,0,0,0,0,0,0,0,0,0,0,0,0.0,10,8,2,0,0,0,
301,Mario Addison,34,BUF,DE,17,0,0,0,0,0,0,2,0,0,0,0,7.0,29,20,9,8,7,0,
302,Troy Apke,26,WAS,DB,17,0,0,0,0,0,0,0,0,1,0,0,0.0,6,5,1,0,0,0,
303,Kalen Ballage,26,PIT,RB,17,0,0,0,0,0,0,0,0,0,0,0,0.0,1,1,0,0,0,0,
304,Tyler Bass,24,BUF,K,17,0,0,0,0,0,0,0,0,0,0,0,0.0,1,1,0,0,0,0,
305,Nick Bellore,32,SEA,LB,17,0,0,0,0,0,0,1,0,0,0,0,0.0,15,9,6,0,0,0,
306,Justin Bethel,31,NWE,DB,17,0,0,0,0,0,1,1,0,0,0,0,0.0,12,9,3,0,0,0,
307,Henry Black,24,GNB,S,17,0,1,0,0,0,2,1,0,0,0,0,0.0,38,28,10,0,0,0,
308,Jacob Bobenmoyer,24,DEN,LS,17,0,0,0,0,0,0,0,0,0,0,0,0.0,4,2,2,0,0,0,
309,Corey Bojorquez,25,GNB,P,17,0,0,0,0,0,0,0,0,0,0,0,0.0,1,1,0,0,0,0,
310,Chris Boswell,30,PIT,K,17,0,0,0,0,0,0,0,0,1,0,0,0.0,0,0,0,0,0,0,
311,K.J. Britt,22,TAM,LB,17,0,0,0,0,0,1,0,0,0,0,0,0.0,12,7,5,1,1,0,
312,Joe Cardona,29,NWE,LS,17,0,0,0,0,0,0,0,0,0,0,0,0.0,1,1,0,0,0,0,
313,Corey Clement,27,DAL,RB,17,0,0,0,0,0,0,0,0,0,3,0,0.0,4,4,0,0,0,0,
314,AJ Cole III,26,LVR,P,17,0,0,0,0,0,0,1,0,0,0,0,0.0,1,1,0,0,0,0,"PB,AP-1"
315,Morgan Cox,35,TEN,LS,17,0,0,0,0,0,0,0,0,0,0,0,0.0,1,1,0,0,0,0,
316,Mason Crosby,37,GNB,K,17,0,0,0,0,0,0,0,0,0,0,0,0.0,1,1,0,0,0,0,
317,DeeJay Dallas,23,SEA,RB,17,0,0,0,0,0,0,1,1,1,0,0,0.0,10,6,4,0,0,0,
318,Scott Daly,27,DET,G,17,0,0,0,0,0,0,0,0,0,0,0,0.0,1,0,1,0,0,0,
319,Cody Davis,32,NWE,DB,17,0,0,0,0,0,0,0,0,0,0,0,0.0,15,9,6,0,0,0,
320,Andrew DePaola,34,MIN,LS,17,0,0,0,0,0,0,0,0,0,0,0,0.0,4,2,2,0,0,0,
321,Riley Dixon,28,NYG,P,17,0,0,0,0,0,0,0,0,0,0,0,0.0,1,1,0,0,0,0,
322,Nick Dzubnar,30,TEN,LB,17,0,0,0,0,0,0,0,0,0,0,0,0.0,15,6,9,0,0,0,
323,Samuel Eguavoen,28,MIA,LB,17,0,0,0,0,0,0,0,0,1,0,1,0.5,16,9,7,0,7,0,
324,Alex Erickson,29,CAR,WR,17,0,0,0,0,0,0,0,0,0,0,0,0.0,1,1,0,0,0,0,
325,Matthias Farley,29,TEN,DB,17,0,0,0,0,0,0,1,0,1,-1,0,0.0,16,12,4,0,0,0,
326,Clayton Fejedelem,28,MIA,DB,17,0,0,0,0,0,0,0,1,0,-1,0,0.0,7,5,2,0,0,0,
327,Blake Ferguson,24,MIA,LS,17,0,0,0,0,0,0,0,0,1,-2,0,0.0,3,2,1,0,0,0,
328,Reid Ferguson,27,BUF,LS,17,0,0,0,0,0,0,0,0,0,0,0,0.0,1,1,0,0,0,0,
329,Matt Gay,27,LAR,K,17,0,0,0,0,0,0,0,0,0,0,0,0.0,1,1,0,0,0,0,PB
330,Ulysees Gilbert,24,PIT,LB,17,0,0,0,0,0,0,0,0,0,0,0,0.0,15,11,4,0,0,0,
331,Blake Gillikin,23,NOR,P,17,0,0,0,0,0,0,0,0,0,0,0,0.0,1,1,0,0,0,0,
332,C.J. Goodwin,31,DAL,DB,17,0,0,0,0,0,0,0,0,0,0,0,0.0,10,7,3,0,0,0,
333,Matt Haack,27,BUF,P,17,0,0,0,0,0,0,0,1,1,0,0,0.0,0,0,0,0,0,0,
334,Clark Harris,37,CIN,TE,17,0,0,0,0,0,0,0,0,0,0,0,0.0,1,0,1,0,0,0,
335,Josh Harris,32,ATL,DB,17,0,0,0,0,0,0,0,0,0,0,0,0.0,7,3,4,0,0,0,"PB,AP-2"
336,Penny Hart,25,SEA,WR,17,0,0,0,0,0,0,0,0,0,0,0,0.0,11,6,5,0,0,0,
337,Marquis Haynes,28,CAR,LB,17,0,0,0,0,0,1,0,0,0,0,0,3.0,20,9,11,3,5,0,
338,Johnny Hekker,31,LAR,P,17,0,0,0,0,0,0,0,1,1,0,0,0.0,0,0,0,0,0,0,
339,Thomas Hennessy,27,NYJ,LS,17,0,0,0,0,0,0,0,0,0,0,0,0.0,2,0,2,0,0,0,
340,Dustin Hopkins,31,2TM,K,17,0,0,0,0,0,0,0,0,0,0,0,0.0,3,1,2,0,0,0,
340,Dustin Hopkins,31,WAS,K,6,0,0,0,0,0,0,0,0,0,0,0,0.0,1,0,1,0,0,0,
340,Dustin Hopkins,31,LAC,K,11,0,0,0,0,0,0,0,0,0,0,0,0.0,2,1,1,0,0,0,
341,Tarron Jackson,23,PHI,DE,17,0,0,0,0,0,0,1,0,0,0,0,1.0,18,11,7,2,1,0,
342,J.J. Jansen,35,CAR,LS,17,0,0,0,0,0,0,0,0,0,0,0,0.0,1,0,1,0,0,0,
343,Taiwan Jones,33,BUF,RB,17,0,0,0,0,0,0,0,0,1,0,0,0.0,6,4,2,0,0,0,
344,Arden Key,25,SFO,DE,17,0,0,0,0,0,1,0,0,0,0,0,6.5,22,11,11,5,17,0,
345,Miles Killebrew,28,PIT,DB,17,0,0,0,0,0,0,0,0,0,0,0,0.0,13,9,4,1,0,0,
346,Younghoe Koo,27,ATL,K,17,0,0,0,0,0,0,0,0,0,0,0,0.0,3,2,1,0,0,0,
347,Christian Kuntz,27,PIT,LB,17,0,0,0,0,0,0,0,0,0,0,0,0.0,2,2,0,0,0,0,
348,Justin Layne,23,PIT,DB,17,0,0,0,0,0,0,0,0,1,0,0,0.0,16,12,4,0,0,0,
349,Rick Lovato,29,PHI,LS,17,0,0,0,0,0,0,0,0,0,0,0,0.0,2,2,0,0,0,0,
350,Tyler Matakevich,29,BUF,LB,17,0,1,15,0,15,1,0,0,0,0,0,0.0,19,12,7,0,0,0,
351,Ross Matiscik,25,JAX,LB,17,0,0,0,0,0,0,0,0,0,0,0,0.0,2,2,0,0,0,0,
352,Brandon McManus,30,DEN,K,17,0,0,0,0,0,0,0,0,0,0,0,0.0,1,1,0,0,0,0,
353,Jake McQuaide,34,DAL,LS,17,0,0,0,0,0,0,0,0,0,0,0,0.0,1,0,1,0,0,0,
354,Nick Moore,29,BAL,LS,17,0,0,0,0,0,0,0,0,0,0,0,0.0,4,4,0,0,0,0,
355,Jason Myers,30,SEA,K,17,0,0,0,0,0,0,0,0,0,0,0,0.0,4,3,1,0,0,0,
356,Siran Neal,27,BUF,DB,17,0,0,0,0,0,0,1,0,1,0,0,0.0,23,16,7,0,0,0,
357,Nick Niemann,24,LAC,LB,17,0,1,0,0,0,1,0,0,0,0,0,0.0,22,15,7,0,0,0,
358,Dorian O'Daniel,27,KAN,LB,17,0,0,0,0,0,0,0,0,0,0,0,0.0,7,4,3,0,0,0,
359,Pat O'Donnell,30,CHI,P,17,0,0,0,0,0,0,0,0,0,0,0,0.0,1,1,0,0,0,0,
360,Alex Okafor,30,KAN,DE,17,0,0,0,0,0,2,1,0,0,0,0,1.5,23,7,16,0,7,0,
361,Matthew Orzech,26,LAR,LS,17,0,0,0,0,0,0,0,1,0,-4,0,0.0,1,1,0,0,0,0,
362,Matt Overton,36,LAC,LS,17,0,0,0,0,0,0,0,0,0,0,0,0.0,2,2,0,0,0,0,
363,Shaquille Quarterman,24,JAX,LB,17,0,0,0,0,0,0,0,0,0,0,0,0.0,30,16,14,1,0,0,
364,Rigoberto Sanchez,27,IND,P,17,0,0,0,0,0,0,0,0,0,0,0,0.0,3,2,1,0,0,0,
365,Patrick Scales,33,CHI,LS,17,0,0,0,0,0,0,0,0,0,0,0,0.0,4,2,2,0,0,0,
366,Matthew Slater,36,NWE,WR,17,0,0,0,0,0,0,0,0,0,0,0,0.0,11,3,8,0,0,0,"PB,AP-2"
367,Tedarrell Slaton,24,GNB,DT,17,0,0,0,0,0,0,0,0,0,0,0,1.0,23,14,9,0,2,0,
368,Benny Snell Jr.,23,PIT,RB,17,0,0,0,0,0,0,0,0,0,0,0,0.0,7,3,4,0,0,0,
369,Julian Stanford,31,CAR,LB,17,0,0,0,0,0,0,1,0,0,0,0,0.0,14,8,6,0,0,0,
370,Shamar Stephen,30,DEN,DT,17,0,0,0,0,0,2,0,0,0,0,0,0.0,34,12,22,0,3,0,
371,Grant Stuard,23,TAM,LB,17,0,0,0,0,0,0,1,0,0,0,0,0.0,15,8,7,0,0,0,
372,Solomon Thomas,26,LVR,DE,17,0,0,0,0,0,2,2,0,0,0,0,3.5,34,17,17,3,12,0,
373,Deionte Thompson,24,ARI,DB,17,0,0,0,0,0,0,0,0,0,0,0,0.0,8,5,3,0,0,0,
374,Jon Weeks,35,HOU,LS,17,0,0,0,0,0,0,0,0,0,0,0,0.0,2,1,1,0,0,0,
375,Mitch Wishnowsky,29,SFO,P,17,0,0,0,0,0,0,0,0,0,0,0,0.0,3,3,0,0,0,0,
376,Davante Adams,29,GNB,WR,16,16,0,0,0,0,0,0,0,0,0,0,0.0,1,1,0,0,0,0,"PB,AP-1"
377,Keenan Allen,29,LAC,WR,16,16,0,0,0,0,0,0,1,0,0,0,0.0,1,1,0,0,0,0,PB
378,Jerome Baker,25,MIA,LLB,16,16,1,0,0,0,4,1,0,0,0,0,5.5,92,62,30,9,15,0,
379,Vonn Bell,27,CIN,SS,16,16,1,15,0,15,8,3,0,1,0,0,0.5,97,64,33,5,1,0,
380,Ja'Whaun Bentley,25,NWE,LILB,16,16,0,0,0,0,2,3,0,0,0,0,1.0,109,68,41,5,5,0,
381,Joey Bosa,26,LAC,LOLB,16,16,0,0,0,0,0,7,0,0,0,0,10.5,51,36,15,5,20,0,PB
382,Bradley Bozeman,27,BAL,C,16,16,0,0,0,0,0,0,1,0,-2,0,0.0,1,1,0,0,0,0,
383,Michael Brockers,31,DET,LDE,16,16,0,0,0,0,0,0,0,0,0,0,1.0,52,23,29,4,1,0,
384,Anthony Brown,28,DAL,RCB,16,16,3,45,1,45,17,1,0,0,0,0,0.0,71,59,12,1,0,0,
385,Marquise Brown,24,BAL,WR,16,16,0,0,0,0,0,0,3,0,0,0,0.0,0,0,0,0,0,0,
386,Joe Burrow,25,CIN,QB,16,16,0,0,0,0,0,0,5,1,0,0,0.0,1,1,0,0,0,0,AP CPoY-1
387,De'Vondre Campbell,28,GNB,RILB,16,16,2,15,0,13,5,2,0,1,3,0,2.0,146,102,44,6,6,0,AP-1
388,Jeremy Chinn,23,CAR,FS,16,16,1,0,0,0,5,1,0,1,16,0,1.0,107,75,32,6,5,0,
389,Chuck Clark,26,BAL,SS,16,16,2,17,1,17,12,0,0,0,0,0,1.0,80,49,31,3,1,0,
390,Kenny Clark,26,GNB,NT,16,16,0,0,0,0,0,0,0,1,0,0,4.0,48,27,21,6,13,0,PB
391,Kirk Cousins,33,MIN,QB,16,16,0,0,0,0,0,0,12,4,0,0,0.0,1,1,0,0,0,0,PB
392,Fletcher Cox,31,PHI,RDT,16,16,0,0,0,0,0,2,0,1,0,1,3.5,35,25,10,7,12,0,
393,Demario Davis,32,NOR,MLB,16,16,0,0,0,0,7,0,0,0,0,0,3.0,105,70,35,13,10,0,AP-2
394,Trevon Diggs,23,DAL,LCB,16,16,11,142,2,59,21,0,0,0,0,0,0.0,52,43,9,0,0,0,"PB,AP-1"
395,Austin Ekeler,26,LAC,RB,16,16,0,0,0,0,0,0,4,0,0,0,0.0,0,0,0,0,0,0,
396,Mike Evans,28,TAM,WR,16,16,0,0,0,0,0,0,0,0,0,0,0.0,1,1,0,0,0,0,PB
397,Noah Fant,24,DEN,TE,16,16,0,0,0,0,0,0,0,0,0,0,0.0,2,2,0,0,0,0,
398,Matt Feiler,29,LAC,LG,16,16,0,0,0,0,0,0,0,0,0,0,0.0,1,1,0,0,0,0,
399,Minkah Fitzpatrick,25,PIT,FS,16,16,2,18,0,18,7,1,0,1,-1,0,0.0,124,84,40,1,0,0,
400,John Franklin-Myers,25,NYJ,LDE,16,16,1,32,0,32,1,1,0,0,0,0,6.0,35,17,18,6,14,0,
401,Jordan Fuller,23,LAR,SS,16,16,1,34,0,34,4,0,0,0,0,0,0.0,113,63,50,1,0,0,
402,Kendall Fuller,26,WAS,LCB,16,16,1,0,0,0,16,0,0,0,0,0,1.0,77,64,13,2,1,0,
403,Rashan Gary,24,GNB,ROLB,16,16,0,0,0,0,0,2,0,1,0,0,9.5,47,27,20,8,28,0,
404,Melvin Gordon,28,DEN,RB,16,16,0,0,0,0,0,0,3,0,0,0,0.0,0,0,0,0,0,0,
405,Javon Hargrave,28,PHI,LDT,16,16,0,0,0,0,1,1,0,0,0,0,7.5,63,27,36,9,18,0,PB
406,Shelby Harris,30,DEN,RDE,16,16,0,0,0,0,2,1,0,0,0,0,6.0,49,24,25,7,11,0,
407,Alex Highsmith,24,PIT,ROLB,16,16,0,0,0,0,0,1,0,0,0,0,6.0,74,46,28,15,15,0,
408,Cole Holcomb,25,WAS,LLB,16,16,2,54,1,31,7,2,0,1,0,0,1.0,142,83,59,2,2,0,
409,Austin Hooper,27,CLE,TE,16,16,0,0,0,0,0,0,0,0,0,0,0.0,2,2,0,0,0,0,
410,Xavien Howard,28,MIA,RCB,16,16,5,54,1,37,16,2,0,2,51,1,1.0,50,39,11,0,1,0,PB
411,Sam Hubbard,26,CIN,LDE,16,16,0,0,0,0,3,1,0,2,43,0,7.5,62,33,29,12,17,0,
412,Jonah Jackson,24,DET,LG,16,16,0,0,0,0,0,0,0,0,0,0,0.0,1,1,0,0,0,0,PB
413,Malik Jackson,31,CLE,RDT,16,16,0,0,0,0,4,0,0,0,0,0,0.5,25,7,18,2,7,0,
414,Malcolm Jenkins,34,NOR,SS,16,16,1,34,1,34,5,1,0,0,0,0,1.0,79,53,26,3,2,0,
415,Byron Jones,29,MIA,LCB,16,16,0,0,0,0,10,1,0,0,0,0,0.0,58,47,11,0,0,0,
416,Deion Jones,27,ATL,LILB,16,16,0,0,0,0,6,1,0,0,0,0,2.0,137,87,50,8,4,0,
417,Cameron Jordan,32,NOR,LDE,16,16,0,0,0,0,6,2,0,0,0,0,12.5,59,38,21,13,22,0,PB
418,Travis Kelce,32,KAN,TE,16,16,0,0,0,0,0,0,1,0,0,0,0.0,0,0,0,0,0,0,"PB,AP-2"
419,Marshon Lattimore,25,NOR,RCB,16,16,3,35,0,20,19,0,0,1,1,0,0.0,68,55,13,0,0,0,PB
420,Shaquille Leonard,26,IND,LLB,16,16,4,12,0,7,8,8,1,3,31,0,0.0,122,75,47,4,3,0,"PB,AP-1"
421,Corey Linsley,30,LAC,C,16,16,0,0,0,0,0,0,0,0,0,0,0.0,1,1,0,0,0,0,"PB,AP-2"
422,Ali Marpet,28,TAM,LG,16,16,0,0,0,0,0,0,0,0,0,0,0.0,1,1,0,0,0,0,PB
423,Zack Martin,31,DAL,RG,16,16,0,0,0,0,0,0,0,1,0,0,0.0,0,0,0,0,0,0,"PB,AP-1"
424,Tyrann Mathieu,29,KAN,SS,16,16,3,56,1,34,6,0,0,3,12,0,1.0,76,60,16,2,2,0,PB
425,Kaleb McGary,26,ATL,RT,16,16,0,0,0,0,0,0,0,1,0,0,0.0,0,0,0,0,0,0,
426,Matt Milano,27,BUF,LLB,16,16,0,0,0,0,5,0,0,2,0,0,3.0,86,57,29,15,6,0,
427,Jalen Mills,27,NWE,RCB,16,16,0,0,0,0,7,0,0,1,0,0,0.0,47,35,12,1,0,0,
428,Joe Mixon,25,CIN,RB,16,16,0,0,0,0,0,0,2,2,0,0,0.0,0,0,0,0,0,0,PB
429,Fabian Moreau,27,ATL,RCB,16,16,0,0,0,0,11,0,0,1,0,0,0.0,61,44,17,3,0,0,
430,C.J. Mosley,29,NYJ,LLB,16,16,0,0,0,0,2,2,0,0,0,0,2.0,168,103,65,2,3,0,
431,Byron Murphy,23,ARI,LCB,16,16,4,49,1,29,12,1,0,1,0,0,0.5,64,49,15,0,1,0,
432,Steven Nelson,28,PHI,LCB,16,16,1,4,0,4,7,0,0,0,0,0,0.0,50,34,16,0,0,0,
433,Alec Ogletree,30,CHI,LILB,16,16,0,0,0,0,4,1,0,0,0,0,0.0,87,55,32,5,3,0,
434,Larry Ogunjobi,27,CIN,LDT,16,16,0,0,0,0,0,0,0,0,0,0,7.0,49,29,20,12,16,0,
435,Chukwuma Okorafor,24,PIT,RT,16,16,0,0,0,0,0,0,0,1,0,0,0.0,0,0,0,0,0,0,
436,Micah Parsons,22,DAL,LLB,16,16,0,0,0,0,3,3,0,0,0,0,13.0,84,64,20,20,30,0,"PB,AP-1,AP DPoY-2,AP DRoY-1"
437,Tim Patrick,28,DEN,WR,16,16,0,0,0,0,0,0,0,1,2,0,0.0,0,0,0,0,0,0,
438,Jordan Poyer,30,BUF,SS,16,16,5,87,0,26,9,0,0,0,0,0,3.0,93,66,27,8,3,0,AP-1
439,Dak Prescott,28,DAL,QB,16,16,0,0,0,0,0,0,14,7,17,0,0.0,0,0,0,0,0,0,AP CPoY-2
440,Robert Quinn,31,CHI,LOLB/ROLB,16,16,0,0,0,0,0,4,0,0,0,0,18.5,49,38,11,17,22,0,"PB,AP-2"
441,Jalen Ramsey,27,LAR,RCB,16,16,4,41,0,25,16,1,0,1,8,0,0.0,77,62,15,9,1,0,"PB,AP-1"
442,Haason Reddick,27,CAR,RLB,16,16,0,0,0,0,0,2,0,1,22,0,11.0,68,37,31,12,18,0,
443,Aaron Rodgers,38,GNB,QB,16,16,0,0,0,0,0,0,3,2,-2,0,0.0,0,0,0,0,0,0,"PB,AP-1,AP MVP-1,AP OPoY-4"
444,Ben Roethlisberger,39,PIT,QB,16,16,0,0,0,0,0,0,11,5,7,0,0.0,0,0,0,0,0,0,
445,Darius Slay,30,PHI,RCB,16,16,3,72,1,51,9,0,0,2,116,2,0.0,52,40,12,5,0,0,PB
446,Preston Smith,29,GNB,LOLB,16,16,0,0,0,0,2,2,1,2,4,0,9.0,38,25,13,9,17,0,
447,Nate Solder,33,NYG,RT,16,16,0,0,0,0,0,0,0,0,0,0,0.0,2,2,0,0,0,0,
448,Quinton Spain,30,CIN,LG,16,16,0,0,0,0,0,0,0,0,0,0,0.0,1,1,0,0,0,0,
449,Cameron Sutton,26,PIT,RCB,16,16,2,4,0,4,6,1,0,0,0,0,0.0,52,44,8,4,0,0,
450,Geoff Swaim,28,TEN,TE,16,16,0,0,0,0,0,0,0,0,0,0,0.0,3,2,1,0,0,0,
451,AJ Terrell,23,ATL,LCB,16,16,3,42,0,35,16,1,0,0,0,0,1.0,81,52,29,3,1,0,AP-2
452,Dalvin Tomlinson,27,MIN,RDT,16,16,0,0,0,0,2,0,0,1,0,0,2.5,39,17,22,2,7,0,
453,J.C. Tretter,30,CLE,C,16,16,0,0,0,0,0,0,0,1,0,0,0.0,0,0,0,0,0,0,
454,Vita Vea,26,TAM,NT,16,16,0,0,0,0,3,0,0,1,0,0,4.0,33,22,11,5,12,0,PB
455,Jaylen Waddle,23,MIA,WR,16,16,0,0,0,0,0,0,2,0,0,0,0.0,3,3,0,0,0,0,
456,Bobby Wagner,31,SEA,LILB,16,16,1,3,0,3,5,1,0,0,0,0,1.0,170,93,77,3,3,0,"PB,AP-2"
457,Jimmie Ward,30,SFO,FS,16,16,2,27,1,27,6,0,0,0,0,0,0.0,77,51,26,1,0,0,
458,Fred Warner,25,SFO,MLB,16,16,0,0,0,0,4,1,0,3,0,0,0.5,137,79,58,7,3,0,
459,Marcus Williams,25,NOR,FS,16,16,2,56,0,53,8,1,0,0,0,0,0.0,74,52,22,0,0,0,
460,Al Woods,34,SEA,RDE,16,16,0,0,0,0,3,0,0,0,0,0,1.5,50,26,24,4,5,0,
461,Eli Apple,26,CIN,LCB,16,15,2,50,0,50,10,0,1,1,0,0,0.0,49,38,11,2,0,0,
462,Derek Barnett,25,PHI,RDE,16,15,0,0,0,0,0,0,0,0,0,0,2.0,46,20,26,7,11,0,
463,Dion Dawkins,27,BUF,LT,16,15,0,0,0,0,0,0,0,0,0,0,0.0,1,1,0,0,0,0,PB
464,Taylor Heinicke,28,WAS,QB,16,15,0,0,0,0,0,0,7,6,1,0,0.0,0,0,0,0,0,0,
465,Josh Hines-Allen,24,JAX,LOLB,16,15,1,11,0,11,4,1,0,1,0,0,7.5,71,46,25,12,14,0,
466,Taron Johnson,25,BUF,RLB,16,15,1,4,0,4,7,1,0,0,0,0,3.0,76,53,23,4,3,0,
467,Jayron Kearse,27,DAL,SS,16,15,2,34,0,34,10,0,0,1,1,0,1.0,101,67,34,9,6,0,
468,Roy Lopez,24,HOU,RDT,16,15,0,0,0,0,0,0,0,1,6,0,1.0,31,20,11,5,2,0,
469,Billy Price,27,NYG,C,16,15,0,0,0,0,0,0,0,1,0,0,0.0,1,1,0,0,0,0,
470,Deebo Samuel,25,SFO,WR,16,15,0,0,0,0,0,0,4,1,0,0,0.0,1,1,0,0,0,0,"PB,AP-1"
471,Joe Schobert,28,PIT,LILB,16,15,1,23,0,23,6,1,0,0,0,0,0.0,112,70,42,2,1,0,
472,Patrick Surtain II,21,DEN,LCB/RCB,16,15,4,70,1,70,14,0,0,0,0,0,0.0,58,45,13,1,0,0,
473,Jerry Tillery,25,LAC,LDE,16,15,0,0,0,0,0,0,0,0,0,0,4.5,51,24,27,6,14,0,
474,Isaiah Wynn,26,NWE,LT,16,15,0,0,0,0,0,0,0,0,0,0,0.0,1,1,0,0,0,0,
475,Derrick Brown,23,CAR,LDT,16,14,0,0,0,0,4,0,0,0,0,0,3.0,41,27,14,8,9,0,
476,Kamren Curl,22,WAS,FS,16,14,0,0,0,0,5,0,0,1,0,0,1.0,99,62,37,2,3,0,
477,T.J. Edwards,25,PHI,MLB,16,14,1,1,0,1,5,0,0,1,0,0,1.0,130,64,66,5,2,0,
478,Antonio Gibson,23,WAS,RB,16,14,0,0,0,0,0,0,6,0,0,0,0.0,1,1,0,0,0,0,
479,Mark Glowinski,29,IND,RG,16,14,0,0,0,0,0,0,0,0,0,0,0.0,1,1,0,0,0,0,
480,Trey Hendrickson,27,CIN,RDE,16,14,0,0,0,0,0,3,0,0,0,0,14.0,34,21,13,12,27,0,PB
481,Diontae Johnson,25,PIT,WR,16,14,0,0,0,0,0,0,2,0,0,0,0.0,0,0,0,0,0,0,PB
482,Eric Stokes,22,GNB,LCB/RCB,16,14,1,0,0,0,14,0,0,0,0,0,0.0,55,43,12,0,0,0,
483,Antony Auclair,28,HOU,TE,16,13,0,0,0,0,0,0,0,0,0,0,0.0,1,1,0,0,0,0,
484,Krys Barnes,23,GNB,LILB,16,13,0,0,0,0,4,0,0,2,1,0,1.0,81,58,23,4,1,0,
485,Jevon Holland,21,MIA,FS,16,13,2,0,0,0,10,0,2,3,3,0,2.5,69,48,21,3,7,0,
486,CeeDee Lamb,22,DAL,WR,16,13,0,0,0,0,0,0,0,0,0,0,0.0,2,2,0,0,0,0,PB
487,Jourdan Lewis,26,DAL,DB,16,13,3,88,0,66,11,1,0,2,10,0,1.5,61,47,14,1,3,0,
488,Zach Pascal,27,IND,WR,16,13,0,0,0,0,0,0,1,0,0,0,0.0,2,2,0,0,0,0,
489,Cordarrelle Patterson,30,ATL,RB,16,13,0,0,0,0,0,0,2,3,9,0,0.0,1,0,1,0,0,0,
490,Kyle Rudolph,32,NYG,TE,16,13,0,0,0,0,0,0,0,1,0,0,0.0,0,0,0,0,0,0,
491,Terence Steele,24,DAL,RT/LT,16,13,0,0,0,0,0,0,0,0,0,0,0.0,1,1,0,0,0,0,
492,Josh Sweat,24,PHI,LDE,16,13,0,0,0,0,4,1,0,0,0,0,7.5,45,19,26,7,13,0,PB
493,Quincy Williams,25,NYJ,MLB,16,13,0,0,0,0,5,3,0,0,0,0,2.0,110,73,37,9,4,0,
494,Genard Avery,26,PHI,LLB,16,12,0,0,0,0,0,0,0,0,0,0,1.0,43,21,22,4,2,0,
495,Nick Bolton,21,KAN,RLB,16,12,0,0,0,0,3,0,0,1,86,1,0.0,112,70,42,11,3,0,
496,Evan Brown,25,DET,C,16,12,0,0,0,0,0,0,0,1,0,0,0.0,0,0,0,0,0,0,
497,Bryan Edwards,23,LVR,WR,16,12,0,0,0,0,0,0,1,0,0,0,0.0,1,0,1,0,0,0,
498,Desmond King,27,HOU,LCB,16,12,3,25,0,25,6,1,0,0,0,0,0.0,93,68,25,1,0,0,
499,Osa Odighizuwa,23,DAL,LDT,16,12,0,0,0,0,0,0,0,0,0,0,2.0,36,21,15,6,11,0,
500,Nick Vigil,28,MIN,RLB,16,12,1,38,1,38,1,0,0,0,0,0,1.0,85,45,40,4,3,0,
501,Sidney Jones,25,SEA,LCB,16,11,0,0,0,0,10,0,0,0,0,0,0.0,66,45,21,1,0,0,
502,Eric Murray,27,HOU,FS,16,11,1,0,0,0,4,0,0,0,0,0,0.0,76,48,28,0,0,0,
503,David Njoku,25,CLE,TE,16,11,0,0,0,0,0,0,0,1,0,0,0.0,2,2,0,0,0,0,
504,Adetokunbo Ogundeji,23,ATL,ROLB,16,11,0,0,0,0,1,0,0,1,0,0,1.0,33,18,15,5,2,0,
505,Jonnu Smith,26,NWE,TE,16,11,0,0,0,0,0,0,1,2,0,0,0.0,0,0,0,0,0,0,
506,Tommy Tremble,21,CAR,TE,16,11,0,0,0,0,0,0,0,0,0,0,0.0,3,2,1,0,0,0,
507,Tyler Boyd,27,CIN,WR,16,10,0,0,0,0,0,0,1,1,0,0,0.0,1,1,0,0,0,0,
508,Chris Conley,29,HOU,WR,16,10,0,0,0,0,0,0,1,0,0,0,0.0,1,0,1,0,0,0,
509,Jared Cook,34,LAC,TE,16,10,0,0,0,0,0,0,0,0,0,0,0.0,1,1,0,0,0,0,
510,Kyle Fuller,29,DEN,LCB,16,10,0,0,0,0,4,0,0,0,0,0,0.0,51,40,11,3,0,0,
511,Dexter Lawrence,24,NYG,LDE,16,10,0,0,0,0,2,1,0,0,0,0,2.5,54,27,27,5,11,0,
512,Laviska Shenault Jr.,23,JAX,WR,16,10,0,0,0,0,0,0,1,1,0,0,0.0,1,1,0,0,0,0,
513,Dawuane Smoot,26,JAX,RDE,16,10,0,0,0,0,3,1,0,0,0,0,6.0,36,22,14,7,16,0,
514,Pat Freiermuth,23,PIT,TE,16,9,0,0,0,0,0,0,1,0,0,0,0.0,1,1,0,0,0,0,
515,Trevis Gipson,24,CHI,LOLB,16,9,0,0,0,0,2,5,0,1,0,0,7.0,39,23,16,7,7,0,
516,Nate Hobbs,22,LVR,DB,16,9,1,9,0,9,3,1,0,0,0,0,1.0,74,51,23,3,4,0,
517,Dean Marlowe,29,DET,DB,16,9,0,0,0,0,2,0,0,1,0,0,0.0,67,37,30,0,2,0,
518,MyCole Pruitt,29,TEN,TE,16,9,0,0,0,0,0,0,0,0,0,0,0.0,2,0,2,0,0,0,
519,Deatrich Wise Jr.,27,NWE,LDE,16,9,0,0,0,0,4,1,0,0,0,0,3.0,41,28,13,4,9,0,
520,Cole Beasley,32,BUF,WR,16,8,0,0,0,0,0,0,1,0,0,0,0.0,0,0,0,0,0,0,
521,Jamin Davis,23,WAS,MLB,16,8,0,0,0,0,1,0,0,0,0,0,1.0,76,48,28,3,2,0,
522,Devonta Freeman,29,BAL,RB,16,8,0,0,0,0,0,0,0,0,0,0,0.0,1,1,0,0,0,0,
523,DaVon Hamilton,24,JAX,RDE,16,8,0,0,0,0,2,0,0,1,0,0,1.0,46,26,20,2,2,0,
524,Alex Singleton,28,PHI,RLB,16,8,1,29,1,29,4,1,0,1,0,0,0.0,137,81,56,4,2,0,
525,Kyle Van Noy,30,NWE,LILB,16,8,1,35,1,35,10,2,0,1,0,0,5.0,66,42,24,5,7,0,
526,Greedy Williams,24,CLE,RCB,16,8,2,7,0,7,10,1,0,0,0,0,0.0,41,35,6,0,0,0,
527,Tevaughn Campbell,28,LAC,RCB,16,7,0,0,0,0,4,2,0,1,61,1,0.0,40,31,9,0,0,0,
528,Devin Duvernay,24,BAL,WR,16,7,0,0,0,0,0,0,1,2,2,1,0.0,0,0,0,0,0,0,"PB,AP-1"
529,Dre'Mont Jones,24,DEN,LDE,16,7,0,0,0,0,2,1,0,1,0,0,5.5,31,18,13,9,11,0,
530,Elijah Molden,22,TEN,DB,16,7,1,2,1,2,4,1,0,1,0,0,0.0,62,43,19,3,1,0,
531,Nick Westbrook-Ikhine,24,TEN,WR,16,7,0,0,0,0,0,0,1,0,0,0,0.0,3,1,2,0,0,0,
532,Brady Christensen,25,CAR,LT,16,6,0,0,0,0,0,0,0,0,0,0,0.0,1,1,0,0,0,0,
533,Matthew Ioannidis,27,WAS,DT,16,6,0,0,0,0,0,0,0,0,0,0,2.5,38,16,22,3,11,0,
534,Blake Lynch,24,MIN,LLB,16,6,1,2,0,2,2,1,0,1,0,0,2.0,35,23,12,1,1,0,
535,Lee Smith,34,ATL,TE,16,6,0,0,0,0,0,0,0,0,0,0,0.0,1,1,0,0,0,0,
536,Casey Toohill,25,WAS,LDE,16,6,0,0,0,0,1,0,0,0,0,0,1.0,27,16,11,1,6,0,
537,Mackensie Alexander,28,MIN,RLB,16,5,0,0,0,0,5,0,0,0,0,0,0.0,51,33,18,1,0,0,
538,Rex Burkhead,31,HOU,RB,16,5,0,0,0,0,0,0,1,0,0,0,0.0,2,2,0,0,0,0,
539,Jonathon Cooper,23,DEN,LOLB,16,5,0,0,0,0,0,0,0,1,0,0,2.5,38,22,16,4,7,0,
540,Reggie Gilliam,24,BUF,FB,16,5,0,0,0,0,0,0,0,0,0,0,0.0,3,1,2,0,0,0,
541,Markus Golden,30,ARI,ROLB,16,5,0,0,0,0,1,4,0,2,0,0,11.0,48,33,15,10,19,0,
542,Nate Herbig,23,PHI,RG,16,5,0,0,0,0,0,0,2,1,-22,0,0.0,0,0,0,0,0,0,
543,David Long,23,LAR,DB,16,5,1,0,0,0,4,0,0,0,0,0,0.0,40,35,5,0,0,0,
544,Avonte Maddox,25,PHI,LB,16,5,1,-1,0,-1,9,2,0,0,0,0,0.5,73,53,20,5,3,0,
545,Ray-Ray McCloud,25,PIT,WR,16,5,0,0,0,0,0,0,4,2,1,0,0.0,2,2,0,0,0,0,
546,Kevin Minter,31,TAM,RILB,16,5,0,0,0,0,0,0,0,0,0,0,1.0,40,26,14,2,3,0,
547,Ryan Neal,26,SEA,SS,16,5,0,0,0,0,3,0,0,0,0,0,1.0,49,32,17,3,3,0,
548,Jack Stoll,23,PHI,TE,16,5,0,0,0,0,0,0,0,1,0,0,0.0,2,1,1,0,0,0,
549,Justin Strnad,25,DEN,RILB,16,5,0,0,0,0,0,0,0,0,0,0,0.0,36,23,13,0,1,0,
550,Darrell Taylor,24,SEA,LDE,16,5,0,0,0,0,1,1,0,0,0,0,6.5,37,28,9,7,13,0,
551,P.J. Williams,28,NOR,DB,16,5,3,86,1,46,5,1,0,0,0,0,2.0,42,36,6,3,4,0,
552,Devontae Booker,29,NYG,RB,16,4,0,0,0,0,0,0,0,0,0,0,0.0,3,3,0,0,0,0,
553,Justin Coleman,28,MIA,DB,16,4,2,0,0,0,3,0,0,0,0,0,0.0,27,20,7,1,0,0,
554,Gabriel Davis,22,BUF,WR,16,4,0,0,0,0,0,0,0,0,0,0,0.0,1,1,0,0,0,0,
555,Adam Gotsis,29,JAX,DE,16,4,0,0,0,0,0,0,0,0,0,0,3.0,27,20,7,6,7,0,
556,Frankie Luvu,25,CAR,LB,16,4,0,0,0,0,1,1,0,3,35,0,1.5,43,26,17,8,5,0,
557,Alexander Mattison,23,MIN,RB,16,4,0,0,0,0,0,0,1,1,1,0,0.0,0,0,0,0,0,0,
558,David Mayo,28,WAS,LB,16,4,0,0,0,0,0,0,0,1,0,0,0.0,28,20,8,2,1,0,
559,Boston Scott,26,PHI,RB,16,4,0,0,0,0,0,0,1,0,0,0,0.0,2,1,1,0,0,0,
560,Cedrick Wilson Jr.,26,DAL,WR,16,4,0,0,0,0,0,0,3,1,0,0,0.0,1,1,0,0,0,0,
561,Markus Bailey,24,CIN,LB,16,3,0,0,0,0,3,0,0,0,0,0,0.5,38,21,17,0,1,0,
562,Harrison Bryant,23,CLE,TE,16,3,0,0,0,0,0,0,0,0,0,0,0.0,2,0,2,0,0,0,
563,Brandon Copeland,30,ATL,LB,16,3,0,0,0,0,2,0,0,0,0,0,0.0,39,23,16,4,2,0,
564,Christian Covington,28,LAC,DT,16,3,0,0,0,0,0,1,0,0,0,0,1.0,52,30,22,3,1,0,
565,Jordan Elliott,24,CLE,DT,16,3,0,0,0,0,1,0,0,0,0,0,0.5,26,10,16,0,4,0,
566,Marcus Epps,25,PHI,DB,16,3,1,0,0,0,5,0,0,0,0,0,0.0,62,39,23,0,0,0,
567,Tre Flowers,26,2TM,DB,16,4,0,0,0,0,1,0,0,1,0,0,0.0,39,29,10,0,0,0,
567,Tre Flowers,26,SEA,DB,5,3,0,0,0,0,0,0,0,0,0,0,0.0,16,15,1,0,0,0,
567,Tre Flowers,26,CIN,DB,11,1,0,0,0,0,1,0,0,1,0,0,0.0,23,14,9,0,0,0,
568,Dontae Johnson,30,SFO,DB,16,3,0,0,0,0,2,1,0,2,0,0,0.0,30,20,10,0,0,0,
569,Ty Johnson,24,NYJ,RB,16,3,0,0,0,0,0,0,2,0,0,0,0.0,3,2,1,0,0,0,
570,Ronald Jones II,24,TAM,RB,16,3,0,0,0,0,0,0,2,0,0,0,0.0,0,0,0,0,0,0,
571,Tyler Lancaster,27,GNB,DT,16,3,0,0,0,0,0,0,0,0,0,0,0.0,31,15,16,3,0,0,
572,Sheldon Rankins,27,NYJ,DT,16,3,0,0,0,0,0,0,0,2,0,0,3.0,32,15,17,5,7,0,
573,Duke Riley,27,MIA,LB,16,3,0,0,0,0,0,0,0,0,0,0,0.0,26,15,11,0,0,0,
574,JJ Arcega-Whiteside,24,PHI,WR,16,2,0,0,0,0,0,1,0,1,0,0,0.0,5,4,1,0,0,0,
575,Terrell Burgess,23,LAR,S,16,2,0,0,0,0,0,0,0,0,0,0,0.0,10,4,6,0,0,0,
576,Chris Claybrooks,24,JAX,CB,16,2,0,0,0,0,2,0,0,1,0,0,0.0,29,17,12,0,0,0,
577,Josiah Deguara,24,GNB,TE,16,2,0,0,0,0,0,0,0,0,0,0,0.0,1,1,0,0,0,0,
578,Demetric Felton,23,CLE,WR,16,2,0,0,0,0,0,1,4,4,0,0,0.0,4,2,2,0,0,0,
579,Jalen Guyton,24,LAC,WR,16,2,0,0,0,0,0,0,1,1,0,0,0.0,0,0,0,0,0,0,
580,B.J. Hill,26,CIN,DT,16,2,0,0,0,0,0,0,0,0,0,0,5.5,50,29,21,6,12,0,
581,Ryan Kerrigan,33,PHI,DE,16,2,0,0,0,0,0,0,0,0,0,0,0.0,3,3,0,1,2,0,
582,Arthur Maulet,28,PIT,DB,16,2,0,0,0,0,1,1,0,0,0,0,0.0,47,38,9,5,2,0,
583,Alton Robinson,23,SEA,DE,16,2,0,0,0,0,1,1,0,0,0,0,1.0,22,13,9,5,3,0,
584,Chester Rogers,27,TEN,WR,16,2,0,0,0,0,0,0,4,3,53,0,0.0,0,0,0,0,0,0,
585,Daniel Thomas,23,JAX,S,16,2,0,0,0,0,0,0,0,0,0,0,0.0,27,17,10,0,0,0,
586,Marcus Allen,25,PIT,DB,16,1,0,0,0,0,0,0,0,0,0,0,0.0,13,6,7,0,0,0,
587,Cody Barton,25,SEA,LB,16,1,0,0,0,0,1,0,0,0,0,0,0.0,37,23,14,1,2,0,
588,Braxton Berrios,26,NYJ,WR,16,1,0,0,0,0,0,0,1,0,0,0,0.0,0,0,0,0,0,0,AP-1
589,Cethan Carter,26,MIA,TE,16,1,0,0,0,0,0,0,0,0,0,0,0.0,8,4,4,0,0,0,
590,Andre Chachere,25,PHI,DB,16,1,0,0,0,0,0,0,0,0,0,0,0.0,15,13,2,1,0,0,
591,Michael Dogbe,25,ARI,DE,16,1,0,0,0,0,0,0,0,1,0,0,1.0,27,14,13,1,2,0,
592,Kenneth Gainwell,22,PHI,RB,16,1,0,0,0,0,0,0,2,0,0,0,0.0,0,0,0,0,0,0,
593,Jonathan Garvin,22,GNB,DE,16,1,0,0,0,0,0,0,0,0,0,0,1.5,19,15,4,1,5,0,
594,Noah Gray,22,KAN,TE,16,1,0,0,0,0,0,0,0,0,0,0,0.0,2,0,2,0,0,0,
595,Nate Hairston,27,DEN,DB,16,1,0,0,0,0,4,0,0,0,0,0,0.0,9,6,3,0,0,0,
596,Kendall Hinton,24,DEN,WR,16,1,0,0,0,0,0,0,0,0,0,0,0.0,1,1,0,0,0,0,
597,KhaDarel Hodge,26,DET,WR,16,1,0,0,0,0,0,0,0,0,0,0,0.0,5,5,0,0,0,0,
598,Jauan Jennings,24,SFO,WR,16,1,0,0,0,0,0,0,1,2,0,0,0.0,1,1,0,0,0,0,
599,Dallin Leavitt,27,LVR,DB,16,1,0,0,0,0,2,0,0,2,30,0,0.0,35,17,18,0,0,0,
600,Zech McPhearson,23,PHI,DB,16,1,0,0,0,0,1,0,0,0,0,0,0.0,16,7,9,0,0,0,
601,Rakeem Nunez-Roches,28,TAM,NT,16,1,0,0,0,0,0,1,0,0,0,0,0.0,17,5,12,3,1,0,
602,Giovanni Ricci,25,CAR,FB,16,1,0,0,0,0,0,0,0,0,0,0,0.0,7,5,2,0,0,0,
603,Amari Rodgers,22,GNB,WR,16,1,0,0,0,0,0,0,2,1,0,0,0.0,3,3,0,0,0,0,
604,Chapelle Russell,24,JAX,LB,16,1,0,0,0,0,0,0,0,0,0,0,0.0,18,10,8,0,0,0,
605,Taylor Stallworth,26,IND,DT,16,1,0,0,0,0,1,0,0,0,0,0,3.0,16,11,5,4,12,0,
606,Isaac Yiadom,25,GNB,DB,16,1,0,0,0,0,0,0,0,0,0,0,0.0,10,9,1,0,0,0,
607,Olasunkanmi Adeniyi,24,TEN,LB,16,0,0,0,0,0,1,0,0,0,0,0,2.5,21,14,7,2,8,0,
608,Chris Banjo,31,ARI,DB,16,0,0,0,0,0,0,0,0,0,0,0,0.0,7,4,3,0,0,0,
609,Christian Blake,25,ATL,WR,16,0,0,0,0,0,0,0,0,0,0,0,0.0,4,4,0,0,0,0,
610,Chris Board,26,BAL,LB,16,0,0,0,0,0,0,0,0,0,0,0,0.0,41,18,23,0,2,0,
611,Michael Burton,29,KAN,RB,16,0,0,0,0,0,0,0,0,0,0,0,0.0,5,2,3,0,0,0,
612,Keion Crossen,25,NYG,DB,16,0,0,0,0,0,0,1,0,1,0,0,1.0,13,8,5,1,1,0,
613,Tyrel Dodson,23,BUF,LB,16,0,0,0,0,0,0,0,0,0,0,0,0.0,15,10,5,0,0,0,
614,Andrew Dowell,25,NOR,LB,16,0,0,0,0,0,0,0,0,0,0,0,0.0,15,9,6,0,0,0,
615,Clelin Ferrell,24,LVR,DE,16,0,0,0,0,0,1,0,0,0,0,0,1.5,14,8,6,1,6,0,
616,Sam Franklin,25,CAR,LB,16,0,0,0,0,0,1,0,0,0,0,0,0.0,24,19,5,1,1,0,
617,Luke Gifford,26,DAL,LB,16,0,0,0,0,0,0,0,0,0,0,0,0.0,11,8,3,1,0,0,
618,Richie Grant,24,ATL,DB,16,0,0,0,0,0,2,1,0,1,2,0,0.0,35,28,7,2,0,0,
619,J.T. Gray,25,NOR,DB,16,0,0,0,0,0,0,0,0,0,0,0,0.0,22,18,4,0,0,0,"PB,AP-1"
620,Kemon Hall,24,LAC,DB,16,0,0,0,0,0,0,0,0,1,0,0,0.0,7,4,3,0,1,0,
621,Justin Hardee,27,NYJ,WR,16,0,0,0,0,0,0,0,0,0,0,0,0.0,12,5,7,0,0,0,
622,Jeff Heath,30,NOR,DB,16,0,0,0,0,0,0,0,0,0,0,0,1.0,12,10,2,1,1,0,
623,Marcus Kemp,26,KAN,WR,16,0,0,0,0,0,0,0,0,0,0,0,0.0,11,9,2,1,0,0,
624,Brandon King,28,NWE,DB,16,0,0,0,0,0,0,0,0,0,0,0,0.0,10,4,6,0,0,0,
625,Andy Lee,39,ARI,P,16,0,0,0,0,0,0,0,3,2,4,0,0.0,0,0,0,0,0,0,
626,Elijah Lee,25,CLE,LB,16,0,0,0,0,0,0,0,0,0,0,0,0.0,15,11,4,0,0,0,
627,P.J. Locke,24,DEN,DB,16,0,0,0,0,0,0,0,0,0,0,0,0.0,6,5,1,0,1,0,
628,Josh Metellus,23,MIN,S,16,0,0,0,0,0,1,0,0,0,0,0,0.0,13,8,5,0,0,0,
629,Gunner Olszewski,25,NWE,WR,16,0,0,0,0,0,0,0,3,2,0,0,0.0,7,3,4,0,0,0,
630,Levi Onwuzurike,23,DET,DT,16,0,0,0,0,0,2,0,0,0,0,0,1.0,35,15,20,2,1,0,
631,John Penisini,24,DET,DT,16,0,0,0,0,0,1,0,0,0,0,0,0.0,14,4,10,0,1,0,
632,Samaje Perine,26,CIN,RB,16,0,0,0,0,0,0,0,0,0,0,0,0.0,6,6,0,0,0,0,
633,Andre Roberts,33,2TM,WR,16,0,0,0,0,0,0,0,3,1,0,0,0.0,0,0,0,0,0,0,AP-2
633,Andre Roberts,33,HOU,WR,6,0,0,0,0,0,0,0,2,1,0,0,0.0,0,0,0,0,0,0,
633,Andre Roberts,33,LAC,WR,10,0,0,0,0,0,0,0,1,0,0,0,0.0,0,0,0,0,0,0,
634,Chris Rumph,23,LAC,LB,16,0,0,0,0,0,0,0,0,0,0,0,1.0,19,8,11,2,3,0,
635,Tim Settle,24,WAS,DT,16,0,0,0,0,0,0,0,0,1,-7,0,0.0,13,7,6,4,0,0,
636,Trent Sieg,26,LVR,LS,16,0,0,0,0,0,0,0,0,0,0,0,0.0,1,1,0,0,0,0,
637,Armani Watts,25,KAN,DB,16,0,0,0,0,0,0,0,0,1,0,0,0.0,19,11,8,1,0,0,
638,Tress Way,31,WAS,P,16,0,0,0,0,0,0,0,0,0,0,0,0.0,2,2,0,0,0,0,
639,Kristian Welch,23,BAL,LB,16,0,0,0,0,0,0,0,0,0,0,0,0.0,13,3,10,0,0,0,
640,Nasir Adderley,24,LAC,FS,15,15,0,0,0,0,5,1,0,1,0,0,0.5,99,69,30,3,2,0,
641,Shaquil Barrett,29,TAM,ROLB,15,15,1,3,0,3,4,3,1,2,2,0,10.0,51,37,14,9,22,0,PB
642,Jessie Bates III,24,CIN,FS,15,15,1,65,0,65,4,0,0,1,46,0,0.0,88,67,21,3,1,0,
643,Maliek Collins,26,HOU,LDT,15,15,1,0,0,0,1,0,0,1,0,0,2.5,29,18,11,9,7,0,
644,Tremaine Edmunds,23,BUF,MLB,15,15,1,4,0,4,4,0,0,0,0,0,0.0,108,70,38,7,1,0,
645,Folorunso Fatukasi,26,NYJ,RDT,15,15,0,0,0,0,0,0,0,0,0,0,0.0,46,25,21,5,6,0,
646,Jimmy Garoppolo,30,SFO,QB,15,15,0,0,0,0,0,0,8,3,12,0,0.0,0,0,0,0,0,0,
647,Kendrick Green,23,PIT,C,15,15,0,0,0,0,0,0,0,0,0,0,0.0,1,1,0,0,0,0,
648,Damien Harris,24,NWE,RB,15,15,0,0,0,0,0,0,2,2,2,0,0.0,0,0,0,0,0,0,
649,Tyler Higbee,28,LAR,TE,15,15,0,0,0,0,0,0,1,0,0,0,0.0,0,0,0,0,0,0,
650,Dont'a Hightower,31,NWE,ROLB,15,15,0,0,0,0,1,0,0,0,0,0,1.5,64,39,25,1,4,0,
651,Anthony Hitchens,29,KAN,MLB,15,15,1,0,0,0,2,0,0,0,0,0,0.0,80,41,39,4,2,0,
652,Justin Houston,32,BAL,LOLB,15,15,0,0,0,0,1,1,0,1,0,0,4.5,34,19,15,6,17,0,
653,Jalen Hurts,23,PHI,QB,15,15,0,0,0,0,0,0,9,3,-23,0,0.0,0,0,0,0,0,0,
654,Myles Jack,26,JAX,RILB,15,15,0,0,0,0,0,0,0,0,0,0,0.0,108,62,46,3,2,0,
655,Kareem Jackson,33,DEN,SS,15,15,1,7,0,7,2,0,0,0,0,0,1.0,88,62,26,1,0,0,
656,Derwin James,25,LAC,SS,15,15,2,20,0,15,5,3,0,0,0,0,2.0,118,75,43,7,7,0,"PB,AP CPoY-3"
657,Jaylon Johnson,22,CHI,LCB,15,15,1,3,0,3,9,1,0,0,0,0,0.0,46,37,9,1,0,0,
658,John Johnson,26,CLE,FS,15,15,3,31,0,31,5,1,0,0,0,0,0.5,61,37,24,1,2,0,
659,Aaron Jones,27,GNB,RB,15,15,0,0,0,0,0,0,2,0,0,0,0.0,0,0,0,0,0,0,
660,Chandler Jones,31,ARI,LOLB,15,15,0,0,0,0,4,6,0,1,1,0,10.5,41,31,10,12,26,0,PB
661,Eric Kendricks,29,MIN,MLB,15,15,2,22,0,22,4,0,0,1,2,0,5.0,143,81,62,8,5,0,
662,Connor McGovern,28,NYJ,C,15,15,0,0,0,0,0,0,0,0,0,0,0.0,3,3,0,0,0,0,
663,Kwity Paye,23,IND,LDE,15,15,0,0,0,0,1,1,0,2,0,0,4.0,32,16,16,3,10,0,
664,Denzel Perryman,29,LVR,MLB,15,15,0,0,0,0,3,1,0,2,1,0,0.0,154,102,52,5,3,0,PB
665,Jason Peters,39,CHI,LT,15,15,0,0,0,0,0,0,0,0,0,0,0.0,1,1,0,0,0,0,
666,Germaine Pratt,25,CIN,MLB,15,15,1,4,0,4,2,2,0,2,0,0,0.5,91,57,34,5,2,0,
667,D.J. Reader,27,CIN,RDT,15,15,0,0,0,0,0,0,0,0,0,0,2.0,43,22,21,3,7,0,
668,Logan Ryan,30,NYG,SS/FS,15,15,0,0,0,0,8,2,0,1,0,0,1.0,117,77,40,2,3,0,
669,Harrison Smith,32,MIN,SS,15,15,1,10,0,10,7,1,0,0,0,0,3.0,114,83,31,3,5,0,PB
670,L'Jarius Sneed,24,KAN,RCB,15,15,2,2,0,2,8,1,0,1,0,0,1.0,76,57,19,7,2,0,
671,Tracy Walker,26,DET,SS,15,15,1,5,0,5,6,0,0,0,0,0,1.0,108,74,34,3,1,0,
672,Denzel Ward,24,CLE,LCB,15,15,3,103,1,99,10,0,0,0,0,0,0.5,43,34,9,1,2,0,PB
673,T.J. Watt,27,PIT,LOLB,15,15,0,0,0,0,7,5,0,3,1,0,22.5,64,48,16,21,39,0,"PB,AP-1,AP DPoY-1"
674,Andrew Whitworth,40,LAR,LT,15,15,0,0,0,0,0,0,0,1,0,0,0.0,0,0,0,0,0,0,
675,Quinnen Williams,24,NYJ,LDT,15,15,0,0,0,0,3,0,0,0,0,0,6.0,53,36,17,7,12,0,
676,Trent Williams,33,SFO,LT,15,15,0,0,0,0,0,0,0,0,0,0,0.0,1,1,0,0,0,0,"PB,AP-1"
677,Andrew Wingard,25,JAX,SS,15,15,1,23,0,23,1,0,0,0,0,0,1.0,88,57,31,2,1,0,
678,Zach Allen,24,ARI,RDE,15,14,1,25,0,25,4,0,0,3,27,1,4.0,48,30,18,5,14,0,
679,Calais Campbell,35,BAL,RDE/LDE,15,14,0,0,0,0,1,0,0,1,0,0,1.5,49,29,20,5,12,0,
680,Tyson Campbell,21,JAX,RCB,15,14,2,3,0,3,10,0,0,0,0,0,0.0,73,49,24,2,0,0,
681,Amari Cooper,27,DAL,WR,15,14,0,0,0,0,0,0,1,1,-6,0,0.0,0,0,0,0,0,0,
682,Will Dissly,25,SEA,TE,15,14,0,0,0,0,0,0,1,2,0,0,0.0,1,1,0,0,0,0,
683,Dallas Goedert,26,PHI,TE,15,14,0,0,0,0,0,0,1,1,0,0,0.0,0,0,0,0,0,0,
684,Josh Jacobs,23,LVR,RB,15,14,0,0,0,0,0,0,2,0,0,0,0.0,1,1,0,0,0,0,
685,Dawson Knox,25,BUF,TE,15,14,0,0,0,0,0,1,0,0,0,0,0.0,1,1,0,0,0,0,
686,Malik McDowell,25,CLE,LDT,15,14,0,0,0,0,1,0,0,1,0,0,3.0,33,19,14,7,5,0,
687,Josh Norman,34,SFO,RCB,15,14,1,40,0,40,5,7,0,0,0,0,0.0,49,36,13,3,0,0,
688,Carlos Watkins,28,DAL,RDT,15,14,1,29,1,29,1,0,0,1,0,0,1.0,32,17,15,5,2,0,
689,Chris Wormley,28,PIT,LDE,15,14,0,0,0,0,3,1,0,0,0,0,7.0,51,29,22,6,10,0,
690,Kyle Dugger,25,NWE,DB,15,13,4,100,0,37,5,0,0,1,0,0,0.0,92,70,22,5,2,0,
691,Brandon Jones,23,MIA,SS,15,13,1,8,0,8,1,1,1,2,7,0,5.0,79,48,31,6,10,0,
692,Allen Lazard,26,GNB,WR,15,13,0,0,0,0,0,0,0,0,0,0,0.0,1,1,0,0,0,0,
693,Pharaoh Brown,27,HOU,TE,15,12,0,0,0,0,0,0,1,0,0,0,0.0,1,1,0,0,0,0,
694,Evan Engram,27,NYG,TE,15,12,0,0,0,0,0,0,1,0,0,0,0.0,0,0,0,0,0,0,
695,Gerald Everett,27,SEA,TE,15,12,0,0,0,0,0,0,2,0,0,0,0.0,0,0,0,0,0,0,
696,Keelan Cole,28,NYJ,WR,15,11,0,0,0,0,0,0,0,0,0,0,0.0,2,2,0,0,0,0,
697,Jamel Dean,25,TAM,LCB,15,11,2,6,0,6,9,0,0,0,0,0,0.0,53,44,9,2,0,0,
698,Max Garcia,30,ARI,C/RG,15,11,0,0,0,0,0,0,1,0,-12,0,0.0,0,0,0,0,0,0,
699,Nnamdi Madubuike,24,BAL,LDE,15,11,0,0,0,0,2,0,0,0,0,0,2.0,36,23,13,7,5,0,
700,Jalen Reeves-Maybin,26,DET,RILB,15,11,0,0,0,0,4,2,0,1,0,0,0.0,82,53,29,4,1,0,
701,Ike Boettger,27,BUF,LG,15,10,0,0,0,0,0,0,0,0,0,0,0.0,1,1,0,0,0,0,
702,K'Lavon Chaisson,22,JAX,ROLB,15,8,0,0,0,0,0,0,0,0,0,0,1.0,31,20,11,3,4,0,
703,Von Miller,32,2TM,LOLB,15,15,0,0,0,0,1,1,0,0,0,0,9.5,50,33,17,19,17,0,
703,Von Miller,32,DEN,LOLB,7,7,0,0,0,0,0,0,0,0,0,0,4.5,19,10,9,7,9,0,
703,Von Miller,32,LAR,RDE,8,8,0,0,0,0,1,1,0,0,0,0,5.0,31,23,8,12,8,0,
704,Sione Takitaki,26,CLE,RLB,15,8,0,0,0,0,0,1,0,1,0,0,0.0,44,21,23,5,2,0,
705,Pete Werner,22,NOR,DB,15,8,0,0,0,0,0,0,0,0,0,0,0.0,62,36,26,4,1,0,
706,DeShawn Williams,29,DEN,NT,15,8,0,0,0,0,2,0,0,0,0,0,1.0,39,17,22,1,5,0,
707,Michael Carter II,22,NYJ,DB,15,7,0,0,0,0,5,0,0,2,2,0,1.0,72,45,27,4,2,0,
708,Sean Chandler,25,CAR,SS,15,7,0,0,0,0,1,1,0,0,0,0,0.0,48,27,21,0,1,0,
709,Grant Delpit,23,CLE,SS,15,7,1,5,0,5,3,1,0,0,0,0,1.0,66,43,23,3,1,0,
710,Cody Ford,25,BUF,RG,15,7,0,0,0,0,0,0,0,0,0,0,0.0,1,1,0,0,0,0,
711,Marcell Harris,27,SFO,RLB,15,7,1,2,0,2,1,0,0,0,0,0,1.0,44,24,20,2,1,0,
712,Kerry Hyder,30,SEA,LDE,15,7,0,0,0,0,0,0,0,2,-3,0,1.5,33,20,13,3,11,0,
713,Ernest Jones,22,LAR,MLB,15,7,2,50,0,31,4,0,0,0,0,0,1.0,61,36,25,1,3,0,
714,Cornelius Lucas,30,WAS,RT,15,7,0,0,0,0,0,0,0,0,0,0,0.0,1,1,0,0,0,0,
715,Benson Mayowa,30,SEA,RILB,15,7,0,0,0,0,0,0,0,0,0,0,1.0,30,15,15,3,2,0,
716,Tajae Sharpe,27,ATL,WR,15,7,0,0,0,0,0,0,0,0,0,0,0.0,1,1,0,0,0,0,
717,Dyami Brown,22,WAS,WR,15,6,0,0,0,0,0,0,0,0,0,0,0.0,2,1,1,0,0,0,
718,James Conner,26,ARI,RB,15,6,0,0,0,0,0,0,2,1,0,0,0.0,1,1,0,0,0,0,PB
719,Jimmy Graham,35,CHI,TE,15,6,0,0,0,0,0,0,0,0,0,0,0.0,1,1,0,0,0,0,
720,Melvin Ingram,32,2TM,LDE,15,7,0,0,0,0,1,1,0,0,0,0,2.0,25,12,13,4,11,0,
720,Melvin Ingram,32,PIT,LB,6,1,0,0,0,0,1,0,0,0,0,0,1.0,10,5,5,2,6,0,
720,Melvin Ingram,32,KAN,LDE,9,6,0,0,0,0,0,1,0,0,0,0,1.0,15,7,8,2,5,0,
721,Malcolm Smith,32,CLE,MLB,15,6,2,1,0,1,5,0,0,0,0,0,0.0,51,32,19,3,0,0,
722,Jake Curhan,23,SEA,RT,15,5,0,0,0,0,0,0,0,0,0,0,0.0,2,2,0,0,0,0,
723,Darrell Daniels,27,ARI,TE,15,4,0,0,0,0,0,0,0,0,0,0,0.0,6,3,3,0,0,0,
724,Luke Farrell,24,JAX,TE,15,4,0,0,0,0,0,0,1,0,0,0,0.0,0,0,0,0,0,0,
725,Rudy Ford,27,JAX,DB,15,4,1,8,0,8,3,0,0,0,0,0,0.5,53,39,14,1,2,0,
726,A.J. Klein,30,BUF,LB,15,4,1,12,0,12,5,0,0,1,0,0,0.0,35,29,6,4,1,0,
727,Carl Granderson,25,NOR,DE,15,3,0,0,0,0,0,0,0,0,0,0,3.0,25,11,14,5,8,0,
728,Malik Hooker,25,DAL,DB,15,3,1,0,0,0,2,0,0,0,0,0,0.0,44,30,14,1,0,0,
729,Talanoa Hufanga,22,SFO,DB,15,3,0,0,0,0,2,0,0,0,0,0,0.0,32,24,8,1,1,0,
730,Devon Kennard,30,ARI,LB,15,3,0,0,0,0,2,0,0,1,0,0,0.0,24,15,9,7,2,0,
731,Dee Delaney,26,TAM,DB,15,2,1,26,0,26,2,0,0,0,0,0,0.0,17,13,4,0,0,0,
732,Jake Kumerow,29,BUF,WR,15,2,0,0,0,0,0,0,0,1,0,0,0.0,5,5,0,0,0,0,
733,Isaiahh Loudermilk,24,PIT,DT,15,2,0,0,0,0,3,0,0,0,0,0,1.0,23,16,7,0,0,0,
734,Isaiah McKenzie,26,BUF,WR,15,2,0,0,0,0,0,0,2,1,4,0,0.0,1,1,0,0,0,0,
735,Henry Mondeaux,26,PIT,DT,15,2,0,0,0,0,0,0,0,1,0,0,2.0,16,6,10,2,2,0,
736,Amen Ogbongbemiga,23,LAC,LB,15,2,0,0,0,0,0,0,0,0,0,0,1.0,26,17,9,2,2,0,
737,Charles Omenihu,24,2TM,DE,15,2,0,0,0,0,1,0,0,0,0,0,0.0,17,14,3,1,4,0,
737,Charles Omenihu,24,HOU,DE,6,2,0,0,0,0,0,0,0,0,0,0,0.0,11,8,3,1,3,0,
737,Charles Omenihu,24,SFO,DE,9,0,0,0,0,0,1,0,0,0,0,0,0.0,6,6,0,0,1,0,
738,Odafe Oweh,23,BAL,DE,15,2,0,0,0,0,1,3,0,2,0,0,5.0,33,23,10,5,15,0,
739,Bobby Price,23,DET,DB,15,2,0,0,0,0,3,0,0,0,0,0,0.0,18,12,6,0,0,0,
740,Caden Sterns,22,DEN,DB,15,2,2,47,0,46,5,0,0,0,0,0,2.0,28,22,6,2,2,0,
741,Khyiris Tonga,25,CHI,DT,15,2,0,0,0,0,0,0,0,1,0,0,0.0,24,10,14,1,0,0,
742,Kris Boyd,25,MIN,DB,15,1,0,0,0,0,0,0,0,2,0,0,0.0,26,21,5,0,0,0,
743,Shaun Bradley,24,PHI,LB,15,1,0,0,0,0,1,0,0,0,0,0,0.0,23,15,8,0,0,0,
744,Anthony Firkser,26,TEN,FB,15,1,0,0,0,0,0,0,2,3,-7,1,0.0,0,0,0,0,0,0,
745,Jamir Jones,23,3TM,LB,15,1,0,0,0,0,0,0,0,0,0,0,0.0,10,7,3,0,2,0,
745,Jamir Jones,23,PIT,LB,3,1,0,0,0,0,0,0,0,0,0,0,0.0,3,3,0,0,1,0,
745,Jamir Jones,23,LAR,LB,10,0,0,0,0,0,0,0,0,0,0,0,0.0,5,3,2,0,1,0,
745,Jamir Jones,23,JAX,LB,2,0,0,0,0,0,0,0,0,0,0,0,0.0,2,1,1,0,0,0,
746,Wyatt Ray,25,CIN,LB,15,1,0,0,0,0,0,1,0,0,0,0,1.0,15,5,10,0,2,0,
747,Geno Stone,22,BAL,S,15,1,1,0,0,0,1,0,0,0,0,0,0.0,21,15,6,1,1,0,
748,Stephen Weatherly,27,2TM,LB,15,1,0,0,0,0,0,0,0,0,0,0,2.5,23,14,9,6,7,0,
748,Stephen Weatherly,27,MIN,LB,6,0,0,0,0,0,0,0,0,0,0,0,0.0,9,6,3,1,0,0,
748,Stephen Weatherly,27,DEN,LB,9,1,0,0,0,0,0,0,0,0,0,0,2.5,14,8,6,5,7,0,
749,Mitchell Wilcox,25,CIN,TE,15,1,0,0,0,0,0,0,0,0,0,0,0.0,3,1,2,0,0,0,
750,Avery Williams,23,ATL,CB,15,1,0,0,0,0,1,1,1,2,0,0,0.0,22,11,11,0,3,0,
751,Taven Bryan,25,JAX,DT,15,0,0,0,0,0,0,0,0,0,0,0,2.0,15,10,5,4,8,0,
752,Logan Cooke,26,JAX,P,15,0,0,0,0,0,0,0,0,0,0,0,0.0,2,1,1,0,0,0,
753,Jalen Davis,25,CIN,DB,15,0,0,0,0,0,1,1,0,0,0,0,0.0,7,2,5,0,0,0,
754,Cullen Gillaspia,26,NYG,RB,15,0,0,0,0,0,0,0,0,0,0,0,0.0,4,2,2,0,0,0,
755,Chauncey Golston,23,DAL,LB,15,0,0,0,0,0,1,0,0,1,6,0,1.0,32,14,18,0,4,0,
756,Jakeem Grant,29,2TM,WR,15,0,0,0,0,0,0,0,3,0,0,0,0.0,1,1,0,0,0,0,"PB,AP-2"
756,Jakeem Grant,29,MIA,WR,4,0,0,0,0,0,0,0,2,0,0,0,0.0,0,0,0,0,0,0,
756,Jakeem Grant,29,CHI,WR,11,0,0,0,0,0,0,0,1,0,0,0,0.0,1,1,0,0,0,0,
757,Pressley Harvin III,23,PIT,P,15,0,0,0,0,0,0,0,0,0,0,0,0.0,1,1,0,0,0,0,
758,Raymond Johnson,23,NYG,DE,15,0,0,0,0,0,0,0,0,0,0,0,1.0,4,3,1,1,1,0,
759,Tony Pollard,24,DAL,RB,15,0,0,0,0,0,0,0,2,1,0,0,0.0,5,4,1,0,0,0,
760,Andre Smith,24,BUF,LB,15,0,0,0,0,0,0,0,0,1,0,0,0.0,10,4,6,0,0,0,
761,Diontae Spencer,29,DEN,WR,15,0,0,0,0,0,0,0,2,0,0,0,0.0,0,0,0,0,0,0,
762,Derrek Tuszka,24,PIT,DE,15,0,0,0,0,0,0,1,0,0,0,0,2.0,18,9,9,1,2,0,
763,Dede Westbrook,28,MIN,WR,15,0,0,0,0,0,0,0,2,1,0,0,0.0,1,1,0,0,0,0,
764,Cody White,23,PIT,WR,15,0,0,0,0,0,0,0,0,0,0,0,0.0,4,2,2,0,0,0,
765,Johnathan Abram,25,LVR,SS,14,14,1,6,0,6,4,0,0,1,0,0,0.0,116,64,52,5,3,0,
766,Alex Anzalone,27,DET,LILB,14,14,1,0,0,0,7,0,0,0,0,0,1.0,78,49,29,1,2,0,
767,Anthony Averett,27,BAL,LCB,14,14,3,21,0,21,11,0,0,0,0,0,0.0,54,46,8,0,0,0,
768,Chidobe Awuzie,26,CIN,RCB,14,14,2,42,0,42,14,0,0,0,0,0,0.0,64,53,11,4,0,0,
769,Teddy Bridgewater,29,DEN,QB,14,14,0,0,0,0,0,0,1,0,0,0,0.0,0,0,0,0,0,0,
770,Devin Bush Jr.,23,PIT,RILB,14,14,0,0,0,0,4,1,0,1,-1,0,2.0,70,41,29,2,4,0,
771,Lorenzo Carter,26,NYG,LILB,14,14,1,1,0,1,5,2,0,1,0,0,5.0,50,28,22,6,8,0,
772,Nick Chubb,26,CLE,RB,14,14,0,0,0,0,0,0,2,1,0,0,0.0,0,0,0,0,0,0,PB
773,Frank Clark,28,KAN,RDE,14,14,0,0,0,0,0,2,0,0,0,0,4.5,22,15,7,4,17,0,PB
774,Jadeveon Clowney,28,CLE,RDE,14,14,0,0,0,0,2,2,0,0,0,0,9.0,37,24,13,11,19,0,
775,Michael Davis,26,LAC,LCB,14,14,1,0,0,0,12,0,0,2,36,0,0.0,54,42,12,1,0,0,
776,Nate Davis,25,TEN,RG,14,14,0,0,0,0,0,0,0,0,0,0,0.0,1,1,0,0,0,0,
777,Raekwon Davis,24,MIA,LDT,14,14,0,0,0,0,0,0,0,0,0,0,0.5,28,12,16,1,1,0,
778,Brandin Echols,24,NYJ,RCB,14,14,2,50,1,30,9,0,0,0,0,0,0.0,63,50,13,2,0,0,
779,Chris Godwin,25,TAM,WR,14,14,0,0,0,0,0,0,2,0,0,0,0.0,0,0,0,0,0,0,
780,Jared Goff,27,DET,QB,14,14,0,0,0,0,0,0,9,3,3,0,0.0,0,0,0,0,0,0,
781,Shaquill Griffin,26,JAX,LCB,14,14,0,0,0,0,7,1,0,0,0,0,0.0,49,36,13,0,2,0,
782,Kamu Grugier-Hill,27,HOU,LLB,14,14,1,82,0,82,3,2,0,0,0,0,3.0,108,71,37,13,5,0,
783,Johnathan Hankins,29,LVR,LDT,14,14,0,0,0,0,1,0,0,0,0,0,0.0,38,15,23,1,2,0,
784,Anthony Harris,30,PHI,FS,14,14,1,2,0,2,3,0,0,0,0,0,0.0,72,36,36,2,1,0,
785,Tee Higgins,22,CIN,WR,14,14,0,0,0,0,0,0,1,0,0,0,0.0,1,1,0,0,0,0,
786,Eddie Jackson,28,CHI,FS,14,14,0,0,0,0,2,1,0,0,0,0,0.0,76,54,22,4,0,0,
787,Rayshawn Jenkins,27,JAX,SS,14,14,0,0,0,0,3,0,0,0,0,0,0.0,73,56,17,1,1,0,
788,Chris Jones,27,KAN,RDT/LDE,14,14,0,0,0,0,5,1,0,1,-2,0,9.0,27,18,9,8,17,0,"PB,AP-2"
789,George Kittle,28,SFO,TE,14,14,0,0,0,0,0,0,2,0,0,0,0.0,1,1,0,0,0,0,PB
790,Jordan Mailata,24,PHI,LT,14,14,0,0,0,0,0,0,0,0,0,0,0.0,2,0,2,0,0,0,
791,Baker Mayfield,26,CLE,QB,14,14,0,0,0,0,0,0,6,0,0,0,0.0,0,0,0,0,0,0,
792,Steven Means,31,ATL,LOLB,14,14,0,0,0,0,0,0,0,1,32,0,0.0,43,24,19,2,2,0,
793,Kyler Murray,24,ARI,QB,14,14,0,0,0,0,0,0,13,13,-1,0,0.0,0,0,0,0,0,0,PB
794,Amani Oruwariye,25,DET,RCB,14,14,6,73,0,50,11,0,0,1,0,0,0.0,57,44,13,2,0,0,
795,D.J. Reed,25,SEA,RCB,14,14,2,9,0,7,10,0,0,1,0,0,0.0,78,62,16,0,0,0,
796,Matt Skura,28,NYG,LG,14,14,0,0,0,0,0,0,0,1,0,0,0.0,0,0,0,0,0,0,
797,Jaquiski Tartt,29,SFO,SS,14,14,0,0,0,0,1,0,0,0,0,0,0.0,66,42,24,5,1,0,
798,Jordan Whitehead,24,TAM,FS,14,14,2,24,0,17,8,1,0,0,0,0,0.0,73,58,15,5,1,0,
799,Russell Wilson,33,SEA,QB,14,14,0,0,0,0,0,0,6,3,0,0,0.0,0,0,0,0,0,0,PB
800,Leonard Fournette,26,TAM,RB,14,13,0,0,0,0,0,0,1,0,0,0,0.0,0,0,0,0,0,0,
801,Jackrabbit Jenkins,33,TEN,LCB,14,13,1,0,0,0,6,1,0,0,0,0,0.0,54,38,16,0,0,0,
802,Terrance Mitchell,29,HOU,RCB,14,13,1,22,0,22,10,3,0,0,0,0,0.0,60,45,15,1,0,0,
803,Justin Pugh,31,ARI,LG,14,13,0,0,0,0,0,0,0,0,0,0,0.0,1,1,0,0,0,0,
804,Malik Reed,25,DEN,ROLB,14,13,0,0,0,0,2,2,0,1,0,0,5.0,43,24,19,3,8,0,
805,Roy Robertson-Harris,28,JAX,LDE,14,13,0,0,0,0,2,0,0,0,0,0,3.0,37,21,16,4,9,0,
806,James Robinson,23,JAX,RB,14,13,0,0,0,0,0,0,4,0,0,0,0.0,1,0,1,0,0,0,
807,Emmanuel Sanders,34,BUF,WR,14,13,0,0,0,0,0,0,0,1,0,0,0.0,1,1,0,0,0,0,
808,Shaq Thompson,27,CAR,LLB,14,13,2,39,0,29,5,0,0,0,0,0,2.0,104,65,39,9,6,0,
809,Darious Williams,28,LAR,LCB,14,13,0,0,0,0,9,0,0,1,0,0,0.0,71,60,11,3,0,0,
810,Marco Wilson,22,ARI,RCB,14,13,0,0,0,0,4,2,0,0,0,0,0.0,48,40,8,1,0,0,
811,Josh Bynes,32,BAL,LILB,14,12,0,0,0,0,4,0,0,0,0,0,2.0,76,50,26,6,3,0,
812,Ryan Griffin,31,NYJ,TE,14,12,0,0,0,0,0,0,1,1,0,0,0.0,4,3,1,0,0,0,
813,Linval Joseph,33,LAC,NT,14,12,0,0,0,0,0,0,0,0,0,0,1.0,57,30,27,3,2,0,
814,Michael Carter,22,NYJ,RB,14,11,0,0,0,0,0,0,1,0,0,0,0.0,0,0,0,0,0,0,
815,Chris Harris Jr.,32,LAC,DB,14,11,1,0,0,0,6,0,0,0,0,0,0.0,37,30,7,0,1,0,
816,Corey Peters,33,ARI,NT,14,11,0,0,0,0,1,0,0,1,4,0,0.0,24,10,14,3,0,0,
817,Eddie Goldman,27,CHI,NT,14,10,0,0,0,0,0,0,0,0,0,0,0.5,22,14,8,1,1,0,
818,Jeremiah Owusu-Koramoah,22,CLE,LLB,14,10,0,0,0,0,4,2,0,0,0,0,1.5,76,49,27,3,4,0,
819,Baron Browning,22,DEN,LILB,14,9,0,0,0,0,2,0,0,0,0,0,0.0,58,32,26,2,1,0,
820,Russell Gage,25,ATL,WR,14,9,0,0,0,0,0,0,2,0,0,0,0.0,1,1,0,0,0,0,
821,Donovan Peoples-Jones,22,CLE,WR,14,9,0,0,0,0,0,0,2,0,0,0,0.0,2,2,0,0,0,0,
822,Geron Christian,25,HOU,LT,14,8,0,0,0,0,0,0,0,0,0,0,0.0,1,1,0,0,0,0,
823,Nico Collins,22,HOU,WR,14,8,0,0,0,0,0,0,0,0,0,0,0.0,1,1,0,0,0,0,
824,Rashad Fenton,24,KAN,LCB,14,8,0,0,0,0,7,1,0,0,0,0,0.0,49,39,10,0,0,0,
825,Harrison Phillips,25,BUF,RDT,14,8,0,0,0,0,1,0,0,1,0,0,1.0,51,28,23,4,6,0,
826,K'Waun Williams,30,SFO,DB,14,8,1,4,0,4,4,1,0,0,0,0,1.0,52,40,12,5,2,0,
827,Zach Cunningham,27,2TM,RLB,14,11,0,0,0,0,3,1,0,0,0,0,0.0,93,51,42,7,1,0,
827,Zach Cunningham,27,HOU,RLB,10,7,0,0,0,0,3,1,0,0,0,0,0.0,67,32,35,4,1,0,
827,Zach Cunningham,27,TEN,LB,4,4,0,0,0,0,0,0,0,0,0,0,0.0,26,19,7,3,0,0,
828,Cameron Dantzler,23,MIN,LCB,14,7,1,0,0,0,8,1,0,0,0,0,0.0,53,44,9,0,0,0,
829,Lonnie Johnson Jr.,26,HOU,DB,14,7,3,47,0,32,6,0,0,0,0,0,0.0,55,38,17,0,0,0,
830,Shaq Lawson,27,NYJ,RDE,14,7,1,1,0,1,2,0,0,1,0,0,1.0,23,15,8,5,5,0,
831,Rondale Moore,21,ARI,WR,14,7,0,0,0,0,0,0,3,0,0,0,0.0,1,1,0,0,0,0,
832,Drue Tranquill,26,LAC,RILB,14,7,0,0,0,0,1,0,0,1,16,0,1.5,76,45,31,5,3,0,
833,Dante Fowler,27,ATL,ROLB,14,6,0,0,0,0,1,3,0,0,0,0,4.5,36,21,15,6,8,0,
834,Latavius Murray,31,BAL,RB,14,6,0,0,0,0,0,0,0,0,0,0,0.0,1,0,1,0,0,0,
835,Albert Okwuegbunam,23,DEN,TE,14,6,0,0,0,0,0,0,1,1,2,0,0.0,0,0,0,0,0,0,
836,James Smith-Williams,24,WAS,RDE,14,6,0,0,0,0,1,0,0,0,0,0,2.5,30,11,19,4,5,0,
837,Mack Wilson,23,CLE,LLB,14,6,0,0,0,0,0,0,0,0,0,0,0.0,42,26,16,0,0,0,
838,Austin Bryant,25,DET,LOLB,14,5,0,0,0,0,0,0,0,0,0,0,4.5,31,21,10,5,6,0,
839,Malik Harrison,23,BAL,ROLB,14,5,0,0,0,0,0,0,0,0,0,0,0.0,25,14,11,2,0,0,
840,Bryan Mone,26,SEA,LDE,14,5,0,0,0,0,1,1,0,0,0,0,1.5,35,15,20,0,3,0,
841,Keanu Neal,26,DAL,MLB,14,5,0,0,0,0,0,0,0,0,0,0,1.0,72,44,28,4,2,0,
842,Trenton Scott,27,CAR,RG,14,5,0,0,0,0,0,0,0,0,0,0,0.0,1,1,0,0,0,0,
843,Deon Bush,28,CHI,DB,14,4,2,42,0,27,5,0,0,0,0,0,0.0,40,31,9,0,0,0,
844,Jason Cabinda,25,DET,LB,14,4,0,0,0,0,0,0,0,0,0,0,0.0,7,6,1,0,0,0,
845,Dane Cruikshank,26,TEN,DB,14,4,0,0,0,0,1,1,0,0,0,0,0.0,43,30,13,0,0,0,
846,Mike Edwards,25,TAM,DB,14,4,3,46,2,31,7,1,0,0,0,0,0.0,46,34,12,1,0,0,
847,Demetrius Harris,30,ARI,TE,14,4,0,0,0,0,0,0,0,0,0,0,0.0,9,7,2,0,0,0,
848,Jaylinn Hawkins,24,ATL,S,14,4,2,11,0,11,3,0,0,0,0,0,0.0,24,13,11,1,0,0,
849,Christian Ringo,29,NOR,DE,14,4,0,0,0,0,0,1,0,1,0,0,0.0,26,12,14,2,3,0,
850,Robert Spillane,26,PIT,LB,14,4,0,0,0,0,0,0,0,0,0,0,0.0,56,29,27,2,0,0,
851,Andrew Adams,29,TAM,DB,14,3,1,17,0,17,4,0,0,0,0,0,0.0,24,16,8,1,1,0,
852,Camryn Bynum,23,MIN,DB,14,3,1,27,0,27,3,0,0,0,0,0,1.0,28,20,8,1,1,0,
853,Dennis Gardeck,27,ARI,LB,14,3,0,0,0,0,0,0,0,1,0,0,0.0,23,14,9,1,4,0,
854,Ty Montgomery,28,NOR,WR,14,3,0,0,0,0,0,0,0,0,0,0,0.0,10,7,3,0,0,0,
855,Quincy Roche,23,NYG,LB,14,3,0,0,0,0,0,1,0,0,0,0,2.5,38,23,15,5,5,0,
856,Cam Sims,25,WAS,WR,14,3,0,0,0,0,0,0,0,0,0,0,0.0,6,4,2,0,0,0,
857,Ross Blacklock,23,HOU,DT,14,2,0,0,0,0,2,1,0,0,0,0,2.0,22,14,8,2,6,0,
858,Marquise Goodwin,31,CHI,WR,14,2,0,0,0,0,0,0,1,0,0,0,0.0,0,0,0,0,0,0,
859,Yetur Gross-Matos,23,CAR,DE,14,2,0,0,0,0,1,1,0,0,0,0,3.5,28,18,10,5,4,0,
860,Justin Jackson,25,LAC,RB,14,2,0,0,0,0,0,0,1,0,0,0,0.0,7,6,1,0,0,0,
861,Juwan Johnson,25,NOR,WR,14,2,0,0,0,0,0,0,0,0,0,0,0.0,1,0,1,0,0,0,
862,Anthony Schwartz,21,CLE,WR,14,2,0,0,0,0,0,0,0,0,0,0,0.0,2,2,0,0,0,0,
863,Broderick Washington Jr.,25,BAL,DT,14,2,0,0,0,0,0,0,0,0,0,0,1.0,16,8,8,2,3,0,
864,Eric Wilson,27,2TM,LB,14,2,1,7,0,7,1,0,0,0,0,0,0.0,46,20,26,1,1,0,
864,Eric Wilson,27,PHI,LB,7,2,1,7,0,7,1,0,0,0,0,0,0.0,43,18,25,1,1,0,
864,Eric Wilson,27,HOU,LB,7,0,0,0,0,0,0,0,0,0,0,0,0.0,3,2,1,0,0,0,
865,Dakota Allen,26,JAX,LB,14,1,0,0,0,0,0,1,0,0,0,0,0.0,9,4,5,0,0,0,
866,Ricardo Allen,30,CIN,DB,14,1,0,0,0,0,0,0,0,0,0,0,0.0,15,11,4,0,0,0,
867,Quinton Bohanna,22,DAL,DT,14,1,0,0,0,0,0,0,0,0,0,0,0.0,10,3,7,0,0,0,
868,Chris Evans,24,CIN,RB,14,1,0,0,0,0,0,0,0,0,0,0,0.0,4,4,0,0,0,0,
869,Joe Gaziano,25,LAC,DE,14,1,0,0,0,0,1,0,0,0,0,0,0.0,13,8,5,1,2,0,
870,Colby Gossett,26,ATL,T,14,1,0,0,0,0,0,0,0,1,0,0,0.0,0,0,0,0,0,0,
871,Darren Hall,21,ATL,DB,14,1,0,0,0,0,3,0,0,0,0,0,1.0,27,21,6,2,1,0,
872,Trey Marshall,25,LAC,DB,14,1,0,0,0,0,0,0,0,0,0,0,0.0,19,6,13,0,0,0,
873,Josh Oliver,24,BAL,TE,14,1,0,0,0,0,0,0,1,1,0,0,0.0,4,2,2,0,0,0,
874,Bradley Roby,29,NOR,DB,14,1,1,2,0,2,5,0,0,0,0,0,1.0,23,19,4,3,3,0,
875,Ben Skowronek,24,LAR,WR,14,1,0,0,0,0,0,0,0,0,0,0,0.0,8,6,2,0,0,0,
876,Aaron Brewer,31,ARI,LS,14,0,0,0,0,0,0,0,0,0,0,0,0.0,2,2,0,0,0,0,
877,Tyler Davis,24,GNB,TE,14,0,0,0,0,0,0,0,0,0,0,0,0.0,5,4,1,0,0,0,
878,Victor Dimukeje,22,ARI,DE,14,0,0,0,0,0,0,0,0,0,0,0,0.0,3,0,3,0,1,0,
879,A.J. Epenesa,23,BUF,DE,14,0,0,0,0,0,1,0,0,0,0,0,1.5,14,8,6,2,9,0,
880,Deshazor Everett,29,WAS,DB,14,0,0,0,0,0,0,0,0,0,0,0,0.0,10,5,5,0,0,0,
881,Damar Hamlin,23,BUF,DB,14,0,0,0,0,0,2,0,0,0,0,0,0.0,2,2,0,0,0,0,
882,Travis Homer,23,SEA,RB,14,0,0,0,0,0,0,1,0,1,1,0,0.0,11,6,5,0,0,0,
883,Shemar Jean-Charles,23,GNB,DB,14,0,0,0,0,0,0,0,0,0,0,0,0.0,8,5,3,0,0,0,
884,Caleb Johnson,23,CHI,LB,14,0,0,0,0,0,0,0,0,1,0,0,0.0,8,4,4,0,0,0,
885,Jon Rhattigan,22,SEA,LB,14,0,0,0,0,0,0,0,0,1,0,0,0.0,10,10,0,0,0,0,
886,Cameron Sample,22,CIN,DE,14,0,0,0,0,0,0,0,0,0,0,0,1.5,14,9,5,1,5,0,
887,Ty Summers,26,GNB,LB,14,0,0,0,0,0,0,0,0,1,0,0,0.0,9,8,1,0,0,0,
888,Dwayne Washington,27,NOR,RB,14,0,0,0,0,0,0,0,0,0,0,0,0.0,7,6,1,0,0,0,
889,Azeez Al-Shaair,24,SFO,LLB,13,13,1,24,0,24,5,1,0,2,12,0,2.0,102,58,44,9,2,0,
890,Saquon Barkley,24,NYG,RB,13,13,0,0,0,0,0,0,2,0,0,0,0.0,0,0,0,0,0,0,
891,Garrett Bradbury,26,MIN,C,13,13,0,0,0,0,0,0,0,0,0,0,0.0,1,0,1,0,0,0,
892,Bashaud Breeland,29,MIN,RCB,13,13,2,26,0,18,5,2,0,0,0,0,0.0,63,47,16,1,0,0,
893,A.J. Brown,24,TEN,WR,13,13,0,0,0,0,0,0,0,1,0,0,0.0,2,2,0,0,0,0,
894,Landon Collins,27,WAS,SS,13,13,2,3,0,3,2,1,0,2,23,0,3.0,81,51,30,7,2,0,
895,Dalvin Cook,26,MIN,RB,13,13,0,0,0,0,0,0,3,0,0,0,0.0,0,0,0,0,0,0,PB
896,Kristian Fulton,23,TEN,RCB,13,13,2,13,0,13,14,0,0,0,0,0,0.0,40,30,10,0,0,0,
897,Taylor Lewan,30,TEN,LT,13,13,0,0,0,0,0,0,0,1,-7,0,0.0,0,0,0,0,0,0,
898,Bobby Massie,32,DEN,RT,13,13,0,0,0,0,0,0,0,0,0,0,0.0,1,0,1,0,0,0,
899,Rodney McLeod,31,PHI,SS,13,13,2,24,0,24,4,0,0,0,0,0,0.0,58,32,26,0,0,0,
900,David Montgomery,24,CHI,RB,13,13,0,0,0,0,0,0,1,1,3,0,0.0,1,0,1,0,0,0,
901,Quenton Nelson,25,IND,LG,13,13,0,0,0,0,0,0,0,0,0,0,0.0,1,1,0,0,0,0,"PB,AP-2"
902,Patrick Peterson,31,MIN,LCB,13,13,1,66,1,66,5,0,0,0,0,0,0.0,45,34,11,2,0,0,
903,Justin Reid,24,HOU,SS,13,13,2,45,0,24,4,1,0,0,0,0,0.0,66,41,25,2,0,0,
904,Xavier Rhodes,31,IND,LCB,13,13,1,4,0,4,7,0,0,1,0,0,0.0,39,32,7,1,0,0,
905,Adam Thielen,31,MIN,WR,13,13,0,0,0,0,0,0,1,1,0,0,0.0,0,0,0,0,0,0,
906,Andrew Thomas,22,NYG,LT,13,13,0,0,0,0,0,0,0,0,0,0,0.0,3,3,0,0,0,0,
907,Brandon Williams,32,BAL,NT,13,13,0,0,0,0,3,0,0,1,0,0,0.0,35,15,20,4,1,0,
908,Logan Wilson,25,CIN,LLB,13,13,4,31,0,18,4,1,0,0,0,0,1.0,100,57,43,5,1,0,
909,Zach Wilson,22,NYJ,QB,13,13,0,0,0,0,0,0,5,3,0,0,0.0,0,0,0,0,0,0,
910,Antoine Winfield Jr.,23,TAM,SS,13,13,2,30,0,30,6,2,0,3,9,0,2.0,88,62,26,4,3,0,PB
911,Adoree' Jackson,26,NYG,RCB,13,12,1,10,0,10,8,0,0,0,0,0,0.0,62,47,15,1,0,0,
912,Christian Kirksey,29,HOU,MLB,13,12,1,1,0,1,8,0,0,2,-1,0,0.0,93,55,38,6,2,0,
913,Patrick Mekari,24,BAL,RT,13,12,0,0,0,0,0,0,0,0,0,0,0.0,1,1,0,0,0,0,
914,Tua Tagovailoa,23,MIA,QB,13,12,0,0,0,0,0,0,9,2,2,0,0.0,1,0,1,0,0,0,
915,Anthony Walker,26,CLE,MLB,13,12,0,0,0,0,2,0,0,0,0,0,1.0,113,69,44,2,1,0,
916,Charvarius Ward,25,KAN,LCB,13,12,2,0,0,0,10,0,0,0,0,0,0.0,67,48,19,2,0,0,
917,Davis Mills,23,HOU,QB,13,11,0,0,0,0,0,0,5,4,0,0,0.0,0,0,0,0,0,0,
918,Jamaal Williams,26,DET,RB,13,11,0,0,0,0,0,0,1,0,0,0,0.0,0,0,0,0,0,0,
919,Spencer Brown,23,BUF,RT,13,10,0,0,0,0,0,0,0,1,0,0,0.0,1,1,0,0,0,0,
920,Ashtyn Davis,25,NYJ,SS/FS,13,10,2,18,0,18,3,3,0,0,0,0,0.5,62,43,19,0,1,0,
921,Alvin Kamara,26,NOR,RB,13,10,0,0,0,0,0,0,0,1,0,0,0.0,0,0,0,0,0,0,PB
922,Ethan Pocic,26,SEA,C,13,10,0,0,0,0,0,0,0,1,0,0,0.0,0,0,0,0,0,0,
923,Mike Purcell,30,DEN,NT,13,10,0,0,0,0,1,0,0,1,0,0,0.0,33,17,16,1,2,0,
924,Adam Trautman,24,NOR,TE,13,10,0,0,0,0,0,0,1,0,0,0,0.0,1,1,0,0,0,0,
925,Jerry Jacobs,24,DET,LCB,13,9,0,0,0,0,7,1,1,1,0,0,0.0,34,30,4,3,1,0,
926,Sammy Watkins,28,BAL,WR,13,9,0,0,0,0,0,0,1,0,0,0,0.0,0,0,0,0,0,0,
927,Rock Ya-Sin,25,IND,LCB,13,8,0,0,0,0,8,1,0,1,13,0,0.0,31,27,4,0,0,0,
928,AJ Parker,23,DET,DB,13,7,1,0,0,0,7,1,0,0,0,0,0.0,50,39,11,1,0,0,
929,Kenny Young,27,2TM,RILB,13,13,0,0,0,0,1,2,0,1,0,0,2.0,75,41,34,6,2,0,
929,Kenny Young,27,LAR,MLB,7,7,0,0,0,0,1,1,0,1,0,0,2.0,46,27,19,6,2,0,
929,Kenny Young,27,DEN,RILB,6,6,0,0,0,0,0,1,0,0,0,0,0.0,29,14,15,0,0,0,
930,Garrett Griffin,27,NOR,TE,13,6,0,0,0,0,0,0,1,0,0,0,0.0,2,1,1,0,0,0,
931,Ricky Seals-Jones,26,WAS,TE,13,6,0,0,0,0,0,0,0,1,0,0,0.0,0,0,0,0,0,0,
932,Robert Alford,33,ARI,DB,13,5,1,23,0,23,4,0,0,0,0,0,0.0,37,30,7,1,0,0,
933,Dorance Armstrong Jr.,24,DAL,RDE,13,5,0,0,0,0,1,0,0,1,37,1,5.0,37,23,14,3,12,0,
934,Ta'Quon Graham,23,ATL,RDE,13,5,0,0,0,0,0,0,0,0,0,0,0.0,15,8,7,2,2,0,
935,Hayden Hurst,28,ATL,TE,13,5,0,0,0,0,0,0,3,0,0,0,0.0,1,1,0,0,0,0,
936,Naquan Jones,23,TEN,NT,13,5,0,0,0,0,2,0,0,0,0,0,2.5,29,18,11,4,3,0,
937,Darius Slayton,24,NYG,WR,13,5,0,0,0,0,0,0,1,0,0,0,0.0,3,3,0,0,0,0,
938,Jonas Griffith,24,DEN,LB,13,4,0,0,0,0,0,0,0,1,0,0,0.0,46,22,24,4,2,0,
939,David Johnson,30,HOU,RB,13,4,0,0,0,0,0,0,1,0,0,0,0.0,1,1,0,0,0,0,
940,Brennan Scarlett,28,MIA,LB,13,4,0,0,0,0,1,0,0,0,0,0,0.0,19,6,13,1,1,0,
941,D'Andre Swift,22,DET,RB,13,4,0,0,0,0,0,0,2,0,0,0,0.0,0,0,0,0,0,0,
942,Jordan Akins,29,HOU,TE,13,3,0,0,0,0,0,0,2,0,0,0,0.0,1,1,0,0,0,0,
943,Tavon Austin,31,JAX,WR,13,3,0,0,0,0,0,0,1,0,0,0,0.0,2,2,0,0,0,0,
944,Trey Hill,21,CIN,C,13,3,0,0,0,0,0,0,1,0,-6,0,0.0,0,0,0,0,0,0,
945,DeAndre Houston-Carson,28,CHI,DB,13,3,1,0,0,0,4,0,0,2,25,1,0.0,51,33,18,0,0,0,
946,Andy Janovich,28,CLE,RB,13,3,0,0,0,0,0,0,0,0,0,0,0.0,2,2,0,0,0,0,
947,M.J. Stewart,26,CLE,DB,13,3,0,0,0,0,4,1,0,0,0,0,0.0,47,34,13,2,0,0,
948,Tommy Sweeney,26,BUF,TE,13,3,0,0,0,0,0,0,1,0,0,0,0.0,0,0,0,0,0,0,
949,K'Von Wallace,24,PHI,S,13,3,0,0,0,0,0,0,0,0,0,0,0.0,15,12,3,0,0,0,
950,Ty'Son Williams,25,BAL,RB,13,3,0,0,0,0,0,0,1,0,0,0,0.0,0,0,0,0,0,0,
951,Brandon Zylstra,28,CAR,WR,13,3,0,0,0,0,0,0,0,0,0,0,0.0,7,4,3,0,0,0,
952,Xavier Crawford,26,CHI,DB,13,2,0,0,0,0,0,0,0,0,0,0,0.0,15,11,4,0,0,0,
953,Isaiah Ford,25,MIA,WR,13,2,0,0,0,0,0,0,0,0,0,0,0.0,1,1,0,0,0,0,
954,Deommodore Lenoir,22,SFO,DB,13,2,0,0,0,0,2,0,0,0,0,0,0.0,17,12,5,1,0,0,
955,Will Richardson,25,JAX,T,13,2,0,0,0,0,0,0,0,1,0,1,0.0,0,0,0,0,0,0,
956,Equanimeous St. Brown,25,GNB,WR,13,2,0,0,0,0,0,0,0,0,0,0,0.0,7,5,2,0,0,0,
957,DeMarcus Walker,27,HOU,DE,13,2,0,0,0,0,1,1,0,0,0,0,2.0,31,21,10,4,7,0,
958,Noah Brown,25,DAL,WR,13,1,0,0,0,0,0,0,0,0,0,0,0.0,2,0,2,0,0,0,
959,Kaden Elliss,26,NOR,LB,13,1,0,0,0,0,0,0,0,1,0,0,1.0,17,9,8,1,3,0,
960,Kyler Fackrell,30,LAC,LB,13,1,0,0,0,0,1,1,0,1,0,0,3.0,17,11,6,4,4,0,
961,Deonte Harty,24,NOR,WR,13,1,0,0,0,0,0,0,2,1,0,0,0.0,1,1,0,0,0,0,
962,Clay Johnston,25,2TM,LB,13,1,0,0,0,0,0,1,0,0,0,0,0.0,27,13,14,0,0,0,
962,Clay Johnston,25,CAR,LB,6,0,0,0,0,0,0,0,0,0,0,0,0.0,10,5,5,0,0,0,
962,Clay Johnston,25,CIN,LB,7,1,0,0,0,0,0,1,0,0,0,0,0.0,17,8,9,0,0,0,
963,James Lynch,22,MIN,DT,13,1,0,0,0,0,0,0,0,1,0,0,1.0,30,18,12,2,1,0,
964,Dax Milne,22,WAS,WR,13,1,0,0,0,0,0,0,1,0,0,0,0.0,0,0,0,0,0,0,
965,Julian Okwara,24,DET,LB,13,1,1,9,0,9,2,1,0,1,6,0,5.0,27,18,9,6,9,0,
966,Nahshon Wright,23,DAL,DB,13,1,0,0,0,0,0,0,1,0,0,0,0.0,9,7,2,0,0,0,
967,Gary Brightwell,22,NYG,RB,13,0,0,0,0,0,0,0,0,0,0,0,0.0,8,2,6,0,0,0,
968,Mike Ford,26,DEN,DB,13,0,0,0,0,0,0,0,0,0,0,0,0.0,6,6,0,0,0,0,
969,Cam Gill,24,TAM,LB,13,0,0,0,0,0,0,0,0,0,0,0,1.5,11,7,4,1,3,0,
970,Kevin Givens,24,SFO,DT,13,0,0,0,0,0,0,1,0,0,0,0,0.0,17,7,10,1,2,0,
971,J.P. Holtz,28,CHI,TE,13,0,0,0,0,0,0,0,0,0,0,0,0.0,4,2,2,0,0,0,
972,Isaiah McDuffie,22,GNB,LB,13,0,0,0,0,0,0,0,0,0,0,0,0.0,2,0,2,0,0,0,
973,Jerick McKinnon,29,KAN,RB,13,0,0,0,0,0,0,0,0,1,-1,0,0.0,3,3,0,0,0,0,
974,Zack Moss,24,BUF,RB,13,0,0,0,0,0,0,0,2,0,0,0,0.0,1,1,0,0,0,0,
975,Carl Nassib,28,LVR,DE,13,0,0,0,0,0,0,1,0,0,0,0,1.5,21,16,5,3,4,0,
976,Pat O'Connor,28,TAM,DE,13,0,0,0,0,0,0,0,0,0,0,0,0.5,4,2,2,1,2,0,
977,Ogbonnia Okoronkwo,26,LAR,LB,13,0,0,0,0,0,0,2,0,0,0,0,2.0,15,9,6,3,6,0,
978,Josiah Scott,22,PHI,CB,13,0,0,0,0,0,0,0,0,0,0,0,1.0,12,8,4,1,1,0,
979,Danny Shelton,28,NYG,NT,13,0,0,0,0,0,0,0,0,0,0,0,0.5,31,12,19,1,1,0,
980,Jahlani Tavai,25,NWE,LB,13,0,0,0,0,0,0,0,0,1,0,0,0.0,14,6,8,0,0,0,
981,Kemoko Turay,26,IND,LB,13,0,0,0,0,0,0,0,0,1,0,0,5.5,9,6,3,5,8,0,
982,Jonathan Ward,24,ARI,RB,13,0,0,0,0,0,0,1,0,0,0,0,0.0,5,3,2,0,0,0,
983,Chase Winovich,26,NWE,LB,13,0,0,0,0,0,0,0,0,0,0,0,0.0,11,6,5,0,1,0,
984,Jamal Adams,26,SEA,SS,12,12,2,0,0,0,5,0,0,0,0,0,0.0,87,56,31,4,2,0,
985,Lavonte David,31,TAM,RILB,12,12,0,0,0,0,3,2,0,1,12,0,2.0,97,63,34,5,4,0,
986,Tashaun Gipson,31,CHI,SS,12,12,2,31,0,31,3,0,0,1,13,0,1.0,47,33,14,1,1,0,
987,Jonathan Greenard,24,HOU,RDE,12,12,0,0,0,0,4,2,0,0,0,0,8.0,33,23,10,9,12,0,
988,Erik Harris,31,ATL,SS,12,12,0,0,0,0,8,0,0,0,0,0,0.5,64,46,18,3,2,0,
989,T.J. Hockenson,24,DET,TE,12,12,0,0,0,0,0,0,0,0,0,0,0.0,2,2,0,0,0,0,
990,Amani Hooker,23,TEN,FS,12,12,1,21,0,21,4,1,0,0,0,0,0.0,62,38,24,1,0,0,
991,Rodney Hudson,32,ARI,C,12,12,0,0,0,0,0,0,2,0,-7,0,0.0,1,1,0,0,0,0,
992,Marlon Humphrey,25,BAL,RCB,12,12,1,0,0,0,13,1,0,0,0,0,0.0,58,44,14,0,1,0,
993,Donte Jackson,26,CAR,LCB,12,12,2,21,0,21,10,1,0,0,0,0,0.0,61,50,11,3,0,0,
994,Lamar Jackson,24,BAL,QB,12,12,0,0,0,0,0,0,6,2,9,0,0.0,0,0,0,0,0,0,PB
995,William Jackson III,29,WAS,RCB,12,12,2,0,0,0,8,0,0,0,0,0,0.0,39,36,3,0,0,0,
996,Jarvis Landry,29,CLE,WR,12,12,0,0,0,0,0,0,3,0,-3,0,0.0,1,1,0,0,0,0,
997,Jason Pierre-Paul,32,TAM,LOLB,12,12,0,0,0,0,4,1,0,0,0,0,2.5,31,20,11,3,5,0,
998,Riley Reiff,33,CIN,RT,12,12,0,0,0,0,0,0,0,1,12,0,0.0,1,1,0,0,0,0,
999,Asante Samuel Jr.,22,LAC,RCB,12,12,2,26,0,26,11,0,0,0,0,0,0.0,43,33,10,1,0,0,
1000,Miles Sanders,24,PHI,RB,12,12,0,0,0,0,0,0,1,0,0,0,0.0,0,0,0,0,0,0,
1001,Sam Darnold,24,CAR,QB,12,11,0,0,0,0,0,0,9,3,5,0,0.0,0,0,0,0,0,0,
1002,Tyeler Davison,29,ATL,NT,12,11,0,0,0,0,0,0,0,0,0,0,0.0,30,10,20,3,0,0,
1003,Chase Edmonds,25,ARI,RB,12,11,0,0,0,0,0,0,1,1,0,0,0.0,1,1,0,0,0,0,
1004,Rashaan Evans,26,TEN,RILB,12,11,2,1,0,1,2,1,0,1,0,0,0.0,57,35,22,3,0,0,
1005,C.J. Gardner-Johnson,24,NOR,RLB,12,11,3,45,0,26,7,0,0,0,0,0,2.0,46,32,14,4,4,0,
1006,Willie Gay Jr.,23,KAN,LLB,12,11,2,14,0,13,4,0,0,0,0,0,0.5,48,26,22,1,1,0,
1007,Randy Gregory,29,DAL,RDE,12,11,1,12,0,12,1,3,0,1,0,0,6.0,19,15,4,4,17,0,
1008,Joe Haden,32,PIT,LCB,12,11,0,0,0,0,6,1,0,1,0,0,0.0,38,26,12,0,0,0,
1009,Ronnie Harrison,24,CLE,SS,12,11,1,0,0,0,3,0,0,0,0,0,1.0,58,40,18,4,1,0,
1010,Greg Newsome II,21,CLE,RCB,12,11,0,0,0,0,9,0,0,0,0,0,0.0,37,33,4,0,0,0,
1011,Allen Robinson,28,CHI,WR,12,11,0,0,0,0,0,0,0,0,0,0,0.0,2,2,0,0,0,0,
1012,Christian Darrisaw,22,MIN,LT,12,10,0,0,0,0,0,0,0,3,5,0,0.0,0,0,0,0,0,0,
1013,Justin Fields,22,CHI,QB,12,10,0,0,0,0,0,0,12,4,-11,0,0.0,0,0,0,0,0,0,
1014,Andrew Sendejo,34,IND,FS,12,10,0,0,0,0,2,1,0,1,0,0,0.0,40,29,11,2,0,0,
1015,Rasul Douglas,26,GNB,RCB,12,9,5,105,2,55,13,1,0,0,0,0,0.0,57,52,5,1,0,0,
1016,Brandon Facyson,27,LVR,LCB,12,9,1,0,0,0,13,0,0,0,0,0,0.0,55,42,13,2,1,0,
1017,Taysom Hill,31,NOR,QB/WR,12,9,0,0,0,0,0,0,2,2,0,0,0.0,1,0,1,0,0,0,
1018,Lucas Niang,23,KAN,RT,12,9,0,0,0,0,0,0,0,0,0,0,0.0,2,2,0,0,0,0,
1019,Kwon Alexander,27,NOR,LLB,12,8,1,0,0,0,2,1,1,1,8,0,3.5,50,39,11,7,7,0,
1020,Kingsley Keke,25,GNB,RDE,12,8,0,0,0,0,3,1,0,0,0,0,2.5,23,10,13,1,4,0,
1021,Laquon Treadwell,26,JAX,WR,12,7,0,0,0,0,0,0,0,0,0,0,0.0,2,1,1,0,0,0,
1022,Trevon Wesco,26,NYJ,TE,12,7,0,0,0,0,0,0,0,1,0,0,0.0,3,3,0,0,0,0,
1023,Aaron Brewer,24,TEN,G,12,5,0,0,0,0,0,0,1,1,-17,0,0.0,0,0,0,0,0,0,
1024,Vernon Hargreaves III,26,2TM,DB,12,6,1,18,0,18,3,0,0,0,0,0,0.0,32,21,11,0,0,0,
1024,Vernon Hargreaves III,26,HOU,DB,8,5,1,18,0,18,3,0,0,0,0,0,0.0,27,20,7,0,0,0,
1024,Vernon Hargreaves III,26,CIN,DB,4,1,0,0,0,0,0,0,0,0,0,0,0.0,5,1,4,0,0,0,
1025,C.J. Henderson,23,2TM,RCB,12,7,0,0,0,0,2,0,0,0,0,0,0.0,39,31,8,1,0,0,
1025,C.J. Henderson,23,JAX,CB,2,2,0,0,0,0,0,0,0,0,0,0,0.0,8,6,2,1,0,0,
1025,C.J. Henderson,23,CAR,RCB,10,5,0,0,0,0,2,0,0,0,0,0,0.0,31,25,6,0,0,0,
1026,Ambry Thomas,22,SFO,LCB,12,5,1,0,0,0,5,0,0,0,0,0,0.0,23,17,6,1,0,0,
1027,Rashod Bateman,22,BAL,WR,12,4,0,0,0,0,0,0,0,1,0,0,0.0,0,0,0,0,0,0,
1028,Jamison Crowder,28,NYJ,WR,12,4,0,0,0,0,0,0,1,0,0,0,0.0,1,1,0,0,0,0,
1029,N'Keal Harry,24,NWE,WR,12,4,0,0,0,0,0,0,1,0,0,0,0.0,0,0,0,0,0,0,
1030,Troy Hill,30,CLE,DB,12,4,0,0,0,0,1,0,0,0,0,0,2.0,49,34,15,7,3,0,
1031,Nevin Lawson,30,JAX,DB,12,4,1,11,0,11,5,0,0,0,0,0,0.0,29,21,8,0,0,0,
1032,Randall Cobb,31,GNB,WR,12,3,0,0,0,0,0,0,1,0,0,0,0.0,0,0,0,0,0,0,
1033,Chris Jackson,23,TEN,S,12,3,0,0,0,0,4,0,0,0,0,0,0.0,34,29,5,1,0,0,
1034,Jeff Smith,24,NYJ,WR,12,3,0,0,0,0,0,0,0,0,0,0,0.0,1,1,0,0,0,0,
1035,Myles Bryant,23,NWE,CB,12,2,1,33,0,33,3,1,0,0,0,0,1.0,41,28,13,2,2,0,
1036,Jamie Collins,32,2TM,LB,12,4,1,1,0,1,3,0,0,1,0,0,1.0,30,18,12,4,3,0,
1036,Jamie Collins,32,DET,LB,2,2,0,0,0,0,0,0,0,1,0,0,0.0,10,7,3,1,1,0,
1036,Jamie Collins,32,NWE,LB,10,2,1,1,0,1,3,0,0,0,0,0,1.0,20,11,9,3,2,0,
1037,Pierre Desir,31,TAM,DB,12,2,2,0,0,0,4,1,0,0,0,0,0.0,28,26,2,0,0,0,
1038,Kenyan Drake,27,LVR,RB,12,2,0,0,0,0,0,0,1,1,0,0,0.0,0,0,0,0,0,0,
1039,Joe Haeg,28,PIT,T,12,2,0,0,0,0,0,0,0,0,0,0,0.0,1,1,0,0,0,0,
1040,Travin Howard,25,LAR,LB,12,2,1,19,0,19,3,0,0,0,0,0,0.0,21,15,6,0,0,0,
1041,Carlos Hyde,31,JAX,RB,12,2,0,0,0,0,0,0,2,0,0,0,0.0,0,0,0,0,0,0,
1042,Hamsah Nasirildeen,22,NYJ,LB,12,2,0,0,0,0,0,0,0,0,0,0,0.0,10,3,7,0,0,0,
1043,Jason Pinnock,22,NYJ,CB,12,2,0,0,0,0,1,2,0,0,0,0,0.0,16,10,6,0,0,0,
1044,Rhamondre Stevenson,23,NWE,RB,12,2,0,0,0,0,0,0,2,0,0,0,0.0,0,0,0,0,0,0,
1045,Damien Williams,29,CHI,RB,12,2,0,0,0,0,0,0,0,0,0,0,0.0,5,4,1,0,0,0,
1046,Trystan Colon-Castillo,23,BAL,C,12,1,0,0,0,0,0,0,0,0,0,0,0.0,1,1,0,0,0,0,
1047,Isaiah Dunn,22,NYJ,DB,12,1,0,0,0,0,2,0,0,0,0,0,0.0,8,7,1,0,0,0,
1048,Mario Edwards,27,CHI,DE,12,1,0,0,0,0,1,0,0,0,0,0,2.0,8,2,6,1,5,0,
1049,A.J. Green,23,CLE,CB,12,1,1,1,0,1,6,0,0,2,16,0,0.0,21,15,6,0,0,0,
1050,Khaleke Hudson,24,WAS,S,12,1,0,0,0,0,0,0,0,0,0,0,0.0,9,4,5,0,1,0,
1051,Collin Johnson,24,NYG,WR,12,1,0,0,0,0,0,0,0,0,0,0,0.0,1,0,1,0,0,0,
1052,Danny Johnson,26,WAS,DB,12,1,0,0,0,0,2,1,0,0,0,0,0.0,21,15,6,0,0,0,
1053,Chris Moore,28,HOU,WR,12,1,0,0,0,0,0,0,0,0,0,0,0.0,5,2,3,0,0,0,
1054,Aaron Patrick,25,DEN,LB,12,1,0,0,0,0,0,0,0,0,0,0,0.0,8,4,4,0,0,0,
1055,Dillon Radunz,23,TEN,T,12,1,0,0,0,0,0,0,0,0,0,0,0.0,1,1,0,0,0,0,
1056,Mike Thomas,27,CIN,WR,12,1,0,0,0,0,0,1,0,0,0,0,0.0,3,2,1,0,0,0,
1057,Joejuan Williams,24,NWE,DB,12,1,0,0,0,0,5,0,0,0,0,0,0.0,21,15,6,0,1,0,
1058,Josh Woods,25,DET,LB,12,1,0,0,0,0,0,0,0,0,0,0,0.0,28,21,7,2,2,0,
1059,Andrew Beck,25,DEN,TE,12,0,0,0,0,0,0,0,0,0,0,0,0.0,1,1,0,0,0,0,
1060,Giovani Bernard,30,TAM,RB,12,0,0,0,0,0,0,0,1,1,0,0,0.0,1,1,0,0,0,0,
1061,Breon Borders,26,2TM,DB,12,0,0,0,0,0,2,0,0,0,0,0,0.0,8,7,1,0,0,0,
1061,Breon Borders,26,TEN,DB,11,0,0,0,0,0,2,0,0,0,0,0,0.0,5,4,1,0,0,0,
1061,Breon Borders,26,ARI,DB,1,0,0,0,0,0,0,0,0,0,0,0,0.0,3,3,0,0,0,0,
1062,Cam Brown,23,NYG,LB,12,0,0,0,0,0,0,0,0,0,0,0,0.0,9,6,3,0,0,0,
1063,Daniel Brown,29,NYJ,WR,12,0,0,0,0,0,0,0,0,0,0,0,0.0,2,1,1,0,0,0,
1064,Trenton Cannon,27,2TM,RB,12,0,0,0,0,0,0,0,1,0,2,0,0.0,9,8,1,0,0,0,
1064,Trenton Cannon,27,BAL,RB,1,0,0,0,0,0,0,0,0,0,0,0,0.0,1,1,0,0,0,0,
1064,Trenton Cannon,27,SFO,RB,11,0,0,0,0,0,0,0,1,0,2,0,0.0,8,7,1,0,0,0,
1065,Ryan Connelly,26,MIN,LB,12,0,0,0,0,0,0,0,0,0,0,0,0.0,3,2,1,0,0,0,
1066,Jamie Gillan,24,CLE,P,12,0,0,0,0,0,0,0,1,1,0,0,0.0,3,2,1,0,0,0,
1067,Jordan Glasgow,25,IND,LB,12,0,0,0,0,0,0,0,0,0,0,0,0.0,6,4,2,0,0,0,
1068,Zane Gonzalez,26,CAR,K,12,0,0,0,0,0,0,0,0,0,0,0,0.0,1,1,0,0,0,0,
1069,Joe Jackson,25,CLE,DE,12,0,0,0,0,0,0,0,0,0,0,0,1.5,16,9,7,3,3,0,
1070,Jaleel Johnson,27,HOU,DT,12,0,0,0,0,0,0,0,0,1,0,0,0.0,23,11,12,2,1,0,
1071,Chris Lammons,25,KAN,DB,12,0,0,0,0,0,0,0,0,1,0,0,0.0,6,3,3,0,0,0,
1072,Lerentee McCray,31,JAX,LB,12,0,0,0,0,0,0,0,0,0,0,0,0.0,11,7,4,1,0,0,
1073,Steve McLendon,35,TAM,DT,12,0,1,0,0,0,1,1,0,0,0,0,0.5,11,7,4,1,5,0,
1074,A.J. Moore,26,HOU,DB,12,0,0,0,0,0,0,1,0,0,0,0,0.0,9,7,2,0,0,0,
1075,Darius Phillips,26,CIN,DB,12,0,0,0,0,0,2,0,4,0,0,0,0.0,8,6,2,0,0,0,
1076,Isaac Rochell,26,IND,DT,12,0,0,0,0,0,0,0,0,0,0,0,0.0,17,10,7,0,3,0,
1077,Larry Rountree,22,LAC,RB,12,0,0,0,0,0,0,0,0,0,0,0,0.0,2,0,2,0,0,0,
1078,Luke Stocker,33,MIN,TE,12,0,0,0,0,0,0,0,0,0,0,0,0.0,2,2,0,0,0,0,
1079,Stantley Thomas-Oliver,23,CAR,CB,12,0,0,0,0,0,0,0,0,0,0,0,0.0,7,3,4,0,0,0,
1080,Josh Uche,23,NWE,LB,12,0,0,0,0,0,0,0,0,1,0,0,3.0,12,10,2,3,4,0,
1081,Joe Walker,29,ARI,LB,12,0,0,0,0,0,0,0,0,0,0,0,0.0,11,6,5,1,0,0,
1082,Anthony Barr,29,MIN,LLB,11,11,3,11,0,8,5,0,0,2,0,0,2.5,72,38,34,3,6,0,
1083,Justin Britt,30,HOU,C,11,11,0,0,0,0,0,0,1,0,0,0,0.0,0,0,0,0,0,0,
1084,Ronald Darby,27,DEN,RCB,11,11,0,0,0,0,6,0,0,0,0,0,0.0,53,42,11,1,0,0,
1085,Daniel Jones,24,NYG,QB,11,11,0,0,0,0,0,0,7,2,-11,0,0.0,0,0,0,0,0,0,
1086,Justin Jones,25,LAC,RDE,11,11,0,0,0,0,1,0,0,2,0,0,3.0,37,19,18,5,5,0,
1087,Emmanuel Moseley,25,SFO,LCB,11,11,1,0,0,0,11,0,0,1,0,0,0.0,42,33,9,2,0,0,
1088,David Onyemata,29,NOR,RDT,11,11,0,0,0,0,0,0,0,1,-6,0,2.0,34,12,22,2,10,0,
1089,Brandon Scherff,30,WAS,RG,11,11,0,0,0,0,0,0,0,0,0,0,0.0,1,1,0,0,0,0,PB
1090,Tyron Smith,31,DAL,LT,11,11,0,0,0,0,0,0,0,0,0,0,0.0,1,1,0,0,0,0,PB
1091,Tre'Davious White,26,BUF,LCB,11,11,1,0,0,0,6,1,0,1,0,0,0.5,41,27,14,1,1,0,
1092,Michael Jordan,23,CAR,LG,11,10,0,0,0,0,0,0,0,0,0,0,0.0,2,2,0,0,0,0,
1093,Teair Tart,24,TEN,NT,11,10,0,0,0,0,0,0,0,0,0,0,0.0,16,10,6,2,1,0,
1094,Khari Willis,25,IND,SS,11,10,2,0,0,0,4,0,0,1,0,0,1.5,63,43,20,2,2,0,
1095,Marcus Davenport,25,NOR,RDE,11,9,0,0,0,0,0,3,0,1,1,0,9.0,39,23,16,9,16,0,
1096,Star Lotulelei,32,BUF,RDT,11,8,0,0,0,0,0,0,0,0,0,0,3.0,17,11,6,4,3,0,
1097,Rashard Lawrence,23,ARI,NT,11,7,0,0,0,0,0,0,0,0,0,0,0.0,11,6,5,0,0,0,
1098,Artie Burns,26,CHI,RCB,11,6,0,0,0,0,6,0,0,0,0,0,0.0,23,19,4,1,0,0,
1099,Bryce Callahan,30,DEN,DB,11,6,0,0,0,0,4,0,0,0,0,0,1.0,29,25,4,3,0,0,
1100,Alex Collins,27,SEA,RB,11,6,0,0,0,0,0,0,1,0,0,0,0.0,0,0,0,0,0,0,
1101,Bud Dupree,28,TEN,LOLB,11,6,0,0,0,0,1,1,0,0,0,0,3.0,17,13,4,2,8,0,
1102,Elijah Moore,21,NYJ,WR,11,6,0,0,0,0,0,0,0,0,0,0,0.0,3,3,0,0,0,0,
1103,Kenneth Murray,23,LAC,LILB/RILB,11,6,0,0,0,0,0,0,0,0,0,0,0.0,31,17,14,2,0,0,
1104,Tre'Quan Smith,25,NOR,WR,11,6,0,0,0,0,0,0,1,0,0,0,0.0,3,3,0,0,0,0,
1105,Jacoby Brissett,29,MIA,QB,11,5,0,0,0,0,0,0,6,2,-9,0,0.0,0,0,0,0,0,0,
1106,Tevin Coleman,28,NYJ,RB,11,5,0,0,0,0,0,0,0,0,0,0,0.0,2,1,1,0,0,0,
1107,Larrell Murchison,24,TEN,DE,11,5,0,0,0,0,0,0,0,0,0,0,0.0,8,4,4,1,0,0,
1108,Robert Rochell,23,LAR,LCB,11,5,1,1,0,1,4,0,0,1,0,0,0.0,14,11,3,0,0,0,
1109,Darnay Holmes,23,NYG,CB,11,4,1,15,0,15,2,0,0,0,22,0,0.0,29,21,8,0,1,0,
1110,Terrell Lewis,23,LAR,LB,11,4,0,0,0,0,1,1,0,0,0,0,3.0,22,15,7,4,3,0,
1111,Tre' McKitty,22,LAC,TE,11,4,0,0,0,0,0,0,0,0,0,0,0.0,1,1,0,0,0,0,
1112,Khari Blasingame,25,TEN,RB,11,3,0,0,0,0,0,0,1,0,0,0,0.0,2,2,0,0,0,0,
1113,Terrence Brooks,29,HOU,DB,11,3,0,0,0,0,1,0,0,0,0,0,0.0,21,15,6,0,0,0,
1114,Alohi Gilman,24,LAC,S,11,3,1,0,0,0,1,0,0,0,0,0,0.0,42,28,14,0,0,0,
1115,Benardrick McKinney,29,NYG,LB,11,3,0,0,0,0,0,0,0,0,0,0,0.0,29,17,12,1,0,0,
1116,J.D. McKissic,28,WAS,RB,11,3,0,0,0,0,0,0,0,0,0,0,0.0,1,1,0,0,0,0,
1117,Alex Armah,27,2TM,FB,11,2,0,0,0,0,0,0,0,0,0,0,0.0,4,2,2,0,0,0,
1117,Alex Armah,27,NOR,FB,9,2,0,0,0,0,0,0,0,0,0,0,0.0,2,2,0,0,0,0,
1117,Alex Armah,27,WAS,FB,2,0,0,0,0,0,0,0,0,0,0,0,0.0,2,0,2,0,0,0,
1118,Kendall Blanton,26,LAR,TE,11,2,0,0,0,0,0,0,1,1,0,0,0.0,0,0,0,0,0,0,
1119,Takkarist McKinley,26,CLE,DE,11,2,0,0,0,0,0,1,0,0,0,0,2.5,18,10,8,3,8,0,
1120,Darius Philon,27,LVR,DT,11,2,0,0,0,0,2,0,0,2,2,0,2.0,27,19,8,5,2,0,
1121,John Reid,25,SEA,CB,11,2,0,0,0,0,2,0,0,0,0,0,0.0,12,7,5,0,0,0,
1122,Colin Thompson,28,CAR,TE,11,2,0,0,0,0,0,0,0,0,0,0,0.0,1,1,0,0,0,0,
1123,Blessuan Austin,25,SEA,DB,11,1,0,0,0,0,0,0,0,0,0,0,0.0,10,8,2,0,0,0,
1124,T.J. Carrie,31,IND,DB,11,1,0,0,0,0,1,0,0,1,14,0,0.0,23,21,2,0,0,0,
1125,Taco Charlton,27,PIT,DE,11,1,0,0,0,0,1,0,0,0,0,0,0.5,18,7,11,0,2,0,
1126,Marlon Davidson,23,ATL,DE,11,1,1,3,1,3,1,0,0,1,0,0,1.0,21,12,9,1,1,0,
1127,Nick Harris,23,CLE,C,11,1,0,0,0,0,0,0,0,0,0,0,0.0,1,1,0,0,0,0,
1128,Sharrod Neasman,30,NYJ,DB,11,1,1,13,0,13,3,0,0,0,0,0,0.0,14,12,2,2,0,0,
1129,Keisean Nixon,24,LVR,DB,11,1,0,0,0,0,0,0,0,0,0,0,0.0,12,7,5,0,1,0,
1130,Sammis Reyes,26,WAS,TE,11,1,0,0,0,0,0,0,0,0,0,0,0.0,2,0,2,0,0,0,
1131,Dan Chisena,24,MIN,WR,11,0,0,0,0,0,0,0,0,0,0,0,0.0,3,2,1,0,0,0,
1132,Tyree Gillespie,23,LVR,DB,11,0,0,0,0,0,0,0,0,0,0,0,0.0,8,1,7,0,0,0,
1133,Derrick Gore,27,KAN,RB,11,0,0,0,0,0,0,0,0,0,0,0,0.0,1,0,1,0,0,0,
1134,Jamycal Hasty,25,SFO,RB,11,0,0,0,0,0,0,0,2,0,0,0,0.0,5,5,0,0,0,0,
1135,Joel Iyiegbuniwe,26,CHI,LB,11,0,0,0,0,0,0,1,0,0,0,0,0.0,4,4,0,0,0,0,
1136,Jordan Jenkins,27,HOU,LB,11,0,0,0,0,0,0,0,0,0,0,0,2.5,20,9,11,4,5,0,
1137,Jordan Kunaszyk,25,WAS,LB,11,0,0,0,0,0,0,0,0,0,0,0,0.0,4,3,1,0,0,0,
1138,Marquel Lee,26,LVR,LB,11,0,0,0,0,0,0,0,0,0,0,0,0.0,11,6,5,0,0,0,
1139,Tim Ward,24,NYJ,DE,11,0,0,0,0,0,2,0,0,0,0,0,0.0,12,5,7,0,0,0,
1140,Carlton Davis,24,TAM,RCB,10,10,1,25,0,25,11,0,0,1,0,0,0.0,39,33,6,2,0,0,
1141,Clyde Edwards-Helaire,22,KAN,RB,10,10,0,0,0,0,0,0,2,1,0,0,0.0,0,0,0,0,0,0,
1142,Julio Jones,32,TEN,WR,10,10,0,0,0,0,0,0,0,0,0,0,0.0,1,1,0,0,0,0,
1143,Montez Sweat,25,WAS,RDE,10,10,0,0,0,0,0,3,0,0,0,0,5.0,24,13,11,3,13,0,
1144,Myles Hartsfield,24,CAR,RDE,10,9,0,0,0,0,4,0,0,0,0,0,1.0,45,30,15,2,1,0,
1145,David Long,25,TEN,LILB,10,9,2,6,0,6,6,0,0,0,0,0,0.0,75,46,29,4,2,0,
1146,Juston Burris,28,CAR,SS,10,8,1,17,0,17,1,0,0,0,0,0,0.0,23,17,6,1,0,0,
1147,DeVante Parker,28,MIA,WR,10,8,0,0,0,0,0,0,0,0,0,0,0.0,2,2,0,0,0,0,
1148,A.J. Bouye,30,CAR,RCB,10,7,0,0,0,0,3,1,0,0,0,0,0.0,28,23,5,2,0,0,
1149,Jayon Brown,26,TEN,RILB,10,6,1,2,0,2,2,0,0,0,0,0,0.0,55,35,20,0,0,0,
1150,Isaiah Buggs,25,PIT,NT,10,6,0,0,0,0,1,0,0,0,0,0,0.0,17,5,12,2,0,0,
1151,Kevin King,26,GNB,RCB,10,6,1,0,0,0,3,0,0,0,0,0,0.0,29,21,8,0,1,0,
1152,Anthony Rush,25,ATL,NT,10,6,0,0,0,0,0,1,0,0,0,0,0.0,19,10,9,1,1,0,
1153,Keith Ismael,23,WAS,C,10,5,0,0,0,0,0,0,1,0,-12,0,0.0,1,0,1,0,0,0,
1154,Jerry Jeudy,22,DEN,WR,10,5,0,0,0,0,0,0,1,0,0,0,0.0,0,0,0,0,0,0,
1155,Brock Wright,23,DET,TE,10,5,0,0,0,0,0,0,0,0,0,0,0.0,3,2,1,0,0,0,
1156,Montravius Adams,26,2TM,DT,10,5,0,0,0,0,2,0,0,0,0,0,0.0,15,7,8,2,3,0,
1156,Montravius Adams,26,NOR,DT,5,1,0,0,0,0,1,0,0,0,0,0,0.0,7,1,6,1,0,0,
1156,Montravius Adams,26,PIT,DT,5,4,0,0,0,0,1,0,0,0,0,0,0.0,8,6,2,1,3,0,
1157,Lil'Jordan Humphrey,23,NOR,WR,10,4,0,0,0,0,0,0,0,0,0,0,0.0,1,1,0,0,0,0,
1158,Monty Rice,22,TEN,LB,10,4,0,0,0,0,1,0,0,0,0,0,0.0,36,17,19,0,1,0,
1159,Duke Shelley,25,CHI,DB,10,4,0,0,0,0,3,0,0,0,0,0,0.0,37,30,7,0,0,0,
1160,Kadarius Toney,22,NYG,WR,10,4,0,0,0,0,0,0,0,1,-8,0,0.0,0,0,0,0,0,0,
1161,Jamal Agnew,26,JAX,WR,10,2,0,0,0,0,0,0,1,0,0,0,0.0,0,0,0,0,0,0,
1162,Dominique Dafney,24,GNB,TE,10,2,0,0,0,0,0,1,0,0,0,0,0.0,3,2,1,0,0,0,
1163,Kelvin Joseph,22,DAL,DB,10,2,0,0,0,0,2,0,0,1,7,0,0.0,16,13,3,1,0,0,
1164,Micah Kiser,26,DEN,LB,10,2,0,0,0,0,0,0,0,0,0,0,0.0,19,9,10,1,0,0,
1165,Rashaan Melvin,32,CAR,DB,10,2,0,0,0,0,0,0,0,0,0,0,0.0,16,12,4,1,0,0,
1166,Whitney Mercilus,31,2TM,LB,10,2,0,0,0,0,0,0,0,0,0,0,4.0,17,9,8,5,5,0,
1166,Whitney Mercilus,31,HOU,LB,6,2,0,0,0,0,0,0,0,0,0,0,3.0,12,6,6,4,3,0,
1166,Whitney Mercilus,31,GNB,LB,4,0,0,0,0,0,0,0,0,0,0,0,1.0,5,3,2,1,2,0,
1167,Amik Robertson,23,LVR,CB,10,2,0,0,0,0,0,0,0,0,0,0,0.0,19,14,5,0,0,0,
1168,Jaylon Smith,26,3TM,LB,10,4,0,0,0,0,1,0,0,0,0,0,1.0,38,26,12,1,1,0,
1168,Jaylon Smith,26,DAL,LB,4,2,0,0,0,0,0,0,0,0,0,0,0.0,18,13,5,0,0,0,
1168,Jaylon Smith,26,GNB,LB,2,0,0,0,0,0,0,0,0,0,0,0,0.0,1,1,0,0,0,0,
1168,Jaylon Smith,26,NYG,LB,4,2,0,0,0,0,1,0,0,0,0,0,1.0,19,12,7,1,1,0,
1169,Jimmy Smith,33,BAL,DB,10,2,0,0,0,0,3,0,0,0,0,0,0.0,18,15,3,1,0,0,
1170,Roderic Teamer,24,LVR,DB,10,2,0,0,0,0,1,0,0,0,0,0,0.0,18,13,5,0,0,0,
1171,Tanner Vallejo,27,ARI,LB,10,2,0,0,0,0,1,0,0,0,0,0,0.5,11,7,4,1,1,0,
1172,Peyton Barber,27,LVR,RB,10,1,0,0,0,0,0,0,2,1,0,0,0.0,0,0,0,0,0,0,
1173,Vernon Butler,27,BUF,DT,10,1,0,0,0,0,0,0,0,0,0,0,0.0,11,6,5,0,1,0,
1174,Donte Deayon,27,LAR,DB,10,1,0,0,0,0,2,0,0,0,0,0,0.0,29,24,5,1,0,0,
1175,Josh Jones,27,2TM,DB,10,1,0,0,0,0,1,0,0,0,0,0,0.0,16,10,6,0,0,0,
1175,Josh Jones,27,IND,DB,6,0,0,0,0,0,0,0,0,0,0,0,0.0,5,3,2,0,0,0,
1175,Josh Jones,27,SEA,DB,4,1,0,0,0,0,1,0,0,0,0,0,0.0,11,7,4,0,0,0,
1176,Gabe Nabers,24,LAC,FB,10,1,0,0,0,0,0,0,0,0,0,0,0.0,2,1,1,0,0,0,
1177,Efe Obada,29,BUF,DE,10,1,0,0,0,0,1,0,0,0,0,0,3.5,12,8,4,3,8,0,
1178,Kenny Robinson Jr.,22,CAR,S,10,1,0,0,0,0,0,0,0,0,0,0,0.0,17,12,5,0,0,0,
1179,John Ross,26,NYG,WR,10,1,0,0,0,0,0,0,1,1,0,0,0.0,0,0,0,0,0,0,
1180,Shaka Toney,23,WAS,LB,10,1,0,0,0,0,0,0,0,0,0,0,1.5,8,2,6,1,3,0,
1181,Desmond Trufant,31,2TM,DB,10,1,0,0,0,0,6,0,0,0,0,0,0.0,17,14,3,0,0,0,
1181,Desmond Trufant,31,NOR,DB,2,0,0,0,0,0,1,0,0,0,0,0,0.0,3,2,1,0,0,0,
1181,Desmond Trufant,31,LVR,DB,8,1,0,0,0,0,5,0,0,0,0,0,0.0,14,12,2,0,0,0,
1182,Travis Benjamin,32,SFO,WR,10,0,0,0,0,0,0,0,1,0,0,0,0.0,1,1,0,0,0,0,
1183,Bobby Brown,21,LAR,DT,10,0,0,0,0,0,0,0,0,0,0,0,0.0,1,0,1,0,0,0,
1184,L.J. Collier,26,SEA,DE,10,0,0,0,0,0,1,0,0,0,0,0,0.0,8,3,5,1,5,0,
1185,Frank Darby,24,ATL,WR,10,0,0,0,0,0,0,1,0,0,0,0,0.0,1,0,1,0,0,0,
1186,D'Wayne Eskridge,24,SEA,WR,10,0,0,0,0,0,0,0,0,1,0,0,0.0,0,0,0,0,0,0,
1187,Jaylon Ferguson,26,BAL,DE,10,0,0,0,0,0,0,0,0,0,0,0,0.0,6,3,3,0,3,0,
1188,Tony Fields,22,CLE,LB,10,0,0,0,0,0,0,0,0,0,0,0,0.0,4,2,2,0,0,0,
1189,Jake Funk,23,LAR,RB,10,0,0,0,0,0,0,0,0,0,0,0,0.0,2,1,1,0,0,0,
1190,Buddy Howell,25,LAR,RB,10,0,0,0,0,0,0,0,0,0,0,0,0.0,2,2,0,0,0,0,
1191,Margus Hunt,34,CHI,DE,10,0,0,0,0,0,0,0,0,0,0,0,0.0,14,6,8,3,0,0,
1192,Joshua Kelley,24,LAC,RB,10,0,0,0,0,0,0,0,1,0,0,0,0.0,0,0,0,0,0,0,
1193,Marcus Mariota,28,LVR,QB,10,0,0,0,0,0,0,0,1,0,0,0,0.0,0,0,0,0,0,0,
1194,Pernell McPhee,33,BAL,DE,10,0,0,0,0,0,0,0,0,0,0,0,1.0,14,11,3,2,3,0,
1195,Calvin Munson,27,2TM,LB,10,0,0,0,0,0,0,0,0,0,0,0,0.0,11,7,4,1,0,0,
1195,Calvin Munson,27,NWE,LB,6,0,0,0,0,0,0,0,0,0,0,0,0.0,9,6,3,1,0,0,
1195,Calvin Munson,27,MIA,LB,4,0,0,0,0,0,0,0,0,0,0,0,0.0,2,1,1,0,0,0,
1196,Dayo Odeyingbo,22,IND,DE,10,0,0,0,0,0,0,1,0,0,0,0,0.5,6,5,1,0,1,0,
1197,Mike Pennel,30,ATL,DT,10,0,0,0,0,0,0,0,0,0,0,0,0.0,21,9,12,0,0,0,
1198,Christian Rozeboom,24,2TM,LB,10,0,0,0,0,0,0,0,0,0,0,0,0.0,3,3,0,0,0,0,
1198,Christian Rozeboom,24,KAN,LB,1,0,0,0,0,0,0,0,0,0,0,0,0.0,1,1,0,0,0,0,
1198,Christian Rozeboom,24,LAR,LB,9,0,0,0,0,0,0,0,0,0,0,0,0.0,2,2,0,0,0,0,
1199,Malik Taylor,26,GNB,WR,10,0,0,0,0,0,0,0,1,0,0,0,0.0,2,1,1,0,0,0,
1200,James Vaughters,28,ATL,LB,10,0,0,0,0,0,0,1,0,0,0,0,1.0,8,4,4,0,4,0,
1201,Jordan Willis,26,SFO,LB,10,0,0,0,0,0,0,1,0,0,0,0,3.0,15,6,9,2,5,0,
1202,Oshane Ximines,25,NYG,DE,10,0,0,0,0,0,3,0,0,0,0,0,0.0,13,4,9,0,2,0,
1203,Samuel Cosmi,22,WAS,RT,9,9,0,0,0,0,0,0,0,1,0,0,0.0,0,0,0,0,0,0,
1204,Corey Davis,26,NYJ,WR,9,9,0,0,0,0,0,0,2,1,0,0,0.0,0,0,0,0,0,0,
1205,Pat Elflein,27,CAR,C,9,9,0,0,0,0,0,0,1,0,0,0,0.0,1,1,0,0,0,0,
1206,Akiem Hicks,32,CHI,DE,9,9,0,0,0,0,0,0,0,0,0,0,3.5,25,19,6,5,9,0,
1207,Brandon Linder,29,JAX,C,9,9,0,0,0,0,0,0,0,0,0,0,0.0,1,1,0,0,0,0,
1208,Matt Paradis,32,CAR,C,9,9,0,0,0,0,0,0,0,2,0,0,0.0,0,0,0,0,0,0,
1209,Robert Woods,29,LAR,WR,9,9,0,0,0,0,0,0,0,0,0,0,0.0,1,1,0,0,0,0,
1210,Chase Young,22,WAS,LDE,9,9,0,0,0,0,2,2,0,0,0,0,1.5,26,15,11,3,4,0,
1211,Sean Murphy-Bunting,24,TAM,RCB,9,8,0,0,0,0,3,1,0,0,0,0,0.0,43,30,13,1,0,0,
1212,Jordan Phillips,29,ARI,LDE,9,8,0,0,0,0,2,0,0,0,0,0,3.0,22,14,8,3,4,0,
1213,Bryce Huff,23,NYJ,RDE,9,7,0,0,0,0,0,0,0,0,0,0,2.0,14,5,9,1,8,0,
1214,Germain Ifedi,27,CHI,RT,9,7,0,0,0,0,0,0,0,1,0,0,0.0,0,0,0,0,0,0,
1215,Everson Griffen,34,MIN,RDE,9,6,0,0,0,0,0,1,0,0,0,0,5.0,15,10,5,4,10,0,
1216,Tyler Kroft,29,NYJ,TE,9,6,0,0,0,0,0,0,0,0,0,0,0.0,1,1,0,0,0,0,
1217,Davion Taylor,23,PHI,RLB,9,6,0,0,0,0,0,2,0,0,0,0,0.0,41,24,17,1,0,0,
1218,Jarrad Davis,27,NYJ,MLB,9,5,0,0,0,0,0,0,0,0,0,0,0.0,25,18,7,0,0,0,
1219,Jonathan Bullard,28,ATL,DE,9,4,0,0,0,0,1,0,0,0,0,0,0.0,21,8,13,0,1,0,
1220,DeSean Jackson,35,LVR,WR,9,4,0,0,0,0,0,0,1,0,0,0,0.0,1,0,1,0,0,0,
1221,Kaden Smith,24,NYG,TE,9,4,0,0,0,0,0,0,0,0,0,0,0.0,2,2,0,0,0,0,
1222,Jeff Wilson,26,SFO,RB,9,4,0,0,0,0,0,0,1,1,0,0,0.0,1,1,0,0,0,0,
1223,D'Onta Foreman,25,TEN,RB,9,3,0,0,0,0,0,0,2,1,3,0,0.0,0,0,0,0,0,0,
1224,Tre Herndon,25,JAX,DB,9,3,0,0,0,0,0,0,0,0,0,0,0.0,17,12,5,1,0,0,
1225,Alec Ingold,25,LVR,FB,9,3,0,0,0,0,0,0,0,1,1,0,0.0,4,2,2,0,0,0,
1226,Tommy Kraemer,23,DET,G,9,3,0,0,0,0,0,0,0,1,0,0,0.0,0,0,0,0,0,0,
1227,Benjamin St-Juste,24,WAS,DB,9,3,0,0,0,0,3,0,0,0,0,0,0.0,26,20,6,1,0,0,
1228,Donovan Wilson,26,DAL,DB,9,3,0,0,0,0,1,0,0,0,0,0,0.0,29,17,12,0,1,0,
1229,Jarrod Wilson,27,2TM,DB,9,3,0,0,0,0,0,0,0,0,0,0,1.0,16,11,5,2,3,0,
1229,Jarrod Wilson,27,NYJ,DB,5,3,0,0,0,0,0,0,0,0,0,0,1.0,13,9,4,2,3,0,
1229,Jarrod Wilson,27,SFO,DB,4,0,0,0,0,0,0,0,0,0,0,0,0.0,3,2,1,0,0,0,
1230,Ahkello Witherspoon,26,PIT,DB,9,3,3,45,0,41,9,0,0,0,0,0,0.0,15,14,1,1,0,0,
1231,Joe Bachie,23,CIN,LB,9,2,0,0,0,0,1,0,0,0,0,0,0.0,30,18,12,0,0,0,
1232,Brevin Jordan,21,HOU,TE,9,2,0,0,0,0,0,0,0,0,0,0,0.0,1,0,1,0,0,0,
1233,Sean McKeon,24,DAL,TE,9,2,0,0,0,0,0,0,0,0,0,0,0.0,1,0,1,0,0,0,
1234,Aaron Robinson,23,NYG,DB,9,2,0,0,0,0,3,0,0,0,0,0,0.0,26,16,10,0,1,0,
1235,Trey Sermon,22,SFO,RB,9,2,0,0,0,0,0,0,0,0,0,0,0.0,2,1,1,0,0,0,
1236,Kevon Seymour,28,BAL,DB,9,2,0,0,0,0,1,0,0,0,0,0,1.0,25,17,8,3,1,0,
1237,Jahleel Addae,31,IND,DB,9,1,0,0,0,0,0,0,0,0,0,0,0.0,15,10,5,0,0,0,
1238,Daniel Helm,26,LVR,TE,9,1,0,0,0,0,0,0,0,0,0,0,0.0,1,1,0,0,0,0,
1239,Albert Huggins,24,NOR,DT,9,1,0,0,0,0,0,0,0,0,0,0,0.0,16,3,13,0,2,0,
1240,Richard LeCounte,23,CLE,DB,9,1,0,0,0,0,0,0,0,0,0,0,0.0,3,2,1,0,0,0,
1241,KC McDermott,25,JAX,T,9,1,0,0,0,0,0,0,0,0,0,0,0.0,1,1,0,0,0,0,
1242,Kevin Pierre-Louis,30,HOU,LB,9,1,0,0,0,0,0,0,0,1,0,0,0.0,10,8,2,0,0,0,
1243,Bunmi Rotimi,26,WAS,DE,9,1,0,0,0,0,0,0,0,0,0,0,1.0,10,5,5,1,1,0,
1244,Brandon Wilson,27,CIN,RB,9,1,0,0,0,0,0,0,0,0,0,0,0.0,6,3,3,0,0,0,
1245,Ben Banogu,25,IND,LB,9,0,0,0,0,0,0,0,0,0,0,0,0.0,2,1,1,0,1,0,
1246,Eno Benjamin,22,ARI,RB,9,0,0,0,0,0,0,0,0,1,0,0,0.0,1,0,1,0,0,0,
1247,Matt Breida,26,BUF,RB,9,0,0,0,0,0,0,0,1,0,0,0,0.0,2,1,1,0,0,0,
1248,Anthony Chesley,26,IND,DB,9,0,0,0,0,0,0,0,0,1,0,0,0.0,6,6,0,0,0,0,
1249,Dylan Cole,27,TEN,LB,9,0,0,0,0,0,1,1,0,0,0,0,0.0,16,10,6,1,1,0,
1250,Marquise Copeland,24,LAR,DT,9,0,0,0,0,0,0,0,0,0,0,0,0.0,10,4,6,1,0,0,
1251,Akeem Davis-Gaither,24,CIN,LB,9,0,0,0,0,0,3,1,0,0,0,0,0.0,28,21,7,0,0,0,
1252,Myles Dorn,23,MIN,S,9,0,0,0,0,0,0,0,0,0,0,0,0.0,3,1,2,0,0,0,
1253,Justin Hamilton,28,DAL,DT,9,0,0,0,0,0,0,0,0,0,0,0,0.0,10,6,4,1,2,0,
1254,Harrison Hand,23,MIN,CB,9,0,0,0,0,0,0,0,0,0,0,0,0.0,5,5,0,0,0,0,
1255,Joseph Jones,27,TEN,LB,9,0,0,0,0,0,0,0,0,0,0,0,0.0,6,2,4,0,0,0,
1256,Patrick Jones II,23,MIN,DE,9,0,0,0,0,0,0,0,0,0,0,0,0.0,7,4,3,0,0,0,
1257,Azur Kamara,23,DAL,LB,9,0,0,0,0,0,0,0,0,0,0,0,0.0,3,2,1,0,0,0,
1258,Racey McMath,22,TEN,WR,9,0,0,0,0,0,0,0,1,0,0,0,0.0,5,1,4,0,0,0,
1259,Herb Miller,24,CLE,DB,9,0,0,0,0,0,0,0,0,0,0,0,0.0,5,4,1,0,0,0,
1260,Scott Miller,24,TAM,WR,9,0,0,0,0,0,0,0,0,1,0,0,0.0,2,2,0,0,0,0,
1261,Ryan Nall,26,CHI,RB,9,0,0,0,0,0,0,0,0,1,0,0,0.0,2,2,0,0,0,0,
1262,Robert Nkemdiche,27,SEA,DT,9,0,0,0,0,0,1,0,0,0,0,0,0.0,15,7,8,0,1,0,
1263,Ifeadi Odenigbo,27,CLE,DE,9,0,0,0,0,0,0,0,0,1,0,0,0.0,13,7,6,0,3,0,
1264,Steven Parker,26,NYG,DB,9,0,0,0,0,0,2,0,0,0,0,0,0.0,6,4,2,0,0,0,
1265,Kendall Sheffield,25,ATL,DB,9,0,0,0,0,0,0,0,0,0,0,0,0.0,4,2,2,0,0,0,
1266,Joey Slye,25,2TM,K,9,0,0,0,0,0,0,0,0,0,0,0,0.0,2,1,1,0,0,0,
1266,Joey Slye,25,HOU,K,3,0,0,0,0,0,0,0,0,0,0,0,0.0,1,0,1,0,0,0,
1266,Joey Slye,25,WAS,K,6,0,0,0,0,0,0,0,0,0,0,0,0.0,1,1,0,0,0,0,
1267,Patrick Taylor,23,GNB,RB,9,0,0,0,0,0,0,0,0,0,0,0,0.0,1,1,0,0,0,0,
1268,Zach Triner,30,TAM,LS,9,0,0,0,0,0,0,0,0,0,0,0,0.0,3,3,0,0,0,0,
1269,Steven Wirtel,24,GNB,LS,9,0,0,0,0,0,0,0,0,0,0,0,0.0,1,1,0,0,0,0,
1270,Kenny Yeboah,23,NYJ,TE,9,0,0,0,0,0,0,0,0,0,0,0,0.0,1,1,0,0,0,0,
1271,Derrick Henry,27,TEN,RB,8,8,0,0,0,0,0,0,1,1,0,0,0.0,0,0,0,0,0,0,
1272,Michael Pierce,29,MIN,LDT,8,8,0,0,0,0,0,1,0,0,0,0,3.0,20,12,8,3,4,0,
1273,Chase Roullier,28,WAS,C,8,8,0,0,0,0,0,0,1,1,-3,0,0.0,0,0,0,0,0,0,
1274,Odell Beckham Jr.,29,LAR,WR,8,7,0,0,0,0,0,0,0,0,0,0,0.0,2,2,0,0,0,0,
1275,Andy Dalton,34,CHI,QB,8,6,0,0,0,0,0,0,1,2,0,0,0.0,2,1,1,0,0,0,
1276,Dontrell Hilliard,26,TEN,RB,8,5,0,0,0,0,0,0,2,1,0,0,0.0,3,2,1,0,0,0,
1277,Blake Jarwin,27,DAL,TE,8,5,0,0,0,0,0,0,0,0,0,0,0.0,1,1,0,0,0,0,
1278,Tanoh Kpassagnon,27,NOR,RDE,8,5,0,0,0,0,2,1,0,0,0,0,4.0,18,14,4,3,8,0,
1279,Cam Newton,32,CAR,QB,8,5,0,0,0,0,0,0,4,1,3,0,0.0,0,0,0,0,0,0,
1280,Dan Arnold,26,JAX,WR,8,3,0,0,0,0,0,0,1,0,0,0,0.0,0,0,0,0,0,0,
1281,Ronald Blair,28,NYJ,DE,8,3,0,0,0,0,0,0,0,1,0,0,1.0,28,12,16,4,4,0,
1282,Stephon Gilmore,31,CAR,DB,8,3,2,13,0,13,2,0,0,0,0,0,0.0,16,15,1,1,0,0,PB
1283,Colt McCoy,35,ARI,QB,8,3,0,0,0,0,0,0,4,3,0,0,0.0,1,1,0,0,0,0,
1284,Kyle Peko,28,TEN,DT,8,3,0,0,0,0,0,1,0,0,0,0,2.0,10,7,3,2,3,0,
1285,Tory Carter,22,TEN,FB,8,2,0,0,0,0,0,0,0,1,0,0,0.0,2,2,0,0,0,0,
1286,Justin Hollins,25,LAR,LB,8,2,0,0,0,0,0,1,0,0,0,0,2.0,22,14,8,1,1,0,
1287,Tyquan Lewis,26,IND,DE,8,2,1,8,0,8,2,0,1,0,0,0,2.5,14,10,4,3,6,0,
1288,Deandre Baker,24,KAN,DB,8,1,0,0,0,0,1,0,0,0,0,0,0.0,16,13,3,0,0,0,
1289,Jalen Elliott,23,DET,S,8,1,0,0,0,0,0,0,0,0,0,0,0.0,12,7,5,0,0,0,
1290,Breiden Fehoko,25,LAC,DT,8,1,0,0,0,0,0,0,0,0,0,0,0.0,13,5,8,0,0,0,
1291,Jalyn Holmes,25,NOR,DE,8,1,0,0,0,0,1,0,0,0,0,0,0.0,14,7,7,2,0,0,
1292,Damion Square,32,LVR,DE,8,1,0,0,0,0,0,0,0,0,0,0,0.5,9,3,6,0,3,0,
1293,Michael Thomas,31,CIN,DB,8,1,0,0,0,0,1,0,0,0,0,0,0.0,18,9,9,0,0,0,
1294,Tavon Wilson,31,SFO,DB,8,1,0,0,0,0,1,0,0,0,0,0,0.0,10,6,4,0,0,0,
1295,Danny Amendola,36,HOU,WR,8,0,0,0,0,0,0,0,1,0,0,0,0.0,1,1,0,0,0,0,
1296,Tutu Atwell,22,LAR,WR,8,0,0,0,0,0,0,0,1,0,0,0,0.0,0,0,0,0,0,0,
1297,Boogie Basham,24,BUF,DE,8,0,0,0,0,0,0,0,0,0,0,0,2.5,18,11,7,4,3,0,
1298,Francis Bernard,26,DAL,LB,8,0,0,0,0,0,0,0,0,0,0,0,0.0,4,1,3,0,0,0,
1299,Mike Boone,26,DEN,RB,8,0,0,0,0,0,0,0,0,0,0,0,0.0,2,1,1,0,0,0,
1300,Antoine Brooks Jr.,24,LAR,S,8,0,0,0,0,0,0,0,0,0,0,0,0.0,3,2,1,0,0,0,
1301,Maurice Canady,27,DAL,DB,8,0,0,0,0,0,0,0,0,0,0,0,0.0,6,4,2,0,0,0,
1302,Pharoh Cooper,26,NYG,WR,8,0,0,0,0,0,0,0,0,0,0,0,0.0,2,0,2,0,0,0,
1303,Darrick Forrest,22,WAS,DB,8,0,0,0,0,0,0,0,0,0,0,0,0.0,7,4,3,0,1,0,
1304,Mark Gilbert,24,DET,DB,8,0,0,0,0,0,1,1,0,0,0,0,0.0,3,2,1,0,0,0,
1305,Kylin Hill,23,GNB,RB,8,0,0,0,0,0,0,0,0,0,0,0,0.0,1,1,0,0,0,0,
1306,Andy Isabella,25,ARI,WR,8,0,0,0,0,0,0,0,0,0,0,0,0.0,2,1,1,0,0,0,
1307,Sam Kamara,24,CHI,DT,8,0,0,0,0,0,1,0,0,0,0,0,0.0,10,7,3,1,0,0,
1308,Nick Kwiatkoski,28,LVR,LB,8,0,0,0,0,0,0,1,0,0,0,0,0.0,21,13,8,1,0,0,
1309,Qadree Ollison,25,ATL,RB,8,0,0,0,0,0,0,1,1,0,0,0,0.0,2,1,1,0,0,0,
1310,J.R. Reed,25,NYG,S,8,0,0,0,0,0,0,0,0,0,0,0,0.0,13,5,8,0,0,0,
1311,Mohamed Sanu,32,SFO,WR,8,0,0,0,0,0,0,0,0,0,0,0,0.0,1,1,0,0,0,0,
1312,Elerson Smith,23,NYG,DE,8,0,0,0,0,0,0,1,0,0,0,0,0.0,8,2,6,0,2,0,
1313,Sutton Smith,25,LVR,LB,8,0,0,0,0,0,0,0,0,0,0,0,0.0,1,1,0,0,0,0,
1314,Chris Williams,23,IND,DT,8,0,0,0,0,0,0,0,0,0,0,0,0.0,4,2,2,0,0,0,
1315,Jonah Williams,26,LAR,DE,8,0,0,0,0,0,0,0,0,0,0,0,0.0,5,1,4,0,0,0,
1316,Bradley Chubb,25,DEN,LOLB,7,7,1,21,0,21,2,0,0,0,0,0,0.0,21,9,12,1,4,0,
1317,Trey Flowers,28,DET,LOLB,7,7,0,0,0,0,0,1,0,1,0,0,1.5,24,15,9,1,3,0,
1318,Graham Glasgow,29,DEN,RG,7,7,0,0,0,0,0,0,0,0,0,0,0.0,1,0,1,0,0,0,
1319,Danielle Hunter,27,MIN,LDE,7,7,0,0,0,0,0,0,0,0,0,0,6.0,38,23,15,6,10,0,
1320,Sebastian Joseph-Day,26,LAR,RDT,7,7,0,0,0,0,0,0,0,0,0,0,3.0,38,23,15,3,5,0,
1321,DeMarcus Lawrence,29,DAL,LDE,7,7,1,40,1,40,5,2,0,0,0,0,3.0,21,16,5,5,7,0,
1322,Khalil Mack,30,CHI,ROLB,7,7,0,0,0,0,0,0,0,1,23,0,6.0,19,15,4,6,7,0,
1323,Christian McCaffrey,25,CAR,RB,7,7,0,0,0,0,0,0,1,1,3,0,0.0,1,1,0,0,0,0,
1324,Elijah Riley,23,NYJ,FS,7,7,0,0,0,0,1,0,0,0,0,0,1.0,45,23,22,3,1,0,
1325,J.J. Watt,32,ARI,RDE,7,7,0,0,0,0,2,1,0,0,0,0,1.0,16,10,6,5,10,0,
1326,Jameis Winston,27,NOR,QB,7,7,0,0,0,0,0,0,2,1,0,0,0.0,0,0,0,0,0,0,
1327,James O'Shaughnessy,29,JAX,TE,7,6,0,0,0,0,0,0,0,0,0,0,0.0,1,1,0,0,0,0,
1328,Sterling Shepard,28,NYG,WR,7,6,0,0,0,0,0,0,0,0,0,0,0.0,3,3,0,0,0,0,
1329,Josh Reynolds,26,DET,WR,7,5,0,0,0,0,0,0,0,0,0,0,0.0,2,2,0,0,0,0,
1330,Tyler Huntley,23,BAL,QB,7,4,0,0,0,0,0,0,4,1,0,0,0.0,0,0,0,0,0,0,
1331,Jason McCourty,34,MIA,DB,7,4,0,0,0,0,2,0,0,0,0,0,0.0,21,10,11,0,0,0,
1332,Ifeatu Melifonwu,22,DET,DB,7,4,0,0,0,0,3,0,0,2,0,0,0.0,15,12,3,0,0,0,
1333,Mark Ingram,32,NOR,RB,7,3,0,0,0,0,0,0,1,0,0,0,0.0,1,1,0,0,0,0,
1334,Marcus Johnson,27,TEN,WR,7,3,0,0,0,0,0,0,0,0,0,0,0.0,1,1,0,0,0,0,
1335,Adam Prentice,24,NOR,FB,7,3,0,0,0,0,0,0,0,0,0,0,0.0,1,1,0,0,0,0,
1336,Yodny Cajuste,25,NWE,T,7,2,0,0,0,0,0,0,0,0,0,0,0.0,1,1,0,0,0,0,
1337,Jacob Hollister,28,JAX,TE,7,2,0,0,0,0,0,0,0,0,0,0,0.0,1,0,1,0,0,0,
1338,John Jenkins,32,MIA,DT,7,2,0,0,0,0,0,0,0,0,0,0,0.0,16,10,6,0,0,0,
1339,Case Keenum,33,CLE,QB,7,2,0,0,0,0,0,0,1,0,0,0,0.0,0,0,0,0,0,0,
1340,Jessie Lemonier,24,DET,DE,7,2,0,0,0,0,0,0,0,0,0,0,1.5,15,8,7,1,3,0,
1341,Jonathan Owens,26,HOU,DB,7,2,1,7,0,7,1,0,0,1,6,0,0.0,18,10,8,0,0,0,
1342,Malcolm Roach,23,NOR,DT,7,2,1,5,0,5,1,0,0,0,0,0,0.0,10,4,6,0,2,0,
1343,Joe Thomas,30,2TM,LB,7,2,0,0,0,0,0,0,0,0,0,0,0.0,13,9,4,0,0,0,
1343,Joe Thomas,30,BAL,,2,0,0,0,0,0,0,0,0,0,0,0,0.0,1,0,1,0,0,0,
1343,Joe Thomas,30,HOU,LB,5,2,0,0,0,0,0,0,0,0,0,0,0.0,12,9,3,0,0,0,
1344,Sheldon Day,27,CLE,DT,7,1,0,0,0,0,2,0,0,0,0,0,1.0,21,7,14,0,1,0,
1345,Yasir Durant,23,NWE,T,7,1,0,0,0,0,0,0,0,1,0,0,0.0,0,0,0,0,0,0,
1346,Noah Igbinoghene,22,MIA,CB,7,1,0,0,0,0,0,0,0,0,0,0,0.0,6,6,0,0,0,0,
1347,Khalid Kareem,23,CIN,DE,7,1,0,0,0,0,0,1,0,1,4,0,0.0,9,5,4,1,2,0,
1348,Harvey Langi,29,NWE,DE,7,1,0,0,0,0,0,0,0,0,0,0,0.0,3,1,2,0,0,0,
1349,Cameron Lewis,24,BUF,DB,7,1,0,0,0,0,1,1,0,0,0,0,0.0,6,3,3,1,0,0,
1350,Wes Martin,25,NYG,G,7,1,0,0,0,0,0,0,0,0,0,0,0.0,1,1,0,0,0,0,
1351,Kyle Phillips,24,NYJ,DE,7,1,0,0,0,0,0,0,0,0,0,0,1.0,15,6,9,2,3,0,
1352,Tyrell Adams,29,2TM,LB,7,0,0,0,0,0,0,1,0,0,0,0,0.0,4,4,0,0,0,0,
1352,Tyrell Adams,29,SFO,LB,5,0,0,0,0,0,0,0,0,0,0,0,0.0,1,1,0,0,0,0,
1352,Tyrell Adams,29,JAX,LB,2,0,0,0,0,0,0,1,0,0,0,0,0.0,3,3,0,0,0,0,
1353,McTelvin Agim,24,DEN,DT,7,0,0,0,0,0,1,0,0,0,0,0,1.5,4,2,2,1,3,0,
1354,Daren Bates,31,ATL,LB,7,0,0,0,0,0,0,0,0,0,0,0,0.0,6,4,2,0,0,0,
1355,Josiah Bronson,24,2TM,DT,7,0,0,0,0,0,0,0,0,0,0,0,0.0,12,8,4,1,1,0,
1355,Josiah Bronson,24,NOR,DT,6,0,0,0,0,0,0,0,0,0,0,0,0.0,11,7,4,1,1,0,
1355,Josiah Bronson,24,CLE,DT,1,0,0,0,0,0,0,0,0,0,0,0,0.0,1,1,0,0,0,0,
1356,Elijah Campbell,26,MIA,DB,7,0,0,0,0,0,0,0,0,0,0,0,0.0,2,2,0,0,0,0,
1357,Tyrie Cleveland,24,DEN,WR,7,0,0,0,0,0,0,0,0,0,0,0,0.0,4,3,1,0,0,0,
1358,Carter Coughlin,24,NYG,LB,7,0,0,0,0,0,0,0,0,0,0,0,0.0,6,2,4,0,0,0,
1359,Jabril Cox,23,DAL,LB,7,0,0,0,0,0,0,0,0,0,0,0,0.0,2,2,0,0,0,0,
1360,Daniel Ekuale,27,NWE,DT,7,0,0,0,0,0,0,0,0,0,0,0,2.0,5,4,1,2,2,0,
1361,Dorian Etheridge,23,ATL,LB,7,0,0,0,0,0,0,0,0,0,0,0,0.0,1,0,1,0,0,0,
1362,Royce Freeman,25,HOU,RB,7,0,0,0,0,0,0,0,0,0,0,0,0.0,2,2,0,0,0,0,
1363,Tipa Galeai,24,GNB,LB,7,0,0,0,0,0,0,0,0,0,0,0,1.0,12,7,5,1,1,0,
1364,Darius Harris,25,KAN,LB,7,0,0,0,0,0,0,0,0,0,0,0,0.0,1,1,0,0,0,0,
1365,Jesper Horsted,24,CHI,WR,7,0,0,0,0,0,0,0,0,0,0,0,0.0,2,1,1,0,0,0,
1366,Jordan Howard,27,PHI,RB,7,0,0,0,0,0,0,0,0,1,-3,0,0.0,1,1,0,0,0,0,
1367,Juju Hughes,23,LAR,DB,7,0,0,0,0,0,0,0,0,0,0,0,0.0,5,4,1,0,0,0,
1368,Chris Jones,26,TEN,DB,7,0,0,0,0,0,1,0,0,0,0,0,0.0,7,5,2,0,0,0,
1369,Zach Kerr,31,2TM,DT,7,0,0,0,0,0,0,0,0,0,0,0,0.0,6,2,4,0,0,0,
1369,Zach Kerr,31,SFO,DT,4,0,0,0,0,0,0,0,0,0,0,0,0.0,3,1,2,0,0,0,
1369,Zach Kerr,31,ARI,DT,3,0,0,0,0,0,0,0,0,0,0,0,0.0,3,1,2,0,0,0,
1370,Jimmy Moreland,26,HOU,DB,7,0,0,0,0,0,0,0,0,0,0,0,0.0,2,0,2,0,0,0,
1371,Daviyon Nixon,23,CAR,DT,7,0,0,0,0,0,0,0,0,0,0,0,0.5,9,1,8,0,2,0,
1372,Riley Patterson,22,DET,K,7,0,0,0,0,0,0,0,0,0,0,0,0.0,1,1,0,0,0,0,
1373,Rashard Robinson,26,TAM,DB,7,0,0,0,0,0,0,0,0,0,0,0,0.0,4,3,1,0,0,0,
1374,Khalen Saunders,25,KAN,DT,7,0,0,0,0,0,0,0,0,0,0,0,0.0,8,2,6,0,0,0,
1375,Charles Washington,28,ARI,DB,7,0,0,0,0,0,0,0,0,0,0,0,0.0,3,3,0,0,0,0,
1376,Mark Webb,23,LAC,DB,7,0,0,0,0,0,0,0,0,0,0,0,0.0,3,3,0,0,0,0,
1377,Juwann Winfree,25,GNB,WR,7,0,0,0,0,0,0,0,2,0,0,0,0.0,0,0,0,0,0,0,
1378,Antwaun Woods,28,IND,DT,7,0,0,0,0,0,0,0,0,0,0,0,0.0,5,2,3,0,0,0,
1379,Julian Blackmon,23,IND,FS,6,6,0,0,0,0,1,1,0,0,0,0,0.0,34,27,7,2,0,0,
1380,DeShon Elliott,24,BAL,FS,6,6,1,0,0,0,2,0,0,0,0,0,1.0,23,19,4,3,3,0,
1381,Alexander Johnson,30,DEN,LILB,6,6,0,0,0,0,3,0,0,1,10,0,2.0,32,20,12,2,2,0,
1382,Marcus Maye,28,NYJ,SS,6,6,0,0,0,0,2,0,0,0,0,0,1.0,46,30,16,4,1,0,
1383,Tyrod Taylor,32,HOU,QB,6,6,0,0,0,0,0,0,3,2,9,0,0.0,0,0,0,0,0,0,
1384,Logan Thomas,30,WAS,TE,6,6,0,0,0,0,0,0,1,1,0,0,0.0,0,0,0,0,0,0,
1385,Jabrill Peppers,26,NYG,DB,6,5,0,0,0,0,1,0,0,0,0,0,1.0,29,19,10,2,4,0,
1386,Austin Reiter,30,MIA,C,6,5,0,0,0,0,0,0,2,0,-19,0,0.0,0,0,0,0,0,0,
1387,Mike Glennon,32,NYG,QB,6,4,0,0,0,0,0,0,6,2,-4,0,0.0,1,1,0,0,0,0,
1388,Trevor Siemian,30,NOR,QB,6,4,0,0,0,0,0,0,3,1,5,0,0.0,0,0,0,0,0,0,
1389,Brent Urban,30,DAL,DE,6,4,0,0,0,0,1,0,0,0,0,0,0.0,3,0,3,0,0,0,
1390,Drew Lock,25,DEN,QB,6,3,0,0,0,0,0,0,2,0,0,0,0.0,1,1,0,0,0,0,
1391,Darryl Roberts,31,WAS,DB,6,3,0,0,0,0,0,0,0,0,0,0,0.0,12,6,6,0,0,0,
1392,Buster Skrine,32,TEN,DB,6,3,1,17,0,17,3,0,0,0,0,0,0.0,17,11,6,0,0,0,
1393,Chris Westry,24,BAL,DB,6,2,0,0,0,0,3,0,0,0,0,0,0.0,17,17,0,1,0,0,
1394,Jarren Williams,24,NYG,CB,6,2,0,0,0,0,1,0,0,0,0,0,0.0,18,14,4,0,0,0,
1395,Shawn Williams,30,ATL,DB,6,2,0,0,0,0,0,0,0,0,0,0,0.0,23,13,10,0,0,0,
1396,Brandon Allen,29,CIN,QB,6,1,0,0,0,0,0,0,1,1,0,0,0.0,0,0,0,0,0,0,
1397,Eli Ankou,27,2TM,DT,6,1,0,0,0,0,0,0,0,0,0,0,1.0,12,5,7,1,1,0,
1397,Eli Ankou,27,TEN,DT,1,1,0,0,0,0,0,0,0,0,0,0,0.0,3,0,3,0,0,0,
1397,Eli Ankou,27,BUF,DT,5,0,0,0,0,0,0,0,0,0,0,0,1.0,9,5,4,1,1,0,
1398,C.J. Board,28,NYG,WR,6,1,0,0,0,0,0,0,0,0,6,0,0.0,2,0,2,0,0,0,
1399,T.J. Green,26,ATL,DB,6,1,0,0,0,0,1,0,0,0,0,0,0.0,13,8,5,0,0,0,
1400,Porter Gustin,24,CLE,DE,6,1,0,0,0,0,0,0,0,1,-6,0,0.0,9,6,3,0,0,0,
1401,Bruce Irvin,34,CHI,LB,6,1,0,0,0,0,1,0,0,0,0,0,0.0,7,2,5,0,2,0,
1402,Jonathan Jones,28,NWE,DB,6,1,1,0,0,0,3,0,0,0,0,0,0.0,20,15,5,0,0,0,
1403,Dre Kirkpatrick,32,SFO,DB,6,1,0,0,0,0,0,0,0,0,0,0,0.0,7,6,1,1,0,0,
1404,Jordan Love,23,GNB,QB,6,1,0,0,0,0,0,0,3,2,0,0,0.0,0,0,0,0,0,0,
1405,Kamal Martin,23,CAR,LB,6,1,0,0,0,0,0,0,0,0,0,0,0.0,2,2,0,0,0,0,
1406,Kevin Rader,26,PIT,TE,6,1,0,0,0,0,0,0,0,0,0,0,0.0,3,2,1,0,0,0,
1407,Teez Tabor,26,CHI,DB,6,1,0,0,0,0,0,0,0,0,0,0,0.0,8,6,2,0,0,0,
1408,Kevin White,29,NOR,WR,6,1,0,0,0,0,0,1,0,0,0,0,0.0,4,1,3,0,0,0,
1409,Daniel Wise,25,WAS,DT,6,1,0,0,0,0,0,0,0,0,0,0,0.0,10,5,5,1,1,0,
1410,Andrew Billings,26,CLE,NT,6,0,0,0,0,0,0,0,0,0,0,0,0.0,1,0,1,0,0,0,
1411,Marquise Blair,24,SEA,DB,6,0,0,0,0,0,2,0,0,0,0,0,0.0,9,5,4,1,0,0,
1412,Tashawn Bower,26,2TM,DE,6,0,0,0,0,0,0,0,0,0,0,0,1.0,4,2,2,1,1,0,
1412,Tashawn Bower,26,NWE,DE,2,0,0,0,0,0,0,0,0,0,0,0,1.0,3,1,2,1,1,0,
1412,Tashawn Bower,26,MIN,DE,4,0,0,0,0,0,0,0,0,0,0,0,0.0,1,1,0,0,0,0,
1413,River Cracraft,27,SFO,WR,6,0,0,0,0,0,0,0,0,1,0,0,0.0,3,2,1,0,0,0,
1414,Ken Crawley,28,NOR,DB,6,0,0,0,0,0,0,0,0,0,0,0,0.0,3,3,0,0,0,0,
1415,Nate Ebner,33,NYG,DB,6,0,0,0,0,0,0,0,0,0,0,0,0.0,2,2,0,0,0,0,
1416,Kylie Fitts,27,ARI,LB,6,0,0,0,0,0,0,0,0,0,0,0,0.0,2,2,0,0,0,0,
1417,Dee Ford,30,SFO,LB,6,0,0,0,0,0,0,1,0,0,0,0,3.0,5,3,2,2,4,0,
1418,Ladarius Hamilton,23,GNB,LB,6,0,0,0,0,0,0,0,0,0,0,0,0.0,3,2,1,0,2,0,
1419,Trysten Hill,23,DAL,DT,6,0,0,0,0,0,0,0,0,0,0,0,0.5,11,7,4,0,3,0,
1420,Tony Jefferson,29,2TM,DB,6,0,0,0,0,0,1,0,0,0,0,0,1.0,18,9,9,1,1,0,
1420,Tony Jefferson,29,SFO,DB,2,0,0,0,0,0,0,0,0,0,0,0,0.0,1,0,1,0,0,0,
1420,Tony Jefferson,29,BAL,DB,4,0,0,0,0,0,1,0,0,0,0,0,1.0,17,9,8,1,1,0,
1421,Jaydon Mickens,27,JAX,WR,6,0,0,0,0,0,0,0,1,0,0,0,0.0,1,1,0,0,0,0,
1422,Andre Mintze,23,DEN,LB,6,0,0,0,0,0,0,0,0,0,0,0,0.0,4,2,2,0,0,0,
1423,Johnny Mundt,27,LAR,TE,6,0,0,0,0,0,0,0,0,0,0,0,0.0,1,1,0,0,0,0,
1424,Tanner Muse,25,SEA,S,6,0,0,0,0,0,0,0,0,0,0,0,0.0,4,2,2,0,0,0,
1425,Sheldrick Redwine,25,2TM,DB,6,0,0,0,0,0,0,0,0,0,0,0,0.0,8,5,3,0,0,0,
1425,Sheldrick Redwine,25,NYJ,DB,2,0,0,0,0,0,0,0,0,0,0,0,0.0,6,4,2,0,0,0,
1425,Sheldrick Redwine,25,MIA,DB,4,0,0,0,0,0,0,0,0,0,0,0,0.0,2,1,1,0,0,0,
1426,Curtis Robinson,23,2TM,LB,6,0,0,0,0,0,0,0,0,0,0,0,0.0,6,3,3,0,1,0,
1426,Curtis Robinson,23,DEN,LB,3,0,0,0,0,0,0,0,0,0,0,0,0.0,5,2,3,0,1,0,
1426,Curtis Robinson,23,SFO,LB,3,0,0,0,0,0,0,0,0,0,0,0,0.0,1,1,0,0,0,0,
1427,Shi Smith,23,CAR,WR,6,0,0,0,0,0,0,0,0,0,0,0,0.0,1,1,0,0,0,0,
1428,Dillon Stoner,23,LVR,WR,6,0,0,0,0,0,0,0,0,0,0,0,0.0,1,1,0,0,0,0,
1429,Kevin Strong,25,2TM,DT,6,0,0,0,0,0,0,0,0,0,0,0,0.0,6,4,2,0,0,0,
1429,Kevin Strong,25,DET,DT,1,0,0,0,0,0,0,0,0,0,0,0,0.0,3,3,0,0,0,0,
1429,Kevin Strong,25,TEN,DT,5,0,0,0,0,0,0,0,0,0,0,0,0.0,3,1,2,0,0,0,
1430,Tommy Togiai,22,CLE,DT,6,0,0,0,0,0,1,0,0,0,0,0,0.5,16,9,7,0,1,0,
1431,Jacob Tuioti-Mariner,25,ATL,DT,6,0,0,0,0,0,1,0,0,0,0,0,2.0,9,5,4,2,2,0,
1432,Tristan Vizcaino,25,LAC,K,6,0,0,0,0,0,0,0,0,0,0,0,0.0,1,1,0,0,0,0,
1433,Nsimba Webster,25,CHI,WR,6,0,0,0,0,0,0,0,1,0,0,0,0.0,6,5,1,0,0,0,
1434,Kenny Willekes,24,MIN,DE,6,0,0,0,0,0,1,0,0,0,0,0,2.5,18,11,7,2,7,0,
1435,Justin Zimmer,29,BUF,DT,6,0,0,0,0,0,0,0,0,0,0,0,1.0,8,2,6,2,4,0,
1436,Trayvon Mullen,24,LVR,LCB,5,5,1,15,0,15,4,0,0,0,0,0,0.0,20,17,3,0,0,0,
1437,Calvin Ridley,27,ATL,WR,5,5,0,0,0,0,0,0,0,0,0,0,0.0,1,1,0,0,0,0,
1438,Neville Gallimore,24,DAL,DT,5,4,0,0,0,0,0,0,0,0,0,0,1.5,13,5,8,3,2,0,
1439,Duke Johnson,28,MIA,RB,5,4,0,0,0,0,0,0,0,1,0,0,0.0,0,0,0,0,0,0,
1440,Jamien Sherwood,21,NYJ,DB,5,4,0,0,0,0,0,0,0,0,0,0,0.0,15,8,7,0,0,0,
1441,Trae Waynes,29,CIN,DB,5,4,0,0,0,0,1,0,0,0,0,0,0.0,12,11,1,0,0,0,
1442,Tim Boyle,27,DET,QB,5,3,0,0,0,0,0,0,1,1,0,0,0.0,0,0,0,0,0,0,
1443,Tre Brown,24,SEA,DB,5,3,0,0,0,0,1,0,0,0,0,0,0.0,10,9,1,0,0,0,
1444,Richard Sherman,33,TAM,DB,5,3,1,0,0,0,1,0,0,1,4,0,0.0,11,11,0,0,0,0,
1445,Amani Bledsoe,23,TEN,DE,5,2,0,0,0,0,1,0,0,0,0,0,0.0,1,1,0,0,0,0,
1446,Greg Dortch,23,ARI,WR,5,2,0,0,0,0,0,0,0,0,0,0,0.0,1,1,0,0,0,0,
1447,Greg Mabin,27,TEN,DB,5,2,0,0,0,0,1,0,0,0,0,0,0.0,10,9,1,0,0,0,
1448,Jeremy Reaves,25,WAS,DB,5,2,0,0,0,0,1,0,0,0,0,0,0.0,29,20,9,1,0,0,
1449,Craig Reynolds,25,DET,RB,5,2,0,0,0,0,0,0,0,0,0,0,0.0,1,1,0,0,0,0,
1450,Derek Carrier,31,LVR,TE,5,1,0,0,0,0,0,0,0,0,0,0,0.0,3,3,0,0,0,0,
1451,Davontae Harris,26,LAC,DB,5,1,0,0,0,0,0,0,0,0,0,0,0.0,9,6,3,0,0,0,
1452,Chris Hogan,34,NOR,WR,5,1,0,0,0,0,0,0,0,0,0,0,0.0,1,1,0,0,0,0,
1453,Josh Mauro,30,ARI,DE,5,1,0,0,0,0,0,0,0,0,0,0,1.0,3,1,2,1,1,0,
1454,Derek Rivers,27,HOU,DE,5,1,0,0,0,0,0,0,0,0,0,0,1.0,9,7,2,2,1,0,
1455,Cooper Rush,28,DAL,QB,5,1,0,0,0,0,0,0,1,0,0,0,0.0,0,0,0,0,0,0,
1456,Danny Trevathan,31,CHI,LB,5,1,0,0,0,0,0,0,0,0,0,0,0.0,19,8,11,1,0,0,
1457,P.J. Walker,26,CAR,QB,5,1,0,0,0,0,0,0,3,2,2,0,0.0,1,0,1,0,0,0,
1458,Chris Williamson,24,ATL,CB,5,1,0,0,0,0,0,0,0,0,0,0,0.0,5,4,1,0,0,0,
1459,Jeremiah Attaochu,28,CHI,LB,5,0,0,0,0,0,0,0,0,0,0,0,0.0,2,1,1,0,1,0,
1460,Rashod Berry,25,DET,TE,5,0,0,0,0,0,0,0,0,0,0,0,0.0,3,2,1,0,1,0,
1461,Vince Biegel,28,MIA,LB,5,0,0,0,0,0,0,0,0,0,0,0,0.0,2,1,1,0,0,0,
1462,Curtis Bolton,26,DET,LB,5,0,0,0,0,0,0,0,0,0,0,0,0.0,3,2,1,0,0,0,
1463,Ja'Marcus Bradley,25,CLE,WR,5,0,0,0,0,0,0,0,0,0,0,0,0.0,3,2,1,0,0,0,
1464,Austin Calitro,27,CIN,LB,5,0,0,0,0,0,0,0,0,0,0,0,0.0,6,4,2,0,0,0,
1465,Joseph Charlton,24,CAR,P,5,0,0,0,0,0,0,0,0,0,0,0,0.0,1,1,0,0,0,0,
1466,Corn Elder,27,WAS,DB,5,0,0,0,0,0,1,0,0,0,0,0,0.0,5,5,0,0,0,0,
1467,Ben Ellefson,25,MIN,TE,5,0,0,0,0,0,0,0,0,0,0,0,0.0,2,0,2,0,0,0,
1468,Jordan Evans,26,CIN,LB,5,0,0,0,0,0,0,0,0,0,0,0,0.0,5,3,2,0,0,0,
1469,De'Jon Harris,24,WAS,LB,5,0,0,0,0,0,0,0,0,0,0,0,1.0,4,4,0,1,1,0,
1470,Robert Jackson,28,BAL,DB,5,0,0,0,0,0,0,0,0,0,0,0,0.0,3,1,2,0,0,0,
1471,Tyron Johnson,25,LVR,WR,5,0,0,0,0,0,0,1,0,0,0,0,0.0,1,1,0,0,0,0,
1472,Keandre Jones,24,CIN,LB,5,0,0,0,0,0,0,0,0,0,0,0,0.0,3,1,2,0,0,0,
1473,Malcolm Koonce,23,LVR,LB,5,0,0,0,0,0,0,0,0,0,0,0,2.0,3,2,1,2,2,0,
1474,J.J. Koski,25,LAR,WR,5,0,0,0,0,0,0,0,1,0,0,0,0.0,0,0,0,0,0,0,
1475,Kahlil McKenzie,24,BAL,DT,5,0,0,0,0,0,0,0,0,0,0,0,0.0,4,1,3,0,0,0,
1476,Jovante Moffatt,25,CLE,S,5,0,0,0,0,0,0,0,0,0,0,0,0.0,9,5,4,0,0,0,
1477,Jared Norris,28,WAS,LB,5,0,0,0,0,0,0,0,0,0,0,0,0.0,3,2,1,0,0,0,
1478,Derick Roberson,26,TEN,DE,5,0,0,0,0,0,0,0,0,0,0,0,1.5,11,6,5,3,4,0,
1479,Tye Smith,28,MIN,DB,5,0,0,0,0,0,0,0,0,0,0,0,0.0,6,5,1,0,0,0,
1480,Marquez Stevenson,23,BUF,WR,5,0,0,0,0,0,0,0,2,1,9,0,0.0,0,0,0,0,0,0,
1481,J.J. Taylor,23,NWE,RB,5,0,0,0,0,0,0,0,1,0,0,0,0.0,0,0,0,0,0,0,
1482,Cody Thompson,25,SEA,WR,5,0,0,0,0,0,0,0,0,1,0,0,0.0,1,0,1,0,0,0,
1483,Darian Thompson,28,DAL,DB,5,0,0,0,0,0,0,0,0,0,0,0,0.0,3,3,0,0,0,0,
1484,Marlon Tuipulotu,22,PHI,DT,5,0,0,0,0,0,0,0,0,0,0,0,0.0,5,1,4,0,0,0,
1485,Payton Turner,22,NOR,DE,5,0,0,0,0,0,0,0,0,0,0,0,1.0,12,9,3,3,3,0,
1486,Zeke Turner,25,ARI,DB,5,0,0,0,0,0,0,0,0,0,0,0,0.0,4,3,1,0,0,0,
1487,Rachad Wildgoose,21,NYJ,DB,5,0,0,0,0,0,0,0,0,0,0,0,0.0,3,1,2,0,0,0,
1488,Jonathan Williams,27,WAS,RB,5,0,0,0,0,0,0,0,0,1,0,0,0.0,2,1,1,0,0,0,
1489,Rodarius Williams,25,NYG,DB,5,0,0,0,0,0,0,0,0,0,0,0,0.0,1,1,0,0,0,0,
1490,Trayveon Williams,24,CIN,RB,5,0,0,0,0,0,0,0,0,0,0,0,0.0,2,1,1,0,0,0,
1491,Jaire Alexander,24,GNB,DB,4,4,1,30,0,30,3,0,0,0,0,0,0.0,13,9,4,0,0,0,
1492,Jonathan Bostic,30,WAS,RLB,4,4,0,0,0,0,0,0,0,0,0,0,0.0,22,12,10,1,0,0,
1493,Marcus Cannon,33,HOU,T,4,4,0,0,0,0,0,0,0,1,0,0,0.0,0,0,0,0,0,0,
1494,Chris Carson,27,SEA,RB,4,4,0,0,0,0,0,0,1,0,0,0,0.0,0,0,0,0,0,0,
1495,Javon Kinlaw,24,SFO,DT,4,4,0,0,0,0,0,0,0,0,0,0,0.0,8,1,7,0,1,0,
1496,Romeo Okwara,26,DET,DE,4,4,0,0,0,0,0,0,0,0,0,0,1.0,6,3,3,1,2,0,
1497,Adrian Colbert,28,NYJ,DB,4,3,0,0,0,0,0,0,0,0,0,0,0.0,16,10,6,0,0,0,
1498,Isaiah Oliver,25,ATL,DB,4,3,0,0,0,0,3,1,0,1,2,0,0.0,11,7,4,0,1,0,
1499,Geno Smith,31,SEA,QB,4,3,0,0,0,0,0,0,1,0,0,0,0.0,0,0,0,0,0,0,
1500,Gardner Minshew II,25,PHI,QB,4,2,0,0,0,0,0,0,1,1,0,0,0.0,0,0,0,0,0,0,
1501,Adrian Peterson,36,2TM,RB,4,3,0,0,0,0,0,0,1,1,0,0,0.0,0,0,0,0,0,0,
1501,Adrian Peterson,36,TEN,RB,3,2,0,0,0,0,0,0,0,1,0,0,0.0,0,0,0,0,0,0,
1501,Adrian Peterson,36,SEA,RB,1,1,0,0,0,0,0,0,1,0,0,0,0.0,0,0,0,0,0,0,
1502,Kevin Peterson,27,ARI,DB,4,2,0,0,0,0,0,0,0,0,0,0,0.0,8,6,2,0,0,0,
1503,Mike Remmers,32,KAN,T,4,2,0,0,0,0,0,0,0,1,0,0,0.0,0,0,0,0,0,0,
1504,Thomas Graham,22,CHI,DB,4,1,0,0,0,0,4,0,0,0,0,0,0.0,13,6,7,1,0,0,
1505,David Moa,25,NYG,DT,4,1,0,0,0,0,0,0,0,0,0,0,0.0,3,1,2,0,0,0,
1506,Jacob Phillips,22,CLE,LB,4,1,0,0,0,0,3,0,0,0,0,0,1.0,17,13,4,2,1,0,
1507,Ryan Smith,28,LAC,DB,4,1,0,0,0,0,0,0,0,0,0,0,0.0,5,4,1,0,0,0,
1508,Bradlee Anae,23,DAL,DE,4,0,0,0,0,0,0,0,0,0,0,0,0.0,2,2,0,0,0,0,
1509,Henry Anderson,30,NWE,DE,4,0,0,0,0,0,0,0,0,0,0,0,0.0,3,3,0,0,0,0,
1510,Zayne Anderson,24,KAN,LB,4,0,0,0,0,0,0,0,0,0,0,0,0.0,1,1,0,0,0,0,
1511,Damon Arnette,25,LVR,CB,4,0,0,0,0,0,1,0,0,0,0,0,0.0,4,2,2,0,0,0,
1512,Grayland Arnold,24,HOU,CB,4,0,0,0,0,0,0,0,0,0,0,0,0.0,1,0,1,0,0,0,
1513,Brady Breeze,24,DET,DB,4,0,0,0,0,0,0,0,0,0,0,0,0.0,6,5,1,0,0,0,
1514,John Cominsky,26,ATL,DE,4,0,0,0,0,0,0,0,0,0,0,0,0.0,2,2,0,1,0,0,
1515,Nathan Cottrell,25,JAX,RB,4,0,0,0,0,0,0,0,0,0,0,0,0.0,3,2,1,0,0,0,
1516,Carlos Davis,25,PIT,DT,4,0,0,0,0,0,0,0,0,0,0,0,0.0,5,3,2,1,0,0,
1517,Emmanuel Ellerbee,25,ATL,LB,4,0,0,0,0,0,0,0,0,0,0,0,0.0,1,1,0,0,0,0,
1518,Dez Fitzpatrick,24,TEN,WR,4,0,0,0,0,0,0,0,0,0,0,0,0.0,1,1,0,0,0,0,
1519,Trent Harris,26,NYG,DT,4,0,0,0,0,0,0,0,0,0,0,0,0.0,7,3,4,0,0,0,
1520,Jack Heflin,23,GNB,DT,4,0,0,0,0,0,0,0,0,0,0,0,0.0,1,0,1,0,0,0,
1521,Chad Henne,36,KAN,QB,4,0,0,0,0,0,0,0,2,2,-2,0,0.0,0,0,0,0,0,0,
1522,Buddy Johnson,22,PIT,LB,4,0,0,0,0,0,0,0,0,0,0,0,0.0,2,2,0,0,0,0,
1523,Thakarius Keyes,24,IND,DB,4,0,0,0,0,0,0,0,0,0,0,0,0.0,1,1,0,0,0,0,
1524,Cassius Marsh,29,CHI,DE,4,0,0,0,0,0,0,0,0,0,0,0,1.0,6,4,2,0,2,0,
1525,Jonathan Marshall,24,NYJ,DT,4,0,0,0,0,0,0,0,0,0,0,0,0.0,2,1,1,0,1,0,
1526,Jared Mayden,23,PHI,S,4,0,0,0,0,0,0,0,0,0,0,0,0.0,6,4,2,0,0,0,
1527,Torry McTyer,26,WAS,DB,4,0,0,0,0,0,2,0,0,0,0,0,0.0,1,1,0,0,0,0,
1528,Forrest Merrill,25,LAC,DT,4,0,0,0,0,0,0,0,0,0,0,0,0.0,4,2,2,0,0,0,
1529,Parry Nickerson,27,MIN,DB,4,0,0,0,0,0,0,0,0,0,0,0,0.0,1,1,0,0,0,0,
1530,Jamal Perry,27,MIA,DB,4,0,0,0,0,0,0,0,0,0,0,0,0.0,2,2,0,0,0,0,
1531,Nick Ralston,25,DAL,FB,4,0,0,0,0,0,0,0,0,0,0,0,0.0,1,0,1,0,0,0,
1532,Chauncey Rivers,24,GNB,DE,4,0,0,0,0,0,0,0,0,0,0,0,0.0,2,2,0,0,0,0,
1533,Brandon Rusnak,26,JAX,DB,4,0,0,0,0,0,0,0,0,0,0,0,0.0,1,1,0,0,0,0,
1534,Chris Smith,29,HOU,DE,4,0,0,0,0,0,0,0,0,0,0,0,1.5,8,4,4,1,3,0,
1535,Kiondre Thomas,23,LAC,CB,4,0,0,0,0,0,0,0,0,0,0,0,0.0,1,0,1,0,0,0,
1536,Jay Tufele,22,JAX,DT,4,0,0,0,0,0,0,0,0,0,0,0,0.0,2,1,1,0,0,0,
1537,Barrington Wade,23,DEN,LB,4,0,0,0,0,0,0,0,0,0,0,0,0.0,1,0,1,0,0,0,
1538,Nigel Warrior,24,SEA,S,4,0,0,0,0,0,0,0,0,0,0,0,0.0,1,1,0,0,0,0,
1539,Jordan Wilkins,27,IND,RB,4,0,0,0,0,0,0,0,0,0,0,0,0.0,1,1,0,0,0,0,
1540,Daryl Worley,26,2TM,DB,4,0,0,0,0,0,0,0,0,0,0,0,0.0,7,5,2,0,0,0,
1540,Daryl Worley,26,DET,DB,3,0,0,0,0,0,0,0,0,0,0,0,0.0,2,0,2,0,0,0,
1540,Daryl Worley,26,BAL,DB,1,0,0,0,0,0,0,0,0,0,0,0,0.0,5,5,0,0,0,0,
1541,Jaycee Horn,22,CAR,DB,3,3,1,13,0,13,1,0,0,0,0,0,0.0,5,3,2,0,0,0,
1542,Blake Martinez,27,NYG,LB,3,3,0,0,0,0,0,0,0,0,0,0,0.0,23,11,12,1,0,0,
1543,Jake Fromm,23,NYG,QB,3,2,0,0,0,0,0,0,2,0,0,0,0.0,0,0,0,0,0,0,
1544,Dre Greenlaw,24,SFO,LB,3,2,1,39,1,39,1,0,0,0,0,0,0.0,21,10,11,0,1,0,
1545,Will Parks,27,NYJ,DB,3,2,0,0,0,0,1,0,0,0,0,0,0.0,9,7,2,1,0,0,
1546,Blake Cashman,25,NYJ,LB,3,1,0,0,0,0,0,0,0,0,0,0,0.0,3,3,0,0,0,0,
1547,Michael Dwumfour,23,HOU,DT,3,1,0,0,0,0,0,0,0,0,0,0,0.5,5,3,2,2,3,0,
1548,Caleb Farley,23,TEN,DB,3,1,0,0,0,0,1,0,0,0,0,0,0.0,4,4,0,0,0,0,
1549,Bradley McDougald,31,2TM,DB,3,1,0,0,0,0,0,0,0,0,0,0,0.0,5,3,2,0,0,0,
1549,Bradley McDougald,31,TEN,DB,2,1,0,0,0,0,0,0,0,0,0,0,0.0,3,3,0,0,0,0,
1549,Bradley McDougald,31,JAX,DB,1,0,0,0,0,0,0,0,0,0,0,0,0.0,2,0,2,0,0,0,
1550,Dazz Newsome,22,CHI,WR,3,1,0,0,0,0,0,0,0,0,0,0,0.0,2,1,1,0,0,0,
1551,D'Angelo Ross,25,NWE,DB,3,1,0,0,0,0,0,0,0,0,0,0,0.0,3,2,1,0,0,0,
1552,Abdullah Anderson,25,GNB,DE,3,0,0,0,0,0,0,0,0,0,0,0,0.0,2,1,1,0,0,0,
1553,Alex Bachman,25,NYG,WR,3,0,0,0,0,0,0,0,0,0,0,0,0.0,1,1,0,0,0,0,
1554,Eric Banks,23,LAC,DE,3,0,0,0,0,0,0,0,0,0,0,0,0.0,1,0,1,0,0,0,
1555,Sam Beal,25,NYG,DB,3,0,0,0,0,0,0,0,0,0,0,0,0.0,1,1,0,0,0,0,
1556,Dicaprio Bootle,24,KAN,DB,3,0,0,0,0,0,0,0,0,0,0,0,0.0,8,6,2,0,0,0,
1557,William Bradley-King,24,WAS,DE,3,0,0,0,0,0,0,0,0,0,0,0,0.5,5,0,5,0,1,0,
1558,Cole Christiansen,24,LAC,LB,3,0,0,0,0,0,0,0,0,0,0,0,0.0,1,1,0,0,0,0,
1559,Emeke Egbule,25,LAC,LB,3,0,0,0,0,0,0,0,0,0,0,0,0.0,2,1,1,0,1,0,
1560,Maurice Ffrench,23,LAC,WR,3,0,0,0,0,0,0,0,0,0,0,0,0.0,1,0,1,0,0,0,
1561,Lirim Hajrullahu,31,CAR,K,3,0,0,0,0,0,0,0,0,0,0,0,0.0,1,1,0,0,0,0,
1562,Da'Shawn Hand,26,DET,DE,3,0,0,0,0,0,1,0,0,0,0,0,0.0,2,1,1,0,0,0,
1563,Chase Hansen,28,NOR,LB,3,0,0,0,0,0,0,0,0,0,0,0,0.0,1,0,1,0,0,0,
1564,Jonathan Harris,25,DEN,DT,3,0,0,0,0,0,0,0,0,0,0,0,0.0,10,7,3,0,1,0,
1565,Bruce Hector,27,DET,DT,3,0,0,0,0,0,0,0,0,0,0,0,0.0,5,3,2,0,0,0,
1566,Gavin Heslop,24,SEA,CB,3,0,0,0,0,0,0,0,0,0,0,0,0.0,1,1,0,0,0,0,
1567,Brian Hill,26,SFO,RB,3,0,0,0,0,0,0,0,0,0,0,0,0.0,1,0,1,0,0,0,
1568,Phil Hoskins,24,CAR,DT,3,0,0,0,0,0,0,0,0,0,0,0,1.0,4,3,1,1,1,0,
1569,Darryl Johnson,24,CAR,DE,3,0,0,0,0,0,0,0,0,0,0,0,0.0,1,0,1,0,0,0,
1570,Josh Johnson,24,SEA,RB,3,0,0,0,0,0,0,0,0,0,0,0,0.0,1,1,0,0,0,0,
1571,Justin Lawler,27,LAR,DE,3,0,0,0,0,0,0,0,0,0,0,0,0.0,1,0,1,0,0,0,
1572,Ledarius Mack,25,CHI,LB,3,0,0,0,0,0,0,0,0,0,0,0,0.0,3,1,2,0,0,0,
1573,Cameron Malveaux,27,PHI,DE,3,0,0,0,0,0,0,0,0,0,0,0,0.0,3,0,3,0,2,0,
1574,D.J. Montgomery,25,NYJ,WR,3,0,0,0,0,0,0,0,0,0,0,0,0.0,1,0,1,0,0,0,
1575,Kai Nacua,26,NYJ,DB,3,0,0,0,0,0,0,0,0,0,0,0,0.0,4,3,1,0,0,0,
1576,Dante Pettis,26,NYG,WR,3,0,0,0,0,0,0,0,1,0,0,0,0.0,1,1,0,0,0,0,
1577,Edmond Robinson,29,SEA,LB,3,0,0,0,0,0,0,0,0,0,0,0,0.0,1,0,1,0,0,0,
1578,Richard Rodgers,29,PHI,TE,3,0,0,0,0,0,0,0,0,0,0,0,0.0,2,2,0,0,0,0,
1579,Vernon Scott,24,GNB,S,3,0,0,0,0,0,0,0,0,0,0,0,0.0,1,1,0,0,0,0,
1580,Tyler Shelvin,23,CIN,DT,3,0,0,0,0,0,0,0,0,0,0,0,0.0,4,1,3,0,0,0,
1581,Connor Strachan,26,HOU,LB,3,0,0,0,0,0,0,0,0,0,0,0,0.0,3,0,3,0,0,0,
1582,Johnny Townsend,26,TEN,P,3,0,0,0,0,0,0,0,0,0,0,0,0.0,1,1,0,0,0,0,
1583,Shaun Wade,23,NWE,DB,3,0,0,0,0,0,0,0,0,0,0,0,0.0,1,0,1,0,0,0,
1584,Ar'Darius Washington,22,BAL,DB,3,0,0,0,0,0,0,0,0,0,0,0,0.0,1,0,1,0,0,0,
1585,Tahir Whitehead,31,ARI,LB,3,0,0,0,0,0,0,0,0,0,0,0,0.0,1,0,1,0,0,0,
1586,Jabari Zuniga,24,NYJ,DE,3,0,0,0,0,0,0,1,0,0,0,0,1.0,3,1,2,0,1,0,
1587,Tyson Alualu,34,PIT,NT,2,2,0,0,0,0,0,0,0,0,0,0,0.0,5,2,3,0,1,0,
1588,Brandon Graham,33,PHI,DE,2,2,0,0,0,0,0,0,0,0,0,0,0.0,2,2,0,1,1,0,
1589,Josey Jewell,27,DEN,LB,2,2,0,0,0,0,1,1,0,0,0,0,0.0,8,7,1,2,0,0,
1590,Mike Daniels,32,CIN,DT,2,1,0,0,0,0,0,0,0,0,0,0,0.0,5,5,0,1,0,0,
1591,Joe Flacco,36,NYJ,QB,2,1,0,0,0,0,0,0,1,0,0,0,0.0,0,0,0,0,0,0,
1592,Michael Ojemudia,24,DEN,CB,2,1,0,0,0,0,2,0,0,0,0,0,0.0,11,8,3,0,0,0,
1593,Mason Rudolph,26,PIT,QB,2,1,0,0,0,0,0,0,1,0,-19,0,0.0,0,0,0,0,0,0,
1594,JaCoby Stevens,23,PHI,DB,2,1,0,0,0,0,0,0,0,0,0,0,0.0,3,1,2,0,0,0,
1595,Kary Vincent Jr.,22,PHI,DB,2,1,0,0,0,0,0,0,0,0,0,0,0.0,2,2,0,0,0,0,
1596,Myles Adams,23,SEA,DT,2,0,0,0,0,0,0,0,0,0,0,0,0.0,5,0,5,0,1,0,
1597,Landen Akers,24,LAR,WR,2,0,0,0,0,0,0,0,0,0,0,0,0.0,1,0,1,0,0,0,
1598,Kyle Allen,25,WAS,QB,2,0,0,0,0,0,0,0,1,0,0,0,0.0,0,0,0,0,0,0,
1599,Daniel Archibong,24,PIT,DT,2,0,0,0,0,0,0,0,0,0,0,0,0.0,2,0,2,0,0,0,
1600,Kawaan Baker,23,NOR,WR,2,0,0,0,0,0,0,0,0,0,0,0,0.0,1,1,0,0,0,0,
1601,Andrew Brown,26,LAC,DT,2,0,0,0,0,0,0,0,0,0,0,0,0.0,1,1,0,0,0,0,
1602,Brandin Bryant,28,BUF,DT,2,0,0,0,0,0,0,0,0,0,0,0,0.0,2,2,0,0,1,0,
1603,William Compton,32,LVR,LB,2,0,0,0,0,0,0,0,0,0,0,0,0.0,1,0,1,0,0,0,
1604,Tyler Coyle,23,DAL,S,2,0,0,0,0,0,0,0,0,0,0,0,0.0,2,1,1,0,0,0,
1605,Noah Dawkins,24,NYJ,LB,2,0,0,0,0,0,0,0,0,0,0,0,0.0,2,1,1,0,0,0,
1606,Darqueze Dennard,30,2TM,DB,2,0,0,0,0,0,0,0,0,0,0,0,0.0,3,2,1,0,0,0,
1606,Darqueze Dennard,30,NYG,DB,1,0,0,0,0,0,0,0,0,0,0,0,0.0,2,1,1,0,0,0,
1606,Darqueze Dennard,30,SFO,DB,1,0,0,0,0,0,0,0,0,0,0,0,0.0,1,1,0,0,0,0,
1607,Miller Forristall,23,CLE,TE,2,0,0,0,0,0,0,0,0,0,0,0,0.0,1,0,1,0,0,0,
1608,Daurice Fountain,26,KAN,WR,2,0,0,0,0,0,0,0,0,0,0,0,0.0,1,1,0,0,0,0,
1609,Jake Gervase,26,LAR,DB,2,0,0,0,0,0,0,0,0,0,0,0,0.0,2,1,1,0,0,0,
1610,Joe Giles-Harris,24,BUF,LB,2,0,0,0,0,0,0,0,0,0,0,0,0.0,2,1,1,0,0,0,
1611,Tay Gowan,23,PHI,DB,2,0,0,0,0,0,0,0,0,0,0,0,0.0,2,1,1,0,0,0,
1612,Willie Harvey,25,CLE,LB,2,0,0,0,0,0,0,0,0,0,0,0,0.0,1,1,0,0,0,0,
1613,Trayvon Henderson,26,CIN,DB,2,0,0,0,0,0,0,0,0,1,29,1,0.0,4,2,2,0,0,0,
1614,Sterling Hofrichter,25,TAM,P,2,0,0,0,0,0,0,0,0,0,0,0,0.0,1,1,0,0,0,0,
1615,Maurice Hurst Jr.,26,SFO,DT,2,0,0,0,0,0,0,0,0,0,0,0,0.0,2,2,0,1,0,0,
1616,Josh Jackson,25,KAN,DB,2,0,0,0,0,0,0,0,0,0,0,0,0.0,4,1,3,0,0,0,
1617,Michael Jackson,24,SEA,DB,2,0,0,0,0,0,2,0,0,0,0,0,0.0,2,1,1,0,0,0,
1618,Karl Joseph,28,PIT,DB,2,0,0,0,0,0,1,0,0,0,0,0,0.0,2,1,1,0,0,0,
1619,Isaiah Mack,25,BAL,DT,2,0,0,0,0,0,0,0,0,0,0,0,1.0,3,1,2,1,1,0,
1620,Mac McCain,23,PHI,DB,2,0,0,0,0,0,0,0,0,0,0,0,0.0,3,1,2,0,0,0,
1621,T.Y. McGill,29,MIN,DT,2,0,0,0,0,0,1,0,0,0,0,0,0.0,1,0,1,0,1,0,
1622,Hardy Nickerson,27,HOU,LB,2,0,0,0,0,0,0,0,0,0,0,0,0.0,2,2,0,0,0,0,
1623,Mark Nzeocha,31,SFO,LB,2,0,0,0,0,0,0,0,0,0,0,0,0.0,2,1,1,0,0,0,
1624,Kareem Orr,24,LAR,DB,2,0,0,0,0,0,0,0,0,0,0,0,0.0,4,3,1,0,0,0,
1625,Jordan Richards,28,BAL,DB,2,0,0,0,0,0,0,0,0,0,0,0,0.0,2,0,2,0,0,0,
1626,KeiVarae Russell,28,NOR,DB,2,0,0,0,0,0,0,0,0,0,0,0,0.0,1,1,0,0,0,0,
1627,John Simon,31,TEN,LB,2,0,0,0,0,0,0,0,0,0,0,0,0.0,6,4,2,0,1,0,
1628,Jordan Smith,23,JAX,LB,2,0,0,0,0,0,0,0,0,0,0,0,0.0,1,1,0,0,0,0,
1629,Saivion Smith,24,DET,DB,2,0,0,0,0,0,0,0,0,0,0,0,0.0,1,1,0,0,0,0,
1630,Noah Spence,27,CIN,LB,2,0,0,0,0,0,0,0,0,0,0,0,0.0,6,4,2,0,2,0,
1631,Chris Streveler,26,ARI,QB,2,0,0,0,0,0,0,0,1,0,-4,0,0.0,0,0,0,0,0,0,
1632,Jordan Veasy,26,HOU,WR,2,0,0,0,0,0,0,0,0,1,0,0,0.0,0,0,0,0,0,0,
1633,Dee Virgin,28,CHI,DB,2,0,0,0,0,0,0,0,0,0,0,0,0.0,3,2,1,0,0,0,
1634,Rashad Weaver,24,TEN,DE,2,0,0,0,0,0,0,0,0,0,0,0,0.0,2,0,2,0,0,0,
1635,Jace Whittaker,26,ARI,DB,2,0,0,0,0,0,0,0,0,0,0,0,0.0,3,2,1,0,1,0,
1636,Ryan Fitzpatrick,39,WAS,QB,1,1,0,0,0,0,0,0,1,0,0,0,0.0,0,0,0,0,0,0,
1637,Nick Foles,32,CHI,QB,1,1,0,0,0,0,0,0,1,0,0,0,0.0,0,0,0,0,0,0,
1638,Garrett Gilbert,30,WAS,QB,1,1,0,0,0,0,0,0,1,0,0,0,0.0,0,0,0,0,0,0,
1639,Woodrow Hamilton,29,NYG,DT,1,1,0,0,0,0,0,0,0,0,0,0,0.0,2,0,2,0,0,0,
1640,Josh Johnson,35,BAL,QB,1,1,0,0,0,0,0,0,2,2,10,0,0.0,1,1,0,0,0,0,
1641,Lamarcus Joyner,31,NYJ,DB,1,1,0,0,0,0,0,0,0,0,0,0,0.0,1,1,0,0,0,0,
1642,Jeff Okudah,22,DET,CB,1,1,0,0,0,0,1,0,0,0,0,0,0.0,4,3,1,0,0,0,
1643,Vincent Taylor,27,HOU,DT,1,1,0,0,0,0,0,0,0,0,0,0,0.0,2,1,1,0,0,0,
1644,Jason Verrett,30,SFO,DB,1,1,0,0,0,0,0,0,0,0,0,0,0.0,5,3,2,0,0,0,
1645,Raequan Williams,24,PHI,DT,1,1,0,0,0,0,0,0,0,0,0,0,0.0,2,1,1,0,0,0,
1646,Freedom Akinmoladun,25,NYJ,DE,1,0,0,0,0,0,0,0,0,0,0,0,0.0,2,2,0,0,0,0,
1647,Essang Bassey,23,LAC,CB,1,0,0,0,0,0,0,0,0,0,0,0,0.0,1,1,0,0,0,0,
1648,David Blough,26,DET,QB,1,0,0,0,0,0,0,0,1,0,0,0,0.0,0,0,0,0,0,0,
1649,Matt Cole,25,CAR,WR,1,0,0,0,0,0,0,0,0,0,0,0,0.0,1,0,1,0,0,0,
1650,Doug Costin,24,JAX,DT,1,0,0,0,0,0,0,0,0,0,0,0,0.0,1,1,0,0,0,0,
1651,Javaris Davis,25,MIA,CB,1,0,0,0,0,0,1,0,0,0,0,0,0.0,2,2,0,0,0,0,
1652,Shawn Davis,24,GNB,DB,1,0,0,0,0,0,0,0,0,0,0,0,0.0,1,0,1,0,0,0,
1653,Phillip Dorsett,28,JAX,WR,1,0,0,0,0,0,0,0,0,0,0,0,0.0,1,0,1,0,0,0,
1654,Christian Elliss,22,PHI,LB,1,0,0,0,0,0,0,0,0,0,0,0,0.0,3,2,1,0,0,0,
1655,Austin Faoliu,22,DAL,DT,1,0,0,0,0,0,0,0,0,0,0,0,0.0,2,2,0,0,0,0,
1656,Sharif Finch,26,NOR,LB,1,0,0,0,0,0,0,0,0,0,0,0,0.0,5,0,5,0,0,0,
1657,Innis Gaines,23,GNB,S,1,0,0,0,0,0,0,0,0,0,0,0,0.0,1,0,1,0,0,0,
1658,Tim Harris,26,CLE,DB,1,0,0,0,0,0,0,0,0,0,0,0,0.0,2,1,1,0,0,0,
1659,Frank Herron,27,CAR,DT,1,0,0,0,0,0,0,0,0,0,0,0,0.0,1,1,0,0,0,0,
1660,John Hightower,25,PHI,WR,1,0,0,0,0,0,0,0,1,0,0,0,0.0,0,0,0,0,0,0,
1661,Braxton Hoyett,25,NOR,DT,1,0,0,0,0,0,0,0,0,0,0,0,0.0,4,2,2,1,0,0,
1662,Christopher Milton,29,MIA,DB,1,0,0,0,0,0,0,0,1,0,0,0,0.0,0,0,0,0,0,0,
1663,Benning Potoa'e,25,TAM,DT,1,0,0,0,0,0,0,0,0,0,0,0,0.0,1,0,1,0,0,0,
1664,Hamilcar Rashed Jr.,23,NYJ,LB,1,0,0,0,0,0,0,0,0,0,0,0,0.0,1,0,1,0,0,0,
1665,LaRoy Reynolds,31,NYJ,LB,1,0,0,0,0,0,0,0,0,0,0,0,0.0,1,1,0,0,0,0,
1666,Nickell Robey-Coleman,29,DET,DB,1,0,0,0,0,0,0,0,0,0,0,0,0.0,4,3,1,0,0,0,
1667,Jabaal Sheard,32,MIA,DE,1,0,0,0,0,0,0,0,0,0,0,0,0.0,1,0,1,0,0,0,
1668,T.J. Smith,24,MIN,DT,1,0,0,0,0,0,0,0,0,0,0,0,0.0,3,1,2,0,0,0,
1669,Za'Darius Smith,29,GNB,DE,1,0,0,0,0,0,0,0,0,0,0,0,0.0,1,1,0,0,0,0,
1670,Akeem Spence,30,WAS,DT,1,0,0,0,0,0,0,0,0,0,0,0,0.0,1,0,1,0,0,0,
1671,Marquiss Spencer,24,DEN,DT,1,0,0,0,0,0,0,0,0,0,0,0,0.0,1,0,1,0,0,0,
1672,Nick Thurman,26,ATL,DE,1,0,0,0,0,0,0,0,0,0,0,0,0.0,1,1,0,0,1,0,
1673,Carson Tinker,32,LVR,LS,1,0,0,0,0,0,0,0,0,0,0,0,0.0,1,0,1,0,0,0,
1674,Noah Togiai,24,PHI,TE,1,0,0,0,0,0,0,0,0,0,0,0,0.0,2,1,1,0,0,0,
1675,Curtis Weaver,23,CLE,LB,1,0,0,0,0,0,0,0,0,0,0,0,0.0,1,0,1,0,1,0,
1676,Ethan Westbrooks,31,NOR,DE,1,0,0,0,0,0,0,0,0,0,0,0,0.0,1,1,0,0,0,0,
1677,Xavier Williams,29,HOU,DT,1,0,0,0,0,0,0,0,0,0,0,0,0.0,1,0,1,0,0,0,
1678,Marvin Wilson,23,PHI,DT,1,0,0,0,0,0,0,0,0,0,0,0,0.0,3,1,2,0,0,0,
1679,Renell Wren,26,CIN,DT,1,0,0,0,0,0,0,0,0,0,0,0,0.0,1,0,1,0,0,0,
