Unnamed: 0_level_0,Unnamed: 1_level_0,Unnamed: 2_level_0,Unnamed: 3_level_0,Unnamed: 4_level_0,Unnamed: 5_level_0,Unnamed: 6_level_0,Def Interceptions,Def Interceptions,Def Interceptions,Def Interceptions,Def Interceptions,Fumbles,Fumbles,Fumbles,Fumbles,Fumbles,Unnamed: 17_level_0,Tackles,Tackles,Tackles,Tackles,Tackles,Unnamed: 23_level_0,Unnamed: 24_level_0
Rk,Player,Age,Team,Pos,G,GS,Int,Yds,IntTD,Lng,PD,FF,Fmb,FR,Yds,FRTD,Sk,Comb,Solo,Ast,TFL,QBHits,Sfty,Awards
1,Adrian Amos,22,CHI,SS,16,16,0,0,0,0,2,0,0,0,0,0,1.0,67,57,10,2.0,1.0,0,
2,Ezekiel Ansah,26,DET,RDE,16,16,0,0,0,0,1,4,0,2,1,0,14.5,47,39,8,15.0,34.0,0,"PB,AP-2"
3,Stephone Anthony,23,NOR,MLB,16,16,1,5,0,5,5,2,0,1,31,1,1.0,112,70,42,5.0,4.0,0,
4,Geno Atkins,27,CIN,RDT,16,16,0,0,0,0,0,1,0,0,0,0,11.0,42,31,11,17.0,21.0,0,"PB,AP-1"
5,Cliff Avril,29,SEA,RDE,16,16,0,0,0,0,7,2,0,0,0,0,9.0,47,31,16,11.0,27.0,0,
6,Doug Baldwin,27,SEA,WR,16,16,0,0,0,0,0,0,1,0,0,0,0.0,0,0,0,,,0,
7,Tim Barnes,27,STL,C,16,16,0,0,0,0,0,0,0,2,0,0,0.0,0,0,0,0.0,0.0,0,
8,Connor Barwin,29,PHI,LOLB,16,16,0,0,0,0,7,1,0,0,0,0,7.0,54,44,10,9.0,16.0,0,
9,Zane Beadles,29,JAX,LG,16,16,0,0,0,0,0,0,0,1,0,0,0.0,0,0,0,0.0,0.0,0,
10,Vic Beasley,23,ATL,LDE,16,16,1,0,0,0,3,2,0,0,0,0,4.0,26,20,6,2.0,5.0,0,
11,Michael Bennett,30,SEA,LDE,16,16,0,0,0,0,0,2,0,0,0,0,10.0,52,33,19,18.0,30.0,0,PB
12,Joe Berger,33,MIN,C,16,16,0,0,0,0,0,0,0,1,0,0,0.0,0,0,0,0.0,0.0,0,
13,Antwon Blake,25,PIT,RCB,16,16,2,112,1,70,11,1,0,0,0,0,1.0,77,65,12,5.0,1.0,0,
14,Russell Bodine,23,CIN,C,16,16,0,0,0,0,0,0,2,0,-9,0,0.0,0,0,0,,,0,
15,Blake Bortles,23,JAX,QB,16,16,0,0,0,0,0,0,14,5,-30,0,0.0,0,0,0,0.0,0.0,0,
16,NaVorro Bowman,27,SFO,LILB,16,16,0,0,0,0,2,1,0,0,0,0,2.5,154,116,38,7.0,8.0,0,"PB,AP-1,AP CPoY-4"
17,Tom Brady,38,NWE,QB,16,16,0,0,0,0,0,0,6,2,0,0,0.0,0,0,0,0.0,0.0,0,"PB,AP MVP-2,AP OPoY-4"
18,Delvin Breaux,26,NOR,LCB,16,16,3,22,0,22,19,0,0,1,0,0,0.0,45,37,8,2.0,0.0,0,
19,Teddy Bridgewater,23,MIN,QB,16,16,0,0,0,0,0,0,8,1,-2,0,0.0,0,0,0,0.0,0.0,0,PB
20,Michael Brockers,25,STL,RDT,16,16,0,0,0,0,0,0,0,0,0,0,3.0,44,27,17,8.0,6.0,0,
21,Antonio Brown,27,PIT,WR,16,16,0,0,0,0,0,0,3,1,0,0,0.0,1,1,0,0.0,0.0,0,"PB,AP-1,AP OPoY-2"
22,Preston Brown,23,BUF,MLB,16,16,2,46,1,43,4,1,0,1,0,0,0.0,120,66,54,3.0,6.0,0,
23,Brandon Browner,31,NOR,RCB,16,16,1,0,0,0,10,0,0,1,0,0,0.0,76,63,13,0.0,0.0,0,
24,Deone Bucannon,23,ARI,RILB,16,16,1,39,1,39,3,3,0,2,0,0,3.0,112,93,19,11.0,6.0,0,
25,Malcolm Butler,25,NWE,LCB,16,16,2,9,0,9,15,0,0,0,0,0,0.0,67,56,11,1.0,0.0,0,PB
26,Jordan Cameron,27,MIA,TE,16,16,0,0,0,0,0,0,1,1,0,0,0.0,0,0,0,0.0,0.0,0,
27,Calais Campbell,29,ARI,LDE,16,16,0,0,0,0,3,0,0,1,0,0,5.0,61,46,15,16.0,20.0,0,PB
28,Brandon Carr,29,DAL,LCB,16,16,0,0,0,0,6,0,0,1,5,0,0.0,76,60,16,1.0,2.0,0,
29,Derek Carr,24,OAK,QB,16,16,0,0,0,0,0,0,10,2,-13,0,0.0,0,0,0,0.0,0.0,0,PB
30,Jurrell Casey,26,TEN,RDE,16,16,0,0,0,0,3,0,0,0,0,0,7.0,54,34,20,11.0,13.0,0,PB
31,T.J. Clemmings,24,MIN,RT,16,16,0,0,0,0,0,0,0,1,0,0,0.0,0,0,0,0.0,0.0,0,
32,Ha Ha Clinton-Dix,23,GNB,FS,16,16,2,2,0,2,3,1,0,0,0,0,3.0,100,83,17,3.0,3.0,0,
33,Landon Collins,21,NYG,FS,16,16,1,0,0,0,9,1,0,0,0,0,0.0,112,84,28,5.0,1.0,0,
34,Kirk Cousins,27,WAS,QB,16,16,0,0,0,0,0,0,9,5,-8,0,0.0,0,0,0,0.0,0.0,0,
35,Fletcher Cox,25,PHI,LDE,16,16,0,0,0,0,2,3,0,2,0,0,9.5,71,50,21,11.0,20.0,0,"PB,AP-2"
36,Tyrone Crawford,26,DAL,LDT,16,16,0,0,0,0,1,0,0,0,0,0,5.0,35,23,12,7.0,9.0,0,
37,Jared Crick,26,HOU,LDE,16,16,0,0,0,0,2,1,0,2,0,0,2.0,48,28,20,3.0,9.0,0,
38,Brian Cushing,28,HOU,LILB,16,16,0,0,0,0,3,1,0,0,0,0,0.0,110,63,47,4.0,2.0,0,
39,Mike Daniels,26,GNB,RDE,16,16,1,6,0,6,2,1,0,0,0,0,4.0,49,27,22,7.0,9.0,0,
40,Karlos Dansby,34,CLE,LILB,16,16,3,93,2,52,6,3,0,0,0,0,0.0,108,62,46,6.0,6.0,0,
41,Lavonte David,25,TAM,RLB,16,16,3,19,1,20,13,2,0,2,0,0,3.0,147,85,62,10.0,5.0,0,PB
42,Demario Davis,26,NYJ,LILB,16,16,0,0,0,0,2,0,0,1,0,0,2.0,90,57,33,7.0,9.0,0,
43,Thomas Davis,32,CAR,RLB,16,16,4,22,0,22,7,4,0,1,0,0,5.5,105,75,30,8.0,12.0,0,"PB,AP-1"
44,Vontae Davis,27,IND,RCB,16,16,4,6,0,6,16,0,0,0,0,0,0.0,48,38,10,1.0,0.0,0,PB
45,Aaron Donald,24,STL,LDT,16,16,0,0,0,0,1,0,0,1,40,0,11.0,69,44,25,22.0,37.0,0,"PB,AP-1,AP DPoY-2"
46,Elvis Dumervil,31,BAL,LOLB,16,16,0,0,0,0,1,1,0,2,0,0,6.0,48,29,19,8.0,21.0,0,PB
47,Carlos Dunlap,26,CIN,LDE,16,16,0,0,0,0,1,2,0,1,21,0,13.5,55,37,18,16.0,34.0,0,PB
48,Larry Fitzgerald,32,ARI,WR,16,16,0,0,0,0,0,0,2,0,0,0,0.0,0,0,0,0.0,0.0,0,PB
49,Ryan Fitzpatrick,33,NYJ,QB,16,16,0,0,0,0,0,0,5,2,-32,0,0.0,0,0,0,,,0,
50,Travis Frederick,24,DAL,C,16,16,0,0,0,0,0,0,1,0,0,0,0.0,0,0,0,0.0,0.0,0,"PB,AP-2"
51,Kyle Fuller,23,CHI,RCB,16,16,2,24,0,15,9,0,0,0,0,0,0.0,55,47,8,0.0,0.0,0,
52,William Gay,30,PIT,LCB,16,16,2,30,1,23,7,0,0,0,0,0,1.0,58,46,12,7.0,2.0,0,
53,Marcus Gilchrist,27,NYJ,FS,16,16,3,31,0,31,7,0,0,0,0,0,0.0,82,60,22,0.0,0.0,0,
54,Cordy Glenn,26,BUF,LT,16,16,0,0,0,0,0,0,0,2,0,0,0.0,0,0,0,0.0,0.0,0,
55,Frank Gore,32,IND,RB,16,16,0,0,0,0,0,0,4,0,0,0,0.0,0,0,0,,,0,
56,Corey Graham,30,BUF,SS,16,16,2,60,1,44,4,0,0,2,29,0,1.0,127,96,31,4.0,8.0,0,
57,A.J. Green,27,CIN,WR,16,16,0,0,0,0,0,0,1,0,0,0,0.0,0,0,0,0.0,0.0,0,PB
58,Roman Harper,33,CAR,SS,16,16,0,0,0,0,5,0,0,2,1,0,0.0,73,46,27,2.0,2.0,0,
59,Chris Harris Jr.,26,DEN,RCB,16,16,2,94,1,74,6,2,0,0,0,0,0.0,58,49,9,4.0,0.0,0,"PB,AP-2"
60,David Harris,31,NYJ,RILB,16,16,0,0,0,0,4,2,0,0,0,0,4.5,108,67,41,6.0,7.0,0,
61,Damon Harrison,27,NYJ,NT,16,16,0,0,0,0,0,1,0,0,0,0,0.5,72,39,33,5.0,4.0,0,
62,Cameron Heyward,26,PIT,LDE,16,16,0,0,0,0,2,1,0,0,0,0,7.0,54,39,15,15.0,13.0,0,
63,DeAndre Hopkins,23,HOU,WR,16,16,0,0,0,0,0,0,1,0,0,0,0.0,0,0,0,0.0,0.0,0,"PB,AP-2"
64,Jerry Hughes,27,BUF,RDE,16,16,0,0,0,0,4,2,0,1,2,0,5.0,52,37,15,8.0,12.0,0,
65,Melvin Ingram,26,SDG,LOLB,16,16,0,0,0,0,6,3,0,1,0,0,10.5,65,52,13,14.0,20.0,0,
66,D'Qwell Jackson,32,IND,LLB,16,16,1,6,1,6,9,1,0,0,0,0,3.0,150,89,61,10.0,3.0,0,
67,Malik Jackson,25,DEN,RDE,16,16,0,0,0,0,7,0,0,2,-2,0,5.5,45,34,11,8.0,16.0,1,
68,Malcolm Jenkins,28,PHI,FS,16,16,2,99,1,99,10,3,0,1,34,0,0.0,109,90,19,9.0,0.0,0,PB
69,Rashad Jennings,30,NYG,RB,16,16,0,0,0,0,0,0,3,0,0,0,0.0,0,0,0,0.0,0.0,1,
70,Calvin Johnson,30,DET,WR,16,16,0,0,0,0,0,0,1,0,0,0,0.0,0,0,0,0.0,0.0,0,PB
71,Derrick Johnson,33,KAN,LILB,16,16,2,23,0,18,8,2,0,0,0,0,4.0,116,95,21,8.0,5.0,0,"PB,AP-2"
72,Lane Johnson,25,PHI,RT,16,16,0,0,0,0,0,0,0,1,0,0,0.0,0,0,0,0.0,0.0,0,
73,DaQuan Jones,24,TEN,LDE,16,16,0,0,0,0,0,0,0,1,0,0,0.0,45,25,20,3.0,3.0,0,
74,Julio Jones,26,ATL,WR,16,16,0,0,0,0,0,0,3,3,0,1,0.0,0,0,0,0.0,0.0,0,"PB,AP-1,AP OPoY-6"
75,Reshad Jones,27,MIA,FS,16,16,5,104,2,42,10,0,1,1,9,0,2.0,135,106,29,9.0,2.0,0,PB
76,Cameron Jordan,26,NOR,RDE,16,16,0,0,0,0,5,1,0,2,0,0,10.0,45,32,13,15.0,20.0,0,PB
77,Johnathan Joseph,31,HOU,RCB,16,16,1,2,0,2,22,1,0,1,0,0,0.0,58,48,10,1.0,0.0,0,
78,Jermaine Kearse,25,SEA,WR,16,16,0,0,0,0,0,0,1,1,0,0,0.0,3,1,2,0.0,0.0,0,
79,Jason Kelce,28,PHI,C,16,16,0,0,0,0,0,0,2,2,-17,0,0.0,0,0,0,0.0,0.0,0,
80,Travis Kelce,26,KAN,TE,16,16,0,0,0,0,0,0,2,0,0,0,0.0,0,0,0,,,0,PB
81,Ryan Kerrigan,27,WAS,ROLB,16,16,0,0,0,0,3,2,0,0,0,0,9.5,42,33,9,12.0,13.0,0,
82,Kendall Langford,29,IND,LDE,16,16,0,0,0,0,3,0,0,0,0,0,7.0,38,23,15,11.0,18.0,0,
83,James Laurinaitis,29,STL,MLB,16,16,1,0,0,0,1,1,0,0,0,0,1.0,109,61,48,2.0,9.0,1,
84,Kyle Long,27,CHI,RT,16,16,0,0,0,0,0,0,0,1,0,0,0.0,0,0,0,,,0,PB
85,Dwight Lowery,29,IND,FS,16,16,4,96,1,69,8,0,0,0,0,0,1.0,76,56,20,2.0,2.0,0,
86,Khalil Mack,24,OAK,RDE,16,16,0,0,0,0,2,2,0,0,0,0,15.0,77,57,20,23.0,24.0,0,"PB,AP-1"
87,Eli Manning,34,NYG,QB,16,16,0,0,0,0,0,0,11,4,-19,0,0.0,0,0,0,0.0,0.0,0,PB
88,Brandon Marshall,26,DEN,LILB,16,16,1,0,0,0,4,2,0,0,0,0,1.5,102,77,25,9.0,3.0,0,
89,Brandon Marshall,31,NYJ,WR,16,16,0,0,0,0,0,1,3,2,8,0,0.0,0,0,0,0.0,0.0,0,"PB,AP-2"
90,Doug Martin,26,TAM,RB,16,16,0,0,0,0,0,0,5,0,0,0,0.0,0,0,0,0.0,0.0,0,"PB,AP-1,AP CPoY-4"
91,Zack Martin,25,DAL,RG,16,16,0,0,0,0,0,0,0,1,0,0,0.0,0,0,0,0.0,0.0,0,"PB,AP-2"
92,Clay Matthews,29,GNB,RILB,16,16,1,42,0,42,3,0,0,1,0,0,6.5,66,49,17,14.0,19.0,0,PB
93,Jake Matthews,23,ATL,LT,16,16,0,0,0,0,0,0,0,1,0,0,0.0,0,0,0,0.0,0.0,0,
94,Rodney McLeod,25,STL,FS,16,16,1,4,0,4,5,3,0,1,20,1,0.0,82,59,23,2.0,0.0,0,
95,Lamar Miller,24,MIA,RB,16,16,0,0,0,0,0,0,1,1,0,0,0.0,0,0,0,0.0,0.0,0,
96,Roy Miller,28,JAX,RDT,16,16,0,0,0,0,1,1,0,0,0,0,4.0,40,22,18,6.0,6.0,0,
97,Von Miller,26,DEN,LOLB,16,16,0,0,0,0,1,4,0,3,0,0,11.0,35,30,5,9.0,32.0,0,"PB,AP-1"
98,Kevin Minter,25,ARI,LILB,16,16,0,0,0,0,2,1,0,0,0,0,0.5,94,72,22,8.0,6.0,1,
99,Mike Mitchell,28,PIT,FS,16,16,3,16,0,9,9,2,0,2,0,0,0.0,80,58,22,0.0,3.0,0,
100,Morgan Moses,24,WAS,RT,16,16,0,0,0,0,0,0,0,1,0,0,0.0,0,0,0,0.0,0.0,0,
101,C.J. Mosley,23,BAL,LILB,16,16,0,0,0,0,7,1,0,2,41,1,4.0,117,77,40,13.0,9.0,0,
102,Latavius Murray,25,OAK,RB,16,16,0,0,0,0,0,0,4,1,0,0,0.0,0,0,0,0.0,0.0,0,PB
103,Reggie Nelson,32,CIN,FS,16,16,8,115,0,37,14,0,0,2,25,0,0.0,77,52,25,2.0,0.0,0,"PB,AP-2"
104,Terence Newman,37,MIN,LCB,16,16,3,4,0,4,12,0,0,0,0,0,0.0,62,52,10,2.0,0.0,0,
105,Cam Newton,26,CAR,QB,16,16,0,0,0,0,0,0,5,1,-10,0,0.0,0,0,0,0.0,0.0,0,"PB,AP-1,AP MVP-1,AP OPoY-1"
106,Derek Newton,28,HOU,RT,16,16,0,0,0,0,0,0,0,2,0,0,0.0,0,0,0,0.0,0.0,0,
107,Rob Ninkovich,31,NWE,LDE,16,16,0,0,0,0,7,1,0,1,0,0,6.5,52,33,19,6.0,17.0,0,
108,Josh Norman,28,CAR,RCB,16,16,4,110,2,46,18,3,0,2,12,0,0.0,56,48,8,3.0,0.0,0,"PB,AP-1,AP DPoY-4"
109,Jared Odrick,28,JAX,RDE,16,16,0,0,0,0,3,1,0,0,0,0,5.5,29,23,6,10.0,8.0,0,
110,Greg Olsen,30,CAR,TE,16,16,0,0,0,0,0,0,1,0,0,0,0.0,0,0,0,0.0,0.0,0,"PB,AP-2"
111,Brian Orakpo,29,TEN,ROLB,16,16,0,0,0,0,5,1,0,0,0,0,7.0,51,38,13,12.0,10.0,0,
112,Carson Palmer,36,ARI,QB,16,16,0,0,0,0,0,0,6,1,-7,0,0.0,0,0,0,0.0,0.0,0,"PB,AP-2,AP MVP-2,AP OPoY-4,AP CPoY-2"
113,Ron Parker,28,KAN,SS,16,16,3,5,0,5,12,1,0,0,0,0,5.0,78,67,11,6.0,5.0,0,
114,David Parry,23,IND,LDT,16,16,0,0,0,0,0,0,0,0,0,0,1.0,31,15,16,4.0,3.0,0,
115,Erik Pears,33,SFO,RT,16,16,0,0,0,0,0,0,0,1,0,0,0.0,0,0,0,0.0,0.0,0,
116,Domata Peko,31,CIN,LDT,16,16,0,0,0,0,1,0,0,0,0,0,5.0,35,17,18,6.0,6.0,0,
117,Julius Peppers,35,GNB,LOLB,16,16,0,0,0,0,0,2,0,0,0,0,10.5,37,25,12,9.0,16.0,0,PB
118,Marcus Peters,22,KAN,LCB,16,16,8,280,2,90,26,1,0,0,0,0,0.0,60,53,7,2.0,0.0,0,"PB,AP-2,AP DRoY-1"
119,Adrian Peterson,30,MIN,RB,16,16,0,0,0,0,0,0,7,3,0,0,0.0,0,0,0,,,0,"PB,AP-1,AP OPoY-7,AP CPoY-3"
120,Patrick Peterson,25,ARI,LCB,16,16,2,41,0,40,8,1,4,0,0,0,0.0,35,35,0,1.0,0.0,0,"PB,AP-1"
121,Glover Quin,29,DET,FS,16,16,4,77,1,31,5,1,0,0,0,0,0.0,67,56,11,0.0,0.0,0,
122,Eric Reid,24,SFO,FS,16,16,0,0,0,0,7,1,0,0,0,0,1.0,71,60,11,1.0,1.0,0,
123,Xavier Rhodes,25,MIN,RCB,16,16,1,0,0,0,11,0,0,0,0,0,0.0,58,55,3,1.0,0.0,0,
124,Philip Rivers,34,SDG,QB,16,16,0,0,0,0,0,0,4,3,-5,0,0.0,0,0,0,0.0,0.0,0,
125,Brian Robison,32,MIN,LDE,16,16,0,0,0,0,3,1,0,2,0,0,5.0,34,30,4,8.0,10.0,0,
126,Aaron Rodgers,32,GNB,QB,16,16,0,0,0,0,0,0,8,3,0,0,0.0,0,0,0,0.0,0.0,0,PB
127,Ahtyba Rubin,29,SEA,LDT,16,16,1,2,0,2,1,0,0,0,0,0,2.0,36,20,16,2.0,4.0,0,
128,Matt Ryan,30,ATL,QB,16,16,0,0,0,0,0,0,12,4,-24,0,0.0,0,0,0,0.0,0.0,0,
129,Ryan Schraeder,27,ATL,RT,16,16,0,0,0,0,0,0,0,1,0,0,0.0,0,0,0,0.0,0.0,0,
130,Mitchell Schwartz,26,CLE,RT,16,16,0,0,0,0,0,0,0,2,0,0,0.0,0,0,0,0.0,0.0,0,
131,Richard Sherman,27,SEA,LCB,16,16,2,30,0,26,14,0,0,0,0,0,0.0,50,33,17,1.0,0.0,0,"PB,AP-2"
132,Kawann Short,26,CAR,RDT,16,16,0,0,0,0,4,3,0,2,0,0,11.0,55,36,19,16.0,18.0,0,"PB,AP-2"
133,Matt Slauson,29,CHI,LG/C,16,16,0,0,0,0,0,0,1,0,-2,0,0.0,0,0,0,0.0,0.0,0,
134,Darius Slay,24,DET,LCB,16,16,2,0,0,0,13,0,0,0,0,0,0.0,59,48,11,1.0,0.0,0,
135,Alex Smith,31,KAN,QB,16,16,0,0,0,0,0,0,4,2,-1,0,0.0,0,0,0,0.0,0.0,0,
136,Daryl Smith,33,BAL,RILB,16,16,1,-1,0,-1,3,0,0,0,0,0,3.0,121,72,49,7.0,5.0,0,
137,Jimmy Smith,27,BAL,RCB,16,16,3,24,1,24,10,0,0,0,0,0,1.0,54,48,6,0.0,1.0,0,
138,Malcolm Smith,26,OAK,RLB,16,16,1,27,0,27,6,3,0,0,0,0,4.0,122,99,23,12.0,6.0,0,
139,Matthew Stafford,27,DET,QB,16,16,0,0,0,0,0,0,4,2,-5,0,0.0,0,0,0,0.0,0.0,0,
140,Joe Staley,31,SFO,LT,16,16,0,0,0,0,0,0,0,1,0,0,0.0,0,0,0,0.0,0.0,0,PB
141,Ndamukong Suh,28,MIA,LDT,16,16,0,0,0,0,5,0,0,0,0,0,6.0,61,39,22,17.0,20.0,0,
142,Ryan Tannehill,27,MIA,QB,16,16,0,0,0,0,0,0,10,5,-15,0,0.0,0,0,0,0.0,0.0,0,
143,Golden Tate,27,DET,WR,16,16,0,0,0,0,0,0,1,0,0,0,0.0,0,0,0,,,0,
144,Demaryius Thomas,28,DEN,WR,16,16,0,0,0,0,0,0,2,0,0,0,0.0,0,0,0,0.0,0.0,0,PB
145,Earl Thomas,26,SEA,FS,16,16,5,67,0,32,9,1,0,0,0,0,0.0,64,45,19,0.0,0.0,0,PB
146,Joe Thomas,31,CLE,LT,16,16,0,0,0,0,0,0,0,1,0,0,0.0,0,0,0,0.0,0.0,0,"PB,AP-1"
147,Walter Thurmond,28,PHI,SS,16,16,3,67,0,44,7,2,0,1,83,1,2.0,71,52,19,3.0,3.0,0,
148,Lawrence Timmons,29,PIT,RILB,16,16,1,0,0,0,6,1,0,0,0,0,5.0,119,77,42,6.0,10.0,0,
149,Desmond Trufant,25,ATL,RCB,16,16,1,0,0,0,11,0,0,2,21,1,1.0,42,35,7,1.0,2.0,0,PB
150,Stephen Tulloch,30,DET,MLB,16,16,0,0,0,0,1,1,0,2,0,0,1.0,107,74,33,9.0,4.0,0,
151,Kenny Vaccaro,24,NOR,SS,16,16,0,0,0,0,5,1,0,1,8,0,3.0,104,71,33,6.0,4.0,0,
152,Olivier Vernon,25,MIA,RDE,16,16,0,0,0,0,0,0,0,0,0,0,7.5,61,41,20,18.0,36.0,0,
153,Ben Watson,35,NOR,TE,16,16,0,0,0,0,0,0,1,0,0,0,0.0,0,0,0,,,0,
154,J.J. Watt,26,HOU,RDE,16,16,0,0,0,0,8,3,0,1,0,0,17.5,76,57,19,29.0,50.0,0,"PB,AP-1,AP DPoY-1"
155,Vince Wilfork,34,HOU,NT,16,16,0,0,0,0,0,0,0,0,0,0,0.0,22,6,16,0.0,0.0,0,
156,Brandon Williams,26,BAL,NT,16,16,0,0,0,0,2,1,0,0,0,0,2.0,53,35,18,9.0,4.0,0,
157,Ian Williams,26,SFO,NT,16,16,0,0,0,0,1,1,0,1,0,0,1.0,65,45,20,2.0,2.0,0,
158,Russell Wilson,27,SEA,QB,16,16,0,0,0,0,0,0,7,2,-3,0,0.0,0,0,0,0.0,0.0,0,"PB,AP OPoY-3"
159,Jameis Winston,21,TAM,QB,16,16,0,0,0,0,0,0,6,4,-8,0,0.0,0,0,0,0.0,0.0,0,"PB,AP ORoY-2"
160,Stefen Wisniewski,26,JAX,C,16,16,0,0,0,0,0,0,1,1,-22,0,0.0,0,0,0,0.0,0.0,0,
161,Jason Witten,33,DAL,TE,16,16,0,0,0,0,0,0,1,0,0,0,0.0,0,0,0,0.0,0.0,0,
162,Eric Wood,29,BUF,C,16,16,0,0,0,0,0,0,1,2,-2,0,0.0,0,0,0,0.0,0.0,0,PB
163,Charles Woodson,39,OAK,SS,16,16,5,22,0,11,9,1,1,4,36,0,0.0,74,59,15,1.0,0.0,0,"PB,AP-2"
164,K.J. Wright,26,SEA,RLB,16,16,0,0,0,0,3,4,0,2,4,0,1.0,116,71,45,4.0,2.0,0,
165,Tavon Austin,25,STL,WR,16,15,0,0,0,0,0,0,3,1,0,0,0.0,0,0,0,0.0,0.0,0,
166,Travis Benjamin,26,CLE,WR,16,15,0,0,0,0,0,0,3,1,0,0,0.0,1,1,0,0.0,0.0,0,
167,Eric Berry,27,KAN,FS,16,15,2,40,0,25,10,0,0,0,0,0,0.0,61,55,6,0.0,0.0,0,"PB,AP-1,AP CPoY-1"
168,Alan Branch,31,NWE,LDT,16,15,0,0,0,0,2,2,0,0,0,0,1.0,35,22,13,1.0,3.0,0,
169,Randall Cobb,25,GNB,WR,16,15,0,0,0,0,0,0,1,2,0,1,0.0,0,0,0,0.0,0.0,0,
170,Aaron Colvin,24,JAX,RCB,16,15,0,0,0,0,7,1,0,0,0,0,4.0,73,60,13,6.0,4.0,0,
171,Amari Cooper,21,OAK,WR,16,15,0,0,0,0,0,0,1,0,0,0,0.0,0,0,0,0.0,0.0,0,"PB,AP ORoY-3"
172,Michael Crabtree,28,OAK,WR,16,15,0,0,0,0,0,0,1,1,0,0,0.0,0,0,0,0.0,0.0,0,
173,Nick Hayden,29,DAL,RDT,16,15,0,0,0,0,2,0,0,1,0,0,0.0,48,33,15,5.0,0.0,0,
174,Jeremy Hill,23,CIN,RB,16,15,0,0,0,0,0,0,3,0,-7,0,0.0,0,0,0,,,0,
175,T.Y. Hilton,26,IND,WR,16,15,0,0,0,0,0,0,1,0,0,0,0.0,0,0,0,0.0,0.0,0,PB
176,Davon House,26,JAX,LCB,16,15,4,21,0,15,23,1,0,1,0,0,0.0,60,49,11,1.0,0.0,0,
177,Michael Johnson,28,CIN,RDE,16,15,0,0,0,0,2,3,0,1,0,0,5.0,42,29,13,6.0,16.0,0,
178,James Jones,31,GNB,WR,16,15,0,0,0,0,0,0,1,1,0,0,0.0,0,0,0,0.0,0.0,0,
179,Dre Kirkpatrick,26,CIN,LCB,16,15,0,0,0,0,16,0,0,0,0,0,0.0,70,63,7,0.0,0.0,0,
180,Paul Kruger,29,CLE,LOLB,16,15,0,0,0,0,0,0,0,0,0,0,2.5,27,16,11,5.0,8.0,0,
181,Bradley McDougald,25,TAM,FS,16,15,2,1,0,1,4,0,0,0,0,0,0.0,87,67,20,2.0,1.0,0,
182,Mike Neal,28,GNB,ROLB,16,15,0,0,0,0,0,1,0,0,0,0,4.0,36,24,12,10.0,11.0,0,
183,Kendall Reyes,26,SDG,LDE,16,15,1,1,0,1,4,0,0,0,0,0,2.0,32,25,7,5.0,7.0,0,
184,Coty Sensabaugh,27,TEN,RCB,16,15,2,42,1,26,8,0,0,0,0,0,0.0,60,44,16,0.0,0.0,0,
185,Danny Shelton,22,CLE,NT,16,15,0,0,0,0,0,0,0,0,0,0,0.0,36,19,17,4.0,0.0,0,
186,Levine Toilolo,24,ATL,TE,16,15,0,0,0,0,0,0,0,0,0,0,0.0,2,2,0,0.0,0.0,0,
187,Courtney Upshaw,26,BAL,ROLB,16,15,0,0,0,0,2,2,0,3,0,0,2.0,51,29,22,3.0,7.0,0,
188,Muhammad Wilkerson,26,NYJ,LDE,16,15,0,0,0,0,7,3,0,0,0,0,12.0,64,39,25,11.0,28.0,0,"PB,AP-2"
189,Dan Williams,28,OAK,LDT,16,15,0,0,0,0,1,0,0,1,0,0,1.0,48,33,15,3.0,5.0,0,
190,Leonard Williams,21,NYJ,RDE,16,15,0,0,0,0,0,0,0,0,0,0,3.0,63,29,34,7.0,21.0,0,AP DRoY-3
191,Kamar Aiken,26,BAL,WR,16,14,0,0,0,0,0,0,1,0,0,0,0.0,0,0,0,0.0,0.0,0,
192,C.J. Fiedorowicz,24,HOU,TE,16,14,0,0,0,0,0,0,1,0,0,0,0.0,0,0,0,,,0,
193,Eric Fisher,24,KAN,LT,16,14,0,0,0,0,0,0,0,1,0,0,0.0,0,0,0,0.0,0.0,0,
194,Will Hill,25,BAL,SS,16,14,1,25,0,25,6,0,0,0,0,0,1.0,64,49,15,6.0,4.0,0,
195,Jarvis Landry,23,MIA,WR,16,14,0,0,0,0,0,0,1,0,0,0,0.0,0,0,0,,,0,PB
196,Manny Lawson,31,BUF,LLB,16,14,1,0,0,0,5,0,0,0,0,0,1.0,47,36,11,8.0,3.0,0,
197,Trent Murphy,25,WAS,LOLB,16,14,0,0,0,0,0,1,0,2,0,0,3.5,33,13,20,3.0,10.0,0,
198,Logan Ryan,24,NWE,RCB,16,14,4,39,0,25,14,0,0,0,0,0,0.0,74,58,16,2.0,0.0,0,
199,Kevin Williams,35,NOR,RDT,16,14,0,0,0,0,3,2,0,0,0,0,0.0,32,18,14,1.0,2.0,0,
200,Tyson Alualu,28,JAX,LDT,16,13,0,0,0,0,2,0,0,1,0,0,2.0,26,18,8,6.0,10.0,0,
201,Gary Barnidge,30,CLE,TE,16,13,0,0,0,0,0,0,0,0,0,0,0.0,1,1,0,0.0,0.0,0,PB
202,Brent Celek,30,PHI,TE,16,13,0,0,0,0,0,0,1,2,0,0,0.0,1,1,0,0.0,0.0,0,
203,Riley Cooper,28,PHI,WR,16,13,0,0,0,0,0,0,0,0,0,0,0.0,4,4,0,0.0,0.0,0,
204,D.J. Hayden,25,OAK,LCB,16,13,1,1,0,1,8,1,0,0,0,0,1.0,70,64,6,3.0,0.0,0,
205,Jaye Howard,27,KAN,RDE,16,13,0,0,0,0,0,1,0,2,-1,0,5.5,57,36,21,11.0,9.0,0,
206,Cullen Jenkins,34,NYG,LDT,16,13,0,0,0,0,2,0,0,0,0,0,3.0,26,15,11,3.0,8.0,0,
207,DeMarcus Lawrence,23,DAL,LDE,16,13,0,0,0,0,0,1,0,0,0,0,8.0,55,35,20,14.0,12.0,1,
208,Kelvin Sheppard,27,MIA,MLB,16,13,0,0,0,0,2,0,0,0,0,0,0.0,105,75,30,13.0,0.0,0,
209,Michael Thomas,25,MIA,SS,16,13,0,0,0,0,2,0,0,0,0,0,0.0,85,66,19,2.0,0.0,0,
210,J.J. Wilcox,24,DAL,DB,16,13,1,24,0,24,3,0,0,1,0,0,0.0,53,37,16,1.0,1.0,0,
211,David Amerson,24,2TM,RCB/LCB,16,12,4,28,1,24,26,1,0,0,0,0,0.0,60,55,5,0.0,0.0,0,
211,David Amerson,24,WAS,DB,2,0,0,0,0,0,1,0,0,0,0,0,0.0,2,2,0,0.0,0.0,0,
211,David Amerson,24,OAK,RCB/LCB,14,12,4,28,1,24,25,1,0,0,0,0,0.0,58,53,5,0.0,0.0,0,
212,Mark Barron,26,STL,LLB,16,12,0,0,0,0,5,3,0,0,0,0,1.0,116,79,37,16.0,4.0,0,
213,Malcom Brown,21,NWE,RDT,16,12,0,0,0,0,0,0,0,2,0,0,3.0,48,31,17,6.0,5.0,0,
214,Jared Cook,28,STL,TE,16,12,0,0,0,0,0,0,2,1,0,0,0.0,0,0,0,0.0,0.0,0,
215,Brandin Cooks,22,NOR,WR,16,12,0,0,0,0,0,0,1,0,0,0,0.0,0,0,0,0.0,0.0,0,
216,Josh Evans,24,JAX,FS,16,12,0,0,0,0,2,1,0,1,0,0,0.0,53,37,16,2.0,0.0,0,
217,Chad Greenway,32,MIN,LLB,16,12,1,91,1,91,1,0,0,0,0,0,2.5,69,56,13,5.0,5.0,0,
218,Ra'Shede Hageman,25,ATL,NT,16,12,0,0,0,0,1,0,0,0,0,0,1.0,27,17,10,2.0,6.0,0,
219,Tyson Jackson,29,ATL,LOLB,16,12,0,0,0,0,0,0,0,0,0,0,0.0,31,14,17,1.0,1.0,0,
220,Jordan Matthews,23,PHI,WR,16,12,0,0,0,0,0,0,2,0,0,0,0.0,0,0,0,0.0,0.0,0,
221,Calvin Pace,35,NYJ,ROLB,16,12,0,0,0,0,1,2,0,1,0,0,3.0,22,15,7,4.0,6.0,0,
222,Richard Rodgers,23,GNB,TE,16,12,0,0,0,0,0,0,0,1,0,0,0.0,0,0,0,0.0,0.0,0,
223,Wesley Woodyard,29,TEN,LILB,16,12,0,0,0,0,0,1,0,1,3,1,5.0,87,54,33,5.0,6.0,0,
224,Josh Bynes,26,DET,RLB,16,11,0,0,0,0,5,1,0,0,0,0,0.5,82,56,26,5.0,3.0,0,
225,Ed Dickson,28,CAR,TE,16,11,0,0,0,0,0,0,0,1,57,1,0.0,4,4,0,0.0,0.0,0,
226,Coby Fleener,27,IND,TE,16,11,1,2,0,2,1,0,0,0,0,0,0.0,0,0,0,0.0,0.0,0,
227,William Gholston,24,TAM,LDE,16,11,0,0,0,0,2,2,0,0,0,0,3.0,67,47,20,8.0,8.0,0,
228,Rodney Gunter,23,ARI,NT,16,11,0,0,0,0,0,0,0,0,0,0,1.0,19,16,3,3.0,4.0,0,
229,Andre Hal,23,HOU,FS,16,11,4,54,1,31,10,0,0,0,0,0,0.0,36,27,9,1.0,0.0,0,
230,A.J. Hawk,31,CIN,LLB,16,11,0,0,0,0,0,0,0,0,0,0,1.0,24,16,8,2.0,1.0,0,
231,William Hayes,30,STL,LDE,16,11,0,0,0,0,0,2,0,0,0,0,5.5,53,36,17,12.0,14.0,0,
232,Casey Hayward,26,GNB,DB,16,11,0,0,0,0,7,0,0,0,0,0,0.0,65,56,9,3.0,1.0,0,
233,Byron Jones,23,DAL,FS,16,11,0,0,0,0,8,0,0,0,0,0,0.0,66,47,19,2.0,1.0,0,
234,Kyle Juszczyk,24,BAL,RB,16,11,0,0,0,0,0,0,0,0,0,0,0.0,1,1,0,0.0,0.0,0,
235,Danny Lansanah,30,TAM,LLB,16,11,0,0,0,0,4,1,0,0,0,0,1.0,55,36,19,4.0,1.0,0,
236,Josh LeRibeus,26,WAS,C,16,11,0,0,0,0,0,0,0,1,0,0,0.0,0,0,0,0.0,0.0,0,
237,Arthur Moats,27,PIT,LOLB,16,11,0,0,0,0,2,0,0,2,3,0,4.0,35,24,11,4.0,11.0,0,
238,Akeem Ayers,26,STL,RLB,16,10,0,0,0,0,5,1,0,3,45,1,0.5,47,35,12,3.0,3.0,0,
239,Chris Baker,28,WAS,LDE,16,10,0,0,0,0,1,3,0,2,0,0,6.0,53,26,27,10.0,17.0,0,
240,Corbin Bryant,27,BUF,LDT,16,10,0,0,0,0,1,0,0,0,0,0,0.0,45,24,21,2.0,6.0,0,
241,William Compton,26,WAS,LILB,16,10,1,24,0,24,3,0,0,1,0,0,1.0,96,52,44,1.0,2.0,0,
242,Brandon Graham,27,PHI,ROLB,16,10,0,0,0,0,1,3,0,0,0,0,6.5,51,39,12,11.0,10.0,0,
243,Ronnie Hillman,24,DEN,RB,16,10,0,0,0,0,0,0,3,2,0,0,0.0,0,0,0,0.0,0.0,0,
244,Kevin Johnson,23,HOU,LCB,16,10,1,22,0,22,9,0,0,0,0,0,0.0,54,48,6,3.0,0.0,0,
245,Darren McFadden,28,DAL,RB,16,10,0,0,0,0,0,0,3,0,0,0,0.0,0,0,0,0.0,0.0,0,
246,Whitney Mercilus,25,HOU,LOLB,16,10,0,0,0,0,2,1,0,2,5,0,12.0,52,32,20,14.0,16.0,0,
247,Nate Palmer,26,GNB,LILB,16,10,0,0,0,0,2,0,0,0,0,0,1.0,68,47,21,3.0,4.0,0,
248,Patrick Robinson,28,SDG,DB,16,10,1,27,0,27,8,0,0,0,0,0,0.0,49,43,6,2.0,1.0,0,
249,O'Brien Schofield,28,ATL,ROLB,16,10,0,0,0,0,0,1,0,0,0,0,2.0,30,24,6,4.0,13.0,0,
250,DeAngelo Williams,32,PIT,RB,16,10,0,0,0,0,0,0,4,2,0,0,0.0,0,0,0,0.0,0.0,0,
251,Ameer Abdullah,22,DET,RB,16,9,0,0,0,0,0,0,5,2,0,0,0.0,0,0,0,0.0,0.0,0,
252,Alfred Blue,24,HOU,RB,16,9,0,0,0,0,0,1,2,0,0,0,0.0,4,3,1,0.0,0.0,0,
253,Donald Butler,27,SDG,RILB,16,9,0,0,0,0,0,1,0,1,1,0,0.5,43,24,19,2.0,1.0,0,
254,Isaiah Crowell,22,CLE,RB,16,9,0,0,0,0,0,0,0,0,0,0,0.0,1,1,0,0.0,0.0,0,
255,Kellen Davis,30,NYJ,TE,16,9,0,0,0,0,0,0,0,1,0,0,0.0,2,2,0,0.0,0.0,0,
256,Kony Ealy,24,CAR,LDE,16,9,0,0,0,0,2,3,0,2,0,0,5.0,32,15,17,5.0,10.0,0,
257,Demetrius Harris,24,KAN,TE,16,9,0,0,0,0,0,0,0,0,0,0,0.0,3,1,2,0.0,0.0,0,
258,Jonotthan Harrison,24,IND,C,16,9,0,0,0,0,0,0,1,0,-1,0,0.0,0,0,0,0.0,0.0,0,
259,Anthony Hitchens,23,DAL,MLB,16,9,0,0,0,0,1,1,0,0,0,0,2.0,67,40,27,5.0,5.0,0,
260,Curtis Lofton,29,OAK,MLB,16,9,0,0,0,0,0,0,0,1,0,0,1.0,64,45,19,3.0,2.0,0,
261,Steve McLendon,29,PIT,NT,16,9,0,0,0,0,1,0,0,0,0,0,1.0,14,11,3,4.0,2.0,0,
262,Sterling Moore,25,TAM,LCB,16,9,1,18,0,18,6,3,0,0,0,0,0.0,45,37,8,3.0,0.0,0,
263,Derrick Shelby,26,MIA,LDE,16,9,1,22,1,22,4,2,0,0,0,0,3.5,37,25,12,4.0,8.0,0,
264,Isa Abdul-Quddus,26,DET,SS,16,8,0,0,0,0,6,1,0,0,0,0,1.0,57,42,15,2.0,4.0,0,
265,Chris Clemons,34,JAX,LDE,16,8,0,0,0,0,1,1,0,1,6,1,3.0,14,13,1,5.0,10.0,0,
266,Patrick DiMarco,26,ATL,RB,16,8,0,0,0,0,0,0,0,0,0,0,0.0,5,4,1,0.0,0.0,0,"PB,AP-2"
267,Tom Johnson,31,MIN,LDT,16,8,0,0,0,0,1,0,0,0,0,0,5.5,36,25,11,9.0,20.0,0,
268,Tyler Lockett,23,SEA,WR,16,8,0,0,0,0,0,0,2,0,0,0,0.0,1,1,0,0.0,0.0,0,"PB,AP-1,AP ORoY-4"
269,Jerod Mayo,29,NWE,MLB,16,8,0,0,0,0,1,0,0,0,0,0,1.0,47,35,12,5.0,3.0,0,
270,Vincent Rey,28,CIN,RLB,16,8,1,0,0,0,5,0,0,0,0,0,1.0,98,64,34,3.0,2.0,0,
271,John Simon,25,HOU,ROLB,16,8,0,0,0,0,0,0,0,1,0,0,5.0,53,39,14,3.0,11.0,0,
272,Buster Skrine,26,NYJ,DB,16,8,1,9,0,9,7,0,0,0,0,0,0.0,56,46,10,2.0,2.0,0,
273,Jimmie Ward,24,SFO,DB,16,8,1,29,1,29,6,0,0,0,0,0,1.0,57,48,9,4.0,1.0,0,
274,Tahir Whitehead,25,DET,LLB,16,8,1,26,0,26,6,0,0,1,0,0,2.0,51,40,11,7.0,4.0,0,
275,David Bass,25,TEN,LOLB,16,7,1,8,0,8,4,0,0,2,0,0,1.5,36,23,13,4.0,4.0,0,
276,Michael Burton,23,DET,TE,16,7,0,0,0,0,0,0,0,0,0,0,0.0,3,2,1,0.0,0.0,0,
277,Josh Hill,25,NOR,TE,16,7,0,0,0,0,0,0,0,1,0,0,0.0,3,2,1,0.0,0.0,0,
278,Tony Jefferson,23,ARI,DB,16,7,2,26,1,26,5,3,0,0,0,0,2.0,78,58,20,4.0,3.0,0,
279,Duke Johnson,22,CLE,RB,16,7,0,0,0,0,0,0,1,1,0,0,0.0,1,1,0,0.0,0.0,0,
280,Khari Lee,23,CHI,TE,16,7,0,0,0,0,0,0,0,1,0,0,0.0,0,0,0,0.0,0.0,0,
281,Ricardo Mathews,28,SDG,NT,16,7,0,0,0,0,0,0,0,0,0,0,1.0,22,14,8,3.0,1.0,0,
282,Donald Stephenson,27,KAN,LT,16,7,0,0,0,0,0,0,0,1,0,0,0.0,0,0,0,0.0,0.0,0,
283,Javorius Allen,24,BAL,RB,16,6,0,0,0,0,0,0,2,0,0,0,0.0,0,0,0,0.0,0.0,0,
284,Shaquil Barrett,23,DEN,LB,16,6,0,0,0,0,4,4,0,2,0,0,5.5,50,35,15,8.0,12.0,0,
285,Jamison Crowder,22,WAS,WR,16,6,0,0,0,0,0,0,4,1,0,0,0.0,0,0,0,0.0,0.0,0,
286,Jamil Douglas,23,MIA,RG,16,6,0,0,0,0,0,0,4,0,0,0,0.0,0,0,0,,,0,
287,Lawrence Guy,25,BAL,RDE,16,6,0,0,0,0,1,0,0,0,0,0,4.5,46,29,17,8.0,10.0,0,
288,Kyshoen Jarrett,22,WAS,DB,16,6,0,0,0,0,4,1,0,0,0,0,0.0,58,39,19,0.0,0.0,0,
289,Lamarcus Joyner,25,STL,DB,16,6,0,0,0,0,6,0,0,1,0,0,2.0,72,54,18,3.0,2.0,0,
290,Tyler Kroft,23,CIN,TE,16,6,0,0,0,0,0,0,0,0,0,0,0.0,10,4,6,0.0,0.0,0,
291,John Kuhn,33,GNB,RB,16,6,0,0,0,0,0,0,0,0,0,0,0.0,3,2,1,0.0,0.0,0,PB
292,Jorvorskie Lane,28,TAM,TE,16,6,0,0,0,0,0,0,0,1,0,0,0.0,1,1,0,0.0,0.0,0,
293,DeShawn Shead,26,SEA,RCB,16,6,1,40,0,40,8,2,0,0,0,0,1.0,55,43,12,3.0,2.0,0,
294,Alterraun Verner,27,TAM,DB,16,6,1,44,0,28,4,1,0,0,0,0,0.5,56,45,11,0.0,2.0,0,
295,Kyle Wilber,26,DAL,MLB,16,6,0,0,0,0,0,0,0,0,0,0,0.0,25,16,9,1.0,0.0,0,
296,Justin Bethel,25,ARI,RCB,16,5,2,21,1,21,9,2,0,2,0,0,0.0,46,44,2,0.0,1.0,0,PB
297,Zach Brown,26,TEN,LILB,16,5,2,45,0,45,3,0,0,0,0,0,0.5,77,55,22,4.0,2.0,0,
298,Chris Conley,23,KAN,WR,16,5,0,0,0,0,0,0,0,0,0,0,0.0,4,4,0,0.0,0.0,0,
299,Tyeler Davison,23,NOR,RDT,16,5,0,0,0,0,0,0,0,0,0,0,1.5,18,10,8,4.0,5.0,0,
300,Bud Dupree,22,PIT,LOLB,16,5,0,0,0,0,1,0,0,0,0,0,4.0,26,17,9,4.0,6.0,0,
301,Devin Funchess,21,CAR,WR,16,5,0,0,0,0,0,0,1,0,0,0,0.0,0,0,0,0.0,0.0,0,
302,Max Garcia,24,DEN,LG,16,5,0,0,0,0,0,0,0,2,0,0,0.0,0,0,0,0.0,0.0,0,
303,Ryan Grant,25,WAS,WR,16,5,0,0,0,0,0,0,0,0,0,0,0.0,2,1,1,0.0,0.0,0,
304,Virgil Green,27,DEN,TE,16,5,0,0,0,0,0,0,0,0,0,0,0.0,5,5,0,0.0,0.0,0,
305,Cory Harkey,25,STL,TE,16,5,0,0,0,0,0,0,0,0,0,0,0.0,5,5,0,0.0,0.0,0,
306,Duron Harmon,24,NWE,DB,16,5,3,50,0,30,5,0,0,0,0,0,0.0,20,14,6,0.0,0.0,0,
307,Kemal Ishmael,24,ATL,FS,16,5,1,84,0,84,3,0,0,0,0,0,0.0,46,32,14,1.0,0.0,0,
308,David Johnson,24,ARI,RB,16,5,0,0,0,0,0,0,4,0,0,0,0.0,2,2,0,0.0,0.0,0,AP ORoY-4
309,Christian Kirksey,23,CLE,RILB,16,5,0,0,0,0,1,1,0,1,0,0,3.5,63,40,23,5.0,5.0,0,
310,Zach Line,25,MIN,RB,16,5,0,0,0,0,0,0,0,0,0,0,0.0,2,2,0,0.0,0.0,0,
311,Marc Mariani,28,CHI,WR,16,5,0,0,0,0,0,0,3,2,0,0,0.0,2,2,0,0.0,0.0,0,
312,Bruce Miller,28,SFO,RB,16,5,0,0,0,0,0,0,0,0,0,0,0.0,9,9,0,0.0,0.0,0,
313,Captain Munnerlyn,27,MIN,DB,16,5,2,30,0,32,4,1,0,2,55,1,1.0,55,51,4,4.0,2.0,0,
314,Mike Pennel,24,GNB,LDE,16,5,0,0,0,0,0,1,0,0,0,0,1.0,25,16,9,2.0,4.0,0,
315,John Phillips,28,SDG,TE,16,5,0,0,0,0,0,0,0,0,0,0,0.0,5,4,1,0.0,0.0,0,
316,Eric Rowe,23,PHI,RCB,16,5,1,0,0,0,5,0,0,0,0,0,0.0,31,24,7,0.0,0.0,0,
317,Jonathan Babineaux,34,ATL,DT,16,4,1,-1,0,-1,2,1,0,0,0,0,1.5,30,22,8,9.0,9.0,0,
318,Tommy Bohanon,25,NYJ,RB,16,4,0,0,0,0,0,0,0,0,0,0,0.0,4,1,3,0.0,0.0,0,
319,Jay Bromley,23,NYG,DT,16,4,0,0,0,0,0,0,0,0,0,0,0.0,36,19,17,0.0,7.0,0,
320,Adrian Clayborn,27,ATL,DE,16,4,0,0,0,0,0,0,0,1,0,0,3.0,15,14,1,4.0,15.0,0,
321,Brandon Coleman,23,NOR,WR,16,4,0,0,0,0,0,0,0,0,0,0,0.0,1,1,0,0.0,0.0,0,
322,Quandre Diggs,22,DET,DB,16,4,0,0,0,0,6,1,0,1,0,0,0.0,38,31,7,2.0,0.0,0,
323,Cameron Erving,23,CLE,T,16,4,0,0,0,0,0,0,0,1,0,0,0.0,0,0,0,,,0,
324,Darrius Heyward-Bey,28,PIT,WR,16,4,0,0,0,0,0,0,0,1,0,0,0.0,4,3,1,0.0,0.0,0,
325,Chris Hogan,28,BUF,WR,16,4,0,0,0,0,0,1,0,0,0,0,0.0,3,3,0,0.0,0.0,0,
326,David Johnson,28,SDG,TE,16,4,0,0,0,0,0,0,1,0,0,0,0.0,0,0,0,,,0,
327,Bobby McCain,22,MIA,DB,16,4,0,0,0,0,4,0,0,0,0,0,0.0,28,23,5,0.0,0.0,0,
328,Stacy McGee,25,OAK,DT,16,4,0,0,0,0,0,0,0,1,0,0,0.0,22,14,8,0.0,1.0,0,
329,Sherrick McManis,28,CHI,DB,16,4,0,0,0,0,0,0,0,0,0,0,0.0,29,23,6,0.0,0.0,0,
330,Quinton Patton,25,SFO,WR,16,4,0,0,0,0,0,0,0,0,0,0,0.0,3,2,1,0.0,0.0,0,
331,Marcus Roberson,23,STL,DB,16,4,0,0,0,0,6,1,0,0,0,0,0.0,29,25,4,2.0,0.0,0,
332,Bradley Roby,23,DEN,DB,16,4,1,19,0,19,10,1,0,1,21,1,0.0,40,34,6,1.0,0.0,0,
333,Mohamed Sanu,26,CIN,WR,16,4,0,0,0,0,0,0,2,0,0,0,0.0,0,0,0,0.0,0.0,0,
334,Darren Sproles,32,PHI,RB,16,4,0,0,0,0,0,0,2,1,0,0,0.0,0,0,0,0.0,0.0,0,PB
335,James Starks,29,GNB,RB,16,4,0,0,0,0,0,0,5,1,0,0,0.0,0,0,0,0.0,0.0,0,
336,Mitch Unrein,28,2TM,DE,16,4,0,0,0,0,0,0,0,0,0,0,1.0,19,16,3,1.0,3.0,0,
336,Mitch Unrein,28,SDG,DE,2,0,0,0,0,0,0,0,0,0,0,0,0.0,1,1,0,0.0,0.0,0,
336,Mitch Unrein,28,CHI,DE,14,4,0,0,0,0,0,0,0,0,0,0,1.0,18,15,3,1.0,3.0,0,
337,Duke Williams,25,BUF,DB,16,4,0,0,0,0,1,0,0,1,19,1,1.0,28,25,3,3.0,4.0,0,
338,Shawn Williams,24,CIN,DB,16,4,2,14,0,14,5,0,0,0,0,0,0.0,32,25,7,2.0,0.0,0,
339,Walt Aikens,24,MIA,DB,16,3,0,0,0,0,0,0,0,0,0,0,0.0,30,24,6,0.0,0.0,0,
340,Thurston Armbrister,23,JAX,LB,16,3,0,0,0,0,1,0,0,0,0,0,0.0,23,15,8,1.0,1.0,0,
341,Cole Beasley,26,DAL,WR,16,3,0,0,0,0,0,0,2,0,0,0,0.0,1,1,0,0.0,0.0,0,
342,Josh Bellamy,26,CHI,WR,16,3,0,0,0,0,0,0,0,1,0,0,0.0,8,6,2,0.0,0.0,0,
343,E.J. Biggers,28,PHI,DB,16,3,0,0,0,0,7,0,0,0,0,0,0.0,44,36,8,0.0,0.0,0,
344,Robert Golden,25,PIT,DB,16,3,1,27,0,27,4,0,0,0,0,0,0.0,40,30,10,3.0,7.0,0,
345,Mark Herzlich,28,NYG,LB,16,3,0,0,0,0,0,1,0,0,0,0,0.0,30,17,13,2.0,0.0,0,
346,Akiem Hicks,26,2TM,DE,16,3,0,0,0,0,0,0,0,1,0,1,3.0,23,9,14,5.0,7.0,0,
346,Akiem Hicks,26,NOR,DE,3,3,0,0,0,0,0,0,0,0,0,0,0.0,2,0,2,0.0,0.0,0,
346,Akiem Hicks,26,NWE,DE,13,0,0,0,0,0,0,0,0,1,0,1,3.0,21,9,12,5.0,7.0,0,
347,John Hughes,27,CLE,DT,16,3,0,0,0,0,0,1,0,1,0,0,1.5,24,12,12,2.0,3.0,0,
348,Dontae Johnson,24,SFO,DB,16,3,0,0,0,0,5,0,0,2,0,0,0.0,32,29,3,0.0,0.0,0,
349,Will Johnson,26,PIT,FB,16,3,0,0,0,0,0,0,0,0,0,0,0.0,4,3,1,0.0,0.0,0,
350,Kelcie McCray,27,SEA,DB,16,3,0,0,0,0,2,0,0,0,0,0,0.0,37,25,12,0.0,0.0,0,
351,Keith Mumphery,23,HOU,WR,16,3,0,0,0,0,0,0,3,3,0,0,0.0,4,4,0,0.0,0.0,0,
352,Troy Niklas,23,ARI,TE,16,3,0,0,0,0,0,0,0,1,0,0,0.0,4,4,0,0.0,0.0,0,
353,MyCole Pruitt,23,MIN,TE,16,3,0,0,0,0,0,0,0,0,0,0,0.0,1,1,0,0.0,0.0,0,
354,Nickell Robey-Coleman,23,BUF,DB,16,3,0,0,0,0,4,0,0,0,0,0,1.0,46,39,7,0.0,1.0,0,
355,Nathan Stupar,27,ATL,LB,16,3,0,0,0,0,2,0,0,1,84,1,1.0,40,33,7,1.0,2.0,0,
356,Mike Tolbert,30,CAR,RB,16,3,0,0,0,0,0,0,0,0,0,0,0.0,1,1,0,0.0,0.0,0,"PB,AP-1"
357,J.C. Tretter,24,GNB,T,16,3,0,0,0,0,0,0,1,0,-14,0,0.0,0,0,0,0.0,0.0,0,
358,Trevin Wade,26,NYG,DB,16,3,0,0,0,0,6,1,0,2,5,1,0.0,52,43,9,3.0,5.0,0,
359,Jarius Wright,26,MIN,WR,16,3,0,0,0,0,0,0,1,0,0,0,0.0,0,0,0,0.0,0.0,0,
360,Darrel Young,28,WAS,LB,16,3,0,0,0,0,0,0,1,0,0,0,0.0,5,3,2,0.0,0.0,0,
361,Beau Allen,24,PHI,DT,16,2,0,0,0,0,2,0,0,0,0,0,0.0,28,18,10,1.0,0.0,0,
362,Larry Asante,27,OAK,DB,16,2,0,0,0,0,3,0,0,0,0,0,0.0,30,23,7,1.0,0.0,0,
363,Jalen Collins,22,ATL,DB,16,2,0,0,0,0,0,0,0,0,0,0,0.0,17,17,0,0.0,0.0,0,
364,Todd Davis,23,DEN,LB,16,2,0,0,0,0,0,0,0,1,0,0,0.0,21,15,6,2.0,0.0,0,
365,Leger Douzable,29,NYJ,DE,16,2,0,0,0,0,0,0,0,0,0,0,0.0,14,10,4,2.0,3.0,0,
366,Jack Doyle,25,IND,TE,16,2,0,0,0,0,0,0,0,0,0,0,0.0,1,1,0,0.0,0.0,0,
367,Neville Hewitt,22,MIA,LB,16,2,1,0,0,0,3,0,0,0,0,0,0.0,39,27,12,3.0,1.0,0,
368,Lamarr Houston,28,CHI,DE,16,2,0,0,0,0,0,0,0,1,0,0,8.0,42,36,6,11.0,13.0,0,
369,Emmanuel Lamur,26,CIN,LB,16,2,0,0,0,0,3,1,0,1,0,0,0.5,40,27,13,0.0,1.0,0,
370,Jeremy Langford,24,CHI,RB,16,2,0,0,0,0,0,0,0,0,0,0,0.0,1,1,0,0.0,0.0,0,
371,Kareem Martin,23,ARI,DE,16,2,0,0,0,0,0,1,0,0,0,0,1.5,9,7,2,1.0,3.0,0,
372,Michael Mauti,25,NOR,LB,16,2,0,0,0,0,0,0,0,0,0,0,0.0,37,26,11,2.0,0.0,0,
373,Barkevious Mingo,25,CLE,LB,16,2,1,7,0,7,4,0,0,0,0,0,0.0,24,15,9,1.0,0.0,0,
374,Jay Prosch,23,HOU,RB,16,2,0,0,0,0,0,0,0,0,0,0,0.0,8,5,3,0.0,0.0,0,
375,Anthony Sherman,27,KAN,RB,16,2,0,0,0,0,0,0,0,0,0,0,0.0,6,5,1,0.0,0.0,0,
376,Preston Smith,23,WAS,DE,16,2,0,0,0,0,4,3,0,1,0,0,8.0,35,24,11,6.0,10.0,0,
377,Daimion Stafford,24,TEN,DB,16,2,0,0,0,0,5,0,0,1,0,0,1.0,25,20,5,1.0,1.0,0,
378,Adam Thielen,25,MIN,WR,16,2,0,0,0,0,0,0,0,0,0,0,0.0,7,7,0,0.0,0.0,0,
379,Zach Vigil,24,MIA,LB,16,2,0,0,0,0,0,0,0,0,0,0,0.0,18,15,3,1.0,0.0,0,
380,Danny Woodhead,30,SDG,RB,16,2,0,0,0,0,0,0,0,1,0,0,0.0,1,1,0,0.0,0.0,0,
381,Frank Zombo,28,KAN,LB,16,2,0,0,0,0,0,1,0,0,0,0,3.0,19,16,3,2.0,5.0,0,
382,Arik Armstead,22,SFO,DE,16,1,0,0,0,0,0,0,0,0,0,0,2.0,19,14,5,3.0,10.0,0,
383,Chris Banjo,25,GNB,DB,16,1,0,0,0,0,1,0,0,0,0,0,0.0,16,15,1,0.0,2.0,0,
384,Giovani Bernard,24,CIN,RB,16,1,0,0,0,0,0,0,2,3,6,0,0.0,0,0,0,,,0,
385,Robert Blanton,26,MIN,DB,16,1,0,0,0,0,3,0,0,0,0,0,0.0,34,28,6,0.0,0.0,0,
386,Tre Boston,23,CAR,DB,16,1,0,0,0,0,0,0,0,0,0,0,0.0,29,21,8,3.0,3.0,0,
387,Brandon Boykin,25,PIT,DB,16,1,1,1,0,1,5,1,0,1,0,0,1.0,25,20,5,3.0,3.0,0,
388,Tyvon Branch,29,KAN,DB,16,1,1,38,1,38,4,0,0,1,73,1,1.0,43,35,8,3.0,1.0,0,
389,Jack Crawford,27,DAL,DE,16,1,0,0,0,0,0,0,0,0,0,0,4.0,21,14,7,7.0,4.0,0,
390,Benny Cunningham,25,STL,RB,16,1,0,0,0,0,0,0,1,0,0,0,0.0,3,3,0,0.0,0.0,0,
391,Anthony Dixon,28,BUF,RB,16,1,0,0,0,0,0,0,0,1,0,0,0.0,7,7,0,0.0,0.0,0,
392,Kasim Edebali,26,NOR,DE,16,1,0,0,0,0,2,0,0,1,0,0,5.0,21,18,3,4.0,6.0,0,
393,Bennie Fowler,24,DEN,WR,16,1,0,0,0,0,0,1,0,0,0,0,0.0,5,4,1,0.0,0.0,0,
394,Andrew Gachkar,27,DAL,LB,16,1,0,0,0,0,0,0,0,0,0,0,0.0,14,10,4,2.0,3.0,0,
395,Wallace Gilberry,31,CIN,DE,16,1,0,0,0,0,1,1,0,0,0,0,2.0,23,16,7,3.0,15.0,0,
396,Eli Harold,21,SFO,DE,16,1,0,0,0,0,0,0,0,1,8,0,0.0,14,8,6,4.0,5.0,0,
397,Jeff Heath,24,DAL,DB,16,1,2,19,0,19,2,1,0,0,0,0,0.0,25,20,5,0.0,0.0,0,
398,Andre Holmes,27,OAK,WR,16,1,0,0,0,0,0,1,0,0,0,0,0.0,7,5,2,0.0,0.0,0,
399,Ricky Jean-Francois,29,WAS,DT,16,1,0,0,0,0,1,0,0,0,0,0,2.0,25,9,16,5.0,3.0,0,
400,Jeremy Kerley,27,NYJ,WR,16,1,0,0,0,0,0,0,1,1,0,0,0.0,0,0,0,0.0,0.0,0,
401,Bradley Marquez,23,STL,WR,16,1,0,0,0,0,0,1,0,0,0,0,0.0,11,10,1,0.0,0.0,0,
402,Henry Melton,29,TAM,DE,16,1,0,0,0,0,2,0,0,2,0,0,2.0,30,18,12,1.0,12.0,0,
403,Cordarrelle Patterson,24,MIN,WR,16,1,0,0,0,0,0,0,1,0,0,0,0.0,0,0,0,,,0,AP-2
404,Theo Riddick,24,DET,RB,16,1,0,0,0,0,0,0,1,0,0,0,0.0,5,5,0,0.0,0.0,0,
405,Phillip Supernaw,25,TEN,TE,16,1,0,0,0,0,0,1,1,0,0,0,0.0,10,6,4,0.0,0.0,0,
406,Darryl Tapp,31,DET,DE,16,1,0,0,0,0,0,2,0,0,0,0,2.0,26,19,7,5.0,8.0,0,
407,Cam Thomas,29,PIT,DT,16,1,0,0,0,0,0,0,0,0,0,0,0.0,11,9,2,3.0,1.0,0,
408,Brynden Trawick,26,BAL,DB,16,1,0,0,0,0,1,0,0,0,0,0,0.0,16,14,2,1.0,0.0,0,
409,D.J. Alexander,24,KAN,LB,16,0,0,0,0,0,0,0,0,0,0,0,0.0,13,12,1,0.0,0.0,1,
410,Lorenzo Alexander,32,OAK,LB,16,0,0,0,0,0,0,0,1,0,0,0,0.0,13,11,2,1.0,0.0,0,
411,Ryan Allen,25,NWE,P,16,0,0,0,0,0,0,0,0,0,0,0,0.0,1,1,0,0.0,0.0,0,
412,Bryan Anger,27,JAX,P,16,0,0,0,0,0,0,0,0,0,0,0,0.0,2,2,0,0.0,0.0,0,
413,Matt Asiata,28,MIN,RB,16,0,0,0,0,0,0,0,0,1,0,0,0.0,3,3,0,0.0,0.0,0,
414,Johnson Bademosi,25,CLE,DB,16,0,0,0,0,0,2,0,0,1,0,0,0.0,27,20,7,0.0,0.0,0,
415,Lamin Barrow,25,CHI,LB,16,0,0,0,0,0,0,0,0,0,0,0,0.0,6,4,2,0.0,0.0,0,
416,Nick Bellore,26,SFO,LB,16,0,0,0,0,0,0,0,0,1,0,0,0.0,17,12,5,0.0,0.0,0,
417,Jordan Berry,24,PIT,P,16,0,0,0,0,0,0,0,0,0,0,0,0.0,1,1,0,0.0,0.0,0,
418,Kroy Biermann,30,ATL,LB,16,0,0,0,0,0,0,1,0,0,0,0,2.5,54,32,22,2.0,6.0,0,
419,Angelo Blackson,23,TEN,DT,16,0,0,0,0,0,0,1,0,0,0,0,2.5,15,8,7,2.0,3.0,0,
420,Bryan Braman,28,PHI,LB,16,0,0,0,0,0,0,0,0,1,0,0,1.0,7,6,1,1.0,1.0,0,
421,Beau Brinkley,25,TEN,TE,16,0,0,0,0,0,0,0,0,0,0,0,0.0,6,5,1,0.0,0.0,0,
422,Arthur Brown,22,BAL,LB,16,0,0,0,0,0,0,0,0,0,0,0,0.0,2,2,0,0.0,0.0,0,
423,Jaron Brown,25,ARI,WR,16,0,0,0,0,0,0,0,0,0,0,0,0.0,5,5,0,0.0,0.0,0,
424,Josh Brown,36,NYG,K,16,0,0,0,0,0,0,0,0,0,0,0,0.0,1,1,0,0.0,0.0,0,PB
425,Rex Burkhead,25,CIN,RB,16,0,0,0,0,0,0,0,1,0,0,0,0.0,11,6,5,0.0,0.0,0,
426,Trey Burton,24,PHI,TE,16,0,0,0,0,0,0,0,0,0,0,0,0.0,13,13,0,0.0,0.0,0,
427,Drew Butler,26,ARI,P,16,0,0,0,0,0,0,0,0,0,0,0,0.0,1,1,0,0.0,0.0,0,
428,Tank Carder,26,CLE,LB,16,0,0,0,0,0,0,0,0,0,0,0,0.0,16,15,1,0.0,0.0,0,
429,Joe Cardona,23,NWE,LS,16,0,0,0,0,0,0,0,0,0,0,0,0.0,3,3,0,0.0,0.0,0,
430,Don Carey,28,DET,DB,16,0,0,0,0,0,0,0,0,1,0,0,0.0,21,17,4,1.0,0.0,0,
431,Dan Carpenter,30,BUF,K,16,0,0,0,0,0,0,0,0,0,0,0,0.0,1,1,0,0.0,0.0,0,
432,Chandler Catanzaro,24,ARI,K,16,0,0,0,0,0,0,0,0,0,0,0,0.0,6,6,0,0.0,0.0,0,
433,Brandon Copeland,24,DET,LB,16,0,0,0,0,0,0,0,0,0,0,0,0.5,14,11,3,0.0,1.0,0,
434,Mason Crosby,31,GNB,K,16,0,0,0,0,0,0,1,0,0,0,0,0.0,1,1,0,0.0,0.0,0,
435,Vinny Curry,27,PHI,DE,16,0,0,0,0,0,0,0,0,0,0,0,3.5,12,9,3,4.0,15.0,0,
436,Orleans Darkwa,23,NYG,RB,16,0,0,0,0,0,0,0,0,1,0,0,0.0,9,5,4,0.0,2.0,0,
437,Matt Darr,23,MIA,P,16,0,0,0,0,0,0,0,0,0,0,0,0.0,1,1,0,0.0,0.0,0,
438,Cody Davis,26,STL,DB,16,0,0,0,0,0,0,0,1,1,0,0,0.0,10,8,2,0.0,0.0,0,
439,John Denney,37,MIA,LS,16,0,0,0,0,0,0,0,0,0,0,0,0.0,4,3,1,0.0,0.0,0,
440,Andrew DePaola,28,TAM,LS,16,0,0,0,0,0,0,0,0,0,0,0,0.0,4,4,0,0.0,0.0,0,
441,Brian Dixon,25,NOR,DB,16,0,0,0,0,0,0,1,0,0,0,0,0.0,22,19,3,0.0,0.0,0,
442,Jon Dorenbos,35,PHI,LS,16,0,0,0,0,0,0,0,0,0,0,0,0.0,3,3,0,0.0,0.0,0,
443,Justin Drescher,27,NOR,LS,16,0,0,0,0,0,0,0,0,0,0,0,0.0,1,1,0,0.0,0.0,0,
444,Nick Dzubnar,24,SDG,LB,16,0,0,0,0,0,0,0,0,0,0,0,0.0,15,13,2,0.0,0.0,0,
445,Jamell Fleming,26,KAN,DB,16,0,0,0,0,0,5,0,0,1,0,0,0.0,21,19,2,1.0,1.0,0,
446,Jalston Fowler,25,TEN,RB,16,0,0,0,0,0,0,1,0,1,0,0,0.0,4,4,0,0.0,0.0,0,
447,Alani Fua,23,ARI,LB,16,0,0,0,0,0,0,0,0,1,0,0,0.0,7,5,2,0.0,2.0,0,
448,Graham Gano,28,CAR,K,16,0,0,0,0,0,0,0,0,0,0,0,0.0,3,3,0,0.0,0.0,0,
449,Robbie Gould,33,CHI,K,16,0,0,0,0,0,0,0,0,0,0,0,0.0,1,1,0,0.0,0.0,0,
450,Clint Gresham,29,SEA,LB,16,0,0,0,0,0,0,0,0,0,0,0,0.0,1,1,0,0.0,0.0,0,
451,Bryce Hager,23,STL,LB,16,0,0,0,0,0,0,0,0,0,0,0,0.0,5,2,3,0.0,0.0,0,
452,Clark Harris,31,CIN,TE,16,0,0,0,0,0,0,0,0,0,0,0,0.0,5,4,1,0.0,0.0,0,
453,Josh Harris,26,ATL,DB,16,0,0,0,0,0,0,0,0,0,0,0,0.0,3,3,0,0.0,0.0,0,
454,Stephen Hauschka,30,SEA,K,16,0,0,0,0,0,0,0,0,0,0,0,0.0,1,1,0,0.0,0.0,0,
455,Johnny Hekker,25,STL,P,16,0,0,0,0,0,0,0,0,0,0,0,0.0,2,2,0,0.0,0.0,0,"PB,AP-1"
456,Erin Henderson,29,NYJ,LB,16,0,0,0,0,0,1,1,0,0,0,0,0.0,45,36,9,1.0,0.0,0,
457,Kevin Huber,30,CIN,P,16,0,0,0,0,0,0,0,0,0,0,0,0.0,1,1,0,0.0,0.0,0,
458,Marqueston Huff,23,TEN,DB,16,0,0,0,0,0,2,0,0,0,0,0,0.0,15,11,4,1.0,0.0,0,
459,Charley Hughlett,25,CLE,LS,16,0,0,0,0,0,0,0,0,0,0,0,0.0,3,3,0,0.0,0.0,0,
460,Fred Jackson,34,SEA,RB,16,0,0,0,0,0,0,0,1,1,0,0,0.0,0,0,0,0.0,0.0,0,
461,Ben Jacobs,27,CAR,LB,16,0,0,0,0,0,0,0,0,0,0,0,0.0,15,9,6,0.0,0.0,0,
462,Jeff Janis,24,GNB,WR,16,0,0,0,0,0,0,0,0,0,0,0,0.0,13,11,2,0.0,0.0,0,
463,J.J. Jansen,29,CAR,LS,16,0,0,0,0,0,0,0,0,0,0,0,0.0,1,0,1,0.0,0.0,0,
464,Tony Jerod-Eddie,25,SFO,DE,16,0,0,0,0,0,4,0,0,0,0,0,0.0,14,11,3,0.0,2.0,0,
465,Steven Johnson,27,TEN,LB,16,0,0,0,0,0,0,0,0,2,0,0,0.0,7,5,2,0.0,0.0,0,
466,Chris Jones,26,DAL,P,16,0,0,0,0,0,0,0,0,1,0,0,0.0,0,0,0,0.0,0.0,0,
467,Marquette King,27,OAK,P,16,0,0,0,0,0,0,0,1,1,0,0,0.0,0,0,0,0.0,0.0,0,
468,Karl Klug,27,TEN,DT,16,0,0,0,0,0,0,1,0,0,0,0,4.0,20,13,7,3.0,10.0,0,
469,Sam Koch,33,BAL,P,16,0,0,0,0,0,0,0,0,0,0,0,0.0,1,1,0,0.0,0.0,0,"PB,AP-2"
470,L.P. Ladouceur,34,DAL,DE,16,0,0,0,0,0,0,0,0,0,0,0,0.0,2,1,1,0.0,0.0,0,
471,Josh Lambo,25,SDG,K,16,0,0,0,0,0,0,0,0,0,0,0,0.0,3,3,0,0.0,0.0,0,
472,Mike Leach,39,ARI,LS,16,0,0,0,0,0,0,0,0,0,0,0,0.0,1,0,1,0.0,0.0,0,
473,Anthony Levine,28,BAL,DB,16,0,0,0,0,0,0,1,1,1,0,0,0.0,7,7,0,0.0,0.0,0,
474,Cameron Lynch,22,STL,LB,16,0,0,0,0,0,0,0,0,0,0,0,0.0,4,4,0,0.0,0.0,0,
475,Cassius Marsh,23,SEA,DE,16,0,0,0,0,0,0,0,0,0,0,0,0.0,28,20,8,5.0,0.0,0,
476,Sam Martin,25,DET,P,16,0,0,0,0,0,0,0,0,0,0,0,0.0,2,1,1,0.0,0.0,0,
477,Tim Masthay,28,GNB,P,16,0,0,0,0,0,0,0,0,0,0,0,0.0,3,2,1,0.0,0.0,0,
478,Pat McAfee,28,IND,P,16,0,0,0,0,0,0,0,0,0,0,0,0.0,1,1,0,0.0,0.0,0,
479,Danny McCray,27,DAL,DB,16,0,0,0,0,0,0,0,0,0,0,0,0.0,3,2,1,0.0,0.0,0,
480,Kevin McDermott,25,MIN,LS,16,0,0,0,0,0,0,0,0,0,0,0,0.0,1,1,0,0.0,0.0,0,
481,Jerick McKinnon,23,MIN,RB,16,0,0,0,0,0,0,0,0,0,0,0,0.0,3,2,1,0.0,0.0,0,
482,Brandon McManus,24,DEN,K,16,0,0,0,0,0,0,0,0,0,0,0,0.0,1,0,1,0.0,0.0,0,
483,Jake McQuaide,28,STL,LS,16,0,0,0,0,0,0,0,0,0,0,0,0.0,1,0,1,0.0,0.0,0,
484,Jamie Meder,24,CLE,DT,16,0,0,0,0,0,0,0,0,0,0,0,1.0,33,16,17,3.0,3.0,0,
485,Don Muhlbach,34,DET,LS,16,0,0,0,0,0,0,0,0,0,0,0,0.0,1,1,0,0.0,0.0,0,
486,Jason Myers,24,JAX,K,16,0,0,0,0,0,0,0,0,0,0,0,0.0,2,2,0,0.0,0.0,0,
487,Corey Nelson,23,DEN,LB,16,0,0,0,0,0,0,0,0,0,0,0,1.0,17,14,3,1.0,1.0,0,
488,Kyle Nelson,29,SFO,LS,16,0,0,0,0,0,0,0,0,0,0,0,0.0,5,4,1,0.0,0.0,0,
489,Mike Nugent,33,CIN,K,16,0,0,0,0,0,0,0,0,0,0,0,0.0,1,1,0,0.0,0.0,0,
490,Zach Orr,23,BAL,LB,16,0,0,0,0,0,1,0,0,0,0,0,1.0,22,19,3,2.0,2.0,0,
491,Matt Overton,30,IND,LS,16,0,0,0,0,0,0,0,0,0,0,0,0.0,4,3,1,0.0,0.0,0,
492,Cedric Peerman,29,CIN,RB,16,0,0,0,0,0,0,1,0,0,0,0,0.0,19,15,4,0.0,0.0,0,PB
493,Bradley Pinion,21,SFO,P,16,0,0,0,0,0,0,0,0,0,0,0,0.0,2,2,0,0.0,0.0,0,
494,Eddie Pleasant,27,HOU,DB,16,0,2,-1,0,0,6,0,0,1,0,0,0.5,36,24,12,0.0,1.0,0,
495,Tanner Purdum,29,NYJ,LS,16,0,0,0,0,0,0,0,0,0,0,0,0.0,1,1,0,0.0,0.0,0,
496,Bobby Rainey,28,TAM,RB,16,0,0,0,0,0,0,0,8,6,0,0,0.0,3,2,1,0.0,0.0,0,
497,Mychal Rivera,25,OAK,TE,16,0,0,0,0,0,0,0,2,1,0,0,0.0,0,0,0,0.0,0.0,0,
498,Jon Ryan,34,SEA,P,16,0,0,0,0,0,0,0,0,0,0,0,0.0,2,2,0,0.0,0.0,0,
499,Garrison Sanborn,30,BUF,LS,16,0,0,0,0,0,0,0,0,0,0,0,0.0,3,3,0,0.0,0.0,0,
500,Jamarca Sanford,30,NOR,DB,16,0,1,3,0,3,1,0,0,0,0,0,0.0,14,13,1,0.0,0.0,0,
501,Cairo Santos,24,KAN,K,16,0,0,0,0,0,0,0,0,0,0,0,0.0,1,1,0,0.0,0.0,0,
502,Colton Schmidt,25,BUF,P,16,0,0,0,0,0,0,0,1,1,-15,0,0.0,1,1,0,0.0,0.0,0,
503,Mike Scifres,35,SDG,P,16,0,0,0,0,0,0,0,0,0,0,0,0.0,1,1,0,0.0,0.0,0,
504,Marcus Sherels,28,MIN,DB,16,0,0,0,0,0,0,0,2,1,0,0,0.0,8,8,0,0.0,0.0,0,
505,Charles Sims,25,TAM,RB,16,0,0,0,0,0,0,0,2,0,0,0,0.0,0,0,0,0.0,0.0,0,
506,Matthew Slater,30,NWE,WR,16,0,0,0,0,0,0,0,0,0,0,0,0.0,17,14,3,0.0,0.0,0,PB
507,Antonio Smith,34,DEN,DE,16,0,0,0,0,0,2,0,0,0,0,0,2.5,9,7,2,3.0,8.0,0,
508,Derron Smith,23,CIN,DB,16,0,0,0,0,0,0,0,0,0,0,0,0.0,4,0,4,0.0,0.0,0,
509,Daniel Sorensen,25,KAN,DB,16,0,0,0,0,0,2,0,0,0,0,0,1.0,23,20,3,4.0,3.0,0,
510,Nick Sundberg,28,WAS,LS,16,0,0,0,0,0,0,0,0,0,0,0,0.0,3,2,1,0.0,0.0,0,
511,Brandon Tate,28,CIN,WR,16,0,0,0,0,0,0,0,1,1,0,0,0.0,1,0,1,0.0,0.0,0,
512,Stepfan Taylor,24,ARI,RB,16,0,0,0,0,0,0,1,0,0,0,0,0.0,7,6,1,0.0,0.0,0,
513,Carson Tinker,26,JAX,LS,16,0,0,0,0,0,0,0,0,0,0,0,0.0,6,6,0,0.0,0.0,0,
514,Justin Tucker,26,BAL,K,16,0,0,0,0,0,0,0,0,0,0,0,0.0,1,1,0,0.0,0.0,0,
515,Shane Vereen,26,NYG,RB,16,0,0,0,0,0,0,0,1,0,0,0,0.0,0,0,0,0.0,0.0,0,
516,Tress Way,25,WAS,P,16,0,0,0,0,0,0,0,0,0,0,0,0.0,1,1,0,0.0,0.0,0,
517,Joe Webb,29,CAR,WR,16,0,0,0,0,0,0,0,0,1,14,0,0.0,8,7,1,0.0,1.0,0,
518,Jon Weeks,29,HOU,LS,16,0,0,0,0,0,0,0,0,1,0,0,0.0,8,6,2,0.0,0.0,0,PB
519,Eric Weems,30,ATL,WR,16,0,0,0,0,0,0,0,0,0,0,0,0.0,8,7,1,0.0,0.0,0,
520,Andre Williams,23,NYG,RB,16,0,0,0,0,0,0,0,0,0,0,0,0.0,2,2,0,0.0,0.0,0,
521,Damien Williams,23,MIA,RB,16,0,0,0,0,0,0,0,2,1,0,0,0.0,4,2,2,0.0,0.0,0,
522,Teddy Williams,27,CAR,DB,16,0,0,0,0,0,1,1,0,0,0,0,0.0,13,11,2,1.0,0.0,0,
523,Vince Williams,26,PIT,LB,16,0,0,0,0,0,1,0,0,2,0,0,0.5,46,34,12,2.0,1.0,0,
524,Damien Wilson,22,DAL,LB,16,0,0,0,0,0,0,0,0,0,0,0,0.0,15,10,5,2.0,0.0,0,
525,Mike Windt,29,SDG,LS,16,0,0,0,0,0,0,0,0,1,0,0,0.0,3,3,0,0.0,0.0,0,
526,Brad Wing,24,NYG,P,16,0,0,0,0,0,0,0,0,2,0,0,0.0,1,1,0,0.0,0.0,0,
527,Robert Alford,27,ATL,LCB,15,15,2,76,1,59,15,0,0,1,0,0,0.0,53,45,8,1.0,0.0,0,
528,Odell Beckham Jr.,23,NYG,WR,15,15,0,0,0,0,0,0,2,0,0,0,0.0,0,0,0,0.0,0.0,0,"PB,AP-2"
529,Drew Brees,36,NOR,QB,15,15,0,0,0,0,0,0,5,2,0,0,0.0,0,0,0,0.0,0.0,0,
530,Tramaine Brock,27,SFO,LCB,15,15,3,26,0,26,11,0,0,0,0,0,0.0,53,45,8,2.0,0.0,0,
531,Barry Church,27,DAL,SS,15,15,0,0,0,0,0,1,0,0,0,0,0.0,117,78,39,2.0,1.0,0,
532,Kurt Coleman,27,CAR,FS,15,15,7,89,1,36,9,0,0,0,0,0,1.0,90,55,35,5.0,2.0,0,PB
533,Antonio Cromartie,31,NYJ,LCB,15,15,0,0,0,0,12,0,0,1,0,0,0.0,29,26,3,2.0,0.0,0,
534,Jay Cutler,32,CHI,QB,15,15,0,0,0,0,0,0,8,2,-8,0,0.0,0,0,0,0.0,0.0,0,
535,Ronald Darby,21,BUF,LCB,15,15,2,48,0,27,21,0,0,0,0,0,0.0,68,61,7,3.0,0.0,0,AP DRoY-2
536,Marcell Dareus,25,BUF,RDT,15,15,0,0,0,0,0,0,0,0,0,0,2.0,51,38,13,5.0,5.0,0,
537,Quinton Dial,25,SFO,RDE,15,15,0,0,0,0,1,0,0,0,0,0,2.5,59,32,27,4.0,7.0,0,
538,Ereck Flowers,21,NYG,LT,15,15,0,0,0,0,0,0,0,1,0,0,0.0,0,0,0,0.0,0.0,0,
539,Dashon Goldson,31,WAS,FS,15,15,1,35,1,35,3,1,0,2,14,0,0.0,110,71,39,1.0,1.0,0,
540,Everson Griffen,28,MIN,RDE,15,15,0,0,0,0,4,1,0,0,0,0,10.5,44,34,10,14.0,30.0,0,PB
541,Brent Grimes,32,MIA,LCB,15,15,4,20,0,17,14,0,0,0,0,0,0.0,49,42,7,1.0,0.0,0,PB
542,Rob Gronkowski,26,NWE,TE,15,15,0,0,0,0,0,0,0,1,0,0,0.0,0,0,0,0.0,0.0,0,"PB,AP-1"
543,Allen Hurns,24,JAX,WR,15,15,0,0,0,0,0,0,2,1,0,0,0.0,0,0,0,0.0,0.0,0,
544,Jackrabbit Jenkins,27,STL,RCB,15,15,3,0,0,0,15,1,0,0,0,0,0.0,64,56,8,1.0,0.0,0,
545,Jarvis Jenkins,27,CHI,RDE,15,15,0,0,0,0,1,0,0,0,0,0,4.0,32,22,10,3.0,11.0,0,
546,Chandler Jones,25,NWE,RDE,15,15,1,0,0,0,2,4,0,0,0,0,12.5,44,31,13,11.0,18.0,0,PB
547,Jarvis Jones,26,PIT,ROLB,15,15,1,5,0,5,2,1,0,2,0,0,2.0,29,15,14,1.0,5.0,0,
548,Jason Jones,29,DET,LDE,15,15,0,0,0,0,1,1,0,0,0,0,4.5,31,27,4,7.0,11.0,0,
549,Terrance Knighton,29,WAS,NT,15,15,0,0,0,0,0,0,0,0,0,0,1.5,29,17,12,5.0,4.0,0,
550,T.J. Lang,28,GNB,RG,15,15,0,0,0,0,0,0,0,1,0,0,0.0,0,0,0,0.0,0.0,0,
551,Kendrick Lewis,27,BAL,FS,15,15,0,0,0,0,5,1,0,0,0,0,0.0,61,38,23,5.0,2.0,0,
552,Jeremy Maclin,27,KAN,WR,15,15,0,0,0,0,0,0,2,0,0,0,0.0,0,0,0,0.0,0.0,0,
553,Gerald McCoy,27,TAM,LDT,15,15,0,0,0,0,1,0,0,0,0,0,8.5,34,26,8,8.0,17.0,0,PB
554,Brandon Mebane,30,SEA,RDT,15,15,0,0,0,0,0,0,0,0,0,0,1.5,24,14,10,2.0,5.0,0,
555,Heath Miller,33,PIT,TE,15,15,0,0,0,0,0,0,0,1,0,0,0.0,0,0,0,0.0,0.0,0,
556,Jermey Parnell,29,JAX,RT,15,15,0,0,0,0,0,0,0,1,0,0,0.0,0,0,0,0.0,0.0,0,
557,B.J. Raji,29,GNB,NT,15,15,0,0,0,0,2,0,0,0,0,0,0.5,22,13,9,2.0,3.0,0,
558,Dominique Rodgers-Cromartie,29,NYG,RCB,15,15,3,72,1,58,13,2,0,1,57,1,0.0,58,52,6,2.0,0.0,0,PB
559,Emmanuel Sanders,28,DEN,WR,15,15,0,0,0,0,0,0,2,0,0,0,0.0,0,0,0,0.0,0.0,0,
560,Lyle Sendlein,31,ARI,C,15,15,0,0,0,0,0,0,0,2,0,0,0.0,0,0,0,,,0,
561,Randy Starks,32,CLE,LDT,15,15,0,0,0,0,0,0,0,1,0,0,1.0,29,14,15,5.0,5.0,0,
562,Aqib Talib,29,DEN,LCB,15,15,3,123,2,63,13,0,0,0,0,0,0.0,45,39,6,1.0,0.0,0,PB
563,Danny Trevathan,25,DEN,RILB,15,15,2,39,1,25,6,0,0,0,0,0,0.0,109,73,36,3.0,2.0,0,
564,Bobby Wagner,25,SEA,MLB,15,15,0,0,0,0,7,2,0,3,45,2,0.5,114,67,47,2.0,4.0,0,"PB,AP-2"
565,Erik Walden,30,IND,RDE,15,15,0,0,0,0,0,1,0,0,0,0,3.0,42,28,14,9.0,12.0,0,
566,Lardarius Webb,30,BAL,LCB,15,15,1,3,0,3,11,0,0,0,0,0,0.0,54,48,6,2.0,0.0,0,
567,Mario Williams,30,BUF,LDE,15,15,0,0,0,0,0,0,0,0,0,0,5.0,19,15,4,7.0,11.0,0,
568,Sylvester Williams,27,DEN,NT,15,15,0,0,0,0,0,0,0,0,0,0,2.5,25,18,7,4.0,4.0,0,
569,Tramon Williams,32,CLE,RCB,15,15,1,2,0,2,10,0,0,0,0,0,0.0,69,55,14,1.0,1.0,0,
570,Avery Williamson,23,TEN,RILB,15,15,1,0,0,0,1,0,0,0,0,0,3.5,102,63,39,5.0,6.0,0,
571,Paul Worrilow,25,ATL,LILB,15,15,2,22,0,11,4,1,0,1,0,0,0.0,95,67,28,5.0,4.0,0,
572,Ricardo Allen,24,ATL,SS,15,14,3,13,0,13,5,0,0,1,0,0,1.0,69,60,9,0.0,1.0,0,
573,Bashaud Breeland,23,WAS,LCB,15,14,2,56,0,28,16,3,0,2,-1,0,0.0,81,59,22,5.0,0.0,0,
574,T.J. Carrie,25,OAK,FS/RCB,15,14,1,2,0,2,9,1,0,0,0,0,0.0,52,42,10,0.0,0.0,0,
575,Patrick Chung,28,NWE,SS,15,14,0,0,0,0,9,1,0,0,0,0,0.0,85,52,33,2.0,0.0,0,
576,Mike Evans,22,TAM,WR,15,14,0,0,0,0,0,0,1,0,0,0,0.0,0,0,0,0.0,0.0,0,
577,Michael Griffin,30,TEN,FS,15,14,1,29,0,29,3,0,0,0,0,0,1.0,101,66,35,4.0,1.0,0,
578,Tamba Hali,32,KAN,ROLB,15,14,0,0,0,0,1,2,0,0,0,0,6.5,48,39,9,11.0,18.0,0,PB
579,Jason Hatcher,33,WAS,RDE,15,14,0,0,0,0,1,1,0,0,0,0,2.0,20,16,4,5.0,13.0,0,
580,Joe Hawley,27,TAM,C,15,14,0,0,0,0,0,0,2,1,-12,0,0.0,0,0,0,0.0,0.0,0,
581,Chris Ivory,27,NYJ,RB,15,14,0,0,0,0,0,0,4,0,0,0,0.0,0,0,0,0.0,0.0,0,PB
582,Rey Maualuga,28,CIN,MLB,15,14,1,15,0,15,3,0,0,1,0,0,0.0,75,43,32,1.0,1.0,0,
583,Kenneth Acker,23,SFO,RCB,15,13,3,45,0,45,8,0,0,0,0,0,0.0,65,55,10,2.0,0.0,0,
584,Eric Decker,28,NYJ,WR,15,13,0,0,0,0,0,0,1,0,0,0,0.0,0,0,0,0.0,0.0,0,
585,Malcom Floyd,34,SDG,WR,15,13,0,0,0,0,0,0,1,0,0,0,0.0,0,0,0,0.0,0.0,0,
586,Devonta Freeman,23,ATL,RB,15,13,0,0,0,0,0,0,3,2,0,0,0.0,0,0,0,0.0,0.0,0,"PB,AP-2"
587,Christian Jones,24,CHI,RILB,15,13,0,0,0,0,4,0,0,1,0,0,0.0,86,62,24,2.0,3.0,0,
588,Dontari Poe,25,KAN,NT,15,13,0,0,0,0,0,1,0,1,0,0,1.0,39,29,10,3.0,3.0,0,
589,Da'Norris Searcy,27,TEN,SS,15,13,1,5,0,5,4,0,0,0,0,0,0.5,55,42,13,0.0,1.0,0,
590,Darian Stewart,27,DEN,FS,15,13,1,0,0,0,10,1,0,2,0,0,0.0,63,48,15,2.0,1.0,0,
591,Jared Allen,33,2TM,RDE,15,15,1,2,0,2,3,0,0,0,0,0,2.0,32,19,13,4.0,16.0,0,
591,Jared Allen,33,CHI,DE,3,3,1,2,0,2,1,0,0,0,0,0,0.0,5,4,1,0.0,3.0,0,
591,Jared Allen,33,CAR,RDE,12,12,0,0,0,0,2,0,0,0,0,0,2.0,27,15,12,4.0,13.0,0,
592,Jeremiah Attaochu,22,SDG,ROLB,15,12,0,0,0,0,1,1,0,0,0,0,6.0,55,44,11,15.0,17.0,0,
593,Eddie Goldman,21,CHI,NT,15,12,0,0,0,0,0,0,0,0,0,0,4.5,22,16,6,5.0,6.0,0,
594,Bruce Irvin,28,SEA,LLB,15,12,0,0,0,0,2,1,0,1,1,0,5.5,38,22,16,8.0,14.0,0,
595,Eddie Lacy,25,GNB,RB,15,12,0,0,0,0,0,0,4,1,0,0,0.0,0,0,0,0.0,0.0,0,
596,John Brown,25,ARI,WR,15,11,0,0,0,0,0,0,1,0,0,0,0.0,0,0,0,0.0,0.0,0,
597,Jason Fox,27,MIA,RT,15,11,0,0,0,0,0,0,0,1,0,0,0.0,0,0,0,0.0,0.0,0,
598,Nate Orchard,22,CLE,ROLB,15,11,1,46,0,46,4,1,0,0,0,0,3.0,36,24,12,4.0,4.0,0,
599,Bobby Richardson,23,NOR,LDE,15,11,1,13,0,13,1,0,0,0,0,0,0.5,40,20,20,4.0,1.0,0,
600,Will Blackmon,31,WAS,RCB,15,10,2,7,0,6,8,3,0,2,0,0,1.0,49,38,11,0.0,1.0,0,
601,Hau'oli Kikaha,23,NOR,RLB,15,10,0,0,0,0,2,4,0,1,0,0,4.0,52,33,19,2.0,5.0,0,
602,Robert Mathis,34,IND,RLB,15,10,0,0,0,0,0,1,0,1,0,1,7.0,20,15,5,7.0,14.0,0,
603,Jasper Brinkley,30,NYG,MLB,15,9,0,0,0,0,0,4,0,1,0,0,1.0,67,49,18,5.0,1.0,0,
604,Rhett Ellison,27,MIN,TE,15,9,0,0,0,0,0,0,0,0,0,0,0.0,2,2,0,0.0,0.0,0,
605,Nevin Lawson,24,DET,RCB,15,9,0,0,0,0,7,0,0,0,0,0,0.0,47,42,5,0.0,0.0,0,
606,Damarious Randall,23,GNB,LCB,15,9,3,47,1,43,14,0,0,0,0,0,0.0,58,53,5,1.0,0.0,0,
607,Charcandrick West,24,KAN,RB,15,9,0,0,0,0,0,0,1,0,0,0,0.0,3,3,0,0.0,0.0,0,
608,Michael Williams,25,NWE,TE,15,9,0,0,0,0,0,0,0,0,0,0,0.0,1,1,0,0.0,0.0,0,
609,James Ihedigbo,32,DET,SS,15,8,1,0,0,0,2,3,0,0,0,0,1.0,63,47,16,3.0,2.0,0,
610,DeMarco Murray,27,PHI,RB,15,8,0,0,0,0,0,0,2,0,0,0,0.0,0,0,0,0.0,0.0,0,
611,Bacarri Rambo,25,BUF,FS,15,8,1,0,0,0,6,2,0,1,0,0,1.0,62,46,16,2.0,4.0,0,
612,Willie Snead,23,NOR,WR,15,8,0,0,0,0,0,0,2,2,0,0,0.0,0,0,0,0.0,0.0,0,
613,Jaquiski Tartt,23,SFO,SS,15,8,1,25,0,25,3,1,0,0,0,0,2.0,65,52,13,3.0,2.0,0,
614,Willie Young,30,CHI,LILB,15,8,1,39,0,39,2,0,0,0,0,0,6.5,30,24,6,11.0,15.0,0,
615,Sam Acho,27,CHI,LOLB,15,7,0,0,0,0,1,1,0,1,0,0,0.0,39,30,9,1.0,2.0,0,
616,Jonathan Casillas,28,NYG,RLB,15,7,1,0,0,0,5,0,0,0,0,0,2.0,88,67,21,5.0,2.0,0,
617,Ross Cockrell,24,PIT,DB,15,7,2,62,0,37,11,1,0,1,0,0,0.0,44,34,10,0.0,0.0,0,
618,Zach Ertz,25,PHI,TE,15,7,0,0,0,0,0,1,1,0,0,0,0.0,0,0,0,0.0,0.0,0,
619,Micah Hyde,24,GNB,SS,15,7,3,36,0,34,6,0,1,2,0,0,1.0,55,51,4,1.0,1.0,0,
620,Marcel Reece,30,OAK,RB,15,7,0,0,0,0,0,0,0,0,0,0,0.0,2,2,0,0.0,0.0,0,
621,Kerry Wynn,24,NYG,LDE,15,7,0,0,0,0,2,0,0,1,0,0,0.0,53,33,20,5.0,2.0,0,
622,C.J. Anderson,24,DEN,RB,15,6,0,0,0,0,0,0,2,0,0,0,0.0,0,0,0,0.0,0.0,0,
623,Jeff Cumberland,28,NYJ,TE,15,6,0,0,0,0,0,0,0,0,0,0,0.0,2,2,0,0.0,0.0,0,
624,Markus Golden,24,ARI,ROLB,15,6,0,0,0,0,0,2,0,0,0,0,4.0,30,20,10,4.0,12.0,0,
625,Dwayne Harris,28,NYG,WR,15,6,0,0,0,0,0,0,3,2,0,0,0.0,2,2,0,0.0,0.0,0,
626,Timmy Jernigan,23,BAL,LDE,15,6,0,0,0,0,0,0,0,0,0,0,4.0,37,18,19,4.0,14.0,0,
627,A.J. Klein,24,CAR,MLB,15,6,1,8,0,8,1,1,0,0,0,0,1.0,55,39,16,7.0,2.0,0,
628,Kyle Arrington,29,BAL,DB,15,4,0,0,0,0,3,1,0,0,0,0,0.0,28,22,6,0.0,1.0,0,
629,Sergio Brown,27,JAX,DB,15,4,0,0,0,0,2,0,0,0,0,0,1.5,38,31,7,2.0,2.0,0,
630,Craig Dahl,30,NYG,DB,15,4,0,0,0,0,4,1,0,0,0,0,1.0,59,46,13,1.0,1.0,0,
631,Kendall Lamm,23,HOU,T,15,4,0,0,0,0,0,0,0,1,0,0,0.0,0,0,0,0.0,0.0,0,
632,Travis Lewis,27,DET,LB,15,4,0,0,0,0,0,0,0,0,0,0,1.0,21,18,3,2.0,1.0,0,
633,Roosevelt Nix,23,PIT,RB,15,4,0,0,0,0,0,1,0,0,0,0,0.0,9,7,2,0.0,0.0,0,
634,Jordan Phillips,23,MIA,DT,15,4,0,0,0,0,4,0,0,0,0,0,2.0,19,14,5,2.0,5.0,0,
635,Sean Spence,25,PIT,LB,15,4,0,0,0,0,0,0,0,0,0,0,1.0,37,29,8,4.0,1.0,0,
636,Vance Walker,28,DEN,DT,15,4,0,0,0,0,0,0,0,0,0,0,2.0,33,23,10,3.0,3.0,0,
637,Kyle Wilson,28,NOR,DB,15,4,1,20,0,20,4,0,0,1,4,0,0.0,27,25,2,1.0,2.0,0,
638,Alan Ball,30,CHI,DB,15,3,0,0,0,0,3,0,0,0,0,0,0.0,18,13,5,0.0,0.0,0,
639,Kyle Emanuel,24,SDG,LB,15,3,1,0,0,0,1,0,0,0,0,0,1.0,25,16,9,3.0,2.0,0,
640,Clay Harbor,28,JAX,TE,15,3,0,0,0,0,0,0,0,0,0,0,0.0,3,3,0,0.0,0.0,0,
641,Ben Heeney,23,OAK,LB,15,3,0,0,0,0,1,1,0,0,0,0,2.5,38,31,7,5.0,3.0,0,
642,Colin Jones,28,CAR,DB,15,3,1,0,0,0,1,0,0,0,0,0,0.0,21,16,5,1.0,1.0,0,
643,Ray-Ray Armstrong,24,2TM,DB,15,2,0,0,0,0,0,0,0,1,0,0,1.0,24,21,3,2.0,3.0,0,
643,Ray-Ray Armstrong,24,OAK,DB,10,2,0,0,0,0,0,0,0,1,0,0,1.0,21,18,3,2.0,3.0,0,
643,Ray-Ray Armstrong,24,SFO,DB,5,0,0,0,0,0,0,0,0,0,0,0,0.0,3,3,0,0.0,0.0,0,
644,Brandon Bolden,25,NWE,RB,15,2,0,0,0,0,0,0,0,0,0,0,0.0,3,2,1,1.0,0.0,0,
645,A.J. Bouye,24,HOU,DB,15,2,2,9,0,9,6,0,0,0,0,0,0.0,16,15,1,0.0,0.0,0,
646,Clayton Geathers,23,IND,DB,15,2,0,0,0,0,1,0,0,1,29,0,0.0,34,27,7,0.0,3.0,0,
647,Grady Jarrett,22,ATL,DT,15,2,0,0,0,0,0,0,0,0,0,0,1.0,24,13,11,4.0,2.0,0,
648,Kyle Love,29,CAR,DT,15,2,0,0,0,0,0,0,0,1,0,0,3.0,19,10,9,6.0,6.0,0,
649,Chris Maragos,28,PHI,DB,15,2,0,0,0,0,0,0,0,0,0,0,0.0,18,12,6,0.0,0.0,0,
650,Chris Polk,26,HOU,RB,15,2,0,0,0,0,0,0,0,0,0,0,0.0,1,1,0,0.0,0.0,0,
651,Ed Stinson,25,ARI,DE,15,2,0,0,0,0,0,0,0,0,0,0,1.0,11,10,1,4.0,3.0,0,
652,Devin Street,24,DAL,WR,15,2,0,0,0,0,0,0,1,0,0,0,0.0,0,0,0,0.0,0.0,0,
653,A.J. Tarpley,23,BUF,LB,15,2,2,40,0,37,2,1,0,0,0,0,1.0,8,5,3,0.0,1.0,0,
654,Stephen Bowen,31,NYJ,DE,15,1,0,0,0,0,0,0,0,0,0,0,0.0,8,4,4,3.0,0.0,0,
655,Ibraheim Campbell,23,CLE,DB,15,1,0,0,0,0,0,0,0,0,0,0,0.0,16,13,3,0.0,0.0,0,
656,James Harrison,37,PIT,LB,15,1,1,6,0,6,4,2,0,0,0,0,5.0,40,27,13,8.0,15.0,0,
657,LaRoy Reynolds,25,2TM,LB,15,1,0,0,0,0,0,0,0,0,0,0,0.0,18,17,1,2.0,0.0,0,
657,LaRoy Reynolds,25,JAX,LB,2,0,0,0,0,0,0,0,0,0,0,0,0.0,2,2,0,0.0,0.0,0,
657,LaRoy Reynolds,25,CHI,LB,13,1,0,0,0,0,0,0,0,0,0,0,0.0,16,15,1,2.0,0.0,0,
658,Josh Shaw,23,CIN,DB,15,1,0,0,0,0,1,0,0,0,0,0,0.0,23,17,6,0.0,0.0,0,
659,Juwan Thompson,23,DEN,RB,15,1,0,0,0,0,0,0,0,0,0,0,0.0,1,0,1,0.0,0.0,0,
660,Trae Waynes,23,MIN,DB,15,1,0,0,0,0,4,0,0,0,0,0,0.0,30,26,4,0.0,0.0,0,
661,Lucky Whitehead,23,DAL,WR,15,1,0,0,0,0,0,0,1,0,0,0,0.0,0,0,0,,,0,
662,Fozzy Whittaker,26,CAR,RB,15,1,0,0,0,0,0,0,0,0,0,0,0.0,3,1,2,0.0,0.0,0,
663,Daren Bates,25,STL,LB,15,0,0,0,0,0,1,0,0,1,0,0,0.0,10,7,3,0.0,0.0,0,
664,Frank Clark,22,SEA,DE,15,0,0,0,0,0,2,1,0,0,0,0,3.0,16,15,1,4.0,6.0,0,
665,Christian Covington,22,HOU,DT,15,0,0,0,0,0,0,0,0,0,0,0,2.0,8,5,3,4.0,4.0,0,
666,Nate Ebner,27,NWE,DB,15,0,0,0,0,0,0,0,0,0,0,0,0.0,13,10,3,0.0,1.0,0,
667,Nick Fairley,27,STL,DT,15,0,0,0,0,0,1,0,0,1,-5,0,0.5,29,18,11,1.0,7.0,0,
668,Terrence Fede,24,MIA,DE,15,0,0,0,0,0,0,0,0,0,0,0,0.0,16,9,7,0.0,1.0,0,
669,Jeremiah George,23,TAM,LB,15,0,0,0,0,0,0,0,0,0,0,0,0.0,7,4,3,0.0,0.0,0,
670,Kedric Golston,32,WAS,DT,15,0,0,0,0,0,0,0,0,0,0,0,0.0,10,0,10,2.0,5.0,0,
671,Dustin Hopkins,25,WAS,K,15,0,0,0,0,0,0,0,0,0,0,0,0.0,2,2,0,0.0,0.0,0,
672,Abry Jones,24,JAX,DT,15,0,0,0,0,0,2,1,0,1,0,0,2.0,17,8,9,3.0,3.0,0,
673,Datone Jones,25,GNB,DE,15,0,0,0,0,0,3,0,0,0,0,0,3.0,20,14,6,7.0,12.0,0,
674,Jamari Lattimore,27,NYJ,LB,15,0,0,0,0,0,0,0,0,0,0,0,0.0,13,9,4,1.0,0.0,0,
675,Lorenzo Mauldin,23,NYJ,LB,15,0,0,0,0,0,0,0,0,1,0,0,4.0,17,13,4,3.0,12.0,0,
676,Trumaine McBride,30,NYG,DB,15,0,3,84,1,63,4,1,0,0,0,0,0.0,26,23,3,1.0,0.0,0,
677,Pat O'Donnell,24,CHI,P,15,0,0,0,0,0,0,0,0,0,0,0,0.0,1,1,0,0.0,0.0,0,
678,Trevor Reilly,27,NYJ,LB,15,0,0,0,0,0,0,1,0,0,0,0,1.0,16,11,5,0.0,1.0,0,
679,Aaron Ripkowski,23,GNB,RB,15,0,0,0,0,0,0,0,0,0,0,0,0.0,7,6,1,0.0,0.0,0,
680,Shayne Skov,25,SFO,LB,15,0,0,0,0,0,0,0,0,0,0,0,0.0,4,4,0,0.0,0.0,0,
681,Za'Darius Smith,23,BAL,DE,15,0,0,0,0,0,1,0,0,0,0,0,5.5,30,20,10,7.0,7.0,0,
682,Devin Taylor,26,DET,DE,15,0,0,0,0,0,1,1,0,0,0,0,7.0,35,28,7,9.0,12.0,0,
683,Shamarko Thomas,24,PIT,DB,15,0,0,0,0,0,0,0,0,1,0,0,0.0,12,10,2,1.0,0.0,0,
684,Peyton Thompson,25,JAX,DB,15,0,0,0,0,0,1,0,0,0,0,0,0.5,13,10,3,0.0,1.0,0,
685,Kyle Van Noy,24,DET,LB,15,0,0,0,0,0,0,0,0,0,0,0,1.0,10,8,2,2.0,1.0,0,
686,Kayvon Webster,24,DEN,DB,15,0,0,0,0,0,2,0,0,0,0,0,0.0,11,10,1,0.0,0.0,0,
687,Anthony Barr,23,MIN,RLB,14,14,1,32,0,32,7,3,0,0,0,0,3.5,68,54,14,4.0,8.0,0,PB
688,Sam Bradford,28,PHI,QB,14,14,0,0,0,0,0,0,10,4,-35,0,0.0,0,0,0,0.0,0.0,0,
689,Ahmad Brooks,31,SFO,LOLB,14,14,0,0,0,0,1,0,0,1,8,0,6.5,42,28,14,6.0,10.0,0,
690,Desmond Bryant,30,CLE,LDE,14,14,0,0,0,0,0,1,0,0,0,0,6.0,33,24,9,7.0,16.0,0,
691,Johnathan Cyprien,25,JAX,SS,14,14,1,48,0,48,2,1,0,1,0,0,0.0,108,78,30,1.0,0.0,0,
692,Rashad Johnson,29,ARI,SS,14,14,5,14,0,11,7,0,0,1,4,0,0.0,61,50,11,2.0,1.0,0,
693,Adam Jones,32,CIN,RCB,14,14,3,14,0,14,12,1,0,0,0,0,1.0,62,53,9,1.0,0.0,0,PB
694,Sean Lee,29,DAL,RLB,14,14,1,0,0,0,5,0,0,0,0,0,2.5,128,76,52,11.0,3.0,0,PB
695,Bennie Logan,26,PHI,NT,14,14,0,0,0,0,0,0,0,0,0,0,1.0,55,39,16,9.0,2.0,0,
696,Star Lotulelei,26,CAR,LDT,14,14,0,0,0,0,2,1,0,1,0,0,1.0,22,13,9,4.0,5.0,0,
697,Bobby Massie,26,ARI,RT,14,14,0,0,0,0,0,0,0,2,0,0,0.0,0,0,0,0.0,0.0,0,
698,Tyrann Mathieu,23,ARI,FS,14,14,5,92,1,33,17,1,0,0,0,0,1.0,89,80,9,11.0,3.0,0,"PB,AP-1"
699,Josh Mauga,28,KAN,RILB,14,14,2,70,0,66,3,0,0,0,0,0,1.0,58,46,12,4.0,1.0,0,
700,Byron Maxwell,27,PHI,LCB,14,14,2,22,0,22,10,2,0,1,2,0,0.0,64,53,11,0.0,0.0,0,
701,Devin McCourty,28,NWE,FS,14,14,1,27,0,27,5,0,0,0,0,0,1.0,64,51,13,1.0,1.0,0,
702,Haloti Ngata,31,DET,RDT,14,14,0,0,0,0,3,0,0,0,0,0,2.5,24,15,9,6.0,8.0,0,
703,Michael Person,27,ATL,C,14,14,0,0,0,0,0,0,4,0,-14,0,0.0,0,0,0,,,0,
704,Paul Posluszny,31,JAX,MLB,14,14,3,25,0,19,6,0,1,0,0,0,1.0,133,103,30,13.0,7.0,0,
705,Mike Pouncey,26,MIA,C,14,14,0,0,0,0,0,0,1,1,0,0,0.0,0,0,0,0.0,0.0,0,PB
706,Darrelle Revis,30,NYJ,RCB,14,14,5,48,0,24,9,0,0,4,18,0,0.0,39,30,9,0.0,0.0,0,PB
707,Telvin Smith,24,JAX,LLB,14,14,1,26,1,26,7,2,0,0,0,0,2.5,128,99,29,13.0,3.0,0,
708,Tyrod Taylor,26,BUF,QB,14,14,0,0,0,0,0,0,9,3,0,0,0.0,0,0,0,0.0,0.0,0,PB
709,Stephon Tuitt,22,PIT,RDE,14,14,1,3,0,3,1,0,0,0,0,0,6.5,54,39,15,8.0,12.0,0,
710,Donte Whitner,30,CLE,SS,14,14,0,0,0,0,4,1,0,0,0,0,1.5,81,58,23,4.0,2.0,0,
711,Anquan Boldin,35,SFO,WR,14,13,0,0,0,0,0,0,1,0,0,0,0.0,0,0,0,0.0,0.0,0,
712,Chris Conte,26,TAM,SS,14,13,2,-4,0,-2,6,2,0,0,0,0,0.0,79,59,20,6.0,0.0,0,
713,Quintin Demps,30,HOU,SS,14,13,1,0,0,0,6,1,0,2,33,1,0.5,61,35,26,1.0,1.0,0,
714,Trumaine Johnson,25,STL,LCB,14,13,7,136,1,58,17,0,0,1,0,0,0.0,71,58,13,1.0,0.0,0,
715,Aaron Lynch,22,SFO,ROLB,14,13,0,0,0,0,3,0,0,0,0,0,6.5,38,30,8,13.0,21.0,0,
716,Tracy Porter,29,CHI,LCB,14,13,1,2,0,2,12,1,0,0,0,0,0.0,35,34,1,0.0,0.0,0,
717,DeMeco Ryans,31,PHI,LILB,14,13,1,0,0,0,5,1,0,1,0,0,0.0,49,32,17,0.0,1.0,0,
718,Luke Stocker,27,TAM,TE,14,13,0,0,0,0,0,0,0,1,1,0,0.0,0,0,0,0.0,0.0,0,
719,Jason Verrett,24,SDG,RCB,14,13,3,68,1,68,12,0,0,0,0,0,0.0,47,42,5,2.0,1.0,0,PB
720,Harry Douglas,31,TEN,WR,14,12,0,0,0,0,0,0,2,1,0,0,0.0,0,0,0,0.0,0.0,0,
721,Melvin Gordon,22,SDG,RB,14,12,0,0,0,0,0,0,6,0,0,0,0.0,0,0,0,0.0,0.0,0,
722,John Jenkins,26,NOR,LDT,14,12,0,0,0,0,1,1,0,1,0,0,0.5,49,23,26,1.0,2.0,0,
723,Pernell McPhee,27,CHI,ROLB,14,12,1,13,0,13,3,1,0,0,0,0,6.0,53,42,11,9.0,18.0,0,
724,Caraun Reid,24,DET,LDT,14,12,0,0,0,0,0,0,0,1,27,1,2.0,29,23,6,7.0,5.0,0,
725,Albert Wilson,23,KAN,WR,14,12,0,0,0,0,0,0,0,1,0,0,0.0,1,1,0,0.0,0.0,0,
726,Eric Kendricks,23,MIN,MLB,14,11,0,0,0,0,1,0,0,0,0,0,4.0,92,72,20,8.0,8.0,0,
727,Brice McCain,29,MIA,RCB,14,11,1,0,0,0,10,0,0,0,0,0,0.0,39,31,8,0.0,0.0,0,
728,Vance McDonald,25,SFO,TE,14,11,0,0,0,0,0,0,2,1,0,0,0.0,4,4,0,0.0,0.0,0,
729,Benardrick McKinney,23,HOU,RILB,14,11,0,0,0,0,0,0,0,0,0,0,1.0,63,37,26,7.0,2.0,0,
730,Antonio Andrews,23,TEN,RB,14,10,0,0,0,0,0,0,1,0,0,0,0.0,0,0,0,0.0,0.0,0,
731,Mario Edwards,21,OAK,LDE/RDE,14,10,0,0,0,0,2,1,0,0,0,0,2.0,42,33,9,3.0,6.0,0,
732,Paul Soliai,32,ATL,RDE,14,10,0,0,0,0,0,0,0,1,0,0,0.0,22,17,5,3.0,5.0,0,
733,Shaq Thompson,21,CAR,LLB,14,10,0,0,0,0,2,0,0,0,0,0,1.0,50,32,18,4.0,2.0,0,
734,Denzel Perryman,23,SDG,RILB,14,9,0,0,0,0,0,1,0,0,0,0,2.0,73,64,9,8.0,3.0,0,
735,Al Woods,28,TEN,NT,14,9,0,0,0,0,0,0,0,0,0,0,0.0,22,14,8,3.0,1.0,0,
736,Robert Woods,23,BUF,WR,14,9,0,0,0,0,0,0,2,0,0,0,0.0,3,3,0,0.0,0.0,0,
737,Denico Autry,25,OAK,LDE,14,8,0,0,0,0,3,0,0,0,0,0,3.0,22,20,2,6.0,7.0,1,
738,Lance Moore,32,DET,WR,14,8,0,0,0,0,0,0,1,0,0,0,0.0,0,0,0,0.0,0.0,0,
739,Jordan Reed,25,WAS,TE,14,8,0,0,0,0,0,0,3,0,0,0,0.0,0,0,0,0.0,0.0,0,
740,Danny Amendola,30,NWE,WR,14,7,0,0,0,0,0,0,1,0,0,0,0.0,0,0,0,,,0,
741,Johnthan Banks,26,TAM,RCB,14,7,0,0,0,0,1,0,0,0,0,0,0.0,25,19,6,0.0,0.0,0,
742,James Hanna,26,DAL,TE,14,7,0,0,0,0,0,0,0,0,0,0,0.0,6,4,2,0.0,0.0,0,
743,Dontrelle Inman,26,SDG,WR,14,7,0,0,0,0,0,0,2,0,0,0,0.0,0,0,0,0.0,0.0,0,
744,Maxx Williams,21,BAL,TE,14,7,0,0,0,0,0,0,1,1,0,0,0.0,0,0,0,0.0,0.0,0,
745,Luke Willson,25,SEA,TE,14,7,0,0,0,0,0,0,0,0,0,0,0.0,3,3,0,0.0,0.0,0,
746,Pierre Desir,25,CLE,LCB,14,6,0,0,0,0,5,0,0,0,0,0,0.0,37,30,7,0.0,0.0,0,
747,Jayron Hosley,25,NYG,RCB,14,6,1,17,0,17,6,0,0,0,0,0,0.0,33,23,10,1.0,0.0,0,
748,Jeremy Mincey,32,DAL,RDE/LDE,14,6,0,0,0,0,1,0,0,0,0,0,0.0,19,11,8,1.0,2.0,0,
749,Maurice Alexander,24,STL,SS,14,5,0,0,0,0,1,0,0,1,3,0,2.0,39,30,9,4.0,5.0,0,
750,Trent Cole,33,IND,RLB,14,5,0,0,0,0,3,2,0,0,0,0,3.0,32,20,12,6.0,7.0,0,
751,Dee Ford,24,KAN,LOLB,14,5,0,0,0,0,2,0,0,0,0,0,4.0,23,21,2,6.0,11.0,0,
752,Mike Jenkins,30,TAM,LCB/RCB,14,5,0,0,0,0,5,0,0,0,0,0,0.0,17,16,1,1.0,0.0,0,
753,Taylor Mays,27,OAK,FS,14,5,0,0,0,0,5,0,0,0,0,0,0.0,26,18,8,1.0,0.0,0,
754,Jake Ryan,23,GNB,LILB,14,5,0,0,0,0,0,0,0,1,0,0,0.0,50,35,15,4.0,4.0,0,
755,Nikita Whitlock,24,NYG,TE,14,5,0,0,0,0,0,0,0,0,0,0,1.0,6,5,1,1.0,4.0,0,
756,Gavin Escobar,24,DAL,TE,14,4,0,0,0,0,0,0,1,0,0,0,0.0,1,1,0,0.0,0.0,0,
757,Leon Hall,31,CIN,DB,14,4,2,19,1,19,9,0,0,0,0,0,0.0,55,44,11,1.0,0.0,0,
758,Gerald Hodges,24,2TM,LB,14,7,0,0,0,0,1,0,0,0,0,0,0.0,70,53,17,4.0,1.0,0,
758,Gerald Hodges,24,MIN,LB,4,3,0,0,0,0,1,0,0,0,0,0,0.0,20,14,6,0.0,1.0,0,
758,Gerald Hodges,24,SFO,LB,10,4,0,0,0,0,0,0,0,0,0,0,0.0,50,39,11,4.0,0.0,0,
759,Ramon Humber,28,NOR,LB,14,4,0,0,0,0,1,0,0,0,0,0,1.0,47,29,18,2.0,2.0,0,
760,Josh Mauro,24,ARI,DE,14,4,0,0,0,0,1,2,0,1,0,0,1.0,16,13,3,2.0,3.0,0,
761,Jordan Poyer,24,CLE,DB,14,4,2,24,0,12,4,0,0,1,4,0,1.0,43,28,15,1.0,2.0,0,
762,Quinten Rollins,23,GNB,DB,14,4,2,48,1,45,6,0,0,0,0,0,1.0,31,28,3,3.0,1.0,0,
763,Bruce Carter,27,TAM,LB,14,3,0,0,0,0,2,0,0,0,0,0,2.0,47,30,17,3.0,4.0,0,
764,Derrick Coleman,25,SEA,RB,14,3,0,0,0,0,0,0,0,0,0,0,0.0,7,3,4,0.0,0.0,0,
765,Demetrius McCray,24,JAX,DB,14,3,0,0,0,0,1,0,0,1,0,0,0.0,25,21,4,0.0,0.0,0,
766,Tony McDaniel,30,TAM,DT,14,3,0,0,0,0,1,0,0,0,0,0,1.0,25,13,12,3.0,3.0,0,
767,Jamize Olawale,26,OAK,FB,14,3,0,0,0,0,0,0,0,0,0,0,0.0,10,10,0,0.0,0.0,0,
768,Armonty Bryant,25,CLE,DE,14,2,0,0,0,0,0,2,0,1,34,0,5.5,40,28,12,7.0,12.0,0,
769,Darius Butler,29,IND,DB,14,2,1,0,0,0,4,2,0,0,0,0,0.0,50,38,12,1.0,1.0,0,
770,Ryan Carrethers,24,SDG,DT,14,2,0,0,0,0,0,0,0,0,0,0,0.0,24,13,11,1.0,1.0,0,
771,Jeron Johnson,27,WAS,DB,14,2,0,0,0,0,0,0,0,0,0,0,0.0,27,17,10,1.0,1.0,0,
772,Dennis Kelly,25,PHI,T,14,2,0,0,0,0,0,0,0,2,0,0,0.0,0,0,0,,,0,
773,Marlon Moore,28,CLE,WR,14,2,0,0,0,0,0,0,0,0,0,0,0.0,2,1,1,0.0,0.0,0,
774,Mike Morgan,27,SEA,LB,14,2,0,0,0,0,0,0,0,0,0,0,1.0,17,11,6,2.0,1.0,0,
775,Jonathan Newsome,24,IND,LB,14,2,0,0,0,0,2,1,0,0,0,0,1.0,19,10,9,4.0,7.0,0,
776,Jordan Richards,22,NWE,DB,14,2,0,0,0,0,2,1,0,0,0,0,0.0,20,16,4,0.0,0.0,0,
777,Keith Tandy,26,TAM,DB,14,2,0,0,0,0,1,0,0,0,0,0,1.0,42,28,14,4.0,1.0,0,
778,Neiko Thorpe,25,OAK,DB,14,2,1,-12,0,-12,6,0,0,0,0,0,0.0,40,37,3,1.0,0.0,0,
779,Colt Anderson,30,IND,DB,14,1,0,0,0,0,0,0,0,0,0,0,0.0,17,11,6,2.0,1.0,0,
780,Tank Carradine,25,SFO,DE,14,1,0,0,0,0,0,1,0,0,0,0,1.0,22,14,8,,,0,
781,Taylor Hart,24,PHI,DE,14,1,0,0,0,0,0,0,0,0,0,0,0.0,27,12,15,1.0,0.0,0,
782,Danielle Hunter,21,MIN,DE,14,1,0,0,0,0,0,1,0,0,0,0,6.0,33,29,4,8.0,9.0,0,
783,Cody Latimer,23,DEN,WR,14,1,0,0,0,0,0,0,0,0,0,0,0.0,4,3,1,0.0,0.0,0,
784,Nick Perry,25,GNB,LB,14,1,0,0,0,0,1,1,0,0,0,0,3.5,31,16,15,10.0,7.0,0,
785,Kevin Pierre-Louis,24,SEA,LB,14,1,0,0,0,0,1,0,0,0,0,0,0.0,18,8,10,0.0,1.0,0,
786,Will Tukuafu,31,SEA,FB,14,1,0,0,0,0,0,0,1,0,0,0,0.0,1,1,0,0.0,0.0,0,
787,Mario Addison,28,CAR,DE,14,0,0,0,0,0,0,0,0,0,0,0,6.0,23,15,8,5.0,17.0,0,
788,Andre Caldwell,30,DEN,WR,14,0,0,0,0,0,0,0,0,0,0,0,0.0,1,1,0,0.0,0.0,0,
789,Xavier Cooper,24,CLE,DT,14,0,0,0,0,0,0,0,0,0,0,0,1.5,19,11,8,3.0,2.0,0,
790,Ryan Davis,26,JAX,LB,14,0,0,0,0,0,0,1,0,1,0,0,3.5,11,8,3,2.0,7.0,0,
791,Jayrone Elliott,24,GNB,LB,14,0,1,2,0,2,2,1,1,1,0,0,3.0,24,21,3,3.0,6.0,0,
792,Jordan Gay,25,BUF,P,14,0,0,0,0,0,0,0,0,0,0,0,0.0,4,4,0,0.0,0.0,0,
793,Brittan Golden,27,ARI,WR,14,0,0,0,0,0,0,0,1,0,0,0,0.0,7,7,0,0.0,0.0,0,
794,Najee Goode,26,PHI,LB,14,0,0,0,0,0,0,0,0,0,0,0,0.0,11,9,2,0.0,0.0,0,
795,Demetri Goodson,26,GNB,DB,14,0,0,0,0,0,1,0,0,0,0,0,0.0,10,7,3,0.0,1.0,0,
796,Jonathan Grimes,26,HOU,RB,14,0,0,0,0,0,0,0,0,1,0,0,0.0,0,0,0,0.0,0.0,0,
797,Geneo Grissom,23,NWE,LB,14,0,0,0,0,0,0,0,0,0,0,0,1.0,6,3,3,1.0,1.0,0,
798,Don Jones,25,2TM,DB,14,0,0,0,0,0,0,0,0,0,0,0,0.0,6,5,1,0.0,0.0,0,
798,Don Jones,25,NOR,DB,5,0,0,0,0,0,0,0,0,0,0,0,0.0,1,1,0,0.0,0.0,0,
798,Don Jones,25,CLE,DB,9,0,0,0,0,0,0,0,0,0,0,0,0.0,5,4,1,0.0,0.0,0,
799,Cordarro Law,27,SDG,LB,14,0,0,0,0,0,0,0,0,0,0,0,0.0,12,9,3,1.0,1.0,0,
800,Dexter McDougle,24,NYJ,DB,14,0,0,0,0,0,1,0,0,0,0,0,0.0,6,4,2,0.0,0.0,0,
801,Jonathan Meeks,26,BUF,DB,14,0,0,0,0,0,0,1,0,0,0,0,0.0,13,9,4,0.0,0.0,0,
802,Damontre Moore,23,2TM,DE,14,0,0,0,0,0,1,1,0,1,7,0,4.0,27,20,7,3.0,10.0,0,
802,Damontre Moore,23,NYG,DE,11,0,0,0,0,0,0,1,0,1,7,0,3.0,23,17,6,2.0,9.0,0,
802,Damontre Moore,23,MIA,DE,3,0,0,0,0,0,1,0,0,0,0,0,1.0,4,3,1,1.0,1.0,0,
803,Thomas Morstead,29,NOR,P,14,0,0,0,0,0,0,0,0,0,0,0,0.0,1,1,0,0.0,0.0,0,
804,Spencer Paysinger,27,MIA,LB,14,0,0,0,0,0,0,0,0,0,0,0,0.0,25,15,10,0.0,0.0,0,
805,Shane Ray,22,DEN,DE,14,0,0,0,0,0,1,0,0,0,0,0,4.0,20,15,5,5.0,7.0,0,
806,Darrell Stuckey,28,SDG,DB,14,0,0,0,0,0,0,0,0,0,0,0,1.0,12,10,2,1.0,0.0,0,
807,Joe Thomas,24,GNB,LB,14,0,0,0,0,0,1,1,0,0,0,0,1.0,26,23,3,3.0,3.0,0,
808,Sean Weatherspoon,28,ARI,LB,14,0,0,0,0,0,0,0,0,0,0,0,0.0,11,9,2,1.0,1.0,0,
809,Griff Whalen,25,IND,WR,14,0,0,0,0,0,0,0,4,1,0,0,0.0,1,0,1,0.0,0.0,0,
810,Nick Williams,25,KAN,DE,14,0,0,0,0,0,0,0,0,0,0,0,0.0,9,5,4,2.0,3.0,0,
811,Greg Zuerlein,28,STL,K,14,0,0,0,0,0,0,0,0,0,0,0,0.0,2,2,0,0.0,0.0,0,
812,Mike Adams,34,IND,SS,13,13,5,63,1,38,6,3,0,1,0,0,1.0,75,52,23,1.0,2.0,0,PB
813,Will Allen,33,PIT,SS,13,13,1,20,0,20,8,2,0,0,0,0,4.0,80,62,18,5.0,4.0,0,
814,Charles Clay,26,BUF,TE,13,13,0,0,0,0,0,0,1,1,0,0,0.0,0,0,0,0.0,0.0,0,
815,Perrish Cox,28,TEN,LCB,13,13,1,27,0,27,7,0,0,0,0,0,0.0,30,26,4,0.0,0.0,0,
816,Andy Dalton,28,CIN,QB,13,13,0,0,0,0,0,0,5,3,-34,0,0.0,0,0,0,0.0,0.0,0,
817,Matt Forte,30,CHI,RB,13,13,0,0,0,0,0,0,2,1,0,0,0.0,0,0,0,0.0,0.0,0,
818,Jerrell Freeman,29,IND,MLB,13,13,1,23,1,23,2,0,0,1,0,0,3.0,112,66,46,4.0,6.0,0,
819,Tashaun Gipson,25,CLE,FS,13,13,2,0,0,0,2,0,1,0,0,0,0.0,60,42,18,2.0,0.0,0,
820,Rob Havenstein,23,STL,RT,13,13,0,0,0,0,0,0,0,2,0,0,0.0,0,0,0,0.0,0.0,0,
821,Austin Howard,28,OAK,RT,13,13,0,0,0,0,0,0,0,1,0,0,0.0,0,0,0,0.0,0.0,0,
822,Jelani Jenkins,23,MIA,RLB,13,13,0,0,0,0,3,1,0,1,0,0,0.0,71,50,21,6.0,0.0,0,
823,Mychal Kendricks,25,PHI,RILB,13,13,0,0,0,0,3,1,0,0,0,0,3.0,86,64,22,9.0,7.0,0,
824,Luke Kuechly,24,CAR,MLB,13,13,4,48,1,32,10,2,0,1,0,0,1.0,118,76,42,7.0,5.0,0,"PB,AP-1,AP DPoY-3"
825,Corey Linsley,24,GNB,C,13,13,0,0,0,0,0,0,0,1,0,0,0.0,0,0,0,0.0,0.0,0,
826,Spencer Long,25,WAS,LG,13,13,0,0,0,0,0,0,0,1,4,0,0.0,0,0,0,0.0,0.0,0,
827,Koa Misi,28,MIA,LLB,13,13,0,0,0,0,1,0,0,0,0,0,0.0,78,59,19,8.0,1.0,0,
828,Alex Okafor,24,ARI,ROLB,13,13,0,0,0,0,1,0,0,1,0,0,2.0,31,25,6,4.0,11.0,0,
829,Jerraud Powers,28,ARI,RCB,13,13,1,0,0,0,9,0,0,2,12,1,1.0,52,46,6,2.0,1.0,0,
830,Frostee Rucker,32,ARI,RDE,13,13,0,0,0,0,0,1,0,1,0,0,3.0,28,20,8,7.0,15.0,1,
831,Andrew Sendejo,28,MIN,SS,13,13,1,9,0,9,3,0,0,1,28,0,0.5,74,58,16,0.0,1.0,0,
832,Harrison Smith,26,MIN,FS,13,13,2,35,1,35,3,1,0,0,0,0,1.5,66,49,17,3.0,6.0,0,PB
833,Sean Smith,28,KAN,RCB,13,13,2,5,0,5,12,0,0,0,0,0,0.0,45,40,5,5.0,3.0,0,
834,Jonathan Stewart,28,CAR,RB,13,13,0,0,0,0,0,0,3,0,0,0,0.0,0,0,0,0.0,0.0,0,PB
835,Cedric Thornton,27,PHI,RDE,13,13,0,0,0,0,1,0,0,0,0,0,1.0,33,17,16,4.0,3.0,0,
836,Eric Weddle,30,SDG,FS,13,13,0,0,0,0,6,0,0,1,0,0,0.5,78,55,23,1.0,3.0,0,
837,Jahleel Addae,25,SDG,SS,13,12,0,0,0,0,4,0,0,1,0,0,1.0,65,55,10,2.0,1.0,0,
838,Nelson Agholor,22,PHI,WR,13,12,0,0,0,0,0,0,1,0,0,0,0.0,0,0,0,0.0,0.0,0,
839,Dwayne Allen,25,IND,TE,13,12,0,0,0,0,0,0,0,0,0,0,0.0,1,1,0,0.0,0.0,0,
840,Jairus Byrd,29,NOR,FS,13,12,1,24,0,24,3,1,0,1,1,0,1.0,53,37,16,2.0,1.0,0,
841,Justin Durant,30,ATL,RILB,13,12,0,0,0,0,3,0,0,0,0,0,0.0,82,57,25,3.0,0.0,0,
842,Tyler Eifert,25,CIN,TE,13,12,0,0,0,0,0,0,0,1,0,0,0.0,0,0,0,0.0,0.0,0,PB
843,Sharrif Floyd,23,MIN,LDT,13,12,0,0,0,0,1,0,0,0,0,0,2.5,34,19,15,2.0,7.0,0,
844,Todd Gurley,21,STL,RB,13,12,0,0,0,0,0,0,3,0,0,0,0.0,0,0,0,,,0,"PB,AP-2,AP ORoY-1"
845,Brandon Meriweather,31,NYG,SS,13,12,2,26,0,26,7,0,0,0,0,0,0.0,59,43,16,0.0,0.0,0,
846,Calvin Pryor,23,NYJ,SS,13,12,2,47,0,29,6,1,0,0,0,0,0.0,69,50,19,2.0,0.0,0,
847,Hugh Thornton,24,IND,RG,13,12,0,0,0,0,0,0,0,2,0,0,0.0,0,0,0,0.0,0.0,0,
848,Ladarius Green,25,SDG,TE,13,11,0,0,0,0,0,0,0,0,0,0,0.0,2,2,0,0.0,0.0,0,
849,Andre Branch,26,JAX,LDE,13,9,0,0,0,0,4,2,0,1,49,1,4.0,24,18,6,4.0,5.0,0,
850,Jadeveon Clowney,22,HOU,ROLB,13,9,0,0,0,0,6,1,0,0,0,0,4.5,40,27,13,8.0,8.0,0,
851,Stefon Diggs,22,MIN,WR,13,9,0,0,0,0,0,0,2,2,0,0,0.0,0,0,0,0.0,0.0,0,
852,Eugene Sims,29,STL,RDE,13,9,1,42,0,42,2,1,0,1,0,0,1.5,24,13,11,2.0,6.0,0,
853,Dan Skuta,29,JAX,RLB,13,8,0,0,0,0,1,1,0,0,0,0,1.5,40,32,8,3.0,4.0,0,
854,Jude Adjei-Barimah,23,TAM,RCB,13,7,0,0,0,0,1,0,0,0,0,0,0.0,41,34,7,2.0,0.0,0,
855,Jonathan Freeny,26,NWE,LLB,13,7,0,0,0,0,1,1,1,2,12,0,1.0,50,27,23,1.0,1.0,0,
856,Thomas Rawls,22,SEA,RB,13,7,0,0,0,0,0,0,1,1,0,0,0.0,0,0,0,0.0,0.0,0,
857,Will Sutton,24,CHI,LDE,13,7,0,0,0,0,4,0,0,0,0,0,0.0,23,16,7,2.0,2.0,0,
858,Will Tye,24,NYG,TE,13,7,0,0,0,0,0,0,1,0,0,0,0.0,0,0,0,0.0,0.0,0,
859,Ryan Mathews,28,PHI,RB,13,6,0,0,0,0,0,0,3,0,-3,0,0.0,0,0,0,,,0,
860,K'Waun Williams,24,CLE,DB,13,6,0,0,0,0,2,3,0,2,0,0,1.0,39,31,8,1.0,0.0,0,
861,Jimmy Wilson,29,SDG,SS,13,6,1,0,0,0,2,0,0,1,0,0,1.0,44,31,13,1.0,2.0,0,
862,Joique Bell,29,DET,RB,13,5,0,0,0,0,0,0,1,0,0,0,0.0,0,0,0,0.0,0.0,0,
863,Mike DeVito,31,KAN,LDE,13,5,0,0,0,0,0,0,0,0,0,0,3.0,19,13,6,6.0,3.0,0,
864,Mason Foster,26,WAS,RILB,13,5,0,0,0,0,0,1,0,1,0,0,0.0,37,25,12,1.0,0.0,0,
865,Chris Prosinski,28,CHI,FS,13,5,0,0,0,0,0,1,0,1,0,0,1.0,31,25,6,0.0,1.0,0,
866,Brooks Reed,28,ATL,RILB,13,5,0,0,0,0,0,0,0,0,0,0,0.0,17,10,7,2.0,2.0,0,
867,Bene Benwikere,24,CAR,DB,13,4,0,0,0,0,9,1,0,1,0,0,1.0,59,44,15,4.0,1.0,0,
868,Taylor Gabriel,24,CLE,WR,13,4,0,0,0,0,0,0,1,0,0,0,0.0,0,0,0,,,0,
869,Letroy Guion,28,GNB,DT,13,4,0,0,0,0,0,0,0,0,0,0,0.0,21,13,8,2.0,1.0,0,
870,Harold Jones-Quartey,22,CHI,DB,13,4,1,23,0,23,2,1,0,0,0,0,0.0,26,22,4,0.0,1.0,0,
871,Sealver Siliga,25,NWE,DT,13,4,0,0,0,0,0,0,0,0,0,0,0.0,28,11,17,1.0,0.0,0,
872,Dion Sims,24,MIA,TE,13,4,0,0,0,0,0,0,1,0,0,0,0.0,0,0,0,0.0,0.0,0,
873,Phillip Adams,27,ATL,DB,13,3,1,2,0,2,4,1,0,0,0,0,0.0,38,32,6,3.0,0.0,0,
874,David Bruton,28,DEN,DB,13,3,2,11,0,12,7,2,0,1,0,0,1.0,49,37,12,1.0,1.0,0,
875,Carl Davis,23,BAL,DT,13,3,0,0,0,0,2,0,0,0,0,0,0.0,11,4,7,0.0,0.0,0,
876,Tre Mason,22,STL,RB,13,3,0,0,0,0,0,0,3,1,0,0,0.0,0,0,0,0.0,0.0,0,
877,Denard Robinson,25,JAX,WR,13,3,0,0,0,0,0,0,3,1,0,0,0.0,4,3,1,0.0,0.0,0,
878,Bishop Sankey,23,TEN,RB,13,3,0,0,0,0,0,0,2,0,0,0,0.0,0,0,0,0.0,0.0,0,
879,Uani Unga,28,NYG,LB,13,3,2,1,0,1,4,2,0,0,0,0,0.0,59,42,17,,,0,
880,Marcus Williams,24,NYJ,DB,13,3,6,45,0,21,10,1,0,1,0,0,1.5,27,19,8,0.0,2.0,0,
881,Russell Shepard,25,TAM,WR,13,2,0,0,0,0,0,0,0,0,0,0,0.0,10,9,1,0.0,0.0,0,
882,C.J. Spiller,28,NOR,RB,13,2,0,0,0,0,0,0,1,1,0,0,0.0,0,0,0,0.0,0.0,0,
883,Robenson Therezie,24,ATL,DB,13,2,1,10,0,10,2,0,0,0,0,0,0.0,33,27,6,0.0,0.0,0,
884,Steve Williams,24,SDG,DB,13,2,2,6,0,6,5,2,0,1,0,0,1.0,19,17,2,0.0,1.0,0,
885,Max Bullough,23,HOU,LB,13,1,0,0,0,0,0,0,0,0,0,0,0.0,30,16,14,1.0,0.0,0,
886,Marcus Burley,25,SEA,DB,13,1,1,0,0,0,2,0,0,0,0,0,1.0,18,17,1,1.0,1.0,0,
887,Mario Butler,27,BUF,DB,13,1,0,0,0,0,5,0,0,0,0,0,0.0,9,7,2,0.0,0.0,0,
888,Stefan Charles,27,BUF,DT,13,1,0,0,0,0,0,1,0,0,0,0,1.0,13,9,4,2.0,3.0,0,
889,Nick Marshall,23,JAX,DB,13,1,0,0,0,0,1,0,2,1,0,0,0.0,13,9,4,0.0,0.0,0,
890,Josh McNary,27,IND,LB,13,1,0,0,0,0,0,0,0,0,0,0,0.0,14,9,5,2.0,1.0,0,
891,Jabaal Sheard,26,NWE,DE,13,1,0,0,0,0,2,4,0,0,0,0,8.0,37,28,9,9.0,12.0,0,
892,Seyi Ajirotutu,28,PHI,WR,13,0,0,0,0,0,0,0,0,0,0,0,0.0,8,7,1,0.0,0.0,0,
893,Michael Bennett,22,JAX,DT,13,0,0,0,0,0,0,0,0,0,0,0,0.5,10,7,3,1.0,2.0,0,
894,Ron Brooks,27,BUF,DB,13,0,0,0,0,0,2,0,0,0,0,0,0.0,12,11,1,1.0,2.0,0,
895,Chris Carter,26,CIN,LB,13,0,0,0,0,0,0,0,0,2,0,0,0.0,10,7,3,0.0,1.0,0,
896,Jon Condo,34,OAK,LS,13,0,0,0,0,0,0,0,0,1,0,0,0.0,2,2,0,0.0,0.0,0,
897,Scott Crichton,24,MIN,DE,13,0,0,0,0,0,0,0,0,0,0,0,0.0,8,6,2,0.0,0.0,0,
898,Marcus Easley,28,BUF,WR,13,0,1,0,0,0,1,0,0,0,0,0,0.0,10,9,1,0.0,0.0,0,
899,Bruce Ellington,24,SFO,WR,13,0,0,0,0,0,1,0,3,0,0,0,0.0,1,1,0,0.0,0.0,0,
900,Adam Humphries,22,TAM,WR,13,0,0,0,0,0,0,0,0,0,0,0,0.0,1,0,1,0.0,0.0,0,
901,Matt Jones,22,WAS,RB,13,0,0,0,0,0,0,0,5,1,0,0,0.0,0,0,0,0.0,0.0,0,
902,Brandon King,22,NWE,DB,13,0,0,0,0,0,0,1,0,0,0,0,0.0,12,10,2,0.0,1.0,0,
903,Chris Matthews,26,2TM,WR,13,0,0,0,0,0,0,0,0,0,0,0,0.0,2,2,0,0.0,0.0,0,
903,Chris Matthews,26,SEA,WR,9,0,0,0,0,0,0,0,0,0,0,0,0.0,1,1,0,0.0,0.0,0,
903,Chris Matthews,26,BAL,WR,4,0,0,0,0,0,0,0,0,0,0,0,0.0,1,1,0,0.0,0.0,0,
904,Albert McClellan,29,BAL,LB,13,0,0,0,0,0,1,0,0,1,0,0,1.0,17,13,4,1.0,1.0,0,
905,Keith McGill,26,OAK,DB,13,0,0,0,0,0,0,0,0,0,0,0,0.0,3,3,0,0.0,0.0,0,
906,Dezman Moses,26,KAN,LB,13,0,0,0,0,0,0,0,0,0,0,0,0.0,6,5,1,0.0,1.0,0,
907,Marcus Murphy,24,NOR,RB,13,0,0,0,0,0,0,0,3,1,0,0,0.0,1,1,0,0.0,0.0,0,
908,Nick Novak,34,HOU,K,13,0,0,0,0,0,0,0,0,0,0,0,0.0,1,1,0,0.0,0.0,0,
909,Keith Reaser,24,SFO,DB,13,0,0,0,0,0,0,0,0,0,0,0,0.0,8,7,1,1.0,0.0,0,
910,Rashad Ross,25,WAS,WR,13,0,0,0,0,0,0,0,0,0,0,0,0.0,1,1,0,0.0,0.0,0,
911,Marcus Smith,23,PHI,LB,13,0,0,0,0,0,0,0,0,0,0,0,1.5,7,4,3,1.0,4.0,0,
912,Chris Thompson,25,WAS,RB,13,0,0,0,0,0,0,0,2,0,0,0,0.0,0,0,0,,,0,
913,Darrin Walls,27,NYJ,DB,13,0,0,0,0,0,3,0,0,0,0,0,0.0,10,9,1,0.0,0.0,0,
914,Ethan Westbrooks,25,STL,DE,13,0,0,0,0,0,0,1,0,0,0,0,2.0,19,14,5,3.0,4.0,0,
915,Kwon Alexander,21,TAM,MLB,12,12,2,15,0,15,9,2,0,1,20,0,3.0,93,59,34,6.0,5.0,0,
916,Allen Bailey,26,KAN,RDE,12,12,0,0,0,0,0,2,0,1,0,0,4.5,38,26,12,7.0,8.0,0,
917,Derek Carrier,25,WAS,TE,12,12,0,0,0,0,0,0,0,0,0,0,0.0,2,2,0,0.0,0.0,0,
918,Jamie Collins,26,NWE,LLB,12,12,1,51,0,51,6,5,0,1,14,1,5.5,89,51,38,8.0,7.0,0,"PB,AP-2"
919,D.J. Fluker,24,SDG,RG,12,12,0,0,0,0,0,0,0,1,0,0,0.0,0,0,0,,,0,
920,Stephon Gilmore,25,BUF,RCB,12,12,3,33,0,29,18,0,0,0,0,0,0.0,36,36,0,0.0,0.0,0,
921,Greg Hardy,27,DAL,RDE,12,12,1,9,0,9,1,1,0,0,0,0,6.0,35,23,12,9.0,20.0,0,
922,Dont'a Hightower,25,NWE,RLB,12,12,0,0,0,0,2,0,0,1,0,0,3.5,61,51,10,5.0,6.0,0,
923,George Iloka,25,CIN,SS,12,12,1,0,0,0,4,0,0,0,0,0,0.0,47,35,12,2.0,1.0,0,
924,Linval Joseph,27,MIN,RDT,12,12,0,0,0,0,1,1,0,0,0,0,0.5,56,42,14,7.0,4.0,0,
925,Marcus Mariota,22,TEN,QB,12,12,0,0,0,0,0,0,10,3,-10,0,0.0,0,0,0,,,0,
926,LeSean McCoy,27,BUF,RB,12,12,0,0,0,0,0,0,2,2,6,0,0.0,0,0,0,0.0,0.0,0,PB
927,Earl Mitchell,28,MIA,RDT,12,12,0,0,0,0,0,0,0,0,0,0,0.0,22,14,8,3.0,2.0,0,
928,Ryan Shazier,23,PIT,LILB,12,12,1,0,0,0,4,2,0,1,0,0,3.5,87,55,32,10.0,8.0,0,
929,Sam Shields,28,GNB,RCB,12,12,3,15,0,15,13,0,0,1,0,0,0.0,39,37,2,1.0,0.0,0,
930,Manti Te'o,24,SDG,LILB,12,12,1,11,0,11,2,1,0,0,0,0,0.5,83,63,20,4.0,3.0,0,
931,Charles Tillman,34,CAR,LCB,12,12,2,0,0,0,7,2,0,1,0,0,0.0,55,36,19,0.0,1.0,0,
932,T.J. Ward,29,DEN,SS,12,12,0,0,0,0,6,2,0,0,0,0,2.0,61,50,11,4.0,3.0,0,PB
933,Michael Wilhoite,29,SFO,RILB,12,12,1,0,0,0,1,0,0,0,0,0,0.0,85,62,23,3.0,0.0,0,
934,Derek Wolfe,25,DEN,LDE,12,12,0,0,0,0,1,0,0,0,0,0,5.5,49,35,14,9.0,13.0,0,
935,Robert Ayers,30,NYG,LDE,12,11,0,0,0,0,4,2,0,0,0,0,9.0,41,31,10,11.0,22.0,0,
936,Shea McClellin,26,CHI,LILB,12,11,0,0,0,0,1,1,0,1,0,0,0.0,81,53,28,2.0,2.0,0,
937,Ben Roethlisberger,33,PIT,QB,12,11,0,0,0,0,0,0,2,1,0,0,0.0,0,0,0,0.0,0.0,0,PB
938,Jacquies Smith,25,TAM,RDE,12,11,0,0,0,0,1,3,1,3,22,1,7.0,22,15,7,5.0,11.0,0,
939,J.T. Thomas,27,NYG,RLB,12,11,0,0,0,0,0,0,0,0,0,0,0.5,46,30,16,0.0,0.0,0,
940,Mark Ingram,26,NOR,RB,12,10,0,0,0,0,0,0,2,0,0,0,0.0,0,0,0,0.0,0.0,0,
941,Kareem Jackson,27,HOU,LCB,12,10,2,77,1,50,6,1,0,1,34,0,0.0,58,52,6,1.0,0.0,0,
942,Justin Ellis,25,OAK,RDT,12,9,0,0,0,0,1,0,0,0,0,0,0.0,22,19,3,2.0,1.0,0,
943,Craig Robertson,27,CLE,RILB,12,9,1,38,0,38,5,0,0,1,9,0,0.0,59,34,25,2.0,2.0,0,
944,Andy Gallik,24,TEN,C,12,8,0,0,0,0,0,0,1,0,0,0,0.0,0,0,0,0.0,0.0,0,
945,Michael Hoomanawanui,27,NOR,TE,12,8,0,0,0,0,0,0,1,0,0,0,0.0,0,0,0,,,0,
946,Andrus Peat,22,NOR,LG,12,8,0,0,0,0,0,0,0,1,0,0,0.0,0,0,0,0.0,0.0,0,
947,Keenan Robinson,26,WAS,LILB,12,8,1,44,0,44,3,0,0,1,0,0,0.0,63,36,27,1.0,0.0,0,
948,LeGarrette Blount,29,NWE,RB,12,6,0,0,0,0,0,0,1,1,0,0,0.0,0,0,0,0.0,0.0,0,
949,Quincy Enunwa,23,NYJ,WR,12,6,0,0,0,0,0,0,0,0,0,0,0.0,4,3,1,0.0,0.0,0,
950,Jamar Taylor,25,MIA,RCB,12,6,0,0,0,0,4,0,0,1,31,0,0.0,48,35,13,0.0,0.0,0,
951,Malcolm Johnson,23,CLE,RB,12,5,0,0,0,0,0,0,0,0,0,0,0.0,2,0,2,0.0,0.0,0,
952,Howard Jones,25,TAM,RDE,12,5,0,0,0,0,0,1,0,1,43,1,5.0,14,9,5,4.0,9.0,0,
953,Chris Long,30,STL,LDE,12,5,0,0,0,0,0,1,0,0,0,0,3.0,19,9,10,2.0,5.0,0,
954,Dwayne Gratz,25,JAX,DB,12,4,0,0,0,0,1,0,0,0,0,0,0.0,27,21,6,0.0,0.0,0,
955,Brian Hartline,29,CLE,WR,12,4,0,0,0,0,0,0,1,1,0,0,0.0,0,0,0,0.0,0.0,0,
956,Zach Kerr,25,IND,DT,12,4,0,0,0,0,1,0,0,0,0,0,0.0,29,16,13,2.0,3.0,0,
957,Tevin Coleman,22,ATL,RB,12,3,0,0,0,0,0,0,3,1,0,0,0.0,0,0,0,0.0,0.0,0,
958,George Selvie,28,NYG,DE,12,3,0,0,0,0,0,0,0,1,0,0,1.0,26,15,11,1.0,6.0,0,
959,Billy Winn,26,IND,DT,12,3,0,0,0,0,0,0,0,2,2,0,0.0,14,6,8,1.0,1.0,0,
960,Akeem Dent,28,HOU,LB,12,2,0,0,0,0,0,0,0,0,0,0,0.0,18,15,3,1.0,2.0,0,
961,Antone Exum,24,MIN,DB,12,2,0,0,0,0,0,1,0,2,0,0,0.0,14,13,1,1.0,0.0,0,
962,Benson Mayowa,24,OAK,DE,12,2,0,0,0,0,0,1,0,2,40,0,1.0,16,14,2,4.0,4.0,1,
963,Jordan Tripp,24,JAX,LB,12,1,0,0,0,0,0,0,0,0,0,0,0.0,14,10,4,0.0,0.0,0,
964,C.J. Wilson,28,2TM,DE,12,1,0,0,0,0,0,0,0,0,0,0,1.0,11,9,2,2.0,1.0,0,
964,C.J. Wilson,28,OAK,DE,4,1,0,0,0,0,0,0,0,0,0,0,0.0,3,3,0,0.0,0.0,0,
964,C.J. Wilson,28,DET,DE,8,0,0,0,0,0,0,0,0,0,0,0,1.0,8,6,2,2.0,1.0,0,
965,Tavaris Barnes,24,NOR,DE,12,0,0,0,0,0,0,0,0,0,0,0,0.0,5,3,2,0.0,2.0,0,
966,Chris Boswell,24,PIT,K,12,0,0,0,0,0,0,0,0,0,0,0,0.0,2,2,0,0.0,0.0,0,
967,Terrence Brooks,23,BAL,DB,12,0,0,0,0,0,1,0,0,0,0,0,0.0,8,7,1,1.0,1.0,0,
968,Will Clarke,24,CIN,DE,12,0,0,0,0,0,1,0,0,0,0,0,0.5,4,3,1,0.0,1.0,0,
969,Zak DeOssie,31,NYG,LB,12,0,0,0,0,0,0,0,0,0,0,0,0.0,5,4,1,0.0,0.0,0,
970,Brandon Dunn,23,2TM,NT,12,0,0,0,0,0,0,0,0,0,0,0,0.0,9,5,4,0.0,0.0,0,
970,Brandon Dunn,23,CHI,NT,1,0,0,0,0,0,0,0,0,0,0,0,0.0,2,1,1,0.0,0.0,0,
970,Brandon Dunn,23,HOU,NT,11,0,0,0,0,0,0,0,0,0,0,0,0.0,7,4,3,0.0,0.0,0,
971,Dwan Edwards,34,CAR,DT,12,0,0,0,0,0,0,0,0,0,0,0,1.0,14,8,6,1.0,3.0,0,
972,Corey Fuller,25,DET,WR,12,0,0,0,0,0,0,0,1,0,0,0,0.0,5,5,0,0.0,0.0,0,
973,Terence Garvin,24,PIT,LB,12,0,0,0,0,0,0,0,0,0,0,0,0.0,9,8,1,0.0,0.0,0,
974,Randy Gregory,23,DAL,DE,12,0,0,0,0,0,0,0,0,0,0,0,0.0,11,7,4,2.0,6.0,0,
975,Winston Guy,25,IND,DB,12,0,0,0,0,0,0,0,0,0,0,0,0.0,6,4,2,0.0,0.0,0,
976,David Irving,22,DAL,DT,12,0,0,0,0,0,1,0,0,0,0,0,0.5,13,8,5,1.0,3.0,0,
977,Taiwan Jones,27,OAK,RB,12,0,0,0,0,0,0,0,2,1,0,0,0.0,7,5,2,0.0,0.0,0,
978,Sherrod Martin,31,CHI,DB,12,0,0,0,0,0,0,0,0,0,0,0,0.0,3,3,0,0.0,0.0,0,
979,David Mayo,22,CAR,LB,12,0,0,0,0,0,0,0,0,0,0,0,0.0,10,7,3,0.0,0.0,0,
980,Daniel McCullers,23,PIT,DT,12,0,0,0,0,0,0,0,0,0,0,0,0.5,8,4,4,0.0,1.0,0,
981,T.Y. McGill,23,IND,DT,12,0,0,0,0,0,1,0,0,0,0,0,3.0,11,8,3,4.0,6.0,1,
982,Sio Moore,25,IND,LB,12,0,0,0,0,0,0,0,0,0,0,0,0.0,13,9,4,2.0,0.0,0,
983,Darryl Morris,25,HOU,DB,12,0,0,0,0,0,0,0,0,0,0,0,0.0,15,11,4,0.0,0.0,0,
984,Steven Nelson,22,KAN,DB,12,0,0,0,0,0,0,0,0,0,0,0,0.0,8,8,0,0.0,0.0,0,
985,Brian Peters,27,HOU,LB,12,0,0,0,0,0,0,0,0,0,0,0,0.0,17,11,6,0.0,0.0,0,
986,Cory Redding,35,ARI,DE,12,0,1,30,0,30,2,0,0,2,36,1,0.0,5,4,1,0.0,0.0,0,
987,Chase Reynolds,28,STL,RB,12,0,0,0,0,0,0,0,0,0,0,0,0.0,3,3,0,0.0,0.0,0,
988,Justin Staples,26,TEN,DE,12,0,0,0,0,0,2,0,0,0,0,0,0.0,5,3,2,0.0,0.0,0,
989,Steven Terrell,25,SEA,DB,12,0,0,0,0,0,1,0,0,0,0,0,0.0,4,3,1,0.0,1.0,0,
990,Myles White,25,NYG,WR,12,0,0,0,0,0,0,0,0,1,0,0,0.0,0,0,0,,,0,
991,Martellus Bennett,28,CHI,TE,11,11,0,0,0,0,0,0,2,0,0,0,0.0,0,0,0,0.0,0.0,0,
992,Nigel Bradham,26,BUF,RLB,11,11,0,0,0,0,3,0,0,0,0,0,1.0,59,42,17,4.0,3.0,0,
993,Morgan Burnett,26,GNB,SS,11,11,0,0,0,0,5,2,0,1,21,0,0.0,68,47,21,4.0,1.0,0,
994,Nolan Carroll,28,PHI,RCB,11,11,2,18,1,17,10,0,0,0,0,0,0.0,57,42,15,0.0,0.0,0,
995,Kam Chancellor,27,SEA,SS,11,11,2,6,0,6,4,1,0,0,0,0,0.0,74,44,30,1.0,0.0,0,PB
996,Morris Claiborne,25,DAL,RCB,11,11,0,0,0,0,7,0,0,0,0,0,0.0,37,30,7,0.0,0.0,0,
997,Nick Foles,26,STL,QB,11,11,0,0,0,0,0,0,5,2,-4,0,0.0,0,0,0,0.0,0.0,0,
998,Justin Houston,26,KAN,LOLB,11,11,2,16,1,17,6,1,0,0,0,0,7.5,30,25,5,9.0,13.0,0,PB
999,Corey Liuget,25,SDG,RDE,11,11,0,0,0,0,0,0,0,0,0,0,3.0,34,28,6,5.0,4.0,0,
1000,Rolando McClain,26,DAL,MLB,11,11,1,12,1,12,3,0,0,0,0,0,2.0,80,50,30,9.0,5.0,0,
1001,T.J. McDonald,24,STL,SS,11,11,0,0,0,0,1,1,0,1,0,0,1.0,63,39,24,5.0,2.0,0,
1002,William Moore,30,ATL,FS,11,11,2,14,0,11,4,1,0,0,0,0,0.0,51,38,13,0.0,0.0,0,
1003,Sheldon Richardson,25,NYJ,LOLB,11,11,0,0,0,0,2,2,0,0,0,0,5.0,35,20,15,4.0,15.0,0,
1004,Prince Amukamara,26,NYG,LCB,11,10,1,6,0,6,10,1,0,1,0,0,0.0,63,55,8,1.0,0.0,0,
1005,Brandon Flowers,29,SDG,LCB,11,10,0,0,0,0,4,0,0,0,0,0,1.0,33,29,4,1.0,1.0,0,
1006,DeMarcus Ware,33,DEN,ROLB,11,10,0,0,0,0,0,1,0,1,0,0,7.5,25,17,8,8.0,16.0,0,PB
1007,Brian Hoyer,30,HOU,QB,11,9,0,0,0,0,0,0,6,1,0,0,0.0,0,0,0,0.0,0.0,0,
1008,Chris Johnson,30,ARI,RB,11,9,0,0,0,0,0,0,2,0,0,0,0.0,0,0,0,,,0,
1009,Xavier Su'a-Filo,24,HOU,LG,11,9,0,0,0,0,0,0,0,1,0,0,0.0,0,0,0,0.0,0.0,0,
1010,Garrett Celek,27,SFO,TE,11,8,0,0,0,0,0,0,0,1,0,0,0.0,0,0,0,0.0,0.0,0,
1011,DeAngelo Hall,32,WAS,SS,11,7,0,0,0,0,2,1,0,1,17,1,0.0,48,39,9,1.0,0.0,0,
1012,Shareece Wright,28,BAL,LCB,11,7,0,0,0,0,5,0,0,0,0,0,0.0,40,34,6,1.0,0.0,0,
1013,Shaun Draughn,28,2TM,RB,11,6,0,0,0,0,0,0,1,1,0,0,0.0,2,1,1,0.0,0.0,0,
1013,Shaun Draughn,28,CLE,RB,5,0,0,0,0,0,0,0,0,0,0,0,0.0,2,1,1,0.0,0.0,0,
1013,Shaun Draughn,28,SFO,RB,6,6,0,0,0,0,0,0,1,1,0,0,0.0,0,0,0,0.0,0.0,0,
1014,Martavis Bryant,24,PIT,WR,11,5,0,0,0,0,0,0,1,0,0,0,0.0,0,0,0,0.0,0.0,0,
1015,David Hawthorne,30,NOR,LLB,11,5,0,0,0,0,0,2,0,0,0,0,0.0,33,20,13,0.0,1.0,0,
1016,George Johnson,28,TAM,LDE,11,5,0,0,0,0,0,2,0,1,0,0,0.0,23,14,9,1.0,2.0,0,
1017,Sean Lissemore,28,SDG,NT,11,5,0,0,0,0,0,0,0,0,0,0,0.0,16,8,8,0.0,1.0,0,
1018,Jordan Norwood,29,DEN,WR,11,5,0,0,0,0,0,0,1,1,0,0,0.0,0,0,0,0.0,0.0,0,
1019,Husain Abdullah,30,KAN,DB,11,4,0,0,0,0,1,0,0,0,0,0,0.0,29,24,5,3.0,6.0,0,
1020,Chris Clark,30,HOU,RT,11,4,0,0,0,0,0,0,0,2,0,0,0.0,0,0,0,0.0,0.0,0,
1021,Cecil Shorts,28,HOU,WR,11,4,0,0,0,0,0,0,2,0,0,0,0.0,0,0,0,,,0,
1022,Jonathan Anderson,24,CHI,LB,11,3,1,0,0,0,2,0,0,0,0,0,0.0,36,30,6,1.0,2.0,0,
1023,Karlos Williams,22,BUF,RB,11,3,0,0,0,0,0,0,2,1,0,0,0.0,0,0,0,0.0,0.0,0,
1024,Quinton Dunbar,23,WAS,DB,11,2,1,0,0,0,5,0,0,0,0,0,0.0,13,11,2,0.0,0.0,0,
1025,Nic Jacobs,24,JAX,TE,11,2,0,0,0,0,0,0,0,0,0,0,0.0,2,1,1,0.0,0.0,0,
1026,Dexter McCluster,26,TEN,WR,11,2,0,0,0,0,0,0,2,2,0,0,0.0,0,0,0,0.0,0.0,0,
1027,JJ Nelson,23,ARI,WR,11,2,0,0,0,0,0,0,1,0,0,0,0.0,1,1,0,0.0,0.0,0,
1028,Tyler Patmon,24,DAL,DB,11,2,0,0,0,0,6,0,0,0,0,0,0.0,13,11,2,0.0,1.0,0,
1029,Bilal Powell,27,NYJ,RB,11,2,0,0,0,0,0,0,2,2,0,0,0.0,1,0,1,0.0,0.0,0,
1030,Justin Tuggle,25,HOU,LB,11,2,0,0,0,0,0,0,0,1,0,0,0.0,18,11,7,1.0,0.0,0,
1031,Spencer Ware,24,KAN,RB,11,2,0,0,0,0,0,0,0,0,0,0,0.0,2,2,0,0.0,0.0,0,
1032,Kiko Alonso,25,PHI,LB,11,1,1,0,0,0,1,0,0,0,0,0,0.0,43,30,13,2.0,0.0,0,
1033,Jonathan Bostic,24,NWE,LB,11,1,0,0,0,0,0,0,0,0,0,0,0.0,2,1,1,0.0,1.0,0,
1034,Ka'Deem Carey,23,CHI,RB,11,1,0,0,0,0,0,0,1,0,0,0,0.0,1,1,0,0.0,0.0,0,
1035,Dominique Easley,23,NWE,DT,11,1,0,0,0,0,0,0,0,0,0,0,2.0,15,9,6,4.0,10.0,0,
1036,Stephen Paea,27,WAS,DT,11,1,0,0,0,0,0,1,0,0,0,0,1.5,19,11,8,4.0,5.0,0,
1037,D.J. Swearinger,24,2TM,DB,11,1,0,0,0,0,1,1,0,2,12,0,0.0,19,16,3,0.0,0.0,0,
1037,D.J. Swearinger,24,TAM,DB,7,0,0,0,0,0,0,0,0,1,12,0,0.0,12,9,3,0.0,0.0,0,
1037,D.J. Swearinger,24,ARI,DB,4,1,0,0,0,0,1,1,0,1,0,0,0.0,7,7,0,0.0,0.0,0,
1038,Paul Dawson,22,CIN,LB,11,0,0,0,0,0,1,0,0,0,0,0,0.0,12,7,5,0.0,0.0,0,
1039,Demarcus Dobbs,28,SEA,DE,11,0,0,0,0,0,0,0,0,0,0,0,0.0,11,7,4,4.0,1.0,0,
1040,Phillip Dorsett,22,IND,WR,11,0,0,0,0,0,0,0,2,1,0,0,0.0,0,0,0,0.0,0.0,0,
1041,IK Enemkpali,24,BUF,DT,11,0,0,0,0,0,0,0,0,0,0,0,0.0,13,9,4,0.0,1.0,0,
1042,Deshazor Everett,23,WAS,DB,11,0,0,0,0,0,0,0,0,0,0,0,0.0,16,12,4,0.0,0.0,0,
1043,Dwight Freeney,35,ARI,DE,11,0,0,0,0,0,0,3,0,0,0,0,8.0,9,8,1,5.0,9.0,0,
1044,Thomas Gafford,32,CHI,LB,11,0,0,0,0,0,0,0,0,0,0,0,0.0,2,2,0,0.0,0.0,0,
1045,Jordan Kovacs,25,MIA,DB,11,0,0,0,0,0,0,0,0,0,0,0,1.0,3,2,1,1.0,1.0,0,
1046,Lerentee McCray,25,DEN,LB,11,0,0,0,0,0,0,0,0,0,0,0,0.5,15,9,6,1.0,1.0,0,
1047,C.J. Mosley,32,MIA,DT,11,0,0,0,0,0,0,0,0,0,0,0,0.0,7,4,3,1.0,2.0,0,
1048,Cody Riggs,24,TEN,DB,11,0,0,0,0,0,2,1,0,1,0,0,0.0,14,14,0,1.0,0.0,0,
1049,Jeremy Ross,27,2TM,WR,11,0,0,0,0,0,0,0,4,1,0,0,0.0,1,1,0,0.0,0.0,0,
1049,Jeremy Ross,27,BAL,WR,5,0,0,0,0,0,0,0,2,0,0,0,0.0,1,1,0,0.0,0.0,0,
1049,Jeremy Ross,27,OAK,WR,6,0,0,0,0,0,0,0,2,1,0,0,0.0,0,0,0,0.0,0.0,0,
1050,Jordan Todman,25,PIT,RB,11,0,0,0,0,0,0,0,0,0,0,0,0.0,4,2,2,0.0,0.0,0,
1051,Vontaze Burfict,25,CIN,RLB,10,10,2,16,0,16,5,0,0,0,0,0,1.0,74,57,17,6.0,4.0,0,
1052,Joe Flacco,30,BAL,QB,10,10,0,0,0,0,0,0,5,3,-22,0,0.0,0,0,0,,,0,
1053,Greg Toler,30,IND,LCB,10,10,0,0,0,0,10,1,0,0,0,0,0.0,51,44,7,0.0,0.0,0,
1054,Cary Williams,31,SEA,RCB,10,10,0,0,0,0,4,1,0,1,8,1,1.0,46,30,16,1.0,1.0,0,
1055,Markus Kuhn,29,NYG,LDT/RDT,10,9,0,0,0,0,0,0,0,1,8,0,0.5,20,9,11,1.0,3.0,0,
1056,Patrick Lewis,24,SEA,C,10,9,0,0,0,0,0,0,2,0,-21,0,0.0,0,0,0,,,0,
1057,Peyton Manning,39,DEN,QB,10,9,0,0,0,0,0,0,1,0,0,0,0.0,0,0,0,,,0,
1058,Derrick Morgan,26,TEN,LOLB,10,9,0,0,0,0,2,1,0,0,0,0,4.5,24,17,7,5.0,10.0,0,
1059,Stevie Johnson,29,SDG,WR,10,8,0,0,0,0,0,0,1,1,0,0,0.0,0,0,0,0.0,0.0,0,
1060,Glenn Dorsey,30,SFO,LDE,10,7,0,0,0,0,0,0,0,0,0,0,0.0,18,16,2,0.0,4.0,0,
1061,LaMarr Woodley,31,ARI,LOLB,10,7,0,0,0,0,1,0,0,0,0,0,1.0,10,9,1,5.0,2.0,0,
1062,Donteea Dye,22,TAM,WR,10,5,0,0,0,0,0,0,1,0,0,0,0.0,4,3,1,0.0,0.0,0,
1063,Sammie Lee Hill,29,TEN,NT,10,5,0,0,0,0,0,0,0,0,0,0,0.0,12,6,6,,,0,
1064,Kavell Conner,28,SDG,LB,10,3,0,0,0,0,1,0,0,0,0,0,0.0,22,19,3,2.0,0.0,0,
1065,Devin Smith,23,NYJ,WR,10,3,0,0,0,0,0,0,1,0,0,0,0.0,3,2,1,0.0,0.0,0,
1066,Blidi Wreh-Wilson,26,TEN,DB,10,3,0,0,0,0,3,0,0,0,0,0,0.0,20,19,1,0.0,0.0,0,
1067,Donald Brown,28,SDG,RB,10,2,0,0,0,0,0,0,1,0,0,0,0.0,4,2,2,0.0,0.0,0,
1068,Marlon Brown,24,BAL,WR,10,2,0,0,0,0,0,0,0,0,0,0,0.0,1,1,0,0.0,0.0,0,
1069,Justin Coleman,22,NWE,DB,10,2,0,0,0,0,5,0,0,1,0,0,0.0,21,17,4,1.0,0.0,0,
1070,Quinton Coples,25,NYJ,DE,10,2,0,0,0,0,0,0,0,1,0,0,0.0,8,4,4,0.0,3.0,0,
1071,Andre Ellington,26,ARI,RB,10,2,0,0,0,0,0,0,1,0,0,0,0.0,0,0,0,,,0,
1072,Corey Lemonier,24,SFO,DE,10,2,0,0,0,0,0,0,0,0,0,0,0.0,12,8,4,0.0,3.0,0,
1073,Craig Mager,23,SDG,DB,10,2,0,0,0,0,2,0,0,0,0,0,0.0,10,9,1,0.0,0.0,0,
1074,Ramik Wilson,23,KAN,LB,10,2,0,0,0,0,0,0,0,1,0,1,0.0,20,13,7,6.0,10.0,0,
1075,T.J. Barnes,25,2TM,DT,10,1,0,0,0,0,1,0,0,0,0,0,0.0,4,1,3,0.0,0.0,0,
1075,T.J. Barnes,25,NYJ,DT,6,0,0,0,0,0,1,0,0,0,0,0,0.0,3,1,2,0.0,0.0,0,
1075,T.J. Barnes,25,BUF,DT,4,1,0,0,0,0,0,0,0,0,0,0,0.0,1,0,1,0.0,0.0,0,
1076,Joplo Bartu,25,2TM,LB,10,1,0,0,0,0,0,0,0,0,0,0,0.0,12,10,2,1.0,0.0,0,
1076,Joplo Bartu,25,ATL,LB,7,1,0,0,0,0,0,0,0,0,0,0,0.0,11,9,2,1.0,0.0,0,
1076,Joplo Bartu,25,JAX,LB,3,0,0,0,0,0,0,0,0,0,0,0,0.0,1,1,0,0.0,0.0,0,
1077,Marcus Cooper,25,KAN,DB,10,1,0,0,0,0,0,0,0,0,0,0,0.0,2,2,0,0.0,0.0,0,
1078,Darqueze Dennard,24,CIN,DB,10,1,1,10,0,10,3,0,0,0,0,0,0.0,20,14,6,0.0,0.0,0,
1079,Jordan Hill,24,SEA,DT,10,1,0,0,0,0,1,0,0,1,0,0,0.0,24,12,12,3.0,3.0,0,
1080,Austin Johnson,26,NOR,RB,10,1,0,0,0,0,0,0,0,1,0,0,0.0,4,3,1,0.0,0.0,0,
1081,Randell Johnson,24,BUF,LB,10,1,0,0,0,0,0,0,0,1,0,0,0.0,6,4,2,0.0,0.0,0,
1082,De'Anthony Thomas,22,KAN,RB,10,1,0,0,0,0,0,0,2,1,0,0,0.0,0,0,0,0.0,0.0,0,
1083,Jared Abbrederis,25,GNB,WR,10,0,0,0,0,0,0,0,1,0,0,0,0.0,0,0,0,,,0,
1084,Kenjon Barner,26,PHI,RB,10,0,0,0,0,0,0,0,1,0,0,0,0.0,0,0,0,,,0,
1085,Houston Bates,24,WAS,LB,10,0,0,0,0,0,0,0,0,0,0,0,0.0,10,9,1,2.0,0.0,0,
1086,Zackary Bowman,31,MIA,DB,10,0,1,38,0,38,2,0,0,0,0,0,0.0,7,6,1,0.0,0.0,0,
1087,Geremy Davis,23,NYG,WR,10,0,0,0,0,0,0,0,0,1,0,0,0.0,4,3,1,0.0,0.0,0,
1088,Kai Forbath,28,NOR,K,10,0,0,0,0,0,0,0,0,0,0,0,0.0,2,2,0,0.0,0.0,0,
1089,Dan Herron,26,2TM,RB,10,0,0,0,0,0,0,0,1,0,0,0,0.0,1,1,0,0.0,0.0,0,
1089,Dan Herron,26,BUF,RB,4,0,0,0,0,0,0,0,1,0,0,0,0.0,0,0,0,,,0,
1089,Dan Herron,26,IND,RB,6,0,0,0,0,0,0,0,0,0,0,0,0.0,1,1,0,0.0,0.0,0,
1090,T.J. Jones,23,DET,WR,10,0,0,0,0,0,0,0,2,1,0,0,0.0,1,1,0,0.0,0.0,0,
1091,Raheem Mostert,23,2TM,RB,10,0,0,0,0,0,0,0,1,0,0,0,0.0,1,1,0,0.0,0.0,0,
1091,Raheem Mostert,23,BAL,RB,7,0,0,0,0,0,0,0,0,0,0,0,0.0,1,1,0,0.0,0.0,0,
1091,Raheem Mostert,23,CLE,RB,3,0,0,0,0,0,0,0,1,0,0,0,0.0,0,0,0,,,0,
1092,Zurlon Tipton,25,IND,RB,10,0,0,0,0,0,0,0,0,0,0,0,0.0,3,1,2,0.0,0.0,0,
1093,Korey Toomer,27,OAK,LB,10,0,0,0,0,0,0,0,0,0,0,0,0.0,4,4,0,0.0,0.0,0,
1094,Bjoern Werner,25,IND,DE,10,0,0,0,0,0,0,0,0,1,0,0,0.0,13,7,6,3.0,0.0,0,
1095,Henry Anderson,24,IND,RDT,9,9,0,0,0,0,2,0,0,0,0,0,1.0,31,19,12,5.0,4.0,0,
1096,Chris Canty,33,BAL,RDE,9,9,0,0,0,0,1,0,0,0,0,0,1.0,19,11,8,4.0,4.0,0,
1097,Julian Edelman,29,NWE,WR,9,9,0,0,0,0,0,0,1,1,0,0,0.0,0,0,0,0.0,0.0,0,
1098,Johnathan Hankins,23,NYG,RDT,9,9,0,0,0,0,1,1,0,0,0,0,0.0,30,21,9,1.0,2.0,0,
1099,DeSean Jackson,29,WAS,WR,9,9,0,0,0,0,0,0,1,0,0,0,0.0,1,1,0,0.0,0.0,0,
1100,Charles Johnson,29,CAR,LDE,9,9,0,0,0,0,1,0,0,0,0,0,1.0,12,5,7,2.0,4.0,0,
1101,Devon Kennard,24,NYG,LLB,9,9,1,0,0,0,4,0,0,0,0,0,0.0,58,37,21,2.0,5.0,0,
1102,Perry Riley,27,WAS,RILB,9,9,2,7,0,7,3,0,0,0,0,0,0.0,43,23,20,1.0,1.0,0,
1103,Alshon Jeffery,25,CHI,WR,9,8,0,0,0,0,0,0,1,1,0,0,0.0,0,0,0,0.0,0.0,0,
1104,Colin Kaepernick,28,SFO,QB,9,8,0,0,0,0,0,0,5,2,-3,0,0.0,0,0,0,,,0,
1105,Keshawn Martin,25,NWE,WR,9,8,0,0,0,0,0,0,1,0,0,0,0.0,0,0,0,,,0,
1106,Michael Ola,27,DET,RT,9,7,0,0,0,0,0,0,0,1,0,0,0.0,0,0,0,,,0,
1107,Trent Robinson,25,WAS,SS,9,7,1,8,0,8,1,0,0,0,0,0,0.0,52,34,18,1.0,2.0,0,
1108,Aldon Smith,26,OAK,LLB,9,7,0,0,0,0,3,0,0,0,0,0,3.5,28,21,7,5.0,8.0,0,
1109,Johnny Manziel,23,CLE,QB,9,6,0,0,0,0,0,0,6,0,0,0,0.0,0,0,0,0.0,0.0,0,
1110,Leodis McKelvin,30,BUF,RCB,9,5,2,0,0,0,9,0,2,1,0,0,0.0,32,25,7,1.0,0.0,0,
1111,Bryce Callahan,24,CHI,DB,9,3,0,0,0,0,3,0,0,0,0,0,1.0,21,20,1,4.0,1.0,0,
1112,Brenton Bersin,25,CAR,WR,9,2,0,0,0,0,0,0,1,0,0,0,0.0,1,1,0,0.0,0.0,0,
1113,Adrian Phillips,23,SDG,DB,9,2,1,39,0,39,1,0,0,0,0,0,0.0,19,12,7,1.0,0.0,0,
1114,Edmond Robinson,23,MIN,LB,9,2,0,0,0,0,1,0,0,0,0,0,0.0,10,7,3,0.0,0.0,0,
1115,B.W. Webb,25,TEN,DB,9,2,1,0,0,0,2,0,0,0,0,0,0.0,22,20,2,1.0,0.0,0,
1116,Philip Wheeler,31,ATL,LB,9,2,0,0,0,0,0,1,0,0,0,0,1.0,29,21,8,1.0,1.0,0,
1117,Major Wright,27,TAM,DB,9,2,0,0,0,0,3,0,0,0,0,0,0.0,25,16,9,1.0,0.0,0,
1118,Justin Gilbert,24,CLE,DB,9,1,0,0,0,0,1,0,0,0,0,0,0.0,10,10,0,0.0,0.0,0,
1119,Justin Hardy,24,ATL,WR,9,1,0,0,0,0,0,0,0,0,0,0,0.0,2,2,0,0.0,0.0,0,
1120,Charles James,25,HOU,DB,9,1,0,0,0,0,1,0,0,0,0,0,0.0,19,12,7,1.0,0.0,0,
1121,Rontez Miles,27,NYJ,DB,9,1,1,11,0,11,1,0,0,0,0,0,0.0,24,15,9,0.0,0.0,0,
1122,Omar Bolden,27,DEN,DB,9,0,0,0,0,0,0,0,1,1,0,0,0.0,5,3,2,0.0,0.0,0,
1123,Ryan Delaire,23,CAR,DE,9,0,0,0,0,0,0,0,0,0,0,0,2.5,8,7,1,3.0,5.0,0,
1124,Kurtis Drummond,23,HOU,DB,9,0,0,0,0,0,0,1,0,0,0,0,0.0,14,12,2,0.0,0.0,0,
1125,Kenrick Ellis,28,MIN,DT,9,0,0,0,0,0,0,0,0,0,0,0,0.0,5,3,2,0.0,0.0,0,
1126,Kendall Gaskins,25,SFO,RB,9,0,0,0,0,0,0,0,0,0,0,0,0.0,2,2,0,0.0,0.0,0,
1127,Bruce Gaston,24,2TM,DT,9,0,0,0,0,0,0,0,0,0,0,0,1.0,12,9,3,1.0,5.0,0,
1127,Bruce Gaston,24,GNB,DT,2,0,0,0,0,0,0,0,0,0,0,0,0.0,1,1,0,0.0,0.0,0,
1127,Bruce Gaston,24,CHI,DT,7,0,0,0,0,0,0,0,0,0,0,0,1.0,11,8,3,1.0,5.0,0,
1128,Rashad Greene,23,JAX,WR,9,0,0,0,0,0,0,0,1,1,0,0,0.0,0,0,0,0.0,0.0,0,
1129,Obum Gwacham,24,NOR,DE,9,0,0,0,0,0,0,1,0,1,0,0,2.5,8,7,1,2.0,4.0,0,
1130,Frankie Hammond,25,KAN,WR,9,0,0,0,0,0,0,0,2,1,0,0,0.0,1,1,0,0.0,0.0,0,
1131,Roy Helu,27,OAK,RB,9,0,0,0,0,0,0,0,0,1,0,0,0.0,0,0,0,0.0,0.0,0,
1132,Darius Kilgo,24,DEN,DE,9,0,0,0,0,0,1,0,0,0,0,0,0.0,6,5,1,0.0,0.0,0,
1133,Tony Lippett,23,MIA,WR,9,0,0,0,0,0,1,0,0,0,0,0,0.0,13,12,1,0.0,0.0,0,
1134,Joe Mays,30,SDG,LB,9,0,0,0,0,0,0,0,0,0,0,0,0.0,6,3,3,0.0,0.0,0,
1135,Rashaan Melvin,26,2TM,DB,9,0,0,0,0,0,0,0,0,0,0,0,0.0,7,5,2,0.0,0.0,0,
1135,Rashaan Melvin,26,BAL,DB,1,0,0,0,0,0,0,0,0,0,0,0,0.0,1,1,0,0.0,0.0,0,
1135,Rashaan Melvin,26,NWE,DB,8,0,0,0,0,0,0,0,0,0,0,0,0.0,6,4,2,0.0,0.0,0,
1136,Jumal Rolle,25,2TM,DB,9,0,0,0,0,0,0,0,0,0,0,0,0.0,3,1,2,0.0,0.0,0,
1136,Jumal Rolle,25,HOU,DB,8,0,0,0,0,0,0,0,0,0,0,0,0.0,2,0,2,0.0,0.0,0,
1136,Jumal Rolle,25,BAL,DB,1,0,0,0,0,0,0,0,0,0,0,0,0.0,1,1,0,0.0,0.0,0,
1137,Neal Sterling,23,JAX,WR,9,0,0,0,0,0,0,0,0,0,0,0,0.0,1,1,0,0.0,0.0,0,
1138,Marcus Thigpen,29,2TM,RB,9,0,0,0,0,0,0,0,3,1,0,0,0.0,0,0,0,0.0,0.0,0,
1138,Marcus Thigpen,29,OAK,RB,1,0,0,0,0,0,0,0,1,0,0,0,0.0,0,0,0,,,0,
1138,Marcus Thigpen,29,BUF,RB,8,0,0,0,0,0,0,0,2,1,0,0,0.0,0,0,0,0.0,0.0,0,
1139,Brandon Thompson,26,CIN,DT,9,0,0,0,0,0,0,0,0,0,0,0,0.5,8,4,4,3.0,2.0,0,
1140,Tavon Wilson,25,NWE,DB,9,0,0,0,0,0,1,0,0,0,0,0,0.0,13,10,3,0.0,1.0,0,
1141,Keenan Allen,23,SDG,WR,8,8,0,0,0,0,0,0,1,0,0,0,0.0,0,0,0,0.0,0.0,0,
1142,Larry Donnell,27,NYG,TE,8,8,0,0,0,0,0,0,0,1,0,0,0.0,0,0,0,0.0,0.0,0,
1143,Blaine Gabbert,26,SFO,QB,8,8,0,0,0,0,0,0,4,1,-15,0,0.0,0,0,0,0.0,0.0,0,
1144,Matt Hasselbeck,40,IND,QB,8,8,0,0,0,0,0,0,3,0,0,0,0.0,0,0,0,,,0,
1145,Andrew Hawkins,29,CLE,WR,8,8,0,0,0,0,0,0,1,0,0,0,0.0,0,0,0,0.0,0.0,0,
1146,Josh McCown,36,CLE,QB,8,8,0,0,0,0,0,0,9,0,-4,0,0.0,0,0,0,0.0,0.0,0,
1147,Jason Pierre-Paul,26,NYG,RDE,8,8,0,0,0,0,6,0,0,2,0,0,1.0,26,21,5,4.0,7.0,0,
1148,Matt Cassel,33,DAL,QB,8,7,0,0,0,0,0,0,4,3,0,0,0.0,0,0,0,0.0,0.0,0,
1149,Drew Nowak,25,SEA,C,8,7,0,0,0,0,0,0,1,0,-12,0,0.0,0,0,0,,,0,
1150,Brock Osweiler,25,DEN,QB,8,7,0,0,0,0,0,0,4,2,-3,0,0.0,0,0,0,,,0,
1151,Robert Quinn,25,STL,RDE,8,7,0,0,0,0,3,3,0,0,0,0,5.0,21,13,8,5.0,7.0,0,
1152,Akeem Spence,24,TAM,RDT,8,7,0,0,0,0,0,0,0,0,0,0,1.0,11,8,3,1.0,5.0,0,
1153,Bryan Stork,25,NWE,C,8,6,0,0,0,0,0,0,0,1,0,0,0.0,0,0,0,0.0,0.0,0,
1154,Jordan Hicks,23,PHI,RILB,8,5,2,67,1,67,3,1,0,3,11,0,1.0,50,43,7,1.0,1.0,0,
1155,Jalil Brown,28,IND,DB,8,4,0,0,0,0,3,0,0,0,0,0,0.0,22,19,3,0.0,1.0,0,
1156,Josh Wilson,30,DET,DB,8,4,0,0,0,0,1,0,0,1,0,0,0.5,32,27,5,3.0,1.0,0,
1157,Stedman Bailey,25,STL,WR,8,3,0,0,0,0,0,0,0,1,0,0,0.0,2,2,0,0.0,0.0,0,
1158,Tim Hightower,29,NOR,RB,8,3,0,0,0,0,0,0,0,0,0,0,0.0,2,1,1,0.0,0.0,0,
1159,Mike Purcell,24,SFO,DT,8,3,0,0,0,0,0,0,0,0,0,0,1.0,15,11,4,1.0,1.0,0,
1160,Garrett Graham,29,HOU,TE,8,2,0,0,0,0,0,0,0,1,0,0,0.0,0,0,0,0.0,0.0,0,
1161,Javontee Herndon,24,SDG,WR,8,2,0,0,0,0,0,0,2,0,0,0,0.0,1,1,0,0.0,0.0,0,
1162,Wes Horton,25,CAR,DE,8,2,0,0,0,0,0,0,0,0,0,0,1.0,7,4,3,2.0,4.0,0,
1163,Nate Irving,27,IND,LB,8,2,0,0,0,0,2,1,0,0,0,0,1.0,14,12,2,3.0,1.0,0,
1164,Hayes Pullard,23,JAX,LB,8,2,0,0,0,0,0,0,0,0,0,0,0.0,24,17,7,1.0,1.0,0,
1165,Josh Bush,26,DEN,DB,8,1,1,13,0,13,1,1,0,0,0,0,0.0,13,13,0,0.0,0.0,0,
1166,Marcus Cromartie,25,SFO,DB,8,1,0,0,0,0,2,0,0,0,0,0,0.0,12,10,2,2.0,3.0,0,
1167,Jarryd Hayne,27,SFO,RB,8,1,0,0,0,0,0,0,3,0,0,0,0.0,2,1,1,0.0,0.0,0,
1168,Orie Lemon,28,TAM,LB,8,1,0,0,0,0,0,0,0,0,0,0,0.0,4,3,1,1.0,0.0,0,
1169,Branden Oliver,24,SDG,RB,8,1,0,0,0,0,0,0,0,0,0,0,0.0,2,2,0,0.0,0.0,0,
1170,Crezdon Butler,28,DET,DB,8,0,0,0,0,0,0,0,0,0,0,0,0.0,3,3,0,0.0,0.0,0,
1171,Jeremy Butler,24,BAL,WR,8,0,0,0,0,0,0,0,1,0,0,0,0.0,0,0,0,0.0,0.0,0,
1172,Jerome Couplin,24,PHI,DB,8,0,0,0,0,0,0,0,0,0,0,0,0.0,5,4,1,0.0,0.0,0,
1173,Brock Coyle,25,SEA,LB,8,0,0,0,0,0,0,0,0,0,0,0,0.0,6,2,4,0.0,0.0,0,
1174,Charles Godfrey,30,ATL,DB,8,0,0,0,0,0,1,1,0,0,0,0,0.0,12,10,2,0.0,0.0,0,
1175,Ladarius Gunter,23,GNB,DB,8,0,0,0,0,0,0,0,0,0,0,0,0.0,2,2,0,0.0,0.0,0,
1176,Ricardo Lockette,29,SEA,WR,8,0,0,0,0,0,0,0,0,0,0,0,0.0,4,4,0,0.0,0.0,0,
1177,Ronald Martin,22,NYJ,DB,8,0,0,0,0,0,0,0,0,0,0,0,0.0,1,1,0,0.0,0.0,0,
1178,Chris McCain,24,MIA,LB,8,0,0,0,0,0,0,1,0,0,0,0,1.0,2,2,0,0.0,1.0,0,
1179,L.J. McCray,24,SFO,DB,8,0,0,0,0,0,0,0,0,0,0,0,0.0,5,4,1,0.0,0.0,0,
1180,Terrance Mitchell,23,2TM,DB,8,0,1,-2,0,0,3,1,0,0,0,0,1.0,13,10,3,0.0,1.0,0,
1180,Terrance Mitchell,23,CHI,DB,5,0,0,0,0,0,1,0,0,0,0,0,0.0,1,1,0,0.0,0.0,0,
1180,Terrance Mitchell,23,DAL,DB,3,0,1,-2,0,-2,2,1,0,0,0,0,1.0,12,9,3,0.0,1.0,0,
1181,Darius Philon,21,SDG,DT,8,0,0,0,0,0,1,0,0,0,0,0,0.0,5,4,1,2.0,2.0,0,
1182,Pat Sims,30,CIN,DT,8,0,0,0,0,0,0,0,0,0,0,0,0.0,16,4,12,0.0,3.0,0,
1183,Zac Stacy,24,NYJ,RB,8,0,0,0,0,0,0,0,0,0,0,0,0.0,2,2,0,0.0,0.0,0,
1184,Josh Thomas,26,IND,DB,8,0,0,0,0,0,2,0,0,0,0,0,0.0,4,4,0,0.0,0.0,0,
1185,Jason Trusnik,31,MIN,DE,8,0,0,0,0,0,0,0,0,0,0,0,0.0,11,10,1,0.0,0.0,0,
1186,Tray Walker,23,BAL,DB,8,0,0,0,0,0,0,0,0,0,0,0,0.0,2,2,0,0.0,0.0,0,
1187,Antoine Bethea,31,SFO,SS,7,7,0,0,0,0,2,0,0,0,0,0,1.0,44,32,12,2.0,2.0,0,
1188,Carlos Hyde,25,SFO,RB,7,7,0,0,0,0,0,0,1,0,0,0,0.0,0,0,0,,,0,
1189,Ja'Wuan James,23,MIA,RT,7,7,0,0,0,0,0,0,0,1,0,0,0.0,0,0,0,0.0,0.0,0,
1190,Andrew Luck,26,IND,QB,7,7,0,0,0,0,0,0,3,2,0,0,0.0,0,0,0,0.0,0.0,0,
1191,Rashean Mathis,35,DET,RCB,7,7,1,0,0,0,4,1,0,0,0,0,0.0,31,28,3,3.0,0.0,0,
1192,Antrel Rolle,33,CHI,FS,7,7,0,0,0,0,1,0,0,0,0,0,0.0,35,30,5,0.0,0.0,0,
1193,Cameron Wake,33,MIA,LDE,7,7,0,0,0,0,1,4,0,0,0,0,7.0,9,7,2,3.0,7.0,0,
1194,Dion Lewis,25,NWE,RB,7,6,0,0,0,0,0,0,2,0,0,0,0.0,0,0,0,,,0,
1195,Rahim Moore,25,HOU,FS,7,6,1,17,0,17,2,0,1,0,0,0,0.0,16,10,6,0.0,0.0,0,
1196,Zach Mettenberger,24,TEN,QB,7,4,0,0,0,0,0,0,4,1,-6,0,0.0,0,0,0,0.0,0.0,0,
1197,A.J. McCarron,25,CIN,QB,7,3,0,0,0,0,0,0,1,0,-10,0,0.0,0,0,0,,,0,
1198,James O'Shaughnessy,23,KAN,TE,7,3,0,0,0,0,0,0,0,0,0,0,0.0,1,1,0,0.0,0.0,0,
1199,John Timu,23,CHI,LB,7,3,0,0,0,0,0,0,0,2,0,0,0.0,24,21,3,1.0,0.0,0,
1200,Landry Jones,26,PIT,QB,7,2,0,0,0,0,0,0,1,0,0,0,0.0,0,0,0,,,0,
1201,EJ Manuel,25,BUF,QB,7,2,0,0,0,0,0,0,2,0,0,0,0.0,0,0,0,,,0,
1202,Damian Swann,23,NOR,DB,7,2,0,0,0,0,4,0,0,0,0,0,0.0,22,20,2,1.0,1.0,0,
1203,Kenbrell Thompkins,27,NYJ,WR,7,2,0,0,0,0,0,0,0,0,0,0,0.0,1,0,1,0.0,0.0,0,
1204,Dion Bailey,23,2TM,DB,7,2,0,0,0,0,2,0,0,0,0,0,0.5,22,16,6,0.0,1.0,0,
1204,Dion Bailey,23,SEA,DB,2,1,0,0,0,0,0,0,0,0,0,0,0.0,4,3,1,0.0,0.0,0,
1204,Dion Bailey,23,NYJ,DB,5,1,0,0,0,0,2,0,0,0,0,0,0.5,18,13,5,0.0,1.0,0,
1205,Alex Carrington,28,BUF,DE,7,1,0,0,0,0,0,0,0,0,0,0,0.0,8,5,3,0.0,2.0,0,
1206,David Cobb,22,TEN,RB,7,1,0,0,0,0,0,0,0,1,0,0,0.0,0,0,0,0.0,0.0,0,
1207,Audie Cole,26,MIN,LB,7,1,0,0,0,0,0,0,0,1,0,0,0.0,3,3,0,0.0,0.0,0,
1208,Toby Gerhart,28,JAX,RB,7,1,0,0,0,0,0,0,0,1,1,0,0.0,1,1,0,0.0,0.0,0,
1209,Demontre Hurst,24,CHI,DB,7,1,0,0,0,0,0,0,0,0,0,0,0.0,5,4,1,0.0,2.0,0,
1210,James Stone,23,ATL,G,7,1,0,0,0,0,0,0,1,0,-3,0,0.0,0,0,0,,,0,
1211,Corey White,25,DAL,DB,7,1,0,0,0,0,3,0,1,0,0,0,0.0,6,6,0,1.0,0.0,0,
1212,Gabe Wright,23,DET,DT,7,1,0,0,0,0,0,0,0,0,0,0,0.0,6,5,1,1.0,0.0,0,
1213,Anthony Chickillo,23,PIT,DE,7,0,0,0,0,0,0,1,0,1,0,0,0.0,6,4,2,0.0,0.0,0,
1214,Chris Clemons,30,ARI,DB,7,0,0,0,0,0,0,0,0,1,0,0,0.0,5,4,1,0.0,0.0,0,
1215,Jermelle Cudjo,29,DET,DT,7,0,0,0,0,0,0,0,0,0,0,0,0.0,7,5,2,0.0,2.0,0,
1216,Shelby Harris,24,OAK,DE,7,0,0,0,0,0,0,0,0,0,0,0,1.0,12,9,3,1.0,2.0,0,
1217,Montori Hughes,25,NYG,DT,7,0,0,0,0,0,0,0,0,0,0,0,0.0,6,3,3,3.0,0.0,0,
1218,Margus Hunt,28,CIN,DE,7,0,0,0,0,0,0,0,0,0,0,0,0.0,2,1,1,0.0,0.0,0,
1219,Brad Jones,29,PHI,LB,7,0,0,0,0,0,0,0,0,0,0,0,0.0,5,4,1,0.0,0.0,0,
1220,Josh Keyes,22,TAM,LB,7,0,0,0,0,0,0,0,0,0,0,0,0.0,7,4,3,1.0,0.0,0,
1221,Chris Lewis-Harris,26,CIN,DB,7,0,0,-1,0,-1,0,0,0,0,0,0,0.0,4,4,0,0.0,1.0,0,
1222,Tre McBride,23,TEN,WR,7,0,0,0,0,0,0,1,0,0,0,0,0.0,5,5,0,0.0,0.0,0,
1223,Rakeem Nunez-Roches,22,KAN,DE,7,0,0,0,0,0,0,0,0,0,0,0,0.0,4,4,0,0.0,0.0,0,
1224,Bernard Pierce,24,JAX,RB,7,0,0,0,0,0,0,0,0,0,0,0,0.0,1,0,1,0.0,0.0,0,
1225,Tony Steward,23,BUF,LB,7,0,0,0,0,0,0,0,0,0,0,0,0.0,2,1,1,0.0,0.0,0,
1226,Brandon Watts,24,MIN,LB,7,0,0,0,0,0,0,0,0,0,0,0,0.0,7,6,1,0.0,0.0,0,
1227,Tyrell Williams,23,SDG,WR,7,0,0,0,0,0,0,0,0,0,0,0,0.0,1,1,0,,,0,
1228,George Winn,25,DET,RB,7,0,0,0,0,0,0,0,0,0,0,0,0.0,5,4,1,0.0,0.0,0,
1229,Le'Veon Bell,23,PIT,RB,6,6,0,0,0,0,0,0,0,1,0,0,0.0,0,0,0,0.0,0.0,0,
1230,Chris Culliver,27,WAS,RCB,6,6,0,0,0,0,1,0,0,0,0,0,0.0,16,13,3,0.0,0.0,0,
1231,Clinton McDonald,28,TAM,RDT,6,6,0,0,0,0,0,0,0,0,0,0,0.0,31,21,10,2.0,0.0,0,
1232,Joseph Randle,24,DAL,RB,6,6,0,0,0,0,0,0,1,1,0,0,0.0,0,0,0,0.0,0.0,0,
1233,Kyle Williams,32,BUF,LDT,6,6,0,0,0,0,0,0,0,0,0,0,1.0,14,6,8,2.0,6.0,0,
1234,Case Keenum,27,STL,QB,6,5,0,0,0,0,0,0,3,0,-12,0,0.0,0,0,0,,,0,
1235,Dannell Ellerbe,30,NOR,LB,6,4,0,0,0,0,1,1,0,1,0,0,0.0,39,34,5,0.0,1.0,0,
1236,Charles Gaines,23,CLE,DB,6,4,0,0,0,0,2,1,0,0,0,0,0.0,15,15,0,0.0,0.0,0,
1237,Jon Feliciano,23,OAK,G,6,3,0,0,0,0,0,0,0,1,0,0,0.0,0,0,0,,,0,
1238,Tim Jennings,32,TAM,DB,6,3,0,0,0,0,1,0,0,1,0,0,0.0,17,12,5,1.0,0.0,0,
1239,Ed Reynolds,24,PHI,DB,6,3,1,7,0,7,1,0,0,0,0,0,0.0,21,16,5,1.0,0.0,0,
1240,James Anderson,32,NOR,LB,6,2,0,0,0,0,0,0,0,0,0,0,0.0,16,11,5,0.0,1.0,0,
1241,Neiron Ball,23,OAK,LB,6,2,0,0,0,0,0,0,0,1,0,0,1.0,9,7,2,1.0,1.0,0,
1242,Jeremy Lane,25,SEA,DB,6,2,2,60,0,54,6,0,0,0,0,0,0.0,13,11,2,0.0,0.0,0,
1243,Travaris Cadet,26,2TM,RB,6,1,0,0,0,0,0,0,1,0,0,0,0.0,1,0,1,0.0,0.0,0,
1243,Travaris Cadet,26,SFO,RB,4,0,0,0,0,0,0,0,0,0,0,0,0.0,1,0,1,0.0,0.0,0,
1243,Travaris Cadet,26,NOR,RB,2,1,0,0,0,0,0,0,1,0,0,0,0.0,0,0,0,,,0,
1244,Shamiel Gary,25,MIA,DB,6,1,0,0,0,0,0,0,0,0,0,0,0.0,11,8,3,0.0,0.0,0,
1245,Damion Square,26,SDG,DE,6,1,0,0,0,0,0,0,0,1,0,0,0.0,6,5,1,0.0,2.0,0,
1246,Darren Waller,23,BAL,WR,6,1,0,0,0,0,0,0,0,0,0,0,0.0,3,3,0,0.0,0.0,0,
1247,Zach Zenner,24,DET,RB,6,1,0,0,0,0,0,0,0,0,0,0,0.0,1,0,1,0.0,0.0,0,
1248,Allen Bradford,27,ATL,RB,6,0,0,0,0,0,0,1,0,0,0,0,0.0,7,6,1,0.0,0.0,0,
1249,Red Bryant,31,ARI,DE,6,0,0,0,0,0,0,0,0,0,0,0,0.0,5,3,2,0.0,0.0,0,
1250,B.J. Daniels,27,SEA,QB,6,0,0,0,0,0,0,0,0,0,0,0,0.0,1,1,0,0.0,0.0,0,
1251,Lorenzo Doss,21,DEN,DB,6,0,0,0,0,0,0,0,0,0,0,0,0.0,1,1,0,0.0,0.0,0,
1252,Darius Fleming,26,NWE,LB,6,0,0,0,0,0,0,0,0,0,0,0,0.0,4,2,2,0.0,0.0,0,
1253,Corey Grant,24,JAX,RB,6,0,0,0,0,0,0,0,1,0,0,0,0.0,0,0,0,,,0,
1254,Zach Hocker,24,NOR,K,6,0,0,0,0,0,0,0,0,0,0,0,0.0,1,0,1,0.0,0.0,0,
1255,Rob Housler,27,CLE,TE,6,0,0,0,0,0,0,0,0,0,0,0,0.0,2,2,0,0.0,0.0,0,
1256,Jackson Jeffcoat,24,WAS,DE,6,0,0,0,0,0,0,1,0,0,0,0,0.0,4,4,0,0.0,0.0,0,
1257,Isaiah Johnson,23,DET,DB,6,0,0,0,0,0,0,0,0,0,0,0,0.0,1,1,0,0.0,0.0,0,
1258,Keenan Lewis,29,NOR,DB,6,0,0,0,0,0,2,0,0,0,0,0,0.0,6,6,0,0.0,0.0,0,
1259,Dexter McDonald,24,OAK,DB,6,0,0,0,0,0,0,0,0,0,0,0,0.0,5,5,0,0.0,0.0,0,
1260,Denarius Moore,27,BUF,WR,6,0,0,0,0,0,0,0,1,0,0,0,0.0,0,0,0,,,0,
1261,James Morris,24,NYG,LB,6,0,0,0,0,0,0,0,0,0,0,0,0.0,2,2,0,0.0,0.0,0,
1262,Andy Mulumba,25,GNB,LB,6,0,0,0,0,0,0,0,0,0,0,0,0.0,4,2,2,0.0,0.0,0,
1263,Jeoffrey Pagan,22,HOU,DE,6,0,0,0,0,0,0,0,0,0,0,0,0.0,1,0,1,0.0,0.0,0,
1264,Dashaun Phillips,24,WAS,DB,6,0,0,0,0,0,0,0,0,0,0,0,0.0,5,4,1,0.0,0.0,0,
1265,Eric Pinkins,24,SEA,DB,6,0,0,0,0,0,0,0,0,0,0,0,0.0,2,2,0,0.0,0.0,0,
1266,Chris Smith,23,JAX,DE,6,0,0,0,0,0,1,0,0,0,0,0,0.5,10,8,2,1.0,2.0,0,
1267,Cooper Taylor,25,NYG,DB,6,0,0,0,0,0,0,0,0,0,0,0,0.0,11,6,5,2.0,0.0,0,
1268,Khyri Thornton,26,DET,DT,6,0,0,0,0,0,0,0,0,0,0,0,0.0,5,3,2,2.0,0.0,0,
1269,Brent Urban,24,BAL,DE,6,0,0,0,0,0,0,0,0,0,0,0,1.0,11,6,5,1.0,1.0,0,
1270,Ross Ventrone,29,PIT,DB,6,0,0,0,0,0,0,0,0,0,0,0,0.0,3,2,1,0.0,0.0,0,
1271,Kerwynn Williams,24,ARI,RB,6,0,0,0,0,0,0,0,1,0,0,0,0.0,2,1,1,0.0,0.0,0,
1272,Jamaal Charles,29,KAN,RB,5,5,0,0,0,0,0,0,3,0,0,0,0.0,0,0,0,0.0,0.0,0,
1273,Joe Haden,26,CLE,LCB,5,5,0,0,0,0,2,0,0,1,0,0,0.0,22,18,4,0.0,0.0,0,
1274,Percy Harvin,27,BUF,WR,5,5,0,0,0,0,0,0,1,0,0,0,0.0,0,0,0,0.0,0.0,0,
1275,Justin Tuck,32,OAK,LDE,5,5,0,0,0,0,3,0,0,0,0,0,1.0,14,7,7,3.0,5.0,0,
1276,Jon Beason,30,NYG,LB,5,4,0,0,0,0,0,0,0,0,0,0,0.0,18,11,7,0.0,0.0,0,
1277,Nate Allen,28,OAK,DB,5,3,1,5,0,5,2,0,0,0,0,0,0.0,11,7,4,1.0,0.0,0,
1278,Michael Vick,35,PIT,QB,5,3,0,0,0,0,0,0,2,1,0,0,0.0,0,0,0,0.0,0.0,0,
1279,Chris Watt,25,SDG,G,5,3,0,0,0,0,0,0,1,0,0,0,0.0,0,0,0,,,0,
1280,Brandon Bair,31,PHI,DE,5,2,0,0,0,0,3,0,0,0,0,0,0.0,11,6,5,0.0,0.0,0,
1281,Ayodeji Olatoye,24,DAL,DB,5,2,1,0,0,0,1,0,0,0,0,0,0.0,13,10,3,,,0,
1282,Mike Gillislee,25,BUF,RB,5,1,0,0,0,0,0,0,1,0,0,0,0.0,0,0,0,,,0,
1283,Joe Banyard,27,JAX,RB,5,0,0,0,0,0,0,0,0,0,0,0,0.0,4,3,1,0.0,0.0,0,
1284,Kenny Demens,25,ARI,LB,5,0,0,0,0,0,0,0,0,0,0,0,0.0,3,2,1,0.0,0.0,0,
1285,Carlos Fields,25,WAS,LB,5,0,0,0,0,0,0,0,0,0,0,0,0.0,4,3,1,0.0,0.0,0,
1286,Cortland Finnegan,31,CAR,DB,5,0,0,0,0,0,1,0,0,0,0,0,0.0,18,15,3,0.0,1.0,0,
1287,Chris Harper,22,NWE,WR,5,0,0,0,0,0,0,0,1,0,0,0,0.0,0,0,0,,,0,
1288,Tramain Jacobs,23,NYG,DB,5,0,0,0,0,0,0,0,0,0,0,0,0.0,3,3,0,0.0,0.0,0,
1289,Akeem King,23,ATL,DB,5,0,0,0,0,0,1,0,0,0,0,0,0.0,1,1,0,0.0,0.0,0,
1290,Keenan Lambert,23,OAK,DB,5,0,0,0,0,0,0,0,0,0,0,0,0.0,1,1,0,,,0,
1291,Kapron Lewis-Moore,25,BAL,DE,5,0,0,0,0,0,0,0,0,0,0,0,0.0,3,3,0,0.0,0.0,0,
1292,Matt Longacre,24,STL,DE,5,0,0,0,0,0,0,0,0,0,0,0,0.0,11,7,4,1.0,2.0,0,
1293,Mike Martin,25,TEN,DT,5,0,0,0,0,0,0,0,0,0,0,0,0.0,3,2,1,0.0,0.0,0,
1294,Dee Milliner,24,NYJ,DB,5,0,0,0,0,0,0,0,0,0,0,0,0.0,1,0,1,0.0,0.0,0,
1295,Earl Okine,25,IND,DE,5,0,0,0,0,0,0,0,0,0,0,0,0.0,5,4,1,1.0,0.0,0,
1296,Ropati Pitoitua,30,TEN,DE,5,0,0,0,0,0,0,1,0,0,0,0,0.0,3,2,1,0.0,0.0,0,
1297,Kevin Reddick,26,BUF,LB,5,0,0,0,0,0,0,0,0,0,0,0,0.0,4,3,1,0.0,0.0,0,
1298,Josh Robinson,23,IND,RB,5,0,0,0,0,0,0,0,1,0,0,0,0.0,0,0,0,,,0,
1299,Josh Robinson,24,MIN,DB,5,0,0,0,0,0,0,0,0,0,0,0,0.0,2,2,0,0.0,0.0,0,
1300,Jacquizz Rodgers,25,CHI,RB,5,0,0,0,0,0,0,0,0,1,0,0,0.0,2,1,1,0.0,0.0,0,
1301,Josh Shirley,23,TAM,LB,5,0,0,0,0,0,0,0,0,0,0,0,0.0,2,2,0,1.0,0.0,0,
1302,Shamar Stephen,24,MIN,DT,5,0,0,0,0,0,0,0,0,1,0,0,0.0,3,2,1,0.0,0.0,0,
1303,Fitzgerald Toussaint,25,PIT,RB,5,0,0,0,0,0,0,0,0,0,0,0,0.0,1,1,0,0.0,0.0,0,
1304,Justin Trattou,27,MIN,DE,5,0,2,14,0,11,2,0,0,0,0,0,0.0,2,2,0,0.0,0.0,0,
1305,C.J. Uzomah,22,CIN,TE,5,0,0,0,0,0,0,0,0,0,0,0,0.0,2,1,1,0.0,0.0,0,
1306,Arian Foster,29,HOU,RB,4,4,0,0,0,0,0,0,2,0,0,0,0.0,0,0,0,,,0,
1307,Jason McCourty,28,TEN,DB,4,4,0,0,0,0,1,0,0,0,0,0,0.0,15,10,5,0.0,0.0,0,
1308,Will Montgomery,32,CHI,C,4,4,0,0,0,0,0,0,1,0,-2,0,0.0,0,0,0,,,0,
1309,Alec Ogletree,24,STL,LB,4,4,0,0,0,0,0,0,0,0,0,0,2.0,42,27,15,4.0,2.0,0,
1310,Tony Romo,35,DAL,QB,4,4,0,0,0,0,0,0,1,1,0,0,0.0,0,0,0,0.0,0.0,0,
1311,Tyrunn Walker,25,DET,DE,4,4,0,0,0,0,0,0,0,0,0,0,0.0,9,5,4,1.0,1.0,0,
1312,Leonard Johnson,25,NWE,DB,4,3,0,0,0,0,3,0,0,0,0,0,0.0,11,8,3,0.0,0.0,0,
1313,Anthony Harris,24,MIN,DB,4,2,0,0,0,0,2,0,0,0,0,0,0.0,15,12,3,0.0,0.0,0,
1314,Sen'Derrick Marks,28,JAX,DT,4,2,0,0,0,0,3,0,0,0,0,0,0.0,6,4,2,2.0,0.0,0,
1315,James Sample,23,JAX,DB,4,2,0,0,0,0,1,0,0,0,0,0,0.0,15,8,7,1.0,0.0,0,
1316,Mark Sanchez,29,PHI,QB,4,2,0,0,0,0,0,0,1,0,0,0,0.0,0,0,0,,,0,
1317,T.J. Yates,28,HOU,QB,4,2,0,0,0,0,0,0,1,0,0,0,0.0,0,0,0,,,0,
1318,Greg Ducre,23,SDG,DB,4,1,0,0,0,0,1,0,0,0,0,0,0.0,8,8,0,0.0,0.0,0,
1319,Ego Ferguson,24,CHI,DT,4,1,0,0,0,0,0,0,0,0,0,0,0.0,3,1,2,0.0,0.0,0,
1320,Andre Fluellen,30,DET,DT,4,1,0,0,0,0,0,0,0,0,0,0,0.0,4,4,0,2.0,1.0,0,
1321,T.J. Graham,26,NOR,WR,4,1,0,0,0,0,0,0,0,0,0,0,0.0,4,1,3,0.0,0.0,0,
1322,DuJuan Harris,27,2TM,RB,4,1,0,0,0,0,0,0,1,1,0,0,0.0,0,0,0,0.0,0.0,0,
1322,DuJuan Harris,27,SEA,RB,2,0,0,0,0,0,0,0,1,0,0,0,0.0,0,0,0,,,0,
1322,DuJuan Harris,27,SFO,RB,2,1,0,0,0,0,0,0,0,1,0,0,0.0,0,0,0,0.0,0.0,0,
1323,Darius Jennings,23,CLE,WR,4,1,0,0,0,0,0,0,1,1,0,0,0.0,0,0,0,0.0,0.0,0,
1324,Kourtnei Brown,27,TAM,LB,4,0,0,0,0,0,0,0,0,0,0,0,0.0,2,2,0,0.0,1.0,0,
1325,Deandre Coleman,24,MIA,DE,4,0,0,0,0,0,0,0,0,0,0,0,0.0,4,4,0,0.0,0.0,0,
1326,Malliciah Goodman,25,ATL,DE,4,0,0,0,0,0,0,0,0,0,0,0,0.0,3,0,3,0.0,1.0,0,
1327,Asa Jackson,26,BAL,DB,4,0,0,0,0,0,0,0,0,0,0,0,0.0,1,1,0,0.0,0.0,0,
1328,Jacoby Jones,31,PIT,WR,4,0,0,0,0,0,0,0,3,1,0,0,0.0,0,0,0,,,0,
1329,Frank Kearse,27,WAS,DT,4,0,0,0,0,0,0,0,0,0,0,0,1.0,4,1,3,1.0,2.0,0,
1330,Shiloh Keo,28,DEN,DB,4,0,1,22,0,22,1,0,0,0,0,0,0.0,5,5,0,0.0,0.0,0,
1331,David King,26,SEA,DE,4,0,0,0,0,0,2,0,0,0,0,0,0.5,3,1,2,0.0,1.0,0,
1332,Eric Martin,24,NWE,LB,4,0,0,0,0,0,0,1,0,0,0,0,0.0,2,2,0,0.0,0.0,0,
1333,Tevin McDonald,23,OAK,DB,4,0,0,0,0,0,0,0,0,0,0,0,0.0,1,0,1,0.0,0.0,0,
1334,Deiontrez Mount,22,TEN,LB,4,0,1,8,0,8,1,0,0,0,0,0,0.0,0,0,0,0.0,0.0,0,
1335,Owamagbe Odighizuwa,23,NYG,DE,4,0,0,0,0,0,0,0,0,0,0,0,0.0,3,2,1,0.0,0.0,0,
1336,D'Joun Smith,23,IND,DB,4,0,0,0,0,0,0,0,0,1,0,0,0.0,1,1,0,0.0,0.0,0,
1337,Tye Smith,22,SEA,DB,4,0,0,0,0,0,0,0,0,0,0,0,0.0,1,0,1,0.0,0.0,0,
1338,J.R. Tavai,22,TEN,LB,4,0,0,0,0,0,0,1,0,0,0,0,1.0,3,3,0,0.0,0.0,0,
1339,Tony Washington,23,JAX,WR,4,0,0,0,0,0,0,0,0,0,0,0,0.0,1,1,0,0.0,0.0,0,
1340,Jaylen Watkins,24,PHI,DB,4,0,0,0,0,0,4,0,0,0,0,0,0.0,4,4,0,0.0,0.0,0,
1341,DeAndrew White,24,SFO,WR,4,0,0,0,0,0,0,0,1,0,0,0,0.0,1,1,0,0.0,0.0,0,
1342,Brandon Williams,28,MIA,TE,4,0,0,0,0,0,0,0,0,0,0,0,0.0,1,1,0,0.0,0.0,0,
1343,Xavier Williams,23,ARI,DT,4,0,0,0,0,0,0,0,0,0,0,0,0.0,2,2,0,0.0,1.0,0,
1344,Phillip Gaines,24,KAN,DB,3,3,0,0,0,0,0,0,0,0,0,0,0.0,6,5,1,0.0,0.0,0,
1345,Kenny Phillips,29,NOR,DB,3,3,0,0,0,0,0,0,0,0,0,0,0.0,12,8,4,0.0,0.0,0,
1346,Aaron Williams,25,BUF,DB,3,3,1,26,0,26,3,0,0,0,0,0,0.0,15,9,6,0.0,1.0,0,
1347,Tarell Brown,30,NWE,DB,3,2,0,0,0,0,0,0,0,0,0,0,0.0,15,11,4,2.0,0.0,0,
1348,Austin Davis,26,CLE,QB,3,2,0,0,0,0,0,0,2,0,0,0,0.0,0,0,0,,,0,
1349,Christine Michael,25,SEA,RB,3,2,0,0,0,0,0,0,0,1,0,0,0.0,0,0,0,0.0,0.0,0,
1350,Kellen Moore,26,DAL,QB,3,2,0,0,0,0,0,0,1,0,-4,0,0.0,0,0,0,0.0,0.0,0,
1351,Jo-Lonn Dunbar,30,NOR,LB,3,1,0,0,0,0,0,0,0,0,0,0,0.0,11,5,6,1.0,0.0,0,
1352,Sean Richardson,25,GNB,DB,3,1,0,0,0,0,0,0,0,0,0,0,0.0,4,4,0,0.0,0.0,0,
1353,Danny Aiken,27,NYG,LS,3,0,0,0,0,0,0,0,1,0,0,0,0.0,0,0,0,,,0,
1354,Derek Anderson,32,CAR,QB,3,0,0,0,0,0,0,0,1,1,0,0,0.0,0,0,0,,,0,
1355,Kenny Anunike,25,DEN,DE,3,0,0,0,0,0,0,0,0,0,0,0,0.0,1,0,1,0.0,0.0,0,
1356,Da'Quan Bowers,25,TAM,DE,3,0,0,0,0,0,0,0,0,0,0,0,0.0,3,1,2,0.0,0.0,0,
1357,Cariel Brooks,24,ARI,DB,3,0,0,0,0,0,0,0,0,0,0,0,0.0,1,1,0,0.0,0.0,0,
1358,Tony Carter,29,IND,DB,3,0,0,0,0,0,0,0,0,1,0,0,0.0,0,0,0,,,0,
1359,Mike Catapano,25,NYJ,DE,3,0,0,0,0,0,0,0,0,0,0,0,1.0,3,2,1,1.0,2.0,0,
1360,Chris Davis,25,SFO,DB,3,0,0,0,0,0,0,0,0,0,0,0,0.0,1,1,0,0.0,0.0,0,
1361,A.J. Francis,25,2TM,DT,3,0,0,0,0,0,0,0,0,0,0,0,0.0,2,1,1,0.0,0.0,0,
1361,A.J. Francis,25,MIA,DT,1,0,0,0,0,0,0,0,0,0,0,0,0.0,1,1,0,0.0,0.0,0,
1361,A.J. Francis,25,SEA,DT,2,0,0,0,0,0,0,0,0,0,0,0,0.0,1,0,1,0.0,0.0,0,
1362,Troy Hill,24,CIN,DB,3,0,0,0,0,0,0,0,0,0,0,0,0.0,6,5,1,0.0,0.0,0,
1363,Mike Hull,24,MIA,LB,3,0,0,0,0,0,0,0,0,0,0,0,0.0,1,1,0,0.0,0.0,0,
1364,James-Michael Johnson,26,MIA,LB,3,0,0,0,0,0,0,0,0,0,0,0,0.0,3,2,1,0.0,0.0,0,
1365,Seantavius Jones,23,NOR,WR,3,0,0,0,0,0,0,0,0,0,0,0,0.0,1,1,0,0.0,0.0,0,
1366,Robert McClain,27,CAR,DB,3,0,1,24,0,24,1,0,0,0,0,0,0.0,7,4,3,0.0,0.0,0,
1367,Kimario McFadden,24,TAM,DB,3,0,0,0,0,0,0,0,0,0,0,0,0.0,2,1,1,0.0,0.0,0,
1368,Leon Orr,23,OAK,DT,3,0,0,0,0,0,1,0,0,0,0,0,0.0,2,1,1,0.0,0.0,0,
1369,Eric Patterson,22,2TM,DB,3,0,0,0,0,0,0,0,0,0,0,0,0.0,3,3,0,0.0,0.0,0,
1369,Eric Patterson,22,IND,DB,2,0,0,0,0,0,0,0,0,0,0,0,0.0,2,2,0,0.0,0.0,0,
1369,Eric Patterson,22,STL,DB,1,0,0,0,0,0,0,0,0,0,0,0,0.0,1,1,0,0.0,0.0,0,
1370,Terrance Plummer,22,WAS,LB,3,0,0,0,0,0,0,0,0,0,0,0,0.0,1,1,0,0.0,0.0,0,
1371,Dezmen Southward,25,ATL,DB,3,0,0,0,0,0,0,0,0,0,0,0,0.0,1,1,0,0.0,0.0,0,
1372,Lorenzo Taliaferro,24,BAL,RB,3,0,0,0,0,0,0,0,0,0,0,0,0.0,1,1,0,0.0,0.0,0,
1373,Scott Tolzien,28,GNB,QB,3,0,0,0,0,0,0,0,1,0,-2,0,0.0,0,0,0,,,0,
1374,Robert Turbin,26,CLE,RB,3,0,0,0,0,0,0,0,0,1,0,0,0.0,0,0,0,0.0,0.0,0,
1375,Tyler Varga,22,IND,RB,3,0,0,0,0,0,0,0,0,0,0,0,0.0,2,1,1,0.0,0.0,0,
1376,Dekoda Watson,27,NWE,LB,3,0,0,0,0,0,0,0,0,0,0,0,0.0,2,2,0,0.0,0.0,0,
1377,Glenn Winston,26,CLE,RB,3,0,0,0,0,0,0,0,1,0,0,0,0.0,0,0,0,,,0,
1378,Chandler Worthy,22,HOU,WR,3,0,0,0,0,0,0,0,1,0,0,0,0.0,0,0,0,,,0,
1379,Jay Ratliff,34,CHI,NT,2,2,0,0,0,0,0,0,0,0,0,0,0.0,8,7,1,0.0,1.0,0,
1380,Jimmy Clausen,28,CHI,QB,2,1,0,0,0,0,0,0,1,1,0,0,0.0,0,0,0,0.0,0.0,0,
1381,Preston Parker,28,NYG,WR,2,1,0,0,0,0,0,0,0,1,2,0,0.0,0,0,0,,,0,
1382,Brandon Weeden,32,HOU,QB,2,1,0,0,0,0,0,0,2,0,0,0,0.0,0,0,0,,,0,
1383,Lonnie Ballentine,22,HOU,DB,2,0,0,0,0,0,1,0,0,0,0,0,0.0,3,3,0,0.0,0.0,0,
1384,Brad Bars,23,NYG,LB,2,0,0,0,0,0,0,0,0,0,0,0,0.0,2,2,0,0.0,0.0,0,
1385,Bill Bentley,26,DET,DB,2,0,0,0,0,0,0,0,0,0,0,0,0.0,1,1,0,,,0,
1386,Josh Boyd,26,GNB,DE,2,0,0,0,0,0,0,0,0,0,0,0,0.0,1,1,0,0.0,0.0,0,
1387,Colin Cole,35,CAR,DT,2,0,0,0,0,0,0,0,0,0,0,0,0.0,1,0,1,0.0,1.0,0,
1388,John Crockett,23,GNB,RB,2,0,0,0,0,0,0,0,0,1,0,0,0.0,0,0,0,0.0,0.0,0,
1389,Akeem Davis,26,NOR,DB,2,0,0,0,0,0,0,1,0,0,0,0,0.0,2,2,0,0.0,0.0,0,
1390,Will Davis,25,BAL,DB,2,0,0,0,0,0,1,0,0,0,0,0,0.0,1,1,0,0.0,0.0,0,
1391,T.J. Fatinikun,24,TAM,DE,2,0,0,0,0,0,0,0,0,0,0,0,0.0,3,2,1,0.0,0.0,0,
1392,Bradley Fletcher,29,NWE,DB,2,0,0,0,0,0,0,1,0,0,0,0,0.0,10,8,2,0.0,0.0,0,
1393,Phillip Hunt,29,DET,DE,2,0,0,0,0,0,0,0,0,0,0,0,1.0,7,6,1,2.0,1.0,0,
1394,Jonathan Krause,23,PHI,WR,2,0,0,0,0,0,0,0,0,0,0,0,0.0,1,1,0,0.0,0.0,0,
1395,Joey Mbu,22,ATL,DT,2,0,0,0,0,0,0,0,0,0,0,0,0.0,4,1,3,1.0,0.0,0,
1396,Terrell McClain,27,DAL,DT,2,0,0,0,0,0,0,0,0,0,0,0,0.0,2,2,0,0.0,0.0,0,
1397,Colt McCoy,29,WAS,QB,2,0,0,0,0,0,0,0,1,0,0,0,0.0,0,0,0,,,0,
1398,Leon McFadden,25,NYG,DB,2,0,0,0,0,0,0,0,0,0,0,0,0.0,1,1,0,0.0,0.0,0,
1399,Matt McGloin,26,OAK,QB,2,0,0,0,0,0,0,0,1,0,0,0,0.0,0,0,0,,,0,
1400,Isaiah Pead,26,STL,RB,2,0,0,0,0,0,0,0,1,0,0,0,0.0,0,0,0,,,0,
1401,Sheldon Price,24,IND,DB,2,0,0,0,0,0,0,0,0,0,0,0,0.0,1,1,0,0.0,0.0,0,
1402,Greg Salas,27,BUF,WR,2,0,0,0,0,0,0,0,0,1,0,0,0.0,0,0,0,0.0,0.0,0,
1403,D'Anthony Smith,27,CHI,DT,2,0,0,0,0,0,0,0,0,0,0,0,0.0,1,1,0,0.0,0.0,0,
1404,Scott Solomon,27,CLE,DE,2,0,0,0,0,0,0,0,0,0,0,0,0.0,1,0,1,0.0,0.0,0,
1405,Carlos Thompson,23,HOU,DE,2,0,0,0,0,0,0,0,0,0,0,0,0.0,2,2,0,0.0,0.0,0,
1406,Casey Walker,26,DAL,DT,2,0,0,0,0,0,0,0,0,0,0,0,0.0,2,1,1,0.0,0.0,0,
1407,Terrance West,24,TEN,RB,2,0,0,0,0,0,0,0,2,0,0,0,0.0,0,0,0,0.0,0.0,0,
1408,Doug Worthington,28,STL,DE,2,0,0,0,0,0,0,0,0,1,0,0,0.0,0,0,0,0.0,1.0,0,
1409,Sam Barrington,25,GNB,LB,1,1,0,0,0,0,0,0,0,0,0,0,0.0,1,1,0,0.0,0.0,0,
1410,Rafael Bush,28,NOR,DB,1,1,0,0,0,0,0,0,0,0,0,0,0.0,2,2,0,0.0,0.0,0,
1411,Duke Ihenacho,26,WAS,DB,1,1,0,0,0,0,0,0,0,0,0,0,0.0,3,1,2,0.0,0.0,0,
1412,Justin Rogers,27,WAS,DB,1,1,0,0,0,0,0,0,0,0,0,0,0.0,4,1,3,0.0,0.0,0,
1413,Cortez Allen,27,PIT,DB,1,0,0,0,0,0,0,0,0,0,0,0,0.0,6,3,3,0.0,0.0,0,
1414,Kapri Bibbs,22,DEN,RB,1,0,0,0,0,0,0,0,0,0,0,0,0.0,1,1,0,0.0,0.0,0,
1415,Matt Daniels,26,SDG,DB,1,0,0,0,0,0,0,0,0,1,0,0,0.0,0,0,0,0.0,0.0,0,
1416,Jeremy Harris,24,WAS,DB,1,0,0,0,0,0,0,0,0,0,0,0,0.0,1,1,0,0.0,0.0,0,
1417,LaMichael James,26,MIA,RB,1,0,0,0,0,0,0,0,1,1,0,0,0.0,0,0,0,,,0,
1418,Cam Johnson,25,CLE,DE,1,0,0,0,0,0,0,0,0,0,0,0,0.0,3,2,1,0.0,0.0,0,
1419,Rufus Johnson,25,NWE,DE,1,0,0,0,0,0,0,0,0,0,0,0,0.0,1,1,0,0.0,0.0,0,
1420,Dewey McDonald,25,IND,DB,1,0,0,0,0,0,0,0,0,0,0,0,0.0,1,0,1,0.0,1.0,0,
1421,Mike Mohamed,27,NOR,LB,1,0,0,0,0,0,0,0,0,0,0,0,0.0,1,1,0,0.0,0.0,0,
1422,Corey Moore,22,HOU,DB,1,0,0,0,0,0,0,0,0,0,0,0,0.0,1,1,0,0.0,0.0,0,
1423,Tyler Ott,23,NYG,LS,1,0,0,0,0,0,0,0,1,0,0,0,0.0,0,0,0,,,0,
1424,De'Ante Saunders,23,CLE,DB,1,0,0,0,0,0,0,0,0,0,0,0,0.0,1,0,1,0.0,0.0,0,
1425,Greg Scruggs,25,CHI,DE,1,0,0,0,0,0,0,0,0,0,0,0,1.0,3,3,0,0.0,1.0,0,
1426,Martrell Spaight,22,WAS,LB,1,0,0,0,0,0,0,0,0,0,0,0,0.0,1,1,0,0.0,0.0,0,
1427,Evan Spencer,22,TAM,WR,1,0,0,0,0,0,0,0,0,0,0,0,0.0,1,1,0,0.0,0.0,0,
1428,Tyler Starr,24,ATL,LB,1,0,0,0,0,0,0,0,0,0,0,0,0.0,1,1,0,0.0,0.0,0,
1429,Robert Thomas,24,MIA,DT,1,0,0,0,0,0,0,0,0,0,0,0,0.0,1,0,1,0.0,0.0,0,
1430,Cassius Vaughn,28,SDG,DB,1,0,0,0,0,0,1,0,0,0,0,0,0.0,1,1,0,0.0,0.0,0,
