Unnamed: 0_level_0,Unnamed: 1_level_0,Unnamed: 2_level_0,Unnamed: 3_level_0,Unnamed: 4_level_0,Unnamed: 5_level_0,Unnamed: 6_level_0,Def Interceptions,Def Interceptions,Def Interceptions,Def Interceptions,Def Interceptions,Fumbles,Fumbles,Fumbles,Fumbles,Fumbles,Unnamed: 17_level_0,Tackles,Tackles,Tackles,Tackles,Tackles,Unnamed: 23_level_0,Unnamed: 24_level_0
Rk,Player,Age,Team,Pos,G,GS,Int,Yds,IntTD,Lng,PD,FF,Fmb,FR,Yds,FRTD,Sk,Comb,Solo,Ast,TFL,QBHits,Sfty,Awards
1,John Abraham,29,ATL,RDE,16,16,0,0,0,0,4.0,4,0,0,0,0,10.0,32.0,31.0,1.0,10.0,13.0,0,
2,Flozell Adams,32,DAL,LT,16,16,0,0,0,0,0.0,0,0,2,0,0,0.0,0.0,0.0,0.0,0.0,0.0,0,"PB,AP-2"
3,Gerald Alexander,23,DET,FS,16,16,2,70,0,36,6.0,0,0,2,0,0,2.0,81.0,59.0,22.0,2.0,2.0,0,
4,Will Allen,29,MIA,RCB,16,16,1,14,0,14,14.0,3,0,0,0,0,2.0,62.0,48.0,14.0,4.0,1.0,0,
5,Jamaal Anderson,21,ATL,LDE,16,16,0,0,0,0,3.0,1,0,0,0,0,0.0,30.0,26.0,4.0,0.0,4.0,0,
6,O.J. Atogwe,26,STL,FS,16,16,8,125,1,52,12.0,0,0,1,0,0,0.0,75.0,66.0,9.0,1.0,1.0,0,
7,Jeff Backus,30,DET,LT,16,16,0,0,0,0,0.0,0,0,1,0,0,0.0,0.0,0.0,0.0,0.0,0.0,0,
8,Ronde Barber,32,TAM,LCB,16,16,2,32,1,29,14.0,1,1,2,33,1,1.0,58.0,48.0,10.0,1.0,1.0,0,AP DPoY-7
9,Nick Barnett,26,GNB,MLB,16,16,2,40,0,38,4.0,0,0,1,0,0,3.5,131.0,102.0,29.0,8.0,8.0,0,AP-2
10,Jon Beason,22,CAR,MLB/RLB,16,16,1,0,0,0,8.0,0,0,1,2,0,0.0,140.0,106.0,34.0,4.0,0.0,0,AP DRoY-2
11,Jacob Bell,26,TEN,LG,16,16,0,0,0,0,0.0,0,1,0,0,0,0.0,,,,,,0,
12,Atari Bigby,26,GNB,SS,16,16,5,50,0,22,9.0,3,0,0,0,0,0.0,86.0,66.0,20.0,2.0,0.0,0,
13,Matt Birk,31,MIN,C,16,16,0,0,0,0,0.0,0,1,0,-16,0,0.0,0.0,0.0,0.0,0.0,0.0,0,PB
14,Dre' Bly,30,DEN,RCB,16,16,5,71,0,37,15.0,0,0,0,0,0,1.0,51.0,41.0,10.0,3.0,1.0,0,
15,Leigh Bodden,26,CLE,RCB,16,16,6,75,0,26,15.0,0,1,3,0,0,0.0,88.0,76.0,12.0,0.0,0.0,0,
16,Michael Boley,25,ATL,LLB,16,16,2,12,0,12,7.0,4,0,0,0,0,3.0,110.0,93.0,17.0,5.0,7.0,0,
17,Gary Brackett,27,IND,MLB,16,16,4,128,0,49,7.0,1,0,1,0,1,0.5,116.0,86.0,30.0,2.0,1.0,0,
18,Tom Brady,30,NWE,QB,16,16,0,0,0,0,0.0,0,6,1,0,0,0.0,0.0,0.0,0.0,0.0,0.0,0,"PB,AP-1,AP MVP-1,AP OPoY-1"
19,Drew Brees,28,NOR,QB,16,16,0,0,0,0,0.0,0,9,0,-6,0,0.0,0.0,0.0,0.0,0.0,0.0,0,
20,Keith Brooking,32,ATL,MLB,16,16,0,0,0,0,4.0,0,0,1,2,0,2.0,110.0,84.0,26.0,4.0,4.0,0,
21,Derrick Brooks,34,TAM,RLB,16,16,0,0,0,0,1.0,3,0,0,0,0,0.0,109.0,84.0,25.0,2.0,1.0,0,
22,C.C. Brown,24,HOU,SS,16,16,1,9,0,9,8.0,2,0,3,19,0,0.0,84.0,64.0,20.0,1.0,0.0,0,
23,Jason Brown,24,BAL,LG,16,16,0,0,0,0,0.0,0,0,1,0,0,0.0,0.0,0.0,0.0,0.0,0.0,0,
24,Sheldon Brown,28,PHI,RCB,16,16,3,3,0,3,14.0,1,0,0,0,0,0.0,68.0,61.0,7.0,1.0,0.0,0,
25,Tony Brown,27,TEN,LDT,16,16,0,0,0,0,5.0,1,0,0,0,0,4.0,59.0,37.0,22.0,4.0,9.0,0,
26,Tedy Bruschi,34,NWE,RILB,16,16,0,0,0,0,2.0,0,0,0,0,0,2.0,92.0,64.0,28.0,3.0,4.0,0,
27,Fernando Bryant,30,DET,LCB,16,16,2,0,0,0,13.0,1,0,0,0,0,0.0,69.0,59.0,10.0,1.0,1.0,0,
28,Keith Bulluck,30,TEN,RLB,16,16,5,63,0,35,7.0,1,1,1,2,0,0.0,88.0,68.0,20.0,4.0,3.0,0,
29,Chris Canty,25,DAL,RDE,16,16,0,0,0,0,2.0,0,0,1,0,0,3.5,43.0,30.0,13.0,7.0,7.0,0,
30,Cooper Carlisle,30,OAK,RG,16,16,0,0,0,0,0.0,0,0,2,0,0,0.0,0.0,0.0,0.0,0.0,0.0,0,
31,Adam Carriker,23,STL,LDT,16,16,0,0,0,0,2.0,0,0,1,0,0,2.0,32.0,23.0,9.0,6.0,3.0,1,
32,Andre Carter,28,WAS,RDE,16,16,0,0,0,0,2.0,4,0,1,0,0,10.5,54.0,42.0,12.0,11.0,21.0,1,AP CPoY-9
33,Desmond Clark,30,CHI,TE,16,16,0,0,0,0,0.0,0,1,0,0,0,0.0,0.0,0.0,0.0,0.0,0.0,0,
34,Anthony Clement,31,NYJ,RT,16,16,0,0,0,0,0.0,0,0,1,0,0,0.0,0.0,0.0,0.0,0.0,0.0,0,
35,Nate Clements,28,SFO,LCB,16,16,4,74,0,62,14.0,3,0,0,0,0,1.0,92.0,77.0,15.0,8.0,1.0,0,
36,Trent Cole,25,PHI,RDE,16,16,0,0,0,0,2.0,4,0,1,0,0,12.5,70.0,49.0,21.0,17.0,18.0,0,PB
37,Marc Colombo,29,DAL,RT,16,16,0,0,0,0,0.0,0,0,1,0,0,0.0,0.0,0.0,0.0,0.0,0.0,0,
38,Chris Cooley,25,WAS,TE,16,16,0,0,0,0,0.0,0,1,2,0,0,0.0,0.0,0.0,0.0,0.0,0.0,0,PB
39,Stephen Cooper,28,SDG,LILB,16,16,2,23,0,18,6.0,3,0,2,-1,0,2.0,107.0,72.0,35.0,5.0,3.0,0,
40,Angelo Crowell,26,BUF,LLB,16,16,1,5,0,5,4.0,1,0,1,0,0,2.0,126.0,86.0,40.0,6.0,3.0,1,
41,Kevin Curtis,29,PHI,WR,16,16,0,0,0,0,0.0,0,0,2,0,2,0.0,0.0,0.0,0.0,0.0,0.0,0,
42,Jay Cutler,24,DEN,QB,16,16,0,0,0,0,0.0,0,11,3,-31,0,0.0,0.0,0.0,0.0,0.0,0.0,0,
43,Owen Daniels,25,HOU,TE,16,16,0,0,0,0,0.0,0,4,1,0,0,0.0,0.0,0.0,0.0,0.0,0.0,0,
44,Thomas Davis,24,CAR,LLB,16,16,1,0,0,0,5.0,2,0,1,0,0,3.0,87.0,71.0,16.0,12.0,7.0,0,
45,Kris Dielman,26,SDG,LG,16,16,0,0,0,0,0.0,0,0,1,0,0,0.0,0.0,0.0,0.0,0.0,0.0,0,PB
46,Derrick Dockery,27,BUF,LG,16,16,0,0,0,0,0.0,0,0,1,0,0,0.0,0.0,0.0,0.0,0.0,0.0,0,
47,Darnell Dockett,26,ARI,RDT,16,16,0,0,0,0,1.0,2,0,2,0,0,9.0,58.0,43.0,15.0,13.0,19.0,0,PB
48,Marques Douglas,30,SFO,RDE,16,16,0,0,0,0,3.0,0,0,0,0,0,3.0,72.0,56.0,16.0,13.0,4.0,0,
49,Elvis Dumervil,23,DEN,RDE,16,16,1,27,0,27,4.0,4,0,3,0,0,12.5,39.0,34.0,5.0,6.0,19.0,0,
50,Braylon Edwards,24,CLE,WR,16,16,0,0,0,0,0.0,0,3,0,0,0,0.0,0.0,0.0,0.0,0.0,0.0,0,"PB,AP-2"
51,Donnie Edwards,34,KAN,RLB,16,16,1,18,0,18,3.0,1,0,1,0,0,2.0,106.0,87.0,19.0,9.0,4.0,0,
52,Shaun Ellis,30,NYJ,LDE,16,16,0,0,0,0,0.0,1,0,1,6,0,5.0,49.0,33.0,16.0,7.0,9.0,0,
53,Jahri Evans,24,NOR,RG,16,16,0,0,0,0,0.0,0,0,1,0,0,0.0,0.0,0.0,0.0,0.0,0.0,0,
54,Alan Faneca,31,PIT,LG,16,16,0,0,0,0,0.0,0,0,1,0,0,0.0,0.0,0.0,0.0,0.0,0.0,0,"PB,AP-1"
55,James Farrior,32,PIT,LILB,16,16,1,0,0,0,8.0,2,0,0,0,0,6.5,96.0,65.0,31.0,9.0,15.0,0,
56,Brett Favre,38,GNB,QB,16,16,0,0,0,0,0.0,0,9,4,-18,0,0.0,,,,,,0,"PB,AP-2,AP MVP-2,AP OPoY-3,AP CPoY-4"
57,D'Brickashaw Ferguson,24,NYJ,LT,16,16,0,0,0,0,0.0,0,0,1,0,0,0.0,0.0,0.0,0.0,0.0,0.0,0,
58,Cortland Finnegan,23,TEN,RCB,16,16,1,14,0,14,13.0,1,0,0,0,0,1.0,95.0,79.0,16.0,3.0,1.0,0,
59,London Fletcher,32,WAS,MLB,16,16,3,36,1,27,10.0,0,0,1,6,0,0.0,129.0,101.0,28.0,5.0,1.0,0,
60,Larry Foote,27,PIT,RILB,16,16,1,14,0,14,5.0,3,0,0,0,0,3.0,85.0,46.0,39.0,5.0,4.0,0,
61,DeShaun Foster,27,CAR,RB,16,16,0,0,0,0,0.0,0,7,1,0,0,0.0,0.0,0.0,0.0,0.0,0.0,0,
62,Melvin Fowler,28,BUF,C,16,16,0,0,0,0,,0,0,1,0,0,0.0,0.0,0.0,0.0,0.0,0.0,0,
63,Hank Fraley,30,CLE,C,16,16,0,0,0,0,0.0,0,0,1,0,0,0.0,0.0,0.0,0.0,0.0,0.0,0,
64,Omar Gaither,23,PHI,MLB,16,16,1,49,0,49,9.0,1,0,0,0,0,0.0,102.0,70.0,32.0,4.0,3.0,0,
65,Mike Gandy,28,ARI,LT,16,16,0,0,0,0,0.0,0,0,1,0,0,0.0,0.0,0.0,0.0,0.0,0.0,0,
66,Roberto Garza,28,CHI,RG,16,16,0,0,0,0,0.0,0,0,1,0,0,0.0,0.0,0.0,0.0,0.0,0.0,0,
67,Robert Geathers,24,CIN,LDE,16,16,1,30,0,30,3.0,2,0,1,0,0,3.5,47.0,25.0,22.0,4.0,15.0,0,
68,La'Roi Glover,33,STL,RDT,16,16,0,0,0,0,0.0,0,0,0,0,0,6.0,39.0,33.0,6.0,9.0,15.0,0,
69,Mike Goff,31,SDG,RG,16,16,0,0,0,0,0.0,0,0,1,0,0,0.0,0.0,0.0,0.0,0.0,0.0,0,
70,Deon Grant,28,SEA,SS,16,16,3,34,0,34,10.0,0,0,1,0,0,0.0,78.0,65.0,13.0,2.0,0.0,0,
71,Chad Greenway,24,MIN,RLB,16,16,2,39,1,37,4.0,2,1,4,0,0,0.0,105.0,78.0,27.0,4.0,3.0,0,
72,Kelly Gregg,31,BAL,NT,16,16,0,0,0,0,3.0,0,0,1,4,0,3.0,84.0,56.0,28.0,8.0,5.0,0,
73,Cedric Griffin,25,MIN,RCB,16,16,0,0,0,0,10.0,2,1,2,50,1,0.0,92.0,82.0,10.0,4.0,0.0,0,
74,Cornelius Griffin,31,WAS,LDT,16,16,0,0,0,0,0.0,0,0,0,0,0,2.5,43.0,28.0,15.0,3.0,10.0,0,
75,Jordan Gross,27,CAR,RT,16,16,0,0,0,0,0.0,0,0,1,0,0,0.0,0.0,0.0,0.0,0.0,0.0,0,
76,Clark Haggans,30,PIT,LOLB,16,16,0,0,0,0,1.0,0,0,1,0,0,4.0,58.0,37.0,21.0,4.0,7.0,0,
77,Tamba Hali,24,KAN,LDE,16,16,0,0,0,0,2.0,2,0,0,0,0,7.5,59.0,46.0,13.0,10.0,11.0,0,
78,Ken Hamlin,26,DAL,FS,16,16,5,93,0,35,15.0,0,0,0,0,0,0.0,62.0,45.0,17.0,1.0,0.0,0,PB
79,Roman Harper,25,NOR,SS,16,16,3,58,1,31,8.0,2,0,0,0,0,4.0,90.0,75.0,15.0,4.0,5.0,0,
80,Al Harris,33,GNB,RCB,16,16,2,17,0,17,9.0,0,0,0,0,0,0.0,37.0,33.0,4.0,2.0,0.0,0,"PB,AP-2"
81,James Harrison,29,PIT,ROLB,16,16,1,20,0,20,2.0,7,0,3,0,0,8.5,98.0,76.0,22.0,12.0,17.0,0,"PB,AP-2,AP DPoY-7"
82,Clinton Hart,30,SDG,SS,16,16,5,73,0,22,9.0,0,0,1,0,0,1.0,85.0,68.0,17.0,5.0,1.0,0,
83,Matt Hasselbeck,32,SEA,QB,16,16,0,0,0,0,0.0,0,9,3,-8,0,0.0,0.0,0.0,0.0,0.0,0.0,0,PB
84,A.J. Hawk,23,GNB,RLB,16,16,1,10,0,10,4.0,1,0,1,0,0,1.0,105.0,78.0,27.0,5.0,3.0,0,
85,Kelvin Hayden,24,IND,LCB,16,16,3,17,0,20,10.0,2,1,1,0,0,0.0,83.0,71.0,12.0,1.0,0.0,0,
86,Jovan Haye,25,TAM,RDT,16,16,0,0,0,0,3.0,1,0,4,9,0,6.0,68.0,48.0,20.0,5.0,12.0,0,
87,Gerald Hayes,27,ARI,MLB,16,16,1,30,1,30,3.0,0,0,0,0,0,4.0,98.0,82.0,16.0,7.0,4.0,0,
88,Eric Heitmann,27,SFO,C,16,16,0,0,0,0,0.0,0,2,0,-5,0,0.0,0.0,0.0,0.0,0.0,0.0,0,
89,E.J. Henderson,27,MIN,MLB,16,16,0,0,0,0,4.0,3,0,2,16,0,4.5,119.0,94.0,25.0,17.0,11.0,0,
90,Ellis Hobbs,24,NWE,RCB,16,16,1,0,0,0,12.0,1,1,1,35,1,1.0,64.0,52.0,12.0,1.0,0.0,0,
91,Terrence Holt,27,ARI,FS,16,16,0,0,0,0,0.0,1,0,1,0,0,0.0,69.0,61.0,8.0,2.0,0.0,0,
92,Torry Holt,31,STL,WR,16,16,0,0,0,0,0.0,0,2,2,0,0,0.0,0.0,0.0,0.0,0.0,0.0,0,PB
93,Roderick Hood,26,ARI,LCB,16,16,5,196,2,71,21.0,0,0,0,0,0,0.0,57.0,51.0,6.0,0.0,0.0,0,
94,Chris Hovan,29,TAM,LDT,16,16,0,0,0,0,1.0,0,0,1,3,0,1.5,47.0,31.0,16.0,2.0,4.0,0,
95,Thomas Howard,24,OAK,RLB,16,16,6,172,2,66,11.0,0,0,1,0,0,1.0,96.0,78.0,18.0,3.0,1.0,0,
96,Michael Huff,24,OAK,SS,16,16,1,4,0,4,10.0,1,0,1,0,0,1.0,87.0,75.0,12.0,3.0,1.0,0,
97,Steve Hutchinson,30,MIN,LG,16,16,0,0,0,0,,0,0,2,1,0,0.0,,,,,,0,"PB,AP-1"
98,Jamaal Jackson,27,PHI,C,16,16,0,0,0,0,0.0,0,1,0,-7,0,0.0,0.0,0.0,0.0,0.0,0.0,0,
99,Marlin Jackson,24,IND,RCB,16,16,1,0,0,0,4.0,1,0,2,21,0,0.5,88.0,69.0,19.0,1.0,2.0,0,
100,Tanard Jackson,22,TAM,FS,16,16,2,26,0,26,13.0,1,0,3,16,0,0.0,56.0,53.0,3.0,0.0,0.0,0,
101,Bradie James,26,DAL,LILB,16,16,0,0,0,0,0.0,0,0,3,1,0,3.0,101.0,64.0,37.0,5.0,4.0,0,
102,Edgerrin James,29,ARI,RB,16,16,0,0,0,0,0.0,0,5,1,0,0,0.0,0.0,0.0,0.0,0.0,0.0,0,
103,Chad Johnson,29,CIN,WR,16,16,0,0,0,0,0.0,0,2,0,0,0,0.0,,,,,,0,PB
104,Derrick Johnson,25,KAN,LLB,16,16,2,18,0,12,6.0,3,0,0,0,0,4.0,94.0,83.0,11.0,18.0,6.0,0,
105,Edward Johnson,24,IND,RDT,16,16,0,0,0,0,0.0,1,0,0,0,0,1.0,41.0,28.0,13.0,2.0,5.0,0,
106,Jarret Johnson,26,BAL,LOLB,16,16,0,0,0,0,2.0,2,0,0,0,0,2.0,58.0,42.0,16.0,8.0,9.0,0,
107,Landon Johnson,26,CIN,MLB/RLB,16,16,0,0,0,0,4.0,0,0,2,34,1,1.0,109.0,71.0,38.0,4.0,4.0,0,
108,Julius Jones,26,DAL,RB,16,16,0,0,0,0,0.0,0,0,1,0,0,0.0,0.0,0.0,0.0,0.0,0.0,0,
109,Sean Jones,25,CLE,SS,16,16,5,37,0,26,10.0,1,0,0,0,0,0.5,96.0,69.0,27.0,3.0,4.0,0,
110,Brett Keisel,29,PIT,RDE,16,16,0,0,0,0,6.0,0,0,0,0,0,2.0,38.0,22.0,16.0,2.0,7.0,0,
111,Patrick Kerney,31,SEA,LDE,16,16,1,0,0,0,2.0,5,0,0,0,0,14.5,63.0,51.0,12.0,16.0,26.0,0,"PB,AP-1,AP DPoY-2,AP CPoY-7"
112,Jeff King,24,CAR,TE,16,16,0,0,0,0,0.0,0,2,1,0,0,0.0,0.0,0.0,0.0,0.0,0.0,0,
113,Jon Kitna,35,DET,QB,16,16,0,0,0,0,0.0,0,17,7,-3,0,0.0,0.0,0.0,0.0,0.0,0.0,0,
114,Kyle Kosier,29,DAL,LG,16,16,0,0,0,0,0.0,0,0,2,0,0,0.0,0.0,0.0,0.0,0.0,0.0,0,
115,Olin Kreutz,30,CHI,C,16,16,0,0,0,0,0.0,0,1,1,-3,0,0.0,0.0,0.0,0.0,0.0,0.0,0,
116,Dawan Landry,25,BAL,SS,16,16,0,0,0,0,6.0,0,0,0,0,0,1.0,83.0,68.0,15.0,3.0,2.0,0,
117,LaRon Landry,23,WAS,SS,16,16,0,0,0,0,7.0,0,0,2,15,0,1.5,95.0,63.0,32.0,4.0,4.0,0,
118,Ty Law,33,KAN,LCB,16,16,2,2,0,2,13.0,0,0,0,0,0,0.0,47.0,39.0,8.0,2.0,0.0,0,
119,Paris Lenon,30,DET,MLB,16,16,1,61,1,61,3.0,2,0,0,0,0,2.0,118.0,88.0,30.0,7.0,5.0,0,
120,Matt Lepsis,33,DEN,LT,16,16,0,0,0,0,0.0,0,0,2,0,0,0.0,0.0,0.0,0.0,0.0,0.0,0,
121,Michael Lewis,27,SFO,SS,16,16,2,18,0,18,0.0,1,0,1,0,0,1.5,8.0,8.0,0.0,0.0,0.0,0,
122,Sean Locklear,26,SEA,RT,16,16,0,0,0,0,0.0,0,0,2,0,0,0.0,0.0,0.0,0.0,0.0,0.0,0,
123,Ken Lucas,28,CAR,RCB,16,16,2,1,0,1,13.0,0,0,2,43,1,0.0,62.0,58.0,4.0,2.0,0.0,0,
124,Nick Mangold,23,NYJ,C,16,16,0,0,0,0,0.0,0,1,0,-1,0,0.0,1.0,1.0,0.0,0.0,0.0,0,
125,Eli Manning,26,NYG,QB,16,16,0,0,0,0,0.0,0,13,4,-5,0,0.0,0.0,0.0,0.0,0.0,0.0,0,
126,Peyton Manning,31,IND,QB,16,16,0,0,0,0,0.0,0,6,3,0,0,0.0,0.0,0.0,0.0,0.0,0.0,0,PB
127,Brandon Marshall,23,DEN,WR,16,16,0,0,0,0,0.0,0,3,3,0,0,0.0,0.0,0.0,0.0,0.0,0.0,0,
128,Derrick Mason,33,BAL,WR,16,16,0,0,0,0,0.0,0,1,0,0,0,0.0,0.0,0.0,0.0,0.0,0.0,0,
129,Todd McClure,30,ATL,C,16,16,0,0,0,0,0.0,0,1,1,-16,0,0.0,0.0,0.0,0.0,0.0,0.0,0,
130,Marlon McCree,30,SDG,FS,16,16,3,20,0,19,6.0,1,0,1,2,0,0.0,67.0,50.0,17.0,0.0,1.0,0,
131,Kareem McKenzie,28,NYG,RT,16,16,0,0,0,0,,0,0,1,0,0,0.0,,,,,,0,
132,Heath Miller,25,PIT,TE,16,16,0,0,0,0,0.0,0,0,1,0,0,0.0,0.0,0.0,0.0,0.0,0.0,0,
133,Zach Miller,22,OAK,TE,16,16,0,0,0,0,0.0,0,2,3,0,0,0.0,0.0,0.0,0.0,0.0,0.0,0,
134,Lawyer Milloy,34,ATL,SS,16,16,2,24,0,19,6.0,0,0,0,0,0,0.0,91.0,77.0,14.0,3.0,4.0,0,
135,Kawika Mitchell,28,NYG,RLB,16,16,1,20,1,20,4.0,2,0,1,17,1,3.5,77.0,54.0,23.0,6.0,4.0,0,
136,Brandon Moore,27,NYJ,RG,16,16,0,0,0,0,0.0,0,0,1,0,0,0.0,0.0,0.0,0.0,0.0,0.0,0,
137,Kirk Morrison,25,OAK,MLB,16,16,4,94,0,45,10.0,0,1,1,0,0,1.0,122.0,97.0,25.0,10.0,1.0,0,
138,Randy Moss,30,NWE,WR,16,16,0,0,0,0,1.0,0,0,2,0,0,0.0,1.0,0.0,1.0,0.0,0.0,0,"PB,AP-1,AP OPoY-2,AP CPoY-2"
139,Jamar Nesbit,31,NOR,LG,16,16,0,0,0,0,0.0,0,0,1,0,0,0.0,0.0,0.0,0.0,0.0,0.0,0,
140,Haloti Ngata,23,BAL,RDE,16,16,0,0,0,0,1.0,1,0,0,0,0,3.0,63.0,44.0,19.0,6.0,10.0,0,
141,Antwan Odom,26,TEN,LDE,16,16,0,0,0,0,7.0,1,0,0,0,0,8.0,22.0,17.0,5.0,10.0,22.0,0,
142,Adewale Ogunleye,30,CHI,LDE,16,16,0,0,0,0,3.0,6,0,3,14,0,9.0,58.0,53.0,5.0,15.0,18.0,0,
143,Igor Olshansky,25,SDG,LDE,16,16,1,0,0,0,3.0,2,0,0,0,0,3.5,48.0,34.0,14.0,3.0,11.0,0,
144,Calvin Pace,27,ARI,LLB,16,16,1,14,0,14,6.0,1,0,2,4,0,6.5,99.0,80.0,19.0,11.0,11.0,0,
145,Jarrad Page,23,KAN,FS,16,16,3,37,0,37,7.0,1,0,1,0,0,0.0,59.0,43.0,16.0,0.0,0.0,0,
146,Carson Palmer,28,CIN,QB,16,16,0,0,0,0,0.0,0,5,2,-1,0,0.0,0.0,0.0,0.0,0.0,0.0,0,
147,Domata Peko,23,CIN,LDT,16,16,0,0,0,0,1.0,0,0,1,0,0,1.5,52.0,36.0,16.0,6.0,6.0,0,
148,Julian Peterson,29,SEA,RLB,16,16,2,3,0,3,3.0,4,0,2,8,0,9.5,74.0,63.0,11.0,10.0,12.0,0,PB
149,Antonio Pierce,29,NYG,MLB,16,16,1,28,0,28,8.0,1,0,2,0,0,1.0,102.0,76.0,26.0,8.0,3.0,0,
150,Chester Pitts,28,HOU,LG,16,16,0,0,0,0,0.0,0,0,1,0,0,0.0,0.0,0.0,0.0,0.0,0.0,0,
151,Brodney Pool,23,CLE,FS,16,16,2,103,1,100,6.0,0,0,0,0,0,0.0,58.0,47.0,11.0,2.0,2.0,0,
152,Clinton Portis,26,WAS,RB,16,16,0,0,0,0,0.0,0,6,1,-11,0,0.0,0.0,0.0,0.0,0.0,0.0,0,
153,Cory Redding,27,DET,RDT,16,16,0,0,0,0,1.0,0,0,2,27,0,1.0,37.0,27.0,10.0,11.0,10.0,0,
154,Ed Reed,29,BAL,FS,16,16,7,130,0,32,13.0,0,2,1,6,0,0.0,39.0,29.0,10.0,3.0,0.0,0,"PB,AP-1"
155,Darrelle Revis,22,NYJ,LCB,16,16,3,20,0,19,17.0,0,0,1,0,0,0.0,88.0,76.0,12.0,0.0,2.0,0,
156,Kerry Rhodes,25,NYJ,SS,16,16,5,76,0,36,10.0,2,0,1,11,1,2.0,68.0,52.0,16.0,7.0,4.0,0,
157,Philip Rivers,26,SDG,QB,16,16,0,0,0,0,0.0,0,11,3,-4,0,0.0,,,,,,0,
158,Shaun Rogers,28,DET,LDT,16,16,1,66,1,66,3.0,0,1,4,10,0,7.0,39.0,26.0,13.0,7.0,21.0,0,
159,Mark Roman,30,SFO,FS,16,16,0,0,0,0,4.0,0,0,3,44,0,0.0,61.0,46.0,15.0,0.0,2.0,0,
160,Tony Romo,27,DAL,QB,16,16,0,0,0,0,0.0,0,10,5,-4,0,0.0,0.0,0.0,0.0,0.0,0.0,0,PB
161,Mike Rucker,32,CAR,RDE,16,16,0,0,0,0,3.0,1,0,2,3,0,3.0,47.0,33.0,14.0,7.0,7.0,0,
162,Jon Runyan,34,PHI,RT,16,16,0,0,0,0,0.0,0,0,1,0,0,0.0,0.0,0.0,0.0,0.0,0.0,0,
163,Brian Russell,29,SEA,FS,16,16,1,0,0,0,6.0,0,0,1,0,0,1.0,68.0,60.0,8.0,2.0,1.0,0,
164,DeMeco Ryans,23,HOU,MLB,16,16,1,1,0,1,7.0,1,0,3,26,1,2.0,127.0,98.0,29.0,3.0,3.0,0,"PB,AP-2"
165,Warren Sapp,35,OAK,LDT,16,16,0,0,0,0,1.0,2,0,1,0,0,2.0,51.0,37.0,14.0,5.0,5.0,0,
166,Samson Satele,23,MIA,C,16,16,0,0,0,0,0.0,0,1,0,-2,0,0.0,0.0,0.0,0.0,0.0,0.0,0,
167,Aaron Schobel,30,BUF,RDE,16,16,0,0,0,0,5.0,5,0,1,0,0,6.5,57.0,45.0,12.0,7.0,15.0,0,PB
168,Bart Scott,27,BAL,RILB,16,16,0,0,0,0,5.0,0,0,0,0,0,1.0,93.0,62.0,31.0,8.0,7.0,0,
169,Rich Seubert,28,NYG,LG,16,16,0,0,0,0,0.0,0,0,1,0,0,0.0,0.0,0.0,0.0,0.0,0.0,0,
170,Darren Sharper,32,MIN,SS,16,16,4,61,1,41,8.0,1,0,0,0,0,0.0,63.0,49.0,14.0,1.0,0.0,0,"PB,AP-2"
171,L.J. Shelton,31,MIA,RT,16,16,0,0,0,0,0.0,0,0,1,0,0,0.0,0.0,0.0,0.0,0.0,0.0,0,
172,Kendall Simmons,28,PIT,RG,16,16,0,0,0,0,0.0,0,0,1,0,0,0.0,0.0,0.0,0.0,0.0,0.0,0,
173,Mark Simoneau,30,NOR,MLB,16,16,0,0,0,0,1.0,0,0,0,0,0,2.0,70.0,50.0,20.0,3.0,1.0,0,
174,Barry Sims,33,OAK,LT,16,16,0,0,0,0,0.0,0,0,4,0,0,0.0,0.0,0.0,0.0,0.0,0.0,0,
175,Ernie Sims,23,DET,RLB,16,16,1,5,0,5,2.0,3,0,0,0,0,1.0,134.0,97.0,37.0,8.0,6.0,0,
176,Justin Smith,28,CIN,RDE,16,16,0,0,0,0,3.0,0,0,0,0,0,2.0,78.0,49.0,29.0,3.0,9.0,0,
177,Robaire Smith,30,CLE,RDE,16,16,0,0,0,0,2.0,0,0,0,0,0,4.0,56.0,42.0,14.0,7.0,8.0,0,
178,Will Smith,26,NOR,RDE,16,16,0,0,0,0,3.0,2,0,3,0,0,7.0,66.0,47.0,19.0,12.0,19.0,1,
179,Chris Snee,25,NYG,RG,16,16,0,0,0,0,0.0,0,0,1,0,0,0.0,0.0,0.0,0.0,0.0,0.0,0,
180,Marcus Spears,24,DAL,LDE,16,16,0,0,0,0,3.0,2,0,0,0,0,2.0,30.0,19.0,11.0,5.0,3.0,0,
181,Chris Spencer,25,SEA,C,16,16,0,0,0,0,0.0,0,1,0,0,0,0.0,0.0,0.0,0.0,0.0,0.0,0,
182,Joe Staley,23,SFO,RT,16,16,0,0,0,0,0.0,0,0,1,0,0,0.0,0.0,0.0,0.0,0.0,0.0,0,
183,David Stewart,25,TEN,RT,16,16,0,0,0,0,0.0,0,0,1,0,0,0.0,0.0,0.0,0.0,0.0,0.0,0,
184,Jon Stinchcomb,28,NOR,RT,16,16,0,0,0,0,0.0,0,0,1,0,0,0.0,0.0,0.0,0.0,0.0,0.0,0,
185,Terrell Suggs,25,BAL,ROLB,16,16,0,0,0,0,6.0,1,0,0,0,0,5.0,78.0,51.0,27.0,13.0,15.0,0,
186,Patrick Surtain,31,KAN,RCB,16,16,2,25,0,23,7.0,0,0,1,0,0,0.0,58.0,50.0,8.0,4.0,0.0,0,
187,Darryl Tapp,23,SEA,RDE,16,16,1,-4,0,-4,8.0,3,0,2,9,0,7.0,49.0,41.0,8.0,7.0,17.0,0,
188,Lofa Tatupu,25,SEA,MLB,16,16,4,116,0,49,10.0,3,0,0,0,0,1.0,109.0,83.0,26.0,10.0,5.0,0,"PB,AP-1"
189,Mark Tauscher,30,GNB,RT,16,16,0,0,0,0,0.0,0,0,1,-5,0,0.0,0.0,0.0,0.0,0.0,0.0,0,
190,Ike Taylor,27,PIT,LCB,16,16,3,56,1,51,16.0,1,0,1,0,0,1.0,80.0,69.0,11.0,1.0,1.0,0,
191,Jason Taylor,33,MIA,RDE,16,16,1,36,1,36,4.0,3,0,3,0,0,11.0,56.0,47.0,9.0,16.0,16.0,0,PB
192,Joe Thomas,23,CLE,LT,16,16,0,0,0,0,0.0,0,0,1,0,0,0.0,0.0,0.0,0.0,0.0,0.0,0,"PB,AP ORoY-2"
193,David Thornton,29,TEN,LLB,16,16,2,16,0,11,6.0,1,0,1,0,0,1.0,122.0,93.0,29.0,10.0,1.0,0,
194,Deshea Townsend,32,PIT,RCB,16,16,2,44,0,23,16.0,0,0,0,0,0,0.0,52.0,45.0,7.0,3.0,1.0,0,
195,Larry Tripplett,28,BUF,LDT,16,16,1,0,0,0,5.0,1,0,1,0,0,1.0,35.0,18.0,17.0,3.0,7.0,0,
196,Marcus Trufant,27,SEA,LCB,16,16,7,150,1,84,15.0,0,0,0,0,0,0.0,85.0,78.0,7.0,2.0,0.0,0,PB
197,Osi Umenyiora,26,NYG,RDE,16,16,0,0,0,0,0.0,5,0,2,75,1,13.0,52.0,40.0,12.0,11.0,21.0,0,PB
198,Brian Urlacher,29,CHI,MLB,16,16,5,101,1,85,12.0,0,0,2,0,0,5.0,123.0,93.0,30.0,7.0,7.0,0,
199,Kyle Vanden Bosch,29,TEN,RDE,16,16,0,0,0,0,3.0,4,0,0,0,0,12.0,60.0,48.0,12.0,13.0,31.0,0,PB
200,DeMarcus Ware,25,DAL,ROLB,16,16,0,0,0,0,3.0,4,0,0,0,0,14.0,84.0,60.0,24.0,17.0,26.0,0,"PB,AP-1,AP DPoY-5"
201,Ty Warren,26,NWE,LDE,16,16,0,0,0,0,0.0,0,0,3,0,0,4.0,53.0,34.0,19.0,4.0,19.0,0,
202,Gabe Watson,24,ARI,LDT,16,16,0,0,0,0,2.0,0,0,0,0,0,0.0,34.0,25.0,9.0,1.0,1.0,0,
203,Reggie Wayne,29,IND,WR,16,16,0,0,0,0,0.0,0,3,1,0,0,0.0,0.0,0.0,0.0,0.0,0.0,0,"PB,AP-2"
204,Reggie Wells,27,ARI,LG,16,16,0,0,0,0,0.0,0,0,1,0,1,0.0,0.0,0.0,0.0,0.0,0.0,0,
205,LenDale White,23,TEN,RB,16,16,0,0,0,0,0.0,0,5,0,0,0,0.0,0.0,0.0,0.0,0.0,0.0,0,
206,Andrew Whitworth,26,CIN,LG,16,16,0,0,0,0,,0,0,1,0,0,0.0,0.0,0.0,0.0,0.0,0.0,0,
207,Casey Wiegmann,34,KAN,C,16,16,0,0,0,0,0.0,0,1,0,-9,0,0.0,0.0,0.0,0.0,0.0,0.0,0,
208,Vince Wilfork,26,NWE,NT,16,16,0,0,0,0,2.0,0,0,1,0,0,2.0,48.0,36.0,12.0,4.0,7.0,0,"PB,AP-2"
209,Bobbie Williams,31,CIN,RG,16,16,0,0,0,0,0.0,0,0,2,0,0,0.0,1.0,1.0,0.0,0.0,0.0,0,
210,D.J. Williams,25,DEN,MLB,16,16,1,0,0,0,4.0,2,0,2,1,0,1.0,141.0,106.0,35.0,13.0,1.0,0,
211,Demorrio Williams,27,ATL,RLB,16,16,2,3,0,8,2.0,0,0,0,0,0,0.0,78.0,63.0,15.0,6.0,0.0,0,
212,Kevin Williams,27,MIN,RDT,16,16,2,72,2,54,8.0,1,0,1,15,0,3.0,38.0,30.0,8.0,7.0,9.0,0,"PB,AP-1"
213,Kyle Williams,24,BUF,RDT,16,16,0,0,0,0,0.0,0,0,1,0,0,2.0,41.0,28.0,13.0,8.0,6.0,0,
214,Mario Williams,22,HOU,RDE,16,16,0,0,0,0,1.0,2,0,1,38,1,14.0,59.0,43.0,16.0,14.0,17.0,0,"AP-2,AP DPoY-7,AP CPoY-9"
215,Pat Williams,35,MIN,LDT,16,16,0,0,0,0,3.0,0,0,2,1,0,2.0,64.0,44.0,20.0,12.0,3.0,0,"PB,AP-2"
216,Patrick Willis,22,SFO,RILB,16,16,0,0,0,0,5.0,2,0,1,0,0,4.0,174.0,136.0,38.0,8.0,7.0,0,"PB,AP-1,AP DPoY-7,AP DRoY-1"
217,Kamerion Wimbley,24,CLE,ROLB,16,16,0,0,0,0,1.0,3,0,0,0,0,5.0,51.0,39.0,12.0,5.0,20.0,0,
218,Will Witherspoon,27,STL,MLB,16,16,0,0,0,0,7.0,2,0,1,0,0,7.0,110.0,92.0,18.0,14.0,13.0,0,
219,Jason Witten,25,DAL,TE,16,16,0,0,0,0,0.0,0,1,1,0,0,0.0,0.0,0.0,0.0,0.0,0.0,0,"PB,AP-1"
220,Bryant Young,35,SFO,LDE,16,16,0,0,0,0,2.0,1,0,0,0,0,6.5,38.0,33.0,5.0,7.0,12.0,0,
221,Derek Anderson,24,CLE,QB,16,15,0,0,0,0,0.0,0,5,1,-3,0,0.0,0.0,0.0,0.0,0.0,0.0,0,"PB,AP CPoY-7"
222,Eric Barton,30,NYJ,RILB,16,15,1,1,0,1,2.0,0,0,0,0,0,2.0,73.0,47.0,26.0,4.0,4.0,0,
223,Arnaz Battle,27,SFO,WR,16,15,0,0,0,0,0.0,0,3,0,0,0,0.0,0.0,0.0,0.0,0.0,0.0,0,
224,Bernard Berrian,27,CHI,WR,16,15,0,0,0,0,0.0,0,1,1,0,0,0.0,0.0,0.0,0.0,0.0,0.0,0,
225,Barry Cofield,23,NYG,LDT,16,15,0,0,0,0,1.0,0,0,0,0,0,1.0,34.0,29.0,5.0,3.0,2.0,0,
226,Deke Cooper,30,CAR,FS,16,15,3,19,0,19,4.0,1,0,0,0,0,0.0,59.0,46.0,13.0,0.0,1.0,0,
227,Warrick Dunn,32,ATL,RB,16,15,0,0,0,0,0.0,0,2,2,0,0,0.0,0.0,0.0,0.0,0.0,0.0,0,
228,Ron Edwards,28,KAN,LDT,16,15,0,0,0,0,1.0,0,0,1,0,0,3.0,26.0,23.0,3.0,5.0,5.0,0,
229,John Engelberger,31,DEN,LDE,16,15,0,0,0,0,1.0,1,0,0,0,0,1.0,41.0,30.0,11.0,0.0,2.0,0,
230,Morlon Greenwood,29,HOU,RLB,16,15,1,3,0,3,4.0,1,0,0,0,0,1.0,119.0,91.0,28.0,3.0,2.0,0,
231,DeAngelo Hall,24,ATL,LCB,16,15,5,80,0,33,16.0,1,0,1,56,1,0.0,70.0,63.0,7.0,3.0,0.0,0,
232,T.J. Houshmandzadeh,30,CIN,WR,16,15,0,0,0,0,0.0,0,2,0,0,0,0.0,0.0,0.0,0.0,0.0,0.0,0,PB
233,Von Hutchins,26,HOU,FS/RCB,16,15,1,8,0,8,6.0,0,0,0,0,0,0.5,95.0,78.0,17.0,0.0,1.0,0,
234,Cullen Jenkins,26,GNB,RDE,16,15,0,0,0,0,6.0,0,0,0,0,0,1.0,44.0,26.0,18.0,4.0,7.0,0,
235,Kris Jenkins,28,CAR,RDT,16,15,0,0,0,0,1.0,0,0,0,0,0,2.5,38.0,30.0,8.0,7.0,8.0,0,
236,Kelly Jennings,25,SEA,RCB,16,15,0,0,0,0,12.0,0,0,2,13,0,0.0,55.0,49.0,6.0,1.0,0.0,0,
237,Kenoy Kennedy,30,DET,SS,16,15,2,45,0,38,5.0,2,0,1,0,0,0.0,88.0,59.0,29.0,2.0,0.0,0,
238,Sammy Knight,32,JAX,SS,16,15,4,31,0,15,11.0,1,0,0,0,0,0.0,93.0,79.0,14.0,4.0,0.0,0,
239,Sam Madison,33,NYG,RCB,16,15,4,59,0,27,14.0,1,0,1,6,0,1.0,68.0,61.0,7.0,6.0,2.0,0,
240,Danieal Manning,25,CHI,FS,16,15,2,33,0,33,6.0,0,0,0,0,0,0.0,79.0,68.0,11.0,2.0,0.0,0,
241,Anthony Montgomery,23,WAS,RDT,16,15,0,0,0,0,4.0,0,0,2,0,0,0.5,42.0,30.0,12.0,6.0,3.0,0,
242,Reggie Nelson,24,JAX,FS,16,15,5,76,0,37,11.0,2,1,0,0,0,1.0,62.0,57.0,5.0,1.0,1.0,0,
243,Mike Patterson,24,PHI,LDT,16,15,0,0,0,0,0.0,1,0,1,12,0,4.0,66.0,49.0,17.0,4.0,6.0,0,
244,Bernard Pollard,23,KAN,SS,16,15,2,23,0,21,7.0,1,0,0,0,0,1.0,90.0,74.0,16.0,2.0,1.0,1,
245,Brady Poppinga,28,GNB,LLB,16,15,1,0,0,0,1.0,0,0,0,0,0,0.0,50.0,43.0,7.0,3.0,2.0,0,
246,Joey Porter,30,MIA,RLB,16,15,2,19,0,14,5.0,1,0,0,0,0,5.5,66.0,57.0,9.0,11.0,9.0,0,
247,Fred Robbins,30,NYG,RDT,16,15,0,0,0,0,1.0,0,0,0,0,0,5.5,42.0,32.0,10.0,7.0,10.0,0,
248,Dewayne Robertson,26,NYJ,NT,16,15,0,0,0,0,0.0,0,0,1,0,0,4.0,57.0,36.0,21.0,5.0,10.0,0,
249,Robert Royal,28,BUF,TE,16,15,0,0,0,0,0.0,0,2,0,0,0,0.0,0.0,0.0,0.0,0.0,0.0,0,
250,Bo Scaife,26,TEN,TE,16,15,0,0,0,0,0.0,0,2,0,0,0,0.0,0.0,0.0,0.0,0.0,0.0,0,
251,Visanthe Shiancoe,27,MIN,TE,16,15,0,0,0,0,0.0,0,1,2,0,0,0.0,0.0,0.0,0.0,0.0,0.0,0,
252,Michael Strahan,36,NYG,LDE,16,15,0,0,0,0,2.0,1,0,1,4,0,9.0,57.0,46.0,11.0,14.0,19.0,0,
253,Adalius Thomas,30,NWE,LILB/ROLB,16,15,1,65,1,65,8.0,2,0,0,0,0,6.5,79.0,58.0,21.0,10.0,11.0,0,
254,Kenechi Udeze,24,MIN,LDE,16,15,0,0,0,0,1.0,1,0,1,37,0,5.0,47.0,37.0,10.0,9.0,15.0,0,
255,Mike Vrabel,32,NWE,LOLB,16,15,0,0,0,0,0.0,4,0,0,0,0,12.5,77.0,56.0,21.0,9.0,17.0,0,"PB,AP-1,AP DPoY-5"
256,Kevin Walter,26,HOU,WR,16,15,0,0,0,0,0.0,0,0,2,0,1,0.0,1.0,1.0,0.0,0.0,0.0,0,
257,Roddy White,26,ATL,WR,16,15,0,0,0,0,0.0,0,3,0,0,0,0.0,0.0,0.0,0.0,0.0,0.0,0,
258,Akin Ayodele,28,DAL,RILB,16,14,0,0,0,0,4.0,0,0,0,0,0,0.0,57.0,36.0,21.0,1.0,0.0,0,
259,Reggie Brown,26,PHI,WR,16,14,0,0,0,0,0.0,0,1,0,0,0,0.0,0.0,0.0,0.0,0.0,0.0,0,
260,Kevin Carter,34,TAM,RDE/LDE,16,14,0,0,0,0,1.0,0,0,1,0,0,3.0,44.0,33.0,11.0,4.0,10.0,0,
261,Kenyon Coleman,28,NYJ,RDE,16,14,0,0,0,0,0.0,0,0,0,0,0,1.5,82.0,55.0,27.0,3.0,2.0,0,
262,Marques Colston,24,NOR,WR,16,14,0,0,0,0,0.0,0,1,0,0,0,0.0,,,,,,0,
263,John DiGiorgio,24,BUF,MLB,16,14,1,38,0,38,6.0,0,0,2,0,0,2.0,113.0,87.0,26.0,9.0,4.0,0,
264,Hunter Hillenmeyer,27,CHI,LLB,16,14,0,0,0,0,1.0,0,0,1,0,0,0.0,79.0,66.0,13.0,4.0,4.0,0,
265,Victor Hobson,27,NYJ,LOLB,16,14,0,0,0,0,3.0,0,0,2,0,0,2.0,62.0,48.0,14.0,2.0,10.0,0,
266,Thomas Jones,29,NYJ,RB,16,14,0,0,0,0,0.0,0,2,2,0,0,0.0,0.0,0.0,0.0,0.0,0.0,0,
267,Cato June,28,TAM,LLB,16,14,1,0,0,0,4.0,1,1,0,4,0,0.0,74.0,51.0,23.0,4.0,0.0,0,
268,Amobi Okoye,20,HOU,RDT,16,14,0,0,0,0,1.0,1,0,0,0,0,5.5,32.0,23.0,9.0,5.0,9.0,0,
269,Stanford Routt,24,OAK,RCB,16,14,3,31,0,31,6.0,0,0,0,0,0,0.0,42.0,35.0,7.0,0.0,0.0,0,
270,Asante Samuel,26,NWE,LCB,16,14,6,89,1,42,18.0,0,0,0,0,0,0.0,46.0,43.0,3.0,0.0,0.0,0,"PB,AP-1"
271,Shawn Springs,32,WAS,LCB,16,14,4,63,0,53,14.0,1,0,1,0,0,0.0,62.0,57.0,5.0,0.0,0.0,0,
272,Bryan Thomas,28,NYJ,ROLB,16,14,0,0,0,0,1.0,1,0,0,0,0,2.5,47.0,39.0,8.0,5.0,5.0,0,
273,Hollis Thomas,33,NOR,LDT,16,14,0,0,0,0,0.0,0,0,0,0,0,3.0,50.0,38.0,12.0,9.0,3.0,0,
274,Lawrence Vickers,24,CLE,FB,16,14,0,0,0,0,0.0,0,0,0,0,0,0.0,3.0,3.0,0.0,0.0,0.0,0,
275,Kellen Winslow,24,CLE,TE,16,14,0,0,0,0,0.0,0,2,0,0,0,0.0,0.0,0.0,0.0,0.0,0.0,0,PB
276,Phillip Buchanon,27,TAM,RCB,16,13,3,22,0,19,10.0,1,1,0,0,0,0.0,61.0,59.0,2.0,1.0,0.0,0,
277,Dwan Edwards,26,BAL,LDE,16,13,1,1,0,1,2.0,0,0,0,0,0,1.0,41.0,30.0,11.0,2.0,3.0,0,
278,Bobby Engram,34,SEA,WR,16,13,0,0,0,0,0.0,0,1,1,0,0,0.0,1.0,1.0,0.0,0.0,0.0,0,AP CPoY-6
279,Travis Fisher,28,DET,RCB,16,13,2,25,0,13,5.0,0,0,0,0,0,0.0,77.0,59.0,18.0,3.0,1.0,0,
280,Jabari Greer,25,BUF,LCB,16,13,2,1,0,2,14.0,1,0,0,0,0,0.0,46.0,41.0,5.0,2.0,0.0,0,
281,Napoleon Harris,28,KAN,MLB,16,13,1,4,0,4,4.0,0,0,0,0,0,1.5,116.0,83.0,33.0,6.0,2.0,0,
282,Tommie Harris,24,CHI,RDT,16,13,0,0,0,0,0.0,2,0,0,0,0,8.0,35.0,31.0,4.0,7.0,12.0,0,PB
283,Corey Ivy,30,BAL,RCB/LCB,16,13,1,22,0,22,12.0,1,0,1,0,0,3.0,57.0,51.0,6.0,4.0,4.0,0,
284,Ma'ake Kemoeatu,28,CAR,LDT,16,13,0,0,0,0,3.0,0,0,0,0,0,0.0,47.0,41.0,6.0,5.0,1.0,0,
285,Jacques Reeves,25,DAL,LCB,16,13,1,18,0,18,12.0,1,0,0,0,0,0.0,61.0,53.0,8.0,2.0,0.0,0,
286,Antonio Smith,26,ARI,LDE,16,13,0,0,0,0,0.0,1,0,3,10,0,5.5,44.0,37.0,7.0,9.0,11.0,0,
287,Nate Webster,30,DEN,LLB,16,13,0,0,0,0,1.0,1,0,1,17,1,0.0,88.0,68.0,20.0,9.0,0.0,0,
288,Wes Welker,26,NWE,WR,16,13,0,0,0,0,0.0,0,3,2,0,0,0.0,0.0,0.0,0.0,0.0,0.0,0,"AP-2,AP OPoY-3"
289,Ron Bartell,25,STL,LCB,16,12,2,10,0,9,9.0,2,0,1,7,0,1.0,74.0,69.0,5.0,3.0,2.0,0,
290,Nate Burleson,26,SEA,WR,16,12,0,0,0,0,0.0,0,3,0,0,0,0.0,0.0,0.0,0.0,0.0,0.0,0,
291,Chris Gocong,24,PHI,LLB,16,12,0,0,0,0,1.0,0,0,0,0,0,1.0,66.0,51.0,15.0,7.0,1.0,0,
292,Brad Hoover,31,CAR,FB,16,12,0,0,0,0,0.0,0,0,0,0,0,0.0,4.0,4.0,0.0,0.0,0.0,0,
293,Vonta Leach,26,HOU,FB,16,12,0,0,0,0,0.0,0,2,0,0,0,0.0,4.0,3.0,1.0,0.0,0.0,0,
294,Bobby Wade,26,MIN,WR,16,12,0,0,0,0,0.0,0,3,1,0,0,0.0,0.0,0.0,0.0,0.0,0.0,0,
295,Kris Wilson,26,KAN,FB,16,12,0,0,0,0,0.0,0,2,0,0,0,0.0,1.0,1.0,0.0,0.0,0.0,0,
296,Parys Haralson,23,SFO,LOLB,16,11,0,0,0,0,0.0,0,0,0,0,0,2.5,49.0,32.0,17.0,7.0,6.0,0,
297,Chris Houston,23,ATL,RCB,16,11,0,0,0,0,9.0,1,0,1,0,0,0.0,57.0,56.0,1.0,0.0,0.0,0,
298,Greg Jones,26,JAX,FB,16,11,0,0,0,0,0.0,0,0,0,0,0,0.0,3.0,3.0,0.0,0.0,0.0,0,
299,Calvin Lowry,24,TEN,FS/SS,16,11,2,18,0,17,10.0,0,0,0,0,0,0.0,62.0,46.0,16.0,0.0,0.0,0,
300,Le'Ron McClain,23,BAL,FB,16,11,0,0,0,0,0.0,0,1,1,0,0,0.0,2.0,2.0,0.0,0.0,0.0,0,
301,Jason McKie,27,CHI,FB,16,11,0,0,0,0,0.0,0,1,1,0,0,0.0,0.0,0.0,0.0,0.0,0.0,0,
302,Jay Richardson,23,OAK,LDE,16,11,0,0,0,0,1.0,0,0,0,0,0,1.0,33.0,24.0,9.0,4.0,2.0,0,
303,Terdell Sands,28,OAK,RDT,16,11,0,0,0,0,2.0,0,0,0,0,0,0.0,24.0,17.0,7.0,3.0,0.0,0,
304,Tully Banta-Cain,27,SFO,ROLB,16,10,0,0,0,0,2.0,0,0,1,0,1,3.5,41.0,30.0,11.0,5.0,7.0,0,
305,Andra Davis,29,CLE,LILB,16,10,0,0,0,0,4.0,1,0,0,0,0,0.0,67.0,51.0,16.0,5.0,2.0,0,
306,Drayton Florence,27,SDG,RCB,16,10,2,4,0,4,10.0,0,0,1,7,0,0.0,62.0,56.0,6.0,3.0,0.0,0,
307,Jarvis Green,28,NWE,RDE,16,10,0,0,0,0,0.0,2,0,1,0,0,6.5,40.0,22.0,18.0,6.0,14.0,0,
308,Michael Griffin,22,TEN,FS,16,10,3,3,0,3,7.0,1,1,0,0,0,0.0,64.0,49.0,15.0,3.0,4.0,0,
309,Leon Hall,23,CIN,RCB,16,10,5,16,0,12,12.0,1,0,0,0,0,0.0,70.0,56.0,14.0,1.0,0.0,0,
310,Ben Leber,29,MIN,LLB,16,10,1,0,0,0,4.0,2,0,1,10,0,5.0,67.0,52.0,15.0,10.0,10.0,0,
311,Brandon Mebane,22,SEA,LDT,16,10,0,0,0,0,0.0,0,0,2,0,0,2.0,29.0,23.0,6.0,5.0,2.0,0,
312,Justin Peelle,28,MIA,TE,16,10,0,0,0,0,0.0,0,0,0,0,0,0.0,7.0,5.0,2.0,0.0,0.0,0,
313,Anthony Smith,24,PIT,FS,16,10,2,50,0,50,2.0,1,0,1,0,0,0.0,68.0,52.0,16.0,1.0,1.0,0,
314,Delanie Walker,23,SFO,TE,16,10,0,0,0,0,0.0,0,0,0,0,0,0.0,2.0,2.0,0.0,0.0,0.0,0,
315,Jason Allen,24,MIA,SS,16,9,3,15,0,13,3.0,1,0,0,0,0,0.0,62.0,55.0,7.0,0.0,0.0,0,
316,David Barrett,30,NYJ,RCB,16,9,1,0,0,0,7.0,0,0,0,0,0,0.0,63.0,54.0,9.0,1.0,0.0,0,
317,Na'il Diggs,29,CAR,RLB,16,9,0,0,0,0,3.0,1,0,1,0,0,3.5,58.0,44.0,14.0,6.0,4.0,0,
318,Ted Ginn Jr.,22,MIA,WR,16,9,0,0,0,0,0.0,0,3,2,-9,0,0.0,2.0,2.0,0.0,0.0,0.0,0,
319,David Harris,23,NYJ,LILB/RILB,16,9,0,0,0,0,3.0,2,0,1,0,0,5.0,126.0,90.0,36.0,7.0,6.0,0,
320,Ben Hartsock,27,TEN,TE,16,9,0,0,0,0,0.0,0,0,1,0,0,0.0,1.0,1.0,0.0,0.0,0.0,0,
321,James Jones,23,GNB,WR,16,9,0,0,0,0,0.0,0,3,0,0,0,0.0,0.0,0.0,0.0,0.0,0.0,0,
322,Reagan Maui'a,23,MIA,FB,16,9,0,0,0,0,0.0,0,1,0,0,0,0.0,0.0,0.0,0.0,0.0,0.0,0,
323,Trumaine McBride,22,CHI,RCB,16,9,0,0,0,0,5.0,1,0,1,0,0,0.0,41.0,35.0,6.0,0.0,0.0,0,
324,Marcus McCauley,24,MIN,LCB,16,9,0,0,0,0,8.0,0,0,0,0,0,0.0,63.0,53.0,10.0,2.0,0.0,0,
325,Rob Meier,30,JAX,LDT,16,9,0,0,0,0,1.0,0,0,0,0,0,4.0,27.0,19.0,8.0,7.0,7.0,0,
326,Derrick Pope,25,MIA,MLB,16,9,2,0,0,0,3.0,0,0,1,0,0,0.0,64.0,43.0,21.0,2.0,1.0,0,
327,Hank Poteat,30,NYJ,RCB,16,9,2,11,0,11,5.0,0,0,0,0,0,0.0,37.0,29.0,8.0,0.0,0.0,0,
328,Brad Smith,24,NYJ,WR,16,9,0,0,0,0,0.0,0,1,0,-9,0,0.0,8.0,7.0,1.0,0.0,0.0,0,
329,Corey Williams,27,GNB,RDT,16,9,1,9,0,9,1.0,3,0,0,0,0,7.0,35.0,26.0,9.0,6.0,11.0,0,
330,Leon Williams,24,CLE,MLB,16,9,0,0,0,0,3.0,0,0,0,0,0,4.0,85.0,63.0,22.0,5.0,6.0,0,
331,Gaines Adams,24,TAM,RDE,16,8,0,0,0,0,2.0,1,0,0,0,0,6.0,38.0,28.0,10.0,5.0,14.0,0,
332,Antonio Cromartie,23,SDG,RCB,16,8,10,144,1,70,18.0,0,0,2,2,1,0.0,44.0,39.0,5.0,0.0,0.0,0,"PB,AP-1,AP DPoY-4"
333,Demarcus Faggins,28,HOU,RCB,16,8,0,0,0,0,4.0,2,0,1,0,0,0.0,46.0,40.0,6.0,1.0,0.0,0,
334,Kevin Faulk,31,NWE,RB,16,8,0,0,0,0,0.0,0,1,0,0,0,0.0,0.0,0.0,0.0,0.0,0.0,0,
335,Justin Gage,26,TEN,WR,16,8,0,0,0,0,0.0,0,1,2,0,0,0.0,1.0,1.0,0.0,0.0,0.0,0,
336,Bryant Johnson,26,ARI,WR,16,8,0,0,0,0,0.0,0,0,1,0,0,0.0,0.0,0.0,0.0,0.0,0.0,0,
337,Deltha O'Neal,30,CIN,LCB,16,8,1,7,0,7,9.0,1,0,1,0,0,0.0,52.0,48.0,4.0,0.0,0.0,0,
338,Antrel Rolle,25,ARI,RCB,16,8,5,231,3,57,10.0,0,0,0,0,0,0.0,61.0,51.0,10.0,1.0,0.0,0,
339,Cecil Sapp,29,DEN,FB,16,8,0,0,0,0,0.0,0,0,0,0,0,0.0,6.0,6.0,0.0,0.0,0.0,0,
340,Thomas Tapeh,27,PHI,FB,16,8,0,0,0,0,0.0,0,0,0,0,0,0.0,2.0,2.0,0.0,0.0,0.0,0,
341,Rocky Boiman,27,IND,LLB,16,7,2,28,0,26,4.0,0,0,1,5,0,0.0,54.0,33.0,21.0,1.0,0.0,0,
342,Chris Chambers,29,2TM,WR,16,12,0,0,0,0,0.0,0,1,0,0,0,0.0,2.0,2.0,0.0,0.0,0.0,0,
342,Chris Chambers,29,MIA,WR,6,5,0,0,0,0,0.0,0,0,0,0,0,0.0,2.0,2.0,0.0,0.0,0.0,0,
342,Chris Chambers,29,SDG,WR,10,7,0,0,0,0,0.0,0,1,0,0,0,0.0,0.0,0.0,0.0,0.0,0.0,0,
343,Carey Davis,26,PIT,FB,16,7,0,0,0,0,0.0,0,0,1,0,0,0.0,17.0,11.0,6.0,0.0,0.0,0,
344,Grady Jackson,34,2TM,LDT,16,7,0,0,0,0,0.0,0,0,0,0,0,1.0,29.0,26.0,3.0,7.0,1.0,0,
344,Grady Jackson,34,ATL,LDT,7,7,0,0,0,0,0.0,0,0,0,0,0,1.0,20.0,18.0,2.0,6.0,1.0,0,
344,Grady Jackson,34,JAX,DT,9,0,0,0,0,0,0.0,0,0,0,0,0,0.0,9.0,8.0,1.0,1.0,0.0,0,
345,Shaun McDonald,26,DET,WR,16,7,0,0,0,0,0.0,0,3,0,0,0,0.0,0.0,0.0,0.0,0.0,0.0,0,
346,Ovie Mughelli,27,ATL,FB,16,7,0,0,0,0,0.0,0,0,1,0,0,0.0,6.0,6.0,0.0,0.0,0.0,0,
347,Juqua Parker,29,PHI,LDE,16,7,0,0,0,0,2.0,2,0,2,0,0,5.0,39.0,29.0,10.0,5.0,8.0,0,
348,Tony Scheffler,24,DEN,TE,16,7,0,0,0,0,0.0,0,1,0,0,0,0.0,2.0,2.0,0.0,0.0,0.0,0,
349,Jacques Cesaire,27,SDG,RDE,16,6,0,0,0,0,3.0,1,0,0,0,0,2.5,37.0,20.0,17.0,1.0,4.0,0,
350,Reed Doughty,25,WAS,FS,16,6,0,0,0,0,2.0,0,0,0,0,0,0.5,53.0,32.0,21.0,1.0,1.0,0,
351,Chris Draft,31,STL,RLB,16,6,0,0,0,0,5.0,0,0,0,0,0,1.0,58.0,48.0,10.0,6.0,2.0,0,
352,Richard Marshall,23,CAR,LCB,16,6,3,107,1,73,11.0,0,0,2,0,0,1.0,88.0,79.0,9.0,7.0,3.0,0,
353,Michael Matthews,24,NYG,TE,16,6,0,0,0,0,0.0,0,0,1,0,0,0.0,1.0,1.0,0.0,0.0,0.0,0,
354,Justin McCareins,29,NYJ,WR,16,6,0,0,0,0,0.0,0,0,0,0,0,0.0,1.0,1.0,0.0,0.0,0.0,0,
355,Paul McQuistan,24,OAK,RT,16,6,0,0,0,0,0.0,0,0,1,0,0,0.0,0.0,0.0,0.0,0.0,0.0,0,
356,Kolby Smith,23,KAN,FB,16,6,0,0,0,0,0.0,0,0,0,0,0,0.0,3.0,3.0,0.0,0.0,0.0,0,
357,Anthony Spencer,23,DAL,LLB,16,6,0,0,0,0,0.0,2,0,0,0,0,3.0,36.0,28.0,8.0,6.0,7.0,0,
358,Aaron Stecker,32,NOR,RB,16,6,0,0,0,0,0.0,0,1,1,0,0,0.0,2.0,2.0,0.0,0.0,0.0,0,
359,Eugene Amano,25,TEN,RG,16,5,0,0,0,0,,0,0,1,0,0,0.0,0.0,0.0,0.0,0.0,0.0,0,
360,Charlie Anderson,26,HOU,LLB,16,5,0,0,0,0,1.0,0,0,1,0,0,2.0,31.0,19.0,12.0,4.0,3.0,0,
361,Tyrone Carter,31,PIT,SS,16,5,0,0,0,0,2.0,3,0,0,0,0,0.5,63.0,45.0,18.0,2.0,2.0,0,
362,Chris Chester,24,BAL,RG,16,5,0,0,0,0,0.0,0,0,0,0,0,0.0,1.0,1.0,0.0,0.0,0.0,0,
363,Travis Daniels,25,MIA,LCB,16,5,1,29,0,29,3.0,0,0,0,0,0,0.0,29.0,20.0,9.0,2.0,2.0,0,
364,Hiram Eugene,27,OAK,FS,16,5,0,0,0,0,0.0,0,0,0,0,0,0.0,31.0,22.0,9.0,0.0,0.0,0,
365,Anthony Fasano,23,DAL,TE,16,5,0,0,0,0,0.0,0,0,0,0,0,0.0,1.0,0.0,1.0,0.0,0.0,0,
366,Casey Fitzsimmons,27,DET,FB,16,5,0,0,0,0,0.0,0,0,0,0,0,0.0,12.0,11.0,1.0,0.0,0.0,1,
367,Michael Johnson,23,NYG,FS,16,5,0,0,0,0,2.0,1,0,0,0,0,0.0,25.0,23.0,2.0,3.0,1.0,0,
368,Ricky Manning,27,CHI,RCB,16,5,0,0,0,0,1.0,0,0,1,11,0,1.0,44.0,34.0,10.0,1.0,1.0,0,
369,Moran Norris,29,SFO,RB,16,5,0,0,0,0,0.0,0,0,1,0,0,0.0,2.0,1.0,1.0,0.0,0.0,1,
370,David Patten,33,NOR,WR,16,5,0,0,0,0,0.0,0,2,0,0,0,0.0,0.0,0.0,0.0,0.0,0.0,0,
371,Adrian Peterson,28,CHI,RB,16,5,0,0,0,0,0.0,0,3,2,-2,0,0.0,5.0,5.0,0.0,0.0,0.0,0,
372,Brian Robison,24,MIN,RDE,16,5,0,0,0,0,0.0,1,0,0,0,0,4.5,25.0,20.0,5.0,8.0,3.0,0,
373,Isaac Sopoaga,26,SFO,NT,16,5,0,0,0,0,1.0,0,0,0,0,0,1.5,27.0,14.0,13.0,3.0,3.0,0,
374,Donnie Spragan,31,MIA,LLB,16,5,0,0,0,0,0.0,0,0,1,0,0,0.0,39.0,23.0,16.0,0.0,0.0,0,
375,Marcus Thomas,22,DEN,LDT,16,5,1,-2,0,-2,1.0,1,0,1,0,0,0.0,20.0,14.0,6.0,0.0,0.0,0,
376,Reggie Torbor,26,NYG,LLB,16,5,0,0,0,0,1.0,0,0,0,0,0,1.0,39.0,27.0,12.0,2.0,3.0,0,
377,Kenny Watson,29,CIN,FB,16,5,0,0,0,0,0.0,0,3,3,0,0,0.0,0.0,0.0,0.0,0.0,0.0,0,
378,Troy Bienemann,24,ARI,TE,16,4,0,0,0,0,0.0,0,0,0,0,0,0.0,6.0,5.0,1.0,0.0,0.0,0,
379,Brent Celek,22,PHI,TE,16,4,0,0,0,0,0.0,0,0,1,0,0,0.0,4.0,3.0,1.0,0.0,0.0,0,
380,Jason Craft,31,NOR,DB,16,4,2,21,0,21,9.0,1,0,0,0,0,0.0,56.0,51.0,5.0,1.0,2.0,0,
381,Keyunta Dawson,22,IND,DE,16,4,0,0,0,0,0.0,1,0,2,10,0,1.0,28.0,21.0,7.0,2.0,4.0,0,
382,Joselio Hanson,26,PHI,DB,16,4,0,0,0,0,3.0,0,0,1,0,0,1.0,53.0,46.0,7.0,3.0,1.0,0,
383,Travis Kirschke,33,PIT,DE,16,4,0,0,0,0,0.0,0,0,0,0,0,2.0,48.0,30.0,18.0,6.0,8.0,0,
384,Lance Moore,24,NOR,WR,16,4,0,0,0,0,0.0,0,2,2,0,0,0.0,,,,,,0,
385,Bryan Robinson,33,CIN,DT,16,4,0,0,0,0,2.0,1,0,0,0,0,1.5,20.0,13.0,7.0,5.0,6.0,0,
386,Junior Seau,38,NWE,LB,16,4,3,28,0,23,4.0,0,0,0,0,0,3.5,73.0,57.0,16.0,9.0,6.0,0,
387,Leon Washington,25,NYJ,RB,16,4,0,0,0,0,0.0,0,4,1,0,0,0.0,0.0,0.0,0.0,0.0,0.0,0,
388,Leonard Weaver,25,SEA,RB,16,4,0,0,0,0,0.0,0,0,0,0,0,0.0,1.0,1.0,0.0,0.0,0.0,0,
389,Jeff Dugan,26,MIN,TE,16,3,0,0,0,0,0.0,0,1,0,0,0,0.0,3.0,1.0,2.0,0.0,0.0,0,
390,Randall Gay,25,NWE,DB,16,3,3,52,0,31,7.0,1,0,1,15,1,0.0,37.0,32.0,5.0,1.0,0.0,0,
391,Charles Gordon,23,MIN,DB,16,3,1,0,0,0,5.0,0,0,0,0,0,0.0,39.0,30.0,9.0,1.0,1.0,0,
392,Israel Idonije,27,CHI,DE,16,3,0,0,0,0,3.0,1,0,1,0,0,0.0,27.0,19.0,8.0,2.0,0.0,0,
393,Kevin Kaesviharn,31,NOR,DB,16,3,0,0,0,0,8.0,0,0,1,2,0,0.0,36.0,33.0,3.0,1.0,0.0,0,
394,Anthony Maddox,29,HOU,DT,16,3,0,0,0,0,1.0,0,0,0,0,0,2.0,16.0,15.0,1.0,3.0,2.0,0,
395,John Madsen,24,OAK,WR,16,3,0,0,0,0,0.0,0,0,0,0,0,0.0,1.0,1.0,0.0,0.0,0.0,0,
396,Derrick Martin,22,BAL,DB,16,3,2,3,0,3,7.0,0,0,1,0,0,0.0,40.0,32.0,8.0,0.0,0.0,0,
397,Roscoe Parrish,25,BUF,WR,16,3,0,0,0,0,0.0,0,1,1,0,0,0.0,0.0,0.0,0.0,0.0,0.0,0,
398,Brian Simmons,32,NOR,LB,16,3,0,0,0,0,0.0,0,0,0,0,0,1.0,27.0,17.0,10.0,3.0,1.0,0,
399,Monty Beisel,29,ARI,LB,16,2,0,0,0,0,0.0,0,0,0,0,0,0.0,42.0,32.0,10.0,0.0,0.0,0,
400,Ryon Bingham,26,SDG,DT,16,2,0,0,0,0,0.0,0,0,0,0,0,1.5,39.0,26.0,13.0,2.0,5.0,0,
401,David Bowens,30,NYJ,DE,16,2,0,0,0,0,3.0,0,0,0,0,0,2.5,26.0,20.0,6.0,6.0,5.0,0,
402,Alex Brown,28,CHI,DE,16,2,1,7,0,7,5.0,2,0,2,0,0,4.5,41.0,31.0,10.0,6.0,10.0,0,
403,Kevin Burnett,25,DAL,LB,16,2,0,0,0,0,2.0,1,0,0,0,0,0.0,53.0,46.0,7.0,2.0,4.0,0,
404,Chris Carr,24,OAK,DB,16,2,0,0,0,0,1.0,0,0,0,0,0,0.0,28.0,24.0,4.0,2.0,0.0,0,
405,Chris Clemons,26,OAK,DE,16,2,0,0,0,0,1.0,2,0,1,0,0,8.0,20.0,15.0,5.0,7.0,12.0,0,
406,Terry Cousin,32,JAX,DB,16,2,1,9,0,9,3.0,1,0,0,0,0,1.0,47.0,45.0,2.0,1.0,1.0,0,
407,Josh Cribbs,24,CLE,WR,16,2,0,0,0,0,0.0,0,5,2,0,0,0.0,20.0,17.0,3.0,0.0,0.0,0,"PB,AP-2"
408,Johnnie Lee Higgins,24,OAK,WR,16,2,0,0,0,0,0.0,0,4,0,0,0,0.0,,,,,,0,
409,Sam Hurd,22,DAL,WR,16,2,0,0,0,0,0.0,0,0,0,0,0,0.0,11.0,8.0,3.0,0.0,0.0,0,
410,Adam Jennings,25,ATL,WR,16,2,0,0,0,0,0.0,0,1,0,0,0,0.0,5.0,2.0,3.0,0.0,0.0,0,
411,Marquand Manuel,28,CAR,DB,16,2,1,4,0,4,2.0,1,0,0,0,0,1.0,18.0,16.0,2.0,1.0,1.0,0,
412,Brandon McDonald,22,CLE,DB,16,2,2,0,0,0,10.0,0,0,0,0,0,0.0,24.0,19.0,5.0,0.0,0.0,0,
413,R.W. McQuarters,31,NYG,DB,16,2,0,0,0,0,1.0,0,1,1,0,0,0.0,15.0,14.0,1.0,0.0,1.0,0,
414,Dante Rosario,23,CAR,TE,16,2,0,0,0,0,0.0,0,0,1,0,0,0.0,5.0,5.0,0.0,0.0,0.0,0,
415,Corey Smith,28,DET,DE,16,2,0,0,0,0,0.0,3,0,0,0,0,2.5,27.0,21.0,6.0,3.0,4.0,0,
416,Craig Terrill,27,SEA,DT,16,2,0,0,0,0,1.0,0,0,0,0,0,0.0,25.0,19.0,6.0,3.0,1.0,0,
417,Ben Troupe,25,TEN,TE,16,2,0,0,0,0,0.0,0,0,0,0,0,0.0,4.0,3.0,1.0,0.0,0.0,0,
418,Justin Tuck,24,NYG,DE,16,2,0,0,0,0,1.0,1,0,0,0,0,10.0,65.0,48.0,17.0,16.0,21.0,0,
419,Jeff Ulbrich,30,SFO,LB,16,2,0,0,0,0,1.0,0,0,1,0,0,0.0,45.0,31.0,14.0,3.0,0.0,0,
420,Jeff Webb,25,KAN,WR,16,2,0,0,0,0,0.0,0,2,1,0,0,0.0,2.0,1.0,1.0,0.0,0.0,0,
421,Stylez G. White,28,TAM,DE,16,2,0,0,0,0,0.0,7,0,2,0,0,8.0,,,,,,0,
422,Jimmy Wilkerson,26,KAN,DE,16,2,0,0,0,0,0.0,0,0,0,0,0,0.5,23.0,19.0,4.0,3.0,2.0,0,
423,Stewart Bradley,24,PHI,LB,16,1,1,13,0,13,1.0,0,0,0,0,0,1.0,29.0,22.0,7.0,7.0,4.0,0,
424,Ricky Brown,24,OAK,LB,16,1,0,0,0,0,0.0,0,0,0,0,0,0.0,13.0,9.0,4.0,0.0,0.0,0,
425,Devard Darling,25,BAL,WR,16,1,0,0,0,0,0.0,0,0,1,0,0,0.0,2.0,2.0,0.0,0.0,0.0,0,
426,Rashied Davis,28,CHI,WR,16,1,0,0,0,0,0.0,0,0,0,0,0,0.0,9.0,9.0,0.0,0.0,0.0,0,
427,Reuben Droughns,29,NYG,RB,16,1,0,0,0,0,0.0,0,1,1,0,0,0.0,7.0,5.0,2.0,0.0,0.0,0,
428,Nick Eason,27,PIT,DT,16,1,0,0,0,0,0.0,0,0,0,0,0,0.0,17.0,13.0,4.0,0.0,0.0,0,
429,Demetric Evans,28,WAS,DE,16,1,0,0,0,0,3.0,1,0,0,0,0,1.0,25.0,18.0,7.0,4.0,3.0,0,
430,Heath Evans,29,NWE,FB,16,1,0,0,0,0,0.0,0,0,0,0,0,0.0,7.0,6.0,1.0,0.0,0.0,0,
431,Simon Fraser,24,CLE,DE,16,1,0,0,0,0,1.0,0,0,1,0,0,0.0,14.0,11.0,3.0,2.0,0.0,0,
432,Derek Hagan,23,MIA,WR,16,1,0,0,0,0,0.0,0,0,1,0,0,0.0,4.0,4.0,0.0,0.0,0.0,0,
433,Domenik Hixon,23,2TM,WR,16,1,0,0,0,0,0.0,0,1,0,0,0,0.0,14.0,11.0,3.0,0.0,0.0,0,
433,Domenik Hixon,23,DEN,WR,4,0,0,0,0,0,0.0,0,1,0,0,0,0.0,2.0,2.0,0.0,0.0,0.0,0,
433,Domenik Hixon,23,NYG,WR,12,1,0,0,0,0,0.0,0,0,0,0,0,0.0,12.0,9.0,3.0,0.0,0.0,0,
434,Chris Hoke,31,PIT,DT,16,1,0,0,0,0,0.0,0,0,0,0,0,0.5,9.0,5.0,4.0,1.0,1.0,0,
435,Brian Iwuh,23,JAX,LB,16,1,0,0,0,0,0.0,0,0,1,0,0,0.0,31.0,24.0,7.0,1.0,0.0,0,
436,Todd Johnson,29,STL,DB,16,1,0,0,0,0,0.0,0,0,0,0,0,1.0,22.0,19.0,3.0,0.0,0.0,0,
437,Brad Kassell,27,NYJ,LB,16,1,0,0,0,0,1.0,0,0,0,0,0,0.0,27.0,15.0,12.0,0.0,0.0,0,
438,Kenton Keith,27,IND,RB,16,1,0,0,0,0,0.0,0,1,0,0,0,0.0,0.0,0.0,0.0,0.0,0.0,0,
439,John Kuhn,25,GNB,FB,16,1,0,0,0,0,0.0,0,0,0,0,0,0.0,5.0,3.0,2.0,0.0,0.0,0,
440,Turk McBride,22,KAN,DT,16,1,0,0,0,0,1.0,0,0,0,0,0,1.0,14.0,11.0,3.0,0.0,3.0,0,
441,Brandon Moore,28,SFO,LB,16,1,0,0,0,0,0.0,0,0,0,0,0,2.5,23.0,14.0,9.0,2.0,4.0,0,
442,Kindal Moorehead,29,CAR,DT,16,1,0,0,0,0,0.0,0,0,0,0,0,2.0,19.0,13.0,6.0,3.0,3.0,0,
443,Kalvin Pearson,29,TAM,DB,16,1,0,0,0,0,0.0,0,0,0,0,0,0.0,23.0,21.0,2.0,1.0,0.0,0,
444,Sione Pouha,28,NYJ,DT,16,1,0,0,0,0,1.0,0,0,0,0,0,0.0,40.0,35.0,5.0,0.0,0.0,0,
445,Darrell Reid,25,IND,DE,16,1,0,0,0,0,0.0,0,0,2,0,0,0.5,31.0,24.0,7.0,1.0,3.0,0,
446,Musa Smith,25,BAL,RB,16,1,0,0,0,0,0.0,0,1,0,0,0,0.0,4.0,2.0,2.0,0.0,0.0,0,
447,Leigh Torrence,25,WAS,DB,16,1,0,0,0,0,0.0,0,0,0,0,0,1.0,43.0,34.0,9.0,1.0,1.0,0,
448,Stephen Tulloch,22,TEN,LB,16,1,0,0,0,0,0.0,0,0,0,0,0,0.0,49.0,36.0,13.0,2.0,0.0,0,
449,Jonathan Wade,23,STL,DB,16,1,1,2,0,2,1.0,0,0,0,0,0,0.0,32.0,29.0,3.0,1.0,0.0,0,
450,Jamar Williams,23,CHI,LB,16,1,0,0,0,0,2.0,0,0,0,0,0,1.0,30.0,22.0,8.0,3.0,1.0,0,
451,Tramon Williams,24,GNB,DB,16,1,1,22,0,22,4.0,0,0,0,0,0,0.0,17.0,16.0,1.0,0.0,0.0,0,
452,Jason Wright,25,CLE,RB,16,1,0,0,0,0,0.0,0,1,0,0,0,0.0,7.0,7.0,0.0,0.0,0.0,0,
453,Wallace Wright,23,NYJ,WR,16,1,0,0,0,0,0.0,0,0,0,0,0,0.0,14.0,13.0,1.0,0.0,0.0,0,
454,Jeff Zgonina,37,HOU,DT,16,1,0,0,0,0,0.0,0,0,0,0,0,0.0,17.0,10.0,7.0,1.0,2.0,0,
455,David Akers,33,PHI,K,16,0,0,0,0,0,0.0,0,0,0,0,0,0.0,1.0,1.0,0.0,0.0,0.0,0,
456,Jay Alford,24,NYG,DT,16,0,0,0,0,0,0.0,0,0,0,0,0,1.0,1.0,1.0,0.0,1.0,2.0,0,
457,J.J. Arrington,24,ARI,RB,16,0,0,0,0,0,0.0,0,0,0,0,0,0.0,1.0,1.0,0.0,0.0,0.0,0,
458,Miles Austin,23,DAL,WR,16,0,0,0,0,0,0.0,0,0,0,0,0,0.0,8.0,7.0,1.0,0.0,0.0,0,
459,Brendon Ayanbadejo,31,CHI,LB,16,0,0,0,0,0,0.0,1,0,1,-3,0,0.0,20.0,18.0,2.0,1.0,0.0,0,PB
460,Jordan Babineaux,25,SEA,DB,16,0,1,0,0,0,3.0,3,0,1,0,0,1.0,63.0,52.0,11.0,1.0,3.0,0,
461,Rodney Bailey,28,ARI,DE,16,0,0,0,0,0,0.0,0,0,0,0,0,0.0,16.0,11.0,5.0,0.0,1.0,0,
462,Jason Baker,29,CAR,P,16,0,0,0,0,0,0.0,0,0,0,0,0,0.0,2.0,2.0,0.0,0.0,0.0,0,
463,Marion Barber III,24,DAL,RB,16,0,0,0,0,0,0.0,0,3,2,0,0,0.0,0.0,0.0,0.0,0.0,0.0,0,PB
464,Hank Baskett,25,PHI,WR,16,0,0,0,0,0,0.0,0,0,0,0,0,0.0,4.0,3.0,1.0,0.0,0.0,0,
465,Ladell Betts,28,WAS,RB,16,0,0,0,0,0,0.0,0,1,0,0,0,0.0,,,,,,0,
466,Rob Bironas,29,TEN,K,16,0,0,0,0,0,0.0,0,0,0,0,0,0.0,3.0,3.0,0.0,0.0,0.0,0,"PB,AP-1"
467,Chase Blackburn,24,NYG,LB,16,0,0,0,0,0,0.0,0,0,1,0,0,0.0,22.0,20.0,2.0,0.0,0.0,0,
468,Darryl Blackstock,24,ARI,LB,16,0,0,0,0,0,0.0,1,0,1,34,0,3.0,21.0,17.0,4.0,3.0,3.0,0,
469,H.B. Blades,23,WAS,LB,16,0,0,0,0,0,0.0,0,0,0,0,0,0.0,20.0,15.0,5.0,0.0,0.0,0,
470,Michael Boulware,26,HOU,S,16,0,0,0,0,0,2.0,0,0,0,0,0,0.0,11.0,7.0,4.0,1.0,0.0,0,
471,Stephen Bowen,23,DAL,DE,16,0,0,0,0,0,0.0,0,0,0,0,0,0.0,16.0,11.0,5.0,0.0,7.0,0,
472,Tyler Brayton,28,OAK,DE,16,0,0,0,0,0,1.0,0,0,1,0,0,0.0,12.0,10.0,2.0,2.0,0.0,0,
473,Steve Breaston,24,ARI,WR,16,0,0,0,0,0,0.0,0,0,0,0,0,0.0,2.0,2.0,0.0,0.0,0.0,0,
474,Josh Brown,28,SEA,K,16,0,0,0,0,0,0.0,0,0,0,0,0,0.0,5.0,5.0,0.0,1.0,0.0,0,
475,Kris Brown,31,HOU,K,16,0,0,0,0,0,0.0,0,0,0,0,0,0.0,1.0,1.0,0.0,0.0,0.0,0,
476,Ralph Brown,29,ARI,DB,16,0,1,5,0,5,1.0,3,0,1,0,0,0.0,31.0,28.0,3.0,0.0,0.0,0,
477,Matt Bryant,32,TAM,K,16,0,0,0,0,0,0.0,0,0,0,0,0,0.0,1.0,1.0,0.0,0.0,0.0,0,
478,Khary Campbell,28,WAS,LB,16,0,0,0,0,0,0.0,0,0,0,0,0,0.0,33.0,26.0,7.0,0.0,0.0,0,
479,Bobby Carpenter,24,DAL,LB,16,0,0,0,0,0,0.0,0,0,0,0,0,0.0,18.0,11.0,7.0,0.0,0.0,0,
480,Jon Condo,26,OAK,LS,16,0,0,0,0,0,0.0,0,0,0,0,0,0.0,8.0,6.0,2.0,0.0,0.0,0,
481,Jameel Cook,28,HOU,FB,16,0,0,0,0,0,0.0,0,0,0,0,0,0.0,13.0,12.0,1.0,0.0,0.0,0,
482,Mason Crosby,23,GNB,K,16,0,0,0,0,0,0.0,0,0,0,0,0,0.0,5.0,5.0,0.0,0.0,0.0,0,
483,Tony Curtis,24,DAL,TE,16,0,0,0,0,0,0.0,0,0,0,0,0,0.0,5.0,3.0,2.0,0.0,0.0,0,
484,Jean-Phillipe Darche,32,KAN,LS,16,0,0,0,0,0,0.0,0,0,0,0,0,0.0,7.0,7.0,0.0,0.0,0.0,0,
485,Chauncey Davis,24,ATL,DE,16,0,0,0,0,0,0.0,0,0,1,0,0,2.0,31.0,27.0,4.0,7.0,5.0,0,
486,James Dearth,31,NYJ,LS,16,0,0,0,0,0,0.0,0,0,0,0,0,0.0,3.0,3.0,0.0,0.0,0.0,0,
487,John Denney,29,MIA,LS,16,0,0,0,0,0,0.0,0,0,0,0,0,0.0,3.0,3.0,0.0,0.0,0.0,0,
488,Zak DeOssie,23,NYG,LB,16,0,0,0,0,0,0.0,0,0,0,0,0,0.0,6.0,6.0,0.0,0.0,0.0,0,
489,Tim Dobbins,25,SDG,LB,16,0,0,0,0,0,1.0,1,0,2,0,0,0.0,21.0,19.0,2.0,0.0,0.0,0,
490,Jon Dorenbos,27,PHI,LS,16,0,0,0,0,0,0.0,0,0,0,0,0,0.0,4.0,3.0,1.0,0.0,0.0,0,
491,Troy Evans,30,NOR,LB,16,0,0,0,0,0,0.0,0,0,0,0,0,0.0,17.0,15.0,2.0,0.0,0.0,0,
492,Heath Farwell,25,MIN,LB,16,0,0,0,0,0,0.0,0,0,1,0,0,0.0,30.0,25.0,5.0,0.0,0.0,0,
493,Jay Feely,31,MIA,K,16,0,0,0,0,0,0.0,0,0,0,0,0,0.0,5.0,4.0,1.0,0.0,0.0,0,
494,Brandon Fields,23,MIA,P,16,0,0,0,0,0,0.0,0,0,0,0,0,0.0,1.0,0.0,1.0,0.0,0.0,0,
495,Ronald Fields,26,SFO,DT,16,0,0,0,0,0,0.0,1,0,0,0,0,1.0,34.0,23.0,11.0,0.0,1.0,0,
496,Nick Folk,23,DAL,K,16,0,0,0,0,0,0.0,0,0,0,0,0,0.0,1.0,1.0,0.0,0.0,0.0,0,PB
497,Derrick Frost,27,WAS,P,16,0,0,0,0,0,0.0,0,1,1,-8,0,0.0,0.0,0.0,0.0,0.0,0.0,0,
498,Vincent Fuller,25,TEN,DB,16,0,2,137,2,76,4.0,0,0,1,0,0,1.0,35.0,29.0,6.0,3.0,2.0,0,
499,William Gay,22,PIT,DB,16,0,0,0,0,0,2.0,0,1,1,0,0,0.0,25.0,19.0,6.0,1.0,4.0,0,
500,Stephen Gostkowski,23,NWE,K,16,0,0,0,0,0,0.0,0,0,0,0,0,0.0,4.0,3.0,1.0,0.0,0.0,0,
501,Louis Green,28,DEN,LB,16,0,0,0,0,0,0.0,1,0,0,0,0,0.0,9.0,8.0,1.0,0.0,0.0,0,
502,Steve Gregory,24,SDG,DB,16,0,0,0,0,0,1.0,0,0,0,0,0,0.0,11.0,10.0,1.0,0.0,0.0,0,
503,Ramon Guzman,25,IND,LB,16,0,0,0,0,0,0.0,0,0,2,13,0,0.0,14.0,12.0,2.0,0.0,0.0,0,
504,Mario Haggan,27,BUF,LB,16,0,0,0,0,0,0.0,0,0,0,0,0,1.0,27.0,21.0,6.0,4.0,0.0,0,
505,Jason Hanson,37,DET,K,16,0,0,0,0,0,0.0,0,0,0,0,0,0.0,2.0,2.0,0.0,0.0,0.0,0,
506,Jason Hatcher,25,DAL,DE,16,0,0,0,0,0,0.0,1,0,1,29,1,2.0,27.0,22.0,5.0,4.0,5.0,0,
507,Devin Hester,25,CHI,PR,16,0,0,0,0,0,0.0,0,7,2,0,0,0.0,0.0,0.0,0.0,0.0,0.0,0,"PB,AP-1"
508,Maurice Hicks,29,SFO,RB,16,0,0,0,0,0,0.0,0,3,0,0,0,0.0,10.0,5.0,5.0,0.0,0.0,0,
509,Glenn Holt,23,CIN,WR,16,0,0,0,0,0,0.0,0,3,1,0,0,0.0,2.0,0.0,2.0,0.0,0.0,0,
510,Kevin Houser,30,NOR,LS,16,0,0,0,0,0,0.0,0,0,0,0,0,0.0,2.0,2.0,0.0,0.0,0.0,0,
511,Darren Howard,31,PHI,DE,16,0,0,0,0,0,2.0,0,0,0,0,0,1.0,17.0,13.0,4.0,5.0,2.0,0,
512,Jason Hunter,24,GNB,DE,16,0,0,0,0,0,0.0,1,0,0,0,0,0.0,15.0,11.0,4.0,0.0,1.0,0,
513,Larry Izzo,33,NWE,LB,16,0,0,0,0,0,0.0,0,0,0,0,0,0.0,16.0,11.0,5.0,0.0,0.0,0,
514,Sebastian Janikowski,29,OAK,K,16,0,0,0,0,0,0.0,0,0,0,0,0,0.0,2.0,2.0,0.0,0.0,0.0,0,
515,Brian Jennings,31,SFO,LS,16,0,0,0,0,0,0.0,0,0,0,0,0,0.0,4.0,2.0,2.0,0.0,0.0,0,
516,Spencer Johnson,26,MIN,DT,16,0,0,0,0,0,0.0,1,0,2,0,0,3.0,22.0,19.0,3.0,3.0,4.0,0,
517,Nate Kaeding,25,SDG,K,16,0,0,0,0,0,0.0,0,0,0,0,0,0.0,1.0,1.0,0.0,0.0,0.0,0,
518,Matt Katula,25,BAL,LS,16,0,0,0,0,0,0.0,0,0,0,0,0,0.0,4.0,3.0,1.0,0.0,0.0,0,
519,Chris Kluwe,26,MIN,P,16,0,0,0,0,0,0.0,0,0,0,0,0,0.0,1.0,1.0,0.0,0.0,0.0,0,
520,Sam Koch,25,BAL,P,16,0,0,0,0,0,0.0,0,0,0,0,0,0.0,2.0,2.0,0.0,0.0,0.0,0,
521,Michael Koenen,25,ATL,P,16,0,0,0,0,0,0.0,0,1,0,-1,0,0.0,3.0,3.0,0.0,0.0,0.0,0,
522,Jason Kyle,35,CAR,LB,16,0,0,0,0,0,0.0,0,0,0,0,0,0.0,3.0,3.0,0.0,0.0,0.0,0,
523,L.P. Ladouceur,26,DAL,DE,16,0,0,0,0,0,0.0,0,0,0,0,0,0.0,2.0,2.0,0.0,0.0,0.0,0,
524,Kyle Larson,27,CIN,P,16,0,0,0,0,0,0.0,0,0,0,0,0,0.0,1.0,0.0,1.0,0.0,0.0,0,
525,Lance Laury,25,SEA,LB,16,0,0,0,0,0,0.0,1,0,0,0,0,0.0,21.0,17.0,4.0,0.0,1.0,0,
526,Mike Leach,31,DEN,LS,16,0,0,0,0,0,0.0,0,0,0,0,0,0.0,6.0,5.0,1.0,0.0,0.0,0,
527,Shane Lechler,31,OAK,P,16,0,0,0,0,0,0.0,0,0,0,0,0,0.0,1.0,1.0,0.0,0.0,0.0,0,"PB,AP-2"
528,Teddy Lehman,26,DET,LB,16,0,0,0,0,0,0.0,1,0,0,0,0,0.0,27.0,17.0,10.0,0.0,0.0,0,
529,Matt Lehr,28,TAM,C,16,0,0,0,0,0,0.0,0,0,0,0,0,0.0,1.0,1.0,0.0,0.0,0.0,0,
530,Rian Lindell,30,BUF,K,16,0,0,0,0,0,0.0,0,0,0,0,0,0.0,4.0,3.0,1.0,0.0,0.0,0,
531,Cullen Loeffler,26,MIN,LS,16,0,0,0,0,0,0.0,0,0,0,0,0,0.0,2.0,2.0,0.0,0.0,0.0,0,
532,Ryan Longwell,33,MIN,K,16,0,0,0,0,0,0.0,0,0,0,0,0,0.0,2.0,1.0,1.0,0.0,0.0,0,
533,Patrick Mannelly,32,CHI,T,16,0,0,0,0,0,0.0,0,0,0,0,0,0.0,4.0,4.0,0.0,0.0,0.0,0,
534,Chris Massey,28,STL,RB,16,0,0,0,0,0,0.0,0,0,1,0,0,0.0,2.0,2.0,0.0,0.0,0.0,0,
535,John McCargo,24,BUF,DT,16,0,0,0,0,0,4.0,1,0,1,0,0,2.5,29.0,20.0,9.0,5.0,3.0,0,
536,Pat McQuistan,24,DAL,T,16,0,0,0,0,0,0.0,0,0,0,0,0,0.0,1.0,1.0,0.0,0.0,0.0,0,
537,Brandon Meriweather,23,NWE,DB,16,0,0,0,0,0,3.0,1,0,0,0,0,0.0,28.0,19.0,9.0,2.0,0.0,0,
538,Edmond Miles,23,MIA,LB,16,0,0,0,0,0,0.0,1,0,0,0,0,0.0,17.0,13.0,4.0,0.0,0.0,0,
539,Langston Moore,26,DET,DT,16,0,0,0,0,0,1.0,0,0,0,0,0,2.0,23.0,21.0,2.0,7.0,4.0,0,
540,Brian Moorman,31,BUF,P,16,0,0,0,0,0,0.0,0,1,1,0,0,0.0,0.0,0.0,0.0,0.0,0.0,0,
541,Don Muhlbach,26,DET,LS,16,0,0,0,0,0,0.0,0,0,0,0,0,0.0,2.0,2.0,0.0,0.0,0.0,0,
542,Joe Nedney,34,SFO,K,16,0,0,0,0,0,0.0,0,0,0,0,0,0.0,2.0,2.0,0.0,0.0,0.0,0,
543,Ryan Neill,25,BUF,DE,16,0,0,0,0,0,0.0,0,2,0,-38,0,0.0,11.0,9.0,2.0,0.0,2.0,0,
544,Donnie Nickey,27,TEN,DB,16,0,0,0,0,0,0.0,0,0,1,0,0,1.0,8.0,8.0,0.0,1.0,2.0,0,
545,Chad Nkang,22,JAX,LB,16,0,0,0,0,0,0.0,0,1,0,0,0,0.0,17.0,15.0,2.0,0.0,0.0,0,
546,Mike Nugent,25,NYJ,K,16,0,0,0,0,0,0.0,0,0,0,0,0,0.0,1.0,1.0,0.0,0.0,0.0,0,
547,Kassim Osgood,27,SDG,WR,16,0,0,0,0,0,0.0,0,0,1,0,0,0.0,14.0,12.0,2.0,0.0,0.0,0,PB
548,Montell Owens,23,JAX,RB,16,0,0,0,0,0,0.0,0,0,0,0,0,0.0,13.0,11.0,2.0,0.0,0.0,0,
549,Lonie Paxton,29,NWE,LS,16,0,0,0,0,0,0.0,0,0,0,0,0,0.0,1.0,1.0,0.0,0.0,0.0,0,
550,Charlie Peprah,24,GNB,DB,16,0,0,0,0,0,0.0,2,0,0,0,0,0.0,11.0,11.0,0.0,0.0,0.0,0,
551,Bryan Pittman,30,HOU,LS,16,0,0,0,0,0,0.0,0,1,0,-33,0,0.0,2.0,2.0,0.0,0.0,0.0,0,
552,Ryan Plackemeier,23,SEA,P,16,0,0,0,0,0,0.0,0,0,0,0,0,0.0,1.0,1.0,0.0,0.0,0.0,0,
553,Adam Podlesh,24,JAX,P,16,0,0,0,0,0,0.0,0,1,0,-12,0,0.0,,,,,,0,
554,Ryan Pontbriand,28,CLE,LS,16,0,0,0,0,0,0.0,0,0,0,0,0,0.0,4.0,4.0,0.0,0.0,0.0,0,PB
555,Neil Rackers,31,ARI,K,16,0,0,0,0,0,0.0,0,0,0,0,0,0.0,4.0,4.0,0.0,0.0,0.0,0,
556,Jeff Reed,28,PIT,K,16,0,0,0,0,0,0.0,0,0,0,0,0,0.0,3.0,2.0,1.0,0.0,0.0,0,
557,Ryne Robinson,23,CAR,WR,16,0,0,0,0,0,0.0,0,2,0,0,0,0.0,1.0,1.0,0.0,0.0,0.0,0,
558,Saverio Rocca,34,PHI,P,16,0,0,0,0,0,0.0,0,0,0,0,0,0.0,2.0,2.0,0.0,0.0,0.0,0,
559,Justin Rogers,24,DAL,LB,16,0,0,0,0,0,0.0,0,0,0,0,0,0.0,18.0,13.0,5.0,0.0,0.0,0,
560,Clifton Ryan,23,STL,DT,16,0,0,0,0,0,0.0,3,0,1,0,0,2.0,48.0,42.0,6.0,3.0,2.0,0,
561,Jon Ryan,26,GNB,P,16,0,0,0,0,0,0.0,0,1,1,-10,0,0.0,0.0,0.0,0.0,0.0,0.0,0,
562,Daniel Sepulveda,23,PIT,P,16,0,0,0,0,0,0.0,0,0,0,0,0,0.0,1.0,1.0,0.0,0.0,0.0,0,
563,Marcel Shipp,29,ARI,RB,16,0,0,0,0,0,0.0,0,0,0,0,0,0.0,8.0,8.0,0.0,0.0,0.0,0,
564,Hunter Smith,30,IND,P,16,0,0,0,0,0,0.0,0,0,0,0,0,0.0,2.0,2.0,0.0,0.0,0.0,0,
565,Justin Snow,31,IND,LS,16,0,0,0,0,0,0.0,0,0,0,0,0,0.0,2.0,2.0,0.0,0.0,0.0,0,
566,Josh Stamer,30,BUF,LB,16,0,0,0,0,0,1.0,0,0,0,0,0,0.0,10.0,8.0,2.0,0.0,0.0,0,
567,Scott Starks,24,JAX,DB,16,0,1,7,0,7,3.0,0,0,0,0,0,0.0,22.0,19.0,3.0,0.0,0.0,0,
568,Tony Stewart,28,OAK,TE,16,0,0,0,0,0,0.0,0,0,0,0,0,0.0,6.0,6.0,0.0,0.0,0.0,0,
569,Gary Stills,33,BAL,DE,16,0,0,0,0,0,0.0,1,0,0,0,0,1.0,15.0,15.0,0.0,1.0,1.0,0,
570,Shaun Suisham,26,WAS,K,16,0,0,0,0,0,0.0,0,0,0,0,0,0.0,5.0,4.0,1.0,0.0,0.0,0,
571,Tony Taylor,23,ATL,LB,16,0,0,0,0,0,0.0,0,0,0,0,0,0.0,12.0,11.0,1.0,0.0,0.0,0,
572,Chaun Thompson,27,CLE,LB,16,0,0,0,0,0,1.0,0,0,0,0,0,1.0,21.0,15.0,6.0,1.0,3.0,0,
573,Lawrence Timmons,21,PIT,LB,16,0,0,0,0,0,0.0,0,0,2,5,0,0.0,15.0,13.0,2.0,2.0,0.0,0,
574,Michael Turner,25,SDG,RB,16,0,0,0,0,0,0.0,0,1,0,0,0,0.0,3.0,2.0,1.0,0.0,0.0,0,
575,Lawrence Tynes,29,NYG,K,16,0,0,0,0,0,0.0,0,0,0,0,0,0.0,1.0,1.0,0.0,0.0,0.0,0,
576,Greg Warren,26,PIT,LS,16,0,0,0,0,0,0.0,0,0,0,0,0,0.0,2.0,1.0,1.0,0.0,0.0,0,
577,Steve Weatherford,25,NOR,P,16,0,0,0,0,0,0.0,0,0,0,0,0,0.0,1.0,1.0,0.0,0.0,0.0,0,
578,Jeff Wilkins,35,STL,K,16,0,0,0,0,0,0.0,0,0,0,0,0,0.0,2.0,2.0,0.0,0.0,0.0,0,
579,DeAngelo Williams,24,CAR,RB,16,0,0,0,0,0,0.0,0,1,0,0,0,0.0,0.0,0.0,0.0,0.0,0.0,0,
580,Chris Wilson,25,WAS,DE,16,0,0,0,0,0,0.0,0,0,0,0,0,4.0,12.0,10.0,2.0,4.0,5.0,0,
581,Jamaine Winborne,27,BAL,DB,16,0,0,0,0,0,3.0,0,0,0,0,0,0.0,18.0,14.0,4.0,0.0,0.0,0,
582,Pierre Woods,25,NWE,LB,16,0,0,0,0,0,0.0,0,0,0,0,0,0.0,21.0,14.0,7.0,0.0,0.0,0,
583,Joe Zelenka,31,JAX,LS,16,0,0,0,0,0,0.0,0,0,0,0,0,0.0,2.0,1.0,1.0,0.0,0.0,0,
584,Shawn Andrews,25,PHI,RG,15,15,0,0,0,0,0.0,0,0,1,0,0,0.0,0.0,0.0,0.0,0.0,0.0,0,PB
585,Nnamdi Asomugha,26,OAK,LCB,15,15,1,10,0,10,7.0,0,1,0,0,0,0.0,34.0,32.0,2.0,1.0,0.0,0,
586,Champ Bailey,29,DEN,LCB,15,15,3,3,0,3,14.0,0,0,0,0,0,0.0,84.0,71.0,13.0,5.0,1.0,0,"PB,AP-2"
587,Chris Baker,28,NYJ,TE,15,15,0,0,0,0,0.0,0,1,1,0,0,0.0,0.0,0.0,0.0,0.0,0.0,0,
588,Marty Booker,31,MIA,WR,15,15,0,0,0,0,0.0,0,1,0,0,0,0.0,0.0,0.0,0.0,0.0,0.0,0,
589,Alfonso Boone,31,KAN,RDT,15,15,0,0,0,0,5.0,0,0,1,0,0,1.0,26.0,19.0,7.0,4.0,3.0,0,
590,Brodrick Bunkley,24,PHI,RDT,15,15,0,0,0,0,0.0,0,0,1,0,0,3.0,32.0,25.0,7.0,10.0,4.0,0,
591,Brandon Chillar,25,STL,LLB,15,15,0,0,0,0,3.0,3,0,1,0,0,2.5,67.0,54.0,13.0,7.0,8.0,0,
592,Dallas Clark,28,IND,TE,15,15,0,0,0,0,0.0,0,0,1,0,0,0.0,0.0,0.0,0.0,0.0,0.0,0,
593,Jerricho Cotchery,25,NYJ,WR,15,15,0,0,0,0,0.0,0,1,1,0,0,0.0,0.0,0.0,0.0,0.0,0.0,0,
594,Phillip Daniels,34,WAS,LDE,15,15,0,0,0,0,9.0,3,0,2,0,0,2.5,39.0,25.0,14.0,4.0,2.0,0,
595,Larry Fitzgerald,24,ARI,WR,15,15,0,0,0,0,0.0,0,3,0,0,0,0.0,0.0,0.0,0.0,0.0,0.0,0,PB
596,Mike Flynn,33,BAL,C,15,15,0,0,0,0,0.0,0,0,1,0,0,0.0,0.0,0.0,0.0,0.0,0.0,0,
597,Scott Fujita,28,NOR,LLB,15,15,0,0,0,0,2.0,1,0,2,0,0,3.0,95.0,77.0,18.0,6.0,3.0,0,
598,Frank Gore,24,SFO,RB,15,15,0,0,0,0,0.0,0,4,1,0,0,0.0,0.0,0.0,0.0,0.0,0.0,0,
599,James Hall,30,STL,RDE,15,15,0,0,0,0,1.0,0,0,0,0,0,2.5,59.0,44.0,15.0,7.0,12.0,0,
600,Casey Hampton,30,PIT,NT,15,15,0,0,0,0,0.0,0,0,0,0,0,0.5,36.0,19.0,17.0,2.0,3.0,0,PB
601,Chris Harris,25,CAR,SS,15,15,1,30,0,30,5.0,8,1,3,2,0,0.0,97.0,77.0,20.0,2.0,0.0,0,
602,Walt Harris,33,SFO,RCB,15,15,4,42,0,23,13.0,1,0,0,0,0,0.0,58.0,46.0,12.0,3.0,1.0,0,
603,Justin Hartwig,29,CAR,C,15,15,0,0,0,0,0.0,0,1,1,-13,0,0.0,0.0,0.0,0.0,0.0,0.0,0,
604,John Henderson,28,JAX,RDT,15,15,0,0,0,0,3.0,1,0,0,0,0,2.0,38.0,28.0,10.0,4.0,5.0,0,
605,Darrell Jackson,29,SFO,WR,15,15,0,0,0,0,0.0,0,1,2,0,0,0.0,0.0,0.0,0.0,0.0,0.0,0,
606,Aaron Kampman,28,GNB,LDE,15,15,0,0,0,0,0.0,1,0,1,0,0,12.0,64.0,48.0,16.0,15.0,26.0,0,"PB,AP-2"
607,Jamal Lewis,28,CLE,RB,15,15,0,0,0,0,0.0,0,4,1,0,0,0.0,0.0,0.0,0.0,0.0,0.0,0,AP CPoY-4
608,Willis McGahee,26,BAL,RB,15,15,0,0,0,0,0.0,0,4,1,-10,0,0.0,0.0,0.0,0.0,0.0,0.0,0,PB
609,Terrence McGee,27,BUF,RCB,15,15,4,4,0,2,21.0,0,0,0,0,0,0.0,77.0,67.0,10.0,2.0,0.0,0,
610,Damion McIntosh,30,KAN,LT,15,15,0,0,0,0,0.0,0,0,1,0,0,0.0,0.0,0.0,0.0,0.0,0.0,0,
611,Mike McKenzie,31,NOR,LCB,15,15,3,161,2,75,17.0,0,0,0,0,0,0.0,52.0,45.0,7.0,1.0,0.0,0,
612,Shawne Merriman,23,SDG,ROLB,15,15,0,0,0,0,6.0,2,0,2,0,0,12.5,68.0,54.0,14.0,19.0,20.0,0,"PB,AP-2"
613,Fred Miller,34,CHI,RT,15,15,0,0,0,0,0.0,0,0,0,0,0,0.0,1.0,1.0,0.0,0.0,0.0,0,
614,Edwin Mulitalo,33,DET,LG,15,15,0,0,0,0,0.0,0,0,1,0,0,0.0,0.0,0.0,0.0,0.0,0.0,0,
615,Terrell Owens,34,DAL,WR,15,15,0,0,0,0,1.0,0,0,0,0,0,0.0,1.0,0.0,1.0,0.0,0.0,0,"PB,AP-1"
616,Willie Parker,27,PIT,RB,15,15,0,0,0,0,0.0,0,4,1,0,0,0.0,0.0,0.0,0.0,0.0,0.0,0,PB
617,Jason Peters,25,BUF,LT,15,15,0,0,0,0,0.0,0,0,1,0,0,0.0,0.0,0.0,0.0,0.0,0.0,0,"PB,AP-2"
618,Jermaine Phillips,28,TAM,SS,15,15,4,2,0,2,7.0,3,0,0,0,0,1.0,83.0,70.0,13.0,1.0,2.0,0,
619,Shaun Phillips,26,SDG,LOLB,15,15,2,36,1,18,5.0,3,0,0,0,0,8.5,68.0,53.0,15.0,7.0,10.0,0,
620,Casey Rabach,30,WAS,C,15,15,0,0,0,0,0.0,0,1,0,-7,0,0.0,0.0,0.0,0.0,0.0,0.0,0,
621,Ben Roethlisberger,25,PIT,QB,15,15,0,0,0,0,0.0,0,9,4,-16,0,0.0,0.0,0.0,0.0,0.0,0.0,0,"PB,AP CPoY-3"
622,Barrett Ruud,24,TAM,MLB,15,15,2,7,0,5,3.0,4,0,3,3,0,0.0,113.0,82.0,31.0,5.0,2.0,0,
623,Bob Sanders,26,IND,SS,15,15,2,32,0,29,6.0,0,0,1,25,0,3.5,97.0,72.0,25.0,6.0,4.0,0,"PB,AP-1,AP DPoY-1"
624,James Sanders,24,NWE,FS/SS,15,15,2,43,0,42,5.0,1,0,1,0,0,0.0,70.0,51.0,19.0,2.0,0.0,0,
625,Daryl Smith,25,JAX,RLB/MLB,15,15,0,0,0,0,4.0,0,0,2,77,1,1.5,71.0,54.0,17.0,6.0,3.0,0,
626,Steve Smith Sr.,28,CAR,WR,15,15,0,0,0,0,0.0,0,1,0,0,0,0.0,0.0,0.0,0.0,0.0,0.0,0,
627,Fred Taylor,31,JAX,RB,15,15,0,0,0,0,0.0,0,2,0,0,0,0.0,,,,,,0,"PB,AP-2"
628,Charles Tillman,26,CHI,LCB,15,15,3,24,0,20,13.0,4,1,0,0,0,0.0,76.0,67.0,9.0,1.0,0.0,0,
629,Brian Westbrook,28,PHI,RB,15,15,0,0,0,0,0.0,0,2,0,0,0,0.0,0.0,0.0,0.0,0.0,0.0,0,"PB,AP-1"
630,Donte Whitner,22,BUF,SS,15,15,1,29,0,29,1.0,1,0,0,0,0,0.0,89.0,68.0,21.0,4.0,0.0,0,
631,Vince Young,24,TEN,QB,15,15,0,0,0,0,0.0,0,10,7,-17,0,0.0,0.0,0.0,0.0,0.0,0.0,0,
632,Donald Driver,32,GNB,WR,15,14,0,0,0,0,0.0,0,1,0,0,0,0.0,0.0,0.0,0.0,0.0,0.0,0,PB
633,Quentin Jammer,28,SDG,LCB,15,14,1,0,0,0,10.0,0,0,2,0,0,0.0,61.0,54.0,7.0,0.0,0.0,0,
634,Johnathan Joseph,23,CIN,RCB/LCB,15,14,4,76,1,42,15.0,0,0,0,0,0,0.0,62.0,49.0,13.0,2.0,0.0,0,
635,Michael Lehan,28,MIA,LCB,15,14,1,0,0,0,7.0,0,0,1,43,1,1.0,59.0,53.0,6.0,4.0,3.0,0,
636,Jay Ratliff,26,DAL,NT,15,14,0,0,0,0,4.0,0,0,2,0,0,3.0,30.0,21.0,9.0,7.0,9.0,0,
637,Derek Smith,32,SFO,LILB,15,14,1,4,0,4,4.0,0,0,1,-1,0,0.0,78.0,50.0,28.0,6.0,2.0,0,
638,Keith Traylor,38,MIA,LDT,15,14,0,0,0,0,1.0,0,0,0,0,0,1.0,44.0,33.0,11.0,1.0,3.0,0,
639,Patrick Crayton,28,DAL,WR,15,13,0,0,0,0,0.0,0,2,1,0,0,0.0,0.0,0.0,0.0,0.0,0.0,0,
640,Travis Johnson,25,HOU,LDT,15,13,1,0,0,0,5.0,0,0,0,0,0,0.0,41.0,27.0,14.0,2.0,1.0,0,
641,Antwaan Randle El,28,WAS,WR,15,13,0,0,0,0,0.0,0,3,2,0,0,0.0,0.0,0.0,0.0,0.0,0.0,0,
642,Anthony Weaver,27,HOU,LDE,15,13,0,0,0,0,0.0,0,0,0,0,0,0.0,41.0,32.0,9.0,3.0,0.0,0,
643,Roy Williams,27,DAL,SS,15,13,2,10,0,10,5.0,0,0,1,0,0,0.0,92.0,73.0,19.0,0.0,1.0,0,PB
644,Boss Bailey,28,DET,LLB,15,12,0,0,0,0,2.0,1,0,0,0,0,3.5,51.0,37.0,14.0,4.0,4.0,0,
645,Chris Gamble,24,CAR,LCB,15,12,1,2,0,2,6.0,1,0,1,0,0,0.0,47.0,42.0,5.0,1.0,0.0,0,
646,Donald Lee,27,GNB,TE,15,12,0,0,0,0,0.0,0,1,0,0,0,0.0,0.0,0.0,0.0,0.0,0.0,0,
647,Paul Spicer,32,JAX,RDE,15,12,0,0,0,0,0.0,4,0,1,0,0,7.5,34.0,27.0,7.0,8.0,14.0,0,
648,Dennis Northcutt,30,JAX,WR,15,11,0,0,0,0,0.0,0,1,1,0,0,0.0,1.0,1.0,0.0,0.0,0.0,0,
649,Shaun Smith,26,CLE,LDE,15,11,0,0,0,0,3.0,1,0,0,0,0,2.0,62.0,48.0,14.0,4.0,3.0,0,
650,Adam Archuleta,30,CHI,SS,15,10,1,4,0,4,2.0,1,0,1,0,0,2.0,60.0,53.0,7.0,4.0,3.0,0,
651,Earnest Graham,27,TAM,RB,15,10,0,0,0,0,0.0,0,1,0,0,0,0.0,1.0,1.0,0.0,0.0,0.0,0,
652,Ike Hilliard,31,TAM,WR,15,10,0,0,0,0,0.0,0,3,0,0,0,0.0,0.0,0.0,0.0,0.0,0.0,0,
653,Calvin Johnson,22,DET,WR,15,10,0,0,0,0,0.0,0,1,0,0,0,0.0,0.0,0.0,0.0,0.0,0.0,0,
654,Alvin McKinley,29,DEN,RDT,15,10,0,0,0,0,0.0,1,0,0,0,0,2.5,14.0,11.0,3.0,1.0,2.0,0,
655,Stuart Schweigert,26,OAK,FS,15,10,2,10,0,10,4.0,0,0,0,0,0,0.0,68.0,56.0,12.0,1.0,0.0,0,
656,George Foster,27,DET,RT,15,9,0,0,0,0,0.0,0,0,1,0,0,0.0,0.0,0.0,0.0,0.0,0.0,0,
657,Madison Hedgecock,26,NYG,FB,15,9,0,0,0,0,0.0,0,0,0,0,0,0.0,1.0,0.0,1.0,0.0,0.0,0,
658,Aaron Ross,25,NYG,LCB,15,9,3,51,1,43,9.0,0,0,0,0,0,1.5,42.0,35.0,7.0,2.0,4.0,0,
659,Quinn Sypniewski,25,BAL,TE,15,9,0,0,0,0,0.0,0,1,0,0,0,0.0,1.0,1.0,0.0,0.0,0.0,0,
660,Will Demps,28,HOU,FS,15,8,0,0,0,0,4.0,2,0,2,3,0,0.0,52.0,41.0,11.0,1.0,1.0,0,
661,Selvin Young,24,DEN,RB,15,8,0,0,0,0,0.0,0,2,1,0,0,0.0,0.0,0.0,0.0,0.0,0.0,0,
662,Victor Adeyanju,24,STL,LDE,15,7,0,0,0,0,1.0,0,0,1,24,0,0.0,35.0,26.0,9.0,3.0,4.0,0,
663,Ryan Grant,25,GNB,RB,15,7,0,0,0,0,0.0,0,1,1,0,0,0.0,3.0,2.0,1.0,0.0,0.0,0,
664,Antwan Lake,28,NOR,RDT,15,7,0,0,0,0,1.0,0,0,1,0,0,1.0,18.0,15.0,3.0,3.0,2.0,0,
665,Samie Parker,26,KAN,WR,15,7,0,0,0,0,0.0,0,1,1,0,0,0.0,0.0,0.0,0.0,0.0,0.0,0,
666,Josh Thomas,26,IND,LDE,15,7,0,0,0,0,3.0,1,0,0,0,0,1.0,33.0,25.0,8.0,4.0,4.0,0,
667,Jon Bradley,26,DET,FB,15,6,0,0,0,0,0.0,0,1,0,0,0,0.0,,,,,,0,
668,Daven Holly,25,CLE,LCB,15,6,0,0,0,0,8.0,1,0,1,3,0,0.0,48.0,45.0,3.0,0.0,0.0,0,
669,Laurent Robinson,22,ATL,WR,15,6,0,0,0,0,0.0,0,1,0,0,0,0.0,,,,,,0,
670,Reggie Williams,24,JAX,WR,15,6,0,0,0,0,0.0,0,3,0,0,0,0.0,,,,,,0,
671,Jason Avant,24,PHI,WR,15,5,0,0,0,0,0.0,0,0,0,0,0,0.0,11.0,7.0,4.0,0.0,0.0,0,
672,Ruvell Martin,25,GNB,WR,15,5,0,0,0,0,0.0,0,1,0,0,0,0.0,,,,,,0,
673,Dennis Norman,27,JAX,C,15,5,0,0,0,0,0.0,0,0,1,0,0,0.0,0.0,0.0,0.0,0.0,0.0,0,
674,Oliver Celestin,26,ARI,DB,15,4,0,0,0,0,2.0,0,0,0,0,0,0.0,20.0,15.0,5.0,0.0,0.0,0,
675,Erik Coleman,25,NYJ,DB,15,4,0,0,0,0,0.0,0,0,0,0,0,0.0,50.0,28.0,22.0,0.0,0.0,0,
676,Pierson Prioleau,30,WAS,DB,15,4,0,0,0,0,0.0,0,0,0,0,0,0.0,44.0,30.0,14.0,0.0,0.0,0,
677,Eric Smith,24,NYJ,DB,15,4,0,0,0,0,5.0,0,0,1,0,0,0.0,40.0,26.0,14.0,0.0,0.0,0,
678,Daniel Coats,23,CIN,TE,15,3,0,0,0,0,0.0,0,0,0,0,0,0.0,7.0,7.0,0.0,0.0,0.0,0,
679,Ashley Lelie,27,SFO,WR,15,3,0,0,0,0,0.0,0,1,1,0,0,0.0,0.0,0.0,0.0,0.0,0.0,0,
680,Karl Paymah,25,DEN,DB,15,3,2,0,0,0,5.0,0,0,0,0,0,0.0,22.0,20.0,2.0,0.0,0.0,0,
681,J.R. Reed,25,PHI,DB,15,3,0,0,0,0,3.0,0,1,0,0,0,0.0,41.0,34.0,7.0,3.0,0.0,0,
682,Jerramy Stevens,28,TAM,TE,15,3,0,0,0,0,0.0,0,0,0,0,0,0.0,1.0,1.0,0.0,0.0,0.0,0,
683,Fabian Washington,24,OAK,DB,15,3,1,0,0,0,8.0,1,0,0,0,0,0.0,40.0,33.0,7.0,0.0,0.0,0,
684,Marvin White,24,CIN,DB,15,3,0,0,0,0,4.0,0,0,1,0,0,0.0,30.0,20.0,10.0,3.0,3.0,0,
685,Kabeer Gbaja-Biamila,30,GNB,DE,15,2,0,0,0,0,1.0,2,0,0,0,0,9.5,26.0,22.0,4.0,10.0,15.0,0,
686,Marques Harris,26,SDG,LB,15,2,0,0,0,0,1.0,0,0,1,1,0,1.5,19.0,15.0,4.0,2.0,2.0,0,
687,Damione Lewis,29,CAR,DT,15,2,0,0,0,0,2.0,0,0,1,0,0,3.5,29.0,16.0,13.0,6.0,5.0,0,
688,Michael Myers,31,CIN,DT,15,2,1,0,0,0,2.0,0,0,0,0,0,1.0,36.0,22.0,14.0,2.0,3.0,0,
689,Bryan Scott,26,BUF,DB,15,2,0,0,0,0,1.0,1,0,0,0,0,0.0,28.0,22.0,6.0,2.0,2.0,0,
690,Justin Bannan,28,BAL,DT,15,1,0,0,0,0,0.0,1,0,0,0,0,2.0,30.0,21.0,9.0,5.0,1.0,0,
691,Earl Cochran,26,HOU,DE,15,1,0,0,0,0,4.0,1,0,1,0,0,1.0,26.0,20.0,6.0,2.0,1.0,0,
692,Terrance Copper,25,NOR,WR,15,1,0,0,0,0,0.0,0,0,0,0,0,0.0,9.0,9.0,0.0,0.0,0.0,0,
693,Najeh Davenport,28,PIT,RB,15,1,0,0,0,0,0.0,0,1,1,0,0,0.0,8.0,5.0,3.0,0.0,0.0,0,
694,John Gilmore,28,CHI,TE,15,1,0,0,0,0,0.0,0,0,0,0,0,0.0,4.0,4.0,0.0,0.0,0.0,0,
695,Michael Green,31,SEA,DB,15,1,0,0,0,0,1.0,0,0,0,0,0,0.0,17.0,15.0,2.0,0.0,0.0,0,
696,N.D. Kalu,32,HOU,DE,15,1,0,0,0,0,0.0,0,0,0,0,0,3.0,13.0,8.0,5.0,5.0,7.0,0,
697,Eric King,25,TEN,DB,15,1,0,0,0,0,0.0,0,0,0,0,0,0.0,15.0,13.0,2.0,1.0,0.0,0,
698,Greg Lewis,27,PHI,WR,15,1,0,0,0,0,0.0,0,2,0,0,0,0.0,2.0,2.0,0.0,0.0,0.0,0,
699,Michael Robinson,24,SFO,FB,15,1,0,0,0,0,0.0,0,1,0,0,0,0.0,12.0,10.0,2.0,0.0,0.0,0,
700,Keith Smith,27,DET,DB,15,1,3,64,1,64,7.0,0,0,0,0,0,0.0,50.0,38.0,12.0,0.0,0.0,0,
701,Maurice Stovall,22,TAM,WR,15,1,0,0,0,0,0.0,0,0,0,0,0,0.0,13.0,11.0,2.0,0.0,0.0,0,
702,Quinton Teal,23,CAR,DB,15,1,0,0,0,0,0.0,0,0,0,0,0,0.0,19.0,17.0,2.0,0.0,0.0,0,
703,Tank Tyler,22,KAN,DT,15,1,0,0,0,0,0.0,0,0,0,0,0,0.0,11.0,8.0,3.0,0.0,0.0,0,
704,Greg Wesley,29,KAN,DB,15,1,0,0,0,0,3.0,1,0,0,0,0,0.0,30.0,28.0,2.0,0.0,0.0,0,
705,Todd Yoder,29,WAS,TE,15,1,0,0,0,0,0.0,0,0,0,0,0,0.0,1.0,0.0,1.0,0.0,0.0,0,
706,Mike Adams,26,CLE,DB,15,0,0,0,0,0,2.0,0,0,1,0,0,1.0,29.0,27.0,2.0,0.0,1.0,0,
707,Will Allen,25,TAM,DB,15,0,0,0,0,0,0.0,0,0,2,0,0,0.0,19.0,17.0,2.0,0.0,0.0,0,
708,Willie Andrews,24,NWE,DB,15,0,0,0,0,0,0.0,0,0,0,0,0,0.0,7.0,3.0,4.0,0.0,0.0,0,
709,Quincy Black,23,TAM,LB,15,0,0,0,0,0,0.0,2,0,0,0,0,0.0,20.0,16.0,4.0,0.0,0.0,0,
710,Melvin Bullitt,23,IND,DB,15,0,1,0,0,0,1.0,0,0,0,0,0,0.0,28.0,23.0,5.0,1.0,1.0,0,
711,Greg Camarillo,25,MIA,WR,15,0,0,0,0,0,0.0,0,0,1,0,0,0.0,3.0,3.0,0.0,0.0,0.0,0,
712,Rock Cartwright,28,WAS,FB,15,0,0,0,0,0,0.0,0,0,1,0,0,0.0,10.0,7.0,3.0,0.0,0.0,0,
713,Shaun Cody,24,DET,DT,15,0,1,-2,0,-2,1.0,0,0,0,0,0,0.0,16.0,13.0,3.0,3.0,0.0,0,
714,Darnell Dinkins,30,CLE,TE,15,0,0,0,0,0,0.0,0,0,0,0,0,0.0,7.0,5.0,2.0,0.0,0.0,0,
715,Kedric Golston,24,WAS,DT,15,0,0,0,0,0,0.0,0,0,1,0,0,1.0,12.0,8.0,4.0,1.0,1.0,1,
716,Ben Graham,34,NYJ,P,15,0,0,0,0,0,0.0,0,0,0,0,0,0.0,4.0,3.0,1.0,0.0,0.0,0,
717,Nick Graham,23,PHI,DB,15,0,0,0,0,0,0.0,0,1,1,0,0,0.0,12.0,8.0,4.0,0.0,0.0,0,
718,Justin Green,25,BAL,FB,15,0,0,0,0,0,0.0,0,0,0,0,0,0.0,13.0,12.0,1.0,0.0,0.0,0,
719,Nate Harris,24,KAN,LB,15,0,0,0,0,0,0.0,0,0,0,0,0,0.0,14.0,11.0,3.0,1.0,0.0,0,
720,Craig Hentrich,36,TEN,P,15,0,0,0,0,0,0.0,0,0,0,0,0,0.0,1.0,1.0,0.0,0.0,0.0,0,
721,David Irons,25,ATL,DB,15,0,0,0,0,0,0.0,0,0,1,4,0,0.0,13.0,13.0,0.0,0.0,0.0,0,
722,Brandon Jamison,26,CAR,LB,15,0,0,0,0,0,0.0,0,0,0,0,0,0.0,4.0,4.0,0.0,0.0,0.0,0,
723,Nate Jones,25,DAL,DB,15,0,0,0,0,0,0.0,1,0,0,0,0,1.0,23.0,19.0,4.0,1.0,5.0,0,
724,Maurice Jones-Drew,22,JAX,RB,15,0,0,0,0,0,0.0,0,2,0,0,0,0.0,0.0,0.0,0.0,0.0,0.0,0,
725,Niko Koutouvides,26,SEA,LB,15,0,0,0,0,0,1.0,1,0,0,0,0,0.0,27.0,22.0,5.0,0.0,0.0,0,
726,Reno Mahe,27,PHI,RB,15,0,0,0,0,0,0.0,0,2,1,0,0,0.0,6.0,2.0,4.0,0.0,0.0,0,
727,Brad Maynard,33,CHI,P,15,0,0,0,0,0,0.0,0,0,1,0,0,0.0,0.0,0.0,0.0,0.0,0.0,0,
728,David McMillan,26,CLE,DE,15,0,0,0,0,0,0.0,0,0,1,0,0,0.0,4.0,3.0,1.0,0.0,0.0,0,
729,Sean Morey,31,ARI,WR,15,0,0,0,0,0,0.0,0,0,0,0,0,0.0,10.0,9.0,1.0,0.0,0.0,0,
730,Ryan Nece,28,TAM,LB,15,0,0,0,0,0,0.0,0,0,0,0,0,0.0,16.0,14.0,2.0,0.0,0.0,0,
731,Ronnie Prude,25,BAL,DB,15,0,0,0,0,0,3.0,0,0,0,0,0,0.0,13.0,12.0,1.0,1.0,0.0,0,
732,Allen Rossum,32,PIT,DB,15,0,0,0,0,0,0.0,0,3,0,0,0,0.0,5.0,3.0,2.0,0.0,0.0,0,
733,Brandon Siler,22,SDG,LB,15,0,0,0,0,0,0.0,0,0,2,23,1,0.0,25.0,21.0,4.0,2.0,0.0,0,
734,Darren Sproles,24,SDG,RB,15,0,0,0,0,0,0.0,0,1,0,0,0,0.0,,,,,,0,
735,Matt Ware,25,ARI,DB,15,0,0,0,0,0,0.0,0,0,0,0,0,0.0,14.0,13.0,1.0,0.0,0.0,0,
736,Eric Weddle,22,SDG,DB,15,0,1,0,0,0,6.0,0,0,0,0,0,1.0,54.0,43.0,11.0,3.0,3.0,0,
737,Marcus Wilkins,27,ATL,LB,15,0,0,0,0,0,0.0,0,0,0,0,0,0.0,5.0,4.0,1.0,0.0,0.0,0,
738,Rod Wilson,26,CHI,DB,15,0,0,0,0,0,0.0,1,0,0,0,0,0.0,13.0,10.0,3.0,0.0,0.0,0,
739,Dwayne Wright,24,BUF,RB,15,0,0,0,0,0,0.0,0,1,0,0,0,0.0,3.0,3.0,0.0,0.0,0.0,0,
740,Jared Allen,25,KAN,RDE,14,14,0,0,0,0,11.0,3,0,0,0,0,15.5,65.0,56.0,9.0,19.0,24.0,0,"PB,AP-1"
741,Mark Anderson,24,CHI,RDE,14,14,0,0,0,0,1.0,1,0,0,0,0,5.0,31.0,25.0,6.0,6.0,8.0,0,
742,Rocky Bernard,28,SEA,RDT,14,14,0,0,0,0,0.0,0,0,2,0,0,3.5,35.0,25.0,10.0,6.0,9.0,0,
743,Justin Blalock,24,ATL,LG,14,14,0,0,0,0,0.0,0,0,1,0,0,0.0,0.0,0.0,0.0,0.0,0.0,0,
744,Lance Briggs,27,CHI,RLB,14,14,0,0,0,0,3.0,2,0,1,0,0,2.0,103.0,84.0,19.0,15.0,6.0,0,PB
745,Josh Bullocks,24,NOR,FS,14,14,2,6,0,6,8.0,2,0,0,0,0,1.0,77.0,65.0,12.0,1.0,3.0,0,
746,Derrick Burgess,29,OAK,RDE,14,14,0,0,0,0,1.0,0,0,1,0,0,8.0,41.0,32.0,9.0,11.0,16.0,0,
747,Corey Chavous,31,STL,SS,14,14,0,0,0,0,3.0,1,0,0,0,0,3.5,74.0,62.0,12.0,4.0,5.0,0,
748,Adrien Clarke,26,NYJ,LG,14,14,0,0,0,0,0.0,0,0,1,0,0,0.0,0.0,0.0,0.0,0.0,0.0,0,
749,Chris Crocker,27,ATL,FS,14,14,3,40,0,18,11.0,0,0,1,0,0,1.0,55.0,51.0,4.0,4.0,1.0,0,
750,Karlos Dansby,26,ARI,RLB,14,14,3,55,0,28,8.0,4,0,0,0,0,3.5,99.0,78.0,21.0,7.0,4.0,0,
751,Vernon Davis,23,SFO,TE,14,14,0,0,0,0,0.0,0,1,1,0,0,0.0,0.0,0.0,0.0,0.0,0.0,0,
752,Kynan Forney,29,ATL,RG,14,14,0,0,0,0,,0,0,1,0,0,0.0,,,,,,0,
753,Ryan Fowler,25,TEN,MLB,14,14,0,0,0,0,1.0,0,0,0,0,0,0.0,53.0,39.0,14.0,3.0,1.0,0,
754,Ian Gold,29,DEN,RLB,14,14,1,6,0,6,5.0,1,0,2,0,0,2.0,72.0,61.0,11.0,4.0,3.0,0,
755,Charles Grant,29,NOR,LDE,14,14,0,0,0,0,2.0,1,0,0,0,0,2.5,48.0,39.0,9.0,5.0,9.0,0,
756,Andre Gurode,29,DAL,C,14,14,0,0,0,0,0.0,0,3,1,0,0,0.0,0.0,0.0,0.0,0.0,0.0,0,PB
757,Nick Harper,33,TEN,LCB,14,14,3,62,0,32,11.0,1,0,2,0,0,0.0,78.0,64.0,14.0,3.0,0.0,0,
758,LeRoy Hill,25,SEA,LLB,14,14,0,0,0,0,4.0,3,0,1,20,1,3.0,81.0,58.0,23.0,6.0,5.0,0,
759,Dexter Jackson,30,CIN,SS,14,14,2,7,0,7,3.0,1,0,2,19,0,0.5,72.0,44.0,28.0,3.0,4.0,0,
760,Al Johnson,28,ARI,C,14,14,0,0,0,0,0.0,0,1,1,-27,0,0.0,0.0,0.0,0.0,0.0,0.0,0,
761,Chris Kelsay,28,BUF,LDE,14,14,1,0,1,0,3.0,0,0,1,0,0,2.5,43.0,34.0,9.0,9.0,10.0,1,
762,Ray Lewis,32,BAL,LILB,14,14,2,35,1,35,10.0,2,0,1,0,0,2.0,121.0,83.0,38.0,1.0,2.0,0,PB
763,Rashean Mathis,27,JAX,LCB,14,14,1,23,0,23,6.0,1,0,0,0,0,0.0,59.0,54.0,5.0,2.0,0.0,0,
764,Kevin Mawae,36,TEN,C,14,14,0,0,0,0,0.0,0,2,0,-4,0,0.0,0.0,0.0,0.0,0.0,0.0,0,
765,Donovan McNabb,31,PHI,QB,14,14,0,0,0,0,0.0,0,9,0,-5,0,0.0,0.0,0.0,0.0,0.0,0.0,0,
766,Santana Moss,28,WAS,WR,14,14,0,0,0,0,0.0,0,2,0,0,0,0.0,0.0,0.0,0.0,0.0,0.0,0,
767,Jeremy Newberry,31,OAK,C,14,14,0,0,0,0,0.0,0,2,1,-6,0,0.0,0.0,0.0,0.0,0.0,0.0,0,
768,Julius Peppers,27,CAR,LDE,14,14,1,0,0,0,4.0,3,0,2,0,0,2.5,38.0,30.0,8.0,3.0,4.0,0,
769,Ryan Pickett,28,GNB,LDT,14,14,0,0,0,0,2.0,0,0,0,0,0,1.0,39.0,28.0,11.0,3.0,1.0,0,
770,Scott Shanle,28,NOR,RLB,14,14,0,0,0,0,1.0,2,0,1,26,0,0.0,69.0,43.0,26.0,2.0,1.0,0,
771,Alex Smith,25,TAM,TE,14,14,0,0,0,0,0.0,0,0,1,-1,0,0.0,0.0,0.0,0.0,0.0,0.0,0,
772,Takeo Spikes,31,PHI,RLB,14,14,0,0,0,0,4.0,0,0,0,0,0,1.0,85.0,63.0,22.0,5.0,2.0,0,
773,John Thornton,31,CIN,RDT,14,14,0,0,0,0,1.0,0,0,1,0,0,1.0,32.0,24.0,8.0,4.0,4.0,0,
774,Dewayne White,28,DET,RDE/LDE,14,14,1,28,0,28,3.0,3,0,2,3,1,6.5,43.0,33.0,10.0,6.0,15.0,0,
775,Matt Wilhelm,26,SDG,RILB,14,14,3,11,0,7,4.0,0,0,1,0,0,1.0,97.0,74.0,23.0,4.0,2.0,0,
776,Brian Williams,28,JAX,RCB,14,14,3,10,0,6,9.0,1,0,0,0,0,0.0,68.0,55.0,13.0,4.0,0.0,0,
777,Charles Woodson,31,GNB,LCB,14,14,4,48,1,46,9.0,0,1,2,57,1,0.0,63.0,52.0,11.0,3.0,0.0,0,
778,Aubrayo Franklin,27,SFO,NT,14,13,0,0,0,0,1.0,1,0,0,0,0,0.0,28.0,19.0,9.0,1.0,1.0,0,
779,D'Qwell Jackson,24,CLE,RILB,14,13,1,1,0,1,3.0,0,0,1,0,0,1.0,101.0,75.0,26.0,3.0,1.0,0,
780,Rocky McIntosh,25,WAS,RLB,14,13,0,-4,0,-4,5.0,3,0,1,0,0,3.0,88.0,69.0,19.0,3.0,5.0,0,
781,Dwight Smith,29,MIN,FS,14,13,4,112,1,93,9.0,1,0,0,0,0,0.0,52.0,45.0,7.0,2.0,1.0,0,
782,Ben Utecht,26,IND,TE,14,13,0,0,0,0,0.0,0,2,0,0,0,0.0,0.0,0.0,0.0,0.0,0.0,0,
783,Scott Wells,26,GNB,C,14,13,0,0,0,0,0.0,0,2,0,-14,0,0.0,0.0,0.0,0.0,0.0,0.0,0,
784,Eric Wright,22,CLE,LCB,14,13,1,0,0,0,11.0,0,0,0,0,0,1.0,76.0,71.0,5.0,1.0,1.0,0,
785,Eric Johnson,28,NOR,TE,14,12,0,0,0,0,0.0,0,1,3,16,0,0.0,0.0,0.0,0.0,0.0,0.0,0,
786,Mike Sellers,32,WAS,FB,14,12,0,0,0,0,0.0,0,1,0,0,0,0.0,1.0,1.0,0.0,0.0,0.0,0,
787,Quintin Mikell,27,PHI,FS/SS,14,11,1,20,0,20,5.0,1,1,1,0,0,1.0,75.0,54.0,21.0,4.0,2.0,0,
788,Kurt Warner,36,ARI,QB,14,11,0,0,0,0,0.0,0,12,5,-28,0,0.0,0.0,0.0,0.0,0.0,0.0,0,
789,Jared DeVries,31,DET,LDE,14,10,0,0,0,0,0.0,3,0,3,0,0,6.5,29.0,27.0,2.0,8.0,14.0,0,
790,Korey Hall,24,GNB,FB,14,10,0,0,0,0,0.0,0,0,1,0,0,0.0,10.0,9.0,1.0,0.0,0.0,0,
791,Charlie Johnson,23,IND,LT/RT,14,10,0,0,0,0,,0,0,2,0,0,0.0,0.0,0.0,0.0,0.0,0.0,0,
792,Robert Thomas,27,OAK,LLB,14,10,0,0,0,0,0.0,2,0,0,0,0,0.0,62.0,51.0,11.0,1.0,0.0,0,
793,Jonathan Babineaux,26,ATL,RDT,14,9,0,0,0,0,4.0,2,1,1,11,0,3.0,45.0,41.0,4.0,6.0,2.0,0,
794,Dhani Jones,29,CIN,RLB,14,9,0,0,0,0,3.0,2,0,0,0,0,1.0,90.0,59.0,31.0,5.0,2.0,0,
795,Bobby McCray,26,JAX,LDE,14,9,0,0,0,0,2.0,1,0,0,0,0,3.0,17.0,10.0,7.0,3.0,10.0,0,
796,Brandon McGowan,24,CHI,SS,14,9,2,5,0,5,3.0,1,1,1,0,0,0.0,68.0,58.0,10.0,0.0,0.0,0,
797,Adrian Peterson,22,MIN,RB,14,9,0,0,0,0,0.0,0,4,3,0,0,0.0,0.0,0.0,0.0,0.0,0.0,0,"PB,AP-2,AP ORoY-1"
798,Fred Bennett,24,HOU,LCB,14,8,3,47,0,33,14.0,2,0,0,0,0,0.0,62.0,54.0,8.0,1.0,0.0,0,
799,Andre' Davis,28,HOU,WR,14,8,0,0,0,0,0.0,0,1,1,1,0,0.0,1.0,1.0,0.0,0.0,0.0,0,
800,Jevon Kearse,31,PHI,LDE,14,8,0,0,0,0,0.0,0,0,1,0,0,3.5,31.0,26.0,5.0,7.0,5.0,0,
801,Chester Taylor,28,MIN,RB,14,8,0,0,0,0,0.0,0,5,0,0,0,0.0,,,,,,0,
802,Justin Fargas,27,OAK,RB,14,7,0,0,0,0,0.0,0,3,0,0,0,0.0,,,,,,0,
803,Jesse Chatman,28,MIA,RB,14,6,0,0,0,0,0.0,0,1,0,0,0,0.0,3.0,3.0,0.0,0.0,0.0,0,
804,Domonique Foxworth,24,DEN,FS,14,6,0,0,0,0,4.0,1,0,0,0,0,0.0,42.0,31.0,11.0,0.0,0.0,0,
805,Maurice Morris,28,SEA,RB,14,6,0,0,0,0,0.0,0,1,0,0,0,0.0,1.0,1.0,0.0,0.0,0.0,0,
806,Will Peterson,28,PHI,LCB,14,6,1,0,0,0,0.0,0,0,0,0,0,0.0,,,,,,0,
807,Lewis Sanders,29,ATL,RCB,14,6,0,0,0,0,2.0,0,0,0,0,0,0.0,36.0,36.0,0.0,1.0,0.0,0,
808,Montavious Stanley,26,ATL,LDT,14,6,0,0,0,0,0.0,0,0,2,0,0,0.0,29.0,25.0,4.0,1.0,0.0,0,
809,Antwan Peek,28,CLE,LOLB,14,5,0,0,0,0,4.0,1,0,1,0,0,4.0,19.0,12.0,7.0,3.0,12.0,0,
810,Michael Clayton,25,TAM,WR,14,4,0,0,0,0,0.0,0,1,0,0,0,0.0,,,,,,0,
811,Randy Starks,24,TEN,DT,14,4,0,0,0,0,1.0,0,0,1,0,0,0.0,24.0,19.0,5.0,4.0,2.0,0,
812,Jacoby Jones,23,HOU,WR,14,3,0,0,0,0,0.0,0,2,1,5,0,0.0,0.0,0.0,0.0,0.0,0.0,0,
813,Corey Webster,25,NYG,DB,14,3,1,34,1,34,3.0,0,0,0,0,0,0.0,18.0,17.0,1.0,0.0,0.0,0,
814,Billy Bajema,25,SFO,TE,14,2,0,0,0,0,0.0,0,0,0,0,0,0.0,2.0,1.0,1.0,0.0,0.0,0,
815,Kevin Bentley,28,SEA,LB,14,2,0,0,0,0,0.0,0,0,0,0,0,0.0,27.0,21.0,6.0,0.0,0.0,0,
816,Correll Buckhalter,29,PHI,RB,14,2,0,0,0,0,0.0,0,1,1,0,0,0.0,0.0,0.0,0.0,0.0,0.0,0,
817,Kendrick Clancy,29,NOR,DT,14,2,0,0,0,0,0.0,0,0,0,0,0,0.5,15.0,10.0,5.0,3.0,2.0,0,
818,Nick Greisen,28,BAL,LB,14,2,0,0,0,0,0.0,0,0,1,0,0,0.0,30.0,24.0,6.0,4.0,0.0,0,
819,Brandon McKinney,24,SDG,DT,14,2,0,0,0,0,1.0,0,0,0,0,0,0.0,21.0,15.0,6.0,1.0,0.0,0,
820,C.J. Mosley,24,NYJ,DT,14,2,0,0,0,0,0.0,2,0,0,0,0,2.5,15.0,10.0,5.0,0.0,2.0,0,
821,Nedu Ndukwe,22,CIN,DB,14,2,3,44,0,44,6.0,2,0,1,54,1,2.0,45.0,35.0,10.0,1.0,4.0,0,
822,Benny Sapp,26,KAN,DB,14,2,1,15,0,15,4.0,0,0,1,0,0,0.0,30.0,24.0,6.0,1.0,0.0,0,
823,Jimmy Williams,23,ATL,DB,14,2,1,11,0,11,2.0,0,0,0,0,0,0.0,15.0,14.0,1.0,1.0,0.0,0,
824,Jamie Winborn,28,DEN,LB,14,2,0,0,0,0,1.0,0,0,0,0,0,0.5,34.0,27.0,7.0,2.0,1.0,0,
825,Drew Bennett,29,STL,WR,14,1,0,0,0,0,0.0,0,1,1,0,0,0.0,0.0,0.0,0.0,0.0,0.0,0,
826,Jarrett Bush,23,GNB,DB,14,1,0,0,0,0,7.0,0,1,1,0,0,0.0,30.0,24.0,6.0,0.0,0.0,0,
827,Quinton Culberson,22,STL,LB,14,1,0,0,0,0,0.0,2,0,0,0,0,0.0,36.0,34.0,2.0,0.0,0.0,0,
828,Keith Davis,29,DAL,DB,14,1,0,0,0,0,2.0,1,0,0,0,0,0.0,19.0,17.0,2.0,0.0,0.0,0,
829,Sammy Davis,27,TAM,DB,14,1,0,0,0,0,1.0,0,0,0,0,0,0.0,25.0,22.0,3.0,1.0,0.0,0,
830,Alex Lewis,26,DET,LB,14,1,0,0,0,0,0.0,1,0,1,0,0,0.0,29.0,24.0,5.0,0.0,0.0,0,
831,Oren O'Neal,24,OAK,FB,14,1,0,0,0,0,0.0,0,0,0,0,0,0.0,3.0,3.0,0.0,0.0,0.0,0,
832,Richard Owens,27,STL,TE,14,1,0,0,0,0,0.0,0,0,1,0,0,0.0,8.0,7.0,1.0,0.0,0.0,0,
833,Antwan Barnes,23,BAL,LB,14,0,0,0,0,0,0.0,1,0,0,0,0,2.0,10.0,10.0,0.0,3.0,6.0,0,
834,Patrick Cobbs,24,MIA,RB,14,0,0,0,0,0,0.0,0,0,0,0,0,0.0,4.0,2.0,2.0,0.0,0.0,0,
835,Curome Cox,26,2TM,DB,14,0,0,0,0,0,0.0,0,0,1,0,0,0.0,13.0,11.0,2.0,0.0,0.0,0,
835,Curome Cox,26,DEN,DB,7,0,0,0,0,0,0.0,0,0,1,0,0,0.0,7.0,5.0,2.0,0.0,0.0,0,
835,Curome Cox,26,HOU,DB,7,0,0,0,0,0,0.0,0,0,0,0,0,0.0,6.0,6.0,0.0,0.0,0.0,0,
836,Jonathan Fanene,25,CIN,DE,14,0,0,0,0,0,1.0,0,0,1,0,0,1.0,11.0,9.0,2.0,1.0,5.0,0,
837,Yamon Figurs,24,BAL,WR,14,0,0,0,0,0,0.0,0,4,2,0,0,0.0,0.0,0.0,0.0,0.0,0.0,0,
838,Vernon Fox,28,WAS,DB,14,0,0,0,0,0,0.0,0,0,0,0,0,0.0,12.0,10.0,2.0,0.0,0.0,0,
839,Eric Frampton,23,2TM,DB,14,0,0,0,0,0,0.0,0,0,0,0,0,0.0,15.0,13.0,2.0,0.0,0.0,0,
839,Eric Frampton,23,DET,DB,5,0,0,0,0,0,0.0,0,0,0,0,0,0.0,3.0,3.0,0.0,0.0,0.0,0,
839,Eric Frampton,23,MIN,DB,9,0,0,0,0,0,0.0,0,0,0,0,0,0.0,12.0,10.0,2.0,0.0,0.0,0,
840,Jamaal Fudge,24,JAX,DB,14,0,1,0,0,0,2.0,1,0,1,0,0,0.0,9.0,8.0,1.0,0.0,0.0,0,
841,Cletis Gordon,24,SDG,DB,14,0,0,0,0,0,2.0,0,0,0,0,0,0.0,15.0,11.0,4.0,0.0,0.0,0,
842,Brent Hawkins,24,JAX,DE,14,0,0,0,0,0,0.0,0,1,1,0,0,3.5,14.0,12.0,2.0,3.0,4.0,0,
843,Clint Kriewaldt,31,PIT,LB,14,0,0,0,0,0,0.0,0,0,0,0,0,0.0,9.0,3.0,6.0,0.0,1.0,0,
844,Corey McIntyre,28,ATL,FB,14,0,0,0,0,0,0.0,0,0,1,0,0,0.0,8.0,7.0,1.0,0.0,0.0,0,
845,Travis Minor,28,STL,RB,14,0,0,0,0,0,0.0,0,0,0,0,0,0.0,12.0,12.0,0.0,0.0,0.0,0,
846,Chris Reis,24,NOR,DB,14,0,0,0,0,0,0.0,0,0,0,0,0,0.0,13.0,12.0,1.0,0.0,0.0,0,
847,T.J. Rushing,24,IND,DB,14,0,0,0,0,0,1.0,0,1,0,0,0,0.0,22.0,18.0,4.0,0.0,0.0,0,
848,Tim Shaw,23,CAR,LB,14,0,0,0,0,0,0.0,0,0,0,0,0,0.0,14.0,12.0,2.0,0.0,0.0,0,
849,Paul Smith,29,DEN,RB,14,0,0,0,0,0,0.0,0,0,0,0,0,0.0,2.0,2.0,0.0,0.0,0.0,0,
850,Kelley Washington,28,NWE,WR,14,0,0,0,0,0,0.0,0,0,0,0,0,0.0,16.0,11.0,5.0,0.0,0.0,0,
851,Pat Watkins,25,DAL,DB,14,0,1,0,0,0,3.0,0,0,0,0,0,0.0,35.0,29.0,6.0,0.0,0.0,0,
852,John Wendling,24,BUF,DB,14,0,0,0,0,0,0.0,0,0,1,0,0,0.0,10.0,10.0,0.0,0.0,0.0,0,
853,Usama Young,22,NOR,DB,14,0,0,0,0,0,2.0,0,0,0,0,0,0.0,25.0,23.0,2.0,0.0,0.0,0,
854,Antoine Bethea,23,IND,FS,13,13,4,47,0,30,8.0,0,0,0,0,0,0.0,64.0,46.0,18.0,3.0,0.0,0,PB
855,Jason Campbell,25,WAS,QB,13,13,0,0,0,0,0.0,0,13,4,-9,0,0.0,,,,,,0,
856,Nick Collins,24,GNB,FS,13,13,0,0,0,0,5.0,0,0,0,0,0,0.0,46.0,40.0,6.0,1.0,1.0,0,
857,Jeff Garcia,37,TAM,QB,13,13,0,0,0,0,0.0,0,4,2,-11,0,0.0,0.0,0.0,0.0,0.0,0.0,0,PB
858,Santonio Holmes,23,PIT,WR,13,13,0,0,0,0,0.0,0,2,0,0,0,0.0,0.0,0.0,0.0,0.0,0.0,0,
859,Greg Jennings,24,GNB,WR,13,13,0,0,0,0,0.0,0,1,1,0,0,0.0,0.0,0.0,0.0,0.0,0.0,0,
860,Marshawn Lynch,21,BUF,RB,13,13,0,0,0,0,0.0,0,2,0,0,0,0.0,,,,,,0,
861,Jamal Williams,31,SDG,NT,13,13,0,0,0,0,2.0,1,0,1,0,0,0.0,39.0,32.0,7.0,4.0,0.0,0,PB
862,Madieu Williams,26,CIN,FS,13,13,2,40,0,35,7.0,1,0,1,2,0,2.0,74.0,58.0,16.0,6.0,2.0,0,
863,Gibril Wilson,26,NYG,FS,13,13,4,12,0,10,7.0,0,1,1,0,0,0.0,92.0,78.0,14.0,4.0,0.0,0,
864,James Butler,25,NYG,SS,13,12,1,0,0,0,7.0,0,0,1,4,0,0.0,61.0,45.0,16.0,2.0,1.0,0,
865,Jason David,25,NOR,RCB,13,12,3,21,0,19,11.0,1,0,1,55,1,0.0,51.0,47.0,4.0,0.0,0.0,0,
866,Albert Haynesworth,26,TEN,RDT,13,12,0,0,0,0,5.0,0,0,0,0,0,6.0,40.0,32.0,8.0,12.0,15.0,0,"PB,AP-1,AP DPoY-2,AP CPoY-9"
867,John Lynch,36,DEN,FS,13,12,0,0,0,0,3.0,0,0,0,0,0,1.0,59.0,46.0,13.0,1.0,2.0,0,PB
868,Robert Mathis,26,IND,LDE,13,12,0,0,0,0,0.0,4,0,1,0,0,7.0,37.0,31.0,6.0,7.0,10.0,0,
869,Clint Ingram,24,JAX,LLB,13,11,1,39,1,39,1.0,0,0,0,0,0,1.0,33.0,29.0,4.0,2.0,0.0,0,
870,Willie McGinest,36,CLE,LOLB,13,11,0,0,0,0,5.0,0,0,1,0,0,3.0,30.0,19.0,11.0,4.0,4.0,0,
871,Terence Newman,29,DAL,RCB,13,11,4,129,1,70,12.0,1,1,0,0,0,0.0,50.0,44.0,6.0,1.0,0.0,0,PB
872,Leonard Pope,24,ARI,TE,13,11,0,0,0,0,0.0,0,1,0,0,0,0.0,0.0,0.0,0.0,0.0,0.0,0,
873,Fred Smoot,28,WAS,RCB,13,11,1,47,0,47,10.0,0,0,0,0,0,0.0,50.0,44.0,6.0,0.0,0.0,0,
874,Shaun Alexander,30,SEA,RB,13,10,0,0,0,0,0.0,0,2,1,0,0,0.0,0.0,0.0,0.0,0.0,0.0,0,
875,Greg Ellis,32,DAL,LOLB,13,10,0,0,0,0,1.0,3,0,0,0,0,12.5,31.0,24.0,7.0,6.0,11.0,0,"PB,AP CPoY-1"
876,Anthony Henry,31,DAL,RCB,13,10,6,81,1,28,13.0,0,0,0,0,0,0.0,36.0,29.0,7.0,0.0,0.0,0,
877,Kevin Jones,25,DET,RB,13,10,0,0,0,0,0.0,0,2,1,0,0,0.0,0.0,0.0,0.0,0.0,0.0,0,
878,B.J. Askew,27,TAM,FB,13,9,0,0,0,0,0.0,0,0,0,0,0,0.0,2.0,1.0,1.0,0.0,0.0,0,
879,Matt Roth,25,MIA,LDE,13,9,0,0,0,0,1.0,1,0,0,0,0,3.0,43.0,34.0,9.0,4.0,6.0,0,
880,Rodrique Wright,23,MIA,RDT,13,9,0,0,0,0,1.0,0,0,1,0,0,1.5,38.0,28.0,10.0,2.0,3.0,0,
881,Danny Clark,30,HOU,LLB,13,8,1,1,0,1,1.0,1,0,0,0,0,0.0,51.0,40.0,11.0,1.0,1.0,0,
882,Ron Dayne,29,HOU,RB,13,8,0,0,0,0,0.0,0,1,1,0,0,0.0,0.0,0.0,0.0,0.0,0.0,0,
883,Justin Durant,22,JAX,RLB,13,8,1,2,0,2,2.0,0,0,0,0,0,1.0,50.0,41.0,9.0,6.0,3.0,0,
884,Abram Elam,26,NYJ,FS,13,8,0,0,0,0,2.0,0,0,0,0,0,0.0,53.0,39.0,14.0,2.0,1.0,0,
885,Lorenzo Neal,37,SDG,FB,13,8,0,0,0,0,0.0,0,1,0,0,0,0.0,,,,,,0,"PB,AP-1"
886,Joe Tafoya,29,ARI,RDE,13,7,0,0,0,0,1.0,0,0,0,0,0,2.0,26.0,22.0,4.0,4.0,3.0,0,
887,Kevin Dockery,23,NYG,LCB,13,6,0,0,0,0,8.0,1,0,1,0,0,0.0,46.0,31.0,15.0,2.0,1.0,0,
888,Ethan Kelley,27,CLE,NT,13,6,0,0,0,0,0.0,1,0,0,0,0,1.0,24.0,15.0,9.0,2.0,3.0,0,
889,Jim Leonhard,25,BUF,FS,13,6,2,60,0,36,3.0,0,1,0,0,0,0.0,54.0,44.0,10.0,0.0,0.0,0,
890,Orpheus Roye,34,CLE,LDE,13,6,0,0,0,0,0.0,0,0,0,0,0,0.5,37.0,24.0,13.0,0.0,2.0,0,
891,Anthony Schlegel,26,CIN,MLB,13,5,0,0,0,0,0.0,0,0,0,0,0,0.0,37.0,20.0,17.0,4.0,1.0,0,
892,Andre' Goodman,29,MIA,DB,13,4,2,23,0,18,4.0,0,0,0,0,0,0.0,20.0,15.0,5.0,0.0,0.0,0,
893,Donald Strickland,27,SFO,DB,13,4,0,0,0,0,5.0,0,0,0,0,0,0.0,45.0,33.0,12.0,1.0,0.0,0,
894,Jeff Charleston,24,IND,DE,13,3,0,0,0,0,3.0,1,0,0,0,0,1.0,24.0,13.0,11.0,0.0,3.0,0,
895,Kevin Boss,23,NYG,TE,13,2,0,0,0,0,0.0,0,0,0,0,0,0.0,1.0,1.0,0.0,0.0,0.0,0,
896,Josh Cooper,27,NOR,DE,13,2,0,0,0,0,0.0,1,0,0,0,0,0.5,14.0,11.0,3.0,0.0,4.0,0,
897,Reynaldo Hill,25,TEN,DB,13,2,1,0,0,0,2.0,0,0,1,0,0,0.0,20.0,15.0,5.0,1.0,7.0,0,
898,Sinorice Moss,24,NYG,WR,13,2,0,0,0,0,0.0,0,1,0,0,0,0.0,,,,,,0,
899,Tank Williams,27,MIN,DB,13,2,0,0,0,0,1.0,0,0,0,0,0,0.0,17.0,15.0,2.0,0.0,0.0,0,
900,Lorenzo Alexander,24,WAS,LB,13,1,0,0,0,0,0.0,0,0,0,0,0,0.0,4.0,2.0,2.0,0.0,1.0,0,
901,Tyron Brackenridge,23,KAN,DB,13,1,0,0,0,0,0.0,1,0,1,50,1,0.0,25.0,22.0,3.0,0.0,0.0,0,
902,Tim Crowder,22,DEN,DE,13,1,0,0,0,0,0.0,1,0,2,50,1,4.0,16.0,13.0,3.0,3.0,3.0,0,
903,Craig Davis,22,SDG,WR,13,1,0,0,0,0,0.0,0,1,0,0,0,0.0,0.0,0.0,0.0,0.0,0.0,0,
904,Steve Fifita,25,MIA,DT,13,1,0,0,0,0,0.0,0,1,0,0,0,0.0,11.0,7.0,4.0,0.0,2.0,0,
905,Boomer Grigsby,26,KAN,LB,13,1,0,0,0,0,0.0,0,0,0,0,0,0.0,5.0,4.0,1.0,0.0,0.0,0,
906,Clint Session,23,IND,LB,13,1,2,3,0,3,2.0,1,0,0,0,0,0.0,31.0,23.0,8.0,4.0,1.0,0,
907,Blue Adams,28,CIN,DB,13,0,0,0,0,0,0.0,0,0,0,0,0,1.0,15.0,13.0,2.0,2.0,2.0,0,
908,Jon Alston,24,OAK,LB,13,0,0,0,0,0,0.0,1,0,0,0,0,0.0,8.0,6.0,2.0,1.0,0.0,0,
909,Vinny Ciurciu,27,MIN,LB,13,0,0,0,0,0,0.0,0,0,0,0,0,0.0,12.0,11.0,1.0,0.0,0.0,0,
910,Clifton Dawson,24,2TM,RB,13,0,0,0,0,0,0.0,0,0,0,0,0,0.0,4.0,4.0,0.0,0.0,0.0,0,
910,Clifton Dawson,24,CIN,RB,2,0,0,0,0,0,0.0,0,0,0,0,0,0.0,3.0,3.0,0.0,0.0,0.0,0,
910,Clifton Dawson,24,IND,RB,11,0,0,0,0,0,0.0,0,0,0,0,0,0.0,1.0,1.0,0.0,0.0,0.0,0,
911,Joel Dreessen,25,HOU,TE,13,0,0,0,0,0,0.0,0,0,0,0,0,0.0,10.0,9.0,1.0,0.0,0.0,0,
912,Gilbert Gardner,25,TEN,LB,13,0,0,0,0,0,0.0,0,0,0,0,0,0.0,11.0,11.0,0.0,0.0,0.0,0,
913,Corey Graham,22,CHI,DB,13,0,0,0,0,0,0.0,0,0,0,0,0,0.0,15.0,13.0,2.0,0.0,0.0,0,
914,Antoine Harris,25,ATL,DB,13,0,0,0,0,0,1.0,1,0,0,0,0,0.0,15.0,14.0,1.0,0.0,0.0,0,
915,Arnold Harrison,25,PIT,LB,13,0,0,0,0,0,0.0,0,0,0,0,0,0.0,13.0,8.0,5.0,0.0,0.0,0,
916,Chris Johnson,28,OAK,DB,13,0,0,0,0,0,2.0,0,0,0,0,0,0.0,13.0,11.0,2.0,0.0,0.0,0,
917,Bennie Joppru,27,SEA,TE,13,0,0,0,0,0,0.0,0,0,0,0,0,0.0,5.0,3.0,2.0,0.0,0.0,0,
918,Zak Keasey,25,SFO,LB,13,0,0,0,0,0,0.0,0,0,0,0,0,0.0,7.0,5.0,2.0,0.0,0.0,0,
919,Travis LaBoy,26,TEN,DE,13,0,1,0,0,0,4.0,4,0,1,0,0,6.0,13.0,8.0,5.0,2.0,10.0,0,
920,Derek Landri,24,JAX,DT,13,0,0,0,0,0,0.0,0,0,0,0,0,0.0,11.0,10.0,1.0,2.0,5.0,0,
921,Michael Lewis,36,SFO,WR,13,0,0,0,0,0,0.0,0,2,0,0,0,0.0,,,,,,0,
922,Dane Looker,31,STL,WR,13,0,0,0,0,0,0.0,0,0,2,0,0,0.0,1.0,1.0,0.0,0.0,0.0,0,
923,Bryant McFadden,26,PIT,DB,13,0,1,50,1,50,3.0,0,0,1,0,0,0.0,27.0,23.0,4.0,1.0,1.0,0,
924,Jon McGraw,28,KAN,DB,13,0,0,0,0,0,1.0,0,0,1,0,0,0.0,10.0,9.0,1.0,0.0,0.0,0,
925,Vernand Morency,27,GNB,RB,13,0,0,0,0,0,0.0,0,1,0,0,0,0.0,3.0,2.0,1.0,0.0,0.0,0,
926,Legedu Naanee,24,SDG,WR,13,0,0,0,0,0,0.0,0,0,0,0,0,0.0,2.0,0.0,2.0,0.0,0.0,0,
927,Stephen Nicholas,24,ATL,LB,13,0,0,0,0,0,0.0,0,0,1,0,0,1.0,33.0,29.0,4.0,0.0,1.0,0,
928,Ben Obomanu,24,SEA,WR,13,0,0,0,0,0,0.0,0,0,0,0,0,0.0,3.0,3.0,0.0,0.0,0.0,0,
929,Dimitri Patterson,24,KAN,DB,13,0,0,0,0,0,0.0,0,0,0,0,0,0.0,13.0,12.0,1.0,0.0,0.0,0,
930,Dontarrious Thomas,27,MIN,LB,13,0,0,0,0,0,0.0,0,0,0,0,0,0.0,5.0,5.0,0.0,0.0,0.0,0,
931,Troy Walters,31,DET,WR,13,0,0,0,0,0,0.0,0,1,1,0,0,0.0,0.0,0.0,0.0,0.0,0.0,0,
932,Tracy White,26,GNB,LB,13,0,0,0,0,0,0.0,0,0,2,0,1,0.0,11.0,10.0,1.0,0.0,0.0,0,
933,Gerris Wilkinson,24,NYG,LB,13,0,0,0,0,0,1.0,0,0,0,0,0,0.0,15.0,11.0,4.0,2.0,0.0,0,
934,Garrett Wolfe,23,CHI,RB,13,0,0,0,0,0,0.0,0,1,0,0,0,0.0,5.0,5.0,0.0,0.0,0.0,0,
935,LaMarr Woodley,23,PIT,LB,13,0,0,0,0,0,0.0,1,0,0,0,0,4.0,19.0,17.0,2.0,3.0,7.0,0,
936,Ellis Wyms,28,SEA,DE,13,0,0,0,0,0,0.0,0,0,0,0,0,2.0,16.0,11.0,5.0,3.0,5.0,0,
937,Fakhir Brown,30,STL,RCB,12,12,4,48,1,36,15.0,0,0,0,0,0,0.0,47.0,43.0,4.0,1.0,0.0,0,
938,Marc Bulger,30,STL,QB,12,12,0,0,0,0,0.0,0,6,1,-3,0,0.0,0.0,0.0,0.0,0.0,0.0,0,
939,David Garrard,29,JAX,QB,12,12,0,0,0,0,0.0,0,3,0,0,0,0.0,0.0,0.0,0.0,0.0,0.0,0,
940,Vonnie Holliday,32,MIA,RDT,12,12,0,0,0,0,1.0,1,0,0,0,0,2.0,42.0,33.0,9.0,4.0,6.0,0,
941,Steven Jackson,24,STL,RB,12,12,0,0,0,0,0.0,0,5,2,0,0,0.0,0.0,0.0,0.0,0.0,0.0,0,
942,Tarvaris Jackson,24,MIN,QB,12,12,0,0,0,0,0.0,0,5,0,-12,0,0.0,0.0,0.0,0.0,0.0,0.0,0,
943,Roy Williams,26,DET,WR,12,12,0,0,0,0,0.0,0,2,0,0,0,0.0,0.0,0.0,0.0,0.0,0.0,0,
944,Anquan Boldin,27,ARI,WR,12,11,0,0,0,0,0.0,0,2,0,0,0,0.0,,,,,,0,
945,Ray Edwards,22,MIN,RDE,12,11,0,0,0,0,2.0,2,0,1,9,1,5.0,30.0,26.0,4.0,7.0,6.0,0,
946,Rodney Harrison,35,NWE,SS,12,11,1,2,0,2,7.0,0,0,0,0,0,2.0,70.0,56.0,14.0,3.0,5.0,0,
947,Marcus Washington,30,WAS,LLB,12,11,0,0,0,0,0.0,1,0,0,0,0,5.0,49.0,33.0,16.0,4.0,4.0,0,
948,Reggie Bush,22,NOR,RB,12,10,0,0,0,0,0.0,0,8,3,-16,0,0.0,0.0,0.0,0.0,0.0,0.0,0,
949,Reggie Hayward,28,JAX,LDE,12,10,0,0,0,0,1.0,1,0,0,0,0,3.5,18.0,15.0,3.0,5.0,5.0,0,
950,Keith Ellison,23,BUF,RLB,12,9,1,4,0,4,5.0,0,0,0,0,0,1.0,39.0,27.0,12.0,2.0,1.0,0,
951,George Wilson,26,BUF,FS,12,9,2,25,1,25,4.0,0,1,1,20,1,0.0,37.0,30.0,7.0,0.0,0.0,0,
952,Kyle Boller,26,BAL,QB,12,8,0,0,0,0,0.0,0,5,0,0,0,0.0,0.0,0.0,0.0,0.0,0.0,0,
953,Keary Colbert,25,CAR,WR,12,8,0,0,0,0,0.0,0,1,0,0,0,0.0,0.0,0.0,0.0,0.0,0.0,0,
954,Ryan Tucker,32,CLE,RG,12,8,0,0,0,0,0.0,0,0,1,0,0,0.0,0.0,0.0,0.0,0.0,0.0,0,
955,Ben Watson,27,NWE,TE,12,8,0,0,0,0,0.0,0,1,1,0,0,0.0,,,,,,0,
956,Nick Ferguson,33,DEN,SS,12,7,0,0,0,0,1.0,1,0,2,0,0,0.0,55.0,43.0,12.0,2.0,0.0,0,
957,Tyjuan Hagler,26,IND,LLB,12,7,0,0,0,0,1.0,0,0,1,0,0,1.0,54.0,41.0,13.0,3.0,1.0,0,
958,Travis Henry,29,DEN,RB,12,7,0,0,0,0,0.0,0,3,1,0,0,0.0,0.0,0.0,0.0,0.0,0.0,0,
959,LaMont Jordan,29,OAK,RB,12,7,0,0,0,0,0.0,0,0,1,4,0,0.0,0.0,0.0,0.0,0.0,0.0,0,
960,Cameron Worrell,28,MIA,FS,12,7,0,0,0,0,1.0,0,0,0,0,0,0.0,56.0,44.0,12.0,0.0,0.0,0,
961,Stephon Heyer,23,WAS,RT,12,5,0,0,0,0,0.0,0,0,1,0,0,0.0,0.0,0.0,0.0,0.0,0.0,0,
962,Gerard Warren,29,OAK,RDT,12,5,0,0,0,0,1.0,1,0,0,0,0,4.0,22.0,20.0,2.0,7.0,5.0,1,
963,Matt Giordano,25,IND,DB,12,4,2,89,1,83,4.0,0,0,0,0,0,0.0,24.0,18.0,6.0,1.0,1.0,0,
964,Alex Stepanovich,26,CIN,C,12,4,0,0,0,0,,0,1,0,-2,0,0.0,,,,,,0,
965,James Thrash,32,WAS,WR,12,4,0,0,0,0,0.0,0,1,0,0,0,0.0,7.0,5.0,2.0,0.0,0.0,0,
966,Chris Brown,26,TEN,RB,12,1,0,0,0,0,0.0,0,1,0,0,0,0.0,0.0,0.0,0.0,0.0,0.0,0,
967,T.J. Duckett,26,DET,RB,12,1,0,0,0,0,0.0,0,1,1,0,0,0.0,0.0,0.0,0.0,0.0,0.0,0,
968,Glenn Martinez,26,DEN,WR,12,1,0,0,0,0,0.0,0,3,1,0,0,0.0,,,,,,0,
969,Corey Mays,24,2TM,LB,12,1,0,0,0,0,1.0,0,0,0,0,0,0.0,15.0,6.0,9.0,0.0,0.0,0,
969,Corey Mays,24,NWE,LB,1,0,0,0,0,0,0.0,0,0,0,0,0,0.0,1.0,1.0,0.0,0.0,0.0,0,
969,Corey Mays,24,CIN,LB,11,1,0,0,0,0,1.0,0,0,0,0,0,0.0,14.0,5.0,9.0,0.0,0.0,0,
970,Pierre Thomas,23,NOR,RB,12,1,0,0,0,0,0.0,0,0,1,5,1,0.0,3.0,2.0,1.0,0.0,0.0,0,
971,Renaldo Wynn,33,NOR,DE,12,1,0,0,0,0,0.0,0,0,0,0,0,3.5,13.0,12.0,1.0,4.0,6.0,0,
972,Sam Aiken,27,BUF,WR,12,0,0,0,0,0,0.0,0,0,0,0,0,0.0,4.0,3.0,1.0,0.0,0.0,0,
973,Eric Alexander,25,NWE,LB,12,0,0,0,0,0,0.0,0,0,0,0,0,0.0,18.0,15.0,3.0,0.0,0.0,0,
974,Baraka Atkins,23,SEA,DE,12,0,0,0,0,0,1.0,0,0,1,0,0,0.0,12.0,6.0,6.0,0.0,1.0,0,
975,Ahmad Bradshaw,21,NYG,RB,12,0,0,0,0,0,0.0,0,2,1,0,0,0.0,9.0,9.0,0.0,0.0,0.0,0,
976,Courtney Bryan,23,MIA,DB,12,0,0,0,0,0,0.0,0,0,1,0,0,0.0,11.0,7.0,4.0,0.0,1.0,0,
977,John Busing,24,CIN,DB,12,0,0,0,0,0,0.0,0,0,0,0,0,0.0,16.0,12.0,4.0,0.0,0.0,0,
978,Steve Cargile,25,DEN,DB,12,0,0,0,0,0,0.0,1,0,0,0,0,0.0,7.0,7.0,0.0,0.0,0.0,0,
979,Aveion Cason,28,DET,RB,12,0,0,0,0,0,0.0,0,2,0,0,0,0.0,3.0,2.0,1.0,0.0,0.0,0,
980,Chris Cooper,30,ARI,DE,12,0,0,0,0,0,0.0,0,0,0,0,0,0.0,10.0,10.0,0.0,0.0,2.0,0,
981,Chris Davis,23,TEN,WR,12,0,0,0,0,0,0.0,0,6,2,0,0,0.0,2.0,2.0,0.0,0.0,0.0,0,
982,Eddie Drummond,27,KAN,WR,12,0,0,0,0,0,0.0,0,2,0,0,0,0.0,5.0,5.0,0.0,0.0,0.0,0,
983,Kyle Eckel,26,NWE,RB,12,0,0,0,0,0,0.0,0,0,0,0,0,0.0,12.0,10.0,2.0,0.0,0.0,0,
984,Kris Griffin,26,CLE,LB,12,0,0,0,0,0,0.0,0,0,0,0,0,0.0,11.0,9.0,2.0,0.0,0.0,0,
985,Anthony Hargrove,24,BUF,DE,12,0,0,0,0,0,0.0,0,0,0,0,0,1.5,,,,,,0,
986,Adam Hayward,23,TAM,LB,12,0,0,0,0,0,0.0,0,0,0,0,0,0.0,15.0,12.0,3.0,0.0,0.0,0,
987,Will Herring,24,SEA,LB,12,0,0,0,0,0,0.0,0,0,0,0,0,0.0,13.0,11.0,2.0,0.0,0.0,0,
988,Keith Lewis,26,SFO,DB,12,0,0,0,0,0,0.0,0,0,0,0,0,0.0,20.0,15.0,5.0,0.0,0.0,0,
989,Tim McGarigle,24,STL,LB,12,0,0,0,0,0,0.0,0,0,0,0,0,0.0,6.0,6.0,0.0,0.0,0.0,0,
990,Mewelde Moore,25,MIN,RB,12,0,0,0,0,0,0.0,0,1,0,0,0,0.0,1.0,1.0,0.0,0.0,0.0,0,
991,Mike Schneck,30,ATL,LS,12,0,0,0,0,0,0.0,0,0,0,0,0,0.0,2.0,1.0,1.0,0.0,0.0,0,
992,Daren Stone,22,ATL,DB,12,0,0,0,0,0,0.0,0,0,0,0,0,0.0,10.0,9.0,1.0,0.0,0.0,0,
993,David Tyree,27,NYG,WR,12,0,0,0,0,0,0.0,0,0,0,0,0,0.0,9.0,7.0,2.0,0.0,0.0,0,
994,Frank Walker,27,GNB,DB,12,0,0,0,0,0,1.0,0,0,0,0,0,0.0,17.0,17.0,0.0,0.0,0.0,0,
995,Josh Wilson,22,SEA,DB,12,0,0,0,0,0,0.0,0,1,1,0,0,0.0,10.0,8.0,2.0,0.0,1.0,0,
996,Dave Zastudil,29,CLE,P,12,0,0,0,0,0,0.0,0,1,1,-11,0,0.0,0.0,0.0,0.0,0.0,0.0,0,
997,Sam Adams,34,DEN,LDT,11,11,0,0,0,0,1.0,0,0,0,0,0,0.0,9.0,5.0,4.0,1.0,0.0,0,
998,Cedric Benson,25,CHI,RB,11,11,0,0,0,0,0.0,0,3,2,0,0,0.0,,,,,,0,
999,Raheem Brock,29,IND,LDT,11,11,0,0,0,0,3.0,0,0,2,0,0,2.5,31.0,24.0,7.0,7.0,3.0,0,
1000,Eric Green,25,ARI,RCB,11,11,0,0,0,0,8.0,0,0,0,0,0,0.0,51.0,47.0,4.0,1.0,0.0,0,
1001,Chris Hope,27,TEN,SS,11,11,2,45,0,45,3.0,0,0,1,0,0,0.0,49.0,37.0,12.0,1.0,2.0,0,
1002,Freddy Keiaho,25,IND,RLB,11,11,1,11,0,11,1.0,0,0,0,0,0,0.5,81.0,64.0,17.0,5.0,3.0,0,
1003,Troy Polamalu,26,PIT,SS,11,11,0,0,0,0,9.0,3,0,1,13,0,0.0,58.0,45.0,13.0,2.0,0.0,0,"PB,AP-2"
1004,Matt Schaub,26,HOU,QB,11,11,0,0,0,0,0.0,0,7,2,-6,0,0.0,0.0,0.0,0.0,0.0,0.0,0,
1005,Lito Sheppard,26,PHI,LCB,11,11,2,25,0,16,5.0,0,0,0,0,0,0.0,51.0,47.0,4.0,0.0,0.0,0,
1006,Aaron Smith,31,PIT,LDE,11,11,0,0,0,0,0.0,0,0,2,0,0,2.5,31.0,22.0,9.0,3.0,6.0,0,
1007,Rosevelt Colvin,30,NWE,ROLB,11,10,1,4,0,4,2.0,3,0,2,16,1,4.0,27.0,17.0,10.0,2.0,4.0,0,
1008,Channing Crowder,24,MIA,LLB,11,10,0,0,0,0,0.0,0,0,0,0,0,0.5,77.0,60.0,17.0,4.0,3.0,0,
1009,Damon Huard,34,KAN,QB,11,10,0,0,0,0,0.0,0,5,1,0,0,0.0,0.0,0.0,0.0,0.0,0.0,0,
1010,Brandon Jacobs,25,NYG,RB,11,9,0,0,0,0,0.0,0,5,0,0,0,0.0,,,,,,0,
1011,Rudi Johnson,28,CIN,RB,11,9,0,0,0,0,0.0,0,3,0,0,0,0.0,,,,,,0,
1012,Hamza Abdullah,24,DEN,SS,11,8,0,0,0,0,5.0,2,0,1,0,0,0.0,48.0,39.0,9.0,0.0,0.0,0,
1013,Anthony Adams,27,CHI,LDT,11,8,0,0,0,0,0.0,0,0,1,0,0,0.5,26.0,21.0,5.0,4.0,1.0,0,
1014,Darwin Walker,30,CHI,LDT,11,7,0,0,0,0,0.0,0,0,0,0,0,1.0,17.0,12.0,5.0,2.0,1.0,0,
1015,Eugene Wilson,27,NWE,FS,11,6,1,5,1,5,3.0,0,0,1,4,0,0.0,31.0,27.0,4.0,1.0,0.0,0,
1016,Randall Godfrey,34,WAS,LB,11,4,0,0,0,0,2.0,2,0,0,0,0,0.0,29.0,21.0,8.0,2.0,2.0,0,
1017,Ahmard Hall,28,TEN,RB,11,4,0,0,0,0,0.0,0,0,0,0,0,0.0,6.0,5.0,1.0,0.0,0.0,0,
1018,Tim Jennings,24,IND,DB,11,4,0,0,0,0,3.0,1,0,0,0,0,0.0,31.0,30.0,1.0,1.0,0.0,0,
1019,Brian Kelly,31,TAM,DB,11,4,2,0,0,0,7.0,0,0,1,-2,0,0.0,22.0,20.0,2.0,2.0,1.0,0,
1020,Sam Williams,27,OAK,DE,11,4,0,0,0,0,1.0,1,0,0,0,0,0.0,16.0,11.0,5.0,1.0,0.0,0,
1021,Brandon Jackson,22,GNB,RB,11,3,0,0,0,0,0.0,0,0,0,0,0,0.0,1.0,1.0,0.0,0.0,0.0,0,
1022,Aaron Rouse,23,GNB,DB,11,3,2,37,0,34,4.0,0,0,0,0,0,0.0,25.0,22.0,3.0,0.0,0.0,0,
1023,Ashton Youboty,23,BUF,DB,11,3,1,19,0,19,1.0,0,0,0,0,0,1.0,23.0,22.0,1.0,1.0,2.0,0,
1024,Shawntae Spencer,25,SFO,DB,11,1,1,0,0,0,3.0,0,0,0,0,0,0.0,28.0,25.0,3.0,0.0,0.0,0,
1025,Aundrae Allison,21,MIN,WR,11,0,0,0,0,0,0.0,0,2,0,0,0,0.0,0.0,0.0,0.0,0.0,0.0,0,
1026,Mike Barr,29,ARI,P,11,0,0,0,0,0,0.0,0,0,0,0,0,0.0,4.0,3.0,1.0,0.0,0.0,0,
1027,Jordan Beck,24,DEN,LB,11,0,0,0,0,0,0.0,0,0,0,0,0,0.0,10.0,8.0,2.0,0.0,0.0,0,
1028,Kendrell Bell,29,KAN,LB,11,0,0,0,0,0,0.0,0,0,0,0,0,0.0,8.0,6.0,2.0,0.0,0.0,0,
1029,Alan Branch,23,ARI,DT,11,0,0,0,0,0,0.0,0,0,0,0,0,0.0,14.0,13.0,1.0,0.0,3.0,0,
1030,Anthony Cannon,22,DET,LB,11,0,0,0,0,0,0.0,0,0,0,0,0,0.0,6.0,5.0,1.0,0.0,0.0,0,
1031,Drew Coleman,24,NYJ,DB,11,0,1,1,0,1,2.0,0,0,0,0,0,0.0,7.0,6.0,1.0,1.0,0.0,0,
1032,Russell Davis,32,NYG,DT,11,0,0,0,0,0,1.0,0,0,0,0,0,0.0,5.0,2.0,3.0,0.0,0.0,0,
1033,Zach Diles,22,HOU,LB,11,0,0,0,0,0,0.0,0,0,0,0,0,0.0,15.0,13.0,2.0,1.0,0.0,0,
1034,Fred Evans,24,MIN,DT,11,0,0,0,0,0,0.0,0,0,0,0,0,1.0,3.0,3.0,0.0,1.0,1.0,0,
1035,Eric Hicks,31,NYJ,DE,11,0,0,0,0,0,0.0,0,0,0,0,0,0.0,17.0,10.0,7.0,0.0,1.0,0,
1036,Marcus Hudson,25,SFO,DB,11,0,0,0,0,0,2.0,0,0,2,-1,0,0.0,27.0,19.0,8.0,0.0,0.0,0,
1037,Jason Jefferson,26,BUF,DT,11,0,0,0,0,0,0.0,0,0,0,0,0,0.0,15.0,10.0,5.0,2.0,0.0,0,
1038,Justin Jenkins,27,BUF,WR,11,0,0,0,0,0,0.0,0,0,1,0,0,0.0,9.0,7.0,2.0,0.0,0.0,0,
1039,Luke Lawton,27,IND,RB,11,0,0,0,0,0,0.0,0,0,0,0,0,0.0,6.0,5.0,1.0,0.0,0.0,0,
1040,Stanley McClover,23,CAR,DE,11,0,0,0,0,0,0.0,0,0,0,0,0,1.0,8.0,7.0,1.0,2.0,2.0,0,
1041,Matt McCoy,25,2TM,LB,11,0,0,0,0,0,0.0,0,0,0,0,0,0.0,9.0,7.0,2.0,0.0,0.0,0,
1041,Matt McCoy,25,PHI,LB,7,0,0,0,0,0,0.0,0,0,0,0,0,0.0,7.0,5.0,2.0,0.0,0.0,0,
1041,Matt McCoy,25,NOR,LB,4,0,0,0,0,0,0.0,0,0,0,0,0,0.0,2.0,2.0,0.0,0.0,0.0,0,
1042,Antonio Pittman,22,STL,RB,11,0,0,0,0,0,0.0,0,0,0,0,0,0.0,1.0,1.0,0.0,0.0,0.0,0,
1043,Adam Seward,25,CAR,LB,11,0,0,0,0,0,0.0,0,0,0,0,0,0.0,11.0,10.0,1.0,1.0,0.0,0,
1044,Ronyell Whitaker,28,MIN,DB,11,0,0,0,0,0,0.0,0,0,1,0,0,0.0,7.0,5.0,2.0,0.0,0.0,0,
1045,Claude Wroten,24,STL,DT,11,0,0,0,0,0,0.0,1,0,0,0,0,0.5,12.0,10.0,2.0,2.0,3.0,0,
1046,Brian Dawkins,34,PHI,FS,10,10,1,1,0,1,6.0,0,0,0,0,0,0.0,37.0,28.0,9.0,3.0,0.0,0,
1047,Mike Peterson,31,JAX,MLB,10,10,1,12,0,12,3.0,0,0,1,0,0,2.0,70.0,60.0,10.0,4.0,4.0,0,
1048,Antoine Winfield,30,MIN,LCB,10,10,1,14,1,14,9.0,1,0,1,0,0,0.0,70.0,61.0,9.0,4.0,0.0,0,
1049,Luis Castillo,24,SDG,RDE,10,9,0,0,0,0,1.0,0,0,0,0,0,2.5,32.0,23.0,9.0,5.0,5.0,0,
1050,Trent Edwards,24,BUF,QB,10,9,0,0,0,0,0.0,0,4,1,-6,0,0.0,0.0,0.0,0.0,0.0,0.0,0,
1051,Mathias Kiwanuka,24,NYG,LLB,10,9,0,0,0,0,4.0,1,0,0,0,0,4.5,46.0,34.0,12.0,8.0,8.0,0,
1052,L.J. Smith,27,PHI,TE,10,9,0,0,0,0,0.0,0,1,0,0,0,0.0,,,,,,0,
1053,Kellen Clemens,24,NYJ,QB,10,8,0,0,0,0,0.0,0,4,1,-1,0,0.0,,,,,,0,
1054,Greg Spires,33,TAM,LDE,10,8,0,0,0,0,1.0,0,0,0,0,0,2.0,26.0,21.0,5.0,3.0,3.0,0,
1055,Rashad Jeanty,24,CIN,LLB,10,7,0,0,0,0,1.0,2,0,2,0,0,0.0,38.0,26.0,12.0,1.0,0.0,0,
1056,Johnny Jolly,24,GNB,RDT,10,7,0,0,0,0,4.0,0,0,1,19,0,1.0,21.0,13.0,8.0,4.0,2.0,0,
1057,Stanley Wilson,25,DET,RCB,10,5,0,0,0,0,3.0,1,0,0,0,0,0.0,39.0,30.0,9.0,0.0,0.0,0,
1058,Aaron Francisco,24,ARI,DB,10,3,0,0,0,0,0.0,0,0,0,0,0,0.0,31.0,27.0,4.0,2.0,0.0,0,
1059,Andrew Pinnock,27,SDG,FB,10,3,0,0,0,0,0.0,0,0,0,0,0,0.0,3.0,2.0,1.0,0.0,0.0,0,
1060,Michael Pittman,32,TAM,RB,10,3,0,0,0,0,0.0,0,1,0,0,0,0.0,0.0,0.0,0.0,0.0,0.0,0,
1061,Jamar Fletcher,28,HOU,DB,10,2,0,0,0,0,3.0,1,0,0,0,0,0.0,18.0,17.0,1.0,0.0,1.0,0,
1062,Carlos Polk,30,SDG,LB,10,2,0,0,0,0,1.0,1,0,0,0,0,1.0,24.0,20.0,4.0,1.0,1.0,0,
1063,Dominic Rhodes,28,OAK,RB,10,2,0,0,0,0,0.0,0,2,1,0,0,0.0,0.0,0.0,0.0,0.0,0.0,0,
1064,Anthony Thomas,30,BUF,RB,10,2,0,0,0,0,0.0,0,0,2,0,0,0.0,0.0,0.0,0.0,0.0,0.0,0,
1065,Jerheme Urban,27,ARI,WR,10,2,0,0,0,0,0.0,0,0,0,0,0,0.0,1.0,0.0,1.0,0.0,0.0,0,
1066,James Anderson,24,CAR,LB,10,1,0,0,0,0,0.0,0,0,0,0,0,0.0,18.0,15.0,3.0,0.0,0.0,0,
1067,Andre Hall,25,DEN,RB,10,1,0,0,0,0,0.0,0,1,2,0,0,0.0,5.0,5.0,0.0,0.0,0.0,0,
1068,Desmond Bishop,23,GNB,LB,10,0,0,0,0,0,0.0,0,0,0,0,0,0.0,10.0,8.0,2.0,0.0,1.0,0,
1069,Isaiah Ekejiuba,26,OAK,LB,10,0,0,0,0,0,0.0,0,0,0,0,0,0.0,12.0,11.0,1.0,0.0,0.0,0,
1070,Greg Estandia,25,JAX,TE,10,0,0,0,0,0,0.0,0,0,0,0,0,0.0,2.0,1.0,1.0,0.0,0.0,0,
1071,Tim Euhus,27,ARI,TE,10,0,0,0,0,0,0.0,0,0,0,0,0,0.0,2.0,2.0,0.0,0.0,0.0,0,
1072,Keyaron Fox,25,KAN,LB,10,0,0,0,0,0,0.0,0,0,0,0,0,0.0,21.0,19.0,2.0,3.0,0.0,0,
1073,Andre Frazier,25,2TM,LB,10,0,0,0,0,0,0.0,0,0,1,0,0,0.0,11.0,8.0,3.0,0.0,0.0,0,
1073,Andre Frazier,25,CIN,LB,2,0,0,0,0,0,0.0,0,0,0,0,0,0.0,1.0,0.0,1.0,0.0,0.0,0,
1073,Andre Frazier,25,PIT,LB,8,0,0,0,0,0,0.0,0,0,1,0,0,0.0,10.0,8.0,2.0,0.0,0.0,0,
1074,Bryan Gilmore,29,SFO,WR,10,0,0,0,0,0,0.0,0,0,0,0,0,0.0,5.0,3.0,2.0,0.0,0.0,0,
1075,Dashon Goldson,23,SFO,DB,10,0,0,0,0,0,2.0,1,0,0,0,0,0.0,15.0,12.0,3.0,0.0,0.0,0,
1076,Alex Haynes,25,CAR,RB,10,0,0,0,0,0,0.0,0,0,0,0,0,0.0,3.0,3.0,0.0,0.0,0.0,0,
1077,Dante Hughes,22,IND,DB,10,0,0,0,0,0,2.0,0,0,0,0,0,0.0,14.0,14.0,0.0,0.0,0.0,0,
1078,Taylor Jacobs,26,2TM,WR,10,0,0,0,0,0,0.0,0,0,0,0,0,0.0,5.0,4.0,1.0,0.0,0.0,0,
1078,Taylor Jacobs,26,SFO,WR,4,0,0,0,0,0,0.0,0,0,0,0,0,0.0,1.0,1.0,0.0,0.0,0.0,0,
1078,Taylor Jacobs,26,DEN,WR,6,0,0,0,0,0,0.0,0,0,0,0,0,0.0,4.0,3.0,1.0,0.0,0.0,0,
1079,Jayme Mitchell,23,MIN,DE,10,0,0,0,0,0,0.0,0,0,0,0,0,1.0,8.0,5.0,3.0,3.0,3.0,0,
1080,Marvin Mitchell,23,NOR,LB,10,0,0,0,0,0,0.0,0,0,0,0,0,0.0,8.0,8.0,0.0,0.0,0.0,0,
1081,Mel Mitchell,28,NWE,DB,10,0,0,0,0,0,0.0,0,0,0,0,0,0.0,11.0,10.0,1.0,0.0,0.0,0,
1082,Greg Peterson,23,TAM,DE,10,0,0,0,0,0,0.0,0,0,1,0,0,1.5,16.0,12.0,4.0,3.0,3.0,0,
1083,Kenneth Pettway,25,JAX,DE,10,0,0,0,0,0,0.0,0,0,0,0,0,1.0,9.0,6.0,3.0,0.0,0.0,0,
1084,Naufahu Tahi,26,MIN,RB,10,0,0,0,0,0,0.0,0,0,0,0,0,0.0,2.0,2.0,0.0,0.0,0.0,0,
1085,Seneca Wallace,27,SEA,QB,10,0,0,0,0,0,0.0,0,1,0,0,0,0.0,,,,,,0,
1086,Brandon Williams,23,2TM,WR,10,0,0,0,0,0,0.0,0,2,0,0,0,0.0,2.0,2.0,0.0,0.0,0.0,0,
1086,Brandon Williams,23,SFO,WR,3,0,0,0,0,0,0.0,0,1,0,0,0,0.0,,,,,,0,
1086,Brandon Williams,23,STL,WR,7,0,0,0,0,0,0.0,0,1,0,0,0,0.0,2.0,2.0,0.0,0.0,0.0,0,
1087,Bertrand Berry,32,ARI,RDE,9,9,0,0,0,0,1.0,0,0,1,0,0,2.5,21.0,18.0,3.0,3.0,4.0,0,
1088,Dwight Freeney,27,IND,RDE,9,9,0,0,0,0,0.0,4,0,0,0,0,3.5,21.0,18.0,3.0,3.0,11.0,1,
1089,Andre Johnson,26,HOU,WR,9,9,0,0,0,0,0.0,0,1,0,0,0,0.0,0.0,0.0,0.0,0.0,0.0,0,
1090,Josh McCown,28,OAK,QB,9,9,0,0,0,0,0.0,0,11,3,0,0,0.0,0.0,0.0,0.0,0.0,0.0,0,
1091,Dunta Robinson,25,HOU,LCB,9,9,2,6,0,10,7.0,0,0,0,0,0,0.0,35.0,30.0,5.0,2.0,0.0,0,
1092,Marcus Stroud,29,JAX,LDT,9,9,0,0,0,0,2.0,0,0,1,0,0,3.0,22.0,19.0,3.0,4.0,7.0,0,
1093,Sean Taylor,24,WAS,FS,9,9,5,98,0,48,9.0,1,1,0,0,0,0.0,41.0,31.0,10.0,0.0,1.0,0,"PB,AP-2"
1094,Pisa Tinoisamoa,26,STL,RLB,9,9,2,15,0,15,3.0,1,0,0,0,0,0.0,40.0,31.0,9.0,4.0,0.0,0,
1095,Adrian Wilson,28,ARI,SS,9,9,2,20,0,20,2.0,0,0,0,0,0,0.0,44.0,33.0,11.0,4.0,2.0,0,
1096,Chad Pennington,31,NYJ,QB,9,8,0,0,0,0,0.0,0,5,2,-3,0,0.0,0.0,0.0,0.0,0.0,0.0,0,
1097,Richard Seymour,28,NWE,RDE,9,8,0,0,0,0,1.0,0,0,0,0,0,1.5,23.0,15.0,8.0,5.0,8.0,0,
1098,Brian Young,30,NOR,RDT,9,8,0,0,0,0,1.0,1,0,0,0,0,3.0,18.0,16.0,2.0,1.0,5.0,0,
1099,Cleo Lemon,28,MIA,QB,9,7,0,0,0,0,0.0,0,7,3,-1,0,0.0,0.0,0.0,0.0,0.0,0.0,0,
1100,Brodie Croyle,24,KAN,QB,9,6,0,0,0,0,0.0,0,4,1,0,0,0.0,0.0,0.0,0.0,0.0,0.0,0,
1101,Elton Brown,25,ARI,RT,9,5,0,0,0,0,0.0,0,0,1,0,0,0.0,0.0,0.0,0.0,0.0,0.0,0,
1102,Trey Lewis,22,ATL,LDT,9,5,1,4,0,4,1.0,0,0,0,0,0,0.0,19.0,17.0,2.0,2.0,0.0,0,
1103,Sage Rosenfels,29,HOU,QB,9,5,0,0,0,0,0.0,0,4,0,-2,0,0.0,,,,,,0,
1104,Tony Moll,24,GNB,T,9,3,0,0,0,0,0.0,0,0,2,0,0,0.0,0.0,0.0,0.0,0.0,0.0,0,
1105,Matt Moore,23,CAR,QB,9,3,0,0,0,0,0.0,0,2,3,-4,0,0.0,0.0,0.0,0.0,0.0,0.0,0,
1106,Byron Storer,23,TAM,RB,9,3,0,0,0,0,0.0,0,0,0,0,0,0.0,5.0,4.0,1.0,0.0,0.0,0,
1107,Kiwaukee Thomas,30,BUF,DB,9,3,1,8,0,8,2.0,0,0,0,0,0,0.0,35.0,21.0,14.0,1.0,0.0,0,
1108,Craig Dahl,22,NYG,DB,9,2,0,0,0,0,0.0,0,0,0,0,0,0.0,19.0,16.0,3.0,0.0,0.0,0,
1109,Brandon Jones,25,TEN,WR,9,2,0,0,0,0,0.0,0,1,0,0,0,0.0,,,,,,0,
1110,Idrees Bashir,29,DET,DB,9,1,1,0,0,0,1.0,0,0,2,0,0,0.0,20.0,15.0,5.0,0.0,0.0,0,
1111,Will Blackmon,23,GNB,DB,9,1,0,0,0,0,1.0,0,0,1,0,1,0.0,4.0,4.0,0.0,0.0,0.0,0,
1112,Akeem Jordan,22,PHI,LB,9,1,0,0,0,0,0.0,0,0,0,0,0,0.0,20.0,17.0,3.0,2.0,0.0,0,
1113,Ryan Neufeld,32,BUF,TE,9,1,0,0,0,0,0.0,0,0,0,0,0,0.0,3.0,2.0,1.0,0.0,0.0,0,
1114,Quinn Pitcock,24,IND,DT,9,1,0,0,0,0,0.0,0,0,0,0,0,1.5,18.0,13.0,5.0,3.0,3.0,0,
1115,Mike Wright,25,NWE,DT,9,1,0,0,0,0,0.0,0,0,0,0,0,0.5,10.0,8.0,2.0,0.0,1.0,0,
1116,Tim Anderson,27,2TM,DT,9,0,0,0,0,0,0.0,0,0,0,0,0,0.0,8.0,6.0,2.0,0.0,0.0,0,
1116,Tim Anderson,27,BUF,DT,4,0,0,0,0,0,0.0,0,0,0,0,0,0.0,3.0,2.0,1.0,0.0,0.0,0,
1116,Tim Anderson,27,ATL,DT,5,0,0,0,0,0,0.0,0,0,0,0,0,0.0,5.0,4.0,1.0,0.0,0.0,0,
1117,Tarell Brown,22,SFO,DB,9,0,0,0,0,0,0.0,0,0,0,0,0,0.0,2.0,1.0,1.0,0.0,0.0,0,
1118,Jeremy Cain,27,TEN,LB,9,0,0,0,0,0,0.0,0,0,0,0,0,0.0,1.0,1.0,0.0,0.0,0.0,0,
1119,Matt Chatham,30,NYJ,LB,9,0,0,0,0,0,0.0,0,0,0,0,0,0.0,18.0,12.0,6.0,1.0,0.0,0,
1120,Patrick Chukwurah,28,TAM,LB,9,0,0,0,0,0,0.0,0,0,1,0,0,1.0,12.0,11.0,1.0,2.0,2.0,0,
1121,Donte Curry,29,2TM,LB,9,0,0,0,0,0,0.0,0,0,0,0,0,0.0,10.0,8.0,2.0,0.0,0.0,0,
1121,Donte Curry,29,DET,LB,2,0,0,0,0,0,0.0,0,0,0,0,0,0.0,3.0,3.0,0.0,0.0,0.0,0,
1121,Donte Curry,29,CAR,LB,7,0,0,0,0,0,0.0,0,0,0,0,0,0.0,7.0,5.0,2.0,0.0,0.0,0,
1122,Andre Dyson,28,NYJ,DB,9,0,1,0,0,0,4.0,0,0,0,0,0,0.0,11.0,11.0,0.0,0.0,0.0,0,
1123,Bryce Fisher,30,TEN,DE,9,0,0,0,0,0,0.0,0,0,0,0,0,0.0,5.0,4.0,1.0,1.0,2.0,0,
1124,Aaron Halterman,25,MIA,TE,9,0,0,0,0,0,0.0,0,0,0,0,0,0.0,4.0,3.0,1.0,0.0,0.0,0,
1125,Trevor Johnson,26,STL,DE,9,0,0,0,0,0,0.0,0,0,0,0,0,0.0,9.0,8.0,1.0,1.0,1.0,0,
1126,Herana-Daze Jones,25,CIN,DB,9,0,0,0,0,0,0.0,0,0,0,0,0,0.0,19.0,16.0,3.0,0.0,0.0,0,
1127,Ryan Krause,26,GNB,TE,9,0,0,0,0,0,0.0,0,0,0,0,0,0.0,3.0,3.0,0.0,0.0,0.0,0,
1128,Anthony Madison,26,PIT,DB,9,0,0,0,0,0,0.0,0,0,1,0,0,0.0,11.0,10.0,1.0,0.0,0.0,0,
1129,Ray McDonald,23,SFO,DE,9,0,0,0,0,0,0.0,0,0,0,0,0,1.0,5.0,5.0,0.0,3.0,4.0,0,
1130,Mike Montgomery,24,GNB,DT,9,0,0,0,0,0,0.0,0,0,0,0,0,0.0,22.0,17.0,5.0,2.0,1.0,0,
1131,LaJuan Ramsey,23,PHI,DT,9,0,0,0,0,0,0.0,0,0,0,0,0,0.0,1.0,1.0,0.0,1.0,2.0,0,
1132,Gerome Sapp,26,BAL,DB,9,0,0,0,0,0,1.0,0,0,0,0,0,2.0,16.0,15.0,1.0,3.0,3.0,0,
1133,Rich Scanlon,27,TEN,LB,9,0,0,0,0,0,0.0,0,0,2,0,0,0.0,6.0,2.0,4.0,0.0,0.0,0,
1134,Ryan Sims,27,TAM,DT,9,0,0,0,0,0,0.0,0,0,0,0,0,1.0,18.0,12.0,6.0,4.0,1.0,0,
1135,Bobby Sippio,27,KAN,WR,9,0,0,0,0,0,0.0,0,0,0,0,0,0.0,2.0,2.0,0.0,0.0,0.0,0,
1136,Nick Sorensen,29,CLE,DB,9,0,0,0,0,0,0.0,1,0,0,0,0,0.0,13.0,11.0,2.0,0.0,0.0,0,
1137,Stacy Tutt,25,NYJ,RB,9,0,0,0,0,0,0.0,0,0,0,0,0,0.0,2.0,2.0,0.0,0.0,0.0,0,
1138,C.J. Wallace,22,SEA,DB,9,0,0,0,0,0,0.0,0,0,0,0,0,0.0,2.0,2.0,0.0,0.0,0.0,0,
1139,Rashad Washington,27,NYJ,DB,9,0,0,0,0,0,0.0,0,0,0,0,0,0.0,6.0,5.0,1.0,0.0,0.0,0,
1140,Sean Considine,25,PHI,SS,8,8,1,0,0,0,3.0,0,0,0,0,0,0.0,36.0,27.0,9.0,1.0,2.0,0,
1141,Larry Johnson,28,KAN,RB,8,8,0,0,0,0,0.0,0,1,0,0,0,0.0,,,,,,0,
1142,Eddie Kennison,34,KAN,WR,8,8,0,0,0,0,0.0,0,1,1,0,0,0.0,0.0,0.0,0.0,0.0,0.0,0,
1143,Chris McAlister,30,BAL,LCB,8,8,1,0,0,0,9.0,0,0,0,0,0,0.0,19.0,17.0,2.0,0.0,0.0,0,
1144,Chris Naeole,33,JAX,RG,8,8,0,0,0,0,,0,0,1,2,0,0.0,,,,,,0,
1145,Rex Grossman,27,CHI,QB,8,7,0,0,0,0,0.0,0,6,1,-1,0,0.0,0.0,0.0,0.0,0.0,0.0,0,
1146,Tye Hill,25,STL,LCB,8,7,1,0,0,0,8.0,0,0,0,0,0,0.0,35.0,34.0,1.0,0.0,0.0,0,
1147,J.P. Losman,26,BUF,QB,8,7,0,0,0,0,0.0,0,5,1,-2,0,0.0,0.0,0.0,0.0,0.0,0.0,0,
1148,Kalimba Edwards,28,DET,RDE,8,6,0,0,0,0,0.0,2,0,1,0,0,3.0,17.0,13.0,4.0,3.0,6.0,0,
1149,Derrick Ward,27,NYG,RB,8,5,0,0,0,0,0.0,0,2,0,0,0,0.0,0.0,0.0,0.0,0.0,0.0,0,
1150,Deon Anderson,24,DAL,FB,8,4,0,0,0,0,0.0,0,0,0,0,0,0.0,5.0,4.0,1.0,0.0,0.0,0,
1151,Quinn Gray,28,JAX,QB,8,4,0,0,0,0,0.0,0,2,1,0,0,0.0,0.0,0.0,0.0,0.0,0.0,0,
1152,Gus Frerotte,36,STL,QB,8,3,0,0,0,0,0.0,0,3,2,-4,0,0.0,0.0,0.0,0.0,0.0,0.0,0,
1153,Ben Patrick,23,ARI,TE,8,3,0,0,0,0,0.0,0,0,0,0,0,0.0,1.0,1.0,0.0,0.0,0.0,0,
1154,Shantee Orr,26,2TM,LB,8,2,0,0,0,0,0.0,0,0,0,0,0,0.0,12.0,10.0,2.0,2.0,0.0,0,
1154,Shantee Orr,26,HOU,LB,5,2,0,0,0,0,0.0,0,0,0,0,0,0.0,8.0,6.0,2.0,2.0,0.0,0,
1154,Shantee Orr,26,JAX,LB,3,0,0,0,0,0,0.0,0,0,0,0,0,0.0,4.0,4.0,0.0,0.0,0.0,0,
1155,Mike Doss,26,MIN,DB,8,1,0,0,0,0,0.0,0,0,0,0,0,0.0,6.0,5.0,1.0,0.0,0.0,0,
1156,Fred Jackson,26,BUF,RB,8,1,0,0,0,0,0.0,0,0,2,0,0,0.0,0.0,0.0,0.0,0.0,0.0,0,
1157,Tank Johnson,26,DAL,DT,8,1,0,0,0,0,2.0,0,0,1,0,0,2.0,14.0,10.0,4.0,3.0,2.0,0,
1158,Simeon Rice,33,2TM,DE,8,1,0,0,0,0,2.0,0,0,0,0,0,1.0,8.0,6.0,2.0,2.0,2.0,0,
1158,Simeon Rice,33,DEN,DE,6,1,0,0,0,0,2.0,0,0,0,0,0,0.0,7.0,5.0,2.0,1.0,1.0,0,
1158,Simeon Rice,33,IND,DE,2,0,0,0,0,0,0.0,0,0,0,0,0,1.0,1.0,1.0,0.0,1.0,1.0,0,
1159,Pat Thomas,24,2TM,LB,8,1,0,0,0,0,0.0,0,0,0,0,0,0.0,12.0,8.0,4.0,0.0,0.0,0,
1159,Pat Thomas,24,JAX,LB,4,1,0,0,0,0,0.0,0,0,0,0,0,0.0,4.0,3.0,1.0,0.0,0.0,0,
1159,Pat Thomas,24,KAN,LB,4,0,0,0,0,0,0.0,0,0,0,0,0,0.0,8.0,5.0,3.0,0.0,0.0,0,
1160,Kimo von Oelhoffen,36,PHI,DT,8,1,0,0,0,0,1.0,0,0,0,0,0,0.0,2.0,1.0,1.0,0.0,0.0,0,
1161,Dexter Wynn,26,HOU,DB,8,1,0,0,0,0,4.0,0,0,0,0,0,0.0,9.0,7.0,2.0,1.0,0.0,0,
1162,David Anderson,24,HOU,WR,8,0,0,0,0,0,0.0,0,1,0,0,0,0.0,1.0,1.0,0.0,0.0,0.0,0,
1163,Mike Anderson,34,BAL,RB,8,0,0,0,0,0,0.0,0,2,0,0,0,0.0,3.0,3.0,0.0,0.0,0.0,0,
1164,Rashad Baker,25,NWE,DB,8,0,0,0,0,0,0.0,0,0,0,0,0,0.0,12.0,9.0,3.0,0.0,0.0,0,
1165,Eric Bassey,24,STL,DB,8,0,0,0,0,0,0.0,0,0,1,0,0,0.0,11.0,9.0,2.0,0.0,0.0,0,
1166,Courtney Brown,23,DAL,DB,8,0,0,0,0,0,0.0,0,0,1,0,0,0.0,6.0,4.0,2.0,0.0,0.0,0,
1167,Prescott Burgess,23,BAL,LB,8,0,0,0,0,0,0.0,0,0,0,0,0,0.0,4.0,3.0,1.0,0.0,0.0,0,
1168,Brannon Condren,24,IND,DB,8,0,0,0,0,0,0.0,0,0,0,0,0,0.0,6.0,4.0,2.0,1.0,1.0,0,
1169,Tony Hunt,22,PHI,RB,8,0,0,0,0,0,0.0,0,0,1,0,0,0.0,,,,,,0,
1170,Leon Joe,26,BUF,LB,8,0,0,0,0,0,0.0,0,0,0,0,0,0.0,4.0,3.0,1.0,0.0,0.0,0,
1171,Dan Klecko,26,IND,DT,8,0,0,0,0,0,0.0,0,0,0,0,0,1.0,6.0,4.0,2.0,1.0,3.0,0,
1172,Josh Mallard,28,DEN,DE,8,0,0,0,0,0,1.0,1,0,0,0,0,3.5,15.0,12.0,3.0,4.0,8.0,0,
1173,Evan Oglesby,26,DAL,DB,8,0,0,0,0,0,0.0,0,0,0,0,0,0.0,6.0,4.0,2.0,0.0,0.0,0,
1174,John Owens,27,NOR,TE,8,0,0,0,0,0,0.0,0,0,0,0,0,0.0,3.0,3.0,0.0,0.0,0.0,0,
1175,Paul Soliai,24,MIA,DT,8,0,0,0,0,0,0.0,0,0,0,0,0,0.0,4.0,4.0,0.0,0.0,0.0,0,
1176,Boone Stutz,25,SEA,LS,8,0,0,0,0,0,0.0,0,1,0,-26,0,0.0,,,,,,0,
1177,Courtney Taylor,23,SEA,WR,8,0,0,0,0,0,0.0,0,0,0,0,0,0.0,2.0,2.0,0.0,0.0,0.0,0,
1178,Tyson Thompson,26,DAL,RB,8,0,0,0,0,0,0.0,0,1,0,0,0,0.0,,,,,,0,
1179,Darius Vinnett,23,STL,DB,8,0,0,0,0,0,0.0,0,0,0,0,0,0.0,13.0,12.0,1.0,0.0,0.0,0,
1180,LeVar Woods,29,TEN,LB,8,0,0,0,0,0,0.0,0,0,0,0,0,0.0,4.0,4.0,0.0,0.0,0.0,0,
1181,Renaldo Hill,29,MIA,FS,7,7,1,24,0,24,2.0,1,0,0,0,0,0.0,32.0,26.0,6.0,1.0,0.0,0,
1182,Leonard Little,33,STL,LDE,7,7,0,0,0,0,0.0,1,0,0,0,0,1.0,22.0,19.0,3.0,2.0,4.0,0,
1183,Carlos Rogers,26,WAS,RCB,7,7,1,61,1,61,7.0,0,0,0,0,0,0.0,25.0,20.0,5.0,0.0,0.0,0,
1184,Alex Smith,23,SFO,QB,7,7,0,0,0,0,0.0,0,6,0,0,0,0.0,0.0,0.0,0.0,0.0,0.0,0,
1185,Jonathan Vilma,25,NYJ,LILB,7,7,1,1,0,1,4.0,1,0,0,0,0,0.0,42.0,31.0,11.0,0.0,1.0,0,
1186,Daunte Culpepper,30,OAK,QB,7,6,0,0,0,0,0.0,0,9,4,-7,0,0.0,0.0,0.0,0.0,0.0,0.0,0,
1187,Trent Dilfer,35,SFO,QB,7,6,0,0,0,0,0.0,0,8,6,-13,0,0.0,0.0,0.0,0.0,0.0,0.0,0,
1188,Brian Griese,32,CHI,QB,7,6,0,0,0,0,0.0,0,6,2,-4,0,0.0,0.0,0.0,0.0,0.0,0.0,0,
1189,Tommy Kelly,27,OAK,LDE,7,6,0,0,0,0,1.0,0,0,0,0,0,1.0,30.0,27.0,3.0,2.0,2.0,0,
1190,Vinny Testaverde,44,CAR,QB,7,6,0,0,0,0,0.0,0,3,1,0,0,0.0,0.0,0.0,0.0,0.0,0.0,0,
1191,Kyle Turley,32,KAN,RT,7,5,0,0,0,0,0.0,0,0,1,0,0,0.0,0.0,0.0,0.0,0.0,0.0,0,
1192,Chris Redman,30,ATL,QB,7,4,0,0,0,0,0.0,0,2,0,0,0,0.0,,,,,,0,
1193,Lance Schulters,32,MIA,DB,7,4,0,0,0,0,2.0,0,0,0,0,0,0.0,37.0,27.0,10.0,0.0,0.0,0,
1194,Ryan Denney,30,BUF,DE,7,2,0,0,0,0,0.0,0,0,1,0,0,1.0,27.0,21.0,6.0,3.0,1.0,0,
1195,Jake Grove,27,OAK,C,7,2,0,0,0,0,0.0,0,0,1,0,0,0.0,0.0,0.0,0.0,0.0,0.0,0,
1196,Justin Harrell,23,GNB,DT,7,2,0,0,0,0,0.0,0,0,0,0,0,0.0,16.0,10.0,6.0,1.0,0.0,0,
1197,Jerametrius Butler,29,BUF,DB,7,1,0,0,0,0,2.0,0,0,0,0,0,0.0,19.0,16.0,3.0,1.0,1.0,0,
1198,Patrick Dendy,25,CAR,DB,7,1,0,0,0,0,0.0,0,0,0,0,0,0.0,15.0,14.0,1.0,0.0,0.0,0,
1199,Dante Hall,29,STL,WR,7,1,0,0,0,0,0.0,0,2,1,0,0,0.0,1.0,1.0,0.0,0.0,0.0,0,
1200,Winston Justice,23,PHI,T,7,1,0,0,0,0,0.0,0,0,1,0,0,0.0,0.0,0.0,0.0,0.0,0.0,0,
1201,Eric Moore,26,STL,DE,7,1,0,0,0,0,0.0,0,0,0,0,0,1.0,9.0,7.0,2.0,2.0,4.0,0,
1202,Quentin Moses,24,MIA,DE,7,1,0,0,0,0,0.0,0,0,0,0,0,1.5,8.0,7.0,1.0,2.0,3.0,0,
1203,David Pittman,24,BAL,DB,7,1,2,21,0,29,3.0,0,1,0,0,0,0.0,10.0,9.0,1.0,0.0,0.0,0,
1204,Coy Wire,29,BUF,DB,7,1,0,0,0,0,0.0,0,0,0,0,0,0.0,4.0,3.0,1.0,0.0,1.0,0,
1205,Kenny Wright,30,CLE,DB,7,1,0,0,0,0,0.0,0,0,0,0,0,0.0,6.0,6.0,0.0,0.0,0.0,0,
1206,Michael Adams,22,ARI,DB,7,0,0,0,0,0,1.0,0,0,0,0,0,0.0,10.0,10.0,0.0,0.0,0.0,0,
1207,Ken Amato,30,TEN,LS,7,0,0,0,0,0,0.0,0,0,0,0,0,0.0,3.0,2.0,1.0,0.0,0.0,0,
1208,Remi Ayodele,24,DAL,DT,7,0,0,0,0,0,0.0,1,0,0,0,0,0.0,5.0,4.0,1.0,0.0,0.0,0,
1209,Colin Cole,27,GNB,DT,7,0,0,0,0,0,1.0,0,0,0,0,0,0.0,12.0,7.0,5.0,0.0,1.0,0,
1210,Mike DeVito,23,NYJ,DE,7,0,0,0,0,0,0.0,0,0,0,0,0,0.0,5.0,3.0,2.0,0.0,0.0,0,
1211,Adimchinobe Echemandu,27,HOU,RB,7,0,0,0,0,0,0.0,0,1,0,0,0,0.0,0.0,0.0,0.0,0.0,0.0,0,
1212,Alfred Fincher,24,NOR,LB,7,0,0,0,0,0,0.0,0,0,0,0,0,0.0,3.0,2.0,1.0,0.0,0.0,0,
1213,Roderick Green,25,SFO,LB,7,0,0,0,0,0,0.0,0,0,0,0,0,2.0,3.0,3.0,0.0,2.0,2.0,0,
1214,David Jones,22,CIN,DB,7,0,0,0,0,0,0.0,0,0,0,0,0,0.0,3.0,2.0,1.0,0.0,0.0,0,
1215,Hanik Milligan,28,STL,DB,7,0,0,0,0,0,0.0,0,0,1,0,0,0.0,3.0,3.0,0.0,0.0,0.0,0,
1216,Kenny Peterson,29,DEN,DE,7,0,0,0,0,0,2.0,0,0,0,0,0,1.0,10.0,8.0,2.0,2.0,3.0,0,
1217,Artose Pinner,29,ATL,RB,7,0,0,0,0,0,0.0,0,0,0,0,0,0.0,3.0,2.0,1.0,0.0,0.0,0,
1218,Montae Reagor,30,PHI,DT,7,0,0,0,0,0,0.0,0,0,0,0,0,1.0,2.0,2.0,0.0,1.0,1.0,0,
1219,Derreck Robinson,25,MIA,DE,7,0,0,0,0,0,0.0,0,0,0,0,0,0.0,5.0,4.0,1.0,1.0,0.0,0,
1220,Jeff Shoate,26,DEN,DB,7,0,0,0,0,0,0.0,0,0,0,0,0,0.0,8.0,6.0,2.0,1.0,1.0,0,
1221,Jason Snelling,24,ATL,RB,7,0,0,0,0,0,0.0,0,0,0,0,0,0.0,2.0,2.0,0.0,0.0,0.0,0,
1222,Micheal Spurlock,24,TAM,WR,7,0,0,0,0,0,0.0,0,0,0,0,0,0.0,2.0,2.0,0.0,0.0,0.0,0,
1223,Fred Thomas,34,NOR,DB,7,0,0,0,0,0,0.0,2,0,0,0,0,0.0,7.0,7.0,0.0,0.0,0.0,0,
1224,Pago Togafau,23,PHI,LB,7,0,0,0,0,0,0.0,0,0,0,0,0,0.0,5.0,5.0,0.0,0.0,0.0,0,
1225,Ryan Clark,28,PIT,FS,6,6,0,0,0,0,3.0,1,0,0,0,0,1.0,22.0,17.0,5.0,0.0,2.0,0,
1226,Chartric Darby,32,SEA,LDT,6,6,0,0,0,0,0.0,0,0,0,0,0,0.5,12.0,8.0,4.0,2.0,2.0,0,
1227,Steve McNair,34,BAL,QB,6,6,0,0,0,0,0.0,0,8,0,-3,0,0.0,0.0,0.0,0.0,0.0,0.0,0,
1228,Samari Rolle,31,BAL,RCB,6,5,1,0,0,0,4.0,0,0,0,0,0,0.0,22.0,21.0,1.0,1.0,0.0,0,
1229,David Carr,28,CAR,QB,6,4,0,0,0,0,0.0,0,1,2,-6,0,0.0,0.0,0.0,0.0,0.0,0.0,0,
1230,Ryan Kalil,22,CAR,C,6,3,0,0,0,0,,0,1,0,-24,0,0.0,,,,,,0,
1231,Sammy Morris,30,NWE,RB,6,2,0,0,0,0,0.0,0,0,0,0,0,0.0,1.0,0.0,1.0,0.0,0.0,0,
1232,Victor Abiamiri,21,PHI,DE,6,1,0,0,0,0,0.0,0,0,0,0,0,0.0,7.0,4.0,3.0,1.0,0.0,0,
1233,Kerry Collins,35,TEN,QB,6,1,0,0,0,0,0.0,0,1,0,0,0,0.0,,,,,,0,
1234,Tim Dwight,32,OAK,WR,6,1,0,0,0,0,0.0,0,2,1,0,0,0.0,0.0,0.0,0.0,0.0,0.0,0,
1235,Erasmus James,25,MIN,DE,6,1,0,0,0,0,0.0,0,0,0,0,0,1.0,7.0,5.0,2.0,3.0,2.0,0,
1236,Jarvis Moss,23,DEN,DE,6,1,0,0,0,0,0.0,1,0,0,0,0,1.0,12.0,9.0,3.0,1.0,0.0,0,
1237,Mike Williams,23,OAK,WR,6,1,0,0,0,0,0.0,0,1,0,0,0,0.0,,,,,,0,
1238,Ikaika Alama-Francis,23,DET,DE,6,0,0,0,0,0,0.0,0,0,0,0,0,0.0,12.0,7.0,5.0,0.0,0.0,0,
1239,Brandon Archer,24,IND,LB,6,0,0,0,0,0,0.0,0,0,0,0,0,0.0,14.0,12.0,2.0,0.0,0.0,0,
1240,Shawn Barber,32,HOU,LB,6,0,0,0,0,0,0.0,0,0,0,0,0,0.0,6.0,4.0,2.0,0.0,0.0,0,
1241,Rashad Barksdale,23,KAN,DB,6,0,0,0,0,0,0.0,0,0,0,0,0,0.0,8.0,8.0,0.0,0.0,0.0,0,
1242,Tony Beckham,29,DET,DB,6,0,0,0,0,0,1.0,0,0,0,0,0,0.0,5.0,3.0,2.0,0.0,0.0,0,
1243,Michael Bennett,29,KAN,RB,6,0,0,0,0,0,0.0,0,2,0,0,0,0.0,0.0,0.0,0.0,0.0,0.0,0,
1244,Shaun Bodiford,25,GNB,WR,6,0,0,0,0,0,0.0,0,0,0,0,0,0.0,1.0,1.0,0.0,0.0,0.0,0,
1245,Antwon Burton,24,DEN,DT,6,0,0,0,0,0,1.0,0,0,0,0,0,0.0,4.0,4.0,0.0,1.0,0.0,0,
1246,Matt Cassel,25,NWE,QB,6,0,0,0,0,0,0.0,0,1,1,-9,0,0.0,0.0,0.0,0.0,0.0,0.0,0,
1247,Michael Coe,24,IND,DB,6,0,0,0,0,0,1.0,0,0,1,0,0,0.0,12.0,10.0,2.0,1.0,0.0,0,
1248,Jarrod Cooper,29,OAK,DB,6,0,0,0,0,0,0.0,0,0,1,0,0,0.0,6.0,5.0,1.0,0.0,0.0,0,
1249,Curtis DeLoatch,26,CAR,DB,6,0,0,0,0,0,1.0,0,0,0,0,0,0.0,4.0,4.0,0.0,0.0,0.0,0,
1250,John Eubanks,24,WAS,DB,6,0,0,0,0,0,0.0,0,0,0,0,0,0.0,7.0,6.0,1.0,0.0,0.0,0,
1251,Dustin Fox,25,BUF,DB,6,0,0,0,0,0,0.0,0,0,0,0,0,0.0,2.0,2.0,0.0,0.0,0.0,0,
1252,Antonio Garay,28,CHI,DE,6,0,0,0,0,0,0.0,0,0,0,0,0,0.0,5.0,5.0,0.0,1.0,0.0,0,
1253,Kevin Hobbs,21,SEA,DB,6,0,0,0,0,0,1.0,1,0,0,0,0,0.0,7.0,5.0,2.0,0.0,0.0,0,
1254,Ade Jimoh,27,CHI,DB,6,0,0,0,0,0,0.0,0,0,0,0,0,0.0,2.0,2.0,0.0,0.0,0.0,0,
1255,Brandon Johnson,24,ARI,LB,6,0,0,0,0,0,0.0,0,0,0,0,0,0.0,2.0,2.0,0.0,0.0,0.0,0,
1256,David Macklin,29,WAS,DB,6,0,0,0,0,0,0.0,0,0,0,0,0,0.0,6.0,6.0,0.0,0.0,0.0,0,
1257,Fred McCrary,35,SEA,FB,6,0,0,0,0,0,0.0,0,0,0,0,0,0.0,1.0,1.0,0.0,0.0,0.0,0,
1258,Jeremy Mincey,24,JAX,DE,6,0,0,0,0,0,1.0,0,0,0,0,0,1.0,10.0,7.0,3.0,1.0,3.0,0,
1259,Chase Page,24,MIA,DT,6,0,0,0,0,0,0.0,0,0,0,0,0,0.0,5.0,4.0,1.0,0.0,0.0,0,
1260,Willie Reid,25,PIT,WR,6,0,0,0,0,0,0.0,0,1,0,0,0,0.0,,,,,,0,
1261,Ramzee Robinson,23,DET,DB,6,0,0,0,0,0,0.0,0,0,0,0,0,0.0,7.0,5.0,2.0,0.0,0.0,0,
1262,Cory Ross,25,BAL,RB,6,0,0,0,0,0,0.0,0,2,1,0,0,0.0,,,,,,0,
1263,Isaac Smolko,24,JAX,TE,6,0,0,0,0,0,0.0,0,0,0,0,0,0.0,1.0,1.0,0.0,0.0,0.0,0,
1264,Lamont Thompson,29,2TM,DB,6,0,0,0,0,0,0.0,0,0,0,0,0,0.0,10.0,9.0,1.0,0.0,0.0,0,
1264,Lamont Thompson,29,MIA,DB,3,0,0,0,0,0,0.0,0,0,0,0,0,0.0,1.0,1.0,0.0,0.0,0.0,0,
1264,Lamont Thompson,29,JAX,DB,3,0,0,0,0,0,0.0,0,0,0,0,0,0.0,9.0,8.0,1.0,0.0,0.0,0,
1265,Dave Tollefson,25,NYG,DE,6,0,0,0,0,0,0.0,0,0,0,0,0,0.0,4.0,2.0,2.0,0.0,0.0,0,
1266,Jason Trusnik,23,NYJ,DE,6,0,0,0,0,0,0.0,0,0,0,0,0,0.0,8.0,4.0,4.0,0.0,0.0,0,
1267,Jyles Tucker,24,SDG,LB,6,0,0,0,0,0,0.0,2,0,1,0,1,3.5,12.0,12.0,0.0,2.0,3.0,0,
1268,Travis Williams,24,ATL,LB,6,0,0,0,0,0,0.0,0,0,0,0,0,0.0,7.0,7.0,0.0,0.0,0.0,0,
1269,Manuel Wright,23,NYG,DT,6,0,0,0,0,0,0.0,0,0,0,0,0,0.0,2.0,1.0,1.0,0.0,0.0,0,
1270,Tatum Bell,26,DET,RB,5,5,0,0,0,0,0.0,0,1,0,0,0,0.0,0.0,0.0,0.0,0.0,0.0,0,
1271,Roderick Coleman,31,ATL,RDT,5,5,0,0,0,0,1.0,1,0,0,0,0,2.0,7.0,5.0,2.0,1.0,1.0,0,
1272,Trent Green,37,MIA,QB,5,5,0,0,0,0,0.0,0,2,1,-15,0,0.0,,,,,,0,
1273,Jonas Jennings,30,SFO,LT,5,5,0,0,0,0,,0,0,1,0,0,0.0,,,,,,0,
1274,Zach Thomas,34,MIA,MLB,5,5,0,0,0,0,2.0,0,0,0,0,0,1.0,52.0,42.0,10.0,2.0,1.0,0,
1275,John Beck,26,MIA,QB,5,4,0,0,0,0,0.0,0,7,0,-17,0,0.0,,,,,,0,
1276,Aaron Glenn,35,JAX,DB,5,4,1,28,1,28,1.0,0,0,0,0,0,0.0,15.0,13.0,2.0,1.0,0.0,0,
1277,Amon Gordon,26,2TM,DT,5,4,0,0,0,0,0.0,0,0,0,0,0,0.0,16.0,12.0,4.0,1.0,0.0,0,
1277,Amon Gordon,26,DEN,DT,4,4,0,0,0,0,0.0,0,0,0,0,0,0.0,13.0,10.0,3.0,1.0,0.0,0,
1277,Amon Gordon,26,BAL,DT,1,0,0,0,0,0,0.0,0,0,0,0,0,0.0,3.0,2.0,1.0,0.0,0.0,0,
1278,Luke McCown,26,TAM,QB,5,3,0,0,0,0,0.0,0,3,1,-2,0,0.0,,,,,,0,
1279,Lenny Walls,28,STL,DB,5,3,0,0,0,0,3.0,0,0,0,0,0,0.0,8.0,7.0,1.0,0.0,0.0,0,
1280,Hannibal Navies,30,SFO,LB,5,2,0,0,0,0,0.0,1,0,1,0,0,1.0,9.0,5.0,4.0,0.0,0.0,0,
1281,Trevor Pryce,32,BAL,DE,5,2,0,0,0,0,1.0,0,0,0,0,0,2.0,15.0,9.0,6.0,5.0,2.0,0,
1282,Daniel Wilcox,30,BAL,TE,5,2,0,0,0,0,0.0,0,0,0,0,0,0.0,2.0,1.0,1.0,0.0,0.0,0,
1283,Brooks Bollinger,28,MIN,QB,5,1,0,0,0,0,0.0,0,1,0,0,0,0.0,,,,,,0,
1284,Jerome Carter,25,STL,DB,5,1,0,0,0,0,0.0,0,0,0,0,0,0.0,2.0,2.0,0.0,0.0,0.0,0,
1285,Casey Cramer,25,TEN,RB-TE,5,1,0,0,0,0,0.0,0,0,0,0,0,0.0,3.0,3.0,0.0,0.0,0.0,0,
1286,Nate Jackson,28,DEN,WR,5,1,0,0,0,0,0.0,0,0,0,0,0,0.0,4.0,4.0,0.0,0.0,0.0,0,
1287,Rob Petitti,25,STL,T,5,1,0,0,0,0,,0,0,1,0,0,0.0,,,,,,0,
1288,Ted Washington,39,CLE,NT,5,1,0,0,0,0,0.0,0,0,0,0,0,0.0,6.0,5.0,1.0,0.0,0.0,0,
1289,Mike Bell,24,DEN,RB,5,0,0,0,0,0,0.0,0,1,0,0,0,0.0,2.0,1.0,1.0,0.0,0.0,0,
1290,Mitch Berger,35,ARI,P,5,0,0,0,0,0,0.0,0,1,1,-15,0,0.0,1.0,1.0,0.0,0.0,0.0,0,
1291,Brian Clark,24,2TM,WR,5,0,0,0,0,0,0.0,0,2,0,0,0,0.0,5.0,5.0,0.0,0.0,0.0,0,
1291,Brian Clark,24,DEN,WR,4,0,0,0,0,0,0.0,0,2,0,0,0,0.0,2.0,2.0,0.0,0.0,0.0,0,
1291,Brian Clark,24,TAM,WR,1,0,0,0,0,0,0.0,0,0,0,0,0,0.0,3.0,3.0,0.0,0.0,0.0,0,
1292,Sean Conover,23,TEN,DE,5,0,0,0,0,0,0.0,0,0,0,0,0,0.0,1.0,1.0,0.0,0.0,0.0,0,
1293,Dovonte Edwards,25,DET,DB,5,0,0,0,0,0,2.0,0,0,0,0,0,0.0,20.0,14.0,6.0,0.0,0.0,0,
1294,Howard Green,28,SEA,DT,5,0,0,0,0,0,0.0,0,0,0,0,0,0.0,7.0,4.0,3.0,0.0,0.0,0,
1295,LaMarcus Hicks,24,DET,DB,5,0,0,0,0,0,0.0,0,0,0,0,0,0.0,7.0,5.0,2.0,0.0,0.0,0,
1296,Jason Hill,22,SFO,WR,5,0,0,0,0,0,0.0,0,0,0,0,0,0.0,2.0,1.0,1.0,0.0,0.0,0,
1297,Kevin Huntley,25,ATL,DT,5,0,0,0,0,0,0.0,0,0,0,0,0,0.0,3.0,3.0,0.0,0.0,0.0,0,
1298,Roy Manning,26,CIN,LB,5,0,0,0,0,0,0.0,0,0,0,0,0,0.0,7.0,5.0,2.0,0.0,0.0,0,
1299,Grant Mason,24,PIT,DB,5,0,0,0,0,0,0.0,0,0,0,0,0,0.0,3.0,3.0,0.0,0.0,0.0,0,
1300,Marcus Maxwell,24,CIN,WR,5,0,0,0,0,0,0.0,0,0,0,0,0,0.0,2.0,2.0,0.0,0.0,0.0,0,
1301,Darrell McClover,26,CHI,LB,5,0,0,0,0,0,0.0,0,0,0,0,0,0.0,3.0,3.0,0.0,0.0,0.0,0,
1302,Brandon Middleton,26,DET,WR,5,0,0,0,0,0,0.0,0,0,0,0,0,0.0,1.0,1.0,0.0,0.0,0.0,0,
1303,Anthony Mix,24,WAS,WR,5,0,0,0,0,0,0.0,0,0,0,0,0,0.0,8.0,8.0,0.0,0.0,0.0,0,
1304,Lousaka Polite,26,CHI,RB,5,0,0,0,0,0,0.0,0,0,0,0,0,0.0,2.0,1.0,1.0,0.0,0.0,0,
1305,Derek Rackley,30,SEA,TE,5,0,0,0,0,0,0.0,0,0,0,0,0,0.0,2.0,1.0,1.0,0.0,0.0,0,
1306,Frostee Rucker,24,CIN,DE,5,0,0,0,0,0,0.0,1,0,1,0,0,0.0,8.0,7.0,1.0,1.0,0.0,0,
1307,Billy Volek,31,SDG,QB,5,0,0,0,0,0,0.0,0,1,0,-2,0,0.0,0.0,0.0,0.0,0.0,0.0,0,
1308,Matt Willis,23,BAL,WR,5,0,0,0,0,0,0.0,0,0,0,0,0,0.0,1.0,1.0,0.0,0.0,0.0,0,
1309,Ray Willis,25,SEA,T,5,0,0,0,0,0,0.0,0,1,0,0,0,0.0,,,,,,0,
1310,D'Anthony Batiste,25,ATL,T,4,4,0,0,0,0,0.0,0,0,1,0,0,0.0,0.0,0.0,0.0,0.0,0.0,0,
1311,Cadillac Williams,25,TAM,RB,4,4,0,0,0,0,0.0,0,2,0,0,0,0.0,,,,,,0,
1312,Todd Collins,36,WAS,QB,4,3,0,0,0,0,0.0,0,4,1,-2,0,0.0,0.0,0.0,0.0,0.0,0.0,0,
1313,Lemar Marshall,31,CIN,LB,4,3,0,0,0,0,1.0,1,0,0,0,0,1.0,9.0,6.0,3.0,1.0,4.0,1,
1314,Willie Gaston,25,BAL,DB,4,2,0,0,0,0,1.0,0,0,0,0,0,0.0,8.0,8.0,0.0,0.0,0.0,0,
1315,Troy Smith,23,BAL,QB,4,2,0,0,0,0,0.0,0,3,1,-3,0,0.0,0.0,0.0,0.0,0.0,0.0,0,
1316,Nathan Vasher,26,CHI,DB,4,2,1,34,0,34,2.0,0,0,0,0,0,1.0,8.0,7.0,1.0,1.0,1.0,0,
1317,Marques Hagans,25,STL,WR,4,1,0,0,0,0,0.0,0,2,0,0,0,0.0,0.0,0.0,0.0,0.0,0.0,0,
1318,JaMarcus Russell,22,OAK,QB,4,1,0,0,0,0,0.0,0,4,1,-8,0,0.0,,,,,,0,
1319,Greg Blue,25,DET,DB,4,0,0,0,0,0,1.0,0,0,1,0,0,0.0,9.0,6.0,3.0,0.0,0.0,0,
1320,Marquis Cooper,25,2TM,LB,4,0,0,0,0,0,0.0,0,0,0,0,0,0.0,3.0,3.0,0.0,0.0,0.0,0,
1320,Marquis Cooper,25,JAX,LB,1,0,0,0,0,0,0.0,0,0,0,0,0,0.0,1.0,1.0,0.0,0.0,0.0,0,
1320,Marquis Cooper,25,PIT,LB,3,0,0,0,0,0,0.0,0,0,0,0,0,0.0,2.0,2.0,0.0,0.0,0.0,0,
1321,Torrie Cox,27,TAM,DB,4,0,0,0,0,0,0.0,0,0,0,0,0,0.0,6.0,6.0,0.0,0.0,0.0,0,
1322,Torrance Daniels,26,NYG,LB,4,0,0,0,0,0,0.0,0,0,0,0,0,0.0,1.0,0.0,1.0,0.0,0.0,0,
1323,Biren Ealy,23,TEN,WR,4,0,0,0,0,0,0.0,0,0,0,0,0,0.0,3.0,2.0,1.0,0.0,0.0,0,
1324,Josh Gattis,23,CHI,DB,4,0,0,0,0,0,0.0,0,0,0,0,0,0.0,1.0,1.0,0.0,0.0,0.0,0,
1325,Nick Goings,29,CAR,RB,4,0,0,0,0,0,0.0,0,1,0,0,0,0.0,2.0,2.0,0.0,0.0,0.0,0,
1326,Otis Grigsby,27,MIN,DE,4,0,0,0,0,0,0.0,0,0,0,0,0,1.0,1.0,1.0,0.0,0.0,2.0,0,
1327,Gilbert Harris,23,KAN,RB,4,0,0,0,0,0,0.0,0,1,0,0,0,0.0,,,,,,0,
1328,Steven Harris,23,DEN,DT,4,0,0,0,0,0,0.0,0,0,1,0,0,0.0,5.0,2.0,3.0,0.0,0.0,0,
1329,Keith Heinrich,28,TAM,TE,4,0,0,0,0,0,0.0,0,0,0,0,0,0.0,1.0,1.0,0.0,0.0,0.0,0,
1330,Kelly Herndon,31,TEN,DB,4,0,0,0,0,0,0.0,0,0,0,0,0,0.0,4.0,4.0,0.0,1.0,0.0,0,
1331,Edgar Jones,23,BAL,DE,4,0,0,0,0,0,0.0,0,0,0,0,0,1.0,3.0,2.0,1.0,0.0,1.0,0,
1332,Tony McDaniel,22,JAX,DT,4,0,0,0,0,0,0.0,0,0,0,0,0,0.0,5.0,5.0,0.0,0.0,0.0,0,
1333,Rob Ninkovich,23,MIA,DE,4,0,0,0,0,0,0.0,0,0,0,0,0,0.0,2.0,1.0,1.0,0.0,0.0,0,
1334,J.T. O'Sullivan,28,DET,QB,4,0,0,0,0,0,0.0,0,3,1,-4,0,0.0,,,,,,0,
1335,Jereme Perry,26,MIA,DB,4,0,0,0,0,0,0.0,0,0,0,0,0,0.0,3.0,2.0,1.0,0.0,0.0,0,
1336,Keiwan Ratliff,26,2TM,DB,4,0,0,0,0,0,0.0,0,0,0,0,0,0.0,3.0,3.0,0.0,0.0,0.0,0,
1336,Keiwan Ratliff,26,CIN,DB,3,0,0,0,0,0,0.0,0,0,0,0,0,0.0,1.0,1.0,0.0,0.0,0.0,0,
1336,Keiwan Ratliff,26,IND,DB,1,0,0,0,0,0,0.0,0,0,0,0,0,0.0,2.0,2.0,0.0,0.0,0.0,0,
1337,Tim Rattay,30,ARI,QB,4,0,0,0,0,0,0.0,0,2,2,-1,0,0.0,0.0,0.0,0.0,0.0,0.0,0,
1338,James Reed,30,KAN,DT,4,0,0,0,0,0,0.0,0,0,0,0,0,0.0,3.0,3.0,0.0,1.0,1.0,0,
1339,Josh Scobey,28,SEA,RB,4,0,0,0,0,0,0.0,0,0,0,0,0,0.0,5.0,5.0,0.0,1.0,0.0,1,
1340,Darrion Scott,26,MIN,DE,4,0,0,0,0,0,0.0,0,0,0,0,0,0.0,1.0,1.0,0.0,0.0,0.0,0,
1341,Corey Simon,30,TEN,DT,4,0,0,0,0,0,0.0,0,0,0,0,0,0.0,1.0,0.0,1.0,0.0,0.0,0,
1342,Matt Sinclair,25,WAS,LB,4,0,0,0,0,0,0.0,0,0,0,0,0,0.0,2.0,2.0,0.0,0.0,0.0,0,
1343,Raonall Smith,29,STL,LB,4,0,0,0,0,0,0.0,0,0,0,0,0,0.0,2.0,2.0,0.0,0.0,1.0,0,
1344,Santonio Thomas,26,NWE,DT,4,0,0,0,0,0,0.0,0,0,0,0,0,0.0,3.0,2.0,1.0,0.0,0.0,0,
1345,Kevin Vickerson,24,TEN,DT,4,0,0,0,0,0,0.0,0,0,0,0,0,0.0,3.0,1.0,2.0,0.0,1.0,0,
1346,B.J. Ward,26,OAK,DB,4,0,0,0,0,0,0.0,0,0,0,0,0,0.0,2.0,2.0,0.0,0.0,0.0,0,
1347,C.J. Wilson,22,CAR,DB,4,0,0,0,0,0,0.0,0,0,0,0,0,0.0,5.0,4.0,1.0,0.0,0.0,0,
1348,Jake Delhomme,32,CAR,QB,3,3,0,0,0,0,0.0,0,1,1,0,0,0.0,0.0,0.0,0.0,0.0,0.0,0,
1349,Kelly Holcomb,34,MIN,QB,3,3,0,0,0,0,0.0,0,1,0,0,0,0.0,,,,,,0,
1350,Deuce McAllister,29,NOR,RB,3,3,0,0,0,0,0.0,0,1,0,0,0,0.0,0.0,0.0,0.0,0.0,0.0,0,
1351,Dan Morgan,29,CAR,LB,3,3,0,0,0,0,1.0,0,0,0,0,0,0.0,22.0,16.0,6.0,1.0,0.0,0,
1352,Kyle Orton,25,CHI,QB,3,3,0,0,0,0,0.0,0,2,2,-5,0,0.0,0.0,0.0,0.0,0.0,0.0,0,
1353,Paul Posluszny,23,BUF,LB,3,3,0,0,0,0,0.0,0,0,0,0,0,0.0,26.0,17.0,9.0,0.0,0.0,0,
1354,Donovin Darius,32,MIA,DB,3,2,0,0,0,0,0.0,0,0,0,0,0,0.0,13.0,13.0,0.0,0.0,0.0,0,
1355,A.J. Feeley,30,PHI,QB,3,2,0,0,0,0,0.0,0,1,1,0,0,0.0,0.0,0.0,0.0,0.0,0.0,0,
1356,Shaun Hill,27,SFO,QB,3,2,0,0,0,0,0.0,0,3,2,0,0,0.0,0.0,0.0,0.0,0.0,0.0,0,
1357,Charles Johnson,21,CAR,DE,3,2,0,0,0,0,0.0,0,0,0,0,0,0.0,2.0,1.0,1.0,1.0,0.0,0,
1358,Byron Leftwich,27,ATL,QB,3,2,0,0,0,0,0.0,0,6,0,-11,0,0.0,0.0,0.0,0.0,0.0,0.0,0,
1359,Caleb Miller,27,CIN,LB,3,1,0,0,0,0,3.0,0,0,0,0,0,0.0,12.0,11.0,1.0,0.0,1.0,0,
1360,Kevin Payne,24,CHI,DB,3,1,0,0,0,0,0.0,0,0,0,0,0,0.0,2.0,1.0,1.0,0.0,0.0,0,
1361,Travares Tillman,30,MIA,DB,3,1,0,0,0,0,2.0,0,0,0,0,0,0.0,11.0,6.0,5.0,0.0,0.0,0,
1362,Jeremiah Trotter,30,TAM,LB,3,1,0,0,0,0,0.0,0,0,0,0,0,0.0,13.0,9.0,4.0,0.0,1.0,0,
1363,Keith Adams,28,CLE,LB,3,0,0,0,0,0,0.0,0,0,0,0,0,0.0,1.0,1.0,0.0,0.0,0.0,0,
1364,Colin Allred,24,TEN,LB,3,0,0,0,0,0,0.0,0,0,0,0,0,0.0,3.0,3.0,0.0,0.0,0.0,0,
1365,Johnny Baldwin,23,KAN,LB,3,0,0,0,0,0,0.0,0,0,0,0,0,0.0,3.0,2.0,1.0,0.0,0.0,0,
1366,Jay Bellamy,35,NOR,DB,3,0,0,0,0,0,0.0,0,0,0,0,0,0.0,1.0,1.0,0.0,0.0,0.0,0,
1367,McKinley Boykin,24,NOR,DT,3,0,0,0,0,0,0.0,0,0,0,0,0,0.0,10.0,7.0,3.0,1.0,0.0,0,
1368,Ricardo Colclough,24,PIT,DB,3,0,0,0,0,0,0.0,0,0,0,0,0,0.0,1.0,1.0,0.0,0.0,0.0,0,
1369,Blake Costanzo,23,BUF,LB,3,0,0,0,0,0,0.0,0,0,0,0,0,0.0,6.0,6.0,0.0,0.0,0.0,0,
1370,Samkon Gado,25,HOU,RB,3,0,0,0,0,0,0.0,0,1,0,0,0,0.0,,,,,,0,
1371,Roy Hall,24,IND,WR,3,0,0,0,0,0,0.0,0,0,0,0,0,0.0,2.0,2.0,0.0,0.0,0.0,0,
1372,Eddie Jackson,27,NWE,DB,3,0,0,0,0,0,0.0,0,0,0,0,0,0.0,2.0,2.0,0.0,0.0,0.0,0,
1373,Jimmy Kennedy,28,CHI,DT,3,0,0,0,0,0,0.0,0,0,0,0,0,0.0,2.0,0.0,2.0,0.0,0.0,0,
1374,Jim Maxwell,26,CIN,LB,3,0,0,0,0,0,0.0,0,0,0,0,0,0.0,3.0,0.0,3.0,0.0,0.0,0,
1375,Daniel Muir,24,GNB,DT,3,0,0,0,0,0,0.0,0,0,0,0,0,0.0,4.0,4.0,0.0,0.0,2.0,0,
1376,Marcus Paschal,23,PHI,DB,3,0,0,0,0,0,0.0,0,0,0,0,0,0.0,1.0,0.0,1.0,0.0,0.0,0,
1377,Alvin Pearman,25,SEA,RB,3,0,0,0,0,0,0.0,0,0,0,0,0,0.0,4.0,3.0,1.0,0.0,0.0,0,
1378,Sabby Piscitelli,24,TAM,S,3,0,0,0,0,0,0.0,0,0,0,0,0,0.0,3.0,2.0,1.0,0.0,0.0,0,
1379,Nick Roach,22,CHI,LB,3,0,0,0,0,0,0.0,0,0,0,0,0,0.0,3.0,3.0,0.0,0.0,0.0,0,
1380,Gary Russell,21,PIT,RB,3,0,0,0,0,0,0.0,0,0,0,0,0,0.0,1.0,1.0,0.0,0.0,0.0,0,
1381,Derek Stanley,22,STL,WR,3,0,0,0,0,0,0.0,0,1,0,0,0,0.0,1.0,1.0,0.0,0.0,0.0,0,
1382,Omar Stoutmire,33,WAS,DB,3,0,0,0,0,0,0.0,0,0,0,0,0,0.0,1.0,0.0,1.0,0.0,0.0,0,
1383,Matt Toeaina,23,CHI,DT,3,0,0,0,0,0,0.0,0,0,0,0,0,0.0,6.0,5.0,1.0,2.0,0.0,0,
1384,Demetrin Veal,26,TEN,DE,3,0,0,0,0,0,0.0,0,0,0,0,0,0.0,6.0,3.0,3.0,0.0,1.0,0,
1385,Mark Washington,22,MIA,LB,3,0,0,0,0,0,0.0,0,0,0,0,0,0.0,1.0,1.0,0.0,0.0,0.0,0,
1386,Victor Worsley,23,IND,LB,3,0,0,0,0,0,0.0,0,0,0,0,0,0.0,2.0,0.0,2.0,0.0,0.0,0,
1387,Ahmad Brooks,23,CIN,LB,2,2,0,0,0,0,0.0,1,0,0,0,0,1.0,6.0,5.0,1.0,0.0,1.0,0,
1388,Manny Lawson,23,SFO,LB,2,2,0,0,0,0,1.0,0,0,0,0,0,0.0,11.0,8.0,3.0,2.0,0.0,0,
1389,Rob Morris,32,IND,LB,2,2,0,0,0,0,0.0,0,0,0,0,0,0.0,13.0,12.0,1.0,1.0,0.0,0,
1390,Gerald Sensabaugh,24,JAX,DB,2,2,0,0,0,0,0.0,0,0,1,0,0,0.0,3.0,3.0,0.0,0.0,0.0,0,
1391,Tab Perry,25,CIN,WR,2,1,0,0,0,0,0.0,0,1,0,0,0,0.0,1.0,0.0,1.0,0.0,0.0,0,
1392,Alan Ball,22,DAL,DB,2,0,0,0,0,0,0.0,0,0,0,0,0,0.0,3.0,3.0,0.0,0.0,0.0,0,
1393,Conrad Bolston,22,2TM,DT,2,0,0,0,0,0,0.0,0,0,0,0,0,0.0,3.0,1.0,2.0,0.0,0.0,0,
1393,Conrad Bolston,22,MIN,DT,1,0,0,0,0,0,0.0,0,0,0,0,0,0.0,1.0,1.0,0.0,0.0,0.0,0,
1393,Conrad Bolston,22,GNB,DT,1,0,0,0,0,0,0.0,0,0,0,0,0,0.0,2.0,0.0,2.0,0.0,0.0,0,
1394,John Bowie,23,OAK,DB,2,0,0,0,0,0,0.0,0,0,0,0,0,0.0,1.0,1.0,0.0,0.0,0.0,0,
1395,Chad Brown,37,NWE,LB,2,0,0,0,0,0,0.0,0,0,0,0,0,0.0,2.0,1.0,1.0,0.0,0.0,0,
1396,Tim Bulman,25,HOU,DT,2,0,0,0,0,0,0.0,0,0,0,0,0,0.0,2.0,2.0,0.0,0.0,1.0,0,
1397,Jorge Cordova,26,TEN,LB,2,0,0,0,0,0,0.0,0,0,0,0,0,0.0,1.0,1.0,0.0,0.0,0.0,0,
1398,Brent Grimes,24,ATL,DB,2,0,0,0,0,0,0.0,0,0,0,0,0,0.0,12.0,11.0,1.0,0.0,0.0,0,
1399,Dennis Haley,25,BAL,LB,2,0,0,0,0,0,0.0,0,0,0,0,0,0.0,1.0,1.0,0.0,0.0,0.0,0,
1400,David Herron,23,MIN,LB,2,0,0,0,0,0,0.0,0,0,0,0,0,0.0,1.0,1.0,0.0,0.0,0.0,0,
1401,Cedric Killings,30,HOU,DT,2,0,0,0,0,0,0.0,0,0,0,0,0,0.0,1.0,1.0,0.0,0.0,0.0,0,
1402,Robert McCune,28,BAL,LB,2,0,0,0,0,0,0.0,0,0,0,0,0,0.0,4.0,4.0,0.0,0.0,0.0,0,
1403,Justin Miller,23,NYJ,DB,2,0,0,0,0,0,0.0,0,1,0,0,0,0.0,2.0,1.0,1.0,0.0,0.0,0,
1404,Patrick Ramsey,28,DEN,QB,2,0,0,0,0,0,0.0,0,2,1,0,0,0.0,0.0,0.0,0.0,0.0,0.0,0,
1405,Bo Schobel,26,ARI,DE,2,0,0,0,0,0,0.0,0,0,0,0,0,0.0,2.0,2.0,0.0,0.0,0.0,0,
1406,Dante Wesley,28,CAR,DB,2,0,0,0,0,0,0.0,0,0,0,0,0,0.0,2.0,2.0,0.0,0.0,0.0,0,
1407,Harry Williams,25,HOU,WR,2,0,0,0,0,0,0.0,0,0,0,0,0,0.0,2.0,2.0,0.0,0.0,0.0,0,
1408,Yeremiah Bell,29,MIA,DB,1,1,0,0,0,0,0.0,0,0,0,0,0,0.0,5.0,4.0,1.0,0.0,0.0,0,
1409,Brock Berlin,26,STL,QB,1,1,0,0,0,0,0.0,0,2,0,-3,0,0.0,0.0,0.0,0.0,0.0,0.0,0,
1410,Mike Brown,29,CHI,DB,1,1,1,27,0,27,2.0,0,0,1,0,0,0.0,4.0,2.0,2.0,0.0,0.0,0,
1411,Dusty Dvoracek,26,CHI,DT,1,1,0,0,0,0,0.0,0,0,0,0,0,0.0,2.0,1.0,1.0,1.0,0.0,0,
1412,Kevin Everett,25,BUF,TE,1,1,0,0,0,0,0.0,0,0,0,0,0,0.0,1.0,1.0,0.0,0.0,0.0,0,
1413,Jason Ferguson,33,DAL,NT,1,1,0,0,0,0,0.0,0,0,0,0,0,0.0,1.0,0.0,1.0,0.0,0.0,0,
1414,Bobby Hamilton,36,CLE,DE,1,1,0,0,0,0,0.0,0,0,0,0,0,0.0,1.0,1.0,0.0,0.0,0.0,0,
1415,Jason Simmons,31,HOU,DB,1,1,0,0,0,0,1.0,0,0,0,0,0,0.0,1.0,1.0,0.0,1.0,0.0,0,
1416,Ko Simpson,24,BUF,DB,1,1,0,0,0,0,0.0,0,0,0,0,0,0.0,1.0,1.0,0.0,0.0,0.0,0,
1417,Jason Webster,30,BUF,DB,1,1,0,0,0,0,1.0,0,0,0,0,0,0.0,3.0,2.0,1.0,0.0,0.0,0,
1418,Colby Bockwoldt,26,CLE,LB,1,0,0,0,0,0,0.0,0,0,0,0,0,0.0,2.0,2.0,0.0,0.0,0.0,0,
1419,Troy Brown,36,NWE,WR,1,0,0,0,0,0,0.0,0,1,0,0,0,0.0,,,,,,0,
1420,Gary Gibson,25,CAR,DT,1,0,0,0,0,0,0.0,0,0,0,0,0,0.0,1.0,1.0,0.0,0.0,0.0,0,
1421,Verron Haynes,28,PIT,RB,1,0,0,0,0,0,0.0,0,0,0,0,0,0.0,1.0,1.0,0.0,0.0,0.0,0,
1422,Chidi Iwuoma,29,TEN,DB,1,0,0,0,0,0,0.0,0,0,0,0,0,0.0,2.0,2.0,0.0,0.0,0.0,0,
1423,Dirk Johnson,32,CHI,P,1,0,0,0,0,0,0.0,0,0,0,0,0,0.0,1.0,1.0,0.0,0.0,0.0,0,
1424,Kyle Johnson,29,DEN,RB,1,0,0,0,0,0,0.0,0,0,0,0,0,0.0,2.0,2.0,0.0,0.0,0.0,0,
1425,Kevin Kolb,23,PHI,QB,1,0,0,0,0,0,0.0,0,1,0,0,0,0.0,,,,,,0,
1426,Rashad Moore,28,NWE,DT,1,0,0,0,0,0,0.0,0,0,0,0,0,0.0,1.0,1.0,0.0,0.0,1.0,0,
1427,Craig Nall,28,GNB,QB,1,0,0,0,0,0,0.0,0,2,1,-3,0,0.0,0.0,0.0,0.0,0.0,0.0,0,
1428,Chad Owens,25,JAX,WR,1,0,0,0,0,0,0.0,0,1,0,0,0,0.0,2.0,2.0,0.0,0.0,0.0,0,
1429,Patrick Pass,29,NYG,FB,1,0,0,0,0,0,0.0,0,0,0,0,0,0.0,1.0,0.0,1.0,0.0,0.0,0,
1430,Dave Rayner,25,SDG,K,1,0,0,0,0,0,0.0,0,0,0,0,0,0.0,1.0,1.0,0.0,,,0,
1431,Josh Shaw,28,OAK,DT,1,0,0,0,0,0,0.0,0,0,0,0,0,0.0,2.0,1.0,1.0,0.0,0.0,0,
1432,Antwain Spann,24,NWE,DB,1,0,0,0,0,0,0.0,0,0,0,0,0,0.0,1.0,1.0,0.0,0.0,0.0,0,
1433,Danny Ware,22,NYG,RB,1,0,0,0,0,0,0.0,0,0,0,0,0,0.0,1.0,1.0,0.0,0.0,0.0,0,
1434,Ricky Williams,30,MIA,RB,1,0,0,0,0,0,0.0,0,1,0,0,0,0.0,,,,,,0,
