Unnamed: 0_level_0,Unnamed: 1_level_0,Unnamed: 2_level_0,Unnamed: 3_level_0,Unnamed: 4_level_0,Unnamed: 5_level_0,Unnamed: 6_level_0,Def Interceptions,Def Interceptions,Def Interceptions,Def Interceptions,Def Interceptions,Fumbles,Fumbles,Fumbles,Fumbles,Fumbles,Unnamed: 17_level_0,Tackles,Tackles,Tackles,Tackles,Tackles,Unnamed: 23_level_0,Unnamed: 24_level_0
Rk,Player,Age,Team,Pos,G,GS,Int,Yds,IntTD,Lng,PD,FF,Fmb,FR,Yds,FRTD,Sk,Comb,Solo,Ast,TFL,QBHits,Sfty,Awards
1,Husain Abdullah,29,KAN,FS,16,16,1,39,1,39,8,0,0,0,0,0,0.0,71,58,13,2.0,5.0,0,
2,Mike Adams,33,IND,SS,16,16,5,24,0,10,11,2,0,2,0,0,0.0,87,67,20,1.0,1.0,0,PB
3,Ezekiel Ansah,25,DET,LDE,16,16,0,0,0,0,0,3,0,0,0,0,7.5,49,37,12,13.0,26.0,0,
4,Geno Atkins,26,CIN,RDT,16,16,0,0,0,0,1,1,0,0,0,0,3.0,34,20,14,8.0,9.0,1,PB
5,Cliff Avril,28,SEA,RDE,16,16,0,0,0,0,2,1,0,1,0,0,5.0,22,15,7,6.0,19.0,0,
6,David Bakhtiari,23,GNB,LT,16,16,0,0,0,0,0,0,0,0,0,0,0.0,1,1,0,0.0,0.0,0,
7,Connor Barwin,28,PHI,LOLB,16,16,0,0,0,0,5,2,0,0,0,0,14.5,64,47,17,15.0,21.0,0,"PB,AP-2"
8,Michael Bennett,29,SEA,LDE,16,16,0,0,0,0,0,1,0,0,0,0,7.0,38,26,12,14.0,19.0,0,
9,Antoine Bethea,30,SFO,SS,16,16,4,71,1,49,10,1,0,0,0,0,1.0,86,72,14,4.0,1.0,0,PB
10,Joel Bitonio,23,CLE,LG,16,16,0,0,0,0,0,0,0,0,0,0,0.0,1,1,0,0.0,0.0,0,
11,Clint Boling,25,CIN,LG,16,16,0,0,0,0,0,0,0,2,0,0,0.0,0,0,0,0.0,0.0,0,
12,Tom Brady,37,NWE,QB,16,16,0,0,0,0,0,0,6,1,-4,0,0.0,0,0,0,0.0,0.0,0,"PB,AP MVP-5"
13,Drew Brees,35,NOR,QB,16,16,0,0,0,0,0,0,7,4,-22,0,0.0,0,0,0,0.0,0.0,0,PB
14,Justin Britt,23,SEA,RT,16,16,0,0,0,0,0,0,0,1,0,0,0.0,0,0,0,0.0,0.0,0,
15,Michael Brockers,24,STL,RDT,16,16,0,0,0,0,1,0,0,1,0,0,2.0,32,24,8,5.0,4.0,0,
16,Antonio Brown,26,PIT,WR,16,16,0,0,0,0,0,0,2,0,0,0,0.0,1,1,0,0.0,0.0,0,"PB,AP-1,AP OPoY-3"
17,Red Bryant,30,JAX,LDE,16,16,0,0,0,0,0,1,0,0,0,0,1.0,23,15,8,2.0,2.0,0,
18,Miles Burris,26,OAK,MLB,16,16,0,0,0,0,1,0,0,0,0,0,0.0,109,76,33,4.0,1.0,0,
19,Brandon Carr,28,DAL,LCB,16,16,0,0,0,0,7,0,0,1,0,0,1.0,54,45,9,2.0,3.0,0,
20,Derek Carr,23,OAK,QB,16,16,0,0,0,0,0,0,10,4,-30,0,0.0,0,0,0,0.0,0.0,0,
21,Jurrell Casey,25,TEN,RDE,16,16,0,0,0,0,0,0,0,0,0,0,5.0,68,46,22,13.0,18.0,0,
22,Chris Chester,31,WAS,RG,16,16,0,0,0,0,0,0,0,1,0,0,0.0,0,0,0,0.0,0.0,0,
23,Barry Church,26,DAL,SS,16,16,2,49,0,45,6,2,0,1,-1,0,0.0,97,77,20,2.0,0.0,0,
24,Ryan Clady,28,DEN,LT,16,16,0,0,0,0,0,0,0,1,-2,0,0.0,0,0,0,0.0,0.0,0,PB
25,Chris Clemons,33,JAX,RDE,16,16,0,0,0,0,3,4,0,1,0,0,8.0,36,27,9,6.0,10.0,0,
26,Randall Cobb,24,GNB,WR,16,16,0,0,0,0,0,0,3,1,0,0,0.0,0,0,0,0.0,0.0,0,PB
27,Riley Cooper,27,PHI,WR,16,16,0,0,0,0,0,0,1,0,0,0,0.0,0,0,0,0.0,0.0,0,
28,Fletcher Cox,24,PHI,LDE,16,16,0,0,0,0,0,1,0,3,21,1,4.0,61,48,13,8.0,7.0,0,AP-2
29,Antonio Cromartie,30,ARI,RCB,16,16,3,65,0,40,10,0,0,1,14,1,0.0,49,44,5,3.0,0.0,0,PB
30,Andy Dalton,27,CIN,QB,16,16,0,0,0,0,0,0,3,1,-5,0,0.0,0,0,0,0.0,0.0,0,PB
31,Mike Daniels,25,GNB,RDE,16,16,0,0,0,0,0,0,0,0,0,0,5.5,41,29,12,8.0,17.0,0,
32,Demario Davis,25,NYJ,LILB,16,16,0,0,0,0,5,0,0,2,0,0,3.5,116,79,37,5.0,5.0,0,
33,Demar Dotson,29,TAM,RT,16,16,0,0,0,0,0,0,0,1,0,0,0.0,0,0,0,0.0,0.0,0,
34,Carlos Dunlap,25,CIN,LDE,16,16,0,0,0,0,5,2,0,1,0,0,8.0,66,40,26,16.0,28.0,0,
35,Jahri Evans,31,NOR,RG,16,16,0,0,0,0,0,0,0,1,0,0,0.0,0,0,0,0.0,0.0,0,PB
36,Joe Flacco,29,BAL,QB,16,16,0,0,0,0,0,0,5,3,-5,0,0.0,0,0,0,0.0,0.0,0,
37,Matt Forte,29,CHI,RB,16,16,0,0,0,0,0,0,2,0,0,0,0.0,0,0,0,0.0,0.0,0,
38,Wallace Gilberry,30,CIN,RDE,16,16,0,0,0,0,2,0,0,1,0,0,1.5,48,19,29,4.0,13.0,0,
39,Marcus Gilchrist,26,SDG,SS,16,16,1,4,0,4,5,2,0,0,0,0,1.0,76,59,17,7.0,1.0,0,
40,Frank Gore,31,SFO,RB,16,16,0,0,0,0,0,0,2,0,0,0,0.0,0,0,0,,,0,
41,Everson Griffen,27,MIN,RDE,16,16,0,0,0,0,3,1,0,0,0,0,12.0,58,41,17,14.0,24.0,0,
42,Michael Griffin,29,TEN,FS,16,16,2,12,0,12,5,0,0,0,0,0,3.0,112,85,27,6.0,3.0,0,
43,Brent Grimes,31,MIA,LCB,16,16,5,80,1,32,12,1,0,0,0,0,0.0,57,47,10,1.0,0.0,0,"PB,AP-2"
44,Letroy Guion,27,GNB,NT,16,16,0,0,0,0,1,1,0,0,0,0,3.5,32,21,11,8.0,9.0,0,
45,Tamba Hali,31,KAN,ROLB,16,16,0,0,0,0,0,3,0,1,0,0,6.0,59,47,12,7.0,11.0,0,PB
46,Johnathan Hankins,22,NYG,RDT,16,16,0,0,0,0,3,1,0,0,0,0,7.0,51,30,21,8.0,12.0,0,
47,Roman Harper,32,CAR,SS,16,16,4,43,1,31,10,1,0,0,0,0,1.0,62,39,23,0.0,1.0,0,
48,Chris Harris Jr.,25,DEN,RCB,16,16,3,52,0,38,17,1,0,1,0,0,1.0,55,51,4,5.0,1.0,0,"PB,AP-2,AP CPoY-4"
49,David Harris,30,NYJ,RILB,16,16,0,0,0,0,3,2,0,0,0,0,5.5,123,71,52,6.0,6.0,0,
50,Damon Harrison,26,NYJ,NT,16,16,0,0,0,0,0,0,0,0,0,0,0.0,55,30,25,0.0,2.0,0,
51,Brian Hartline,28,MIA,WR,16,16,0,0,0,0,0,0,1,0,0,0,0.0,0,0,0,0.0,0.0,0,
52,Nick Hayden,28,DAL,LDT,16,16,0,0,0,0,1,0,0,0,0,0,0.0,38,17,21,2.0,4.0,0,
53,Seantrel Henderson,22,BUF,RT,16,16,0,0,0,0,0,0,0,1,0,0,0.0,0,0,0,0.0,0.0,0,
54,Cameron Heyward,25,PIT,LDE,16,16,0,0,0,0,4,0,0,0,0,0,7.5,53,33,20,11.0,16.0,0,
55,DeAndre Hopkins,22,HOU,WR,16,16,0,0,0,0,0,0,2,2,0,0,0.0,0,0,0,0.0,0.0,0,
56,Justin Houston,25,KAN,LOLB,16,16,0,0,0,0,5,4,0,0,0,0,22.0,69,60,9,23.0,25.0,0,"PB,AP-1"
57,Jerry Hughes,26,BUF,RDE,16,16,0,0,0,0,0,3,0,1,18,1,10.0,53,36,17,13.0,20.0,0,
58,George Iloka,24,CIN,SS,16,16,3,58,0,28,10,0,0,0,0,0,0.0,74,48,26,2.0,2.0,0,
59,D'Qwell Jackson,31,IND,MLB,16,16,0,0,0,0,1,1,0,4,35,1,4.0,138,81,57,9.0,5.0,0,PB
60,Tyson Jackson,28,ATL,RDT,16,16,0,0,0,0,3,0,0,0,0,0,0.0,22,10,12,2.0,2.0,0,
61,Vincent Jackson,31,TAM,WR,16,16,0,0,0,0,0,0,1,0,0,0,0.0,0,0,0,0.0,0.0,0,
62,Ja'Wuan James,22,MIA,RT/LT,16,16,0,0,0,0,0,0,0,1,0,0,0.0,0,0,0,0.0,0.0,0,
63,Alshon Jeffery,24,CHI,WR,16,16,0,0,0,0,0,0,1,0,0,0,0.0,0,0,0,0.0,0.0,0,
64,Malcolm Jenkins,27,PHI,FS,16,16,3,67,1,53,15,1,0,1,0,0,0.0,80,64,16,3.0,0.0,0,
65,Tim Jennings,31,CHI,LCB,16,16,0,0,0,0,7,1,0,1,17,0,0.0,51,37,14,2.0,0.0,0,
66,John Jerry,28,NYG,RG,16,16,0,0,0,0,0,0,0,1,0,0,0.0,0,0,0,0.0,0.0,0,
67,Luke Joeckel,23,JAX,LT,16,16,0,0,0,0,0,0,0,1,0,0,0.0,1,1,0,0.0,0.0,0,
68,Charles Johnson,28,CAR,LDE,16,16,0,0,0,0,2,3,0,1,0,0,8.5,41,29,12,9.0,14.0,0,
69,Rashad Johnson,28,ARI,FS,16,16,4,146,2,88,8,0,0,1,0,0,1.0,92,75,17,2.0,2.0,0,
70,Jason Jones,28,DET,RDE,16,16,0,0,0,0,3,2,0,0,0,0,5.0,22,14,8,5.0,17.0,0,
71,Cameron Jordan,25,NOR,RDE,16,16,1,6,0,6,5,0,0,1,0,0,7.5,51,32,19,8.0,10.0,0,
72,Johnathan Joseph,30,HOU,RCB,16,16,2,85,1,60,11,2,0,2,73,0,0.0,75,70,5,1.0,0.0,0,
73,Linval Joseph,26,MIN,RDT,16,16,0,0,0,0,1,0,0,0,0,0,3.0,47,28,19,5.0,10.0,0,
74,Colin Kaepernick,27,SFO,QB,16,16,0,0,0,0,0,0,8,3,-6,0,0.0,0,0,0,0.0,0.0,0,
75,Ryan Kalil,29,CAR,C,16,16,0,0,0,0,0,0,1,0,0,0,0.0,0,0,0,0.0,0.0,0,
76,Ryan Kerrigan,26,WAS,LOLB,16,16,0,0,0,0,1,5,0,1,0,0,13.5,64,51,13,18.0,19.0,0,
77,Terrance Knighton,28,DEN,RDT,16,16,0,0,0,0,3,0,0,0,0,0,2.0,30,18,12,4.0,7.0,0,
78,Luke Kuechly,23,CAR,MLB,16,16,1,0,0,0,12,1,0,1,0,0,3.0,153,99,54,9.0,4.0,0,"PB,AP-1"
79,Eddie Lacy,24,GNB,RB,16,16,0,0,0,0,0,0,3,1,0,0,0.0,0,0,0,0.0,0.0,0,
80,T.J. Lang,27,GNB,RG,16,16,0,0,0,0,0,0,0,1,0,0,0.0,0,0,0,0.0,0.0,0,
81,James Laurinaitis,28,STL,MLB,16,16,0,0,0,0,2,0,0,2,17,0,3.5,110,81,29,4.0,6.0,0,
82,Andy Levitre,28,TEN,LG,16,16,0,0,0,0,0,0,0,1,0,0,0.0,0,0,0,0.0,0.0,0,
83,DeAndre Levy,27,DET,RLB,16,16,1,13,0,13,4,0,0,0,0,0,2.5,151,117,34,16.0,4.0,1,AP-2
84,Keenan Lewis,28,NOR,LCB,16,16,2,2,0,2,13,0,0,0,0,0,0.0,40,37,3,1.0,0.0,0,
85,Kendrick Lewis,26,HOU,FS,16,16,2,32,1,27,6,3,0,1,0,0,0.0,84,52,32,4.0,1.0,0,
86,Kory Lichtensteiger,29,WAS,C,16,16,0,0,0,0,0,0,0,2,0,0,0.0,0,0,0,0.0,0.0,0,
87,Corey Linsley,23,GNB,C,16,16,0,0,0,0,0,0,1,0,0,0,0.0,0,0,0,0.0,0.0,0,
88,Corey Liuget,24,SDG,RDE,16,16,0,0,0,0,2,2,0,2,0,1,4.5,57,45,12,13.0,9.0,0,
89,Curtis Lofton,28,NOR,RILB,16,16,0,0,0,0,1,1,0,1,0,0,0.0,144,99,45,5.0,4.0,0,
90,Bennie Logan,25,PHI,NT,16,16,0,0,0,0,1,1,0,0,0,0,0.0,58,46,12,8.0,1.0,0,
91,Andrew Luck,25,IND,QB,16,16,0,0,0,0,0,0,13,4,-30,0,0.0,0,0,0,0.0,0.0,0,PB
92,Khalil Mack,23,OAK,RLB,16,16,0,0,0,0,3,1,0,0,0,0,4.0,76,59,17,16.0,12.0,0,AP DRoY-3
93,Eli Manning,33,NYG,QB,16,16,0,0,0,0,0,0,7,0,0,0,0.0,0,0,0,,,0,
94,Peyton Manning,38,DEN,QB,16,16,0,0,0,0,0,0,5,1,-11,0,0.0,0,0,0,0.0,0.0,0,PB
95,Sen'Derrick Marks,27,JAX,RDT,16,16,0,0,0,0,3,0,0,1,0,0,8.5,44,34,10,15.0,17.0,0,
96,Bobby Massie,25,ARI,RT,16,16,0,0,0,0,0,0,0,1,0,0,0.0,0,0,0,0.0,0.0,0,
97,Rashean Mathis,34,DET,RCB,16,16,1,41,1,41,9,2,0,0,0,0,0.0,51,42,9,0.0,0.0,0,
98,Clay Matthews,28,GNB,ROLB/RILB,16,16,1,40,0,40,9,2,0,0,0,0,11.0,61,45,16,16.0,22.0,0,PB
99,Josh Mauga,27,KAN,LILB,16,16,0,0,0,0,3,0,0,0,0,0,0.5,103,82,21,4.0,6.0,0,
100,Devin McCourty,27,NWE,FS,16,16,2,70,0,60,6,1,0,0,0,0,0.0,68,51,17,0.0,1.0,0,
101,Jason McCourty,27,TEN,RCB,16,16,3,0,0,0,11,2,0,1,62,1,0.0,85,77,8,1.0,0.0,0,
102,LeSean McCoy,26,PHI,RB,16,16,0,0,0,0,0,0,4,0,0,0,0.0,0,0,0,0.0,0.0,0,PB
103,T.J. McDonald,23,STL,FS,16,16,1,20,0,20,6,0,0,1,3,0,2.0,104,84,20,8.0,2.0,0,
104,Rodney McLeod,24,STL,SS,16,16,2,1,0,1,6,2,0,2,9,0,0.0,72,62,10,3.0,0.0,0,
105,Heath Miller,32,PIT,TE,16,16,0,0,0,0,0,0,1,0,0,0,0.0,1,1,0,0.0,0.0,0,
106,Lamar Miller,23,MIA,RB,16,16,0,0,0,0,0,0,3,1,0,0,0.0,0,0,0,0.0,0.0,0,
107,Von Miller,25,DEN,LLB,16,16,0,0,0,0,2,1,0,1,2,0,14.0,60,43,17,16.0,27.0,0,"PB,AP-2"
108,Jeremy Mincey,31,DAL,RDE,16,16,0,0,0,0,0,2,0,1,0,0,6.0,37,20,17,9.0,14.0,0,
109,Mike Mitchell,27,PIT,FS,16,16,0,0,0,0,3,2,0,0,0,0,0.0,71,53,18,0.0,0.0,0,
110,Rahim Moore,24,DEN,FS,16,16,4,36,0,19,5,1,0,1,0,0,0.0,50,44,6,0.0,0.0,0,
111,Derrick Morgan,25,TEN,LOLB,16,16,0,0,0,0,7,2,0,0,0,0,6.5,63,43,20,10.0,9.0,0,
112,Alfred Morris,26,WAS,RB,16,16,0,0,0,0,0,0,2,1,0,0,0.0,0,0,0,0.0,0.0,0,PB
113,C.J. Mosley,22,BAL,LILB,16,16,2,23,0,18,8,1,0,1,6,0,3.0,133,88,45,8.0,12.0,0,"PB,AP-2,AP DRoY-2"
114,Ryan Mundy,29,CHI,SS,16,16,4,52,1,45,6,0,0,1,0,0,1.0,103,75,28,1.0,1.0,0,
115,Captain Munnerlyn,26,MIN,LCB,16,16,2,1,0,1,5,0,0,1,0,0,0.0,62,52,10,2.0,0.0,0,
116,DeMarco Murray,26,DAL,RB,16,16,0,0,0,0,0,0,5,2,0,0,0.0,0,0,0,0.0,0.0,0,"PB,AP-1,AP MVP-3,AP OPoY-1"
117,Chris Myers,33,HOU,C,16,16,0,0,0,0,0,0,1,0,-20,0,0.0,1,0,1,0.0,0.0,0,
118,Jordy Nelson,29,GNB,WR,16,16,0,0,0,0,0,0,0,1,0,0,0.0,1,1,0,0.0,0.0,0,"PB,AP-2"
119,Reggie Nelson,31,CIN,FS,16,16,4,30,0,31,13,0,0,0,0,0,1.5,95,62,33,5.0,3.0,0,
120,Rob Ninkovich,30,NWE,LDE,16,16,1,11,0,11,2,0,0,1,15,1,8.0,62,45,17,11.0,16.0,0,
121,Jared Odrick,27,MIA,RDT,16,16,0,0,0,0,5,1,0,1,0,0,1.0,29,23,6,3.0,8.0,0,
122,Alec Ogletree,23,STL,LLB,16,16,2,44,0,44,12,4,0,0,0,0,0.0,111,84,27,6.0,0.0,0,
123,Greg Olsen,29,CAR,TE,16,16,0,0,0,0,0,0,1,2,-4,0,0.0,0,0,0,0.0,0.0,0,PB
124,Patrick Omameh,25,TAM,RG,16,16,0,0,0,0,0,0,0,0,0,0,0.0,1,1,0,0.0,0.0,0,
125,Calvin Pace,34,NYJ,ROLB,16,16,0,0,0,0,3,0,0,0,0,0,5.0,40,27,13,8.0,8.0,0,
126,Stephen Paea,26,CHI,RDT,16,16,0,0,0,0,2,2,0,0,0,0,6.0,33,24,9,9.0,12.0,0,
127,Domata Peko,30,CIN,LDT,16,16,0,0,0,0,0,0,0,0,0,0,1.0,47,27,20,2.0,1.0,0,
128,Donald Penn,31,OAK,LT,16,16,0,0,0,0,0,0,0,1,0,0,0.0,0,0,0,0.0,0.0,0,
129,Julius Peppers,34,GNB,LOLB,16,16,2,101,2,52,11,4,0,3,2,0,7.0,43,29,14,5.0,17.0,0,
130,Patrick Peterson,24,ARI,LCB,16,16,3,30,1,30,7,0,0,0,0,0,1.0,50,43,7,0.0,1.0,0,PB
131,Jason Pierre-Paul,25,NYG,RDE,16,16,0,0,0,0,6,3,0,1,0,0,12.5,76,54,22,16.0,21.0,0,
132,Dontari Poe,24,KAN,NT,16,16,0,0,0,0,1,0,0,0,0,0,6.0,45,37,8,4.0,8.0,0,PB
133,Glover Quin,28,DET,FS,16,16,7,117,0,56,10,0,0,0,0,0,0.0,73,57,16,2.0,0.0,0,"PB,AP-2"
134,Robert Quinn,24,STL,RDE,16,16,0,0,0,0,6,5,0,0,0,0,10.5,46,39,7,13.0,20.0,0,PB
135,Cory Redding,34,IND,LDE,16,16,0,0,0,0,1,0,0,0,0,0,3.5,35,20,15,6.0,15.0,0,
136,Darrelle Revis,29,NWE,LCB,16,16,2,0,0,0,14,1,0,1,0,0,0.0,47,41,6,2.0,0.0,0,"PB,AP-1"
137,Xavier Rhodes,24,MIN,RCB,16,16,1,0,0,0,18,0,0,0,0,0,0.0,48,39,9,5.0,0.0,0,
138,Sheldon Richardson,24,NYJ,RDE,16,16,0,0,0,0,1,1,0,1,0,0,8.0,67,42,25,11.0,21.0,1,PB
139,Chad Rinehart,29,SDG,LG,16,16,0,0,0,0,0,0,0,1,0,0,0.0,0,0,0,0.0,0.0,0,
140,Philip Rivers,33,SDG,QB,16,16,0,0,0,0,0,0,8,5,-18,0,0.0,0,0,0,0.0,0.0,0,
141,Brian Robison,31,MIN,LDE,16,16,0,0,0,0,2,0,0,0,0,0,4.5,25,18,7,5.0,12.0,0,
142,Aaron Rodgers,31,GNB,QB,16,16,0,0,0,0,0,0,10,5,-16,0,0.0,0,0,0,0.0,0.0,0,"PB,AP-1,AP MVP-1,AP OPoY-2"
143,Ben Roethlisberger,32,PIT,QB,16,16,0,0,0,0,0,0,9,2,-41,0,0.0,0,0,0,0.0,0.0,0,PB
144,Antrel Rolle,32,NYG,SS,16,16,3,71,0,39,9,1,0,1,0,0,0.0,87,71,16,1.0,1.0,0,
145,Matt Ryan,29,ATL,QB,16,16,0,0,0,0,0,0,5,0,-3,0,0.0,0,0,0,,,0,PB
146,Emmanuel Sanders,27,DEN,WR,16,16,0,0,0,0,0,0,1,0,0,0,0.0,0,0,0,0.0,0.0,0,PB
147,Samson Satele,30,MIA,C,16,16,0,0,0,0,0,0,0,1,0,0,0.0,0,0,0,0.0,0.0,0,
148,Richard Sherman,26,SEA,LCB,16,16,4,81,0,53,8,1,0,0,0,0,0.0,57,45,12,2.0,0.0,0,"PB,AP-1"
149,Rob Sims,31,DET,LG,16,16,0,0,0,0,0,0,0,1,0,0,0.0,0,0,0,0.0,0.0,0,
150,Buster Skrine,25,CLE,RCB,16,16,4,34,0,30,18,0,0,0,0,0,0.0,67,55,12,0.0,0.0,0,
151,Darius Slay,23,DET,LCB,16,16,2,42,0,40,17,0,0,0,0,0,0.0,61,48,13,1.0,0.0,0,
152,Antonio Smith,33,OAK,RDT,16,16,0,0,0,0,0,1,0,0,0,0,3.0,20,18,2,7.0,6.0,0,
153,Daryl Smith,32,BAL,RILB,16,16,1,0,0,0,8,5,0,1,39,0,1.0,127,67,60,3.0,3.0,0,
154,Harrison Smith,25,MIN,FS,16,16,5,150,1,81,9,1,0,0,0,0,3.0,92,71,21,7.0,5.0,0,
155,Justin Smith,35,SFO,RDE,16,16,0,0,0,0,0,2,0,1,0,0,5.0,43,28,15,7.0,14.0,0,
156,Sean Smith,27,KAN,RCB,16,16,1,34,0,34,16,0,0,0,0,0,0.0,50,47,3,0.0,0.0,0,
157,Steve Smith Sr.,35,BAL,WR,16,16,0,0,0,0,0,0,2,0,0,0,0.0,0,0,0,0.0,0.0,0,
158,Nate Solder,26,NWE,LT,16,16,0,0,0,0,0,0,0,1,0,0,0.0,0,0,0,0.0,0.0,0,
159,Matthew Stafford,26,DET,QB,16,16,0,0,0,0,0,0,8,3,-5,0,0.0,0,0,0,0.0,0.0,0,PB
160,Zach Strief,31,NOR,RT,16,16,0,0,0,0,0,0,0,1,0,0,0.0,0,0,0,0.0,0.0,0,
161,Terrell Suggs,32,BAL,LOLB,16,16,0,0,0,0,1,0,0,1,0,0,12.0,61,36,25,16.0,20.0,1,
162,Ndamukong Suh,27,DET,RDT,16,16,0,0,0,0,3,0,0,0,0,0,8.5,53,44,9,21.0,20.0,0,"PB,AP-1"
163,Ryan Tannehill,26,MIA,QB,16,16,0,0,0,0,0,0,9,4,-10,0,0.0,0,0,0,0.0,0.0,0,
164,Golden Tate,26,DET,WR,16,16,0,0,0,0,0,0,1,0,0,0,0.0,0,0,0,0.0,0.0,0,PB
165,Earl Thomas,25,SEA,FS,16,16,1,47,0,47,5,4,1,1,0,0,0.0,97,71,26,1.0,0.0,0,"PB,AP-1"
166,Cedric Thornton,26,PHI,RDE,16,16,0,0,0,0,2,0,0,3,40,1,1.0,51,35,16,5.0,1.0,0,
167,Lawrence Timmons,28,PIT,RILB,16,16,0,0,0,0,1,0,0,0,0,0,2.0,132,87,45,7.0,4.0,0,"PB,AP-2"
168,Levine Toilolo,23,ATL,TE,16,16,0,0,0,0,0,0,1,1,0,0,0.0,1,1,0,0.0,0.0,0,
169,Desmond Trufant,24,ATL,RCB,16,16,3,19,0,19,16,0,0,1,15,0,0.0,61,53,8,1.0,0.0,0,
170,Jared Veldheer,27,ARI,LT,16,16,0,0,0,0,0,0,0,1,0,0,0.0,0,0,0,0.0,0.0,0,
171,Olivier Vernon,24,MIA,RDE,16,16,0,0,0,0,0,2,0,0,0,0,6.5,46,31,15,9.0,13.0,0,
172,Cameron Wake,32,MIA,LDE,16,16,0,0,0,0,3,3,0,1,0,0,11.5,38,32,6,8.0,22.0,0,"PB,AP-2"
173,Mike Wallace,28,MIA,WR,16,16,0,0,0,0,0,0,2,0,0,0,0.0,0,0,0,0.0,0.0,0,
174,J.D. Walton,27,NYG,C,16,16,0,0,0,0,0,0,0,1,0,0,0.0,0,0,0,0.0,0.0,0,
175,Sammy Watkins,21,BUF,WR,16,16,0,0,0,0,0,0,1,0,0,0,0.0,0,0,0,0.0,0.0,0,
176,J.J. Watt,25,HOU,LDE,16,16,1,80,1,80,10,4,0,5,59,1,20.5,78,59,19,29.0,51.0,1,"PB,AP-1,AP MVP-2,AP DPoY-1"
177,Eric Weddle,29,SDG,FS,16,16,1,17,0,17,8,2,0,0,0,0,0.0,114,91,23,2.0,0.0,0,"PB,AP-1"
178,Scott Wells,33,STL,C,16,16,0,0,0,0,0,0,4,1,-33,0,0.0,0,0,0,0.0,0.0,0,
179,Donte Whitner,29,CLE,SS,16,16,1,54,0,54,4,1,0,0,0,0,0.0,106,69,37,3.0,0.0,0,PB
180,J.J. Wilcox,23,DAL,FS,16,16,3,46,0,46,5,1,1,2,11,0,0.0,74,62,12,0.0,1.0,0,
181,Vince Wilfork,33,NWE,LDT,16,16,1,1,0,1,2,0,0,0,0,0,0.0,47,24,23,2.0,1.0,0,
182,Michael Wilhoite,28,SFO,LILB,16,16,2,1,0,1,6,1,0,0,0,0,0.0,87,67,20,4.0,3.0,0,
183,Cary Williams,30,PHI,RCB,16,16,2,-1,0,0,9,0,0,0,0,0,0.0,59,55,4,2.0,0.0,0,
184,Mario Williams,29,BUF,LDE,16,16,0,0,0,0,2,2,0,0,0,0,14.5,42,36,6,19.0,18.0,0,"PB,AP-1"
185,Tramon Williams,31,GNB,LCB,16,16,3,2,0,2,13,0,0,1,0,0,0.0,70,60,10,0.0,1.0,0,
186,Russell Wilson,26,SEA,QB,16,16,0,0,0,0,0,0,11,6,-4,0,0.0,0,0,0,0.0,0.0,0,PB
187,Stefen Wisniewski,25,OAK,C,16,16,0,0,0,0,0,0,1,2,-20,0,0.0,0,0,0,0.0,0.0,0,
188,Jason Witten,32,DAL,TE,16,16,0,0,0,0,0,0,0,0,0,0,0.0,1,1,0,0.0,0.0,0,PB
189,Derek Wolfe,24,DEN,LDE,16,16,0,0,0,0,1,0,0,0,0,0,1.5,35,24,11,0.0,5.0,0,
190,Eric Wood,28,BUF,C,16,16,0,0,0,0,0,0,1,0,-10,0,0.0,0,0,0,0.0,0.0,0,
191,Charles Woodson,38,OAK,FS,16,16,4,35,0,30,8,0,0,1,0,0,1.0,113,83,30,4.0,1.0,0,
192,Wesley Woodyard,28,TEN,LOLB,16,16,2,20,0,13,3,0,0,0,0,0,2.5,94,53,41,6.0,6.0,0,
193,Jason Worilds,26,PIT,LOLB,16,16,1,30,0,30,2,1,0,2,0,0,7.5,59,39,20,10.0,22.0,0,
194,Paul Worrilow,24,ATL,LLB,16,16,0,0,0,0,3,2,0,0,0,0,2.0,142,84,58,4.0,9.0,0,
195,K.J. Wright,25,SEA,RLB,16,16,0,0,0,0,4,3,0,1,0,0,2.0,107,73,34,5.0,2.0,0,
196,Jeremy Zuttah,28,BAL,C,16,16,0,0,0,0,0,0,0,1,0,0,0.0,0,0,0,0.0,0.0,0,
197,Kelvin Benjamin,23,CAR,WR,16,15,0,0,0,0,0,0,1,0,0,0,0.0,0,0,0,0.0,0.0,0,
198,Kroy Biermann,29,ATL,RLB/LDE,16,15,0,0,0,0,2,1,0,0,0,0,4.5,75,41,34,8.0,9.0,0,
199,Bashaud Breeland,22,WAS,LCB,16,15,2,0,0,0,14,2,0,0,0,0,0.0,66,57,9,3.0,1.0,0,
200,Brent Celek,29,PHI,TE,16,15,0,0,0,0,0,0,1,0,0,0,0.0,0,0,0,0.0,0.0,0,
201,Josh Chapman,25,IND,LDT,16,15,0,0,0,0,0,1,0,0,0,0,0.0,21,16,5,3.0,0.0,0,
202,Patrick Chung,27,NWE,SS,16,15,1,10,0,10,8,0,0,0,0,0,0.0,85,54,31,3.0,1.0,0,
203,Ryan Clark,35,WAS,FS,16,15,1,8,0,8,3,0,1,2,0,0,0.5,101,68,33,3.0,1.0,0,
204,Quinton Coples,24,NYJ,LOLB,16,15,0,0,0,0,0,1,0,0,0,0,6.5,37,26,11,10.0,19.0,0,
205,Jared Crick,25,HOU,RLB,16,15,0,0,0,0,6,0,0,0,0,0,3.5,56,29,27,6.0,12.0,0,
206,Wes Horton,24,CAR,RDE,16,15,0,0,0,0,1,2,0,0,0,0,3.0,26,12,14,4.0,3.0,0,
207,Paul Kruger,28,CLE,LOLB,16,15,0,0,0,0,4,4,0,1,0,0,11.0,53,36,17,13.0,17.0,0,
208,Dwight Lowery,28,ATL,FS,16,15,2,21,0,21,5,2,0,1,0,0,1.0,79,60,19,1.0,3.0,0,
209,Ron Parker,27,KAN,SS,16,15,1,10,0,10,12,1,0,0,0,0,1.0,94,84,10,2.0,1.0,0,
210,Kendall Reyes,25,SDG,LDE,16,15,0,0,0,0,0,0,0,0,0,0,1.0,32,15,17,2.0,6.0,0,
211,Dominique Rodgers-Cromartie,28,NYG,LCB,16,15,2,26,0,16,12,0,0,0,0,0,0.0,38,36,2,1.0,0.0,0,
212,DeMarcus Ware,32,DEN,RDE,16,15,1,3,0,3,1,2,0,0,0,0,10.0,41,34,7,15.0,20.0,0,PB
213,Tahir Whitehead,24,DET,MLB,16,15,2,2,0,2,5,0,0,0,0,0,0.0,86,63,23,4.0,2.0,0,
214,Robert Woods,22,BUF,WR,16,15,0,0,0,0,0,0,1,0,0,0,0.0,3,2,1,0.0,0.0,0,
215,Joplo Bartu,24,ATL,MLB,16,14,0,0,0,0,0,0,0,2,0,0,1.0,82,47,35,2.0,1.0,0,
216,Luke Bowanko,23,JAX,C,16,14,0,0,0,0,0,0,0,1,0,0,0.0,0,0,0,0.0,0.0,0,
217,Preston Brown,22,BUF,LLB,16,14,1,0,0,0,2,0,0,1,30,0,0.0,109,66,43,6.0,1.0,0,
218,Jeff Cumberland,27,NYJ,TE,16,14,0,0,0,0,0,0,0,1,0,0,0.0,0,0,0,0.0,0.0,0,
219,Justin Ellis,24,OAK,LDT,16,14,0,0,0,0,1,0,0,0,0,0,0.0,21,16,5,1.0,1.0,0,
220,Josh Evans,23,JAX,FS,16,14,0,0,0,0,2,0,0,2,-2,0,0.0,90,62,28,2.0,0.0,0,
221,Michael Floyd,25,ARI,WR,16,14,0,0,0,0,0,0,3,2,0,0,0.0,0,0,0,0.0,0.0,0,
222,Justin Forsett,29,BAL,RB,16,14,0,0,0,0,0,0,1,1,0,0,0.0,0,0,0,0.0,0.0,0,"PB,AP CPoY-5"
223,Kyle Fuller,22,CHI,RCB,16,14,4,81,0,31,10,3,0,0,0,0,0.0,64,51,13,3.0,0.0,0,
224,Pierre Garcon,28,WAS,WR,16,14,0,0,0,0,0,0,0,1,0,0,0.0,0,0,0,0.0,0.0,0,
225,Antonio Gates,34,SDG,TE,16,14,0,0,0,0,0,0,1,1,0,0,0.0,0,0,0,,,0,
226,Jarvis Jenkins,26,WAS,LDE,16,14,0,0,0,0,0,0,0,0,0,0,0.0,29,19,10,3.0,3.0,0,
227,Kyle Juszczyk,23,BAL,RB,16,14,0,0,0,0,0,0,2,0,0,0,0.0,3,3,0,0.0,0.0,0,
228,Lance Kendricks,26,STL,TE,16,14,0,0,0,0,0,0,0,0,0,0,0.0,1,1,0,0.0,0.0,0,
229,Dawan Landry,32,NYJ,FS,16,14,0,0,0,0,1,0,0,0,0,0,1.5,107,67,40,1.0,3.0,0,
230,Marshawn Lynch,28,SEA,RB,16,14,0,0,0,0,0,0,3,1,0,0,0.0,0,0,0,0.0,0.0,0,"PB,AP-2"
231,Jameel McClain,29,NYG,MLB,16,14,0,0,0,0,2,1,0,0,0,0,2.5,117,75,42,8.0,7.0,0,
232,Tony McDaniel,29,SEA,LDT,16,14,0,0,0,0,1,0,0,0,0,0,0.0,30,16,14,1.0,0.0,1,
233,Darian Stewart,26,BAL,FS,16,14,1,0,0,0,3,1,0,0,0,0,0.0,53,37,16,1.0,1.0,0,
234,Courtney Upshaw,25,BAL,ROLB,16,14,0,0,0,0,1,0,0,0,0,0,0.0,42,25,17,4.0,2.0,0,
235,Brandon Williams,25,BAL,NT,16,14,0,0,0,0,0,1,0,1,0,0,0.5,47,25,22,2.0,2.0,0,
236,Marques Colston,31,NOR,WR,16,13,0,0,0,0,0,0,1,0,0,0,0.0,0,0,0,0.0,0.0,0,
237,Rhett Ellison,26,MIN,TE,16,13,0,0,0,0,0,0,0,0,0,0,0.0,3,3,0,0.0,0.0,0,
238,Junior Galette,26,NOR,LOLB,16,13,0,0,0,0,2,3,0,0,0,0,10.0,45,33,12,9.0,20.0,2,
239,William Gay,29,PIT,LCB,16,13,3,113,3,52,12,0,0,0,0,0,0.0,69,58,11,1.0,0.0,0,
240,Jimmy Graham,28,NOR,TE,16,13,0,0,0,0,0,1,2,0,0,0,0.0,0,0,0,0.0,0.0,0,PB
241,Cory Harkey,24,STL,RB,16,13,0,0,0,0,0,0,0,1,0,0,0.0,2,1,1,0.0,0.0,0,
242,A.J. Hawk,30,GNB,LILB,16,13,0,0,0,0,2,0,0,0,0,0,0.5,89,54,35,1.0,1.0,0,
243,Andre Holmes,26,OAK,WR,16,13,0,0,0,0,0,0,0,0,0,0,0.0,2,1,1,0.0,0.0,0,
244,Ricky Jean-Francois,28,IND,RDT,16,13,0,0,0,0,4,0,0,1,0,0,3.0,28,18,10,7.0,6.0,0,
245,Greg Jennings,31,MIN,WR,16,13,0,0,0,0,0,0,1,0,0,0,0.0,0,0,0,0.0,0.0,0,
246,Tommy Kelly,34,ARI,RDE,16,13,0,0,0,0,2,0,0,0,0,0,1.0,34,23,11,5.0,8.0,0,
247,Brandon LaFell,28,NWE,WR,16,13,0,0,0,0,0,0,1,0,0,0,0.0,1,1,0,0.0,0.0,0,
248,Brooks Reed,27,HOU,LOLB,16,13,1,5,0,5,4,0,0,0,0,0,3.0,41,25,16,5.0,10.0,0,
249,Vincent Rey,27,CIN,RLB,16,13,0,0,0,0,5,1,0,0,0,0,0.0,121,61,60,1.0,1.0,0,
250,Jeremy Ross,26,DET,WR,16,13,0,0,0,0,0,0,4,2,0,0,0.0,3,2,1,0.0,0.0,0,
251,Mohamed Sanu,25,CIN,WR,16,13,0,0,0,0,0,0,0,1,0,0,0.0,0,0,0,0.0,0.0,0,
252,George Selvie,27,DAL,LDE,16,13,0,0,0,0,1,1,0,1,2,0,3.0,30,19,11,3.0,8.0,0,
253,Sylvester Williams,26,DEN,LDT,16,13,0,0,0,0,1,0,0,0,0,0,0.0,21,17,4,4.0,2.0,0,
254,Aaron Donald,23,STL,LDT,16,12,0,0,0,0,1,2,0,0,0,0,9.0,48,38,10,18.0,13.0,0,"PB,AP DRoY-1"
255,Larry Donnell,26,NYG,TE,16,12,0,0,0,0,0,0,4,0,0,0,0.0,1,1,0,0.0,0.0,0,
256,James Hanna,25,DAL,TE,16,12,0,0,0,0,0,0,0,0,0,0,0.0,9,9,0,0.0,0.0,0,
257,Parys Haralson,30,NOR,ROLB,16,12,0,0,0,0,0,0,0,1,0,0,3.0,35,23,12,6.0,8.0,0,
258,Micah Hyde,24,GNB,DB,16,12,2,9,0,9,7,0,0,0,0,0,1.0,60,46,14,2.0,1.0,0,
259,Demetrius McCray,23,JAX,LCB,16,12,0,0,0,0,3,0,0,0,0,0,0.0,49,42,7,1.0,0.0,0,
260,Darren McFadden,27,OAK,RB,16,12,0,0,0,0,0,0,1,0,0,0,0.0,0,0,0,0.0,0.0,0,
261,Logan Paulsen,27,WAS,TE,16,12,0,0,0,0,0,0,1,0,0,0,0.0,0,0,0,0.0,0.0,0,
262,Greg Robinson,22,STL,LT,16,12,0,0,0,0,0,0,0,1,0,0,0.0,0,0,0,0.0,0.0,0,
263,D.J. Swearinger,23,HOU,SS,16,12,2,31,0,25,6,3,0,1,0,0,1.0,73,51,22,3.0,3.0,0,
264,Avery Williamson,22,TEN,RILB,16,12,0,0,0,0,4,0,0,2,43,0,3.0,78,51,27,7.0,6.0,0,
265,Jasper Brinkley,29,MIN,MLB,16,11,0,0,0,0,0,1,0,0,0,0,1.0,74,53,21,3.0,1.0,0,
266,Matt Elam,23,BAL,SS,16,11,0,0,0,0,4,1,0,0,0,0,0.5,50,31,19,1.0,3.0,0,
267,Geno Hayes,27,JAX,LLB,16,11,0,0,0,0,0,1,0,0,0,0,2.0,51,34,17,9.0,1.0,0,
268,Ryan Hewitt,23,CIN,TE,16,11,0,0,0,0,0,0,0,0,0,0,0.0,3,2,1,0.0,0.0,0,
269,Anthony Hitchens,22,DAL,RLB,16,11,1,8,0,8,4,0,0,0,0,0,0.0,75,59,16,3.0,2.0,0,
270,Travis Kelce,25,KAN,TE,16,11,0,0,0,0,0,0,4,1,0,1,0.0,0,0,0,0.0,0.0,0,
271,Jarvis Landry,22,MIA,WR,16,11,0,0,0,0,0,0,7,2,0,0,0.0,3,3,0,0.0,0.0,0,
272,Danny Lansanah,29,TAM,LLB,16,11,3,60,2,33,8,0,0,0,0,0,1.5,82,61,21,8.0,2.0,0,
273,Casey Matthews,25,PHI,RILB,16,11,0,0,0,0,0,1,0,1,8,0,1.5,53,31,22,4.0,3.0,0,
274,Jerraud Powers,27,ARI,DB,16,11,3,19,0,12,10,1,0,0,0,0,1.0,53,48,5,3.0,4.0,0,
275,Calvin Pryor,22,NYJ,SS/FS,16,11,0,0,0,0,2,0,0,0,0,0,0.5,61,36,25,1.0,1.0,0,
276,Craig Robertson,26,CLE,RILB,16,11,2,30,0,15,4,0,0,1,0,1,0.0,99,57,42,6.0,3.0,0,
277,Eddie Royal,28,SDG,WR,16,11,0,0,0,0,0,0,1,1,0,0,0.0,0,0,0,0.0,0.0,0,
278,Ha Ha Clinton-Dix,22,GNB,FS,16,10,1,9,0,9,6,0,0,1,0,0,1.0,92,65,27,1.0,2.0,0,
279,Colin Cole,34,CAR,LDT/RDT,16,10,0,0,0,0,0,0,0,1,0,0,0.0,28,12,16,4.0,0.0,0,
280,Ed Dickson,27,CAR,TE,16,10,0,0,0,0,0,0,1,1,0,0,0.0,1,1,0,0.0,0.0,0,
281,Jo-Lonn Dunbar,29,STL,RLB,16,10,0,0,0,0,0,0,0,0,0,0,0.0,36,29,7,4.0,2.0,0,
282,Malliciah Goodman,24,ATL,LDE,16,10,0,0,0,0,0,2,0,0,0,0,0.0,17,6,11,1.0,1.0,0,
283,Jaye Howard,26,KAN,LDE,16,10,0,0,0,0,1,0,0,0,0,0,1.0,36,24,12,4.0,7.0,0,
284,Kemal Ishmael,23,ATL,SS,16,10,4,37,1,23,6,1,0,1,18,0,0.0,97,67,30,2.0,0.0,0,
285,Chris Ivory,26,NYJ,RB,16,10,0,0,0,0,0,0,2,1,0,0,0.0,0,0,0,,,0,
286,James Jones,30,OAK,WR,16,10,0,0,0,0,0,0,3,1,0,0,0.0,0,0,0,0.0,0.0,0,
287,Mychal Rivera,24,OAK,TE,16,10,0,0,0,0,0,0,3,0,0,0,0.0,1,1,0,0.0,0.0,0,
288,Brandon Spikes,27,BUF,MLB,16,10,0,0,0,0,3,1,0,0,0,0,1.0,54,33,21,6.0,1.0,0,
289,J.T. Thomas,26,JAX,MLB,16,10,2,10,0,10,5,2,0,1,0,1,0.0,85,51,34,2.0,0.0,0,
290,George Wilson,33,TEN,SS,16,10,1,0,0,0,4,0,0,0,0,0,1.0,74,57,17,4.0,0.0,0,
291,Darrel Young,27,WAS,RB,16,10,0,0,0,0,0,0,0,2,0,0,0.0,5,4,1,0.0,0.0,0,
292,Deone Bucannon,22,ARI,SS,16,9,0,0,0,0,2,1,0,1,0,0,2.0,83,66,17,8.0,3.0,0,
293,Tom Compton,25,WAS,RT,16,9,0,0,0,0,0,0,0,0,0,0,0.0,4,2,2,0.0,0.0,0,
294,Quintin Demps,29,NYG,FS,16,9,4,19,0,10,7,1,2,0,0,0,0.0,57,41,16,1.0,0.0,0,
295,Daniel Fells,31,NYG,TE,16,9,0,0,0,0,0,0,1,0,0,0,0.0,2,1,1,0.0,0.0,0,
296,Dwight Freeney,34,SDG,LOLB,16,9,0,0,0,0,1,0,0,1,0,0,3.5,10,6,4,3.0,8.0,0,
297,Corey Graham,29,BUF,LCB,16,9,2,75,0,45,16,0,0,1,0,0,0.0,84,65,19,0.0,0.0,0,
298,William Hayes,29,STL,LDE,16,9,0,0,0,0,0,1,0,1,6,0,4.0,42,33,9,11.0,5.0,0,
299,James-Michael Johnson,25,KAN,RILB,16,9,0,0,0,0,1,1,0,0,0,0,0.0,51,42,9,4.0,0.0,0,
300,Arthur Moats,26,PIT,ROLB,16,9,0,0,0,0,0,2,0,1,0,0,4.0,23,17,6,4.0,6.0,0,
301,Bishop Sankey,22,TEN,RB,16,9,0,0,0,0,0,0,2,0,0,0,0.0,0,0,0,0.0,0.0,0,
302,Kawann Short,25,CAR,LDT,16,9,0,0,0,0,2,1,0,2,0,0,3.5,39,20,19,4.0,11.0,0,
303,Telvin Smith,23,JAX,RLB,16,9,1,15,0,15,4,1,0,2,0,0,2.0,104,72,32,9.0,1.0,0,
304,Sean Spence,24,PIT,LILB,16,9,0,0,0,0,0,1,0,1,0,0,1.0,53,34,19,3.0,2.0,0,
305,Cam Thomas,28,PIT,RDE,16,9,0,0,0,0,0,0,0,0,0,0,0.5,18,11,7,3.0,4.0,0,
306,Dan Williams,27,ARI,NT,16,9,0,0,0,0,1,0,0,0,0,0,1.0,32,21,11,3.0,3.0,0,
307,Stevie Brown,27,NYG,FS,16,8,0,0,0,0,1,0,0,0,0,0,1.0,38,30,8,2.0,2.0,0,
308,Jim Dray,28,CLE,TE,16,8,0,0,0,0,0,0,0,0,0,0,0.0,1,0,1,0.0,0.0,0,
309,Andrew Gardner,28,PHI,RG,16,8,0,0,0,0,0,0,0,1,0,0,0.0,0,0,0,0.0,0.0,0,
310,Jeremy Hill,22,CIN,RB,16,8,0,0,0,0,0,0,5,0,0,0,0.0,0,0,0,0.0,0.0,0,
311,Tony Jefferson,22,ARI,SS,16,8,0,0,0,0,1,1,0,0,0,0,1.0,79,70,9,2.0,3.0,0,
312,Damaris Johnson,25,HOU,WR,16,8,0,0,0,0,0,0,2,1,0,0,0.0,0,0,0,0.0,0.0,0,
313,Christian Kirksey,22,CLE,RILB,16,8,0,0,0,0,2,1,0,0,0,0,2.0,81,47,34,5.0,4.0,0,
314,Bruce Miller,27,SFO,RB,16,8,0,0,0,0,0,0,1,0,0,0,0.0,1,1,0,0.0,0.0,0,
315,Mike Patterson,31,NYG,LDT,16,8,0,0,0,0,0,0,0,0,0,0,0.0,27,15,12,2.0,0.0,0,
316,Justin Tuggle,24,HOU,RILB,16,8,1,8,0,8,2,0,0,1,0,0,0.0,39,21,18,1.0,1.0,0,
317,Ben Watson,34,NOR,TE,16,8,0,0,0,0,0,0,0,0,0,0,0.0,1,1,0,0.0,0.0,0,
318,Kevin Williams,34,SEA,RDT,16,8,0,0,0,0,2,0,0,0,0,0,3.0,31,18,13,8.0,4.0,0,
319,Mark Barron,25,2TM,,16,9,0,0,0,0,4,0,1,1,8,0,3.0,72,56,16,4.0,4.0,0,
319,Mark Barron,25,TAM,SS,7,7,0,0,0,0,3,0,1,1,8,0,0.0,49,35,14,0.0,0.0,0,
319,Mark Barron,25,STL,,9,2,0,0,0,0,1,0,0,0,0,0,3.0,23,21,2,4.0,4.0,0,
320,Kavell Conner,27,SDG,LILB,16,7,0,0,0,0,1,1,0,0,0,0,1.0,70,46,24,2.0,0.0,0,
321,Oniel Cousins,30,TAM,RT,16,7,0,0,0,0,0,0,0,1,0,0,0.0,0,0,0,0.0,0.0,0,
322,Patrick DiMarco,25,ATL,RB,16,7,0,0,0,0,0,0,0,1,0,0,0.0,4,3,1,0.0,0.0,0,
323,Jeremy Kerley,26,NYJ,WR,16,7,0,0,0,0,0,0,1,0,0,0,0.0,0,0,0,0.0,0.0,0,
324,Sterling Moore,24,DAL,DB,16,7,0,0,0,0,12,1,0,2,17,0,0.0,46,35,11,1.0,0.0,0,
325,Preston Parker,27,NYG,WR,16,7,0,0,0,0,0,0,2,0,0,0,0.0,0,0,0,0.0,0.0,0,
326,Cordarrelle Patterson,23,MIN,WR,16,7,0,0,0,0,0,0,1,0,0,0,0.0,0,0,0,,,0,
327,Niles Paul,25,WAS,TE,16,7,0,0,0,0,0,0,1,1,0,0,0.0,6,5,1,0.0,0.0,0,
328,Nickell Robey-Coleman,22,BUF,DB,16,7,0,0,0,0,7,0,0,2,2,0,1.0,48,38,10,3.0,1.0,0,
329,Andre Williams,22,NYG,RB,16,7,0,0,0,0,0,0,1,0,0,0,0.0,0,0,0,0.0,0.0,0,
330,C.J. Wilson,27,OAK,RDE,16,7,0,0,0,0,0,0,0,1,21,0,2.0,23,16,7,4.0,2.0,0,
331,Chris Johnson,29,NYJ,RB,16,6,0,0,0,0,0,0,1,0,0,0,0.0,0,0,0,0.0,0.0,0,
332,Robert McClain,26,ATL,LCB,16,6,2,5,0,5,5,0,0,0,0,0,1.0,60,50,10,2.0,1.0,0,
333,Logan Ryan,23,NWE,RCB,16,6,2,0,0,0,6,2,0,0,0,0,0.0,42,29,13,0.0,0.0,0,
334,Anthony Sherman,26,KAN,RB,16,6,0,0,0,0,0,2,0,1,0,0,0.0,13,13,0,0.0,0.0,0,AP-2
335,Jason Trusnik,30,MIA,MLB,16,6,1,0,0,0,2,0,0,2,0,0,0.0,49,33,16,3.0,0.0,0,
336,Zackary Bowman,30,NYG,RCB,16,5,2,25,0,18,6,0,0,1,0,0,0.0,24,19,5,0.0,0.0,0,
337,William Compton,25,WAS,LILB,16,5,0,0,0,0,0,0,0,0,0,0,0.0,60,39,21,0.0,2.0,0,
338,Zach Ertz,24,PHI,TE,16,5,0,0,0,0,0,0,1,1,9,0,0.0,0,0,0,0.0,0.0,0,
339,Will Johnson,25,PIT,RB,16,5,0,0,0,0,0,0,0,0,0,0,0.0,4,3,1,0.0,0.0,0,
340,Christian Jones,23,CHI,MLB,16,5,0,0,0,0,1,0,0,1,2,0,2.0,70,42,28,3.0,3.0,0,
341,Jim Leonhard,32,CLE,FS,16,5,2,34,0,34,3,0,1,0,0,0,1.0,42,27,15,1.0,2.0,0,
342,Danieal Manning,32,HOU,SS,16,5,0,0,0,0,2,0,1,1,0,0,0.0,46,32,14,1.0,1.0,0,
343,Kevin Minter,24,ARI,RILB,16,5,0,0,0,0,0,0,0,0,0,0,1.0,44,39,5,5.0,3.0,0,
344,Ashlee Palmer,28,DET,LLB,16,5,0,0,0,0,2,0,0,0,0,0,1.5,12,8,4,1.0,2.0,0,
345,Jay Prosch,22,HOU,RB,16,5,0,0,0,0,0,0,0,0,0,0,0.0,3,1,2,0.0,0.0,0,
346,Josh Robinson,23,MIN,DB,16,5,3,22,0,23,8,0,0,0,0,0,0.0,40,38,2,0.0,0.0,0,
347,Richard Rodgers,22,GNB,TE,16,5,0,0,0,0,0,0,0,1,0,0,0.0,0,0,0,0.0,0.0,0,
348,Jabaal Sheard,25,CLE,ROLB,16,5,0,0,0,0,3,0,0,0,0,0,2.0,44,25,19,4.0,6.0,0,
349,Akeem Spence,23,TAM,RDT,16,5,0,0,0,0,0,0,0,2,0,0,3.0,37,27,10,4.0,7.0,0,
350,Chris Spencer,32,TEN,C,16,5,0,0,0,0,0,0,2,0,-22,0,0.0,0,0,0,,,0,
351,Travis Swanson,23,DET,RG,16,5,0,0,0,0,0,0,0,1,0,0,0.0,1,1,0,0.0,0.0,0,
352,Isa Abdul-Quddus,25,DET,DB,16,4,0,0,0,0,2,0,0,0,0,0,0.0,33,22,11,0.0,1.0,0,
353,Sam Acho,26,ARI,LB,16,4,1,3,0,3,3,1,0,0,0,0,1.0,31,23,8,4.0,2.0,0,
354,Will Allen,32,PIT,DB,16,4,0,0,0,0,0,1,0,0,0,0,0.0,36,22,14,2.0,2.0,0,
355,Jason Babin,34,NYJ,LB,16,4,0,0,0,0,0,0,0,0,0,0,2.0,25,14,11,3.0,10.0,0,
356,Isaiah Crowell,21,CLE,RB,16,4,0,0,0,0,0,0,3,2,0,0,0.0,0,0,0,0.0,0.0,0,
357,James Develin,26,NWE,RB,16,4,0,0,0,0,0,0,1,1,0,0,0.0,0,0,0,0.0,0.0,0,
358,Dane Fletcher,28,TAM,DE,16,4,0,0,0,0,1,0,0,0,0,0,0.5,39,27,12,0.0,1.0,0,
359,Robert Hughes,25,ARI,RB,16,4,0,0,0,0,0,0,0,1,0,0,0.0,3,2,1,0.0,0.0,0,
360,Kendall Langford,28,STL,DE,16,4,0,0,0,0,0,0,0,0,0,0,1.0,25,17,8,1.0,3.0,0,
361,Earl Mitchell,27,MIA,DT,16,4,0,0,0,0,1,0,0,0,0,0,2.0,33,21,12,7.0,2.0,0,
362,Andre Roberts,26,WAS,WR,16,4,0,0,0,0,0,0,4,2,0,0,0.0,0,0,0,0.0,0.0,0,
363,Will Ta'ufo'ou,28,JAX,RB,16,4,0,0,0,0,0,0,0,0,0,0,0.0,7,6,1,0.0,0.0,0,
364,Brandon Tate,27,CIN,WR,16,4,0,0,0,0,0,0,2,1,0,0,0.0,0,0,0,0.0,0.0,0,
365,Stephon Tuitt,21,PIT,DE,16,4,0,0,0,0,0,1,0,0,0,0,1.0,17,11,6,1.0,4.0,0,
366,Brock Vereen,22,CHI,DB,16,4,1,0,0,0,1,1,0,0,0,0,0.0,39,30,9,2.0,0.0,0,
367,Duke Williams,24,BUF,DB,16,4,1,34,0,34,3,1,0,2,3,0,0.0,52,39,13,1.0,2.0,0,
368,Josh Wilson,29,ATL,DB,16,4,1,15,0,15,7,0,0,0,0,0,0.0,28,25,3,1.0,0.0,0,
369,Alfred Blue,23,HOU,RB,16,3,0,0,0,0,0,0,0,2,0,0,0.0,4,3,1,0.0,0.0,0,
370,Jerome Felton,28,MIN,RB,16,3,0,0,0,0,0,0,0,1,0,1,0.0,0,0,0,0.0,0.0,0,
371,Quentin Groves,30,TEN,LB,16,3,0,0,0,0,0,0,0,0,0,0,1.0,18,16,2,2.0,1.0,0,
372,Derek Hagan,30,TEN,WR,16,3,0,0,0,0,0,0,0,0,0,0,0.0,5,4,1,0.0,0.0,0,
373,Dan Herron,25,IND,RB,16,3,0,0,0,0,0,0,2,0,0,0,0.0,6,4,2,0.0,0.0,0,
374,Josh Hill,24,NOR,TE,16,3,0,0,0,0,0,0,0,0,0,0,0.0,10,8,2,0.0,0.0,0,
375,Malik Jackson,24,DEN,DT,16,3,0,0,0,0,4,1,0,0,0,0,3.0,42,33,9,8.0,12.0,0,
376,Dontae Johnson,23,SFO,DB,16,3,1,20,1,20,6,0,0,0,0,0,0.0,34,26,8,1.0,3.0,0,
377,Leonard Johnson,24,TAM,DB,16,3,1,-6,0,0,4,3,0,0,0,0,0.0,45,30,15,0.0,0.0,0,
378,Adam Jones,31,CIN,DB,16,3,3,23,0,12,11,0,1,1,0,0,0.0,63,51,12,0.0,0.0,0,AP-1
379,Anthony Levine,27,BAL,DB,16,3,0,0,0,0,3,0,0,0,0,0,0.0,29,21,8,0.0,0.0,0,
380,Aaron Lynch,21,SFO,DE,16,3,0,0,0,0,4,0,0,0,0,0,6.0,23,17,6,9.0,14.0,0,
381,Henry Melton,28,DAL,DE,16,3,0,0,0,0,4,0,0,2,1,0,5.0,15,11,4,6.0,10.0,0,
382,Mike Neal,27,GNB,LB,16,3,0,0,0,0,0,0,0,0,0,0,4.5,33,20,13,7.0,11.0,0,
383,Jerrell Powe,27,HOU,DT,16,3,0,0,0,0,1,0,0,0,0,0,0.0,10,6,4,1.0,0.0,0,
384,LaRoy Reynolds,24,JAX,LB,16,3,0,0,0,0,0,0,0,1,0,0,0.0,23,15,8,1.0,1.0,0,
385,Dante Rosario,30,CHI,TE,16,3,0,0,0,0,0,0,1,0,0,0,0.0,0,0,0,,,0,
386,Andrew Sendejo,27,MIN,DB,16,3,0,0,0,0,0,1,0,0,0,0,0.0,27,20,7,0.0,1.0,0,
387,Prince Shembo,23,ATL,LB,16,3,0,0,0,0,0,0,0,0,0,0,0.0,60,33,27,2.0,1.0,0,
388,Shamar Stephen,23,MIN,DT,16,3,0,0,0,0,0,0,0,0,0,0,0.0,23,13,10,0.0,1.0,0,
389,Zach Sudfeld,25,NYJ,TE,16,3,0,0,0,0,0,0,0,0,0,0,0.0,15,10,5,0.0,0.0,0,
390,Robert Turbin,25,SEA,RB,16,3,0,0,0,0,0,0,1,0,0,0,0.0,2,1,1,0.0,0.0,0,
391,Kyle Wilber,25,DAL,LB,16,3,0,0,0,0,2,0,0,1,0,0,1.5,27,16,11,1.0,3.0,0,
392,Cole Beasley,25,DAL,WR,16,2,0,0,0,0,0,0,2,0,0,0,0.0,0,0,0,,,0,
393,Brandon Bolden,24,NWE,RB,16,2,0,0,0,0,0,1,0,0,0,0,0.0,6,4,2,0.0,0.0,0,
394,Jaron Brown,24,ARI,WR,16,2,0,0,0,0,0,0,1,0,0,0,0.0,8,7,1,0.0,0.0,0,
395,Andre Caldwell,29,DEN,WR,16,2,0,0,0,0,0,0,0,2,0,0,0.0,5,4,1,0.0,0.0,0,
396,James Casey,30,PHI,TE,16,2,0,0,0,0,0,0,0,0,0,0,0.0,9,7,2,0.0,0.0,0,
397,Jed Collins,28,DET,RB,16,2,0,0,0,0,0,0,0,1,0,0,0.0,5,5,0,0.0,0.0,0,
398,Benny Cunningham,24,STL,RB,16,2,0,0,0,0,0,0,2,1,0,0,0.0,2,2,0,0.0,0.0,0,
399,Elvis Dumervil,30,BAL,LB,16,2,0,0,0,0,1,2,0,1,0,0,17.0,38,28,10,15.0,27.0,0,"PB,AP-1"
400,Corey Fuller,24,DET,WR,16,2,0,0,0,0,0,0,1,0,0,0,0.0,0,0,0,0.0,0.0,0,
401,Ryan Griffin,24,HOU,TE,16,2,0,0,0,0,0,0,0,0,0,0,0.0,1,1,0,0.0,0.0,0,
402,Chris Hogan,27,BUF,WR,16,2,0,0,0,0,0,0,2,0,0,0,0.0,1,0,1,0.0,0.0,0,
403,Tony Jerod-Eddie,24,SFO,DE,16,2,0,0,0,0,0,0,0,0,0,0,0.0,21,13,8,5.0,2.0,0,
404,Tom Johnson,30,MIN,DT,16,2,0,0,0,0,0,1,0,0,0,0,6.5,22,14,8,5.0,12.0,0,
405,Abry Jones,23,JAX,DT,16,2,0,0,0,0,1,1,0,0,0,0,3.0,39,23,16,4.0,3.0,0,
406,Colin Jones,27,CAR,DB,16,2,0,0,0,0,3,1,0,0,0,0,1.0,27,21,6,4.0,2.0,0,
407,Dre Kirkpatrick,25,CIN,DB,16,2,3,32,1,30,7,0,0,0,0,0,0.0,23,20,3,0.0,0.0,0,
408,John Kuhn,32,GNB,FB,16,2,0,0,0,0,0,0,0,0,0,0,0.0,1,1,0,0.0,0.0,0,"PB,AP-1"
409,Jeromy Miles,27,BAL,DB,16,2,1,6,0,6,1,2,0,1,0,0,0.0,28,19,9,0.0,0.0,0,
410,Donte Moncrief,21,IND,WR,16,2,0,0,0,0,0,0,0,0,0,0,0.0,1,1,0,0.0,0.0,0,
411,Nick Moody,24,SFO,LB,16,2,0,0,0,0,0,0,0,0,0,0,0.0,21,16,5,1.0,0.0,0,
412,Bradley Roby,22,DEN,DB,16,2,2,0,0,0,13,2,0,2,3,0,1.0,65,63,2,5.0,1.0,0,
413,Pat Sims,29,OAK,DT,16,2,0,0,0,0,1,0,0,0,0,0,0.0,25,17,8,1.0,1.0,0,
414,Adam Thielen,24,MIN,WR,16,2,0,0,0,0,0,0,0,0,0,0,0.0,11,8,3,0.0,0.0,0,
415,Vance Walker,27,KAN,DT,16,2,0,0,0,0,0,0,0,0,0,0,2.0,19,14,5,3.0,5.0,0,
416,Vince Williams,25,PIT,LB,16,2,0,0,0,0,0,0,0,1,0,0,0.0,43,28,15,0.0,1.0,0,
417,Seyi Ajirotutu,27,SDG,WR,16,1,0,0,0,0,0,0,0,0,0,0,0.0,16,12,4,0.0,0.0,0,
418,Lamin Barrow,24,DEN,LB,16,1,0,0,0,0,0,0,0,0,0,0,0.0,9,6,3,0.0,0.0,0,
419,Jackie Battle,31,TEN,RB,16,1,0,0,0,0,0,0,0,0,0,0,0.0,5,4,1,0.0,0.0,0,
420,Antwon Blake,24,PIT,DB,16,1,1,0,0,0,6,1,0,1,0,0,0.0,43,38,5,0.0,0.0,0,
421,Nolan Carroll,27,PHI,DB,16,1,0,0,0,0,4,0,0,1,0,0,0.0,32,31,1,1.0,1.0,0,
422,Stefan Charles,26,BUF,DT,16,1,0,0,0,0,0,0,0,1,0,0,3.0,23,12,11,4.0,4.0,0,
423,Tyler Clutts,30,DAL,RB,16,1,0,0,0,0,0,0,0,0,0,0,0.0,1,1,0,0.0,0.0,0,
424,Audie Cole,25,MIN,LB,16,1,0,0,0,0,1,0,0,0,0,0,0.0,26,22,4,1.0,0.0,0,
425,Craig Dahl,29,SFO,DB,16,1,1,0,0,0,2,0,0,0,0,0,0.0,23,19,4,1.0,2.0,0,
426,Knile Davis,23,KAN,RB,16,1,0,0,0,0,0,0,4,1,0,0,0.0,0,0,0,0.0,0.0,0,
427,Jack Doyle,24,IND,TE,16,1,0,0,0,0,0,0,0,0,0,0,0.0,1,0,1,0.0,0.0,0,
428,Gavin Escobar,23,DAL,TE,16,1,0,0,0,0,0,0,0,0,0,0,0.0,2,1,1,0.0,0.0,0,
429,Marquis Flowers,22,CIN,LB,16,1,0,0,0,0,1,0,0,0,0,0,0.0,8,4,4,0.0,0.0,0,
430,Garrett Gilkey,24,TAM,T,16,1,0,0,0,0,0,0,2,0,-4,0,0.0,0,0,0,,,0,
431,Josh Gordy,27,IND,DB,16,1,1,0,0,0,4,0,0,1,0,0,0.0,24,19,5,1.0,3.0,0,
432,Brandon Graham,26,PHI,DE,16,1,0,0,0,0,0,4,0,0,0,0,5.5,47,36,11,12.0,9.0,0,
433,Casey Hayward,25,GNB,DB,16,1,3,113,1,82,7,0,0,2,49,1,0.0,42,33,9,2.0,1.0,0,
434,Devin Hester,32,ATL,WR,16,1,0,0,0,0,0,1,2,2,0,0,0.0,0,0,0,0.0,0.0,0,PB
435,Darrius Heyward-Bey,27,PIT,WR,16,1,0,0,0,0,0,1,1,0,0,0,0.0,6,4,2,0.0,0.0,0,
436,Benson Mayowa,23,OAK,DE,16,1,0,0,0,0,1,0,0,0,0,0,1.0,14,9,5,3.0,2.0,0,
437,Jonathan Newsome,23,IND,LB,16,1,0,0,0,0,0,4,0,0,0,0,6.5,28,21,7,5.0,9.0,0,
438,John Phillips,27,SDG,TE,16,1,0,0,0,0,0,0,0,0,0,0,0.0,10,8,2,0.0,0.0,0,
439,Shaun Phillips,33,2TM,LB,16,1,0,0,0,0,2,0,0,0,0,0,2.0,24,16,8,3.0,2.0,0,
439,Shaun Phillips,33,TEN,LB,11,1,0,0,0,0,2,0,0,0,0,0,2.0,19,12,7,3.0,2.0,0,
439,Shaun Phillips,33,IND,LB,5,0,0,0,0,0,0,0,0,0,0,0,0.0,5,4,1,0.0,0.0,0,
440,Adrien Robinson,26,NYG,LB,16,1,0,0,0,0,0,0,0,0,0,0,0.0,3,2,1,0.0,0.0,0,
441,Jacquizz Rodgers,24,ATL,RB,16,1,0,0,0,0,0,1,1,2,0,0,0.0,1,1,0,0.0,0.0,0,
442,DeShawn Shead,25,SEA,DB,16,1,0,0,0,0,2,0,0,0,0,0,0.0,13,11,2,0.0,0.0,0,
443,Eugene Sims,28,STL,LB,16,1,0,0,0,0,0,0,0,1,0,0,3.0,27,22,5,4.0,8.0,0,
444,Jordan Todman,24,JAX,RB,16,1,0,0,0,0,0,0,0,0,0,0,0.0,7,4,3,0.0,0.0,0,
445,Tyrunn Walker,24,NOR,DE,16,1,0,0,0,0,0,1,0,0,0,0,2.5,19,14,5,2.0,3.0,0,
446,Al Woods,27,TEN,NT,16,1,0,0,0,0,0,0,0,0,0,0,1.0,26,13,13,4.0,1.0,0,
447,Mario Addison,27,CAR,DE,16,0,0,0,0,0,0,1,0,2,0,0,6.5,23,10,13,5.0,14.0,0,
448,Kamar Aiken,25,BAL,WR,16,0,0,0,0,0,0,0,0,0,0,0,0.0,4,2,2,0.0,0.0,0,
449,Lorenzo Alexander,31,ARI,LB,16,0,0,0,0,0,0,0,0,0,0,0,1.0,13,11,2,1.0,4.0,0,
450,Beau Allen,23,PHI,DT,16,0,0,0,0,0,0,0,0,0,0,0,0.5,10,7,3,0.0,2.0,0,
451,Ryan Allen,24,NWE,P,16,0,0,0,0,0,0,0,0,1,0,0,0.0,0,0,0,,,0,
452,Tyson Alualu,27,JAX,DE,16,0,0,0,0,0,0,0,0,0,0,0,2.0,30,13,17,2.0,5.0,0,
453,Dan Bailey,26,DAL,K,16,0,0,0,0,0,0,0,0,0,0,0,0.0,2,2,0,0.0,0.0,0,
454,Brandon Bair,30,PHI,DE,16,0,0,0,0,0,1,0,0,0,0,0,1.5,17,14,3,3.0,2.0,0,
455,Nick Bellore,25,NYJ,LB,16,0,0,0,0,0,0,0,0,0,0,0,0.0,15,11,4,0.0,0.0,0,
456,Travis Benjamin,25,CLE,WR,16,0,0,0,0,0,0,1,2,2,0,0,0.0,0,0,0,0.0,0.0,0,
457,Nat Berhe,23,NYG,DB,16,0,0,0,0,0,0,0,0,1,0,0,0.0,15,11,4,0.0,0.0,0,
458,Justin Bethel,24,ARI,DB,16,0,0,0,0,0,0,1,0,1,0,0,0.0,25,21,4,0.0,1.0,0,PB
459,Matthew Bosher,27,ATL,P,16,0,0,0,0,0,0,0,0,0,0,0,0.0,5,5,0,0.0,0.0,0,
460,Brandon Boykin,24,PHI,DB,16,0,1,0,0,0,9,1,0,0,0,0,0.0,42,37,5,0.0,0.0,0,
461,Bryan Braman,27,PHI,LB,16,0,0,0,0,0,0,0,0,0,0,0,0.0,6,6,0,0.0,0.0,0,
462,Aaron Brewer,24,DEN,LS,16,0,0,0,0,0,0,0,0,0,0,0,0.0,3,3,0,0.0,0.0,0,
463,Beau Brinkley,24,TEN,TE,16,0,0,0,0,0,0,0,0,0,0,0,0.0,6,5,1,0.0,0.0,0,
464,Josh Brown,35,NYG,K,16,0,0,0,0,0,0,0,0,1,-4,0,0.0,2,2,0,0.0,0.0,0,
465,Corbin Bryant,26,BUF,DT,16,0,0,0,0,0,1,1,0,0,0,0,1.5,14,7,7,1.0,4.0,0,
466,Randy Bullock,25,HOU,K,16,0,0,0,0,0,0,0,0,0,0,0,0.0,1,1,0,0.0,0.0,0,
467,Jeremy Cain,34,CHI,LB,16,0,0,0,0,0,0,0,0,0,0,0,0.0,4,3,1,0.0,0.0,0,
468,Tank Carder,25,CLE,LB,16,0,0,0,0,0,0,0,0,0,0,0,0.0,10,6,4,0.0,0.0,1,
469,Chandler Catanzaro,23,ARI,K,16,0,0,0,0,0,0,0,0,0,0,0,0.0,2,2,0,0.0,0.0,0,
470,Britton Colquitt,29,DEN,P,16,0,0,0,0,0,0,0,1,1,0,0,0.0,1,0,1,0.0,0.0,0,
471,Dustin Colquitt,32,KAN,P,16,0,0,0,0,0,0,0,0,0,0,0,0.0,1,1,0,0.0,0.0,0,
472,Jon Condo,33,OAK,LS,16,0,0,0,0,0,0,0,0,1,0,0,0.0,3,0,3,0.0,0.0,0,
473,Mason Crosby,30,GNB,K,16,0,0,0,0,0,0,0,0,0,0,0,0.0,2,2,0,0.0,0.0,0,
474,Vinny Curry,26,PHI,DE,16,0,0,0,0,0,0,4,0,1,0,0,9.0,19,17,2,7.0,11.0,0,
475,Ryan Davis,25,JAX,LB,16,0,0,0,0,0,2,2,0,2,0,0,6.5,19,14,5,7.0,11.0,0,
476,Phil Dawson,39,SFO,K,16,0,0,0,0,0,0,0,0,0,0,0,0.0,1,1,0,0.0,0.0,0,
477,John Denney,36,MIA,LS,16,0,0,0,0,0,0,0,0,1,0,0,0.0,2,2,0,0.0,0.0,0,
478,Zak DeOssie,30,NYG,LB,16,0,0,0,0,0,0,0,1,0,-25,0,0.0,8,5,3,0.0,0.0,0,
479,Andrew DePaola,27,TAM,LS,16,0,0,0,0,0,0,0,0,0,0,0,0.0,4,3,1,0.0,0.0,0,
480,Anthony Dixon,27,BUF,RB,16,0,0,0,0,0,0,0,1,1,0,0,0.0,4,1,3,0.0,0.0,0,
481,Brian Dixon,24,NOR,DB,16,0,0,0,0,0,1,1,0,0,0,0,0.0,18,15,3,0.0,0.0,0,
482,Jon Dorenbos,34,PHI,LS,16,0,0,0,0,0,0,0,0,0,0,0,0.0,2,2,0,0.0,0.0,0,PB
483,Leger Douzable,28,NYJ,DE,16,0,0,0,0,0,0,0,0,0,0,0,2.5,25,14,11,2.0,5.0,0,
484,Justin Drescher,26,NOR,LS,16,0,0,0,0,0,0,0,0,0,0,0,0.0,1,1,0,0.0,0.0,0,
485,Lance Dunbar,24,DAL,RB,16,0,0,0,0,0,0,0,0,0,0,0,0.0,1,1,0,0.0,0.0,0,
486,Kasim Edebali,25,NOR,DE,16,0,0,0,0,0,0,1,0,0,0,0,2.0,22,15,7,2.0,2.0,0,
487,Dwan Edwards,33,CAR,DT,16,0,1,24,0,24,2,0,0,0,0,0,4.0,40,24,16,7.0,15.0,0,
488,Ego Ferguson,23,CHI,DT,16,0,0,0,0,0,3,0,0,0,0,0,2.0,24,12,12,1.0,1.0,0,
489,Brandon Fields,30,MIA,P,16,0,0,0,0,0,0,0,0,0,0,0,0.0,1,1,0,0.0,0.0,0,
490,Dee Ford,23,KAN,LB,16,0,0,0,0,0,1,0,0,0,0,0,1.5,8,4,4,1.0,5.0,0,
491,Devonta Freeman,22,ATL,RB,16,0,0,0,0,0,0,0,1,0,0,0,0.0,4,3,1,0.0,0.0,0,
492,Thomas Gafford,31,KAN,LB,16,0,0,0,0,0,0,0,0,0,0,0,0.0,1,1,0,0.0,0.0,0,
493,Graham Gano,27,CAR,K,16,0,0,0,0,0,0,0,0,1,0,0,0.0,0,0,0,0.0,0.0,0,
494,Terence Garvin,23,PIT,LB,16,0,0,0,0,0,0,0,0,0,0,0,0.0,15,9,6,0.0,0.0,0,
495,Jordan Gay,24,BUF,P,16,0,0,0,0,0,0,0,0,0,0,0,0.0,3,2,1,0.0,0.0,0,
496,Robert Geathers,31,CIN,DE,16,0,1,2,0,2,3,0,0,0,0,0,1.0,21,10,11,2.0,5.0,0,
497,Ted Ginn Jr.,29,ARI,WR,16,0,0,0,0,0,0,0,2,1,0,0,0.0,1,1,0,0.0,0.0,0,
498,Robert Golden,24,PIT,DB,16,0,0,0,0,0,0,0,0,1,0,1,0.0,10,5,5,0.0,0.0,0,
499,Stephen Gostkowski,30,NWE,K,16,0,0,0,0,0,0,0,0,0,0,0,0.0,1,1,0,0.0,0.0,0,"PB,AP-2"
500,Jonathan Grimes,25,HOU,RB,16,0,0,0,0,0,0,0,0,0,0,0,0.0,6,5,1,0.0,0.0,0,
501,Ra'Shede Hageman,24,ATL,DT,16,0,0,0,0,0,0,0,0,0,0,0,1.0,17,13,4,4.0,1.0,0,
502,Saalim Hakim,24,NYJ,DB,16,0,0,0,0,0,0,0,0,0,0,0,0.0,8,4,4,0.0,0.0,0,
503,Duron Harmon,23,NWE,DB,16,0,1,60,0,60,1,0,0,1,-1,0,0.0,12,8,4,0.0,0.0,0,
504,Clark Harris,30,CIN,TE,16,0,0,0,0,0,0,0,0,0,0,0,0.0,1,1,0,0.0,0.0,0,
505,Dwayne Harris,27,DAL,WR,16,0,0,0,0,0,0,0,4,1,0,0,0.0,12,10,2,0.0,0.0,0,
506,Josh Harris,25,ATL,DB,16,0,0,0,0,0,0,0,0,0,0,0,0.0,5,3,2,0.0,0.0,0,
507,Stephen Hauschka,29,SEA,K,16,0,0,0,0,0,0,0,0,1,0,0,0.0,1,1,0,0.0,0.0,0,
508,Evander Hood,27,JAX,DT,16,0,0,0,0,0,0,0,0,1,0,0,1.0,24,17,7,2.0,3.0,0,
509,Ben Jacobs,26,CAR,LB,16,0,0,0,0,0,1,0,0,0,0,0,0.0,9,5,4,0.0,1.0,0,
510,Sebastian Janikowski,36,OAK,K,16,0,0,0,0,0,0,0,0,0,0,0,0.0,1,1,0,0.0,0.0,0,
511,J.J. Jansen,28,CAR,LS,16,0,0,0,0,0,0,0,0,0,0,0,0.0,1,1,0,0.0,0.0,0,
512,George Johnson,27,DET,DE,16,0,0,0,0,0,1,0,0,1,0,0,6.0,29,23,6,10.0,12.0,0,
513,Chris Jones,25,DAL,P,16,0,0,0,0,0,0,0,0,0,0,0,0.0,1,1,0,0.0,0.0,0,
514,Jacoby Jones,30,BAL,WR,16,0,0,0,0,0,0,0,4,2,0,0,0.0,0,0,0,,,0,
515,Marquette King,26,OAK,P,16,0,0,0,0,0,0,0,0,0,0,0,0.0,1,1,0,0.0,0.0,0,
516,Karl Klug,26,TEN,DT,16,0,0,0,0,0,0,0,0,0,0,0,2.0,23,18,5,9.0,2.0,0,
517,L.P. Ladouceur,33,DAL,DE,16,0,0,0,0,0,0,0,0,0,0,0,0.0,1,0,1,0.0,0.0,0,PB
518,Spencer Lanning,26,CLE,P,16,0,0,0,0,0,0,0,0,1,0,0,0.0,0,0,0,0.0,0.0,0,
519,Cameron Lawrence,23,DAL,LB,16,0,0,0,0,0,0,0,0,0,0,0,1.0,15,7,8,1.0,1.0,0,
520,Manny Lawson,30,BUF,LB,16,0,0,0,0,0,2,0,0,0,0,0,1.5,20,16,4,4.0,4.0,0,
521,Mike Leach,38,ARI,LS,16,0,0,0,0,0,0,0,0,0,0,0,0.0,3,2,1,0.0,0.0,0,
522,Andy Lee,32,SFO,P,16,0,0,0,0,0,0,0,1,1,0,0,0.0,0,0,0,0.0,0.0,0,
523,Corey Lemonier,23,SFO,DE,16,0,0,0,0,0,0,0,0,0,0,0,0.0,10,7,3,0.0,1.0,0,
524,Ricardo Lockette,28,SEA,WR,16,0,0,0,0,0,0,1,0,0,0,0,0.0,6,5,1,0.0,0.0,0,
525,Cullen Loeffler,33,MIN,LS,16,0,0,0,0,0,0,0,0,0,0,0,0.0,4,4,0,0.0,0.0,0,
526,Chris Maragos,27,PHI,DB,16,0,0,0,0,0,0,1,0,0,0,0,0.0,14,14,0,0.0,0.0,0,
527,Taylor Mays,26,CIN,DB,16,0,0,0,0,0,0,0,0,0,0,0,1.0,9,7,2,1.0,2.0,1,
528,Pat McAfee,27,IND,P,16,0,0,0,0,0,0,0,0,0,0,0,0.0,3,2,1,0.0,0.0,0,"PB,AP-1"
529,Albert McClellan,28,BAL,LB,16,0,0,0,0,0,0,1,0,1,0,0,0.0,16,12,4,0.0,0.0,0,
530,Kelcie McCray,26,KAN,DB,16,0,0,0,0,0,0,0,0,0,0,0,0.0,11,9,2,0.0,1.0,0,
531,Pernell McPhee,26,BAL,DE,16,0,0,0,0,0,4,1,0,0,0,0,7.5,27,17,10,11.0,26.0,0,
532,Jake McQuaide,27,STL,LS,16,0,0,0,0,0,0,0,0,0,0,0,0.0,2,2,0,0.0,0.0,0,
533,Damontre Moore,22,NYG,DE,16,0,0,0,0,0,2,0,0,0,0,0,5.5,32,25,7,6.0,12.0,0,
534,Mike Morgan,26,SEA,LB,16,0,0,0,0,0,0,0,0,0,0,0,0.0,10,7,3,1.0,0.0,0,
535,Thomas Morstead,28,NOR,P,16,0,0,0,0,0,0,0,0,0,0,0,0.0,2,2,0,0.0,0.0,0,
536,Corey Nelson,22,DEN,LB,16,0,0,0,0,0,1,0,0,0,0,0,0.0,17,10,7,0.0,1.0,0,
537,Kyle Nelson,28,SFO,LS,16,0,0,0,0,0,0,0,0,0,0,0,0.0,3,3,0,0.0,0.0,0,
538,Mike Nugent,32,CIN,K,16,0,0,0,0,0,0,0,0,0,0,0,0.0,2,1,1,0.0,0.0,0,
539,Pat O'Donnell,23,CHI,P,16,0,0,0,0,0,0,0,1,1,0,0,0.0,2,2,0,0.0,0.0,0,
540,Jamize Olawale,25,OAK,FB,16,0,0,0,0,0,0,1,0,0,0,0,0.0,7,7,0,0.0,0.0,0,
541,Matt Overton,29,IND,LS,16,0,0,0,0,0,0,0,0,0,0,0,0.0,3,3,0,0.0,0.0,0,
542,Jeoffrey Pagan,21,HOU,DE,16,0,0,0,0,0,0,0,0,0,0,0,0.0,10,5,5,1.0,0.0,0,
543,Tenny Palepoi,24,SDG,DT,16,0,0,0,0,0,0,0,0,0,0,0,0.0,16,9,7,4.0,1.0,0,
544,Cody Parkey,22,PHI,K,16,0,0,0,0,0,0,0,0,0,0,0,0.0,3,2,1,0.0,0.0,0,PB
545,Cedric Peerman,28,CIN,RB,16,0,0,0,0,0,0,0,1,0,0,0,0.0,15,14,1,0.0,0.0,0,
546,Senorise Perry,23,CHI,RB,16,0,0,0,0,0,0,2,0,0,0,0,0.0,10,8,2,0.0,0.0,0,
547,Jordan Poyer,23,CLE,DB,16,0,0,0,0,0,0,1,1,0,0,0,0.0,21,15,6,0.0,0.0,0,
548,Tanner Purdum,28,NYJ,LS,16,0,0,0,0,0,0,0,0,0,0,0,0.0,1,1,0,0.0,0.0,0,
549,Joseph Randle,23,DAL,RB,16,0,0,0,0,0,0,0,2,0,0,0,0.0,6,6,0,0.0,0.0,0,
550,Sean Richardson,24,GNB,DB,16,0,0,0,0,0,0,0,0,0,0,0,0.0,25,23,2,2.0,2.0,0,
551,Jon Ryan,33,SEA,P,16,0,0,0,0,0,0,0,2,1,-15,0,0.0,0,0,0,0.0,0.0,0,
552,Garrison Sanborn,29,BUF,LS,16,0,0,0,0,0,0,0,0,0,0,0,0.0,2,0,2,0.0,0.0,0,
553,Cairo Santos,23,KAN,K,16,0,0,0,0,0,0,0,0,0,0,0,0.0,1,1,0,0.0,0.0,0,
554,Colton Schmidt,24,BUF,P,16,0,0,0,0,0,0,0,0,0,0,0,0.0,3,3,0,0.0,0.0,0,
555,O'Brien Schofield,27,SEA,LB,16,0,0,0,0,0,0,1,0,1,0,0,2.0,20,15,5,2.0,7.0,0,
556,Russell Shepard,24,TAM,WR,16,0,0,0,0,0,0,0,0,0,0,0,0.0,14,14,0,0.0,0.0,0,
557,Marcus Sherels,27,MIN,DB,16,0,0,0,0,0,0,1,0,0,0,0,0.0,9,8,1,0.0,0.0,0,
558,Matthew Slater,29,NWE,WR,16,0,0,0,0,0,0,0,0,0,0,0,0.0,16,13,3,0.0,0.0,0,PB
559,Dezmen Southward,24,ATL,DB,16,0,1,-5,0,-5,2,0,0,0,0,0,1.0,23,16,7,1.0,2.0,0,
560,C.J. Spillman,28,DAL,DB,16,0,0,0,0,0,0,1,0,1,0,0,0.0,17,12,5,0.0,0.0,0,
561,James Starks,28,GNB,RB,16,0,0,0,0,0,0,0,1,0,0,0,0.0,0,0,0,0.0,0.0,0,
562,Darrell Stuckey,27,SDG,DB,16,0,0,0,0,0,1,0,0,2,53,1,0.0,27,18,9,0.0,1.0,0,PB
563,Caleb Sturgis,25,MIA,K,16,0,0,0,0,0,0,0,0,0,0,0,0.0,4,4,0,0.0,0.0,0,
564,Ryan Succop,28,TEN,K,16,0,0,0,0,0,0,0,0,0,0,0,0.0,1,1,0,0.0,0.0,0,
565,Shaun Suisham,33,PIT,K,16,0,0,0,0,0,0,0,0,0,0,0,0.0,1,0,1,0.0,0.0,0,
566,Darryl Tapp,30,DET,DE,16,0,0,0,0,0,2,1,0,1,0,0,0.5,17,12,5,0.0,8.0,0,
567,Devin Taylor,25,DET,DE,16,0,0,0,0,0,0,0,0,0,0,0,1.0,15,11,4,2.0,3.0,0,
568,Carson Tinker,25,JAX,LS,16,0,0,0,0,0,0,0,0,0,0,0,0.0,5,3,2,0.0,0.0,0,
569,Osi Umenyiora,33,ATL,DE,16,0,0,0,0,0,1,0,0,1,86,1,2.5,12,9,3,2.0,9.0,0,
570,Greg Warren,33,PIT,LS,16,0,0,0,0,0,0,0,0,0,0,0,0.0,3,1,2,0.0,0.0,0,
571,Leon Washington,32,TEN,RB,16,0,0,0,0,0,0,0,3,1,0,0,0.0,0,0,0,0.0,0.0,0,
572,Tress Way,24,WAS,P,16,0,0,0,0,0,0,0,1,1,0,0,0.0,2,2,0,0.0,0.0,0,
573,Steve Weatherford,32,NYG,P,16,0,0,0,0,0,0,0,0,0,0,0,0.0,2,2,0,0.0,0.0,0,
574,Jon Weeks,28,HOU,LS,16,0,0,0,0,0,0,0,0,0,0,0,0.0,2,2,0,0.0,0.0,0,
575,Eric Weems,29,ATL,WR,16,0,0,0,0,0,0,1,0,2,0,0,0.0,13,11,2,0.0,0.0,0,
576,Damien Williams,22,MIA,RB,16,0,0,0,0,0,0,1,0,0,0,0,0.0,4,4,0,0.0,0.0,0,
577,Shawn Williams,23,CIN,DB,16,0,0,0,0,0,0,0,0,1,0,0,0.0,10,6,4,0.0,0.0,0,
578,Kyle Wilson,27,NYJ,DB,16,0,0,0,0,0,1,0,0,0,0,0,1.0,26,24,2,2.0,1.0,0,
579,Tavon Wilson,24,NWE,DB,16,0,0,0,0,0,2,0,0,0,0,0,0.0,22,19,3,1.0,1.0,0,
580,Brad Wing,23,PIT,P,16,0,0,0,0,0,0,0,1,1,-15,0,0.0,1,1,0,0.0,0.0,0,
581,Christian Yount,26,CLE,LS,16,0,0,0,0,0,0,0,1,0,0,0,0.0,4,1,3,0.0,0.0,0,
582,Frank Zombo,27,KAN,LB,16,0,0,0,0,0,0,0,0,2,0,0,0.0,8,8,0,0.0,0.0,0,
583,Greg Zuerlein,27,STL,K,16,0,0,0,0,0,0,0,0,0,0,0,0.0,1,1,0,0.0,0.0,0,
584,Jared Allen,32,CHI,RDE,15,15,0,0,0,0,4,2,0,2,0,0,5.5,57,38,19,7.0,18.0,0,
585,Nate Allen,27,PHI,SS,15,15,4,45,0,40,5,1,0,3,25,0,1.0,62,51,11,1.0,1.0,0,
586,David Amerson,23,WAS,RCB,15,15,0,0,0,0,7,0,0,0,0,0,0.0,61,52,9,1.0,0.0,0,
587,Jonathan Babineaux,33,ATL,RDE,15,15,0,0,0,0,1,0,0,0,0,0,2.0,31,14,17,5.0,8.0,0,
588,Byron Bell,25,CAR,LT,15,15,0,0,0,0,0,0,0,1,0,0,0.0,0,0,0,0.0,0.0,0,
589,Dwayne Bowe,30,KAN,WR,15,15,0,0,0,0,0,0,2,1,0,0,0.0,0,0,0,0.0,0.0,0,
590,Desmond Bryant,29,CLE,RDE,15,15,0,0,0,0,1,0,0,1,0,0,5.0,50,25,25,8.0,12.0,0,
591,Bryan Bulaga,25,GNB,RT,15,15,0,0,0,0,0,0,0,1,0,0,0.0,0,0,0,0.0,0.0,0,
592,Morgan Burnett,25,GNB,SS,15,15,1,32,0,32,4,1,0,1,0,0,1.5,130,94,36,4.0,3.0,0,
593,Jamaal Charles,28,KAN,RB,15,15,0,0,0,0,0,0,5,1,0,0,0.0,1,1,0,0.0,0.0,0,PB
594,Trent Cole,32,PHI,ROLB,15,15,0,0,0,0,0,3,0,0,0,0,6.5,52,40,12,8.0,10.0,0,
595,Jamie Collins,25,NWE,LLB,15,15,2,0,0,0,3,4,1,2,3,0,4.0,115,74,41,8.0,10.0,0,
596,Tyrone Crawford,25,DAL,RDT,15,15,0,0,0,0,1,1,0,0,0,0,3.0,33,22,11,6.0,14.0,0,
597,Jay Cutler,31,CHI,QB,15,15,0,0,0,0,0,0,12,4,-29,0,0.0,0,0,0,0.0,0.0,0,
598,Johnathan Cyprien,24,JAX,SS,15,15,0,0,0,0,3,0,0,0,0,0,0.0,114,80,34,5.0,0.0,0,
599,Marcell Dareus,24,BUF,RDT,15,15,0,0,0,0,1,1,0,0,0,0,10.0,49,36,13,12.0,14.0,0,"PB,AP-1"
600,Thomas Davis,31,CAR,RLB,15,15,0,0,0,0,3,2,0,1,33,0,2.5,100,66,34,8.0,4.0,0,
601,Vontae Davis,26,IND,RCB,15,15,4,72,0,42,18,2,0,1,-9,0,0.0,42,35,7,0.0,1.0,0,PB
602,Evan Dietrich-Smith,28,TAM,C,15,15,0,0,0,0,0,0,2,0,-14,0,0.0,0,0,0,0.0,0.0,0,
603,Bradley Fletcher,28,PHI,LCB,15,15,1,34,1,34,22,1,0,1,0,0,0.0,61,54,7,1.0,0.0,0,
604,Larry Foote,34,ARI,LILB,15,15,1,0,0,0,3,0,0,1,0,0,2.0,83,61,22,6.0,7.0,0,AP CPoY-7
605,E.J. Gaines,22,STL,LCB,15,15,2,0,0,0,14,0,0,2,0,0,0.0,70,63,7,3.0,2.0,0,
606,Jermaine Gresham,26,CIN,TE,15,15,0,0,0,0,0,0,3,2,0,0,0.0,0,0,0,,,0,
607,Joe Haden,25,CLE,LCB,15,15,3,0,0,0,20,1,0,2,34,0,0.0,73,58,15,1.0,0.0,0,PB
608,Leon Hall,30,CIN,RCB,15,15,1,-3,0,-3,8,0,0,0,0,0,0.0,67,48,19,2.0,1.0,0,
609,Andrew Hawkins,28,CLE,WR,15,15,0,0,0,0,0,0,0,0,0,0,0.0,1,1,0,0.0,0.0,0,
610,Sammie Lee Hill,28,TEN,NT,15,15,0,0,0,0,6,0,0,0,0,0,3.0,33,26,7,,,0,
611,T.Y. Hilton,25,IND,WR,15,15,0,0,0,0,0,1,3,0,0,0,0.0,0,0,0,0.0,0.0,0,PB
612,Mike Iupati,27,SFO,LG,15,15,0,0,0,0,0,0,0,0,0,0,0.0,1,1,0,0.0,0.0,0,PB
613,Andre Johnson,33,HOU,WR,15,15,0,0,0,0,0,0,3,0,0,0,0.0,0,0,0,0.0,0.0,0,
614,Julio Jones,25,ATL,WR,15,15,0,0,0,0,1,0,2,1,0,0,0.0,0,0,0,0.0,0.0,0,PB
615,Nick Mangold,30,NYJ,C,15,15,0,0,0,0,0,0,1,0,0,0,0.0,0,0,0,0.0,0.0,0,PB
616,Jake Matthews,22,ATL,LT,15,15,0,0,0,0,0,0,0,1,0,0,0.0,0,0,0,0.0,0.0,0,
617,Dominic Raiola,36,DET,C,15,15,0,0,0,0,0,0,1,0,0,0,0.0,1,1,0,,,0,
618,Marcel Reece,29,OAK,RB,15,15,0,0,0,0,0,0,1,0,0,0,0.0,5,4,1,0.0,0.0,0,PB
619,Eric Reid,23,SFO,FS,15,15,3,138,0,73,7,0,0,0,0,0,0.0,41,34,7,0.0,1.0,0,
620,Tony Romo,34,DAL,QB,15,15,0,0,0,0,0,0,7,3,-13,0,0.0,0,0,0,0.0,0.0,0,"PB,AP-2,AP MVP-3,AP OPoY-5"
621,Alex Smith,30,KAN,QB,15,15,0,0,0,0,0,0,4,2,0,0,0.0,0,0,0,0.0,0.0,0,
622,Randy Starks,31,MIA,LDT,15,15,0,0,0,0,1,0,0,1,0,0,4.5,28,18,10,6.0,6.0,0,
623,Aqib Talib,28,DEN,LCB,15,15,4,62,2,33,16,1,0,0,0,0,1.0,64,55,9,3.0,1.0,0,PB
624,Greg Toler,29,IND,LCB,15,15,2,47,1,47,10,1,0,0,0,0,1.0,57,49,8,2.0,0.0,0,
625,T.J. Ward,28,DEN,SS,15,15,2,55,0,37,5,0,0,0,0,0,2.0,74,60,14,6.0,5.0,0,PB
626,Reggie Wayne,36,IND,WR,15,15,0,0,0,0,0,0,1,1,0,0,0.0,0,0,0,0.0,0.0,0,
627,Bjoern Werner,24,IND,RLB,15,15,0,0,0,0,2,1,0,1,1,0,4.0,50,37,13,11.0,7.0,0,
628,Kyle Williams,31,BUF,LDT,15,15,1,2,0,2,3,0,0,0,0,0,5.5,41,30,11,8.0,16.0,0,PB
629,Johnthan Banks,25,TAM,RCB,15,14,4,69,1,32,10,0,0,0,0,0,0.0,50,41,9,1.0,1.0,0,
630,Perrish Cox,27,SFO,LCB,15,14,5,12,0,10,16,0,1,2,0,0,0.0,53,49,4,0.0,0.0,0,
631,Akiem Hicks,25,NOR,LDE,15,14,0,0,0,0,0,0,0,0,0,0,2.0,41,27,14,7.0,7.0,0,
632,Jelani Jenkins,22,MIA,RLB,15,14,0,0,0,0,1,2,0,0,0,0,3.5,110,83,27,9.0,6.0,0,
633,Jarret Johnson,33,SDG,ROLB,15,14,0,0,0,0,1,1,0,0,0,0,1.0,51,36,15,5.0,1.0,0,
634,Jermaine Kearse,24,SEA,WR,15,14,0,0,0,0,0,1,0,0,0,0,0.0,2,2,0,0.0,0.0,0,
635,Paul Soliai,31,ATL,LDT,15,14,0,0,0,0,0,0,0,0,0,0,1.0,30,20,10,6.0,1.0,0,
636,Kenny Vaccaro,23,NOR,SS,15,14,2,45,0,45,5,0,0,0,0,0,1.0,74,51,23,1.0,2.0,0,
637,Erik Walden,29,IND,RDE,15,14,0,0,0,0,0,1,0,0,0,0,6.0,37,25,12,9.0,19.0,0,
638,Delanie Walker,30,TEN,TE,15,14,0,0,0,0,0,0,2,3,0,0,0.0,0,0,0,0.0,0.0,0,
639,Aaron Williams,24,BUF,FS,15,14,1,26,0,26,5,0,1,0,0,0,0.0,76,51,25,2.0,0.0,0,
640,Robert Blanton,25,MIN,SS,15,13,1,1,0,1,2,0,0,1,0,0,0.0,106,72,34,0.0,0.0,0,
641,Dwayne Gratz,24,JAX,RCB,15,13,1,55,1,55,8,2,0,0,0,0,0.0,55,39,16,1.0,0.0,0,
642,Bruce Irvin,27,SEA,LLB,15,13,2,84,2,49,3,1,0,0,0,0,6.5,38,24,14,9.0,12.0,0,
643,Whitney Mercilus,24,HOU,ROLB,15,13,0,0,0,0,0,2,0,0,0,0,5.0,50,31,19,9.0,11.0,0,
644,Da'Norris Searcy,26,BUF,SS,15,13,3,70,0,32,4,1,0,1,0,0,0.5,65,44,21,1.0,3.0,0,
645,Chris Baker,27,WAS,NT,15,12,0,0,0,0,0,0,0,0,0,0,1.0,39,24,15,4.0,4.0,0,
646,Chris Jones,24,NWE,RDT,15,12,0,0,0,0,0,0,0,0,0,0,3.0,25,15,10,4.0,7.0,0,
647,Trent Richardson,24,IND,RB,15,12,0,0,0,0,0,0,2,1,2,0,0.0,0,0,0,0.0,0.0,0,
648,Justin Tuck,31,OAK,LDE,15,12,1,7,0,7,3,2,0,0,0,0,5.0,43,28,15,11.0,15.0,0,
649,Thomas DeCoud,29,CAR,FS,15,11,1,35,0,35,3,0,0,0,0,0,0.0,49,34,15,0.0,1.0,0,
650,Barkevious Mingo,24,CLE,ROLB,15,11,0,0,0,0,3,0,0,1,0,0,2.0,42,26,16,3.0,8.0,0,
651,Jonotthan Harrison,23,IND,C,15,10,0,0,0,0,0,0,1,0,-2,0,0.0,0,0,0,,,0,
652,Luke Willson,24,SEA,TE,15,10,0,0,0,0,0,0,0,1,0,0,0.0,0,0,0,0.0,0.0,0,
653,Matt Asiata,27,MIN,RB,15,9,0,0,0,0,0,0,1,1,0,0,0.0,0,0,0,0.0,0.0,0,
654,William Gholston,23,TAM,LDE,15,9,0,0,0,0,3,0,0,0,0,0,2.0,42,28,14,9.0,6.0,0,
655,Corey White,24,NOR,RCB,15,9,2,2,0,2,6,1,0,1,0,0,1.0,53,50,3,1.0,2.0,0,
656,Antonio Allen,26,NYJ,LCB,15,8,0,0,0,0,6,1,0,0,0,0,0.5,41,36,5,1.0,1.0,0,
657,Tavon Austin,24,STL,WR,15,8,0,0,0,0,0,0,5,4,0,0,0.0,0,0,0,0.0,0.0,0,
658,Sergio Brown,26,IND,FS,15,8,0,0,0,0,6,0,0,1,26,0,1.0,33,24,9,2.0,5.0,0,
659,Mark Herzlich,27,NYG,LLB,15,8,0,0,0,0,2,0,0,1,1,0,1.0,52,35,17,4.0,1.0,0,
660,Sean Lissemore,27,SDG,NT,15,8,0,0,0,0,0,0,0,1,0,0,1.0,29,16,13,1.0,2.0,0,
661,C.J. Mosley,31,DET,LDT,15,8,0,0,0,0,0,1,0,0,0,0,2.5,26,17,9,4.0,8.0,0,
662,Trent Murphy,24,WAS,ROLB,15,8,0,0,0,0,1,2,0,1,0,0,2.5,32,22,10,3.0,7.0,0,
663,Matt Spaeth,31,PIT,TE,15,8,0,0,0,0,0,0,0,0,0,0,0.0,1,1,0,0.0,0.0,0,
664,Willie Young,29,CHI,LDE,15,8,0,0,0,0,2,1,0,0,0,0,10.0,39,28,11,12.0,10.0,0,
665,C.J. Anderson,23,DEN,RB,15,7,0,0,0,0,0,0,1,0,0,0,0.0,0,0,0,0.0,0.0,0,PB
666,Akeem Dent,27,HOU,RILB,15,7,0,0,0,0,0,0,0,0,0,0,1.0,38,25,13,2.0,6.0,0,
667,Rob Housler,26,ARI,TE,15,7,0,0,0,0,0,0,1,0,0,0,0.0,1,1,0,0.0,0.0,0,
668,Frostee Rucker,31,ARI,RDE,15,7,0,0,0,0,1,2,0,0,0,0,5.0,24,20,4,9.0,8.0,0,
669,Jacquies Smith,24,TAM,LDE,15,7,0,0,0,0,2,1,0,1,0,0,6.5,17,13,4,4.0,12.0,0,
670,Kenny Stills,22,NOR,WR,15,7,0,0,0,0,0,0,1,0,0,0,0.0,0,0,0,0.0,0.0,0,
671,Melvin White,24,CAR,RCB,15,7,1,23,0,23,6,1,0,0,0,0,0.0,36,32,4,1.0,0.0,0,
672,Joique Bell,28,DET,RB,15,6,0,0,0,0,0,0,5,4,0,0,0.0,0,0,0,0.0,0.0,0,
673,Ramon Humber,27,NOR,LILB,15,6,0,0,0,0,1,0,0,0,0,0,1.0,50,38,12,2.0,2.0,0,
674,Paul Richardson,22,SEA,WR,15,6,0,0,0,0,0,0,1,1,0,0,0.0,0,0,0,0.0,0.0,0,
675,Andrew Gachkar,26,SDG,LILB,15,5,0,0,0,0,1,0,0,1,13,1,1.0,49,38,11,8.0,1.0,0,
676,Bradley McDougald,24,TAM,SS,15,5,1,0,0,0,7,0,0,0,0,0,0.0,50,40,10,0.0,0.0,0,
677,Bobby Rainey,27,TAM,RB,15,5,0,0,0,0,0,0,3,0,0,0,0.0,5,4,1,0.0,0.0,0,
678,Will Sutton,23,CHI,LDT,15,5,0,0,0,0,2,0,0,0,0,0,0.0,22,15,7,2.0,0.0,0,
679,Josh Boyd,25,GNB,DE,15,4,0,0,0,0,1,0,0,0,0,0,0.0,21,11,10,3.0,1.0,0,
680,Chykie Brown,28,2TM,DB,15,5,0,0,0,0,3,0,0,0,0,0,0.0,41,33,8,0.0,0.0,0,
680,Chykie Brown,28,BAL,DB,7,1,0,0,0,0,1,0,0,0,0,0,0.0,9,8,1,0.0,0.0,0,
680,Chykie Brown,28,NYG,DB,8,4,0,0,0,0,2,0,0,0,0,0,0.0,32,25,7,0.0,0.0,0,
681,Josh McNary,26,IND,LB,15,4,0,0,0,0,0,0,0,0,0,0,0.5,28,16,12,1.0,3.0,0,
682,Nick Perry,24,GNB,LB,15,4,0,0,0,0,1,1,0,1,0,0,3.0,23,17,6,4.0,3.0,0,
683,Philip Wheeler,30,MIA,LB,15,4,0,0,0,0,0,0,0,0,0,0,0.0,46,35,11,3.0,0.0,0,
684,Ray-Ray Armstrong,23,2TM,DB,15,3,0,0,0,0,1,1,0,0,0,0,0.0,20,16,4,1.0,0.0,0,
684,Ray-Ray Armstrong,23,STL,DB,4,0,0,0,0,0,0,0,0,0,0,0,0.0,2,2,0,0.0,0.0,0,
684,Ray-Ray Armstrong,23,OAK,DB,11,3,0,0,0,0,1,1,0,0,0,0,0.0,18,14,4,1.0,0.0,0,
685,Kurt Coleman,26,KAN,DB,15,3,3,12,0,12,6,1,0,1,0,0,0.0,37,34,3,0.0,0.0,0,
686,Jonathan Massaquoi,26,ATL,DE,15,3,0,0,0,0,1,0,0,0,0,0,2.0,22,16,6,4.0,7.0,0,
687,Latavius Murray,24,OAK,RB,15,3,0,0,0,0,0,0,1,0,0,0,0.0,3,3,0,0.0,0.0,0,
688,E.J. Biggers,27,WAS,DB,15,2,0,0,0,0,4,0,0,0,0,0,0.0,32,27,5,1.0,1.0,0,
689,Brock Coyle,24,SEA,LB,15,2,0,0,0,0,0,0,0,0,0,0,0.0,11,8,3,0.0,0.0,0,
690,Zaviar Gooden,24,TEN,LB,15,2,0,0,0,0,0,0,0,0,0,0,0.0,24,17,7,7.0,1.0,0,
691,Demontre Hurst,23,CHI,DB,15,2,1,0,0,0,1,1,0,0,0,0,0.0,40,30,10,2.0,4.0,0,
692,Corey Peters,26,ATL,DT,15,2,0,0,0,0,0,0,0,0,0,0,2.0,26,15,11,6.0,5.0,0,
693,Brenton Bersin,24,CAR,WR,15,1,0,0,0,0,0,0,2,1,0,0,0.0,0,0,0,0.0,0.0,0,
694,Travaris Cadet,25,NOR,RB,15,1,0,0,0,0,0,0,2,0,0,0,0.0,1,1,0,0.0,0.0,0,
695,Jeron Johnson,26,SEA,DB,15,1,0,0,0,0,1,0,0,1,0,0,0.0,19,12,7,2.0,0.0,0,
696,Michael Palmer,26,PIT,TE,15,1,0,0,0,0,0,0,0,0,0,0,0.0,2,2,0,0.0,0.0,0,
697,Spencer Paysinger,26,NYG,LB,15,1,0,0,0,0,0,0,0,0,0,0,0.0,15,12,3,0.0,0.0,0,
698,Bilal Powell,26,NYJ,RB,15,1,0,0,0,0,0,1,0,0,0,0,0.0,5,3,2,0.0,0.0,0,
699,Trent Robinson,24,WAS,DB,15,1,1,14,0,14,1,0,0,1,0,0,0.0,27,19,8,0.0,0.0,0,
700,Kevin Vickerson,31,KAN,DT,15,1,0,0,0,0,1,0,0,0,0,0,0.0,12,9,3,4.0,2.0,0,
701,Danny Aiken,26,NWE,LS,15,0,0,0,0,0,0,0,1,0,0,0,0.0,0,0,0,,,0,
702,Walt Aikens,23,MIA,DB,15,0,1,43,0,43,1,0,0,0,0,0,0.0,15,13,2,0.0,0.0,0,
703,Colt Anderson,29,IND,DB,15,0,0,0,0,0,0,0,0,0,0,0,0.0,16,13,3,0.0,0.0,0,
704,Marvin Austin,25,DEN,DT,15,0,0,0,0,0,0,0,0,0,0,0,0.0,12,8,4,0.0,0.0,0,
705,Joe Banyard,26,MIN,RB,15,0,0,0,0,0,0,0,0,0,0,0,0.0,2,2,0,0.0,0.0,0,
706,Omar Bolden,26,DEN,DB,15,0,0,0,0,0,0,0,0,1,0,0,0.0,19,16,3,0.0,0.0,0,
707,Trey Burton,23,PHI,TE,15,0,0,0,0,0,0,0,0,0,0,0,0.0,4,4,0,0.0,0.0,0,
708,Jarrett Bush,30,GNB,DB,15,0,0,0,0,0,1,0,0,0,0,0,0.0,16,11,5,0.0,0.0,0,
709,Drew Butler,25,ARI,P,15,0,0,0,0,0,0,0,0,0,0,0,0.0,1,1,0,0.0,0.0,0,
710,Cody Davis,25,STL,DB,15,0,0,0,0,0,0,0,0,1,1,0,0.0,9,6,3,0.0,0.0,0,
711,Kony Ealy,23,CAR,DE,15,0,0,0,0,0,0,1,0,0,0,0,4.0,12,8,4,3.0,6.0,0,
712,Antone Exum,23,MIN,DB,15,0,0,0,0,0,0,0,0,1,0,0,0.0,6,4,2,0.0,0.0,0,
713,DuJuan Harris,26,GNB,RB,15,0,0,0,0,0,0,0,0,0,0,0,0.0,1,1,0,0.0,0.0,0,
714,Frank Kearse,26,WAS,DT,15,0,0,0,0,0,0,0,0,0,0,0,3.0,15,12,3,2.0,4.0,0,
715,Danny McCray,26,CHI,DB,15,0,0,0,0,0,0,0,0,1,0,0,0.0,24,17,7,0.0,0.0,0,
716,Zach Orr,22,BAL,LB,15,0,0,0,0,0,0,0,0,0,0,0,0.0,8,6,2,0.0,0.0,0,
717,Silas Redd,22,WAS,RB,15,0,0,0,0,0,0,0,1,0,0,0,0.0,5,4,1,0.0,0.0,0,
718,Chase Reynolds,27,STL,RB,15,0,0,0,0,0,0,0,0,0,0,0,0.0,16,14,2,0.0,0.0,0,
719,Derrick Shelby,25,MIA,DE,15,0,1,2,0,2,1,0,0,1,0,0,3.0,26,21,5,4.0,3.0,0,
720,Quanterus Smith,25,DEN,DE,15,0,0,0,0,0,2,0,0,0,0,0,0.0,11,7,4,2.0,1.0,0,
721,Darren Sproles,31,PHI,RB,15,0,0,0,0,0,0,0,4,2,-7,0,0.0,0,0,0,0.0,0.0,0,"PB,AP-2"
722,Daimion Stafford,23,TEN,DB,15,0,1,33,0,33,3,0,0,0,0,0,1.0,32,25,7,4.0,3.0,0,
723,Nathan Stupar,26,ATL,LB,15,0,0,0,0,0,0,0,0,0,0,0,0.0,10,8,2,0.0,0.0,0,
724,Jacob Tamme,29,DEN,TE,15,0,0,0,0,0,0,0,1,1,0,0,0.0,3,3,0,0.0,0.0,0,
725,Keith Tandy,25,TAM,DB,15,0,1,3,0,3,1,0,0,0,0,0,0.0,8,8,0,0.0,0.0,0,
726,Juwan Thompson,22,DEN,RB,15,0,0,0,0,0,0,0,1,0,0,0,0.0,0,0,0,,,0,
727,Tourek Williams,23,SDG,LB,15,0,0,0,0,0,1,0,0,0,0,0,0.0,21,18,3,0.0,1.0,0,
728,Corey Wootton,27,MIN,DE,15,0,0,0,0,0,0,0,0,0,0,0,1.0,16,11,5,1.0,1.0,0,
729,Keenan Allen,22,SDG,WR,14,14,0,0,0,0,0,0,2,0,0,0,0.0,1,1,0,0.0,0.0,0,
730,Allen Bailey,25,KAN,RDE,14,14,0,0,0,0,2,0,0,0,0,0,5.0,41,27,14,10.0,8.0,0,
731,Nigel Bradham,25,BUF,RLB,14,14,1,0,0,0,6,2,0,0,0,0,2.5,104,66,38,6.0,7.0,0,
732,Tarell Brown,29,OAK,RCB,14,14,0,0,0,0,4,0,0,0,0,0,0.0,55,47,8,0.0,0.0,0,
733,Calais Campbell,28,ARI,LDE,14,14,1,23,0,23,3,1,0,0,0,0,7.0,58,48,10,16.0,11.0,0,"PB,AP-2"
734,Kam Chancellor,26,SEA,SS,14,14,1,52,0,52,6,1,0,0,0,0,0.0,78,60,18,1.0,0.0,0,"PB,AP-2"
735,Charles Clay,25,MIA,TE,14,14,0,0,0,0,0,0,0,2,0,0,0.0,0,0,0,0.0,0.0,0,
736,Chris Culliver,26,SFO,RCB,14,14,4,61,0,29,14,1,0,1,35,1,0.0,45,38,7,0.0,0.0,0,
737,Brian Cushing,27,HOU,LILB,14,14,0,0,0,0,2,1,0,0,0,0,1.0,72,41,31,1.0,9.0,0,
738,Lavonte David,24,TAM,RLB,14,14,0,0,0,0,4,4,0,1,0,0,1.0,146,101,45,17.0,4.0,0,
739,Brandon Flowers,28,SDG,LCB,14,14,3,44,0,27,10,0,1,0,0,0,0.0,52,48,4,1.0,1.0,0,
740,Stephon Gilmore,24,BUF,RCB,14,14,3,61,0,27,6,1,0,0,0,0,0.0,46,38,8,3.0,0.0,0,
741,Dashon Goldson,30,TAM,FS,14,14,0,0,0,0,1,0,0,1,2,0,0.0,81,63,18,0.0,0.0,0,
742,Jonathan Goodwin,36,NOR,C,14,14,0,0,0,0,0,0,1,0,0,0,0.0,0,0,0,,,0,
743,Ray McDonald,30,SFO,LDE,14,14,0,0,0,0,0,1,0,0,0,0,3.0,39,25,14,4.0,8.0,0,
744,Roy Miller,27,JAX,LDT,14,14,0,0,0,0,1,0,0,0,0,0,1.0,31,21,10,4.0,2.0,0,
745,Cam Newton,25,CAR,QB,14,14,0,0,0,0,0,0,9,3,-10,0,0.0,0,0,0,0.0,0.0,0,
746,Russell Okung,26,SEA,LT,14,14,0,0,0,0,0,0,0,0,0,0,0.0,1,1,0,0.0,0.0,0,
747,Justin Pugh,24,NYG,RT,14,14,0,0,0,0,0,0,0,2,-2,0,0.0,0,0,0,0.0,0.0,0,
748,Perry Riley,26,WAS,RILB,14,14,0,0,0,0,4,1,0,0,0,0,2.0,93,60,33,8.0,3.0,0,
749,Orlando Scandrick,27,DAL,RCB,14,14,2,2,0,2,9,2,0,0,0,0,1.0,55,50,5,2.0,1.0,0,
750,Sam Shields,27,GNB,RCB,14,14,2,62,0,62,9,0,0,0,0,0,0.0,40,33,7,1.0,0.0,0,PB
751,Alterraun Verner,26,TAM,LCB,14,14,2,26,0,26,9,2,0,0,0,0,0.0,76,58,18,7.0,0.0,0,
752,Roddy White,33,ATL,WR,14,14,0,0,0,0,0,0,3,1,0,0,0.0,0,0,0,0.0,0.0,0,
753,Shareece Wright,27,SDG,RCB,14,14,0,0,0,0,9,0,0,0,0,0,0.0,60,54,6,2.0,0.0,0,
754,Khalif Barnes,32,OAK,RT/LG,14,13,0,0,0,0,0,0,1,0,0,0,0.0,0,0,0,0.0,0.0,0,
755,Blake Bortles,22,JAX,QB,14,13,0,0,0,0,0,0,7,3,-6,0,0.0,0,0,0,0.0,0.0,0,
756,Donald Butler,26,SDG,RILB,14,13,0,0,0,0,2,0,0,3,0,0,1.0,73,45,28,5.0,1.0,0,
757,Julian Edelman,28,NWE,WR,14,13,0,0,0,0,0,0,3,2,0,0,0.0,0,0,0,0.0,0.0,0,
758,Larry Fitzgerald,31,ARI,WR,14,13,0,0,0,0,0,0,1,0,0,0,0.0,0,0,0,,,0,
759,Brian Hoyer,29,CLE,QB,14,13,0,0,0,0,0,0,4,2,-10,0,0.0,0,0,0,0.0,0.0,0,
760,Jackrabbit Jenkins,26,STL,RCB,14,13,2,124,2,99,5,2,0,0,0,0,0.0,59,55,4,1.0,0.0,0,
761,Michael Johnson,27,TAM,RDE,14,13,0,0,0,0,0,2,0,0,0,0,4.0,27,20,7,5.0,12.0,0,
762,Emmanuel Lamur,25,CIN,LLB,14,13,2,6,0,5,7,0,0,0,0,0,0.0,91,53,38,3.0,2.0,0,
763,Star Lotulelei,25,CAR,RDT,14,13,0,0,0,0,1,0,0,0,0,0,2.0,26,19,7,7.0,4.0,0,
764,Brandon Marshall,25,DEN,RLB,14,13,1,0,0,0,9,2,0,0,0,0,2.0,112,90,22,11.0,3.0,0,
765,Geno Smith,24,NYJ,QB,14,13,0,0,0,0,0,1,8,5,-21,0,0.0,0,0,0,0.0,0.0,0,
766,Jimmy Wilson,28,MIA,DB/FS,14,13,1,31,0,31,2,0,0,0,0,0,0.0,58,47,11,0.0,1.0,0,
767,Darrin Walls,26,NYJ,RCB,14,12,2,25,0,25,12,0,0,0,0,0,0.0,40,40,0,1.0,0.0,0,
768,Sharrif Floyd,22,MIN,LDT,14,11,0,0,0,0,1,0,0,0,0,0,4.5,42,29,13,8.0,9.0,0,
769,Kendall Wright,25,TEN,WR,14,11,0,0,0,0,0,0,1,0,0,0,0.0,0,0,0,0.0,0.0,0,
770,Josh Norman,27,CAR,RCB,14,10,2,60,0,33,11,1,1,1,0,0,0.0,48,36,12,0.0,0.0,0,
771,Dan Skuta,28,SFO,ROLB,14,10,0,0,0,0,1,3,0,0,0,0,5.0,33,25,8,5.0,5.0,0,
772,Fred Jackson,33,BUF,RB,14,9,0,0,0,0,0,0,5,4,0,0,0.0,0,0,0,0.0,0.0,0,
773,Brice McCain,28,PIT,RCB,14,9,3,56,1,31,6,0,0,1,26,0,0.0,25,16,9,0.0,0.0,0,
774,Chris Borland,23,SFO,RILB,14,8,2,12,0,12,4,0,0,1,0,0,1.0,108,84,24,12.0,1.0,0,AP DRoY-4
775,A.J. Klein,23,CAR,LLB,14,8,0,0,0,0,0,1,0,0,0,0,0.0,39,25,14,2.0,0.0,0,
776,Wes Welker,33,DEN,WR,14,8,0,0,0,0,0,0,0,3,0,0,0.0,0,0,0,0.0,0.0,0,
777,Sam Barrington,24,GNB,RILB,14,7,0,0,0,0,1,0,0,0,0,0,1.0,53,40,13,3.0,4.0,0,
778,Toby Gerhart,27,JAX,RB,14,7,0,0,0,0,0,0,1,1,0,0,0.0,4,4,0,0.0,0.0,0,
779,Gerald Hodges,23,MIN,RLB,14,7,1,27,1,27,6,0,0,0,0,0,0.5,66,51,15,2.0,2.0,0,
780,Steven Johnson,26,DEN,MLB,14,7,0,0,0,0,0,0,0,1,0,0,0.5,32,21,11,0.0,2.0,0,
781,A.J. Bouye,23,HOU,LCB,14,6,3,120,1,67,10,1,0,1,0,0,0.0,59,52,7,1.0,0.0,0,
782,Quinton Dial,24,SFO,NT,14,6,0,0,0,0,1,0,0,0,0,0,2.0,30,21,9,3.0,3.0,0,
783,Brandon Myers,29,TAM,TE,14,6,0,0,0,0,0,0,0,1,0,0,0.0,0,0,0,0.0,0.0,0,
784,Patrick Robinson,27,NOR,RB,14,6,2,2,0,2,11,0,0,0,0,0,0.0,39,32,7,0.0,0.0,0,
785,Terrance West,23,CLE,RB,14,6,0,0,0,0,0,0,2,0,0,0,0.0,0,0,0,0.0,0.0,0,
786,Alvin Bailey,23,SEA,LG,14,5,0,0,0,0,0,0,0,1,0,0,0.0,0,0,0,0.0,0.0,0,
787,Brandon Gibson,27,MIA,WR,14,5,0,0,0,0,0,0,2,0,0,0,0.0,0,0,0,0.0,0.0,0,
788,Jaiquawn Jarrett,25,NYJ,SS,14,5,2,10,0,9,2,1,0,1,2,0,1.5,40,27,13,2.0,3.0,0,
789,Malcolm Smith,25,SEA,RLB,14,5,0,0,0,0,1,2,0,0,0,0,0.0,38,28,10,2.0,0.0,0,
790,Jace Amaro,22,NYJ,TE,14,4,0,0,0,0,0,0,1,0,0,0,0.0,0,0,0,,,0,
791,Kyle Arrington,28,NWE,DB,14,4,0,0,0,0,4,2,0,1,9,1,1.0,39,33,6,1.0,0.0,0,
792,Darius Butler,28,IND,DB,14,4,0,0,0,0,7,3,0,1,7,0,0.0,46,41,5,1.0,1.0,0,
793,Ladarius Green,24,SDG,TE,14,4,0,0,0,0,0,0,0,0,0,0,0.0,4,4,0,0.0,0.0,0,
794,Stepfan Taylor,23,ARI,RB,14,4,0,0,0,0,0,0,0,0,0,0,0.0,3,3,0,0.0,0.0,0,
795,Stedman Bailey,24,STL,WR,14,3,0,0,0,0,0,1,0,0,0,0,0.0,2,2,0,0.0,0.0,0,
796,Emmanuel Acho,24,PHI,LB,14,2,0,0,0,0,0,0,0,0,0,0,0.0,31,21,10,2.0,0.0,0,
797,Kevin Brock,28,CIN,TE,14,2,0,0,0,0,0,0,0,0,0,0,0.0,1,1,0,0.0,0.0,0,
798,Justin Gilbert,23,CLE,DB,14,2,1,23,1,23,8,0,0,0,0,0,0.0,29,25,4,0.0,1.0,0,
799,Dexter McCluster,25,TEN,WR,14,2,0,0,0,0,0,0,1,0,0,0,0.0,0,0,0,,,0,
800,Mike Mohamed,26,HOU,LB,14,2,1,0,0,0,6,0,0,0,0,0,0.0,68,40,28,2.0,1.0,0,
801,Theo Riddick,23,DET,RB,14,2,0,0,0,0,0,0,0,0,0,0,0.0,3,3,0,0.0,0.0,0,
802,Dion Sims,23,MIA,TE,14,2,0,0,0,0,0,0,0,1,0,0,0.0,0,0,0,,,0,
803,Ron Brooks,26,BUF,DB,14,1,0,0,0,0,1,0,0,0,0,0,0.0,35,31,4,3.0,5.0,0,
804,Marlon Brown,23,BAL,WR,14,1,0,0,0,0,0,0,0,0,0,0,0.0,1,1,0,0.0,0.0,0,
805,David Bruton,27,DEN,DB,14,1,0,0,0,0,3,2,0,0,0,0,0.0,25,19,6,1.0,0.0,0,
806,Junior Hemingway,26,KAN,WR,14,1,0,0,0,0,0,0,0,0,0,0,0.0,5,5,0,0.0,0.0,0,
807,Marqueston Huff,22,TEN,DB,14,1,1,23,1,23,2,0,0,0,0,0,1.0,18,11,7,1.0,1.0,0,
808,Markus Kuhn,28,NYG,DT,14,1,0,0,0,0,0,0,0,1,26,1,1.0,19,10,9,1.0,1.0,0,
809,Kelvin Sheppard,26,MIA,LB,14,1,0,0,0,0,0,1,0,0,0,0,0.0,24,17,7,1.0,1.0,0,
810,Johnson Bademosi,24,CLE,DB,14,0,0,0,0,0,0,0,0,0,0,0,0.0,12,5,7,0.0,0.0,0,
811,Daren Bates,24,STL,LB,14,0,0,0,0,0,0,0,0,0,0,0,0.0,10,9,1,0.0,0.0,0,
812,Ka'Deem Carey,22,CHI,RB,14,0,0,0,0,0,0,0,0,1,0,0,0.0,1,0,1,0.0,0.0,0,
813,Kenny Demens,24,ARI,LB,14,0,0,0,0,0,0,1,0,0,0,0,0.0,9,9,0,0.0,0.0,0,
814,Darqueze Dennard,23,CIN,DB,14,0,0,0,0,0,1,1,0,0,0,0,1.0,17,14,3,1.0,1.0,0,
815,Brandon Dixon,24,TAM,DB,14,0,1,0,0,0,2,0,0,0,0,0,0.0,9,8,1,1.0,0.0,0,
816,Kenrick Ellis,27,NYJ,DT,14,0,0,0,0,0,0,0,0,0,0,0,1.0,12,4,8,1.0,1.0,0,
817,Andre Hal,22,HOU,DB,14,0,0,0,0,0,4,0,0,0,0,0,0.0,21,18,3,0.0,0.0,0,
818,Jeff Heath,23,DAL,DB,14,0,0,0,0,0,0,0,0,0,0,0,0.0,19,17,2,0.0,0.0,0,
819,Roy Helu,26,WAS,RB,14,0,0,0,0,0,0,0,2,1,0,0,0.0,1,1,0,0.0,0.0,0,
820,Carlos Hyde,24,SFO,RB,14,0,0,0,0,0,0,0,1,0,0,0,0.0,0,0,0,,,0,
821,Josh Martin,23,KAN,LB,14,0,0,0,0,0,0,0,0,0,0,0,0.5,15,11,4,0.0,1.0,0,
822,Rishard Matthews,25,MIA,WR,14,0,0,0,0,0,0,0,1,0,0,0,0.0,4,3,1,0.0,0.0,0,
823,L.J. McCray,23,SFO,DB,14,0,0,0,0,0,0,0,0,0,0,0,0.0,9,7,2,0.0,0.0,0,
824,Eddie Pleasant,26,HOU,DB,14,0,0,0,0,0,1,0,0,0,0,0,0.0,6,5,1,0.0,0.0,0,
825,Chris Polk,25,PHI,RB,14,0,0,0,0,0,0,0,1,0,0,0,0.0,5,4,1,0.0,0.0,0,
826,Ronald Powell,23,NOR,LB,14,0,0,0,0,0,0,0,0,0,0,0,0.0,2,1,1,0.0,0.0,0,
827,Ty Powell,26,BUF,DE,14,0,0,0,0,0,1,0,0,0,0,0,1.0,14,10,4,2.0,4.0,0,
828,Jabari Price,21,MIN,DB,14,0,0,0,0,0,0,0,0,0,0,0,0.0,10,9,1,0.0,0.0,0,
829,Trevor Reilly,26,NYJ,LB,14,0,0,0,0,0,0,0,0,0,0,0,0.0,15,8,7,0.0,0.0,0,
830,Julian Stanford,24,DET,LB,14,0,0,0,0,0,0,0,0,0,0,0,0.0,2,2,0,0.0,0.0,0,
831,Jeff Tarpinian,27,HOU,LB,14,0,0,0,0,0,0,1,0,0,0,0,0.0,14,8,6,0.0,0.0,0,
832,Neiko Thorpe,24,OAK,DB,14,0,0,0,0,0,1,0,0,0,0,0,0.0,8,7,1,0.0,0.0,0,
833,Brynden Trawick,25,BAL,DB,14,0,0,0,0,0,0,0,0,0,0,0,0.0,7,5,2,0.0,2.0,0,
834,Trey Watts,23,STL,RB,14,0,0,0,0,0,0,0,0,0,0,0,0.0,5,4,1,0.0,0.0,0,
835,Brandon Williams,27,CAR,TE,14,0,0,0,0,0,0,0,0,0,0,0,0.0,1,1,0,0.0,0.0,0,
836,Jason Williams,28,2TM,LB,14,0,0,0,0,0,0,0,0,0,0,0,0.0,11,7,4,0.0,0.0,0,
836,Jason Williams,28,CAR,LB,11,0,0,0,0,0,0,0,0,0,0,0,0.0,4,2,2,0.0,0.0,0,
836,Jason Williams,28,TAM,LB,3,0,0,0,0,0,0,0,0,0,0,0,0.0,7,5,2,0.0,0.0,0,
837,Dwayne Allen,24,IND,TE,13,13,0,0,0,0,0,1,1,1,0,0,0.0,2,1,1,0.0,0.0,0,
838,Ahmad Brooks,30,SFO,LOLB,13,13,0,0,0,0,3,1,0,1,0,0,6.0,30,25,5,6.0,10.0,0,
839,Dan Connolly,32,NWE,LG,13,13,0,0,0,0,0,0,0,1,0,0,0.0,0,0,0,0.0,0.0,0,
840,Arian Foster,28,HOU,RB,13,13,0,0,0,0,0,0,2,0,0,0,0.0,0,0,0,0.0,0.0,0,"PB,AP CPoY-5"
841,A.J. Green,26,CIN,WR,13,13,0,0,0,0,0,0,3,0,0,0,0.0,0,0,0,0.0,0.0,0,PB
842,Jason Hatcher,32,WAS,RDE,13,13,0,0,0,0,1,0,0,1,0,0,5.5,25,15,10,8.0,10.0,0,
843,James Ihedigbo,31,DET,SS,13,13,4,86,0,70,8,3,1,1,0,0,2.0,71,59,12,6.0,4.0,0,
844,Kareem Jackson,26,HOU,LCB,13,13,3,97,0,65,9,0,0,0,0,0,0.0,57,48,9,4.0,1.0,0,
845,Brandon Marshall,30,CHI,WR,13,13,0,0,0,0,0,1,1,1,0,0,0.0,0,0,0,0.0,0.0,0,
846,Gerald McCoy,26,TAM,LDT,13,13,0,0,0,0,3,1,0,0,0,0,8.5,35,28,7,13.0,13.0,0,"PB,AP-2"
847,Clinton McDonald,27,TAM,RDT,13,13,1,3,0,3,2,0,0,2,4,0,5.0,45,34,11,9.0,8.0,0,
848,Terence Newman,36,CIN,LCB,13,13,1,3,0,3,14,0,0,0,0,0,0.0,72,48,24,0.0,0.0,0,
849,Ryan Pickett,35,HOU,MLB,13,13,0,0,0,0,3,0,0,0,0,0,0.0,20,11,9,0.0,0.0,0,
850,Keenan Robinson,25,WAS,LILB,13,13,1,0,0,0,3,0,0,1,0,0,1.5,109,71,38,6.0,9.0,0,
851,Muhammad Wilkerson,25,NYJ,LDE,13,13,0,0,0,0,5,1,0,0,0,0,6.0,56,31,25,13.0,21.0,0,
852,Teddy Bridgewater,22,MIN,QB,13,12,0,0,0,0,0,0,3,1,0,0,0.0,0,0,0,0.0,0.0,0,
853,Louis Delmas,27,MIA,SS,13,12,1,81,1,81,3,0,0,2,0,0,1.0,63,51,12,2.0,1.0,0,
854,Byron Maxwell,26,SEA,RCB,13,12,2,23,0,21,12,0,0,1,0,0,0.0,39,35,4,0.0,0.0,0,
855,Rolando McClain,25,DAL,MLB,13,12,2,0,0,0,3,1,0,0,0,0,1.0,81,65,16,9.0,3.0,0,AP CPoY-2
856,Alex Okafor,23,ARI,LOLB,13,12,1,26,0,26,3,0,0,0,0,0,8.0,30,28,2,11.0,13.0,0,
857,Cecil Shorts,27,JAX,WR,13,12,0,0,0,0,0,0,1,0,0,0,0.0,0,0,0,0.0,0.0,0,
858,Kamerion Wimbley,31,TEN,ROLB,13,12,0,0,0,0,0,0,0,0,0,0,2.0,32,17,15,5.0,6.0,0,
859,Ahtyba Rubin,28,CLE,NT,13,11,0,0,0,0,1,0,0,0,0,0,1.0,28,14,14,1.0,4.0,0,
860,Lardarius Webb,29,BAL,LCB,13,11,1,0,0,0,8,0,0,0,0,0,0.0,46,36,10,0.0,0.0,0,
861,Brandian Ross,25,OAK,SS,13,10,2,7,0,7,6,1,0,0,0,0,0.0,55,40,15,1.0,2.0,0,
862,Ryan Schraeder,26,ATL,RT,13,10,0,0,0,0,0,0,0,1,0,0,0.0,0,0,0,,,0,
863,Julius Thomas,26,DEN,TE,13,10,0,0,0,0,0,0,1,0,0,0,0.0,0,0,0,0.0,0.0,0,PB
864,Virgil Green,26,DEN,TE,13,9,0,0,0,0,0,0,0,0,0,0,0.0,5,3,2,0.0,0.0,0,
865,Mark Ingram,25,NOR,RB,13,9,0,0,0,0,0,0,3,0,0,0,0.0,0,0,0,0.0,0.0,0,PB
866,Denard Robinson,24,JAX,RB,13,9,0,0,0,0,0,0,2,0,0,0,0.0,1,1,0,0.0,0.0,0,
867,Jonathan Bostic,23,CHI,LLB,13,8,0,0,0,0,3,0,0,0,0,0,0.0,84,58,26,4.0,0.0,0,
868,Bruce Carter,26,DAL,LLB,13,8,5,72,1,35,8,0,0,0,0,0,1.0,68,48,20,5.0,3.0,0,
869,Clay Harbor,27,JAX,TE,13,8,0,0,0,0,0,0,0,0,0,0,0.0,1,0,1,0.0,0.0,0,
870,Percy Harvin,26,2TM,WR,13,12,0,0,0,0,0,0,3,1,0,0,0.0,0,0,0,0.0,0.0,0,
870,Percy Harvin,26,SEA,WR,5,4,0,0,0,0,0,0,2,1,0,0,0.0,0,0,0,0.0,0.0,0,
870,Percy Harvin,26,NYJ,WR,8,8,0,0,0,0,0,0,1,0,0,0,0.0,0,0,0,0.0,0.0,0,
871,Jonathan Stewart,27,CAR,RB,13,8,0,0,0,0,0,0,2,1,0,0,0.0,0,0,0,0.0,0.0,0,
872,Luke Stocker,26,TAM,RB,13,7,0,0,0,0,0,1,0,0,0,0,0.0,1,1,0,0.0,0.0,0,
873,Tyrann Mathieu,22,ARI,FS,13,6,1,9,0,9,4,0,0,1,9,0,0.0,38,35,3,2.0,4.0,0,
874,Coty Sensabaugh,26,TEN,LCB,13,6,0,0,0,0,6,0,0,1,0,0,1.0,47,39,8,1.0,1.0,0,
875,Phillip Gaines,23,KAN,LCB,13,5,0,0,0,0,4,0,0,0,0,0,0.0,20,20,0,3.0,2.0,0,
876,Shonn Greene,29,TEN,RB,13,5,0,0,0,0,0,0,1,0,0,0,0.0,0,0,0,,,0,
877,Zac Stacy,23,STL,RB,13,5,0,0,0,0,0,0,2,0,0,0,0.0,0,0,0,,,0,
878,Cassius Vaughn,27,DET,DB,13,5,2,70,0,45,5,0,0,1,0,0,0.0,18,16,2,1.0,0.0,0,
879,Billy Winn,25,CLE,LDE,13,5,1,0,0,0,2,1,0,0,0,0,0.0,31,17,14,4.0,2.0,0,
880,T.J. Carrie,24,OAK,DB,13,4,1,28,0,28,9,1,2,2,0,0,0.0,44,37,7,2.0,1.0,0,
881,Marcus Cooper,24,KAN,LCB,13,4,0,0,0,0,3,0,1,0,0,0,0.0,21,21,0,0.0,0.0,0,
882,Davon House,25,GNB,DB,13,4,1,0,0,0,10,1,0,0,0,0,0.0,27,27,0,1.0,0.0,0,
883,Nic Jacobs,23,JAX,TE,13,4,0,0,0,0,0,0,0,0,0,0,0.0,1,1,0,0.0,0.0,0,
884,K'Waun Williams,23,CLE,DB,13,4,0,0,0,0,8,0,0,0,0,0,1.0,38,29,9,1.0,3.0,0,
885,Jarrett Boykin,25,GNB,WR,13,3,0,0,0,0,0,2,0,0,0,0,0.0,4,3,1,1.0,0.0,0,
886,Corey Brown,23,CAR,WR,13,3,0,0,0,0,0,0,3,1,0,0,0.0,1,1,0,0.0,0.0,0,
887,Donald Brown,27,SDG,RB,13,3,0,0,0,0,0,0,1,0,0,0,0.0,4,4,0,0.0,0.0,0,
888,Don Carey,27,DET,DB,13,3,0,0,0,0,0,0,0,1,40,1,0.0,12,10,2,1.0,0.0,0,
889,Jonathan Casillas,27,2TM,LB,13,6,0,0,0,0,0,1,0,0,0,0,0.0,37,24,13,2.0,1.0,0,
889,Jonathan Casillas,27,TAM,LB,5,3,0,0,0,0,0,0,0,0,0,0,0.0,9,5,4,1.0,0.0,0,
889,Jonathan Casillas,27,NWE,LB,8,3,0,0,0,0,0,1,0,0,0,0,0.0,28,19,9,1.0,1.0,0,
890,Datone Jones,24,GNB,DE,13,3,1,18,0,18,2,0,0,0,0,0,1.5,20,15,5,3.0,4.0,0,
891,Gary Barnidge,29,CLE,TE,13,2,0,0,0,0,0,0,0,0,0,0,0.0,2,1,1,0.0,0.0,0,
892,Brandon Deaderick,27,NOR,DT,13,2,0,0,0,0,0,0,0,0,0,0,0.0,8,4,4,0.0,0.0,0,
893,Sherrod Martin,30,JAX,DB,13,2,1,0,0,0,2,1,0,0,0,0,0.0,16,13,3,1.0,1.0,0,
894,Bernard Pierce,23,BAL,RB,13,2,0,0,0,0,0,0,1,0,0,0,0.0,0,0,0,0.0,0.0,0,
895,Tim Jamison,28,HOU,DE,13,1,0,0,0,0,0,0,0,1,0,0,1.5,19,12,7,1.0,3.0,0,
896,Brad Jones,28,GNB,LB,13,1,0,0,0,0,1,1,0,0,0,0,0.0,18,12,6,2.0,1.0,0,
897,Eric Martin,23,CLE,LB,13,1,0,0,0,0,0,1,0,1,0,0,0.0,6,1,5,0.0,0.0,0,
898,Andy Studebaker,29,IND,LB,13,1,0,0,0,0,0,1,0,1,0,0,0.0,15,8,7,1.0,1.0,0,
899,Xavier Su'a-Filo,23,HOU,G,13,1,0,0,0,0,0,0,0,0,0,0,0.0,1,0,1,,,0,
900,Brandon Bostick,25,GNB,TE,13,0,0,0,0,0,0,0,0,0,0,0,0.0,5,3,2,0.0,0.0,0,
901,Marcus Burley,24,SEA,DB,13,0,1,24,0,24,5,0,0,0,0,0,1.0,35,25,10,2.0,1.0,0,
902,Josh Bynes,25,DET,LB,13,0,1,17,0,17,1,0,0,1,0,0,0.0,22,18,4,2.0,1.0,0,
903,Akeem Davis,25,WAS,DB,13,0,0,0,0,0,0,0,0,0,0,0,0.0,11,6,5,0.0,0.0,0,
904,Larry Dean,26,BUF,LB,13,0,0,0,0,0,0,0,0,0,0,0,0.0,10,8,2,0.0,0.0,0,
905,Bruce Ellington,23,SFO,WR,13,0,0,0,0,0,0,0,1,1,0,0,0.0,0,0,0,0.0,0.0,0,
906,Jayrone Elliott,23,GNB,LB,13,0,0,0,0,0,0,0,0,0,0,0,0.0,15,14,1,0.0,1.0,0,
907,Jordan Hill,23,SEA,DT,13,0,1,8,0,8,4,0,0,3,0,0,5.5,19,15,4,6.0,10.0,0,
908,Andrew Jackson,22,IND,LB,13,0,0,0,0,0,0,0,0,0,0,0,1.0,10,8,2,3.0,1.0,0,
909,Don Jones,24,2TM,DB,13,0,0,0,0,0,0,0,0,0,0,0,0.0,11,11,0,0.0,0.0,0,
909,Don Jones,24,NWE,DB,9,0,0,0,0,0,0,0,0,0,0,0,0.0,6,6,0,0.0,0.0,0,
909,Don Jones,24,MIA,DB,4,0,0,0,0,0,0,0,0,0,0,0,0.0,5,5,0,0.0,0.0,0,
910,Craig Loston,25,JAX,DB,13,0,0,0,0,0,0,0,0,0,0,0,0.0,3,2,1,0.0,0.0,0,
911,Terrell McClain,26,DAL,DT,13,0,0,0,0,0,0,1,0,0,0,0,1.0,19,14,5,3.0,3.0,0,
912,Lerentee McCray,24,DEN,LB,13,0,0,0,0,0,1,1,0,0,0,0,1.0,6,4,2,0.0,2.0,0,
913,Marlon Moore,27,CLE,WR,13,0,0,0,0,0,0,1,0,1,0,0,0.0,9,9,0,0.0,0.0,0,
914,Henoc Muamba,25,IND,LB,13,0,0,0,0,0,0,0,0,0,0,0,0.0,6,4,2,0.0,0.0,0,
915,Kassim Osgood,34,SFO,WR,13,0,0,0,0,0,0,0,0,0,0,0,0.0,6,6,0,0.0,0.0,0,
916,Mike Pennel,23,GNB,DT,13,0,0,0,0,0,0,0,0,0,0,0,0.0,8,7,1,1.0,2.0,0,
917,Mohammed Seisay,24,DET,DB,13,0,0,0,0,0,0,0,0,0,0,0,0.0,5,5,0,1.0,0.0,0,
918,Brad Smith,31,PHI,WR,13,0,0,0,0,0,0,0,0,1,6,0,0.0,5,5,0,0.0,0.0,0,
919,Anthony Spencer,30,DAL,DE,13,0,0,0,0,0,1,2,0,1,5,1,0.5,22,12,10,2.0,7.0,0,
920,Lorenzo Taliaferro,23,BAL,RB,13,0,0,0,0,0,0,0,1,0,0,0,0.0,4,3,1,0.0,0.0,0,
921,Ryan Taylor,27,2TM,TE,13,0,0,0,0,0,0,0,0,0,0,0,0.0,2,2,0,0.0,0.0,0,
921,Ryan Taylor,27,GNB,TE,5,0,0,0,0,0,0,0,0,0,0,0,0.0,1,1,0,0.0,0.0,0,
921,Ryan Taylor,27,CLE,TE,8,0,0,0,0,0,0,0,0,0,0,0,0.0,1,1,0,0.0,0.0,0,
922,Jordan Tripp,23,MIA,LB,13,0,0,0,0,0,0,0,0,0,0,0,0.0,3,2,1,0.0,0.0,0,
923,Cornelius Washington,25,CHI,LB,13,0,0,0,0,0,0,0,0,0,0,0,1.0,9,6,3,2.0,2.0,0,
924,Chris White,25,NWE,LB,13,0,0,0,0,0,0,0,0,0,0,0,0.0,7,4,3,0.0,0.0,0,
925,Steve Williams,23,SDG,DB,13,0,0,0,0,0,2,0,0,0,0,0,0.0,10,10,0,0.0,0.0,0,
926,Anthony Barr,22,MIN,RLB,12,12,0,0,0,0,3,2,0,3,27,1,4.0,70,55,15,6.0,7.0,0,
927,Chris Conte,25,CHI,FS,12,12,3,6,0,5,3,0,0,0,0,0,0.0,43,32,11,0.0,0.0,0,
928,Karlos Dansby,33,CLE,LILB,12,12,1,0,0,0,2,0,0,0,0,0,3.0,93,47,46,10.0,3.0,0,
929,Andre Ellington,25,ARI,RB,12,12,0,0,0,0,0,0,2,0,0,0,0.0,0,0,0,0.0,0.0,0,
930,Cortland Finnegan,30,MIA,RCB,12,12,0,0,0,0,8,1,0,1,50,1,0.0,44,33,11,1.0,0.0,0,
931,Ryan Fitzpatrick,32,HOU,QB,12,12,0,0,0,0,0,0,5,4,-7,0,0.0,0,0,0,0.0,0.0,0,
932,Jerrell Freeman,28,IND,LLB,12,12,0,0,0,0,6,2,0,0,0,0,1.5,95,58,37,4.0,4.0,0,
933,Marcus Gilbert,26,PIT,RT,12,12,0,0,0,0,0,0,0,1,0,0,0.0,0,0,0,0.0,0.0,0,
934,Chad Greenway,31,MIN,LLB,12,12,0,0,0,0,2,1,0,0,0,0,1.0,93,56,37,4.0,5.0,0,
935,David Hawthorne,29,NOR,LILB,12,12,1,10,0,10,3,0,0,0,0,0,3.0,83,52,31,7.0,5.0,0,
936,Dont'a Hightower,24,NWE,RLB/MLB,12,12,0,0,0,0,2,1,0,0,0,0,6.0,89,51,38,9.0,13.0,0,
937,Reshad Jones,26,MIA,FS,12,12,3,62,0,50,7,1,1,0,0,0,1.0,80,70,10,5.0,1.0,0,
938,Rey Maualuga,27,CIN,MLB,12,12,1,4,0,4,4,0,0,0,0,0,0.0,59,33,26,5.0,0.0,0,
939,Haloti Ngata,30,BAL,LDE,12,12,2,16,0,13,7,2,0,0,0,0,2.0,32,19,13,2.0,3.0,0,
940,Kyle Orton,32,BUF,QB,12,12,0,0,0,0,0,0,3,1,0,0,0.0,0,0,0,0.0,0.0,0,AP CPoY-7
941,Troy Polamalu,33,PIT,SS,12,12,0,0,0,0,1,1,0,1,13,0,0.0,61,40,21,5.0,1.0,0,
942,Odell Beckham Jr.,22,NYG,WR,12,11,0,0,0,0,0,0,1,0,0,0,0.0,1,1,0,0.0,0.0,0,"PB,AP ORoY-1"
943,Antoine Cason,28,CAR,LCB,12,11,2,81,0,80,6,4,0,2,0,0,0.0,58,44,14,0.0,0.0,0,
944,Cullen Jenkins,33,NYG,LDT,12,11,0,0,0,0,1,0,0,1,0,0,1.0,15,7,8,3.0,6.0,0,
945,Mychal Kendricks,24,PHI,LILB,12,11,0,0,0,0,3,3,0,0,0,0,4.0,82,61,21,10.0,9.0,0,
946,Steve McLendon,28,PIT,NT,12,11,0,0,0,0,0,0,0,0,0,0,1.0,21,12,9,4.0,2.0,0,
947,Ropati Pitoitua,29,TEN,LDE,12,11,0,0,0,0,1,0,0,1,0,0,2.0,29,15,14,5.0,2.0,0,
948,Shea McClellin,25,CHI,RLB,12,10,0,0,0,0,1,0,0,0,0,0,1.0,36,24,12,6.0,1.0,0,
949,D.J. Williams,32,CHI,MLB,12,10,0,0,0,0,0,0,0,0,0,0,0.0,46,30,16,1.0,0.0,0,
950,Tre Mason,21,STL,RB,12,9,0,0,0,0,0,0,2,1,0,0,0.0,0,0,0,0.0,0.0,0,
951,Menelik Watson,26,OAK,RT,12,9,0,0,0,0,0,0,0,1,0,0,0.0,0,0,0,0.0,0.0,0,
952,Justin Hunter,23,TEN,WR,12,8,0,0,0,0,0,0,0,1,0,0,0.0,0,0,0,0.0,0.0,0,
953,Major Wright,26,TAM,FS,12,7,0,0,0,0,1,0,0,0,0,0,0.0,52,35,17,2.0,0.0,0,
954,Charles Johnson,25,MIN,WR,12,6,0,0,0,0,0,0,1,0,0,0,0.0,1,1,0,,,0,
955,Devon Kennard,23,NYG,LLB,12,6,0,0,0,0,1,2,0,0,0,0,4.5,43,36,7,10.0,5.0,0,
956,Mike Harris,26,MIN,RT,12,5,0,0,0,0,0,0,0,1,0,0,0.0,0,0,0,0.0,0.0,0,
957,Phillip Adams,26,NYJ,DB,12,4,1,0,0,0,3,0,0,1,-1,0,0.0,24,21,3,0.0,0.0,0,
958,John Jenkins,25,NOR,DT,12,4,0,0,0,0,1,0,0,0,0,0,1.0,30,20,10,3.0,1.0,0,
959,Brett Keisel,36,PIT,DE,12,4,1,16,0,16,5,0,0,0,0,0,1.0,17,8,9,1.0,5.0,0,
960,Timmy Jernigan,22,BAL,DT,12,3,0,0,0,0,0,0,0,0,0,0,4.0,23,11,12,3.0,10.0,0,
961,Ishmaa'ily Kitchen,26,CLE,DT,12,3,0,0,0,0,0,0,0,0,0,0,0.0,43,13,30,0.0,1.0,0,
962,Brian Leonhardt,24,OAK,TE,12,3,0,0,0,0,0,1,0,0,0,0,0.0,4,4,0,0.0,0.0,0,
963,Mike Martin,24,TEN,DT,12,3,0,0,0,0,0,0,0,0,0,0,0.0,13,7,6,0.0,1.0,0,
964,Keith Rivers,28,BUF,LB,12,3,0,0,0,0,0,0,0,0,0,0,0.0,16,11,5,3.0,1.0,0,
965,Jamar Taylor,24,MIA,DB,12,3,0,0,0,0,0,0,0,0,0,0,0.0,31,30,1,3.0,0.0,0,
966,De'Anthony Thomas,21,KAN,RB,12,3,0,0,0,0,0,0,0,1,0,0,0.0,0,0,0,0.0,0.0,0,
967,Marcus Ball,27,NOR,DB,12,2,0,0,0,0,0,0,0,1,0,0,0.0,16,12,4,2.0,0.0,0,
968,Ricardo Mathews,27,SDG,DT,12,2,0,0,0,0,0,2,0,0,0,0,1.5,21,15,6,3.0,5.0,0,
969,Albert Wilson,22,KAN,WR,12,2,0,0,0,0,0,1,0,0,0,0,0.0,3,3,0,0.0,0.0,0,
970,Robert Ayers,29,NYG,DE,12,1,0,0,0,0,1,1,0,0,0,0,5.0,22,18,4,4.0,14.0,0,
971,Chris Davis,24,SDG,DB,12,1,0,0,0,0,1,1,0,0,0,0,0.0,15,13,2,0.0,0.0,0,
972,Jayson DiManche,24,CIN,LB,12,1,0,0,0,0,0,1,0,0,0,0,0.0,10,6,4,1.0,1.0,0,
973,Larry English,28,TAM,DE,12,1,0,0,0,0,0,1,0,0,0,0,1.0,12,7,5,0.0,3.0,0,
974,Montori Hughes,24,IND,DT,12,1,0,0,0,0,1,0,0,1,0,0,0.0,11,8,3,1.0,0.0,0,
975,Maurice Jones-Drew,29,OAK,RB,12,1,0,0,0,0,0,0,1,0,0,0,0.0,0,0,0,0.0,0.0,0,
976,Keith McGill,25,OAK,DB,12,1,0,0,0,0,1,0,0,1,18,1,0.0,9,9,0,0.0,0.0,0,
977,Marcus Benard,29,ARI,LB,12,0,0,0,0,0,0,0,0,0,0,0,1.0,9,8,1,1.0,2.0,0,
978,Isaiah Burse,23,DEN,WR,12,0,0,0,0,0,0,0,3,1,0,0,0.0,0,0,0,,,0,
979,Nate Ebner,26,NWE,DB,12,0,0,0,0,0,0,0,0,0,0,0,0.0,11,7,4,0.0,0.0,0,
980,Jonathan Freeny,25,MIA,DE,12,0,0,0,0,0,0,0,0,0,0,0,1.0,16,12,4,1.0,1.0,0,
981,T.J. Graham,25,NYJ,WR,12,0,0,0,0,0,0,0,0,3,0,0,0.0,11,8,3,0.0,0.0,0,
982,Will Herring,31,STL,LB,12,0,0,0,0,0,0,0,0,0,0,0,0.0,4,4,0,0.0,0.0,0,
983,Josh Huff,23,PHI,WR,12,0,0,0,0,0,0,0,1,1,0,0,0.0,4,2,2,0.0,0.0,0,
984,Margus Hunt,27,CIN,DE,12,0,0,0,0,0,1,0,0,0,0,0,1.0,7,5,2,2.0,1.0,0,
985,Zach Kerr,24,IND,DT,12,0,0,0,0,0,1,1,0,0,0,0,3.0,16,11,5,2.0,2.0,0,
986,Kyle Knox,25,NOR,LB,12,0,0,0,0,0,0,0,0,0,0,0,0.0,3,1,2,0.0,0.0,0,
987,Stansly Maponga,23,ATL,DE,12,0,0,0,0,0,0,0,0,2,6,0,1.0,3,2,1,1.0,1.0,0,
988,Dewey McDonald,24,IND,DB,12,0,0,0,0,0,0,0,0,0,0,0,0.0,10,8,2,0.0,0.0,0,
989,Sherrick McManis,27,CHI,DB,12,0,0,0,0,0,0,0,0,1,0,0,0.0,12,10,2,0.0,1.0,0,
990,Caraun Reid,23,DET,DT,12,0,0,0,0,0,1,0,0,0,0,0,0.0,2,0,2,0.0,0.0,0,
991,Ace Sanders,23,JAX,WR,12,0,0,0,0,0,0,0,2,1,0,0,0.0,0,0,0,,,0,
992,Devon Still,25,CIN,DT,12,0,0,0,0,0,0,0,0,0,0,0,0.0,19,11,8,0.0,0.0,0,
993,Daniel Thomas,27,MIA,RB,12,0,0,0,0,0,0,0,1,0,0,0,0.0,0,0,0,,,0,
994,Kayvon Webster,23,DEN,DB,12,0,0,0,0,0,2,0,0,0,0,0,0.0,23,22,1,0.0,0.0,0,
995,George Winn,24,DET,RB,12,0,0,0,0,0,0,0,0,0,0,0,0.0,2,2,0,0.0,0.0,0,
996,Brodrick Bunkley,31,NOR,NT,11,11,0,0,0,0,0,0,0,0,0,0,0.0,18,8,10,0.0,0.0,0,
997,Chris Canty,32,BAL,RDE,11,11,0,0,0,0,2,1,0,0,0,0,0.5,33,13,20,1.0,1.0,0,
998,Tashaun Gipson,24,CLE,FS,11,11,6,158,1,62,8,1,0,0,0,0,0.0,52,28,24,2.0,0.0,0,PB
999,Mathias Kiwanuka,31,NYG,LDE,11,11,0,0,0,0,0,2,0,0,0,0,2.5,28,20,8,2.0,6.0,0,
1000,Phil Loadholt,28,MIN,RT,11,11,0,0,0,0,0,0,0,1,0,0,0.0,0,0,0,0.0,0.0,0,
1001,Josh McCown,35,TAM,QB,11,11,0,0,0,0,0,0,10,5,-3,0,0.0,0,0,0,0.0,0.0,0,
1002,Koa Misi,27,MIA,MLB,11,11,0,0,0,0,1,0,0,1,0,0,1.0,64,49,15,4.0,4.0,0,
1003,Sio Moore,24,OAK,LLB,11,11,0,0,0,0,1,1,0,0,0,0,3.0,90,67,23,9.0,4.0,0,
1004,Jay Ratliff,33,CHI,LDT,11,11,0,0,0,0,0,0,0,0,0,0,6.5,37,21,16,10.0,14.0,0,
1005,Brian Schwenke,23,TEN,C,11,11,0,0,0,0,0,0,1,0,0,0,0.0,0,0,0,0.0,0.0,0,
1006,Bobby Wagner,24,SEA,MLB,11,11,0,0,0,0,3,0,0,0,0,0,2.0,104,67,37,10.0,6.0,0,"PB,AP-1,AP MVP-5"
1007,Blidi Wreh-Wilson,25,TEN,LCB,11,11,1,34,0,34,10,0,0,0,0,0,0.0,57,48,9,0.0,0.0,0,
1008,Rashad Jennings,29,NYG,RB,11,9,0,0,0,0,0,0,1,0,0,0,0.0,0,0,0,0.0,0.0,0,
1009,Cortez Allen,26,PIT,LCB,11,7,2,27,0,27,11,0,0,1,0,0,0.0,41,36,5,3.0,7.0,0,
1010,LaRon Landry,30,IND,FS,11,6,0,0,0,0,0,0,0,0,0,0,2.5,47,38,9,5.0,5.0,0,
1011,Jahleel Addae,24,SDG,DB,11,5,0,0,0,0,0,2,0,1,0,0,1.0,48,35,13,1.0,1.0,0,
1012,Tre Boston,22,CAR,FS,11,5,1,84,1,84,3,0,0,0,0,0,0.0,26,18,8,1.0,0.0,0,
1013,Jamari Lattimore,26,GNB,RILB,11,5,1,10,0,10,1,0,0,0,0,0,0.0,39,23,16,0.0,0.0,0,
1014,Akeem Ayers,25,2TM,LB,11,4,1,0,0,0,1,0,0,0,0,0,4.0,23,17,6,6.0,5.0,0,
1014,Akeem Ayers,25,TEN,LB,2,0,0,0,0,0,0,0,0,0,0,0,0.0,3,1,2,0.0,0.0,0,
1014,Akeem Ayers,25,NWE,LB,9,4,1,0,0,0,1,0,0,0,0,0,4.0,20,16,4,6.0,5.0,0,
1015,James Harrison,36,PIT,LB,11,4,0,0,0,0,0,0,0,0,0,0,5.5,45,29,16,8.0,14.0,0,
1016,DeAngelo Tyson,25,BAL,DT,11,4,0,0,0,0,0,0,0,2,0,0,1.0,21,7,14,2.0,3.0,0,
1017,Crezdon Butler,27,TAM,DB,11,3,0,0,0,0,0,0,0,0,0,0,0.0,14,14,0,0.0,0.0,0,
1018,Louis Murphy,27,TAM,WR,11,3,0,0,0,0,0,0,1,0,0,0,0.0,0,0,0,0.0,0.0,0,
1019,Chris Owens,28,KAN,DB,11,3,0,0,0,0,4,0,0,1,0,0,0.5,33,27,6,1.0,1.0,0,
1020,John Urschel,23,BAL,G,11,3,0,0,0,0,0,0,0,0,0,0,0.0,1,1,0,0.0,0.0,0,
1021,Da'Quan Bowers,24,TAM,DE,11,2,0,0,0,0,1,0,0,1,0,0,1.5,21,11,10,2.0,3.0,0,
1022,Dominique Easley,22,NWE,DT,11,2,1,0,0,0,1,0,0,0,0,0,1.0,10,7,3,2.0,3.0,0,
1023,Nico Johnson,24,CIN,LB,11,2,0,0,0,0,0,0,0,1,0,0,0.0,15,8,7,2.0,1.0,0,
1024,Kareem Martin,22,ARI,DE,11,2,0,0,0,0,1,1,0,0,0,0,1.0,8,8,0,0.0,1.0,0,
1025,Jordan Reed,24,WAS,TE,11,2,0,0,0,0,0,0,1,1,0,0,0.0,0,0,0,0.0,0.0,0,
1026,Brian Tyms,25,NWE,WR,11,2,0,0,0,0,0,0,0,0,0,0,0.0,1,1,0,0.0,0.0,0,
1027,Malcolm Butler,24,NWE,DB,11,1,0,0,0,0,3,0,0,0,0,0,0.0,15,14,1,0.0,0.0,0,
1028,Derek Carrier,24,SFO,TE,11,1,0,0,0,0,0,0,1,1,0,0,0.0,3,3,0,0.0,0.0,0,
1029,Isaiah Frey,24,2TM,DB,11,1,0,0,0,0,1,2,0,1,0,0,0.0,26,14,12,1.0,0.0,0,
1029,Isaiah Frey,24,TAM,DB,8,0,0,0,0,0,1,0,0,0,0,0,0.0,15,9,6,1.0,0.0,0,
1029,Isaiah Frey,24,CHI,DB,3,1,0,0,0,0,0,2,0,1,0,0,0.0,11,5,6,0.0,0.0,0,
1030,Lawrence Guy,24,BAL,DE,11,1,0,0,0,0,1,0,0,1,6,0,0.0,16,2,14,0.0,1.0,0,
1031,Darryl Morris,24,HOU,DB,11,1,1,0,0,0,6,0,0,0,0,0,0.0,31,26,5,1.0,0.0,0,
1032,Jarius Wynn,28,BUF,DE,11,1,0,0,0,0,2,0,0,1,0,0,2.0,17,10,7,2.0,5.0,0,
1033,Jeremiah Attaochu,21,SDG,LB,11,0,0,0,0,0,1,1,0,0,0,0,2.0,10,8,2,1.0,2.0,0,
1034,LeGarrette Blount,28,PIT,RB,11,0,0,0,0,0,0,0,1,0,0,0,0.0,0,0,0,,,0,
1035,Terrence Brooks,22,BAL,DB,11,0,0,0,0,0,2,0,0,1,0,0,0.0,19,16,3,0.0,1.0,0,
1036,Quinton Carter,26,DEN,DB,11,0,0,0,0,0,1,1,0,0,0,0,1.0,20,16,4,1.0,1.0,0,
1037,Terrence Fede,23,MIA,DE,11,0,0,0,0,0,0,0,0,0,0,0,1.0,10,8,2,1.0,1.0,1,
1038,Chandler Fenner,24,NYG,DB,11,0,0,0,0,0,0,0,0,0,0,0,0.0,7,5,2,0.0,0.0,0,
1039,Sione Fua,26,CLE,DT,11,0,0,0,0,0,0,0,0,0,0,0,0.0,12,6,6,0.0,0.0,0,
1040,Kedric Golston,31,WAS,DT,11,0,0,0,0,0,0,0,0,0,0,0,0.0,7,7,0,0.0,0.0,0,
1041,Brandon Harris,24,TEN,DB,11,0,0,0,0,0,3,0,0,0,0,0,0.0,11,9,2,0.0,0.0,0,
1042,Adam Hayward,30,WAS,LB,11,0,0,0,0,0,0,0,0,0,0,0,0.0,13,9,4,0.0,0.0,0,
1043,Stacy McGee,24,OAK,DT,11,0,0,0,0,0,0,0,0,0,0,0,0.0,4,2,2,0.0,0.0,0,
1044,Tyler Patmon,23,DAL,DB,11,0,1,58,1,58,1,0,0,0,0,0,0.0,8,7,1,1.0,0.0,0,
1045,Chris Prosinski,27,2TM,DB,11,0,0,0,0,0,0,0,0,0,0,0,0.0,12,8,4,1.0,0.0,0,
1045,Chris Prosinski,27,JAX,DB,3,0,0,0,0,0,0,0,0,0,0,0,0.0,5,2,3,1.0,0.0,0,
1045,Chris Prosinski,27,PHI,DB,8,0,0,0,0,0,0,0,0,0,0,0,0.0,7,6,1,0.0,0.0,0,
1046,Loucheiz Purifoy,22,IND,DB,11,0,0,0,0,0,1,1,0,0,0,0,0.0,7,6,1,0.0,0.0,0,
1047,Matt Schaub,33,OAK,QB,11,0,0,0,0,0,0,0,3,1,0,0,0.0,0,0,0,0.0,0.0,0,
1048,John Simon,24,HOU,LB,11,0,0,0,0,0,1,0,0,0,0,0,1.5,12,7,5,2.0,6.0,0,
1049,Shamarko Thomas,23,PIT,DB,11,0,0,0,0,0,0,1,0,0,0,0,0.0,5,5,0,0.0,0.0,0,
1050,Brandon Thompson,25,CIN,DT,11,0,0,0,0,0,0,0,0,0,0,0,1.0,21,10,11,1.0,1.0,0,
1051,Reggie Walker,28,SDG,LB,11,0,0,0,0,0,0,0,0,0,0,0,0.5,12,7,5,0.0,2.0,0,
1052,B.W. Webb,24,PIT,DB,11,0,0,0,0,0,0,0,0,0,0,0,0.0,2,2,0,0.0,0.0,0,
1053,James Wright,23,CIN,WR,11,0,0,0,0,0,0,1,0,0,0,0,0.0,5,5,0,0.0,0.0,0,
1054,Robert Alford,26,ATL,LCB,10,10,3,21,0,21,12,0,0,0,0,0,0.0,31,24,7,2.0,0.0,0,
1055,Mason Foster,25,TAM,MLB,10,10,0,0,0,0,2,0,0,0,0,0,0.0,62,40,22,2.0,1.0,0,
1056,Brandon Meriweather,30,WAS,SS,10,10,0,0,0,0,4,3,0,1,0,0,3.0,55,36,19,5.0,3.0,0,
1057,Leodis McKelvin,29,BUF,LCB,10,9,4,10,0,9,8,1,1,0,0,0,0.0,48,45,3,0.0,0.0,0,
1058,Austin Davis,25,STL,QB,10,8,0,0,0,0,0,0,5,2,-6,0,0.0,0,0,0,0.0,0.0,0,
1059,D.J. Hayden,24,OAK,LCB,10,8,1,-1,0,-1,10,0,0,0,0,0,0.0,47,42,5,1.0,0.0,0,
1060,Will Hill,24,BAL,SS,10,8,1,44,1,44,4,0,0,0,0,0,0.0,42,29,13,3.0,1.0,0,
1061,Chandler Jones,24,NWE,RDE,10,8,0,0,0,0,2,2,0,1,0,0,6.0,43,30,13,5.0,11.0,0,
1062,Hugh Thornton,23,IND,RG,10,8,0,0,0,0,0,0,0,2,0,0,0.0,0,0,0,0.0,0.0,0,
1063,Rafael Bush,27,NOR,FS,10,7,0,0,0,0,2,0,0,0,0,0,0.0,56,44,12,2.0,0.0,0,
1064,Brandin Cooks,21,NOR,WR,10,7,0,0,0,0,0,0,1,0,0,0,0.0,0,0,0,0.0,0.0,0,
1065,Bene Benwikere,23,CAR,LCB,10,6,1,0,0,0,7,1,0,2,6,0,0.0,33,24,9,0.0,1.0,0,
1066,Erik Lorig,28,NOR,RB,10,6,0,0,0,0,0,0,1,0,0,0,0.0,1,1,0,0.0,0.0,0,
1067,Manti Te'o,23,SDG,LILB,10,6,1,0,0,0,3,0,0,0,0,0,1.0,60,39,21,3.0,1.0,0,
1068,Tharold Simon,23,SEA,RCB,10,5,1,0,0,0,3,0,0,0,0,0,0.0,13,10,3,0.0,0.0,0,
1069,Byron Stingily,26,TEN,RT,10,5,0,0,0,0,0,0,0,1,0,0,0.0,0,0,0,0.0,0.0,0,
1070,Orie Lemon,27,TAM,LB,10,3,0,0,0,0,0,0,0,0,0,0,0.0,23,19,4,5.0,0.0,0,
1071,Khiry Robinson,25,NOR,RB,10,3,0,0,0,0,0,0,2,0,0,0,0.0,0,0,0,,,0,
1072,Michael Vick,34,NYJ,QB,10,3,0,0,0,0,0,0,5,2,-5,0,0.0,0,0,0,0.0,0.0,0,
1073,Chimdi Chekwa,26,OAK,DB,10,2,0,0,0,0,2,0,0,0,0,0,0.0,16,15,1,0.0,0.0,0,
1074,Khaseem Greene,25,CHI,LB,10,2,0,0,0,0,0,0,0,0,0,0,0.0,16,12,4,2.0,1.0,0,
1075,Cooper Helfet,25,SEA,TE,10,2,0,0,0,0,0,1,0,0,0,0,0.0,1,1,0,0.0,0.0,0,
1076,Denarius Moore,26,OAK,WR,10,2,0,0,0,0,0,0,1,0,0,0,0.0,0,0,0,,,0,
1077,Greg Salas,26,NYJ,WR,10,2,0,0,0,0,0,0,0,0,0,0,0.0,2,1,1,0.0,0.0,0,
1078,Ed Stinson,24,ARI,DE,10,2,0,0,0,0,1,0,0,0,0,0,0.0,9,6,3,0.0,3.0,0,
1079,Adarius Taylor,24,CAR,LB,10,2,0,0,0,0,0,1,0,0,0,0,0.0,12,8,4,,,0,
1080,Ahmad Bradshaw,28,IND,RB,10,1,0,0,0,0,0,0,3,3,12,0,0.0,1,1,0,,,0,
1081,Dion Jordan,24,MIA,DE,10,1,0,0,0,0,1,0,0,0,0,0,1.0,20,20,0,1.0,2.0,0,
1082,Lamarcus Joyner,24,STL,DB,10,1,0,0,0,0,2,0,0,0,0,0,1.0,40,35,5,3.0,1.0,0,
1083,Dane Sanzenbacher,26,CIN,WR,10,1,1,6,0,6,1,0,1,0,0,0,0.0,0,0,0,0.0,0.0,0,
1084,Fozzy Whittaker,25,CAR,RB,10,1,0,0,0,0,0,0,0,0,0,0,0.0,1,1,0,0.0,0.0,0,
1085,Denico Autry,24,OAK,DE,10,0,0,0,0,0,0,0,0,0,0,0,0.0,13,9,4,3.0,1.0,0,
1086,Will Davis,24,MIA,DB,10,0,0,0,0,0,3,0,0,0,0,0,0.0,17,16,1,0.0,0.0,0,
1087,Demarcus Dobbs,27,2TM,DE,10,0,0,0,0,0,0,0,0,0,0,0,0.0,16,12,4,2.0,0.0,0,
1087,Demarcus Dobbs,27,SFO,DE,6,0,0,0,0,0,0,0,0,0,0,0,0.0,10,8,2,1.0,0.0,0,
1087,Demarcus Dobbs,27,SEA,DE,4,0,0,0,0,0,0,0,0,0,0,0,0.0,6,4,2,1.0,0.0,0,
1088,Marcus Easley,27,BUF,WR,10,0,0,0,0,0,0,0,0,0,0,0,0.0,11,9,2,0.0,0.0,0,
1089,T.J. Fatinikun,23,TAM,DE,10,0,0,0,0,0,0,0,0,0,0,0,0.5,9,5,4,1.0,1.0,0,
1090,Marquise Goodwin,24,BUF,WR,10,0,0,0,0,0,0,0,1,0,0,0,0.0,0,0,0,0.0,0.0,0,
1091,Danny Gorrer,28,2TM,DB,10,0,1,15,0,15,3,0,0,0,0,0,0.0,24,21,3,0.0,0.0,0,
1091,Danny Gorrer,28,DET,DB,6,0,0,0,0,0,2,0,0,0,0,0,0.0,7,4,3,0.0,0.0,0,
1091,Danny Gorrer,28,BAL,DB,4,0,1,15,0,15,1,0,0,0,0,0,0.0,17,17,0,0.0,0.0,0,
1092,DeDe Lattimore,23,CHI,LB,10,0,0,0,0,0,0,0,0,0,0,0,0.0,3,2,1,0.0,0.0,0,
1093,Chris McCain,23,MIA,LB,10,0,0,0,0,0,0,0,0,0,0,0,1.0,4,4,0,3.0,1.0,0,
1094,Christine Michael,24,SEA,RB,10,0,0,0,0,0,0,0,1,0,0,0,0.0,0,0,0,,,0,
1095,Santana Moss,35,WAS,WR,10,0,0,0,0,0,0,0,0,1,5,0,0.0,0,0,0,0.0,0.0,0,
1096,Shaun Prater,25,MIN,DB,10,0,0,0,0,0,0,0,0,0,0,0,0.0,1,1,0,0.0,0.0,0,
1097,Jumal Rolle,24,HOU,DB,10,0,3,25,0,13,4,0,0,0,0,0,0.0,19,17,2,1.0,0.0,0,
1098,Antone Smith,29,ATL,RB,10,0,0,0,0,0,0,0,1,0,0,0,0.0,2,2,0,0.0,0.0,0,
1099,Keith Smith,22,DAL,DB,10,0,0,0,0,0,0,1,0,0,0,0,0.0,7,7,0,0.0,0.0,0,
1100,Earl Watford,24,ARI,G,10,0,0,0,0,0,0,0,0,1,0,0,0.0,0,0,0,0.0,0.0,0,
1101,Griff Whalen,24,IND,WR,10,0,0,0,0,0,0,0,2,1,0,0,0.0,1,0,1,0.0,0.0,0,
1102,Brandon Browner,30,NWE,RCB,9,9,1,32,0,30,7,0,0,0,0,0,0.0,25,20,5,1.0,0.0,0,
1103,Melvin Ingram,25,SDG,LOLB,9,9,0,0,0,0,1,2,0,1,0,0,4.0,29,21,8,5.0,7.0,0,
1104,Brandon Mebane,29,SEA,RDT,9,9,0,0,0,0,0,0,0,0,0,0,1.0,20,11,9,5.0,2.0,0,
1105,Austin Seferian-Jenkins,22,TAM,TE,9,9,0,0,0,0,0,0,1,0,0,0,0.0,0,0,0,0.0,0.0,0,
1106,Ian Williams,25,SFO,NT,9,9,0,0,0,0,1,0,0,0,0,0,1.0,22,18,4,4.0,1.0,0,
1107,Jacquian Williams,26,NYG,RLB,9,9,0,0,0,0,3,0,0,0,0,0,0.0,76,55,21,1.0,1.0,0,
1108,Shaun Hill,34,STL,QB,9,8,0,0,0,0,0,0,7,4,-5,0,0.0,0,0,0,0.0,0.0,0,
1109,Kyle Rudolph,25,MIN,TE,9,8,0,0,0,0,0,0,1,0,0,0,0.0,0,0,0,,,0,
1110,Mark Sanchez,28,PHI,QB,9,8,0,0,0,0,0,0,7,3,-31,0,0.0,0,0,0,,,0,
1111,Drew Stanton,30,ARI,QB,9,8,0,0,0,0,0,0,1,0,0,0,0.0,0,0,0,0.0,0.0,0,
1112,Robert Griffin III,24,WAS,QB,9,7,0,0,0,0,0,0,9,3,-7,0,0.0,0,0,0,0.0,0.0,0,
1113,Trumaine Johnson,24,STL,LCB,9,5,3,69,1,43,6,0,0,0,0,0,0.0,36,33,3,1.0,0.0,0,
1114,Ryan Shazier,22,PIT,LILB,9,5,0,0,0,0,1,0,0,0,0,0,0.0,36,24,12,2.0,1.0,0,
1115,C.J. Spiller,27,BUF,RB,9,5,0,0,0,0,0,0,3,1,0,0,0.0,0,0,0,0.0,0.0,0,
1116,Arthur Jones,28,IND,DE,9,3,0,0,0,0,0,1,0,0,0,0,1.5,23,15,8,3.0,4.0,0,
1117,Todd Davis,22,2TM,LB,9,2,0,0,0,0,2,0,0,0,0,0,0.0,22,14,8,1.0,0.0,0,
1117,Todd Davis,22,NOR,LB,3,0,0,0,0,0,0,0,0,0,0,0,0.0,3,3,0,0.0,0.0,0,
1117,Todd Davis,22,DEN,LB,6,2,0,0,0,0,2,0,0,0,0,0,0.0,19,11,8,1.0,0.0,0,
1118,Santonio Holmes,30,CHI,WR,9,2,0,0,0,0,0,0,1,0,0,0,0.0,0,0,0,,,0,
1119,A.J. Jenkins,25,KAN,WR,9,2,0,0,0,0,0,0,1,0,-15,0,0.0,0,0,0,,,0,
1120,Kevin Norwood,25,SEA,WR,9,2,0,0,0,0,0,0,0,0,0,0,0.0,1,1,0,0.0,0.0,0,
1121,Marcus Roberson,22,STL,DB,9,2,1,18,0,18,1,0,0,0,0,0,0.0,10,9,1,1.0,0.0,0,
1122,Jamarca Sanford,29,2TM,DB,9,2,0,0,0,0,0,0,0,0,0,0,0.0,16,13,3,2.0,0.0,0,
1122,Jamarca Sanford,29,WAS,DB,3,0,0,0,0,0,0,0,0,0,0,0,0.0,2,1,1,0.0,0.0,0,
1122,Jamarca Sanford,29,NOR,DB,6,2,0,0,0,0,0,0,0,0,0,0,0.0,14,12,2,2.0,0.0,0,
1123,Will Tukuafu,30,SEA,FB,9,2,0,0,0,0,0,0,0,0,0,0,0.0,1,0,1,0.0,0.0,0,
1124,Daniel McCullers,22,PIT,DT,9,1,0,0,0,0,0,0,0,0,0,0,0.0,2,1,1,0.0,1.0,0,
1125,Dekoda Watson,26,JAX,LB,9,1,0,0,0,0,0,0,0,0,0,0,0.0,14,9,5,0.0,1.0,0,
1126,Maurice Alexander,23,STL,DB,9,0,0,0,0,0,0,0,0,0,0,0,0.0,4,4,0,0.0,0.0,0,
1127,Kevin Boothe,31,OAK,G,9,0,0,0,0,0,0,0,0,1,0,0,0.0,0,0,0,0.0,0.0,0,
1128,Andre Branch,25,JAX,DE,9,0,0,0,0,0,3,2,0,1,0,0,3.0,18,12,6,2.0,4.0,0,
1129,Rex Burkhead,24,CIN,RB,9,0,0,0,0,0,0,0,0,0,0,0,0.0,4,1,3,0.0,0.0,0,
1130,Tank Carradine,24,SFO,DE,9,0,0,0,0,0,0,0,0,0,0,0,3.0,17,16,1,,,0,
1131,Jamar Chaney,28,OAK,LB,9,0,0,0,0,0,0,0,0,0,0,0,0.0,5,5,0,0.0,0.0,0,
1132,Cyrus Gray,25,KAN,RB,9,0,0,0,0,0,0,0,0,0,0,0,0.0,4,3,1,0.0,0.0,0,
1133,Peyton Hillis,28,NYG,RB,9,0,0,0,0,0,0,0,0,0,0,0,0.0,5,3,2,0.0,0.0,0,
1134,Al Louis-Jean,21,CHI,DB,9,0,0,0,0,0,0,0,0,0,0,0,0.0,9,6,3,0.0,0.0,0,
1135,Brandon Magee,24,TAM,LB,9,0,0,0,0,0,0,0,0,0,0,0,0.0,7,7,0,0.0,0.0,0,
1136,Michael Mauti,24,MIN,LB,9,0,0,0,0,0,0,0,0,0,0,0,0.0,5,4,1,0.0,0.0,0,
1137,Brandon Mosley,26,NYG,T,9,0,0,0,0,0,0,0,0,0,0,0,0.0,1,1,0,0.0,0.0,0,
1138,Trevor Scott,30,CHI,DE,9,0,0,0,0,0,0,0,0,0,0,0,0.0,2,1,1,0.0,1.0,0,
1139,Daniel Sorensen,24,KAN,DB,9,0,0,0,0,0,0,0,0,0,0,0,0.0,7,6,1,0.0,0.0,0,
1140,Vinnie Sunseri,23,NOR,DB,9,0,0,0,0,0,0,0,0,0,0,0,0.0,5,3,2,0.0,0.0,0,
1141,Ross Ventrone,28,PIT,DB,9,0,0,0,0,0,0,0,0,0,0,0,0.0,7,5,2,0.0,0.0,0,
1142,Prince Amukamara,25,NYG,RCB,8,8,3,66,0,38,11,0,0,0,0,0,0.0,46,37,9,0.0,0.0,0,
1143,Lance Briggs,34,CHI,LLB,8,8,1,2,0,2,3,1,0,0,0,0,0.0,34,24,10,2.0,1.0,0,
1144,Nick Fairley,26,DET,LDT,8,8,0,0,0,0,0,1,0,0,0,0,1.0,14,8,6,3.0,5.0,0,
1145,Nick Foles,25,PHI,QB,8,8,0,0,0,0,0,0,4,1,0,0,0.0,0,0,0,0.0,0.0,0,
1146,Lamarr Houston,27,CHI,LDE,8,8,0,0,0,0,1,0,0,1,0,0,1.0,11,8,3,3.0,6.0,0,
1147,Nate Irving,26,DEN,MLB,8,8,0,0,0,0,0,0,0,0,0,0,1.0,46,26,20,6.0,2.0,1,
1148,DeMeco Ryans,30,PHI,LILB,8,8,1,0,0,0,4,0,1,1,0,0,0.0,45,36,9,5.0,1.0,0,
1149,Jimmy Smith,26,BAL,RCB,8,8,1,31,0,31,6,0,0,0,0,0,0.0,28,22,6,0.0,0.0,0,
1150,Marcus Williams,23,NYJ,LCB,8,8,1,1,0,1,7,0,0,0,0,0,0.0,36,29,7,1.0,0.0,0,
1151,Rich Ohrnberger,28,SDG,C,8,7,0,0,0,0,0,0,1,0,0,0,0.0,0,0,0,,,0,
1152,Matt Shaughnessy,28,ARI,ROLB,8,7,0,0,0,0,0,0,0,0,0,0,0.0,17,12,5,3.0,0.0,0,
1153,Mike Tolbert,29,CAR,RB,8,6,0,0,0,0,0,0,0,0,0,0,0.0,1,1,0,0.0,0.0,0,
1154,Will Blackmon,30,JAX,DB,8,4,0,0,0,0,0,1,0,0,0,0,1.0,30,23,7,1.0,1.0,0,
1155,Ronnie Hillman,23,DEN,RB,8,4,0,0,0,0,0,0,1,0,0,0,0.0,0,0,0,0.0,0.0,0,
1156,Vance McDonald,24,SFO,TE,8,4,0,0,0,0,0,0,1,0,0,0,0.0,0,0,0,0.0,0.0,0,
1157,Phillip Thomas,25,WAS,DB,8,4,0,0,0,0,0,0,0,1,2,0,0.0,27,19,8,0.0,0.0,0,
1158,Stephen Bowen,30,WAS,DE,8,3,0,0,0,0,1,0,0,0,0,0,0.0,11,10,1,0.0,0.0,0,
1159,Barry Cofield,30,WAS,DT,8,3,0,0,0,0,0,0,0,0,0,0,1.0,7,5,2,2.0,2.0,0,
1160,Jonas Gray,24,NWE,RB,8,3,0,0,0,0,0,0,0,0,0,0,0.0,1,1,0,0.0,0.0,0,
1161,Joe Mays,29,KAN,LB,8,3,0,0,0,0,0,0,0,1,0,0,0.0,20,16,4,1.0,0.0,0,
1162,Stephen Schilling,26,SEA,G,8,3,0,0,0,0,0,0,1,0,-1,0,0.0,0,0,0,,,0,
1163,Alan Branch,30,NWE,DT,8,2,0,0,0,0,1,0,0,0,0,0,0.0,13,8,5,1.0,2.0,0,
1164,Michael Thomas,24,MIA,DB,8,2,0,0,0,0,0,0,0,0,0,0,0.0,18,15,3,0.0,0.0,0,
1165,Nick Toon,26,NOR,WR,8,2,0,0,0,0,0,0,1,0,0,0,0.0,0,0,0,0.0,0.0,0,
1166,David Bass,24,CHI,DE,8,1,0,0,0,0,0,1,0,0,0,0,3.0,10,6,4,2.0,4.0,0,
1167,Justin Brown,23,PIT,WR,8,1,0,0,0,0,0,0,1,0,0,0,0.0,0,0,0,,,0,
1168,Richard Marshall,30,SDG,DB,8,1,0,0,0,0,0,0,0,0,0,0,0.0,24,18,6,1.0,0.0,0,
1169,Zach Moore,24,NWE,DE,8,1,0,0,0,0,0,1,0,1,0,0,0.5,4,0,4,0.0,1.0,0,
1170,Derek Sherrod,25,GNB,T,8,1,0,0,0,0,0,0,0,1,0,0,0.0,0,0,0,0.0,0.0,0,
1171,Jay Bromley,22,NYG,DT,8,0,0,0,0,0,0,0,0,0,0,0,0.0,5,2,3,0.0,0.0,0,
1172,Alex Carrington,27,STL,DE,8,0,0,0,0,0,0,0,0,0,0,0,0.0,1,1,0,0.0,0.0,0,
1173,Tony Carter,28,DEN,DB,8,0,0,0,0,0,1,0,0,1,20,1,0.0,5,5,0,0.0,0.0,0,
1174,Jerome Couplin,23,DET,DB,8,0,0,0,0,0,0,0,0,0,0,0,0.0,2,2,0,1.0,0.0,0,
1175,Scott Crichton,23,MIN,DE,8,0,0,0,0,0,0,0,0,0,0,0,0.0,2,2,0,1.0,1.0,0,
1176,Bojay Filimoeatu,25,OAK,LB,8,0,0,0,0,0,0,0,0,0,0,0,0.0,8,6,2,1.0,0.0,0,
1177,Andre Fluellen,29,DET,DT,8,0,0,0,0,0,0,0,0,1,0,0,2.0,10,9,1,5.0,4.0,0,
1178,Gino Gradkowski,26,BAL,G,8,0,0,0,0,0,0,0,1,0,-7,0,0.0,0,0,0,,,0,
1179,MarQueis Gray,25,MIN,TE,8,0,0,0,0,0,0,0,0,0,0,0,0.0,2,2,0,0.0,0.0,0,
1180,Robert Herron,22,TAM,WR,8,0,0,0,0,0,0,0,0,0,0,0,0.0,1,1,0,0.0,0.0,0,
1181,Jordan Kovacs,24,MIA,DB,8,0,0,0,0,0,0,0,0,0,0,0,0.0,7,6,1,0.0,0.0,0,
1182,Elbert Mack,28,HOU,WR,8,0,0,0,0,0,0,0,0,0,0,0,0.0,6,6,0,0.0,0.0,0,
1183,Charles Sims,24,TAM,RB,8,0,0,0,0,0,0,0,2,0,0,0,0.0,0,0,0,0.0,0.0,0,
1184,Scott Solomon,26,2TM,DE,8,0,0,0,0,0,0,2,0,1,0,0,2.0,16,9,7,2.0,2.0,0,
1184,Scott Solomon,26,TAM,DE,6,0,0,0,0,0,0,1,0,1,0,0,1.0,9,7,2,1.0,1.0,0,
1184,Scott Solomon,26,CLE,DE,2,0,0,0,0,0,0,1,0,0,0,0,1.0,7,2,5,1.0,1.0,0,
1185,Mitch Unrein,27,DEN,DE,8,0,0,0,0,0,0,0,0,0,0,0,0.0,1,1,0,0.0,0.0,0,
1186,Kyle Van Noy,23,DET,LB,8,0,0,0,0,0,0,0,0,0,0,0,0.0,6,6,0,1.0,0.0,0,
1187,Raymond Ventrone,32,SFO,DB,8,0,0,0,0,0,0,0,0,0,0,0,0.0,3,2,1,0.0,0.0,0,
1188,Jimmie Ward,23,SFO,DB,8,0,0,0,0,0,2,0,0,0,0,0,0.0,20,19,1,0.0,0.0,0,
1189,Alan Ball,29,JAX,RCB,7,7,1,0,0,0,3,0,0,0,0,0,0.0,22,18,4,1.0,0.0,0,
1190,William Moore,29,ATL,SS,7,7,0,0,0,0,0,2,0,0,0,0,0.0,25,13,12,0.0,0.0,0,
1191,Brian Orakpo,28,WAS,ROLB,7,7,0,0,0,0,1,0,0,0,0,0,0.5,24,14,10,1.0,7.0,0,
1192,Paul Posluszny,30,JAX,MLB,7,7,0,0,0,0,1,0,0,1,10,0,2.0,69,47,22,2.0,3.0,0,
1193,Carlos Rogers,33,OAK,LCB,7,7,0,0,0,0,1,1,0,0,0,0,0.0,35,26,9,3.0,0.0,0,
1194,Asa Jackson,25,BAL,LCB,7,6,0,0,0,0,3,0,0,0,0,0,0.0,28,22,6,1.0,0.0,0,
1195,Zach Mettenberger,23,TEN,QB,7,6,0,0,0,0,0,0,4,0,0,0,0.0,0,0,0,,,0,
1196,Aldon Smith,25,SFO,ROLB,7,6,0,0,0,0,0,0,0,0,0,0,2.0,15,10,5,4.0,7.0,0,
1197,Jake Locker,26,TEN,QB,7,5,0,0,0,0,0,0,3,2,-2,0,0.0,0,0,0,0.0,0.0,0,
1198,Sealver Siliga,24,NWE,RDT,7,5,0,0,0,0,0,0,0,0,0,0,2.5,32,17,15,5.0,4.0,0,
1199,Charlie Whitehurst,32,TEN,QB,7,5,0,0,0,0,0,0,3,2,0,0,0.0,0,0,0,0.0,0.0,0,
1200,Brett Brackett,27,TEN,TE,7,4,0,0,0,0,0,0,0,0,0,0,0.0,1,1,0,0.0,0.0,0,
1201,Jamell Fleming,25,KAN,DB,7,4,0,0,0,0,3,0,0,0,0,0,0.0,26,24,2,1.0,0.0,0,
1202,Jarvis Jones,25,PIT,LB,7,3,0,0,0,0,0,1,0,0,0,0,2.0,18,9,9,2.0,3.0,0,
1203,Bryce Brown,23,BUF,RB,7,2,0,0,0,0,0,0,1,0,0,0,0.0,0,0,0,0.0,0.0,0,
1204,Troy Niklas,22,ARI,TE,7,2,0,0,0,0,0,0,0,0,0,0,0.0,2,2,0,0.0,0.0,0,
1205,Charles Godfrey,29,CAR,DB,7,1,0,0,0,0,0,0,0,0,0,0,0.0,19,14,5,0.0,0.0,0,
1206,Austin Johnson,25,NOR,RB,7,1,0,0,0,0,0,0,0,0,0,0,0.0,3,3,0,0.0,0.0,0,
1207,DaQuan Jones,23,TEN,DE,7,1,0,0,0,0,0,1,0,0,0,0,1.0,8,5,3,1.0,2.0,0,
1208,Jeremy Lane,24,SEA,DB,7,1,0,0,0,0,2,1,0,0,0,0,0.0,13,9,4,1.0,0.0,0,
1209,Chase Minnifield,25,WAS,DB,7,1,0,0,0,0,0,0,0,0,0,0,0.0,4,4,0,0.0,0.0,0,
1210,Deontae Skinner,24,NWE,LB,7,1,0,0,0,0,0,0,0,0,0,0,1.0,16,6,10,1.0,1.0,0,
1211,Earl Wolff,25,PHI,DB,7,1,0,0,0,0,1,0,0,0,0,0,0.0,7,6,1,0.0,0.0,0,
1212,James Anderson,31,TEN,LB,7,0,0,0,0,0,0,0,0,0,0,0,0.0,6,5,1,0.0,0.0,0,
1213,Tommie Campbell,27,JAX,DB,7,0,0,0,0,0,0,0,0,0,0,0,0.0,5,3,2,0.0,0.0,0,
1214,Will Clarke,23,CIN,DE,7,0,0,0,0,0,0,0,0,1,0,0,0.0,3,2,1,0.0,0.0,0,
1215,Ross Cockrell,23,BUF,DB,7,0,0,0,0,0,0,0,0,0,0,0,0.0,1,1,0,0.0,0.0,0,
1216,Orleans Darkwa,22,NYG,RB,7,0,0,0,0,0,0,1,0,0,0,0,0.0,7,4,3,0.0,0.0,0,
1217,James Dockery,26,CAR,DB,7,0,0,0,0,0,0,0,0,0,0,0,0.0,11,11,0,1.0,1.0,0,
1218,Jonathan Dowling,23,OAK,DB,7,0,0,0,0,0,0,0,0,0,0,0,0.0,4,4,0,0.0,0.0,0,
1219,Matt Flynn,29,GNB,QB,7,0,0,0,0,0,0,0,1,0,0,0,0.0,0,0,0,0.0,0.0,0,
1220,Jerry Franklin,26,KAN,LB,7,0,0,0,0,0,0,0,0,0,0,0,0.0,4,4,0,0.0,0.0,0,
1221,Anthony Johnson,21,MIA,DT,7,0,0,0,0,0,0,0,0,1,0,0,0.0,2,1,1,0.0,1.0,0,
1222,DeMarcus Lawrence,22,DAL,DE,7,0,0,0,0,0,0,0,0,0,0,0,0.0,9,6,3,2.0,0.0,0,
1223,Cliff Matthews,25,ATL,DE,7,0,0,0,0,0,0,0,0,0,0,0,0.0,9,7,2,0.0,2.0,0,
1224,Leon McFadden,24,SFO,DB,7,0,0,0,0,0,1,0,0,0,0,0,0.0,6,5,1,0.0,0.0,0,
1225,Gabe Miller,27,WAS,LB,7,0,0,0,0,0,0,0,0,0,0,0,0.0,4,2,2,0.0,0.0,0,
1226,Kevin Ogletree,27,NYG,WR,7,0,0,0,0,0,0,0,0,0,0,0,0.0,1,1,0,0.0,0.0,0,
1227,Solomon Patton,24,TAM,WR,7,0,0,0,0,0,0,0,1,1,0,0,0.0,0,0,0,0.0,0.0,0,
1228,Kevin Pierre-Louis,23,SEA,LB,7,0,0,0,0,0,0,0,0,1,0,0,0.0,13,10,3,1.0,0.0,0,
1229,Chris Smith,22,JAX,DE,7,0,0,0,0,0,0,1,0,0,0,0,3.0,5,3,2,1.0,4.0,0,
1230,Korey Toomer,26,STL,LB,7,0,0,0,0,0,0,0,0,0,0,0,0.0,3,1,2,0.0,0.0,0,
1231,Joe Webb,28,CAR,WR,7,0,0,0,0,0,0,0,0,0,0,0,0.0,1,1,0,0.0,0.0,0,
1232,Justin Durant,29,DAL,RLB,6,6,1,1,0,1,4,2,0,1,0,0,0.0,49,31,18,2.0,0.0,0,
1233,Chris Long,29,STL,LDE,6,6,0,0,0,0,0,0,0,1,0,0,1.0,5,5,0,3.0,1.0,0,
1234,Ryan Mathews,27,SDG,RB,6,6,0,0,0,0,0,0,1,1,0,0,0.0,0,0,0,0.0,0.0,0,
1235,Jerod Mayo,28,NWE,MLB,6,6,0,0,0,0,0,0,0,1,0,0,1.0,53,37,16,3.0,2.0,0,
1236,Carson Palmer,35,ARI,QB,6,6,0,0,0,0,0,0,3,2,0,0,0.0,0,0,0,0.0,0.0,0,
1237,Pierre Warren,22,NOR,FS,6,6,2,53,0,32,4,1,0,1,0,0,0.0,30,21,9,0.0,0.0,0,
1238,DeAngelo Williams,31,CAR,RB,6,6,0,0,0,0,0,0,1,0,0,0,0.0,0,0,0,,,0,
1239,Patrick Willis,29,SFO,RILB,6,6,1,0,0,0,3,0,0,0,0,0,0.0,34,29,5,0.0,1.0,0,
1240,Eric Berry,26,KAN,SS,6,5,0,0,0,0,2,0,0,0,0,0,0.0,37,32,5,0.0,1.0,0,
1241,Kirk Cousins,26,WAS,QB,6,5,0,0,0,0,0,0,2,0,0,0,0.0,0,0,0,,,0,
1242,Mike Glennon,25,TAM,QB,6,5,0,0,0,0,0,0,2,3,-8,0,0.0,0,0,0,0.0,0.0,0,
1243,David Nelson,28,NYJ,WR,6,5,0,0,0,0,0,0,2,0,0,0,0.0,0,0,0,0.0,0.0,0,
1244,LaMarr Woodley,30,OAK,RDE,6,5,0,0,0,0,0,0,0,0,0,0,0.0,5,3,2,0.0,3.0,0,
1245,Alfonzo Dennard,25,NWE,DB,6,4,1,0,0,0,1,0,0,1,0,0,0.0,15,13,2,2.0,0.0,0,
1246,Jason Verrett,23,SDG,DB,6,4,1,0,0,0,4,0,0,0,0,0,0.0,19,18,1,0.0,0.0,0,
1247,Donnie Avery,30,KAN,WR,6,3,0,0,0,0,0,0,1,0,0,0,0.0,0,0,0,0.0,0.0,0,
1248,Usama Young,29,OAK,DB,6,3,0,0,0,0,2,0,0,0,0,0,1.0,23,21,2,2.0,2.0,0,
1249,Derek Anderson,31,CAR,QB,6,2,0,0,0,0,0,0,2,2,-10,0,0.0,0,0,0,0.0,0.0,0,
1250,Larry Asante,26,OAK,DB,6,2,0,0,0,0,0,1,0,0,0,0,0.0,25,21,4,0.0,0.0,0,
1251,Chase Blackburn,31,CAR,LB,6,2,0,0,0,0,0,1,0,0,0,0,0.0,12,8,4,0.0,1.0,0,
1252,Jayron Hosley,24,NYG,DB,6,2,0,0,0,0,1,0,0,0,0,0,0.0,8,8,0,0.0,0.0,0,
1253,Ryan Carrethers,23,SDG,DT,6,1,0,0,0,0,0,0,0,0,0,0,0.0,12,12,0,1.0,0.0,0,
1254,Aaron Colvin,23,JAX,DB,6,1,0,0,0,0,2,0,0,1,41,1,0.0,27,23,4,0.0,2.0,0,
1255,Brandon Ghee,27,TEN,DB,6,1,1,0,0,0,1,0,0,0,0,0,0.0,4,4,0,0.0,0.0,0,
1256,Trumaine McBride,29,NYG,DB,6,1,1,11,0,11,1,2,0,1,0,0,1.0,21,19,2,2.0,0.0,0,
1257,Casey Walker,25,2TM,DT,6,1,0,0,0,0,0,0,0,0,0,0,1.0,12,7,5,2.0,1.0,0,
1257,Casey Walker,25,NWE,DT,5,1,0,0,0,0,0,0,0,0,0,0,1.0,11,7,4,2.0,1.0,0,
1257,Casey Walker,25,BAL,DT,1,0,0,0,0,0,0,0,0,0,0,0,0.0,1,0,1,0.0,0.0,0,
1258,Javier Arenas,27,ATL,DB,6,0,0,0,0,0,1,0,0,0,0,0,0.0,10,10,0,0.0,0.0,0,
1259,T.J. Barnes,24,NYJ,DT,6,0,0,0,0,0,0,0,0,0,0,0,0.0,4,4,0,1.0,0.0,0,
1260,Alex Bayer,24,STL,TE,6,0,0,0,0,0,0,0,0,1,0,0,0.0,0,0,0,,,0,
1261,Everette Brown,27,WAS,DE,6,0,0,0,0,0,0,0,0,0,0,0,0.0,8,6,2,0.0,1.0,0,
1262,Chris Cook,27,SFO,DB,6,0,0,0,0,0,1,0,0,0,0,0,0.0,6,6,0,0.0,0.0,0,
1263,Jack Crawford,26,DAL,DE,6,0,0,0,0,0,0,1,0,0,0,0,2.0,8,6,2,2.0,1.0,0,
1264,Josh Cribbs,31,IND,WR,6,0,0,0,0,0,0,0,2,0,0,0,0.0,2,2,0,0.0,0.0,0,
1265,Drew Davis,25,ATL,WR,6,0,0,0,0,0,0,0,0,0,0,0,0.0,2,2,0,0.0,0.0,0,
1266,Ja'Gared Davis,24,2TM,LB,6,0,0,0,0,0,0,0,0,0,0,0,0.0,5,3,2,0.0,0.0,0,
1266,Ja'Gared Davis,24,NWE,LB,3,0,0,0,0,0,0,0,0,0,0,0,0.0,1,0,1,0.0,0.0,0,
1266,Ja'Gared Davis,24,WAS,LB,3,0,0,0,0,0,0,0,0,0,0,0,0.0,4,3,1,0.0,0.0,0,
1267,Kellen Davis,29,DET,TE,6,0,0,0,0,0,0,0,0,0,0,0,0.0,1,1,0,0.0,0.0,0,
1268,Shaun Draughn,27,2TM,RB,6,0,0,0,0,0,0,0,0,0,0,0,0.0,3,2,1,0.0,0.0,0,
1268,Shaun Draughn,27,CHI,RB,2,0,0,0,0,0,0,0,0,0,0,0,0.0,2,2,0,0.0,0.0,0,
1268,Shaun Draughn,27,CLE,RB,4,0,0,0,0,0,0,0,0,0,0,0,0.0,1,0,1,0.0,0.0,0,
1269,IK Enemkpali,23,NYJ,DT,6,0,0,0,0,0,2,0,0,0,0,0,0.0,3,2,1,0.0,0.0,0,
1270,Clifton Geathers,27,WAS,DE,6,0,0,0,0,0,0,0,0,0,0,0,0.0,6,5,1,2.0,1.0,0,
1271,Jeremiah George,22,JAX,LB,6,0,0,0,0,0,0,0,0,0,0,0,0.0,6,4,2,1.0,0.0,0,
1272,Demetri Goodson,25,GNB,DB,6,0,0,0,0,0,0,0,0,0,0,0,0.0,6,5,1,0.0,0.0,0,
1273,Jeremy Harris,23,JAX,DB,6,0,0,0,0,0,0,0,0,0,0,0,0.0,5,3,2,0.0,0.0,0,
1274,Bacarri Rambo,24,2TM,DB,6,0,2,44,0,28,2,0,0,0,0,0,0.0,4,2,2,2.0,1.0,0,
1274,Bacarri Rambo,24,WAS,DB,2,0,0,0,0,0,0,0,0,0,0,0,0.0,2,1,1,0.0,0.0,0,
1274,Bacarri Rambo,24,BUF,DB,4,0,2,44,0,28,2,0,0,0,0,0,0.0,2,1,1,2.0,1.0,0,
1275,Justin Staples,25,TEN,DE,6,0,0,0,0,0,0,0,0,0,0,0,0.0,3,1,2,0.0,0.0,0,
1276,Jeremy Stewart,25,DEN,RB,6,0,0,0,0,0,0,0,0,0,0,0,0.0,2,2,0,0.0,0.0,0,
1277,Zurlon Tipton,24,IND,RB,6,0,0,0,0,0,0,0,0,0,0,0,0.0,2,2,0,0.0,0.0,0,
1278,Charcandrick West,23,KAN,RB,6,0,0,0,0,0,0,0,0,0,0,0,0.0,1,1,0,0.0,0.0,0,
1279,Ethan Westbrooks,24,STL,DE,6,0,0,0,0,0,0,0,0,0,0,0,0.0,5,2,3,0.0,0.0,0,
1280,Vontaze Burfict,24,CIN,RLB,5,5,0,0,0,0,2,1,0,1,0,0,0.0,29,15,14,2.0,3.0,0,
1281,Josh Gordon,23,CLE,WR,5,5,0,0,0,0,0,0,0,1,0,0,0.0,0,0,0,0.0,0.0,0,
1282,Bernard Pollard,30,TEN,SS,5,5,0,0,0,0,1,0,0,0,0,0,1.0,27,22,5,2.0,1.0,0,
1283,Ike Taylor,34,PIT,FS,5,5,0,0,0,0,2,0,0,0,0,0,0.0,16,11,5,0.0,0.0,0,
1284,EJ Manuel,24,BUF,QB,5,4,0,0,0,0,0,0,1,1,0,0,0.0,0,0,0,0.0,0.0,0,
1285,Colt McCoy,28,WAS,QB,5,4,0,0,0,0,0,0,6,2,-1,0,0.0,0,0,0,0.0,0.0,0,
1286,Phil Taylor,26,CLE,DT,5,4,0,0,0,0,1,0,0,0,0,0,0.0,10,6,4,2.0,0.0,0,
1287,Montee Ball,24,DEN,RB,5,3,0,0,0,0,0,0,1,0,0,0,0.0,0,0,0,,,0,
1288,John Hughes,26,CLE,DT,5,3,0,0,0,0,1,0,0,0,0,0,0.0,17,7,10,0.0,1.0,0,
1289,Armonty Bryant,24,CLE,DE,5,2,0,0,0,0,0,0,0,0,0,0,1.0,11,5,6,1.0,2.0,0,
1290,Johnny Manziel,22,CLE,QB,5,2,0,0,0,0,0,0,1,1,0,0,0.0,0,0,0,0.0,0.0,0,
1291,Josh Mauro,23,ARI,DE,5,2,0,0,0,0,1,0,0,0,0,0,0.0,5,3,2,1.0,0.0,0,
1292,Darryl Sharpton,26,CHI,LB,5,2,0,0,0,0,1,0,0,0,0,0,0.0,15,10,5,0.0,2.0,0,
1293,Mike Brown,25,JAX,WR,5,1,0,0,0,0,0,0,1,0,0,0,0.0,0,0,0,,,0,
1294,Derrick Coleman,24,SEA,RB,5,1,0,0,0,0,0,0,0,0,0,0,0.0,1,0,1,0.0,0.0,0,
1295,Pierre Desir,24,CLE,DB,5,1,0,0,0,0,2,0,0,0,0,0,0.0,9,9,0,0.0,0.0,0,
1296,Mike Harris,25,NYG,DB,5,1,1,11,0,11,2,0,0,0,0,0,1.0,21,20,1,3.0,1.0,0,
1297,R.J. Stanford,26,MIA,DB,5,1,1,0,0,0,2,0,0,0,0,0,0.0,12,9,3,1.0,0.0,0,
1298,Joe Vellano,26,NWE,DT,5,1,0,0,0,0,0,0,0,0,0,0,1.0,6,3,3,1.0,1.0,0,
1299,Brandon Weeden,31,DAL,QB,5,1,0,0,0,0,0,0,1,0,-5,0,0.0,0,0,0,,,0,
1300,George Atkinson,22,OAK,RB,5,0,0,0,0,0,0,0,0,0,0,0,0.0,1,1,0,0.0,0.0,0,
1301,Sean Baker,26,ATL,DB,5,0,0,0,0,0,0,0,0,0,0,0,0.0,2,1,1,0.0,0.0,0,
1302,Antwan Barnes,30,NYJ,LB,5,0,0,0,0,0,0,0,0,0,0,0,0.0,6,5,1,0.0,1.0,0,
1303,Jalil Brown,27,IND,DB,5,0,0,0,0,0,1,0,0,0,0,0,0.0,1,1,0,0.0,0.0,0,
1304,Kaelin Burnett,25,TEN,DE,5,0,0,0,0,0,0,0,0,0,0,0,0.0,3,2,1,0.0,0.0,0,
1305,Josh Bush,25,2TM,DB,5,0,1,5,0,5,1,0,0,0,0,0,0.0,3,3,0,0.0,0.0,0,
1305,Josh Bush,25,NYJ,DB,3,0,0,0,0,0,0,0,0,0,0,0,0.0,1,1,0,0.0,0.0,0,
1305,Josh Bush,25,DEN,DB,2,0,1,5,0,5,1,0,0,0,0,0,0.0,2,2,0,0.0,0.0,0,
1306,Glenn Carson,24,ARI,LB,5,0,0,0,0,0,0,0,0,0,0,0,0.0,11,7,4,0.0,0.0,0,
1307,Zach Diles,29,2TM,LB,5,0,0,0,0,0,0,0,0,0,0,0,0.0,3,3,0,0.0,0.0,0,
1307,Zach Diles,29,HOU,LB,1,0,0,0,0,0,0,0,0,0,0,0,0.0,1,1,0,0.0,0.0,0,
1307,Zach Diles,29,CLE,LB,4,0,0,0,0,0,0,0,0,0,0,0,0.0,2,2,0,0.0,0.0,0,
1308,Ahmad Dixon,23,CHI,DB,5,0,0,0,0,0,0,0,0,1,0,0,0.0,3,2,1,0.0,0.0,0,
1309,Greg Ducre,22,WAS,DB,5,0,1,7,0,7,1,0,0,0,0,0,0.0,2,2,0,0.0,0.0,0,
1310,Darius Fleming,25,NWE,LB,5,0,0,0,0,0,0,0,0,0,0,0,0.0,6,1,5,0.0,0.0,0,
1311,Glenn Foster,24,NOR,DE,5,0,0,0,0,0,0,0,0,0,0,0,0.0,1,1,0,0.0,1.0,0,
1312,Josh Harris,23,PIT,RB,5,0,0,0,0,0,0,0,0,1,0,0,0.0,0,0,0,0.0,0.0,0,
1313,Randell Johnson,23,BUF,LB,5,0,0,0,0,0,0,0,0,1,0,0,0.0,1,1,0,0.0,0.0,0,
1314,Ricky Lumpkin,26,OAK,DT,5,0,0,0,0,0,0,0,0,0,0,0,1.0,9,6,3,1.0,1.0,0,
1315,Cassius Marsh,22,SEA,DE,5,0,0,0,0,0,0,0,0,0,0,0,0.0,5,1,4,0.0,0.0,0,
1316,Marshall McFadden,28,STL,LB,5,0,0,0,0,0,0,0,0,0,0,0,0.0,4,3,1,0.0,0.0,0,
1317,Luther Robinson,23,GNB,DE,5,0,0,0,0,0,1,0,0,0,0,0,0.0,2,1,1,0.0,0.0,0,
1318,Lowell Rose,24,MIA,DB,5,0,0,0,0,0,0,0,0,0,0,0,0.0,1,1,0,0.0,0.0,0,
1319,Chase Thomas,25,SFO,LB,5,0,0,0,0,0,0,0,0,0,0,0,0.0,3,3,0,0.0,0.0,0,
1320,Kerwynn Williams,23,ARI,RB,5,0,0,0,0,0,0,0,1,0,0,0,0.0,0,0,0,,,0,
1321,Teddy Williams,26,CHI,DB,5,0,0,0,0,0,0,0,0,0,0,0,0.0,2,2,0,0.0,0.0,0,
1322,Kerry Wynn,23,NYG,DE,5,0,1,7,0,7,1,0,0,1,0,0,1.5,17,13,4,2.0,3.0,0,
1323,Jon Beason,29,NYG,LB,4,4,0,0,0,0,1,0,0,0,0,0,0.0,11,6,5,1.0,1.0,0,
1324,Jairus Byrd,28,NOR,DB,4,4,0,0,0,0,2,1,0,0,0,0,0.0,22,17,5,1.0,1.0,0,
1325,Morris Claiborne,24,DAL,DB,4,3,1,-8,0,-8,2,0,0,0,0,0,0.0,7,5,2,0.0,1.0,0,
1326,Winston Guy,24,JAX,DB,4,3,0,0,0,0,1,0,0,0,0,0,1.0,14,10,4,2.0,1.0,0,
1327,Jadeveon Clowney,21,HOU,LB,4,2,0,0,0,0,0,0,0,0,0,0,0.0,7,5,2,3.0,0.0,0,
1328,Kaluka Maiava,27,OAK,LB,4,2,0,0,0,0,0,0,0,0,0,0,0.0,14,8,6,1.0,0.0,0,
1329,Dominique Franks,27,BAL,DB,4,1,0,0,0,0,5,0,0,0,0,0,0.0,13,12,1,1.0,0.0,0,
1330,Christo Bilukidi,25,BAL,DE,4,0,0,0,0,0,0,0,0,0,0,0,0.0,3,0,3,0.0,0.0,0,
1331,Richie Brockel,28,CAR,TE,4,0,0,0,0,0,0,0,0,0,0,0,0.0,3,3,0,0.0,0.0,0,
1332,Jason Campbell,32,CIN,QB,4,0,0,0,0,0,0,0,1,0,0,0,0.0,0,0,0,,,0,
1333,Anthony Denham,23,HOU,TE,4,0,0,0,0,0,0,0,0,0,0,0,0.0,2,2,0,0.0,0.0,0,
1334,A.J. Edds,27,NYJ,LB,4,0,0,0,0,0,0,0,0,0,0,0,0.0,1,1,0,0.0,0.0,0,
1335,Lavar Edwards,24,DAL,DE,4,0,0,0,0,0,0,0,0,0,0,0,0.0,1,1,0,0.0,0.0,0,
1336,Matt Hasselbeck,39,IND,QB,4,0,0,0,0,0,0,0,1,0,0,0,0.0,0,0,0,,,0,
1337,Ryan Nassib,24,NYG,QB,4,0,0,0,0,0,0,0,1,1,0,0,0.0,0,0,0,0.0,0.0,0,
1338,Quinton Patton,24,SFO,WR,4,0,0,0,0,0,0,0,1,0,0,0,0.0,0,0,0,,,0,
1339,Walt Powell,23,NYJ,WR,4,0,0,0,0,0,0,0,1,0,0,0,0.0,0,0,0,,,0,
1340,De'Andre Presley,24,CAR,QB,4,0,0,0,0,0,0,0,0,0,0,0,0.0,2,2,0,0.0,0.0,0,
1341,Courtney Roby,31,ATL,WR,4,0,0,0,0,0,0,0,0,0,0,0,0.0,1,0,1,0.0,0.0,0,
1342,Steven Terrell,24,SEA,DB,4,0,0,0,0,0,0,0,0,0,0,0,0.0,1,0,1,0.0,0.0,0,
1343,Marcus Thigpen,28,TAM,RB,4,0,0,0,0,0,0,0,2,1,0,0,0.0,0,0,0,,,0,
1344,Justin Trattou,26,MIN,DE,4,0,0,0,0,0,0,0,0,0,0,0,0.0,2,2,0,0.0,1.0,0,
1345,Jaylen Watkins,23,PHI,DB,4,0,0,0,0,0,1,0,0,0,0,0,0.0,3,3,0,0.0,0.0,0,
1346,Tyvon Branch,28,OAK,DB,3,3,0,0,0,0,1,0,0,0,0,0,1.0,30,23,7,1.0,1.0,0,
1347,Matt Cassel,32,MIN,QB,3,3,0,0,0,0,0,0,3,2,-29,0,0.0,0,0,0,,,0,
1348,Terrence Frederick,24,NOR,DB,3,3,0,0,0,0,0,0,0,0,0,0,0.0,17,15,2,2.0,0.0,0,
1349,DeAngelo Hall,31,WAS,DB,3,3,0,0,0,0,0,1,0,1,17,0,0.0,16,12,4,0.0,0.0,0,
1350,Chad Henne,29,JAX,QB,3,3,0,0,0,0,0,0,1,0,0,0,0.0,0,0,0,,,0,
1351,Stephen Tulloch,29,DET,LB,3,3,0,0,0,0,0,0,0,0,0,0,2.0,20,15,5,4.0,2.0,0,
1352,Tramaine Brock,26,SFO,DB,3,2,0,0,0,0,0,0,0,0,0,0,0.0,7,7,0,0.0,0.0,0,
1353,Ryan Lindley,25,ARI,QB,3,2,0,0,0,0,0,0,1,1,0,0,0.0,0,0,0,,,0,
1354,Rashaan Melvin,25,BAL,DB,3,2,0,0,0,0,1,1,0,0,0,0,0.0,17,13,4,1.0,0.0,0,
1355,Dee Milliner,23,NYJ,DB,3,2,0,0,0,0,2,0,0,0,0,0,0.0,6,5,1,0.0,0.0,0,
1356,Jackson Jeffcoat,23,WAS,DE,3,1,1,9,0,9,1,0,0,0,0,0,1.0,5,2,3,1.0,2.0,0,
1357,Thomas Keiser,25,ARI,LB,3,1,0,0,0,0,1,0,0,0,0,0,0.0,2,1,1,1.0,0.0,0,
1358,Tracy Porter,28,WAS,DB,3,1,0,0,0,0,1,0,0,0,0,0,0.0,5,3,2,0.0,0.0,0,
1359,Taylor Thompson,25,TEN,TE,3,1,0,0,0,0,0,0,0,0,0,0,0.0,2,2,0,0.0,0.0,0,
1360,Danny Trevathan,24,DEN,LB,3,1,0,0,0,0,0,0,0,0,0,0,0.0,11,9,2,0.0,0.0,0,
1361,Josh Allen,23,TAM,C,3,0,0,0,0,0,0,0,0,1,0,0,0.0,0,0,0,0.0,0.0,0,
1362,Chris Banjo,24,GNB,DB,3,0,0,0,0,0,0,0,0,0,0,0,0.0,1,1,0,0.0,0.0,0,
1363,Steve Beauharnais,24,WAS,LB,3,0,0,0,0,0,0,0,0,0,0,0,0.0,4,2,2,0.0,0.0,0,
1364,Ken Bishop,24,DAL,DT,3,0,0,0,0,0,0,0,0,0,0,0,0.0,2,2,0,0.0,0.0,0,
1365,Michael Buchanan,23,NWE,DE,3,0,0,0,0,0,0,0,0,0,0,0,0.0,2,0,2,0.0,0.0,0,
1366,Carrington Byndom,22,CAR,DB,3,0,0,0,0,0,0,0,0,0,0,0,0.0,1,1,0,0.0,0.0,0,
1367,Chris Carter,25,CIN,LB,3,0,0,0,0,0,0,0,0,0,0,0,0.0,3,2,1,0.0,0.0,0,
1368,Marcus Cromartie,24,SFO,DB,3,0,0,0,0,0,1,0,0,0,0,0,0.0,4,4,0,0.0,0.0,0,
1369,Kevin Dorsey,24,GNB,WR,3,0,0,0,0,0,0,0,0,0,0,0,0.0,2,1,1,0.0,0.0,0,
1370,Ras-I Dowling,26,OAK,DB,3,0,0,0,0,0,0,0,0,0,0,0,0.0,1,1,0,0.0,0.0,0,
1371,Brandon Dunn,22,CHI,DT,3,0,0,0,0,0,1,0,0,0,0,0,0.0,1,1,0,0.0,0.0,0,
1372,Khairi Fortt,22,JAX,LB,3,0,0,0,0,0,0,0,0,0,0,0,0.0,1,1,0,0.0,0.0,0,
1373,Duke Ihenacho,25,WAS,DB,3,0,0,0,0,0,0,0,0,0,0,0,0.0,1,0,1,0.0,0.0,0,
1374,David King,25,SEA,DE,3,0,0,0,0,0,0,0,0,0,0,0,1.0,1,1,0,1.0,2.0,0,
1375,Cordarro Law,26,SDG,LB,3,0,0,0,0,0,1,0,0,0,0,0,1.0,9,8,1,2.0,1.0,0,
1376,Chris Matthews,25,SEA,WR,3,0,0,0,0,0,0,0,0,0,0,0,0.0,1,1,0,0.0,0.0,0,
1377,Dontay Moch,26,TEN,LB,3,0,0,0,0,0,1,0,0,0,0,0,0.0,4,4,0,0.0,1.0,0,
1378,Montell Owens,30,DET,RB,3,0,0,0,0,0,0,0,0,0,0,0,0.0,1,0,1,0.0,0.0,0,
1379,Adrian Phillips,22,SDG,DB,3,0,0,0,0,0,0,0,0,0,0,0,0.0,1,0,1,0.0,0.0,0,
1380,Justin Rogers,26,WAS,DB,3,0,0,0,0,0,0,0,0,0,0,0,0.0,1,1,0,0.0,0.0,0,
1381,Ricky Sapp,28,HOU,LB,3,0,0,0,0,0,0,0,0,0,0,0,0.0,3,2,1,0.0,0.0,0,
1382,Jalen Saunders,22,NYJ,WR,3,0,0,0,0,0,0,0,2,1,0,0,0.0,1,1,0,0.0,0.0,0,
1383,Greg Scruggs,24,SEA,DE,3,0,0,0,0,0,0,0,0,0,0,0,0.0,2,1,1,1.0,1.0,0,
1384,James White,22,NWE,RB,3,0,0,0,0,0,0,0,0,1,0,0,0.0,0,0,0,0.0,0.0,0,
1385,Trevardo Williams,24,WAS,DE,3,0,0,0,0,0,0,0,0,0,0,0,1.0,5,5,0,1.0,1.0,0,
1386,Case Keenum,26,HOU,QB,2,2,0,0,0,0,0,0,1,0,0,0,0.0,0,0,0,,,0,
1387,Charles Tillman,33,CHI,DB,2,2,0,0,0,0,1,0,0,0,0,0,0.0,8,8,0,0.0,1.0,0,
1388,Chance Casey,23,OAK,DB,2,1,0,0,0,0,1,0,0,0,0,0,0.0,7,6,1,0.0,0.0,0,
1389,Davon Coleman,23,DAL,DT,2,1,0,0,0,0,0,0,0,0,0,0,0.0,3,3,0,0.0,0.0,0,
1390,Walter Thurmond,27,NYG,DB,2,1,0,0,0,0,0,0,0,0,0,0,0.0,4,2,2,0.0,0.0,0,
1391,Jason Ankrah,23,HOU,LB,2,0,0,0,0,0,0,0,0,0,0,0,0.0,1,1,0,0.0,0.0,0,
1392,Desmond Bishop,30,SFO,LB,2,0,0,0,0,0,0,0,0,0,0,0,0.0,2,2,0,0.0,0.0,0,
1393,Victor Butler,27,IND,LB,2,0,0,0,0,0,0,0,0,0,0,0,0.0,2,1,1,0.0,0.0,0,
1394,Moise Fokou,29,NOR,LB,2,0,0,0,0,0,0,0,0,0,0,0,0.0,2,1,1,0.0,0.0,0,
1395,Akeem Jordan,29,WAS,LB,2,0,0,0,0,0,0,0,0,0,0,0,0.0,1,0,1,0.0,0.0,0,
1396,Kenny Ladler,22,BUF,DB,2,0,0,0,0,0,0,0,0,0,0,0,0.0,4,3,1,0.0,0.0,0,
1397,Ellis Lankster,27,NYJ,DB,2,0,0,0,0,0,0,0,0,0,0,0,0.0,4,2,2,0.0,0.0,0,
1398,Nevin Lawson,23,DET,DB,2,0,0,0,0,0,0,0,0,0,0,0,0.0,1,1,0,0.0,0.0,0,
1399,Travis Lewis,26,DET,LB,2,0,0,0,0,0,0,0,0,0,0,0,0.0,2,2,0,0.0,0.0,0,
1400,Brandon McGee,24,STL,DB,2,0,0,0,0,0,0,0,0,0,0,0,0.0,4,3,1,0.0,0.0,0,
1401,Joe McKnight,26,KAN,RB,2,0,0,0,0,0,0,0,0,0,0,0,0.0,1,1,0,0.0,0.0,0,
1402,Andy Mulumba,24,GNB,LB,2,0,0,0,0,0,0,0,0,0,0,0,0.0,1,1,0,0.0,0.0,0,
1403,Kenny Okoro,25,WAS,DB,2,0,0,0,0,0,0,0,0,0,0,0,0.0,1,1,0,,,0,
1404,Mike Purcell,23,SFO,DT,2,0,0,0,0,0,0,0,0,0,0,0,0.0,1,1,0,0.0,0.0,0,
1405,Kelcy Quarles,22,IND,DT,2,0,0,0,0,0,1,0,0,0,0,0,1.0,1,1,0,1.0,1.0,0,
1406,Kevin Reddick,25,SDG,LB,2,0,0,0,0,0,0,0,0,0,0,0,0.0,1,1,0,0.0,0.0,0,
1407,Tom Savage,24,HOU,QB,2,0,0,0,0,0,0,0,2,1,-8,0,0.0,0,0,0,0.0,0.0,0,
1408,Brandon Watts,23,MIN,LB,2,0,0,0,0,0,0,0,0,0,0,0,0.0,1,1,0,0.0,0.0,0,
1409,C.J. Wilson,25,TAM,DB,2,0,0,0,0,0,0,0,0,0,0,0,0.0,4,4,0,0.0,0.0,0,
1410,Adrian Clayborn,26,TAM,DE,1,1,0,0,0,0,0,0,0,0,0,0,0.0,1,1,0,1.0,0.0,0,
1411,Mike DeVito,30,KAN,DE,1,1,0,0,0,0,1,0,0,0,0,0,0.0,1,0,1,0.0,0.0,0,
1412,Dannell Ellerbe,29,MIA,LB,1,1,0,0,0,0,0,0,0,0,0,0,0.0,2,2,0,0.0,0.0,0,
1413,Greg Hardy,26,CAR,DE,1,1,0,0,0,0,0,1,0,0,0,0,1.0,4,3,1,0.0,1.0,0,
1414,Derrick Johnson,32,KAN,LB,1,1,0,0,0,0,0,0,0,0,0,0,0.0,4,4,0,0.0,0.0,0,
1415,Connor Shaw,23,CLE,QB,1,1,0,0,0,0,0,0,1,0,-2,0,0.0,0,0,0,,,0,
1416,Frank Alexander,25,CAR,DE,1,0,0,0,0,0,0,0,0,0,0,0,0.0,1,1,0,0.0,0.0,0,
1417,Aaron Berry,26,CLE,DB,1,0,0,0,0,0,0,0,0,0,0,0,0.0,1,1,0,0.0,0.0,0,
1418,Kenneth Boatright,24,DAL,DE,1,0,0,0,0,0,0,0,0,0,0,0,0.0,1,1,0,0.0,0.0,0,
1419,Josh Brent,26,DAL,DT,1,0,0,0,0,0,0,0,0,0,0,0,0.0,2,1,1,,,0,
1420,Max Bullough,22,HOU,LB,1,0,0,0,0,0,0,0,0,0,0,0,0.0,1,1,0,0.0,0.0,0,
1421,Shelby Harris,23,OAK,DE,1,0,0,0,0,0,0,0,0,0,0,0,0.0,2,1,1,0.0,0.0,0,
1422,Trindon Holliday,28,TAM,WR,1,0,0,0,0,0,0,0,1,1,0,0,0.0,0,0,0,0.0,0.0,0,
1423,Mike Jenkins,29,TAM,DB,1,0,0,0,0,0,0,0,0,0,0,0,0.0,1,1,0,0.0,0.0,0,
1424,Robert Lester,26,CAR,DB,1,0,0,0,0,0,0,0,0,0,0,0,0.0,1,0,1,0.0,0.0,0,
1425,Steven Means,24,TAM,DE,1,0,0,0,0,0,0,0,0,0,0,0,0.0,1,0,1,0.0,0.0,0,
1426,Jamie Meder,23,CLE,DT,1,0,0,0,0,0,0,0,0,0,0,0,0.0,1,1,0,0.0,0.0,0,
1427,Tauren Poole,25,CAR,RB,1,0,0,0,0,0,0,0,1,0,0,0,0.0,0,0,0,,,0,
1428,Travian Robertson,26,SEA,DT,1,0,0,0,0,0,0,0,0,0,0,0,0.0,1,0,1,0.0,0.0,0,
1429,Lawrence Sidbury,28,TAM,DE,1,0,0,0,0,0,0,0,0,0,0,0,0.0,1,1,0,0.0,0.0,0,
1430,Josh Thomas,25,NYJ,DB,1,0,0,0,0,0,1,0,0,0,0,0,0.0,2,2,0,0.0,0.0,0,
1431,Lawrence Virgil,23,NOR,DE,1,0,0,0,0,0,0,0,0,0,0,0,0.0,2,2,0,1.0,0.0,0,
