Unnamed: 0_level_0,Unnamed: 1_level_0,Unnamed: 2_level_0,Unnamed: 3_level_0,Unnamed: 4_level_0,Unnamed: 5_level_0,Unnamed: 6_level_0,Def Interceptions,Def Interceptions,Def Interceptions,Def Interceptions,Def Interceptions,Fumbles,Fumbles,Fumbles,Fumbles,Fumbles,Unnamed: 17_level_0,Tackles,Tackles,Tackles,Tackles,Tackles,Unnamed: 23_level_0,Unnamed: 24_level_0
Rk,Player,Age,Team,Pos,G,GS,Int,Yds,IntTD,Lng,PD,FF,Fmb,FR,Yds,FRTD,Sk,Comb,Solo,Ast,TFL,QBHits,Sfty,Awards
1,Sam Acho,24,ARI,LOLB/ROLB,16,16,2.0,2.0,0.0,2.0,3,2,0,0,0,0,4.0,48,35,13,6.0,12.0,0.0,
2,Mike Adams,31,DEN,SS,16,16,0.0,0.0,0.0,0.0,11,2,0,2,0,0,1.0,80,60,20,1.0,8.0,1.0,
3,Dwayne Allen,22,IND,TE,16,16,0.0,0.0,0.0,0.0,0,0,1,2,0,0,0.0,1,1,0,0.0,0.0,0.0,
4,Jared Allen,30,MIN,RDE,16,16,0.0,0.0,0.0,0.0,3,1,0,1,0,0,12.0,46,36,10,17.0,21.0,0.0,PB
5,Russell Allen,26,JAX,RLB,16,16,0.0,0.0,0.0,0.0,6,0,0,1,0,0,0.5,131,107,24,9.0,4.0,0.0,
6,Tyson Alualu,25,JAX,LDT,16,16,0.0,0.0,0.0,0.0,1,0,0,1,0,0,3.5,45,34,11,3.0,4.0,0.0,
7,Nnamdi Asomugha,31,PHI,RCB,16,16,1.0,0.0,0.0,0.0,12,0,0,0,0,0,0.0,55,47,8,2.0,0.0,0.0,
8,Geno Atkins,24,CIN,RDT,16,16,0.0,0.0,0.0,0.0,2,4,0,0,0,0,12.5,54,39,15,17.0,21.0,0.0,"PB,AP-1"
9,Cliff Avril,26,DET,LDE,16,16,0.0,0.0,0.0,0.0,1,2,0,0,0,0,9.5,35,28,7,10.0,14.0,0.0,
10,Jonathan Babineaux,31,ATL,RDT,16,16,1.0,-2.0,0.0,-2.0,4,1,0,1,15,1,3.5,31,25,6,11.0,6.0,0.0,
11,Ronde Barber,37,TAM,FS,16,16,4.0,160.0,1.0,78.0,13,1,0,0,0,0,1.0,92,71,21,8.0,0.0,0.0,
12,Nick Barnett,31,BUF,RLB,16,16,0.0,0.0,0.0,0.0,1,3,0,0,0,0,2.0,112,72,40,6.0,1.0,0.0,
13,Mark Barron,23,TAM,SS,16,16,1.0,12.0,0.0,12.0,10,1,0,0,0,0,0.0,88,71,17,4.0,0.0,0.0,
14,Connor Barwin,26,HOU,ROLB,16,16,0.0,0.0,0.0,0.0,6,0,0,1,0,0,3.0,44,35,9,12.0,16.0,1.0,
15,Yeremiah Bell,34,NYJ,FS,16,16,0.0,0.0,0.0,0.0,2,0,0,3,18,0,1.0,90,73,17,3.0,1.0,0.0,
16,Michael Bennett,27,TAM,LDE,16,16,0.0,0.0,0.0,0.0,3,3,0,0,0,0,9.0,41,34,7,18.0,18.0,0.0,
17,Eric Berry,24,KAN,SS,16,16,1.0,0.0,0.0,0.0,10,0,0,0,0,0,0.0,86,73,13,10.0,0.0,0.0,PB
18,Antoine Bethea,28,IND,FS,16,16,0.0,0.0,0.0,0.0,7,0,0,0,0,0,2.0,100,75,25,3.0,3.0,0.0,
19,Matt Birk,36,BAL,C,16,16,0.0,0.0,0.0,0.0,0,0,0,1,0,0,0.0,0,0,0,0.0,0.0,0.0,
20,Justin Blalock,29,ATL,LG,16,16,0.0,0.0,0.0,0.0,0,0,0,1,0,0,0.0,0,0,0,0.0,0.0,0.0,
21,Kevin Boothe,29,NYG,LG,16,16,0.0,0.0,0.0,0.0,0,0,0,1,0,0,0.0,0,0,0,0.0,0.0,0.0,
22,Stephen Bowen,28,WAS,RDE,16,16,0.0,0.0,0.0,0.0,3,0,0,0,0,0,1.0,25,13,12,3.0,7.0,0.0,
23,NaVorro Bowman,24,SFO,LILB,16,16,1.0,11.0,0.0,11.0,7,1,0,0,0,0,2.0,148,96,52,6.0,4.0,0.0,"PB,AP-1"
24,Sam Bradford,25,STL,QB,16,16,0.0,0.0,0.0,0.0,0,0,7,3,-1,0,0.0,0,0,0,0.0,0.0,0.0,
25,Tom Brady,35,NWE,QB,16,16,0.0,0.0,0.0,0.0,0,0,2,1,-3,0,0.0,0,0,0,0.0,0.0,0.0,"PB,AP OPoY-3"
26,Alan Branch,28,SEA,LDT,16,16,0.0,0.0,0.0,0.0,2,0,0,1,0,0,1.0,29,16,13,1.0,5.0,0.0,
27,Drew Brees,33,NOR,QB,16,16,0.0,0.0,0.0,0.0,0,0,5,2,0,0,0.0,0,0,0,0.0,0.0,0.0,PB
28,Lance Briggs,32,CHI,LLB,16,16,2.0,110.0,2.0,74.0,11,2,0,0,0,0,1.5,103,74,29,7.0,2.0,0.0,
29,Ahmad Brooks,28,SFO,LOLB,16,16,1.0,50.0,1.0,50.0,6,2,0,0,0,0,6.5,48,36,12,12.0,15.0,0.0,AP-2
30,Tarell Brown,27,SFO,RCB,16,16,2.0,17.0,0.0,12.0,13,0,0,0,0,0,0.0,57,52,5,0.0,0.0,0.0,
31,Red Bryant,28,SEA,LDE,16,16,0.0,0.0,0.0,0.0,4,0,0,0,0,0,0.0,24,14,10,1.0,0.0,0.0,
32,Kevin Burnett,30,MIA,LLB,16,16,0.0,0.0,0.0,0.0,5,0,0,0,0,0,2.5,110,80,30,5.0,5.0,0.0,
33,Morgan Burnett,23,GNB,SS/FS,16,16,2.0,1.0,0.0,1.0,5,2,0,1,0,0,2.0,123,88,35,5.0,4.0,0.0,
34,Reggie Bush,27,MIA,RB,16,16,0.0,0.0,0.0,0.0,0,0,4,0,0,0,0.0,0,0,0,0.0,0.0,0.0,
35,Jairus Byrd,26,BUF,FS,16,16,5.0,81.0,0.0,45.0,6,4,0,2,0,0,0.0,76,53,23,5.0,1.0,0.0,"PB,AP-2"
36,Cooper Carlisle,35,OAK,LG,16,16,0.0,0.0,0.0,0.0,0,0,0,0,0,0,0.0,1,0,1,0.0,0.0,0.0,
37,Brandon Carr,26,DAL,LCB,16,16,3.0,120.0,1.0,47.0,10,0,0,0,0,0,0.0,53,48,5,0.0,0.0,0.0,
38,Jurrell Casey,23,TEN,RDT,16,16,0.0,0.0,0.0,0.0,0,2,0,0,0,0,3.0,54,34,20,6.0,7.0,0.0,
39,Antoine Cason,26,SDG,RCB,16,16,2.0,34.0,0.0,31.0,10,2,0,0,0,0,0.0,73,62,11,1.0,0.0,0.0,
40,Anthony Castonzo,24,IND,LT,16,16,0.0,0.0,0.0,0.0,0,0,0,1,0,0,0.0,0,0,0,0.0,0.0,0.0,
41,Kam Chancellor,24,SEA,SS,16,16,0.0,0.0,0.0,0.0,4,1,0,2,0,0,0.0,101,75,26,3.0,0.0,0.0,
42,Chris Clemons,27,MIA,SS,16,16,2.0,29.0,0.0,29.0,4,0,0,1,-3,0,0.0,98,72,26,3.0,0.0,0.0,
43,Chris Clemons,31,SEA,RDE,16,16,0.0,0.0,0.0,0.0,4,3,0,1,0,0,11.5,40,31,9,8.0,21.0,0.0,
44,Barry Cofield,28,WAS,NT,16,16,0.0,0.0,0.0,0.0,5,1,0,0,0,0,2.5,36,15,21,5.0,14.0,0.0,
45,Trent Cole,30,PHI,RDE,16,16,0.0,0.0,0.0,0.0,1,1,0,1,0,0,3.0,40,24,16,6.0,9.0,0.0,
46,Antonio Cromartie,28,NYJ,RCB,16,16,3.0,53.0,1.0,40.0,13,0,0,0,0,0,0.0,35,30,5,1.0,0.0,0.0,PB
47,Craig Dahl,27,STL,FS/SS,16,16,1.0,38.0,0.0,38.0,2,0,0,0,0,0,0.0,78,62,16,1.0,0.0,0.0,
48,Andy Dalton,25,CIN,QB,16,16,0.0,0.0,0.0,0.0,0,0,4,0,0,0,0.0,0,0,0,,,0.0,
49,Karlos Dansby,31,MIA,MLB,16,16,0.0,0.0,0.0,0.0,9,1,0,0,0,0,1.0,134,101,33,9.0,2.0,0.0,
50,Marcell Dareus,22,BUF,LDT,16,16,0.0,0.0,0.0,0.0,6,0,0,1,0,0,5.5,39,26,13,5.0,10.0,0.0,
51,Lavonte David,22,TAM,RLB,16,16,1.0,27.0,0.0,27.0,4,0,0,0,0,0,2.0,139,112,27,20.0,5.0,0.0,AP DRoY-5
52,Anthony Davis,23,SFO,RT,16,16,0.0,0.0,0.0,0.0,0,0,0,1,0,0,0.0,0,0,0,0.0,0.0,0.0,
53,Thomas DeCoud,27,ATL,FS,16,16,6.0,42.0,0.0,24.0,9,0,0,1,0,0,1.0,76,62,14,4.0,1.0,0.0,PB
54,Elvis Dumervil,28,DEN,LOLB,16,16,0.0,0.0,0.0,0.0,1,6,0,0,0,0,11.0,54,32,22,6.0,20.0,1.0,PB
55,Jo-Lonn Dunbar,27,STL,RLB,16,16,2.0,63.0,0.0,42.0,5,2,0,0,0,0,4.5,115,91,24,16.0,12.0,0.0,
56,Sedrick Ellis,27,NOR,RDT,16,16,0.0,0.0,0.0,0.0,1,0,0,0,0,0,0.0,36,13,23,3.0,5.0,0.0,
57,Ryan Fitzpatrick,30,BUF,QB,16,16,0.0,0.0,0.0,0.0,0,0,8,2,0,0,0.0,0,0,0,0.0,0.0,0.0,
58,Joe Flacco,27,BAL,QB,16,16,0.0,0.0,0.0,0.0,0,0,9,1,-10,0,0.0,0,0,0,,,0.0,
59,London Fletcher,37,WAS,LILB,16,16,5.0,29.0,0.0,10.0,11,1,0,0,0,0,3.0,139,78,61,5.0,4.0,0.0,"PB,AP-2"
60,Larry Foote,32,PIT,LILB,16,16,0.0,0.0,0.0,0.0,3,2,0,2,0,0,4.0,113,75,38,8.0,7.0,0.0,
61,Arian Foster,26,HOU,RB,16,16,0.0,0.0,0.0,0.0,0,0,3,1,0,0,0.0,0,0,0,0.0,0.0,0.0,PB
62,Mason Foster,23,TAM,MLB,16,16,1.0,0.0,0.0,0.0,1,0,0,1,4,0,2.0,106,82,24,13.0,3.0,0.0,
63,Doug Free,28,DAL,RT,16,16,0.0,0.0,0.0,0.0,0,0,0,1,0,0,0.0,0,0,0,0.0,0.0,0.0,
64,Jerrell Freeman,26,IND,RILB,16,16,1.0,4.0,1.0,4.0,3,1,0,0,0,0,2.0,145,90,55,7.0,2.0,0.0,
65,Josh Freeman,24,TAM,QB,16,16,0.0,0.0,0.0,0.0,0,0,10,1,-12,0,0.0,0,0,0,,,0.0,
66,Robert Geathers,29,CIN,LDE,16,16,0.0,0.0,0.0,0.0,0,0,0,0,0,0,3.0,30,12,18,3.0,5.0,0.0,
67,Stephon Gilmore,22,BUF,RCB,16,16,1.0,23.0,0.0,23.0,16,2,0,0,0,0,0.0,61,52,9,1.0,0.0,0.0,
68,Dashon Goldson,28,SFO,FS,16,16,3.0,21.0,0.0,20.0,12,1,0,2,71,0,0.0,69,55,14,1.0,0.0,0.0,"PB,AP-1"
69,Frank Gore,29,SFO,RB,16,16,0.0,0.0,0.0,0.0,0,0,2,4,15,1,0.0,0,0,0,0.0,0.0,0.0,PB
70,A.J. Green,24,CIN,WR,16,16,0.0,0.0,0.0,0.0,0,0,2,1,0,0,0.0,0,0,0,0.0,0.0,0.0,"PB,AP-2"
71,Chad Greenway,29,MIN,LLB,16,16,1.0,3.0,0.0,3.0,4,0,0,2,0,0,3.0,148,98,50,7.0,5.0,0.0,"PB,AP-2"
72,Michael Griffin,27,TEN,FS/SS,16,16,4.0,59.0,0.0,33.0,4,2,0,0,0,0,1.0,79,60,19,3.0,3.0,0.0,
73,Jordan Gross,32,CAR,LT,16,16,0.0,0.0,0.0,0.0,0,0,0,1,0,0,0.0,0,0,0,0.0,0.0,0.0,
74,DeAngelo Hall,29,WAS,LCB,16,16,4.0,62.0,0.0,27.0,13,0,1,2,0,0,1.0,95,68,27,7.0,1.0,0.0,
75,Casey Hampton,35,PIT,NT,16,16,0.0,0.0,0.0,0.0,0,0,0,0,0,0,0.0,26,11,15,4.0,1.0,0.0,
76,Roman Harper,30,NOR,SS,16,16,2.0,41.0,0.0,41.0,11,0,0,0,0,0,0.0,115,88,27,4.0,1.0,0.0,
77,David Harris,28,NYJ,RILB,16,16,0.0,0.0,0.0,0.0,3,1,0,1,0,0,3.0,123,79,44,4.0,7.0,0.0,
78,Jason Hatcher,30,DAL,RDE,16,16,0.0,0.0,0.0,0.0,1,0,0,1,0,1,4.0,51,27,24,5.0,13.0,0.0,
79,A.J. Hawk,28,GNB,LILB,16,16,0.0,0.0,0.0,0.0,0,0,0,0,0,0,3.0,120,81,39,9.0,5.0,0.0,
80,Evander Hood,25,PIT,LDE,16,16,0.0,0.0,0.0,0.0,3,0,0,2,1,0,3.0,42,25,17,4.0,3.0,0.0,
81,Justin Houston,23,KAN,LOLB,16,16,1.0,32.0,0.0,32.0,6,1,0,1,4,0,10.0,66,53,13,13.0,18.0,1.0,PB
82,Lamarr Houston,25,OAK,LDE,16,16,0.0,0.0,0.0,0.0,2,1,0,1,0,0,4.5,69,49,20,13.0,12.0,0.0,
83,Michael Huff,29,OAK,LCB,16,16,2.0,0.0,0.0,0.0,12,0,0,0,0,0,0.0,56,37,19,2.0,0.0,0.0,
84,Richie Incognito,29,MIA,LG,16,16,0.0,0.0,0.0,0.0,0,0,0,2,0,0,0.0,0,0,0,0.0,0.0,0.0,PB
85,D'Qwell Jackson,29,CLE,MLB,16,16,2.0,31.0,1.0,27.0,8,2,0,2,0,0,3.5,119,64,55,4.0,5.0,0.0,
86,Vincent Jackson,29,TAM,WR,16,16,0.0,0.0,0.0,0.0,0,0,0,0,0,0,0.0,1,1,0,0.0,0.0,0.0,PB
87,Quentin Jammer,33,SDG,LCB,16,16,3.0,89.0,1.0,80.0,9,1,0,3,0,1,0.0,64,55,9,3.0,0.0,0.0,
88,Cullen Jenkins,31,PHI,LDT,16,16,0.0,0.0,0.0,0.0,1,1,0,1,0,0,4.0,26,22,4,7.0,6.0,0.0,
89,Calvin Johnson,27,DET,WR,16,16,0.0,0.0,0.0,0.0,0,0,3,0,0,0,0.0,0,0,0,0.0,0.0,0.0,"PB,AP-1,AP OPoY-3"
90,Charles Johnson,26,CAR,RDE,16,16,0.0,0.0,0.0,0.0,4,7,0,1,0,0,12.5,42,31,11,7.0,17.0,0.0,
91,Derrick Johnson,30,KAN,RILB,16,16,0.0,0.0,0.0,0.0,4,4,0,0,0,0,2.0,124,109,15,12.0,5.0,0.0,PB
92,Stevie Johnson,26,BUF,WR,16,16,0.0,0.0,0.0,0.0,0,1,1,1,0,0,0.0,0,0,0,0.0,0.0,0.0,
93,Reshad Jones,24,MIA,FS,16,16,4.0,28.0,0.0,15.0,9,2,1,2,24,0,1.0,94,73,21,4.0,4.0,0.0,
94,Cameron Jordan,23,NOR,LDE,16,16,0.0,0.0,0.0,0.0,3,3,0,2,0,0,8.0,67,41,26,8.0,13.0,0.0,
95,Linval Joseph,24,NYG,LDT,16,16,0.0,0.0,0.0,0.0,0,1,0,2,16,0,4.0,59,33,26,5.0,7.0,0.0,
96,Brett Keisel,34,PIT,RDE,16,16,0.0,0.0,0.0,0.0,1,0,0,1,0,0,4.5,46,26,20,4.0,9.0,0.0,
97,Tommy Kelly,32,OAK,RDT,16,16,0.0,0.0,0.0,0.0,2,0,0,1,0,0,1.5,45,25,20,5.0,5.0,0.0,
98,Ryan Kerrigan,24,WAS,LOLB,16,16,1.0,28.0,1.0,28.0,8,2,0,1,0,0,8.5,54,42,12,10.0,14.0,0.0,PB
99,Luke Kuechly,21,CAR,MLB,16,16,2.0,22.0,0.0,25.0,7,0,0,3,9,0,1.0,164,103,61,12.0,1.0,0.0,AP DRoY-1
100,Dawan Landry,30,JAX,SS,16,16,1.0,47.0,0.0,21.0,2,0,0,0,0,0,0.0,100,81,19,0.0,0.0,0.0,
101,Kendall Langford,26,STL,LDT,16,16,0.0,0.0,0.0,0.0,2,0,0,0,0,0,2.0,27,18,9,4.0,6.0,0.0,
102,James Laurinaitis,26,STL,MLB,16,16,2.0,18.0,0.0,18.0,5,0,0,1,4,0,0.5,142,117,25,4.0,2.0,0.0,
103,Paris Lenon,35,ARI,LILB,16,16,1.0,0.0,0.0,0.0,3,1,0,1,0,0,2.0,104,74,30,3.0,6.0,0.0,
104,Keenan Lewis,26,PIT,LCB,16,16,0.0,0.0,0.0,0.0,23,1,0,0,0,0,0.0,71,56,15,2.0,0.0,0.0,
105,Corey Liuget,22,SDG,RDE,16,16,0.0,0.0,0.0,0.0,9,0,0,1,0,0,7.0,51,36,15,11.0,10.0,0.0,
106,Curtis Lofton,26,NOR,MLB,16,16,0.0,0.0,0.0,0.0,6,2,0,2,0,0,1.0,123,82,41,7.0,2.0,0.0,
107,Chris Long,27,STL,LDE,16,16,0.0,0.0,0.0,0.0,0,0,0,0,0,0,11.5,33,25,8,15.0,19.0,0.0,
108,Andrew Luck,23,IND,QB,16,16,0.0,0.0,0.0,0.0,0,0,10,2,-3,0,0.0,0,0,0,0.0,0.0,0.0,"PB,AP ORoY-2"
109,Danieal Manning,30,HOU,SS,16,16,2.0,59.0,1.0,55.0,8,3,0,1,1,0,1.0,77,59,18,2.0,1.0,0.0,
110,Eli Manning,31,NYG,QB,16,16,0.0,0.0,0.0,0.0,0,0,5,2,0,0,0.0,0,0,0,,,0.0,PB
111,Peyton Manning,36,DEN,QB,16,16,0.0,0.0,0.0,0.0,0,0,2,1,0,0,0.0,0,0,0,,,0.0,"PB,AP-1,AP MVP-2,AP OPoY-2,AP CPoY-1"
112,Brandon Marshall,28,CHI,WR,16,16,0.0,0.0,0.0,0.0,0,0,2,1,0,0,0.0,0,0,0,0.0,0.0,0.0,"PB,AP-1"
113,Doug Martin,23,TAM,RB,16,16,0.0,0.0,0.0,0.0,0,0,1,1,0,0,0.0,0,0,0,0.0,0.0,0.0,PB
114,Jonathan Martin,23,MIA,RT/LT,16,16,0.0,0.0,0.0,0.0,0,0,0,1,0,0,0.0,0,0,0,0.0,0.0,0.0,
115,Rey Maualuga,25,CIN,MLB,16,16,0.0,0.0,0.0,0.0,5,0,0,1,0,0,1.0,122,62,60,1.0,4.0,0.0,
116,Jerod Mayo,26,NWE,LLB,16,16,1.0,0.0,0.0,0.0,3,4,0,1,0,0,3.0,147,88,59,5.0,5.0,0.0,PB
117,Devin McCourty,25,NWE,LCB/FS,16,16,5.0,53.0,0.0,34.0,13,2,1,0,0,0,0.0,82,63,19,3.0,0.0,0.0,
118,Jason McCourty,25,TEN,LCB,16,16,4.0,29.0,0.0,28.0,15,1,0,1,0,0,0.0,92,73,19,4.0,0.0,0.0,
119,Gerald McCoy,24,TAM,LDT,16,16,0.0,0.0,0.0,0.0,2,1,0,1,0,0,5.0,30,23,7,9.0,15.0,0.0,PB
120,Ray McDonald,28,SFO,LDE,16,16,0.0,0.0,0.0,0.0,1,1,0,0,0,0,2.5,38,28,10,5.0,4.0,1.0,
121,Brandon Mebane,27,SEA,RDT,16,16,0.0,0.0,0.0,0.0,3,0,0,1,0,0,3.0,56,31,25,4.0,5.0,0.0,
122,Quintin Mikell,32,STL,SS/FS,16,16,0.0,0.0,0.0,0.0,2,4,0,0,0,0,3.0,101,83,18,3.0,3.0,0.0,
123,Von Miller,23,DEN,LILB,16,16,1.0,26.0,1.0,26.0,2,6,0,0,0,0,18.5,68,55,13,28.0,25.0,0.0,"PB,AP-1,AP DPoY-2"
124,Jeremy Mincey,29,JAX,LDE,16,16,0.0,0.0,0.0,0.0,5,2,0,1,0,0,3.0,41,35,6,7.0,13.0,0.0,
125,Derrick Morgan,23,TEN,LDE,16,16,0.0,0.0,0.0,0.0,5,1,0,1,0,0,6.5,59,35,24,10.0,23.0,0.0,
126,Alfred Morris,24,WAS,RB,16,16,0.0,0.0,0.0,0.0,0,0,4,2,0,0,0.0,0,0,0,0.0,0.0,0.0,AP-2
127,Brandon Myers,27,OAK,TE,16,16,0.0,0.0,0.0,0.0,0,0,0,0,0,0,0.0,2,2,0,0.0,0.0,0.0,
128,Chris Myers,31,HOU,C,16,16,0.0,0.0,0.0,0.0,0,0,0,1,0,0,0.0,0,0,0,0.0,0.0,0.0,PB
129,Cam Newton,23,CAR,QB,16,16,0.0,0.0,0.0,0.0,0,0,10,3,-8,0,0.0,0,0,0,0.0,0.0,0.0,
130,Rob Ninkovich,28,NWE,LDE,16,16,0.0,0.0,0.0,0.0,0,5,0,4,3,0,8.0,58,32,26,9.0,12.0,0.0,
131,Michael Oher,26,BAL,LT,16,16,0.0,0.0,0.0,0.0,0,0,0,1,0,0,0.0,0,0,0,0.0,0.0,0.0,
132,Calvin Pace,32,NYJ,ROLB,16,16,0.0,0.0,0.0,0.0,2,1,0,1,0,0,3.0,55,35,20,7.0,6.0,0.0,
133,Domata Peko,28,CIN,LDT,16,16,0.0,0.0,0.0,0.0,3,0,0,1,0,0,2.0,53,23,30,5.0,6.0,0.0,
134,Donald Penn,29,TAM,LT,16,16,0.0,0.0,0.0,0.0,0,0,0,1,0,0,0.0,0,0,0,0.0,0.0,0.0,
135,Julius Peppers,32,CHI,RDE,16,16,0.0,0.0,0.0,0.0,2,1,0,4,6,0,11.5,39,32,7,13.0,15.0,0.0,"PB,AP-2"
136,Adrian Peterson,27,MIN,RB,16,16,0.0,0.0,0.0,0.0,0,0,4,0,0,0,0.0,0,0,0,0.0,0.0,0.0,"PB,AP-1,AP MVP-1,AP OPoY-1,AP CPoY-2"
137,Patrick Peterson,22,ARI,LCB,16,16,7.0,64.0,0.0,31.0,16,0,7,5,60,0,0.0,55,52,3,2.0,0.0,0.0,PB
138,Shaun Phillips,31,SDG,LOLB,16,16,0.0,0.0,0.0,0.0,3,2,0,3,0,1,9.5,50,33,17,11.0,14.0,1.0,
139,Ryan Pickett,33,GNB,LDE,16,16,0.0,0.0,0.0,0.0,1,0,0,0,0,0,0.0,51,27,24,2.0,2.0,0.0,
140,Dontari Poe,22,KAN,NT,16,16,0.0,0.0,0.0,0.0,4,0,0,0,0,0,0.0,38,28,10,3.0,3.0,0.0,
141,Christian Ponder,24,MIN,QB,16,16,0.0,0.0,0.0,0.0,0,0,7,2,0,0,0.0,0,0,0,0.0,0.0,0.0,
142,Paul Posluszny,28,JAX,MLB,16,16,3.0,20.0,0.0,13.0,7,2,0,0,0,0,2.0,139,106,33,5.0,5.0,0.0,
143,Glover Quin,26,HOU,FS,16,16,2.0,22.0,0.0,22.0,13,2,0,0,0,0,1.0,84,64,20,6.0,1.0,0.0,
144,Ed Reed,34,BAL,FS,16,16,4.0,78.0,1.0,34.0,15,0,0,3,31,0,0.0,58,49,9,1.0,0.0,0.0,PB
145,Ray Rice,25,BAL,RB,16,16,0.0,0.0,0.0,0.0,0,0,1,0,0,0,0.0,0,0,0,0.0,0.0,0.0,PB
146,Perry Riley,24,WAS,RILB,16,16,0.0,0.0,0.0,0.0,7,1,0,1,0,0,3.5,129,73,56,6.0,5.0,0.0,
147,Philip Rivers,31,SDG,QB,16,16,0.0,0.0,0.0,0.0,0,0,15,2,-8,0,0.0,0,0,0,0.0,0.0,0.0,
148,Dunta Robinson,30,ATL,LCB,16,16,1.0,4.0,0.0,4.0,8,1,0,0,0,0,1.5,80,67,13,7.0,2.0,0.0,
149,Patrick Robinson,25,NOR,RCB,16,16,3.0,99.0,1.0,99.0,18,1,0,0,0,0,1.0,64,53,11,1.0,1.0,0.0,
150,Aaron Rodgers,29,GNB,QB,16,16,0.0,0.0,0.0,0.0,0,0,5,1,0,0,0.0,0,0,0,0.0,0.0,0.0,"PB,AP-2,AP OPoY-3"
151,Dominique Rodgers-Cromartie,26,PHI,LCB,16,16,3.0,14.0,0.0,14.0,16,0,0,0,0,0,0.0,51,43,8,0.0,0.0,0.0,
152,Carlos Rogers,31,SFO,LCB,16,16,1.0,63.0,0.0,63.0,6,0,0,3,63,1,1.0,56,50,6,2.0,2.0,0.0,
153,Antrel Rolle,30,NYG,FS,16,16,2.0,42.0,0.0,22.0,5,1,0,1,0,0,0.0,96,73,23,4.0,0.0,0.0,
154,Tony Romo,32,DAL,QB,16,16,0.0,0.0,0.0,0.0,0,0,6,2,-15,0,0.0,0,0,0,0.0,0.0,0.0,
155,Frostee Rucker,29,CLE,RDE,16,16,0.0,0.0,0.0,0.0,1,1,0,0,0,0,4.0,48,29,19,4.0,6.0,0.0,
156,Matt Ryan,27,ATL,QB,16,16,0.0,0.0,0.0,0.0,0,0,3,0,-2,0,0.0,0,0,0,0.0,0.0,0.0,PB
157,DeMeco Ryans,28,PHI,MLB,16,16,1.0,0.0,0.0,0.0,4,0,0,0,0,0,1.0,113,86,27,15.0,2.0,0.0,
158,Matt Schaub,31,HOU,QB,16,16,0.0,0.0,0.0,0.0,0,0,4,2,-2,0,0.0,0,0,0,0.0,0.0,0.0,PB
159,Mitchell Schwartz,23,CLE,RT,16,16,0.0,0.0,0.0,0.0,0,0,0,1,0,0,0.0,0,0,0,0.0,0.0,0.0,
160,Matt Shaughnessy,26,OAK,RDE,16,16,0.0,0.0,0.0,0.0,0,0,0,0,0,0,3.5,31,25,6,9.0,11.0,0.0,
161,Jabaal Sheard,23,CLE,LDE,16,16,0.0,0.0,0.0,0.0,3,1,0,0,0,0,7.0,55,38,17,9.0,10.0,0.0,
162,Richard Sherman,24,SEA,LCB,16,16,8.0,57.0,1.0,29.0,24,3,0,1,0,0,1.0,65,54,11,0.0,1.0,0.0,AP-1
163,Aldon Smith,23,SFO,ROLB,16,16,1.0,6.0,0.0,6.0,1,3,0,0,0,0,19.5,66,50,16,18.0,29.0,0.0,"PB,AP-1"
164,Andre Smith,25,CIN,RT,16,16,0.0,0.0,0.0,0.0,0,0,0,1,0,0,0.0,0,0,0,0.0,0.0,0.0,
165,Antonio Smith,31,HOU,RDE,16,16,0.0,0.0,0.0,0.0,3,2,0,1,0,0,7.0,30,23,7,7.0,19.0,0.0,
166,Harrison Smith,23,MIN,FS,16,16,3.0,87.0,2.0,56.0,10,1,0,1,0,0,1.0,104,74,30,1.0,2.0,0.0,
167,Sean Smith,25,MIA,LCB,16,16,2.0,31.0,0.0,31.0,11,3,0,0,0,0,0.0,59,53,6,0.0,0.0,0.0,
168,Steve Smith Sr.,33,CAR,WR,16,16,0.0,0.0,0.0,0.0,0,0,1,0,0,0,0.0,0,0,0,0.0,0.0,0.0,
169,Will Smith,31,NOR,RDE,16,16,0.0,0.0,0.0,0.0,1,0,0,1,0,0,6.0,58,33,25,10.0,19.0,0.0,
170,Nate Solder,24,NWE,LT,16,16,0.0,0.0,0.0,0.0,0,0,0,1,0,0,0.0,1,1,0,0.0,0.0,0.0,
171,Paul Soliai,29,MIA,RDT,16,16,0.0,0.0,0.0,0.0,2,0,0,1,0,0,1.5,29,18,11,8.0,5.0,0.0,
172,Takeo Spikes,36,SDG,LILB,16,16,0.0,0.0,0.0,0.0,1,2,0,0,0,0,0.5,78,53,25,1.0,4.0,0.0,
173,Matthew Stafford,24,DET,QB,16,16,0.0,0.0,0.0,0.0,0,0,6,2,-7,0,0.0,0,0,0,0.0,0.0,0.0,
174,Joe Staley,28,SFO,LT,16,16,0.0,0.0,0.0,0.0,0,0,0,1,0,0,0.0,0,0,0,0.0,0.0,0.0,"PB,AP-2"
175,Max Starks,30,PIT,LT,16,16,0.0,0.0,0.0,0.0,0,0,1,1,0,0,0.0,0,0,0,0.0,0.0,0.0,
176,Randy Starks,29,MIA,LDT,16,16,1.0,4.0,0.0,4.0,4,0,0,0,0,0,4.5,27,18,9,5.0,9.0,0.0,PB
177,Ndamukong Suh,25,DET,RDT,16,16,0.0,0.0,0.0,0.0,2,0,0,0,0,0,8.0,34,24,10,17.0,32.0,0.0,"PB,AP-2"
178,John Sullivan,27,MIN,C,16,16,0.0,0.0,0.0,0.0,0,0,1,0,-12,0,0.0,0,0,0,0.0,0.0,0.0,
179,Ryan Tannehill,24,MIA,QB,16,16,0.0,0.0,0.0,0.0,0,0,9,1,0,0,0.0,0,0,0,0.0,0.0,0.0,
180,Demaryius Thomas,25,DEN,WR,16,16,0.0,0.0,0.0,0.0,0,0,3,0,0,0,0.0,0,0,0,0.0,0.0,0.0,PB
181,Earl Thomas,23,SEA,FS,16,16,3.0,80.0,1.0,57.0,8,1,0,1,0,0,0.0,66,42,24,2.0,2.0,0.0,"PB,AP-1"
182,Joe Thomas,28,CLE,LT,16,16,0.0,0.0,0.0,0.0,0,0,0,1,0,0,0.0,0,0,0,0.0,0.0,0.0,"PB,AP-2"
183,Charles Tillman,31,CHI,RCB,16,16,3.0,71.0,3.0,36.0,16,10,0,2,0,0,0.0,87,75,12,1.0,0.0,0.0,"PB,AP-1"
184,Lawrence Timmons,26,PIT,RILB,16,16,3.0,80.0,1.0,53.0,5,2,0,1,1,0,6.0,106,75,31,10.0,17.0,0.0,
185,Stephen Tulloch,27,DET,MLB,16,16,0.0,0.0,0.0,0.0,6,1,0,2,0,0,0.5,112,74,38,6.0,5.0,0.0,
186,Michael Turner,30,ATL,RB,16,16,0.0,0.0,0.0,0.0,0,0,3,1,0,0,0.0,0,0,0,0.0,0.0,0.0,
187,Robert Turner,28,STL,C/LG,16,16,0.0,0.0,0.0,0.0,0,0,0,2,0,0,0.0,0,0,0,0.0,0.0,0.0,
188,Kyle Vanden Bosch,34,DET,RDE,16,16,0.0,0.0,0.0,0.0,1,0,0,0,0,0,3.5,36,28,8,9.0,15.0,1.0,
189,Alterraun Verner,24,TEN,RCB,16,16,2.0,11.0,0.0,11.0,9,1,0,1,72,1,0.0,81,64,17,8.0,0.0,0.0,
190,Cameron Wake,30,MIA,RDE,16,16,0.0,0.0,0.0,0.0,1,3,0,0,0,0,15.0,53,38,15,13.0,33.0,0.0,"PB,AP-1"
191,DeMarcus Ware,30,DAL,ROLB,16,16,0.0,0.0,0.0,0.0,0,5,0,1,0,0,11.5,56,33,23,9.0,23.0,0.0,"PB,AP-2"
192,Daryl Washington,26,ARI,RILB,16,16,1.0,7.0,0.0,7.0,4,2,0,1,3,0,9.0,134,108,26,15.0,12.0,0.0,"PB,AP-2"
193,J.J. Watt,23,HOU,LDE,16,16,0.0,0.0,0.0,0.0,16,4,0,2,7,0,20.5,81,69,12,39.0,43.0,0.0,"PB,AP-1,AP DPoY-1"
194,Corey Webster,30,NYG,LCB,16,16,4.0,45.0,0.0,38.0,11,0,0,0,0,0,0.0,58,52,6,0.0,0.0,0.0,
195,Eric Weddle,27,SDG,FS,16,16,3.0,52.0,1.0,23.0,8,2,3,2,0,0,1.0,97,83,14,4.0,2.0,0.0,AP-2
196,Philip Wheeler,28,OAK,LLB,16,16,0.0,0.0,0.0,0.0,6,2,0,1,0,0,3.0,110,78,32,5.0,12.0,0.0,
197,Donte Whitner,27,SFO,SS,16,16,1.0,42.0,1.0,42.0,4,2,0,1,0,0,0.0,82,61,21,1.0,0.0,0.0,PB
198,Vince Wilfork,31,NWE,LDT,16,16,0.0,0.0,0.0,0.0,6,3,0,4,2,0,3.0,48,29,19,6.0,4.0,0.0,"PB,AP-1"
199,Cary Williams,28,BAL,RCB,16,16,4.0,90.0,1.0,63.0,17,0,0,0,0,0,1.0,75,67,8,2.0,1.0,0.0,
200,Kevin Williams,32,MIN,RDT,16,16,0.0,0.0,0.0,0.0,7,0,0,2,0,0,2.0,30,19,11,5.0,7.0,0.0,
201,Kyle Williams,29,BUF,RDT,16,16,0.0,0.0,0.0,0.0,2,0,0,0,0,0,5.0,46,27,19,10.0,13.0,0.0,PB
202,Madieu Williams,31,WAS,FS,16,16,1.0,24.0,1.0,24.0,6,0,0,0,0,0,1.0,99,66,33,3.0,2.0,0.0,
203,Mario Williams,27,BUF,LDE,16,16,0.0,0.0,0.0,0.0,4,2,0,2,0,0,10.5,46,37,9,12.0,15.0,0.0,
204,Tramon Williams,29,GNB,LCB,16,16,2.0,38.0,0.0,38.0,16,0,0,0,0,0,0.0,61,52,9,1.0,0.0,0.0,
205,Patrick Willis,27,SFO,RILB,16,16,2.0,2.0,0.0,2.0,9,2,0,1,3,0,0.5,120,88,32,5.0,3.0,0.0,"PB,AP-1"
206,George Wilson,31,BUF,SS,16,16,0.0,0.0,0.0,0.0,5,0,0,0,0,0,0.0,104,79,25,0.0,0.0,0.0,
207,Josh Wilson,27,WAS,RCB,16,16,2.0,8.0,0.0,7.0,13,3,0,2,30,1,1.0,74,54,20,0.0,2.0,0.0,
208,Russell Wilson,24,SEA,QB,16,16,0.0,0.0,0.0,0.0,0,0,6,3,-9,0,0.0,0,0,0,0.0,0.0,0.0,"PB,AP ORoY-3"
209,Kamerion Wimbley,29,TEN,RDE,16,16,0.0,0.0,0.0,0.0,0,1,0,1,2,0,6.0,30,16,14,4.0,10.0,0.0,
210,Eric Winston,29,KAN,RT,16,16,0.0,0.0,0.0,0.0,0,0,0,1,0,0,0.0,0,0,0,0.0,0.0,0.0,
211,Derek Wolfe,22,DEN,LDE,16,16,0.0,0.0,0.0,0.0,2,0,0,0,0,0,6.0,40,26,14,9.0,8.0,0.0,
212,Major Wright,24,CHI,SS,16,16,4.0,45.0,1.0,45.0,8,1,0,2,0,0,0.0,71,52,19,5.0,0.0,0.0,
213,Jeremy Zuttah,26,TAM,LG/C,16,16,0.0,0.0,0.0,0.0,0,0,0,1,0,0,0.0,0,0,0,0.0,0.0,0.0,
214,John Abraham,34,ATL,RDE,16,15,0.0,0.0,0.0,0.0,8,6,0,0,0,0,10.0,35,32,3,12.0,19.0,0.0,
215,Miles Austin,28,DAL,WR,16,15,0.0,0.0,0.0,0.0,0,0,1,0,0,0,0.0,0,0,0,0.0,0.0,0.0,
216,Donnie Avery,28,IND,WR,16,15,0.0,0.0,0.0,0.0,0,0,1,0,0,0,0.0,0,0,0,0.0,0.0,0.0,
217,Champ Bailey,34,DEN,LCB,16,15,2.0,18.0,0.0,18.0,8,0,0,0,0,0,0.0,66,61,5,3.0,0.0,0.0,"PB,AP-2"
218,Justin Bannan,33,DEN,RDE,16,15,0.0,0.0,0.0,0.0,4,1,0,1,0,0,0.0,42,28,14,2.0,0.0,0.0,
219,Jasper Brinkley,27,MIN,MLB,16,15,0.0,0.0,0.0,0.0,3,3,0,0,0,0,0.0,100,64,36,2.0,2.0,0.0,
220,Miles Burris,24,OAK,RLB,16,15,1.0,7.0,0.0,7.0,3,0,0,0,0,0,1.5,96,62,34,5.0,8.0,0.0,
221,Jamaal Charles,26,KAN,RB,16,15,0.0,0.0,0.0,0.0,0,0,5,0,0,0,0.0,0,0,0,0.0,0.0,0.0,"PB,AP-2,AP CPoY-3"
222,Kellen Davis,27,CHI,TE,16,15,0.0,0.0,0.0,0.0,0,0,1,0,0,0,0.0,0,0,0,0.0,0.0,0.0,
223,Mike DeVito,28,NYJ,RDE,16,15,0.0,0.0,0.0,0.0,0,2,0,0,0,0,1.0,52,27,25,2.0,1.0,0.0,
224,Demar Dotson,27,TAM,RT,16,15,0.0,0.0,0.0,0.0,0,0,0,1,0,0,0.0,0,0,0,0.0,0.0,0.0,
225,Cortland Finnegan,28,STL,LCB,16,15,3.0,68.0,1.0,32.0,9,1,0,0,0,0,1.0,101,83,18,3.0,1.0,0.0,
226,William Gay,27,ARI,RCB,16,15,2.0,7.0,0.0,6.0,6,3,0,1,0,0,1.0,57,45,12,4.0,1.0,0.0,
227,Jermaine Gresham,24,CIN,TE,16,15,0.0,0.0,0.0,0.0,0,0,2,1,0,0,0.0,0,0,0,0.0,0.0,0.0,PB
228,Brian Hartline,26,MIA,WR,16,15,0.0,0.0,0.0,0.0,0,0,1,0,0,0,0.0,0,0,0,0.0,0.0,0.0,
229,Kareem Jackson,24,HOU,LCB,16,15,4.0,71.0,1.0,63.0,17,0,0,0,0,0,0.0,53,47,6,1.0,0.0,0.0,
230,Chris Johnson,27,TEN,RB,16,15,0.0,0.0,0.0,0.0,0,0,5,0,0,0,0.0,0,0,0,,,0.0,
231,Michael Johnson,25,CIN,RDE,16,15,1.0,3.0,0.0,3.0,2,0,0,1,0,0,11.5,52,35,17,15.0,20.0,0.0,
232,LaRon Landry,28,NYJ,SS,16,15,2.0,42.0,1.0,24.0,8,4,0,0,9,0,0.0,100,76,24,4.0,3.0,0.0,PB
233,Marcedes Lewis,28,JAX,TE,16,15,0.0,0.0,0.0,0.0,0,0,0,1,0,0,0.0,0,0,0,0.0,0.0,0.0,
234,Brandon Lloyd,31,NWE,WR,16,15,0.0,0.0,0.0,0.0,0,0,0,1,0,1,0.0,0,0,0,,,0.0,
235,Marshawn Lynch,26,SEA,RB,16,15,0.0,0.0,0.0,0.0,0,0,5,0,0,0,0.0,0,0,0,0.0,0.0,0.0,"PB,AP-1"
236,Zach Miller,27,SEA,TE,16,15,0.0,0.0,0.0,0.0,0,0,1,0,0,0,0.0,0,0,0,0.0,0.0,0.0,
237,Rahim Moore,22,DEN,FS,16,15,1.0,23.0,0.0,23.0,6,0,0,1,0,0,1.0,72,60,12,4.0,1.0,0.0,
238,Josh Morgan,27,WAS,WR,16,15,0.0,0.0,0.0,0.0,0,0,1,2,13,1,0.0,0,0,0,0.0,0.0,0.0,
239,Stephen Nicholas,29,ATL,RLB,16,15,1.0,3.0,0.0,3.0,4,1,0,1,0,0,2.0,97,72,25,5.0,5.0,0.0,
240,Jason Pierre-Paul,23,NYG,RDE,16,15,1.0,28.0,1.0,28.0,5,1,0,1,10,0,6.5,66,43,23,13.0,10.0,0.0,PB
241,Kelvin Sheppard,24,BUF,MLB,16,15,0.0,0.0,0.0,0.0,1,0,0,0,0,0,2.0,80,56,24,3.0,4.0,0.0,
242,Bobby Wagner,22,SEA,MLB,16,15,3.0,55.0,0.0,45.0,4,0,0,0,0,0,2.0,140,87,53,9.0,5.0,0.0,AP DRoY-2
243,Reggie Wayne,34,IND,WR,16,15,0.0,0.0,0.0,0.0,0,0,1,1,0,0,0.0,0,0,0,0.0,0.0,0.0,PB
244,Roddy White,31,ATL,WR,16,15,0.0,0.0,0.0,0.0,0,0,1,1,0,0,0.0,0,0,0,0.0,0.0,0.0,
245,Muhammad Wilkerson,23,NYJ,LDE,16,15,0.0,0.0,0.0,0.0,5,3,0,1,21,1,5.0,69,36,33,7.0,12.0,0.0,
246,Kyle Wilson,25,NYJ,LCB,16,15,1.0,5.0,0.0,5.0,4,1,1,1,0,0,0.0,48,41,7,1.0,0.0,0.0,
247,Antoine Winfield,35,MIN,LCB,16,15,3.0,37.0,0.0,31.0,13,0,0,1,0,0,0.5,101,72,29,8.0,1.0,0.0,
248,Justin Blackmon,22,JAX,WR,16,14,0.0,0.0,0.0,0.0,0,0,1,1,0,0,0.0,0,0,0,0.0,0.0,0.0,
249,Keith Brooking,37,DEN,RILB,16,14,0.0,0.0,0.0,0.0,0,1,0,0,0,0,1.0,54,33,21,1.0,1.0,0.0,
250,Zach Brown,23,TEN,RLB,16,14,3.0,156.0,2.0,79.0,5,1,1,2,6,0,5.5,93,68,25,11.0,8.0,0.0,
251,Dez Bryant,24,DAL,WR,16,14,0.0,0.0,0.0,0.0,0,0,5,2,0,0,0.0,0,0,0,0.0,0.0,0.0,
252,Vontaze Burfict,22,CIN,RLB,16,14,0.0,0.0,0.0,0.0,2,0,0,2,0,0,1.0,127,73,54,7.0,3.0,0.0,
253,Gabe Carimi,24,CHI,RT,16,14,0.0,0.0,0.0,0.0,0,0,0,1,0,0,0.0,0,0,0,0.0,0.0,0.0,
254,Justin Durant,27,DET,LLB,16,14,0.0,0.0,0.0,0.0,2,0,0,0,0,0,0.5,103,82,21,9.0,2.0,0.0,
255,Jermichael Finley,25,GNB,TE,16,14,0.0,0.0,0.0,0.0,0,0,1,0,0,0,0.0,0,0,0,0.0,0.0,0.0,
256,Shonn Greene,27,NYJ,RB,16,14,0.0,0.0,0.0,0.0,0,0,4,3,0,0,0.0,0,0,0,0.0,0.0,0.0,
257,Rob Jackson,27,WAS,ROLB,16,14,4.0,19.0,1.0,17.0,7,2,0,1,0,0,4.5,37,27,10,9.0,5.0,0.0,
258,Jarvis Jenkins,24,WAS,LDE,16,14,0.0,0.0,0.0,0.0,0,0,0,0,0,0,0.0,25,11,14,2.0,3.0,0.0,
259,Lance Kendricks,24,STL,TE,16,14,0.0,0.0,0.0,0.0,0,0,1,1,0,0,0.0,2,2,0,0.0,0.0,0.0,
260,Robert Quinn,22,STL,RDE,16,14,0.0,0.0,0.0,0.0,2,1,0,0,0,0,10.5,29,24,5,11.0,17.0,0.0,
261,Marcel Reece,27,OAK,RB,16,14,0.0,0.0,0.0,0.0,0,0,2,0,-23,0,0.0,0,0,0,0.0,0.0,0.0,PB
262,Dallas Reynolds,28,PHI,C,16,14,0.0,0.0,0.0,0.0,0,0,1,0,-16,0,0.0,0,0,0,0.0,0.0,0.0,
263,Nick Roach,27,CHI,RLB,16,14,0.0,0.0,0.0,0.0,4,1,0,1,0,0,1.5,66,51,15,5.0,2.0,0.0,
264,Daniel Te'o-Nesheim,26,TAM,RDE,16,14,0.0,0.0,0.0,0.0,0,0,0,0,0,0,4.0,39,24,15,8.0,8.0,0.0,
265,Kevin Vickerson,29,DEN,NT,16,14,0.0,0.0,0.0,0.0,1,1,0,0,0,0,2.0,40,28,12,5.0,5.0,0.0,
266,Nate Washington,29,TEN,WR,16,14,0.0,0.0,0.0,0.0,0,0,1,0,0,0,0.0,0,0,0,0.0,0.0,0.0,
267,Ben Watson,32,CLE,TE,16,14,0.0,0.0,0.0,0.0,0,0,1,0,0,0,0.0,0,0,0,,,0.0,
268,Akeem Ayers,23,TEN,LLB,16,13,1.0,2.0,0.0,2.0,8,1,0,0,0,0,6.0,104,66,38,8.0,10.0,0.0,
269,Marques Colston,29,NOR,WR,16,13,0.0,0.0,0.0,0.0,0,0,4,0,0,0,0.0,0,0,0,0.0,0.0,0.0,
270,Akeem Dent,25,ATL,MLB,16,13,0.0,0.0,0.0,0.0,2,0,0,0,0,0,0.0,65,42,23,5.0,2.0,0.0,
271,Matt Giordano,30,OAK,FS,16,13,2.0,45.0,0.0,24.0,5,0,0,0,0,0,0.0,51,39,12,0.0,1.0,0.0,
272,Josh Gordon,21,CLE,WR,16,13,0.0,0.0,0.0,0.0,0,0,1,0,0,0,0.0,0,0,0,0.0,0.0,0.0,
273,Ted Larsen,25,TAM,C/RG,16,13,0.0,0.0,0.0,0.0,0,0,0,1,0,0,0.0,0,0,0,0.0,0.0,0.0,
274,Kaluka Maiava,25,CLE,RLB,16,13,0.0,0.0,0.0,0.0,3,2,0,0,0,0,2.0,53,35,18,1.0,4.0,0.0,
275,Bruce Miller,25,SFO,FB,16,13,0.0,0.0,0.0,0.0,0,0,0,1,0,0,0.0,11,9,2,0.0,0.0,0.0,
276,C.J. Mosley,29,JAX,RDT,16,13,0.0,0.0,0.0,0.0,0,1,0,3,0,0,2.5,45,36,9,4.0,6.0,0.0,
277,Jamarca Sanford,27,MIN,SS,16,13,0.0,0.0,0.0,0.0,5,4,0,1,0,0,0.0,66,52,14,1.0,1.0,0.0,
278,Kyle Arrington,26,NWE,RCB,16,12,0.0,0.0,0.0,0.0,11,1,0,1,0,0,0.0,74,62,12,2.0,1.0,0.0,
279,Jordan Babineaux,30,TEN,SS/FS,16,12,1.0,10.0,0.0,10.0,7,0,0,0,0,0,0.0,96,66,30,0.0,2.0,0.0,
280,Vick Ballard,22,IND,RB,16,12,0.0,0.0,0.0,0.0,0,0,3,2,0,0,0.0,0,0,0,0.0,0.0,0.0,
281,Josh Norman,25,CAR,RCB,16,12,1.0,2.0,0.0,2.0,7,0,0,0,0,0,0.0,73,52,21,0.0,0.0,0.0,
282,Jared Odrick,25,MIA,LDE,16,12,0.0,0.0,0.0,0.0,2,0,0,0,0,0,5.0,35,26,9,12.0,15.0,0.0,
283,Stevan Ridley,23,NWE,RB,16,12,0.0,0.0,0.0,0.0,0,0,4,0,0,0,0.0,1,1,0,0.0,0.0,0.0,
284,Wes Welker,31,NWE,WR,16,12,0.0,0.0,0.0,0.0,0,0,3,0,0,0,0.0,1,1,0,0.0,0.0,0.0,PB
285,Jason Babin,32,2TM,DE,16,16,0.0,0.0,0.0,0.0,0,4,0,1,0,0,7.0,37,28,9,8.0,18.0,0.0,
285,Jason Babin,32,PHI,LDE,11,11,0.0,0.0,0.0,0.0,0,2,0,0,0,0,5.5,26,21,5,4.0,15.0,0.0,
285,Jason Babin,32,JAX,DE,5,5,0.0,0.0,0.0,0.0,0,2,0,1,0,0,1.5,11,7,4,4.0,3.0,0.0,
286,Michael Boley,30,NYG,RLB,16,11,3.0,74.0,0.0,51.0,4,0,0,2,70,1,0.5,92,65,27,4.0,3.0,0.0,
287,Nigel Bradham,23,BUF,LLB,16,11,0.0,0.0,0.0,0.0,1,0,0,1,0,0,0.0,57,37,20,2.0,0.0,0.0,
288,Stevie Brown,25,NYG,SS,16,11,8.0,307.0,0.0,70.0,11,2,0,2,9,0,0.0,76,64,12,3.0,1.0,0.0,
289,Israel Idonije,32,CHI,LDE,16,11,0.0,0.0,0.0,0.0,0,1,0,0,0,0,7.5,48,29,19,8.0,9.0,0.0,
290,Kyle Love,26,NWE,RDT,16,11,0.0,0.0,0.0,0.0,0,0,0,0,0,0,1.5,25,11,14,2.0,2.0,0.0,
291,Captain Munnerlyn,24,CAR,LCB,16,11,2.0,107.0,2.0,74.0,9,0,1,0,0,0,0.0,61,48,13,0.0,0.0,0.0,
292,Luke Stocker,24,TAM,TE,16,11,0.0,0.0,0.0,0.0,0,0,0,0,0,0,0.0,1,1,0,0.0,0.0,0.0,
293,Cassius Vaughn,25,IND,LCB,16,11,1.0,3.0,1.0,3.0,9,0,0,0,0,0,0.0,66,58,8,0.0,0.0,0.0,
294,Reed Doughty,30,WAS,SS,16,10,1.0,1.0,0.0,1.0,1,0,0,0,0,0,0.0,69,44,25,1.0,1.0,0.0,
295,M.D. Jennings,24,GNB,FS,16,10,1.0,72.0,1.0,72.0,2,0,0,0,0,0,0.0,52,39,13,0.0,0.0,0.0,
296,Brad Jones,26,GNB,RILB,16,10,0.0,0.0,0.0,0.0,5,1,0,0,0,0,2.0,77,56,21,7.0,3.0,0.0,
297,Manny Lawson,28,CIN,LLB,16,10,0.0,0.0,0.0,0.0,1,1,0,0,0,0,2.0,39,30,9,3.0,1.0,0.0,
298,Randy McMichael,33,SDG,TE,16,10,0.0,0.0,0.0,0.0,0,0,1,2,0,0,0.0,4,0,4,0.0,0.0,0.0,
299,DeAngelo Williams,29,CAR,RB,16,10,0.0,0.0,0.0,0.0,0,0,2,0,0,0,0.0,0,0,0,0.0,0.0,0.0,
300,Billy Winn,23,CLE,RDT,16,10,1.0,0.0,0.0,0.0,3,0,0,2,35,0,1.0,26,19,7,5.0,5.0,0.0,
301,Javier Arenas,25,KAN,RCB,16,9,0.0,0.0,0.0,0.0,9,1,2,1,0,0,0.0,61,54,7,1.0,0.0,0.0,
302,James Casey,28,HOU,FB,16,9,0.0,0.0,0.0,0.0,0,0,0,0,0,0,0.0,3,3,0,0.0,0.0,0.0,
303,Rocky McIntosh,30,STL,LLB,16,9,1.0,34.0,0.0,34.0,1,0,0,0,0,0,1.0,44,33,11,4.0,1.0,0.0,
304,John Phillips,25,DAL,TE,16,9,0.0,0.0,0.0,0.0,0,0,0,1,0,0,0.0,4,3,1,0.0,0.0,0.0,
305,C.J. Spiller,25,BUF,RB,16,9,0.0,0.0,0.0,0.0,0,0,3,0,0,0,0.0,0,0,0,,,0.0,PB
306,Courtney Upshaw,23,BAL,ROLB,16,9,0.0,0.0,0.0,0.0,1,1,0,2,5,0,1.5,60,38,22,8.0,3.0,0.0,
307,Vance Walker,25,ATL,LDT/RDT,16,9,0.0,0.0,0.0,0.0,0,1,0,0,0,0,3.0,32,21,11,4.0,3.0,0.0,
308,Desmond Bryant,27,OAK,LDT,16,8,0.0,0.0,0.0,0.0,1,1,0,0,0,0,3.0,36,26,10,8.0,13.0,0.0,
309,Corey Graham,27,BAL,LCB,16,8,2.0,20.0,0.0,20.0,8,1,0,0,0,0,0.0,60,42,18,1.0,0.0,0.0,
310,Quinn Johnson,26,TEN,FB,16,8,0.0,0.0,0.0,0.0,0,0,0,0,0,0,0.0,1,1,0,0.0,0.0,0.0,
311,Jacob Tamme,27,DEN,TE,16,8,0.0,0.0,0.0,0.0,0,0,0,0,0,0,0.0,2,2,0,0.0,0.0,0.0,
312,Darrel Young,25,WAS,FB,16,8,0.0,0.0,0.0,0.0,0,0,0,1,0,0,0.0,4,1,3,0.0,0.0,0.0,
313,Will Allen,30,PIT,SS,16,7,0.0,0.0,0.0,0.0,3,1,0,0,0,0,0.0,35,20,15,0.0,0.0,0.0,
314,Rhett Ellison,24,MIN,FB,16,7,0.0,0.0,0.0,0.0,0,1,0,0,0,0,0.0,8,7,1,0.0,0.0,0.0,
315,Quentin Groves,28,ARI,LOLB,16,7,0.0,0.0,0.0,0.0,0,1,0,0,0,0,4.0,46,37,9,3.0,7.0,0.0,
316,Casey Hayward,23,GNB,RCB,16,7,6.0,81.0,0.0,24.0,20,1,0,0,0,0,0.0,53,40,13,1.0,1.0,0.0,AP DRoY-3
317,Will Johnson,23,PIT,RB,16,7,0.0,0.0,0.0,0.0,0,0,0,1,0,0,0.0,0,0,0,0.0,0.0,0.0,
318,Felix Jones,25,DAL,RB,16,7,0.0,0.0,0.0,0.0,0,0,2,0,0,0,0.0,0,0,0,0.0,0.0,0.0,
319,Jeremy Kerley,24,NYJ,WR,16,7,0.0,0.0,0.0,0.0,0,0,4,1,1,0,0.0,1,1,0,0.0,0.0,0.0,
320,Derek Landri,29,PHI,RDT,16,7,0.0,0.0,0.0,0.0,3,0,0,0,0,0,0.0,18,13,5,5.0,2.0,0.0,
321,Erik Lorig,26,TAM,TE,16,7,0.0,0.0,0.0,0.0,0,0,0,0,0,0,0.0,7,7,0,0.0,0.0,0.0,
322,Chris Prosinski,25,JAX,FS,16,7,1.0,6.0,0.0,4.0,4,0,0,0,0,0,0.0,53,42,11,0.0,0.0,0.0,
323,Emmanuel Sanders,25,PIT,WR,16,7,0.0,0.0,0.0,0.0,0,0,3,0,0,0,0.0,0,0,0,0.0,0.0,0.0,
324,Corey Wootton,25,CHI,LDE,16,7,0.0,0.0,0.0,0.0,1,2,0,0,0,0,7.0,27,20,7,4.0,13.0,0.0,
325,Chris Culliver,24,SFO,DB,16,6,2.0,4.0,0.0,4.0,12,1,0,1,0,0,0.0,48,41,7,0.0,0.0,0.0,
326,Brandon Graham,24,PHI,LDE,16,6,0.0,0.0,0.0,0.0,1,2,0,1,0,0,5.5,38,30,8,7.0,11.0,0.0,
327,Jerry Hughes,24,IND,LOLB,16,6,0.0,0.0,0.0,0.0,1,0,0,0,0,0,4.0,41,29,12,7.0,10.0,0.0,
328,Leonard Johnson,22,TAM,RCB,16,6,3.0,86.0,1.0,83.0,9,1,1,1,1,0,0.0,41,35,6,3.0,0.0,0.0,
329,Arthur Jones,26,BAL,RDE,16,6,0.0,0.0,0.0,0.0,0,1,0,0,0,0,4.5,47,27,20,5.0,13.0,0.0,
330,Dexter McCluster,23,KAN,RB,16,6,0.0,0.0,0.0,0.0,0,0,2,0,0,0,0.0,1,1,0,0.0,0.0,0.0,
331,Dezman Moses,23,GNB,ROLB,16,6,0.0,0.0,0.0,0.0,2,1,0,0,0,0,4.0,27,14,13,2.0,6.0,0.0,
332,Josh Robinson,21,MIN,DB,16,6,2.0,68.0,0.0,44.0,3,0,0,0,0,0,0.0,56,52,4,0.0,0.0,0.0,
333,Michael Robinson,29,SEA,FB,16,6,0.0,0.0,0.0,0.0,0,1,0,0,0,0,0.0,10,7,3,0.0,0.0,0.0,
334,Buster Skrine,23,CLE,DB,16,6,0.0,0.0,0.0,0.0,10,0,0,1,0,0,0.0,85,72,13,3.0,1.0,0.0,
335,Julian Stanford,22,JAX,LLB,16,6,0.0,0.0,0.0,0.0,0,0,0,1,0,0,0.0,23,18,5,1.0,0.0,0.0,
336,Lawrence Vickers,29,DAL,FB,16,6,0.0,0.0,0.0,0.0,0,0,0,0,0,0,0.0,3,2,1,0.0,0.0,0.0,
337,Guy Whimper,29,JAX,RT,16,6,0.0,0.0,0.0,0.0,0,0,0,1,0,0,0.0,0,0,0,0.0,0.0,0.0,
338,Gary Barnidge,27,CAR,TE,16,5,0.0,0.0,0.0,0.0,0,0,0,1,0,0,0.0,6,5,1,0.0,0.0,0.0,
339,Jackie Battle,29,SDG,RB,16,5,0.0,0.0,0.0,0.0,0,0,0,0,0,0,0.0,11,8,3,1.0,0.0,0.0,
340,Kyle Bosworth,26,JAX,LLB,16,5,1.0,10.0,0.0,10.0,1,0,1,0,0,0,0.0,37,29,8,4.0,1.0,0.0,
341,Joselio Hanson,31,OAK,DB,16,5,2.0,24.0,0.0,21.0,5,1,0,2,1,0,0.0,61,49,12,3.0,2.0,0.0,
342,Adam Hayward,28,TAM,LLB,16,5,0.0,0.0,0.0,0.0,2,0,0,0,0,0,0.0,24,18,6,1.0,0.0,0.0,
343,Will Heller,31,DET,TE,16,5,0.0,0.0,0.0,0.0,0,0,0,0,0,0,0.0,2,2,0,0.0,0.0,0.0,
344,Mark Ingram,23,NOR,RB,16,5,0.0,0.0,0.0,0.0,0,0,0,1,1,0,0.0,0,0,0,0.0,0.0,0.0,
345,Adam Jones,29,CIN,DB,16,5,0.0,0.0,0.0,0.0,9,1,0,0,0,0,1.0,40,33,7,2.0,1.0,0.0,
346,Mathias Kiwanuka,29,NYG,LLB,16,5,0.0,0.0,0.0,0.0,0,0,0,0,0,0,3.0,37,27,10,5.0,5.0,0.0,
347,Jorvorskie Lane,25,MIA,FB,16,5,0.0,0.0,0.0,0.0,0,0,3,2,0,0,0.0,1,0,1,,,0.0,
348,Ricardo Mathews,25,IND,RDE,16,5,0.0,0.0,0.0,0.0,1,0,0,0,0,0,0.0,13,7,6,0.0,1.0,0.0,
349,Louis Murphy,25,CAR,WR,16,5,0.0,0.0,0.0,0.0,0,0,1,1,0,1,0.0,0,0,0,,,0.0,
350,David Paulson,23,PIT,TE,16,5,0.0,0.0,0.0,0.0,0,0,1,0,0,0,0.0,4,3,1,0.0,0.0,0.0,
351,Mike Tolbert,27,CAR,RB,16,5,0.0,0.0,0.0,0.0,0,0,0,1,0,0,0.0,0,0,0,0.0,0.0,0.0,
352,Don Barclay,23,GNB,T,16,4,0.0,0.0,0.0,0.0,0,0,0,1,0,0,0.0,0,0,0,0.0,0.0,0.0,
353,Brandon Boykin,22,PHI,DB,16,4,0.0,0.0,0.0,0.0,7,1,1,0,0,0,1.0,31,29,2,0.0,1.0,0.0,
354,Bryce Brown,21,PHI,RB,16,4,0.0,0.0,0.0,0.0,0,0,4,1,0,0,0.0,2,1,1,0.0,0.0,0.0,
355,David Carter,25,ARI,DT,16,4,0.0,0.0,0.0,0.0,1,0,0,0,0,0,0.0,13,8,5,1.0,0.0,0.0,
356,Bradley Fletcher,26,STL,DB,16,4,1.0,2.0,0.0,2.0,8,1,0,0,0,0,1.0,28,23,5,0.0,1.0,0.0,
357,Marcus Gilchrist,24,SDG,DB,16,4,0.0,0.0,0.0,0.0,3,0,0,0,0,0,1.0,59,48,11,5.0,3.0,0.0,
358,Chris Hope,32,ATL,DB,16,4,0.0,0.0,0.0,0.0,0,0,0,1,0,0,0.0,26,18,8,1.0,0.0,0.0,
359,Terrance Knighton,26,JAX,DT,16,4,0.0,0.0,0.0,0.0,2,2,0,0,0,0,2.0,32,20,12,5.0,6.0,0.0,
360,Joe Lefeged,24,IND,DB,16,4,0.0,0.0,0.0,0.0,0,0,0,1,4,0,0.0,20,15,5,,,0.0,
361,Corey Lynch,27,SDG,DB,16,4,2.0,50.0,0.0,30.0,7,0,0,1,0,0,0.0,47,40,7,4.0,0.0,0.0,
362,Garrett McIntyre,28,NYJ,LB,16,4,0.0,0.0,0.0,0.0,1,0,0,1,0,0,3.5,35,24,11,5.0,6.0,0.0,
363,Whitney Mercilus,22,HOU,LB,16,4,0.0,0.0,0.0,0.0,1,2,0,1,0,0,6.0,25,20,5,6.0,7.0,0.0,
364,Niles Paul,23,WAS,WR,16,4,0.0,0.0,0.0,0.0,0,0,1,0,0,0,0.0,9,6,3,0.0,0.0,0.0,
365,Kendall Reyes,23,SDG,DE,16,4,0.0,0.0,0.0,0.0,1,0,0,0,0,0,5.5,28,16,12,7.0,10.0,0.0,
366,Brandon Siler,27,KAN,LB,16,4,0.0,0.0,0.0,0.0,0,1,0,0,0,0,0.0,19,17,2,1.0,0.0,0.0,
367,Josh Thomas,23,CAR,DB,16,4,0.0,0.0,0.0,0.0,7,0,0,1,4,0,0.0,35,27,8,1.0,0.0,0.0,
368,Taylor Thompson,23,TEN,TE,16,4,0.0,0.0,0.0,0.0,0,0,0,0,0,0,0.0,10,7,3,0.0,0.0,0.0,
369,Osi Umenyiora,31,NYG,DE,16,4,0.0,0.0,0.0,0.0,1,2,0,0,0,0,6.0,43,28,15,7.0,11.0,0.0,
370,Delanie Walker,28,SFO,TE,16,4,0.0,0.0,0.0,0.0,0,0,1,0,0,0,0.0,3,2,1,0.0,0.0,0.0,
371,Tavon Wilson,22,NWE,DB,16,4,4.0,87.0,0.0,45.0,6,0,0,2,0,0,0.0,41,28,13,0.0,0.0,0.0,
372,Frank Alexander,23,CAR,DE,16,3,0.0,0.0,0.0,0.0,3,0,0,2,0,0,2.5,18,10,8,2.0,8.0,0.0,
373,Brendon Ayanbadejo,36,BAL,LB,16,3,0.0,0.0,0.0,0.0,1,0,0,1,0,0,1.0,44,28,16,2.0,2.0,0.0,
374,Kroy Biermann,27,ATL,LDE,16,3,0.0,0.0,0.0,0.0,0,0,0,0,0,0,4.0,52,37,15,5.0,13.0,0.0,
375,Demario Davis,23,NYJ,LB,16,3,0.0,0.0,0.0,0.0,0,0,0,1,-4,0,0.0,36,31,5,1.0,0.0,0.0,
376,Michael Floyd,23,ARI,WR,16,3,0.0,0.0,0.0,0.0,0,0,1,0,0,0,0.0,0,0,0,0.0,0.0,0.0,
377,Rex Hadnot,30,SDG,G,16,3,0.0,0.0,0.0,0.0,0,0,0,1,0,0,0.0,0,0,0,0.0,0.0,0.0,
378,James Ihedigbo,29,BAL,DB,16,3,0.0,0.0,0.0,0.0,1,0,0,0,0,0,1.0,25,18,7,4.0,4.0,0.0,
379,Ricky Jean-Francois,26,SFO,DT,16,3,0.0,0.0,0.0,0.0,0,0,0,0,0,0,2.0,22,12,10,4.0,2.0,0.0,
380,Trumaine Johnson,22,STL,DB,16,3,2.0,4.0,0.0,4.0,8,0,0,0,0,0,0.0,31,29,2,2.0,0.0,0.0,
381,Jacoby Jones,28,BAL,WR,16,3,0.0,0.0,0.0,0.0,0,0,2,2,0,0,0.0,0,0,0,0.0,0.0,0.0,"PB,AP-1"
382,Taylor Mays,24,CIN,DB,16,3,0.0,0.0,0.0,0.0,0,0,0,1,0,0,0.0,22,14,8,0.0,0.0,0.0,
383,Corey McIntyre,33,BUF,FB,16,3,0.0,0.0,0.0,0.0,0,0,0,0,0,0,0.0,6,3,3,0.0,0.0,0.0,
384,Earl Mitchell,25,HOU,DT,16,3,0.0,0.0,0.0,0.0,3,1,0,0,0,0,0.0,31,19,12,1.0,1.0,0.0,
385,Ryan Mundy,27,PIT,DB,16,3,0.0,0.0,0.0,0.0,2,0,0,1,0,0,0.0,39,31,8,3.0,0.0,0.0,
386,Spencer Paysinger,24,NYG,LB,16,3,0.0,0.0,0.0,0.0,0,1,0,1,0,0,0.0,39,27,12,2.0,0.0,0.0,
387,Mike Peterson,36,ATL,LB,16,3,0.0,0.0,0.0,0.0,0,0,0,0,0,0,0.0,14,10,4,2.0,4.0,0.0,
388,Craig Robertson,24,CLE,LB,16,3,2.0,1.0,0.0,1.0,3,0,0,2,2,0,1.0,93,62,31,4.0,3.0,0.0,
389,Coty Sensabaugh,24,TEN,DB,16,3,0.0,0.0,0.0,0.0,2,0,0,0,0,0,0.0,31,22,9,0.0,0.0,0.0,
390,Malcolm Smith,23,SEA,LB,16,3,0.0,0.0,0.0,0.0,2,0,0,1,0,1,0.0,22,12,10,2.0,0.0,0.0,
391,Brandon Tate,25,CIN,WR,16,3,0.0,0.0,0.0,0.0,0,0,4,2,0,0,0.0,1,1,0,0.0,0.0,0.0,
392,Cam Thomas,26,SDG,DT,16,3,0.0,0.0,0.0,0.0,0,0,0,0,0,0,0.0,20,14,6,1.0,1.0,0.0,
393,John Wendling,29,DET,DB,16,3,0.0,0.0,0.0,0.0,0,0,0,0,0,0,0.0,29,23,6,0.0,0.0,0.0,
394,Jason Worilds,24,PIT,DE,16,3,0.0,0.0,0.0,0.0,1,0,0,0,0,0,5.0,27,23,4,6.0,9.0,0.0,
395,Quinton Coples,22,NYJ,DE,16,2,0.0,0.0,0.0,0.0,1,0,0,0,0,0,5.5,30,22,8,9.0,14.0,0.0,
396,Josh Cribbs,29,CLE,WR,16,2,0.0,0.0,0.0,0.0,0,0,6,2,-18,0,0.0,9,8,1,0.0,0.0,0.0,PB
397,James Hanna,23,DAL,TE,16,2,0.0,0.0,0.0,0.0,0,0,0,1,0,0,0.0,6,4,2,0.0,0.0,0.0,
398,Ryan Harris,27,HOU,T,16,2,0.0,0.0,0.0,0.0,0,0,0,1,0,0,0.0,0,0,0,0.0,0.0,0.0,
399,Kelvin Hayden,29,CHI,DB,16,2,1.0,39.0,0.0,39.0,5,0,0,4,15,0,0.0,37,26,11,0.0,0.0,0.0,
400,Mark Herzlich,25,NYG,LB,16,2,0.0,0.0,0.0,0.0,0,0,0,0,0,0,0.0,30,22,8,0.0,0.0,0.0,
401,John Hughes,24,CLE,DT,16,2,0.0,0.0,0.0,0.0,1,0,0,0,0,0,3.0,34,18,16,4.0,3.0,0.0,
402,Melvin Ingram,23,SDG,LB,16,2,0.0,0.0,0.0,0.0,5,1,0,0,0,0,1.0,41,27,14,4.0,3.0,0.0,
403,Mike Mitchell,25,OAK,DB,16,2,0.0,0.0,0.0,0.0,0,0,0,0,0,0,1.0,41,32,9,2.0,6.0,0.0,
404,Randy Moss,35,SFO,WR,16,2,0.0,0.0,0.0,0.0,0,0,1,1,0,0,0.0,0,0,0,0.0,0.0,0.0,
405,Ashlee Palmer,26,DET,LB,16,2,0.0,0.0,0.0,0.0,0,0,0,0,0,0,0.0,25,23,2,2.0,0.0,0.0,
406,Jason Phillips,26,CAR,LB,16,2,0.0,0.0,0.0,0.0,0,1,0,0,0,0,0.0,23,19,4,1.0,0.0,0.0,
407,Tim Shaw,28,TEN,LB,16,2,0.0,0.0,0.0,0.0,0,1,0,0,0,0,0.0,44,30,14,2.0,0.0,0.0,
408,Jason Snelling,29,ATL,RB,16,2,0.0,0.0,0.0,0.0,0,0,1,0,0,0,0.0,6,6,0,0.0,0.0,0.0,
409,Rod Streater,24,OAK,WR,16,2,0.0,0.0,0.0,0.0,0,0,1,0,0,0,0.0,1,1,0,0.0,0.0,0.0,
410,Jason Trusnik,28,MIA,DE,16,2,0.0,0.0,0.0,0.0,0,0,0,0,0,0,0.0,25,17,8,1.0,0.0,0.0,
411,Mitch Unrein,25,DEN,DE,16,2,0.0,0.0,0.0,0.0,0,0,0,1,0,0,0.0,20,12,8,0.0,3.0,0.0,
412,David Wilson,21,NYG,RB,16,2,0.0,0.0,0.0,0.0,0,0,1,0,0,0,0.0,0,0,0,,,0.0,AP-2
413,Danny Woodhead,27,NWE,RB,16,2,0.0,0.0,0.0,0.0,0,0,1,0,0,0,0.0,0,0,0,,,0.0,
414,Ahmad Black,23,TAM,DB,16,1,2.0,34.0,0.0,34.0,5,1,0,0,0,0,0.0,36,30,6,0.0,1.0,0.0,
415,Chykie Brown,26,BAL,DB,16,1,0.0,0.0,0.0,0.0,4,0,0,0,0,0,0.0,25,21,4,1.0,0.0,0.0,
416,Jarrett Bush,28,GNB,DB,16,1,0.0,0.0,0.0,0.0,0,0,0,1,0,0,0.0,20,16,4,0.0,0.0,0.0,
417,Victor Butler,25,DAL,LB,16,1,0.0,0.0,0.0,0.0,3,2,0,1,0,0,3.0,25,21,4,3.0,5.0,0.0,
418,Nick Eason,32,ARI,DT,16,1,0.0,0.0,0.0,0.0,0,0,0,0,0,0,1.0,9,6,3,1.0,4.0,0.0,
419,Fred Evans,29,MIN,DT,16,1,0.0,0.0,0.0,0.0,2,0,0,0,0,0,2.0,24,16,8,5.0,3.0,0.0,
420,Moise Fokou,27,IND,LB,16,1,0.0,0.0,0.0,0.0,2,1,0,0,0,0,1.0,43,31,12,2.0,4.0,0.0,
421,L.J. Fort,22,CLE,LB,16,1,1.0,10.0,0.0,10.0,3,0,0,0,0,0,1.0,20,13,7,1.0,2.0,0.0,
422,Gary Gibson,30,TAM,DT,16,1,0.0,0.0,0.0,0.0,0,0,0,1,0,0,0.0,18,14,4,3.0,1.0,0.0,
423,Everson Griffen,25,MIN,DE,16,1,1.0,29.0,1.0,29.0,2,0,0,2,5,0,8.0,27,24,3,11.0,20.0,0.0,
424,Will Herring,29,NOR,LB,16,1,0.0,0.0,0.0,0.0,0,1,0,0,0,0,0.0,13,10,3,0.0,0.0,0.0,
425,Vonnie Holliday,37,ARI,DE,16,1,0.0,0.0,0.0,0.0,0,0,0,1,0,0,0.0,13,6,7,1.0,2.0,0.0,
426,Josh Hull,25,STL,LB,16,1,0.0,0.0,0.0,0.0,0,0,0,0,0,0,0.0,8,7,1,1.0,0.0,0.0,
427,Karl Klug,24,TEN,DT,16,1,0.0,0.0,0.0,0.0,1,0,0,0,0,0,3.5,7,4,3,3.0,6.0,0.0,
428,Jim Leonhard,30,DEN,DB,16,1,2.0,0.0,0.0,0.0,2,0,1,1,0,0,0.0,18,13,5,1.0,0.0,0.0,
429,Keshawn Martin,22,HOU,WR,16,1,0.0,0.0,0.0,0.0,0,0,1,1,0,0,0.0,0,0,0,0.0,0.0,0.0,
430,Mike Martin,22,TEN,DT,16,1,0.0,0.0,0.0,0.0,0,0,0,0,0,0,3.0,37,22,15,6.0,7.0,0.0,
431,Casey Matthews,23,PHI,LB,16,1,0.0,0.0,0.0,0.0,0,0,0,0,0,0,0.0,11,10,1,0.0,0.0,0.0,
432,Jeromy Miles,25,CIN,DB,16,1,0.0,0.0,0.0,0.0,0,0,0,0,0,0,0.0,28,21,7,0.0,1.0,0.0,
433,Mike Morgan,24,SEA,LB,16,1,0.0,0.0,0.0,0.0,0,0,0,0,0,0,0.0,19,11,8,1.0,0.0,0.0,
434,Santana Moss,33,WAS,WR,16,1,0.0,0.0,0.0,0.0,0,0,2,1,-4,0,0.0,0,0,0,0.0,0.0,0.0,
435,Rueben Randle,21,NYG,WR,16,1,0.0,0.0,0.0,0.0,0,0,1,1,0,0,0.0,0,0,0,0.0,0.0,0.0,
436,Vincent Rey,25,CIN,LB,16,1,0.0,0.0,0.0,0.0,1,0,0,0,0,0,1.0,21,16,5,1.0,1.0,0.0,
437,Justin Rogers,24,BUF,DB,16,1,1.0,-1.0,0.0,-1.0,5,0,1,0,0,0,0.0,37,32,5,2.0,0.0,0.0,
438,Bryan Scott,31,BUF,LB,16,1,4.0,66.0,1.0,32.0,8,1,0,2,8,0,0.0,67,48,19,0.0,1.0,0.0,
439,Andy Studebaker,27,KAN,LB,16,1,0.0,0.0,0.0,0.0,0,0,0,0,0,0,0.0,9,8,1,0.0,0.0,0.0,
440,Ryan Taylor,25,GNB,TE,16,1,0.0,0.0,0.0,0.0,0,0,0,0,0,0,0.0,8,6,2,0.0,0.0,0.0,
441,Anthony Walters,24,CHI,DB,16,1,0.0,0.0,0.0,0.0,0,0,0,1,0,0,0.0,15,13,2,2.0,0.0,0.0,
442,Danny Ware,27,TAM,RB,16,1,0.0,0.0,0.0,0.0,0,0,0,0,0,0,0.0,2,2,0,0.0,0.0,0.0,
443,Eric Weems,27,CHI,WR,16,1,0.0,0.0,0.0,0.0,0,0,1,3,1,0,0.0,8,5,3,0.0,0.0,0.0,
444,Danny Aiken,24,NWE,LS,16,0,0.0,0.0,0.0,0.0,0,0,0,0,0,0,0.0,1,1,0,0.0,0.0,0.0,
445,David Akers,38,SFO,K,16,0,0.0,0.0,0.0,0.0,0,0,0,0,0,0,0.0,2,2,0,0.0,0.0,0.0,
446,Lorenzo Alexander,29,WAS,LB,16,0,0.0,0.0,0.0,0.0,0,0,0,1,7,0,2.5,46,34,12,3.0,12.0,0.0,PB
447,Anthony Allen,24,BAL,RB,16,0,0.0,0.0,0.0,0.0,0,0,0,0,0,0,0.0,12,11,1,0.0,0.0,0.0,
448,Bryan Anger,24,JAX,P,16,0,0.0,0.0,0.0,0.0,0,0,0,0,0,0,0.0,3,3,0,0.0,0.0,0.0,
449,Matt Asiata,25,MIN,RB,16,0,0.0,0.0,0.0,0.0,0,0,0,0,0,0,0.0,4,3,1,0.0,0.0,0.0,
450,David Ausberry,25,OAK,WR,16,0,0.0,0.0,0.0,0.0,0,0,0,1,0,0,0.0,6,3,3,1.0,0.0,0.0,
451,Johnson Bademosi,22,CLE,DB,16,0,0.0,0.0,0.0,0.0,1,0,0,0,0,0,0.0,21,16,5,0.0,0.0,0.0,
452,Dan Bailey,24,DAL,K,16,0,0.0,0.0,0.0,0.0,0,0,0,0,0,0,0.0,1,1,0,0.0,0.0,0.0,
453,Christian Ballard,23,MIN,DT,16,0,0.0,0.0,0.0,0.0,0,0,1,2,0,0,1.0,16,10,6,1.0,5.0,0.0,
454,Joique Bell,26,DET,RB,16,0,0.0,0.0,0.0,0.0,0,0,2,0,0,0,0.0,4,4,0,0.0,0.0,0.0,
455,Nick Bellore,23,NYJ,LB,16,0,0.0,0.0,0.0,0.0,0,0,1,1,0,0,0.0,10,8,2,0.0,0.0,0.0,
456,Justin Bethel,22,ARI,DB,16,0,0.0,0.0,0.0,0.0,0,0,0,0,0,0,0.0,13,12,1,0.0,0.0,0.0,
457,Antwon Blake,22,JAX,DB,16,0,0.0,0.0,0.0,0.0,0,0,0,1,0,0,0.0,12,10,2,0.0,1.0,0.0,
458,Omar Bolden,24,DEN,DB,16,0,0.0,0.0,0.0,0.0,1,0,1,0,0,0,0.0,13,12,1,0.0,0.0,0.0,
459,Matthew Bosher,25,ATL,P,16,0,0.0,0.0,0.0,0.0,0,0,0,0,0,0,0.0,4,2,2,0.0,0.0,0.0,
460,Stewart Bradley,29,ARI,LB,16,0,0.0,0.0,0.0,0.0,0,0,0,0,0,0,0.0,11,9,2,0.0,1.0,0.0,
461,Aaron Brewer,22,DEN,LS,16,0,0.0,0.0,0.0,0.0,0,0,0,0,0,0,0.0,3,3,0,0.0,0.0,0.0,
462,Beau Brinkley,22,TEN,TE,16,0,0.0,0.0,0.0,0.0,0,0,0,0,0,0,0.0,5,2,3,0.0,0.0,0.0,
463,Tramaine Brock,24,SFO,DB,16,0,0.0,0.0,0.0,0.0,1,0,0,0,0,0,0.0,16,14,2,0.0,0.0,0.0,
464,Richie Brockel,26,CAR,TE,16,0,0.0,0.0,0.0,0.0,0,0,0,0,0,0,0.0,3,1,2,0.0,0.0,0.0,
465,Sergio Brown,24,IND,DB,16,0,0.0,0.0,0.0,0.0,1,0,0,0,0,0,0.0,11,7,4,0.0,0.0,0.0,
466,David Bruton,25,DEN,DB,16,0,1.0,-2.0,0.0,-2.0,1,0,0,0,0,0,0.0,5,5,0,0.0,1.0,0.0,
467,Josh Bush,23,NYJ,DB,16,0,0.0,0.0,0.0,0.0,0,0,0,0,0,0,0.0,11,9,2,0.0,0.0,0.0,
468,Rafael Bush,25,NOR,DB,16,0,1.0,40.0,0.0,40.0,1,1,0,2,1,0,0.0,19,15,4,0.0,0.0,0.0,
469,Jeremy Cain,32,JAX,LB,16,0,0.0,0.0,0.0,0.0,0,0,0,0,0,0,0.0,3,2,1,0.0,0.0,0.0,
470,Alex Carrington,25,BUF,DE,16,0,0.0,0.0,0.0,0.0,3,1,0,0,0,0,2.0,18,12,6,6.0,3.0,0.0,
471,Tyler Clutts,28,HOU,RB,16,0,0.0,0.0,0.0,0.0,0,0,0,0,0,0,0.0,1,0,1,0.0,0.0,0.0,
472,Justin Cole,25,STL,LB,16,0,0.0,0.0,0.0,0.0,0,0,0,0,0,0,0.0,7,6,1,0.0,0.0,0.0,
473,Britton Colquitt,27,DEN,P,16,0,0.0,0.0,0.0,0.0,0,0,0,0,0,0,0.0,1,1,0,0.0,0.0,0.0,
474,Jon Condo,31,OAK,LS,16,0,0.0,0.0,0.0,0.0,0,0,0,1,3,0,0.0,5,4,1,0.0,0.0,0.0,
475,Sean Considine,30,BAL,DB,16,0,0.0,0.0,0.0,0.0,0,0,0,0,0,0,0.0,9,7,2,0.0,0.0,0.0,
476,Jim Cordle,25,NYG,T,16,0,0.0,0.0,0.0,0.0,0,0,0,1,0,0,0.0,0,0,0,0.0,0.0,0.0,
477,Morgan Cox,26,BAL,LS,16,0,0.0,0.0,0.0,0.0,0,0,0,0,0,0,0.0,2,1,1,0.0,0.0,0.0,
478,Perrish Cox,25,SFO,DB,16,0,0.0,0.0,0.0,0.0,2,0,0,0,0,0,0.0,20,17,3,0.0,0.0,0.0,
479,Tyrone Crawford,23,DAL,DE,16,0,0.0,0.0,0.0,0.0,0,0,0,0,0,0,0.0,20,16,4,1.0,4.0,0.0,
480,Mason Crosby,28,GNB,K,16,0,0.0,0.0,0.0,0.0,0,0,0,0,0,0,0.0,1,0,1,0.0,0.0,0.0,
481,Phil Dawson,37,CLE,K,16,0,0.0,0.0,0.0,0.0,0,0,0,0,0,0,0.0,1,0,1,,,0.0,"PB,AP-2"
482,Larry Dean,24,MIN,LB,16,0,0.0,0.0,0.0,0.0,0,0,0,0,0,0,0.0,6,5,1,0.0,0.0,0.0,
483,John Denney,34,MIA,LS,16,0,0.0,0.0,0.0,0.0,0,1,0,0,0,0,0.0,2,2,0,0.0,0.0,0.0,PB
484,Zak DeOssie,28,NYG,LB,16,0,0.0,0.0,0.0,0.0,0,1,0,0,0,0,0.0,8,7,1,0.0,0.0,0.0,
485,Anthony Dixon,25,SFO,RB,16,0,0.0,0.0,0.0,0.0,0,1,0,1,0,0,0.0,7,4,3,0.0,0.0,0.0,
486,Jon Dorenbos,32,PHI,LS,16,0,0.0,0.0,0.0,0.0,0,0,0,0,0,0,0.0,3,3,0,0.0,0.0,0.0,
487,Shaun Draughn,25,KAN,RB,16,0,0.0,0.0,0.0,0.0,0,1,2,1,0,0,0.0,4,4,0,0.0,0.0,0.0,
488,Andrew Economos,30,TAM,LS,16,0,0.0,0.0,0.0,0.0,0,0,0,0,0,0,0.0,6,6,0,0.0,0.0,0.0,
489,Heath Farwell,31,SEA,LB,16,0,0.0,0.0,0.0,0.0,0,0,0,0,0,0,0.0,20,10,10,0.0,0.0,0.0,
490,Jay Feely,36,ARI,K,16,0,0.0,0.0,0.0,0.0,0,0,1,0,0,0,0.0,2,1,1,0.0,0.0,0.0,
491,Brandon Fields,28,MIA,P,16,0,0.0,0.0,0.0,0.0,0,0,1,1,-10,0,0.0,3,3,0,0.0,0.0,0.0,
492,Justin Forsett,27,HOU,RB,16,0,0.0,0.0,0.0,0.0,0,0,0,0,0,0,0.0,5,5,0,0.0,0.0,0.0,
493,Rob Francois,27,GNB,LB,16,0,0.0,0.0,0.0,0.0,0,0,0,0,0,0,0.0,13,12,1,0.0,0.0,0.0,
494,Dominique Franks,25,ATL,DB,16,0,0.0,0.0,0.0,0.0,2,0,0,0,0,0,0.0,14,11,3,0.0,1.0,0.0,
495,Jonathan Freeny,23,MIA,DE,16,0,0.0,0.0,0.0,0.0,0,0,0,0,0,0,0.0,14,9,5,0.0,0.0,0.0,
496,Andrew Gachkar,24,SDG,LB,16,0,0.0,0.0,0.0,0.0,0,0,0,0,0,0,1.0,23,19,4,3.0,1.0,0.0,
497,Thomas Gafford,29,KAN,LB,16,0,0.0,0.0,0.0,0.0,0,0,0,0,0,0,0.0,1,1,0,0.0,0.0,0.0,
498,Toby Gerhart,25,MIN,RB,16,0,0.0,0.0,0.0,0.0,0,0,2,0,0,0,0.0,0,0,0,,,0.0,
499,Kedric Golston,29,WAS,DT,16,0,0.0,0.0,0.0,0.0,0,0,0,0,0,0,0.0,16,8,8,3.0,1.0,0.0,
500,Brett Goode,28,GNB,LB,16,0,0.0,0.0,0.0,0.0,0,0,0,0,0,0,0.0,1,1,0,0.0,0.0,0.0,
501,Stephen Gostkowski,28,NWE,K,16,0,0.0,0.0,0.0,0.0,0,0,0,0,0,0,0.0,2,1,1,0.0,0.0,0.0,
502,Gino Gradkowski,24,BAL,G,16,0,0.0,0.0,0.0,0.0,0,0,1,0,0,0,0.0,0,0,0,,,0.0,
503,Shayne Graham,35,HOU,K,16,0,0.0,0.0,0.0,0.0,0,0,0,0,0,0,0.0,2,2,0,0.0,0.0,0.0,
504,Larry Grant,27,SFO,LB,16,0,0.0,0.0,0.0,0.0,0,0,0,0,0,0,0.0,6,6,0,0.0,0.0,0.0,
505,Cory Greenwood,27,KAN,LB,16,0,0.0,0.0,0.0,0.0,0,1,0,1,0,0,0.0,11,10,1,0.0,0.0,0.0,
506,Clint Gresham,26,SEA,LB,16,0,0.0,0.0,0.0,0.0,0,0,0,0,0,0,0.0,1,1,0,0.0,0.0,0.0,
507,Jason Hanson,42,DET,K,16,0,0.0,0.0,0.0,0.0,0,0,0,0,0,0,0.0,1,1,0,0.0,0.0,0.0,
508,Clark Harris,28,CIN,TE,16,0,0.0,0.0,0.0,0.0,0,0,0,0,0,0,0.0,4,4,0,0.0,0.0,0.0,
509,Dwayne Harris,25,DAL,WR,16,0,0.0,0.0,0.0,0.0,0,0,1,0,0,0,0.0,3,2,1,0.0,0.0,0.0,
510,Josh Harris,23,ATL,DB,16,0,0.0,0.0,0.0,0.0,0,0,0,0,0,0,0.0,3,3,0,0.0,0.0,0.0,
511,Stephen Hauschka,27,SEA,K,16,0,0.0,0.0,0.0,0.0,0,0,0,0,0,0,0.0,3,2,1,0.0,0.0,0.0,
512,William Hayes,27,STL,DE,16,0,0.0,0.0,0.0,0.0,2,0,0,1,0,0,7.0,35,29,6,12.0,14.0,0.0,
513,Johnny Hekker,22,STL,P,16,0,0.0,0.0,0.0,0.0,0,0,2,2,0,0,0.0,0,0,0,,,0.0,
514,Alex Henery,25,PHI,K,16,0,0.0,0.0,0.0,0.0,0,0,0,0,0,0,0.0,1,1,0,0.0,0.0,0.0,
515,Cameron Heyward,23,PIT,DE,16,0,0.0,0.0,0.0,0.0,0,0,0,0,0,0,1.5,20,13,7,4.0,6.0,0.0,
516,Reggie Hodges,30,CLE,P,16,0,0.0,0.0,0.0,0.0,0,0,0,0,0,0,0.0,5,1,4,0.0,0.0,0.0,
517,Brandon Hughes,26,PHI,DB,16,0,0.0,0.0,0.0,0.0,2,0,0,1,0,0,0.0,10,9,1,0.0,0.0,0.0,
518,Bruce Irvin,25,SEA,DE,16,0,0.0,0.0,0.0,0.0,0,1,0,1,35,0,8.0,17,10,7,6.0,19.0,0.0,
519,Robert James,29,ATL,LB,16,0,0.0,0.0,0.0,0.0,0,0,0,0,0,0,0.0,11,9,2,0.0,0.0,0.0,
520,Brian Jennings,36,SFO,LS,16,0,0.0,0.0,0.0,0.0,0,0,0,0,0,0,0.0,2,2,0,0.0,0.0,0.0,
521,Jeron Johnson,24,SEA,DB,16,0,0.0,0.0,0.0,0.0,0,1,0,0,0,0,2.0,12,7,5,2.0,6.0,0.0,
522,Donnie Jones,32,HOU,P,16,0,0.0,0.0,0.0,0.0,0,0,0,0,0,0,0.0,2,1,1,0.0,0.0,0.0,
523,Edgar Jones,28,KAN,DE,16,0,0.0,0.0,0.0,0.0,0,0,0,2,11,1,0.0,10,9,1,0.0,0.0,0.0,
524,Shiloh Keo,25,HOU,DB,16,0,1.0,1.0,0.0,1.0,1,0,0,0,0,0,0.0,15,10,5,0.0,0.0,0.0,
525,Brett Kern,26,TEN,P,16,0,0.0,0.0,0.0,0.0,0,0,0,0,0,0,0.0,1,1,0,0.0,0.0,0.0,
526,Chris Kluwe,31,MIN,P,16,0,0.0,0.0,0.0,0.0,0,0,0,0,0,0,0.0,1,1,0,0.0,0.0,0.0,
527,Sam Koch,30,BAL,P,16,0,0.0,0.0,0.0,0.0,0,0,0,0,0,0,0.0,3,2,1,0.0,0.0,0.0,
528,Michael Koenen,30,TAM,P,16,0,0.0,0.0,0.0,0.0,0,0,1,0,0,0,0.0,2,1,1,0.0,0.0,0.0,
529,Mike Leach,36,ARI,LS,16,0,0.0,0.0,0.0,0.0,0,0,0,1,0,0,0.0,4,4,0,0.0,0.0,0.0,
530,Shane Lechler,36,OAK,P,16,0,0.0,0.0,0.0,0.0,0,0,0,1,0,0,0.0,1,1,0,0.0,0.0,0.0,
531,Rian Lindell,35,BUF,K,16,0,0.0,0.0,0.0,0.0,0,0,0,0,0,0,0.0,1,0,1,0.0,0.0,0.0,
532,Cullen Loeffler,31,MIN,LS,16,0,0.0,0.0,0.0,0.0,0,0,0,0,0,0,0.0,3,3,0,0.0,0.0,0.0,
533,Stefan Logan,31,DET,RB,16,0,0.0,0.0,0.0,0.0,0,0,6,3,0,0,0.0,5,5,0,1.0,0.0,0.0,
534,Robert Malone,24,NYJ,P,16,0,0.0,0.0,0.0,0.0,0,0,0,0,0,0,0.0,4,3,1,0.0,0.0,0.0,
535,Patrick Mannelly,37,CHI,T,16,0,0.0,0.0,0.0,0.0,0,0,0,0,0,0,0.0,2,1,1,0.0,0.0,0.0,
536,Chris Maragos,25,SEA,DB,16,0,0.0,0.0,0.0,0.0,0,0,0,0,0,0,0.0,12,6,6,1.0,1.0,0.0,
537,Tim Masthay,25,GNB,P,16,0,0.0,0.0,0.0,0.0,0,0,0,0,0,0,0.0,1,1,0,0.0,0.0,0.0,
538,Pat McAfee,25,IND,P,16,0,0.0,0.0,0.0,0.0,0,0,0,0,0,0,0.0,5,4,1,0.0,0.0,0.0,
539,Darcel McBath,27,SFO,DB,16,0,0.0,0.0,0.0,0.0,0,0,0,1,8,0,0.0,7,4,3,0.0,0.0,0.0,
540,Tyrone McKenzie,27,MIN,LB,16,0,0.0,0.0,0.0,0.0,0,0,0,0,0,0,0.0,12,12,0,0.0,0.0,0.0,
541,Steve McLendon,26,PIT,DT,16,0,0.0,0.0,0.0,0.0,0,1,0,0,0,0,2.0,7,4,3,2.0,3.0,0.0,
542,Rodney McLeod,22,STL,DB,16,0,0.0,0.0,0.0,0.0,0,0,0,0,0,0,0.0,13,10,3,0.0,0.0,0.0,
543,Jerron McMillian,23,GNB,DB,16,0,1.0,0.0,0.0,0.0,5,0,0,1,3,0,0.0,27,15,12,1.0,0.0,0.0,
544,Jake McQuaide,25,STL,LS,16,0,0.0,0.0,0.0,0.0,0,0,0,0,0,0,0.0,1,1,0,0.0,0.0,0.0,
545,Thomas Morstead,26,NOR,P,16,0,0.0,0.0,0.0,0.0,0,0,0,0,0,0,0.0,3,3,0,0.0,0.0,0.0,"PB,AP-2"
546,Jesse Nading,27,HOU,DE,16,0,0.0,0.0,0.0,0.0,0,0,0,0,0,0,0.0,13,10,3,0.0,0.0,0.0,
547,Kassim Osgood,32,DET,WR,16,0,0.0,0.0,0.0,0.0,0,0,0,1,0,0,0.0,7,7,0,0.0,0.0,0.0,
548,Matt Overton,27,IND,LS,16,0,0.0,0.0,0.0,0.0,0,0,0,0,0,0,0.0,6,4,2,0.0,0.0,0.0,
549,Juqua Parker,34,CLE,DE,16,0,0.0,0.0,0.0,0.0,0,2,0,1,0,0,6.0,24,18,6,9.0,11.0,0.0,
550,Bernard Pierce,21,BAL,RB,16,0,0.0,0.0,0.0,0.0,0,0,0,1,0,0,0.0,0,0,0,0.0,0.0,0.0,
551,Adam Podlesh,29,CHI,P,16,0,0.0,0.0,0.0,0.0,0,0,0,0,0,0,0.0,1,1,0,0.0,0.0,0.0,
552,Matt Prater,28,DEN,K,16,0,0.0,0.0,0.0,0.0,0,0,0,0,0,0,0.0,3,2,1,0.0,0.0,0.0,
553,Tanner Purdum,26,NYJ,LS,16,0,0.0,0.0,0.0,0.0,0,0,0,0,0,0,0.0,5,2,3,0.0,0.0,0.0,
554,Chris Rainey,24,PIT,RB,16,0,0.0,0.0,0.0,0.0,0,0,4,1,0,0,0.0,2,1,1,0.0,0.0,0.0,
555,Darius Reynaud,28,TEN,WR,16,0,0.0,0.0,0.0,0.0,0,0,1,0,0,0,0.0,1,1,0,,,0.0,
556,Daryl Richardson,22,STL,RB,16,0,0.0,0.0,0.0,0.0,0,0,3,0,0,0,0.0,0,0,0,,,0.0,
557,Saverio Rocca,39,WAS,P,16,0,0.0,0.0,0.0,0.0,0,0,0,0,0,0,0.0,2,2,0,0.0,0.0,0.0,
558,Jon Ryan,31,SEA,P,16,0,0.0,0.0,0.0,0.0,0,0,1,1,-14,0,0.0,0,0,0,0.0,0.0,0.0,
559,Garrison Sanborn,27,BUF,LS,16,0,0.0,0.0,0.0,0.0,0,0,0,0,0,0,0.0,2,2,0,0.0,0.0,0.0,
560,Josh Scobee,30,JAX,K,16,0,0.0,0.0,0.0,0.0,0,0,0,0,0,0,0.0,2,2,0,0.0,0.0,0.0,
561,Jordan Senn,28,CAR,LB,16,0,0.0,0.0,0.0,0.0,0,0,0,0,0,0,0.0,9,7,2,0.0,0.0,0.0,
562,Derrick Shelby,23,MIA,DE,16,0,0.0,0.0,0.0,0.0,0,0,0,0,0,0,0.0,8,7,1,0.0,3.0,0.0,
563,Marcus Sherels,25,MIN,DB,16,0,0.0,0.0,0.0,0.0,1,0,1,1,0,0,0.0,10,8,2,0.0,0.0,0.0,
564,Dan Skuta,26,CIN,LB,16,0,0.0,0.0,0.0,0.0,1,0,0,0,0,0,0.0,27,16,11,0.0,0.0,0.0,
565,Matthew Slater,27,NWE,WR,16,0,0.0,0.0,0.0,0.0,0,0,0,0,0,0,0.0,18,12,6,1.0,0.0,0.0,PB
566,C.J. Spillman,26,SFO,DB,16,0,0.0,0.0,0.0,0.0,0,0,0,1,0,0,0.0,11,10,1,0.0,0.0,0.0,
567,R.J. Stanford,24,MIA,DB,16,0,0.0,0.0,0.0,0.0,0,0,0,0,0,0,0.0,21,16,5,2.0,0.0,0.0,
568,Ryan Succop,26,KAN,K,16,0,0.0,0.0,0.0,0.0,0,0,0,0,0,0,0.0,2,2,0,0.0,0.0,0.0,
569,Shaun Suisham,31,PIT,K,16,0,0.0,0.0,0.0,0.0,0,0,0,0,0,0,0.0,2,1,1,0.0,0.0,0.0,
570,Marcus Thigpen,26,MIA,RB,16,0,0.0,0.0,0.0,0.0,0,0,1,1,0,0,0.0,2,1,1,0.0,0.0,0.0,
571,J.T. Thomas,24,CHI,LB,16,0,0.0,0.0,0.0,0.0,0,1,0,0,0,0,0.0,5,3,2,0.0,0.0,0.0,
572,Cedric Thornton,24,PHI,DT,16,0,0.0,0.0,0.0,0.0,0,0,1,0,0,0,1.0,27,19,8,4.0,2.0,0.0,
573,Adrian Tracy,25,NYG,LB,16,0,0.0,0.0,0.0,0.0,0,1,0,0,0,0,1.0,12,9,3,1.0,1.0,0.0,
574,Danny Trevathan,22,DEN,LB,16,0,0.0,0.0,0.0,0.0,2,0,0,0,0,0,1.0,33,22,11,1.0,1.0,0.0,
575,Justin Tryon,28,NYG,DB,16,0,0.0,0.0,0.0,0.0,0,0,0,1,0,0,0.0,17,16,1,0.0,0.0,0.0,
576,Justin Tucker,23,BAL,K,16,0,0.0,0.0,0.0,0.0,0,0,0,0,0,0,0.0,1,1,0,0.0,0.0,0.0,
577,Robert Turbin,23,SEA,RB,16,0,0.0,0.0,0.0,0.0,0,0,0,1,0,0,0.0,2,2,0,0.0,0.0,0.0,
578,Olivier Vernon,22,MIA,DE,16,0,0.0,0.0,0.0,0.0,0,1,0,0,0,0,3.5,32,25,7,3.0,9.0,0.0,
579,Greg Warren,31,PIT,LS,16,0,0.0,0.0,0.0,0.0,0,0,0,0,0,0,0.0,2,1,1,0.0,0.0,0.0,
580,Leon Washington,30,SEA,RB,16,0,0.0,0.0,0.0,0.0,0,0,2,1,0,0,0.0,0,0,0,0.0,0.0,0.0,PB
581,Dekoda Watson,24,TAM,LB,16,0,0.0,0.0,0.0,0.0,0,0,0,2,0,0,0.0,10,8,2,0.0,1.0,0.0,
582,Steve Weatherford,30,NYG,P,16,0,0.0,0.0,0.0,0.0,0,0,0,0,0,0,0.0,2,2,0,0.0,0.0,0.0,
583,Chris Wilson,30,WAS,DE,16,0,0.0,0.0,0.0,0.0,0,0,0,0,0,0,0.5,12,9,3,0.0,2.0,0.0,
584,Martez Wilson,24,NOR,LB,16,0,0.0,0.0,0.0,0.0,2,1,0,1,0,0,3.0,19,14,5,1.0,5.0,0.0,
585,Willie Young,27,DET,DE,16,0,0.0,0.0,0.0,0.0,1,0,0,0,0,0,0.0,11,7,4,1.0,4.0,0.0,
586,Christian Yount,24,CLE,LS,16,0,0.0,0.0,0.0,0.0,0,0,0,0,0,0,0.0,5,3,2,0.0,0.0,0.0,
587,Dave Zastudil,34,ARI,P,16,0,0.0,0.0,0.0,0.0,0,0,0,0,0,0,0.0,3,3,0,0.0,0.0,0.0,
588,Greg Zuerlein,25,STL,K,16,0,0.0,0.0,0.0,0.0,0,0,0,0,0,0,0.0,2,2,0,0.0,0.0,0.0,
589,Chase Blackburn,29,NYG,MLB,15,15,1.0,0.0,0.0,0.0,5,4,0,0,0,0,3.0,98,64,34,6.0,7.0,0.0,
590,Anquan Boldin,32,BAL,WR,15,15,0.0,0.0,0.0,0.0,0,0,0,1,0,0,0.0,0,0,0,0.0,0.0,0.0,
591,Mike Brisiel,29,OAK,RG,15,15,0.0,0.0,0.0,0.0,0,0,0,0,0,0,0.0,1,0,1,0.0,0.0,0.0,
592,Brodrick Bunkley,29,NOR,LDT,15,15,0.0,0.0,0.0,0.0,2,0,0,0,0,0,2.5,23,10,13,2.0,3.0,0.0,
593,Morris Claiborne,22,DAL,RCB,15,15,1.0,0.0,0.0,0.0,8,1,0,2,50,1,0.0,55,43,12,1.0,0.0,0.0,
594,Ryan Clark,33,PIT,FS,15,15,2.0,26.0,0.0,26.0,7,2,0,1,2,0,0.0,102,74,28,4.0,0.0,0.0,
595,Chris Conte,23,CHI,FS,15,15,2.0,70.0,0.0,35.0,9,0,0,1,0,0,0.0,68,52,16,2.0,0.0,0.0,
596,Jay Cutler,29,CHI,QB,15,15,0.0,0.0,0.0,0.0,0,0,8,1,-7,0,0.0,0,0,0,0.0,0.0,0.0,
597,Brandon Flowers,26,KAN,LCB,15,15,3.0,28.0,0.0,29.0,12,0,0,1,64,0,1.0,48,40,8,2.0,1.0,0.0,
598,Matt Forte,27,CHI,RB,15,15,0.0,0.0,0.0,0.0,0,0,2,1,0,0,0.0,0,0,0,0.0,0.0,0.0,
599,Antonio Gates,32,SDG,TE,15,15,0.0,0.0,0.0,0.0,0,0,0,1,0,0,0.0,0,0,0,0.0,0.0,0.0,
600,Charles Godfrey,27,CAR,SS,15,15,2.0,9.0,1.0,9.0,6,0,0,1,0,0,0.0,70,45,25,2.0,0.0,0.0,
601,BenJarvus Green-Ellis,27,CIN,RB,15,15,0.0,0.0,0.0,0.0,0,0,3,1,0,0,0.0,0,0,0,0.0,0.0,0.0,
602,Robert Griffin III,22,WAS,QB,15,15,0.0,0.0,0.0,0.0,0,0,12,4,-16,0,0.0,0,0,0,0.0,0.0,0.0,"PB,AP ORoY-1"
603,Letroy Guion,25,MIN,LDT,15,15,0.0,0.0,0.0,0.0,1,0,0,0,0,0,2.0,31,16,15,3.0,2.0,0.0,
604,Tamba Hali,29,KAN,ROLB,15,15,0.0,0.0,0.0,0.0,2,1,0,0,0,0,9.0,51,43,8,13.0,16.0,0.0,PB
605,Tyson Jackson,26,KAN,LDE,15,15,0.0,0.0,0.0,0.0,3,0,0,0,0,0,3.0,43,31,12,3.0,4.0,0.0,
606,Bradie James,31,HOU,RILB,15,15,0.0,0.0,0.0,0.0,2,0,0,2,0,0,0.5,77,46,31,3.0,3.0,0.0,
607,Jeremy Maclin,24,PHI,WR,15,15,0.0,0.0,0.0,0.0,0,0,1,0,0,0,0.0,0,0,0,,,0.0,
608,Denarius Moore,24,OAK,WR,15,15,0.0,0.0,0.0,0.0,0,0,3,2,0,0,0.0,0,0,0,0.0,0.0,0.0,
609,Terence Newman,34,CIN,LCB,15,15,2.0,0.0,0.0,0.0,11,1,0,2,8,0,0.0,75,54,21,4.0,0.0,0.0,
610,Carson Palmer,33,OAK,QB,15,15,0.0,0.0,0.0,0.0,0,0,7,2,-3,0,0.0,0,0,0,0.0,0.0,0.0,
611,Maurkice Pouncey,23,PIT,C,15,15,0.0,0.0,0.0,0.0,0,0,2,0,-6,0,0.0,0,0,0,0.0,0.0,0.0,"PB,AP-2"
612,Kerry Rhodes,30,ARI,FS,15,15,4.0,39.0,0.0,30.0,11,2,0,0,0,0,1.0,67,58,9,0.0,1.0,0.0,
613,Trent Richardson,22,CLE,RB,15,15,0.0,0.0,0.0,0.0,0,0,3,3,0,0,0.0,0,0,0,0.0,0.0,0.0,
614,Andre Roberts,24,ARI,WR,15,15,0.0,0.0,0.0,0.0,0,0,1,0,0,0,0.0,0,0,0,,,0.0,
615,Brian Robison,29,MIN,LDE,15,15,0.0,0.0,0.0,0.0,7,3,0,1,0,0,8.5,37,26,11,6.0,14.0,0.0,
616,Asante Samuel,31,ATL,RCB,15,15,5.0,110.0,1.0,79.0,17,0,0,0,0,0,0.0,36,34,2,0.0,0.0,0.0,
617,Mark Sanchez,26,NYJ,QB,15,15,0.0,0.0,0.0,0.0,0,0,14,3,-22,0,0.0,0,0,0,0.0,0.0,0.0,
618,Gerald Sensabaugh,29,DAL,FS,15,15,0.0,0.0,0.0,0.0,4,1,0,0,0,0,0.0,58,42,16,1.0,0.0,0.0,
619,Amini Silatolu,24,CAR,LG,15,15,0.0,0.0,0.0,0.0,0,0,0,1,0,0,0.0,0,0,0,0.0,0.0,0.0,
620,Craig Stevens,28,TEN,TE,15,15,0.0,0.0,0.0,0.0,0,0,2,0,0,0,0.0,3,2,1,0.0,0.0,0.0,
621,Golden Tate,24,SEA,WR,15,15,0.0,0.0,0.0,0.0,0,0,1,1,4,0,0.0,0,0,0,0.0,0.0,0.0,
622,Brandon Weeden,29,CLE,QB,15,15,0.0,0.0,0.0,0.0,0,0,6,2,-3,0,0.0,0,0,0,0.0,0.0,0.0,
623,Stefen Wisniewski,23,OAK,C,15,15,0.0,0.0,0.0,0.0,0,0,1,0,-5,0,0.0,0,0,0,0.0,0.0,0.0,
624,K.J. Wright,23,SEA,RLB,15,15,1.0,24.0,0.0,24.0,5,1,0,0,0,0,1.0,98,68,30,8.0,3.0,0.0,
625,Sheldon Brown,33,CLE,RCB,15,14,3.0,20.0,1.0,19.0,12,1,0,2,0,0,1.0,60,53,7,3.0,1.0,0.0,
626,Brent Celek,27,PHI,TE,15,14,0.0,0.0,0.0,0.0,0,0,1,0,0,0,0.0,0,0,0,,,0.0,
627,Darnell Dockett,31,ARI,RDE,15,14,0.0,0.0,0.0,0.0,4,0,0,0,0,0,1.5,34,23,11,4.0,9.0,0.0,
628,Darrius Heyward-Bey,25,OAK,WR,15,14,0.0,0.0,0.0,0.0,0,0,0,1,0,0,0.0,0,0,0,0.0,0.0,0.0,
629,Jackrabbit Jenkins,24,STL,RCB,15,14,4.0,150.0,3.0,41.0,14,0,3,1,2,1,0.0,73,64,9,3.0,0.0,0.0,AP DRoY-4
630,Jarret Johnson,31,SDG,ROLB,15,14,0.0,0.0,0.0,0.0,0,1,0,0,0,0,1.5,40,27,13,2.0,4.0,0.0,
631,Mychal Kendricks,22,PHI,RLB,15,14,0.0,0.0,0.0,0.0,8,0,0,0,0,0,1.0,75,58,17,6.0,1.0,0.0,
632,Roy Miller,25,TAM,RDT,15,14,0.0,0.0,0.0,0.0,1,0,0,0,0,0,0.0,24,15,9,2.0,0.0,0.0,
633,Tony Moeaki,25,KAN,TE,15,14,0.0,0.0,0.0,0.0,0,0,0,1,0,0,0.0,0,0,0,0.0,0.0,0.0,
634,Stephen Paea,24,CHI,RDT,15,14,0.0,0.0,0.0,0.0,1,0,0,0,0,0,2.5,24,13,11,4.0,6.0,0.0,
635,Brandon Spikes,25,NWE,MLB,15,14,0.0,0.0,0.0,0.0,6,4,0,0,0,0,1.0,92,57,35,5.0,5.0,0.0,
636,Justin Tuck,29,NYG,LDE,15,14,0.0,0.0,0.0,0.0,1,0,0,0,0,0,4.0,45,27,18,4.0,9.0,0.0,
637,Mike Wallace,26,PIT,WR,15,14,0.0,0.0,0.0,0.0,0,0,2,1,0,0,0.0,0,0,0,0.0,0.0,0.0,
638,Adrian Wilson,33,ARI,SS,15,14,1.0,-2.0,0.0,-2.0,5,1,0,0,0,0,3.0,54,39,15,5.0,4.0,0.0,
639,Wesley Woodyard,26,DEN,ROLB,15,14,3.0,40.0,0.0,25.0,6,1,0,1,12,0,5.5,117,73,44,9.0,9.0,0.0,
640,Nate Allen,25,PHI,SS,15,13,0.0,0.0,0.0,0.0,4,0,0,0,0,0,0.0,73,60,13,1.0,0.0,0.0,
641,Scott Chandler,27,BUF,TE,15,13,0.0,0.0,0.0,0.0,0,0,2,1,0,0,0.0,0,0,0,0.0,0.0,0.0,
642,Ma'ake Kemoeatu,33,BAL,NT,15,13,0.0,0.0,0.0,0.0,2,1,0,0,0,0,1.0,29,15,14,2.0,2.0,0.0,
643,Bart Scott,32,NYJ,LILB,15,13,1.0,11.0,0.0,11.0,1,0,0,1,38,0,2.5,60,36,24,9.0,5.0,0.0,
644,Thomas Davis,29,CAR,RLB,15,12,1.0,0.0,0.0,0.0,3,2,0,1,-2,0,0.0,105,70,35,9.0,1.0,0.0,
645,Chris Givens,23,STL,WR,15,12,0.0,0.0,0.0,0.0,0,0,0,0,0,0,0.0,1,1,0,0.0,0.0,0.0,
646,Chris Harris Jr.,23,DEN,RCB,15,12,3.0,144.0,2.0,98.0,9,0,0,1,0,0,2.5,61,51,10,4.0,4.0,0.0,
647,Dan Koppen,33,DEN,C,15,12,0.0,0.0,0.0,0.0,0,0,1,0,0,0,0.0,0,0,0,,,0.0,
648,Dan Williams,25,ARI,NT,15,11,0.0,0.0,0.0,0.0,1,0,0,1,0,0,0.0,44,33,11,3.0,2.0,0.0,
649,Greg Hardy,24,CAR,LDE,15,10,0.0,0.0,0.0,0.0,1,2,0,1,0,0,11.0,60,40,20,13.0,19.0,0.0,
650,Danny McCray,24,DAL,SS,15,10,1.0,0.0,0.0,0.0,2,0,0,0,0,0,0.0,71,50,21,1.0,0.0,0.0,
651,Ropati Pitoitua,27,KAN,RDE,15,10,0.0,0.0,0.0,0.0,1,1,0,0,0,0,2.0,51,32,19,5.0,4.0,0.0,
652,Nate Clements,33,CIN,SS,15,9,1.0,21.0,0.0,21.0,5,1,0,0,0,0,0.0,53,31,22,0.0,1.0,0.0,
653,Fletcher Cox,22,PHI,RDT,15,9,0.0,0.0,0.0,0.0,3,1,0,0,0,0,5.5,39,32,7,8.0,10.0,0.0,
654,Garrett Graham,26,HOU,FB,15,9,0.0,0.0,0.0,0.0,0,0,0,0,0,0,0.0,3,3,0,0.0,0.0,0.0,
655,Jimmy Graham,26,NOR,TE,15,9,0.0,0.0,0.0,0.0,0,0,1,2,0,0,0.0,0,0,0,0.0,0.0,0.0,
656,Devery Henderson,30,NOR,WR,15,9,0.0,0.0,0.0,0.0,0,0,1,0,0,0,0.0,0,0,0,0.0,0.0,0.0,
657,Rob Housler,24,ARI,TE,15,9,0.0,0.0,0.0,0.0,0,0,0,0,0,0,0.0,1,1,0,0.0,0.0,0.0,
658,Isaac Sopoaga,31,SFO,NT,15,9,0.0,0.0,0.0,0.0,0,0,0,0,0,0,1.0,27,21,6,3.0,1.0,0.0,
659,Erik Walden,27,GNB,LOLB,15,9,2.0,22.0,0.0,20.0,4,0,0,0,0,0,3.0,46,27,19,3.0,14.0,0.0,
660,Randall Cobb,22,GNB,WR,15,8,0.0,0.0,0.0,0.0,0,0,4,3,0,0,0.0,0,0,0,0.0,0.0,0.0,
661,Jed Collins,26,NOR,FB,15,7,0.0,0.0,0.0,0.0,0,0,1,0,0,0,0.0,2,2,0,0.0,0.0,0.0,
662,A.J. Jefferson,24,MIN,RCB,15,7,0.0,0.0,0.0,0.0,5,0,1,1,-2,0,0.0,37,34,3,0.0,0.0,0.0,
663,Pat Lee,28,2TM,DB,15,7,1.0,4.0,0.0,4.0,4,1,0,0,0,0,0.0,37,31,6,1.0,0.0,0.0,
663,Pat Lee,28,OAK,RCB,8,7,1.0,4.0,0.0,4.0,4,1,0,0,0,0,0.0,30,27,3,1.0,0.0,0.0,
663,Pat Lee,28,DET,DB,7,0,0.0,0.0,0.0,0.0,0,0,0,0,0,0,0.0,7,4,3,0.0,0.0,0.0,
664,Mike Harris,23,JAX,LCB,15,6,1.0,0.0,0.0,0.0,5,0,0,0,0,0,1.0,55,51,4,2.0,1.0,0.0,
665,Paul Kruger,26,BAL,LB,15,6,1.0,0.0,0.0,0.0,6,1,0,1,9,0,9.0,42,30,12,11.0,14.0,0.0,
666,Chaz Schilens,27,NYJ,WR,15,6,0.0,0.0,0.0,0.0,0,0,1,1,0,0,0.0,4,4,0,0.0,0.0,0.0,
667,Marcus Spears,29,DAL,LDE,15,6,0.0,0.0,0.0,0.0,1,0,0,0,0,0,1.0,25,7,18,2.0,1.0,0.0,
668,Jonte Green,23,DET,RCB,15,5,1.0,18.0,0.0,18.0,4,0,0,0,0,0,1.0,29,23,6,6.0,13.0,0.0,
669,Ben Hartsock,32,CAR,TE,15,5,0.0,0.0,0.0,0.0,0,0,0,1,0,0,0.0,0,0,0,0.0,0.0,0.0,
670,Devin Hester,30,CHI,WR,15,5,0.0,0.0,0.0,0.0,0,0,1,0,0,0,0.0,0,0,0,0.0,0.0,0.0,
671,Kendall Wright,23,TEN,WR,15,5,0.0,0.0,0.0,0.0,0,0,1,0,0,0,0.0,0,0,0,0.0,0.0,0.0,
672,Jermelle Cudjo,26,STL,DT,15,4,0.0,0.0,0.0,0.0,0,0,0,0,0,0,1.0,21,20,1,3.0,1.0,0.0,
673,Pierre Thomas,28,NOR,RB,15,4,0.0,0.0,0.0,0.0,0,0,0,1,0,0,0.0,0,0,0,0.0,0.0,0.0,
674,Jimmy Wilson,26,MIA,DB,15,4,0.0,0.0,0.0,0.0,4,1,0,0,0,0,2.0,41,36,5,3.0,3.0,0.0,
675,Isa Abdul-Quddus,23,NOR,DB,15,3,2.0,12.0,0.0,12.0,8,0,0,1,0,0,0.0,45,33,12,0.0,0.0,0.0,
676,Cortez Allen,24,PIT,DB,15,3,2.0,6.0,0.0,6.0,10,3,0,1,21,0,0.0,55,43,12,0.0,2.0,0.0,
677,Terrence Cody,24,BAL,DT,15,3,0.0,0.0,0.0,0.0,1,0,0,0,0,0,0.0,25,12,13,0.0,0.0,0.0,
678,Jamell Fleming,23,ARI,DB,15,3,0.0,0.0,0.0,0.0,1,0,0,0,0,0,0.0,23,20,3,0.0,0.0,0.0,
679,DeJon Gomes,23,WAS,DB,15,3,1.0,49.0,0.0,49.0,4,0,0,1,13,0,0.0,40,26,14,0.0,1.0,0.0,
680,Geno Hayes,25,CHI,LB,15,3,0.0,0.0,0.0,0.0,2,0,0,0,0,0,0.0,16,14,2,1.0,0.0,0.0,
681,Sammie Lee Hill,26,DET,DT,15,3,0.0,0.0,0.0,0.0,3,0,0,0,0,0,0.0,15,9,6,,,0.0,
682,Rashad Johnson,26,ARI,DB,15,3,2.0,87.0,1.0,53.0,2,0,0,1,-1,0,0.0,20,15,5,0.0,0.0,0.0,
683,Robert McClain,24,ATL,DB,15,3,1.0,32.0,0.0,32.0,10,0,0,2,28,0,0.0,61,53,8,1.0,1.0,0.0,
684,Kyle Adams,24,CHI,TE,15,2,0.0,0.0,0.0,0.0,0,0,0,0,0,0,0.0,1,1,0,0.0,0.0,0.0,
685,Phillip Adams,24,OAK,DB,15,2,2.0,0.0,0.0,0.0,5,0,2,0,0,0,0.0,15,13,2,1.0,0.0,0.0,
686,Jalil Brown,25,KAN,DB,15,2,0.0,0.0,0.0,0.0,2,1,0,0,0,0,0.0,25,25,0,0.0,0.0,0.0,
687,Stanley Havili,25,PHI,RB,15,2,0.0,0.0,0.0,0.0,0,0,0,0,0,0,0.0,7,6,1,0.0,0.0,0.0,
688,Aldrick Robinson,24,WAS,WR,15,2,0.0,0.0,0.0,0.0,0,0,0,0,0,0,0.0,2,2,0,0.0,0.0,0.0,
689,Brad Smith,29,BUF,WR/QB,15,2,0.0,0.0,0.0,0.0,0,0,1,1,-15,0,0.0,12,9,3,0.0,0.0,0.0,
690,Tank Carder,23,CLE,LB,15,1,0.0,0.0,0.0,0.0,1,0,0,0,0,0,0.0,7,3,4,0.0,0.0,0.0,
691,Harry Douglas,28,ATL,WR,15,1,0.0,0.0,0.0,0.0,0,0,1,0,0,0,0.0,0,0,0,0.0,0.0,0.0,
692,Josh Gordy,25,IND,DB,15,1,0.0,0.0,0.0,0.0,0,0,0,0,0,0,1.0,19,16,3,1.0,1.0,0.0,
693,T.Y. Hilton,23,IND,WR,15,1,0.0,0.0,0.0,0.0,0,0,1,0,0,0,0.0,1,1,0,0.0,0.0,0.0,
694,Ellis Lankster,25,NYJ,DB,15,1,2.0,0.0,0.0,0.0,6,2,0,0,0,0,1.0,39,33,6,2.0,2.0,0.0,
695,Chris Ogbonnaya,26,CLE,RB,15,1,0.0,0.0,0.0,0.0,0,0,1,0,0,0,0.0,2,2,0,0.0,0.0,0.0,
696,Kevin Ogletree,25,DAL,WR,15,1,0.0,0.0,0.0,0.0,0,0,0,1,0,0,0.0,0,0,0,0.0,0.0,0.0,
697,Johnny Patrick,24,NOR,DB,15,1,0.0,0.0,0.0,0.0,2,0,0,0,0,0,0.0,24,21,3,0.0,0.0,0.0,
698,Isaiah Pead,23,STL,RB,15,1,0.0,0.0,0.0,0.0,0,0,2,0,0,0,0.0,1,1,0,0.0,0.0,0.0,
699,David Sims,26,PHI,DB,15,1,0.0,0.0,0.0,0.0,1,0,0,0,0,0,0.0,15,11,4,1.0,0.0,0.0,
700,Michael Adams,27,ARI,DB,15,0,0.0,0.0,0.0,0.0,4,0,0,2,0,0,0.0,14,11,3,1.0,1.0,0.0,
701,Armando Allen,23,CHI,RB,15,0,0.0,0.0,0.0,0.0,0,0,0,0,0,0,0.0,5,3,2,0.0,0.0,0.0,
702,Robert Ayers,27,DEN,DE,15,0,0.0,0.0,0.0,0.0,0,0,0,0,0,0,2.0,16,8,8,5.0,7.0,0.0,
703,Lance Ball,27,DEN,RB,15,0,0.0,0.0,0.0,0.0,0,0,1,2,0,0,0.0,1,1,0,0.0,0.0,0.0,
704,LaVon Brazill,23,IND,WR,15,0,0.0,0.0,0.0,0.0,0,0,1,0,0,0,0.0,4,4,0,0.0,0.0,0.0,
705,Curtis Brown,24,PIT,DB,15,0,0.0,0.0,0.0,0.0,1,0,0,0,0,0,0.0,28,24,4,1.0,1.0,0.0,
706,Tony Carter,26,DEN,DB,15,0,2.0,55.0,1.0,40.0,11,0,0,2,65,1,0.0,27,23,4,0.0,0.0,0.0,
707,Keenan Clayton,25,OAK,LB,15,0,0.0,0.0,0.0,0.0,0,0,0,0,0,0,0.0,5,5,0,0.0,0.0,0.0,
708,Terrance Copper,30,KAN,WR,15,0,0.0,0.0,0.0,0.0,0,1,0,0,0,0,0.0,5,4,1,0.0,0.0,0.0,
709,Jared Crick,23,HOU,DE,15,0,0.0,0.0,0.0,0.0,2,0,0,0,0,0,0.0,22,13,9,0.0,1.0,0.0,
710,Travis Daniels,30,KAN,DB,15,0,0.0,0.0,0.0,0.0,1,0,0,0,0,0,0.0,16,13,3,0.0,0.0,0.0,
711,Nate Ebner,24,NWE,DB,15,0,0.0,0.0,0.0,0.0,0,0,0,0,0,0,0.0,14,12,2,0.0,0.0,0.0,
712,Coye Francies,26,OAK,DB,15,0,0.0,0.0,0.0,0.0,0,0,0,0,0,0,0.0,3,3,0,0.0,0.0,0.0,
713,Robert Golden,22,PIT,DB,15,0,0.0,0.0,0.0,0.0,0,0,0,0,0,0,0.0,8,6,2,2.0,2.0,0.0,
714,Tavares Gooden,28,SFO,LB,15,0,0.0,0.0,0.0,0.0,0,0,0,0,0,0,0.0,9,7,2,0.0,0.0,0.0,
715,Trindon Holliday,26,2TM,WR,15,0,0.0,0.0,0.0,0.0,0,0,6,0,0,0,0.0,0,0,0,,,0.0,
715,Trindon Holliday,26,HOU,WR,5,0,0.0,0.0,0.0,0.0,0,0,1,0,0,0,0.0,0,0,0,,,0.0,
715,Trindon Holliday,26,DEN,WR,10,0,0.0,0.0,0.0,0.0,0,0,5,0,0,0,0.0,0,0,0,,,0.0,
716,Nate Irving,24,DEN,LB,15,0,0.0,0.0,0.0,0.0,1,0,0,0,0,0,0.0,13,9,4,0.0,1.0,0.0,
717,Lawrence Jackson,27,DET,DE,15,0,0.0,0.0,0.0,0.0,0,1,0,0,0,0,2.5,20,11,9,6.0,5.0,0.0,
718,Tom Johnson,28,NOR,DT,15,0,0.0,0.0,0.0,0.0,0,0,0,0,0,0,2.0,28,18,10,3.0,6.0,0.0,
719,Colin Jones,25,CAR,DB,15,0,0.0,0.0,0.0,0.0,0,0,0,0,0,0,0.0,14,10,4,0.0,0.0,0.0,
720,Ishmaa'ily Kitchen,24,CLE,DT,15,0,0.0,0.0,0.0,0.0,0,0,0,0,0,0,0.0,17,6,11,1.0,1.0,0.0,
721,Brian Leonard,28,CIN,RB,15,0,0.0,0.0,0.0,0.0,0,0,0,0,0,0,0.0,3,3,0,0.0,0.0,0.0,
722,Curtis Marsh,24,PHI,DB,15,0,0.0,0.0,0.0,0.0,1,0,0,0,0,0,0.0,12,11,1,0.0,0.0,0.0,
723,Joe McKnight,24,NYJ,RB,15,0,0.0,0.0,0.0,0.0,0,0,3,0,0,0,0.0,2,2,0,0.0,0.0,0.0,
724,James Sanders,29,ARI,DB,15,0,0.0,0.0,0.0,0.0,0,0,0,1,93,1,0.0,19,13,6,0.0,4.0,0.0,
725,Da'Norris Searcy,24,BUF,DB,15,0,0.0,0.0,0.0,0.0,1,2,0,0,0,0,0.0,39,26,13,4.0,0.0,0.0,
726,Austin Spitler,26,MIA,LB,15,0,0.0,0.0,0.0,0.0,0,0,0,0,0,0,0.0,8,5,3,0.0,0.0,0.0,
727,Dave Tollefson,30,OAK,DE,15,0,0.0,0.0,0.0,0.0,0,0,0,0,0,0,0.5,9,6,3,3.0,2.0,0.0,
728,Chris White,23,BUF,LB,15,0,0.0,0.0,0.0,0.0,0,0,0,0,0,0,0.0,11,9,2,0.0,0.0,0.0,
729,Matt Willis,28,DEN,WR,15,0,0.0,0.0,0.0,0.0,0,0,0,0,0,0,0.0,7,7,0,0.0,0.0,0.0,
730,Tyvon Branch,26,OAK,SS,14,14,1.0,11.0,0.0,11.0,3,0,0,0,0,0,0.0,94,74,20,3.0,1.0,0.0,
731,Kurt Coleman,24,PHI,FS,14,14,2.0,13.0,0.0,7.0,4,1,0,0,0,0,0.0,93,70,23,3.0,0.0,0.0,
732,Harvey Dahl,31,STL,RG,14,14,0.0,0.0,0.0,0.0,0,0,0,1,0,0,0.0,0,0,0,0.0,0.0,0.0,
733,Dwan Edwards,31,CAR,LDT,14,14,0.0,0.0,0.0,0.0,1,1,0,0,0,0,6.0,52,27,25,7.0,10.0,0.0,
734,Dwight Freeney,32,IND,ROLB,14,14,0.0,0.0,0.0,0.0,1,1,0,0,0,0,5.0,12,10,2,7.0,12.0,0.0,
735,Leon Hall,28,CIN,RCB,14,14,2.0,61.0,1.0,44.0,12,0,0,0,0,0,0.0,38,24,14,1.0,0.0,0.0,
736,Chris Houston,28,DET,LCB,14,14,2.0,2.0,0.0,2.0,10,2,0,0,0,0,0.0,57,45,12,3.0,0.0,0.0,
737,Tim Jennings,29,CHI,LCB,14,14,9.0,105.0,1.0,31.0,21,0,0,0,0,0,0.0,60,55,5,1.0,0.0,0.0,"PB,AP-2"
738,Johnathan Joseph,28,HOU,RCB,14,14,2.0,88.0,1.0,52.0,10,0,0,0,0,0,0.0,57,52,5,0.0,0.0,0.0,PB
739,Mikel Leshoure,22,DET,RB,14,14,0.0,0.0,0.0,0.0,0,0,3,0,0,0,0.0,0,0,0,0.0,0.0,0.0,
740,Sen'Derrick Marks,25,TEN,LDT,14,14,0.0,0.0,0.0,0.0,3,1,0,0,0,0,1.5,41,30,11,3.0,6.0,0.0,
741,Henry Melton,26,CHI,LDT,14,14,0.0,0.0,0.0,0.0,0,2,0,0,0,0,6.0,44,32,12,9.0,8.0,0.0,PB
742,Koa Misi,25,MIA,RLB,14,14,0.0,0.0,0.0,0.0,2,2,0,0,0,0,3.5,65,50,15,7.0,5.0,0.0,
743,Reggie Nelson,29,CIN,FS,14,14,3.0,10.0,0.0,10.0,9,1,0,0,0,0,1.0,85,56,29,6.0,4.0,0.0,
744,Haloti Ngata,28,BAL,LDE,14,14,0.0,0.0,0.0,0.0,1,0,0,0,0,0,5.0,51,33,18,7.0,14.0,0.0,"PB,AP-2"
745,B.J. Raji,26,GNB,NT,14,14,0.0,0.0,0.0,0.0,2,0,0,0,0,0,0.0,26,16,10,2.0,1.0,0.0,
746,Cory Redding,32,IND,LDE,14,14,0.0,0.0,0.0,0.0,4,0,0,1,0,0,2.0,36,22,14,5.0,4.0,0.0,
747,Jeff Saturday,37,GNB,C,14,14,0.0,0.0,0.0,0.0,0,0,0,2,0,0,0.0,0,0,0,0.0,0.0,0.0,PB
748,Justin Smith,33,SFO,RDE,14,14,0.0,0.0,0.0,0.0,2,0,0,1,0,0,3.0,66,47,19,9.0,10.0,0.0,"PB,AP-2"
749,Anthony Spencer,28,DAL,LOLB,14,14,0.0,0.0,0.0,0.0,4,2,0,1,0,0,11.0,95,55,40,14.0,14.0,0.0,PB
750,T.J. Ward,26,CLE,SS,14,14,1.0,37.0,0.0,37.0,4,3,0,0,0,0,1.0,68,50,18,2.0,3.0,0.0,
751,Eric Wood,26,BUF,C,14,14,0.0,0.0,0.0,0.0,0,0,0,2,0,0,0.0,0,0,0,0.0,0.0,0.0,
752,Jabari Greer,30,NOR,LCB,14,13,3.0,31.0,0.0,28.0,13,0,0,0,0,0,0.0,51,36,15,0.0,0.0,0.0,
753,Dont'a Hightower,22,NWE,RLB,14,13,0.0,0.0,0.0,0.0,3,0,0,2,6,1,4.0,60,43,17,10.0,9.0,0.0,
754,Antonio Johnson,28,IND,NT,14,13,0.0,0.0,0.0,0.0,0,0,0,0,0,0,0.0,26,19,7,0.0,2.0,0.0,
755,Chandler Jones,22,NWE,RDE,14,13,0.0,0.0,0.0,0.0,4,3,0,0,0,0,6.0,45,24,21,8.0,12.0,0.0,
756,DeAndre Levy,25,DET,RLB,14,13,1.0,-1.0,0.0,0.0,3,0,0,1,0,0,0.0,82,57,25,9.0,0.0,0.0,
757,Ahmad Bradshaw,26,NYG,RB,14,12,0.0,0.0,0.0,0.0,0,0,3,0,0,0,0.0,0,0,0,0.0,0.0,0.0,
758,Kavell Conner,25,IND,LILB,14,12,0.0,0.0,0.0,0.0,4,0,0,0,0,0,1.0,54,37,17,4.0,2.0,0.0,
759,King Dunlap,27,PHI,LT,14,12,0.0,0.0,0.0,0.0,0,0,0,1,0,0,0.0,0,0,0,0.0,0.0,0.0,
760,Brandon LaFell,26,CAR,WR,14,12,0.0,0.0,0.0,0.0,0,0,1,0,0,0,0.0,0,0,0,0.0,0.0,0.0,
761,Jamon Meredith,26,TAM,RG,14,12,0.0,0.0,0.0,0.0,0,0,0,1,0,0,0.0,0,0,0,0.0,0.0,0.0,
762,Kenny Britt,24,TEN,WR,14,11,0.0,0.0,0.0,0.0,0,0,2,2,-2,0,0.0,0,0,0,0.0,0.0,0.0,
763,Albert McClellan,26,BAL,LOLB,14,11,0.0,0.0,0.0,0.0,2,1,0,2,0,0,1.0,49,36,13,6.0,1.0,0.0,
764,Brandon Pettigrew,27,DET,TE,14,11,0.0,0.0,0.0,0.0,0,0,4,0,0,0,0.0,0,0,0,0.0,0.0,0.0,
765,Nolan Carroll,25,MIA,RCB,14,10,0.0,0.0,0.0,0.0,6,1,0,0,0,0,1.0,53,46,7,2.0,0.0,0.0,
766,Erin Henderson,26,MIN,RLB,14,10,0.0,0.0,0.0,0.0,3,1,0,0,0,0,3.0,80,50,30,7.0,4.0,0.0,
767,Clay Harbor,25,PHI,TE,14,9,0.0,0.0,0.0,0.0,0,0,1,0,0,0,0.0,0,0,0,0.0,0.0,0.0,
768,Peria Jerry,28,ATL,LDT,14,9,0.0,0.0,0.0,0.0,0,0,0,1,0,0,0.0,14,11,3,1.0,4.0,0.0,
769,Aaron Ross,30,JAX,LCB,14,9,0.0,0.0,0.0,0.0,3,0,0,0,0,0,0.0,46,37,9,1.0,0.0,0.0,
770,Cecil Shorts,25,JAX,WR,14,9,0.0,0.0,0.0,0.0,0,0,1,0,0,0,0.0,0,0,0,,,0.0,
771,Dan Connor,27,DAL,LILB,14,8,0.0,0.0,0.0,0.0,1,0,0,0,0,0,0.0,56,32,24,3.0,0.0,0.0,
772,Jeff Byers,27,CAR,RG,14,7,0.0,0.0,0.0,0.0,0,0,0,0,0,0,0.0,1,1,0,0.0,0.0,0.0,
773,Akeem Jordan,27,PHI,LLB,14,7,0.0,0.0,0.0,0.0,0,2,0,0,0,0,0.0,45,36,9,4.0,0.0,0.0,
774,Jason Avant,29,PHI,WR,14,6,0.0,0.0,0.0,0.0,0,0,1,0,0,0,0.0,2,2,0,0.0,0.0,0.0,
775,Jordan Cameron,24,CLE,TE,14,6,0.0,0.0,0.0,0.0,0,0,0,0,0,0,0.0,1,1,0,0.0,0.0,0.0,
776,Tom Crabtree,27,GNB,TE,14,6,0.0,0.0,0.0,0.0,0,0,0,0,0,0,0.0,1,0,1,0.0,0.0,0.0,
777,Tim Dobbins,30,HOU,LILB,14,6,1.0,7.0,0.0,7.0,4,0,0,4,32,0,0.0,43,30,13,2.0,3.0,0.0,
778,Michael Hoomanawanui,24,NWE,TE,14,6,0.0,0.0,0.0,0.0,0,0,0,0,0,0,0.0,2,1,1,0.0,0.0,0.0,
779,Jamar Chaney,26,PHI,LLB,14,5,0.0,0.0,0.0,0.0,1,0,0,0,0,0,0.0,24,17,7,0.0,0.0,0.0,
780,Brandon Deaderick,25,NWE,RDT,14,5,0.0,0.0,0.0,0.0,1,2,0,0,0,0,1.0,18,10,8,2.0,1.0,0.0,
781,Isaac Redman,28,PIT,RB,14,5,0.0,0.0,0.0,0.0,0,0,3,0,0,0,0.0,0,0,0,,,0.0,
782,Will Witherspoon,32,TEN,MLB,14,5,1.0,40.0,1.0,40.0,2,1,0,0,0,0,1.0,48,29,19,1.0,1.0,0.0,
783,Colt Anderson,27,PHI,DB,14,4,1.0,4.0,0.0,4.0,3,1,0,0,0,0,0.0,34,31,3,1.0,0.0,0.0,
784,Doug Baldwin,24,SEA,WR,14,4,0.0,0.0,0.0,0.0,0,0,0,0,0,0,0.0,1,1,0,0.0,0.0,0.0,
785,Arthur Moats,24,BUF,LB,14,4,0.0,0.0,0.0,0.0,0,0,0,0,0,0,0.0,25,17,8,1.0,0.0,0.0,
786,Jerel Worthy,22,GNB,DT,14,4,0.0,0.0,0.0,0.0,0,1,0,0,0,0,2.5,14,11,3,4.0,4.0,0.0,
787,Travis Benjamin,23,CLE,WR,14,3,0.0,0.0,0.0,0.0,0,0,1,1,0,0,0.0,0,0,0,0.0,0.0,0.0,
788,John Kuhn,30,GNB,FB,14,3,0.0,0.0,0.0,0.0,0,0,0,0,0,0,0.0,1,1,0,0.0,0.0,0.0,
789,Demorrio Williams,32,SDG,LB,14,3,2.0,90.0,2.0,59.0,3,1,0,0,0,0,0.0,50,39,11,1.0,3.0,0.0,
790,Alex Albright,24,DAL,LB,14,2,0.0,0.0,0.0,0.0,0,0,0,0,0,0,0.0,31,25,6,1.0,0.0,0.0,
791,Andrew Hawkins,26,CIN,WR,14,2,0.0,0.0,0.0,0.0,0,0,1,0,0,0,0.0,2,2,0,0.0,0.0,0.0,
792,Marlon Moore,25,MIA,WR,14,2,0.0,0.0,0.0,0.0,0,0,0,0,0,0,0.0,7,6,1,0.0,0.0,0.0,
793,Austin Pettis,24,STL,WR,14,2,0.0,0.0,0.0,0.0,0,0,0,0,0,0,0.0,1,1,0,0.0,0.0,0.0,
794,Bilal Powell,24,NYJ,RB,14,2,0.0,0.0,0.0,0.0,0,0,0,1,0,0,0.0,1,1,0,0.0,0.0,0.0,
795,Trevor Scott,28,NWE,DE,14,2,0.0,0.0,0.0,0.0,0,1,0,0,0,0,3.0,14,7,7,2.0,5.0,0.0,
796,Ronnie Brown,31,SDG,RB,14,1,0.0,0.0,0.0,0.0,0,0,0,1,0,0,0.0,0,0,0,,,0.0,
797,Jonathan Casillas,25,NOR,LB,14,1,0.0,0.0,0.0,0.0,1,0,0,2,0,0,0.0,31,21,10,1.0,0.0,0.0,
798,Marquice Cole,29,NWE,DB,14,1,1.0,0.0,0.0,0.0,3,0,0,0,0,0,0.0,17,15,2,3.0,0.0,0.0,
799,Blake Costanzo,28,CHI,LB,14,1,0.0,0.0,0.0,0.0,0,0,0,0,0,0,0.0,9,6,3,0.0,0.0,0.0,
800,Carlos Dunlap,23,CIN,DE,14,1,1.0,14.0,1.0,14.0,3,4,0,3,2,0,6.0,41,34,7,8.0,12.0,0.0,
801,Damaris Johnson,23,PHI,WR,14,1,0.0,0.0,0.0,0.0,0,0,2,0,0,0,0.0,1,1,0,0.0,0.0,0.0,
802,Mike McNeill,24,STL,TE,14,1,0.0,0.0,0.0,0.0,0,0,0,0,0,0,0.0,1,1,0,0.0,0.0,0.0,
803,Cedric Peerman,26,CIN,RB,14,1,0.0,0.0,0.0,0.0,0,0,0,1,0,0,0.0,6,6,0,0.0,0.0,0.0,
804,Brandian Ross,23,OAK,DB,14,1,0.0,0.0,0.0,0.0,0,0,0,0,0,0,0.0,20,17,3,3.0,3.0,0.0,
805,Micheal Spurlock,29,2TM,WR,14,1,0.0,0.0,0.0,0.0,0,0,1,0,0,0,0.0,2,1,1,0.0,0.0,0.0,
805,Micheal Spurlock,29,SDG,WR,8,1,0.0,0.0,0.0,0.0,0,0,0,0,0,0,0.0,2,1,1,0.0,0.0,0.0,
805,Micheal Spurlock,29,JAX,WR,6,0,0.0,0.0,0.0,0.0,0,0,1,0,0,0,0.0,0,0,0,,,0.0,
806,Chris Baker,25,WAS,NT,14,0,,,,,1,0,0,0,0,0,,15,8,7,0.0,0.0,,
807,Bryan Braman,25,HOU,LB,14,0,0.0,0.0,0.0,0.0,0,0,0,0,0,0,0.0,21,17,4,0.0,0.0,0.0,
808,Tommie Campbell,25,TEN,DB,14,0,0.0,0.0,0.0,0.0,1,0,0,1,0,0,0.0,13,12,1,0.0,0.0,0.0,
809,Dan Carpenter,27,MIA,K,14,0,0.0,0.0,0.0,0.0,0,0,0,0,0,0,0.0,2,1,1,0.0,0.0,0.0,
810,Mike Daniels,23,GNB,DE,14,0,0.0,0.0,0.0,0.0,1,0,0,2,43,1,2.0,12,12,0,4.0,2.0,0.0,
811,Larry English,26,SDG,DE,14,0,0.0,0.0,0.0,0.0,0,0,0,1,0,0,1.5,13,7,6,1.0,2.0,0.0,
812,Wallace Gilberry,28,CIN,DE,14,0,0.0,0.0,0.0,0.0,0,1,0,3,31,1,6.5,24,15,9,6.0,9.0,0.0,
813,Chris Gronkowski,26,DEN,RB,14,0,0.0,0.0,0.0,0.0,0,0,0,0,0,0,0.0,4,3,1,0.0,0.0,0.0,
814,Akiem Hicks,23,NOR,DE,14,0,0.0,0.0,0.0,0.0,1,1,0,0,0,0,0.0,20,10,10,2.0,4.0,0.0,
815,Ronnie Hillman,21,DEN,RB,14,0,0.0,0.0,0.0,0.0,0,0,2,0,0,0,0.0,0,0,0,,,0.0,
816,Doug Hogue,23,2TM,LB,14,0,0.0,0.0,0.0,0.0,0,0,0,0,0,0,0.0,8,7,1,0.0,0.0,0.0,
816,Doug Hogue,23,DET,LB,5,0,,,,,0,0,0,0,0,0,,2,2,0,0.0,0.0,,
816,Doug Hogue,23,CAR,LB,9,0,0.0,0.0,0.0,0.0,0,0,0,0,0,0,0.0,6,5,1,0.0,0.0,0.0,
817,Malik Jackson,22,DEN,DT,14,0,0.0,0.0,0.0,0.0,0,0,0,0,0,0,0.0,5,3,2,0.0,2.0,0.0,
818,Brandon Johnson,29,PIT,LB,14,0,0.0,0.0,0.0,0.0,0,0,0,0,0,0,0.0,10,4,6,0.0,0.0,0.0,
819,Spencer Johnson,31,BUF,DT,14,0,0.0,0.0,0.0,0.0,2,1,0,0,0,0,2.0,19,10,9,2.0,1.0,0.0,
820,Taiwan Jones,24,OAK,RB,14,0,0.0,0.0,0.0,0.0,0,0,1,2,-2,0,0.0,12,11,1,1.0,0.0,0.0,
821,Niko Koutouvides,31,NWE,LB,14,0,0.0,0.0,0.0,0.0,0,0,0,0,0,0,0.0,4,3,1,0.0,0.0,0.0,
822,Jamari Lattimore,24,GNB,LB,14,0,0.0,0.0,0.0,0.0,0,0,0,0,0,0,0.0,7,6,1,0.0,0.0,0.0,
823,Ruvell Martin,30,BUF,WR,14,0,0.0,0.0,0.0,0.0,0,0,0,0,0,0,0.0,7,6,1,0.0,0.0,0.0,
824,Shea McClellin,23,CHI,DE,14,0,0.0,0.0,0.0,0.0,0,0,0,0,0,0,2.5,14,7,7,3.0,6.0,0.0,
825,Clinton McDonald,25,SEA,DT,14,0,0.0,0.0,0.0,0.0,1,0,0,0,0,0,0.0,25,17,8,2.0,1.0,0.0,
826,Phillip Tanner,24,DAL,RB,14,0,0.0,0.0,0.0,0.0,0,0,0,0,0,0,0.0,10,6,4,0.0,0.0,0.0,
827,Will Tukuafu,28,SFO,DT/FB,14,0,0.0,0.0,0.0,0.0,0,0,0,0,0,0,0.0,7,5,2,0.0,0.0,0.0,
828,Reggie Walker,26,ARI,LB,14,0,0.0,0.0,0.0,0.0,1,0,0,0,0,0,0.0,14,13,1,0.0,3.0,0.0,
829,Tahir Whitehead,22,DET,LB,14,0,0.0,0.0,0.0,0.0,0,1,0,0,0,0,0.0,11,8,3,0.0,0.0,0.0,
830,Keiland Williams,26,2TM,RB,14,0,0.0,0.0,0.0,0.0,0,0,0,0,0,0,0.0,3,2,1,0.0,0.0,0.0,
830,Keiland Williams,26,DET,RB,5,0,0.0,0.0,0.0,0.0,0,0,0,0,0,0,0.0,2,2,0,0.0,0.0,0.0,
830,Keiland Williams,26,WAS,RB,9,0,0.0,0.0,0.0,0.0,0,0,0,0,0,0,0.0,1,0,1,0.0,0.0,0.0,
831,Davone Bess,27,MIA,WR,13,13,0.0,0.0,0.0,0.0,0,0,1,0,0,0,0.0,0,0,0,,,0.0,
832,James Harrison,34,PIT,ROLB,13,13,0.0,0.0,0.0,0.0,0,2,0,0,0,0,6.0,70,49,21,10.0,13.0,0.0,
833,Malcolm Jenkins,25,NOR,FS,13,13,1.0,55.0,1.0,55.0,6,0,0,0,0,0,0.0,94,65,29,2.0,2.0,0.0,
834,Jameel McClain,27,BAL,LILB,13,13,0.0,0.0,0.0,0.0,3,0,0,1,0,0,0.0,79,57,22,4.0,1.0,0.0,
835,Haruki Nakamura,26,CAR,FS,13,13,2.0,39.0,0.0,21.0,4,0,0,0,0,0,0.0,54,34,20,1.0,1.0,0.0,
836,Bernard Pollard,28,BAL,SS,13,13,1.0,0.0,0.0,0.0,5,0,0,0,0,0,2.0,98,71,27,6.0,3.0,0.0,PB
837,Ben Roethlisberger,30,PIT,QB,13,13,0.0,0.0,0.0,0.0,0,0,6,3,-8,0,0.0,0,0,0,0.0,0.0,0.0,
838,Ahtyba Rubin,26,CLE,LDT,13,13,0.0,0.0,0.0,0.0,2,2,0,0,0,0,2.0,44,30,14,4.0,4.0,0.0,
839,Sean Weatherspoon,25,ATL,LLB,13,13,1.0,6.0,0.0,6.0,4,1,0,1,0,0,3.0,96,71,25,6.0,7.0,0.0,
840,LaMarr Woodley,28,PIT,LOLB,13,13,1.0,11.0,0.0,11.0,1,1,0,1,0,0,4.0,38,27,11,6.0,8.0,0.0,
841,E.J. Biggers,25,TAM,LCB,13,12,1.0,0.0,0.0,0.0,7,2,0,0,0,0,1.0,51,41,10,2.0,1.0,0.0,
842,Dwayne Bowe,28,KAN,WR,13,12,0.0,0.0,0.0,0.0,0,0,1,0,0,0,0.0,0,0,0,0.0,0.0,0.0,
843,Michael Brockers,22,STL,RDT,13,12,0.0,0.0,0.0,0.0,1,1,0,0,0,0,4.0,31,20,11,7.0,6.0,0.0,
844,Calais Campbell,26,ARI,LDE,13,12,0.0,0.0,0.0,0.0,6,0,0,0,0,0,6.5,63,50,13,13.0,12.0,0.0,
845,Shaun Cody,29,HOU,NT,13,12,0.0,0.0,0.0,0.0,2,0,0,0,0,0,0.0,17,10,7,0.0,0.0,0.0,
846,LeRoy Hill,30,SEA,LLB,13,12,0.0,0.0,0.0,0.0,0,1,0,0,0,0,1.5,47,31,16,2.0,3.0,0.0,
847,Prince Amukamara,23,NYG,RCB,13,11,1.0,0.0,0.0,0.0,6,0,0,0,0,0,0.0,53,45,8,1.0,0.0,0.0,
848,Ryan Cook,29,DAL,C,13,11,0.0,0.0,0.0,0.0,0,0,1,1,0,0,0.0,0,0,0,0.0,0.0,0.0,
849,Ed Dickson,25,BAL,TE,13,11,0.0,0.0,0.0,0.0,0,0,0,0,0,0,0.0,1,1,0,0.0,0.0,0.0,
850,Usama Young,27,CLE,FS,13,11,3.0,44.0,0.0,44.0,7,0,0,1,2,0,1.5,53,37,16,1.0,2.0,0.0,
851,Antonio Brown,24,PIT,WR,13,10,0.0,0.0,0.0,0.0,0,0,4,2,0,0,0.0,1,1,0,0.0,0.0,0.0,
852,Chris Crocker,32,CIN,SS,13,9,3.0,52.0,0.0,29.0,5,0,0,1,12,0,0.0,41,29,12,1.0,1.0,0.0,
853,Steve Maneri,24,KAN,TE,13,8,0.0,0.0,0.0,0.0,0,0,0,1,0,0,0.0,0,0,0,0.0,0.0,0.0,
854,Dannell Ellerbe,27,BAL,RILB,13,7,0.0,0.0,0.0,0.0,2,1,0,0,0,0,4.5,92,69,23,8.0,8.0,0.0,
855,Nick Fairley,24,DET,LDT,13,7,0.0,0.0,0.0,0.0,1,2,0,1,0,0,5.5,35,28,7,11.0,13.0,0.0,
856,Colin Kaepernick,25,SFO,QB,13,7,0.0,0.0,0.0,0.0,0,0,9,2,-22,0,0.0,0,0,0,0.0,0.0,0.0,
857,Trevor Robinson,22,CIN,C,13,7,0.0,0.0,0.0,0.0,0,0,1,0,-6,0,0.0,0,0,0,,,0.0,
858,Jonathan Dwyer,23,PIT,RB,13,6,0.0,0.0,0.0,0.0,0,0,2,0,0,0,0.0,0,0,0,0.0,0.0,0.0,
859,Jared Cook,25,TEN,TE,13,5,0.0,0.0,0.0,0.0,0,0,1,0,0,0,0.0,0,0,0,0.0,0.0,0.0,
860,Leodis McKelvin,27,BUF,DB,13,4,1.0,9.0,0.0,9.0,3,0,0,0,0,0,0.0,21,20,1,0.0,1.0,0.0,
861,Montell Owens,28,JAX,RB,13,4,0.0,0.0,0.0,0.0,0,0,0,0,0,0,0.0,8,8,0,0.0,0.0,0.0,
862,Owen Schmitt,27,OAK,RB,13,4,0.0,0.0,0.0,0.0,0,0,0,0,0,0,0.0,2,1,1,0.0,0.0,0.0,
863,Anthony Sherman,24,ARI,RB,13,4,0.0,0.0,0.0,0.0,0,1,0,1,11,0,0.0,8,7,1,0.0,0.0,0.0,
864,Andre Branch,23,JAX,DE,13,3,0.0,0.0,0.0,0.0,1,1,0,1,0,0,1.0,12,9,3,0.0,3.0,0.0,
865,Jeremy Lane,22,SEA,DB,13,3,0.0,0.0,0.0,0.0,0,0,0,0,0,0,0.0,15,8,7,1.0,1.0,0.0,
866,Eric Frampton,28,DAL,DB,13,2,0.0,0.0,0.0,0.0,2,0,0,1,3,0,0.0,30,19,11,2.0,0.0,0.0,
867,Peyton Hillis,26,KAN,RB,13,2,0.0,0.0,0.0,0.0,0,0,2,0,0,0,0.0,0,0,0,,,0.0,
868,Mike Jenkins,27,DAL,DB,13,2,0.0,0.0,0.0,0.0,3,0,0,0,0,0,0.0,14,10,4,0.0,0.0,0.0,
869,D.J. Moore,25,CHI,DB,13,2,2.0,2.0,0.0,2.0,6,0,1,0,0,0,0.0,32,27,5,2.0,0.0,0.0,
870,Ryan Mouton,26,TEN,DB,13,2,0.0,0.0,0.0,0.0,3,0,0,0,0,0,0.0,44,33,11,2.0,0.0,0.0,
871,Dante Rosario,28,SDG,TE,13,2,0.0,0.0,0.0,0.0,0,0,1,1,0,0,0.0,4,4,0,0.0,0.0,0.0,
872,Eugene Sims,26,STL,LB,13,2,1.0,5.0,0.0,5.0,2,0,0,0,0,0,3.0,20,15,5,4.0,5.0,0.0,
873,Martin Tevaseu,25,IND,DT,13,2,0.0,0.0,0.0,0.0,0,0,0,0,0,0,0.0,12,7,5,3.0,4.0,0.0,
874,D.J. Williams,24,GNB,TE,13,2,0.0,0.0,0.0,0.0,0,0,0,0,0,0,0.0,3,0,3,0.0,0.0,0.0,
875,Michael Bush,28,CHI,RB,13,1,0.0,0.0,0.0,0.0,0,0,1,0,0,0,0.0,0,0,0,,,0.0,
876,Kevin Elliott,24,JAX,WR,13,1,0.0,0.0,0.0,0.0,0,0,0,0,0,0,0.0,2,1,1,0.0,0.0,0.0,
877,Sione Fua,24,CAR,DT,13,1,0.0,0.0,0.0,0.0,0,1,0,0,0,0,0.0,13,5,8,0.0,0.0,0.0,
878,Richard Gordon,25,OAK,TE,13,1,0.0,0.0,0.0,0.0,0,0,0,1,0,0,0.0,10,10,0,0.0,0.0,0.0,
879,Montario Hardesty,25,CLE,RB,13,1,0.0,0.0,0.0,0.0,0,0,2,2,0,0,0.0,0,0,0,0.0,0.0,0.0,
880,Chris Owens,26,ATL,DB,13,1,0.0,0.0,0.0,0.0,4,1,0,0,0,0,0.0,22,19,3,1.0,0.0,0.0,
881,William Powell,24,ARI,RB,13,1,0.0,0.0,0.0,0.0,0,0,2,0,0,0,0.0,0,0,0,0.0,0.0,0.0,
882,Kevin Rutland,24,JAX,DB,13,1,0.0,0.0,0.0,0.0,0,0,0,0,0,0,0.0,10,9,1,0.0,0.0,0.0,
883,Shane Vereen,23,NWE,RB,13,1,0.0,0.0,0.0,0.0,0,0,1,0,0,0,0.0,1,1,0,0.0,0.0,0.0,
884,Christo Bilukidi,23,OAK,DE,13,0,0.0,0.0,0.0,0.0,1,0,0,0,0,0,0.0,8,5,3,1.0,0.0,0.0,
885,Robert Blanton,23,MIN,DB,13,0,0.0,0.0,0.0,0.0,0,0,0,0,0,0,0.0,13,10,3,0.0,0.0,0.0,
886,Travaris Cadet,23,NOR,RB,13,0,0.0,0.0,0.0,0.0,0,0,1,0,0,0,0.0,4,4,0,0.0,0.0,0.0,
887,Jim Dray,26,ARI,TE,13,0,0.0,0.0,0.0,0.0,0,0,0,0,0,0,0.0,2,2,0,0.0,0.0,0.0,
888,Ted Ginn Jr.,27,SFO,WR,13,0,0.0,0.0,0.0,0.0,0,0,4,1,0,0,0.0,1,1,0,0.0,0.0,0.0,
889,Nick Harris,34,DET,P,13,0,0.0,0.0,0.0,0.0,0,0,0,0,0,0,0.0,1,1,0,0.0,0.0,0.0,
890,Mario Harvey,25,IND,LB,13,0,0.0,0.0,0.0,0.0,0,0,0,0,0,0,0.0,12,9,3,1.0,0.0,0.0,
891,Ramon Humber,25,NOR,LB,13,0,0.0,0.0,0.0,0.0,0,0,0,0,0,0,0.0,12,10,2,0.0,0.0,0.0,
892,Phillip Hunt,26,PHI,DE,13,0,0.0,0.0,0.0,0.0,0,0,0,0,0,0,1.0,8,8,0,1.0,1.0,0.0,
893,Travis Lewis,24,DET,LB,13,0,0.0,0.0,0.0,0.0,0,1,0,0,0,0,0.0,3,2,1,0.0,0.0,0.0,
894,Sterling Moore,22,2TM,DB,13,0,0.0,0.0,0.0,0.0,2,1,0,1,14,0,0.0,22,18,4,0.0,0.0,0.0,
894,Sterling Moore,22,NWE,DB,8,0,0.0,0.0,0.0,0.0,1,1,0,1,14,0,0.0,13,12,1,0.0,0.0,0.0,
894,Sterling Moore,22,DAL,DB,5,0,0.0,0.0,0.0,0.0,1,0,0,0,0,0,0.0,9,6,3,0.0,0.0,0.0,
895,Nick Novak,31,SDG,K,13,0,0.0,0.0,0.0,0.0,0,0,0,0,0,0,0.0,1,1,0,0.0,0.0,0.0,
896,Roscoe Parrish,30,TAM,WR,13,0,0.0,0.0,0.0,0.0,0,0,1,1,0,0,0.0,0,0,0,0.0,0.0,0.0,
897,Jordan Pugh,24,WAS,DB,13,0,0.0,0.0,0.0,0.0,1,0,0,0,0,0,1.0,19,17,2,2.0,1.0,0.0,
898,Courtney Roby,29,NOR,WR,13,0,0.0,0.0,0.0,0.0,0,0,0,0,0,0,0.0,10,8,2,0.0,0.0,0.0,
899,Andrew Sendejo,25,MIN,DB,13,0,0.0,0.0,0.0,0.0,0,0,0,0,0,0,0.0,6,6,0,0.0,0.0,0.0,
900,Antone Smith,27,ATL,RB,13,0,0.0,0.0,0.0,0.0,0,0,0,0,0,0,0.0,4,4,0,0.0,0.0,0.0,
901,Scott Solomon,24,TEN,DE,13,0,0.0,0.0,0.0,0.0,0,0,0,0,0,0,0.0,4,3,1,0.0,2.0,0.0,
902,Craig Steltz,26,CHI,DB,13,0,0.0,0.0,0.0,0.0,0,1,0,0,0,0,0.0,13,9,4,0.0,0.0,0.0,
903,Darryl Tapp,28,PHI,DE,13,0,0.0,0.0,0.0,0.0,0,0,0,1,4,0,0.5,17,13,4,1.0,2.0,0.0,
904,Trevin Wade,23,CLE,DB,13,0,0.0,0.0,0.0,0.0,1,0,0,0,0,0,0.0,17,12,5,0.0,0.0,0.0,
905,James Anderson,29,CAR,LLB,12,12,0.0,0.0,0.0,0.0,2,0,0,0,0,0,0.0,73,39,34,3.0,0.0,0.0,
906,Brandon Browner,28,SEA,RCB,12,12,3.0,39.0,0.0,35.0,7,3,0,1,0,0,0.0,44,35,9,1.0,0.0,0.0,
907,Donald Butler,24,SDG,RILB,12,12,1.0,21.0,1.0,21.0,4,1,0,0,0,0,3.0,78,50,28,5.0,5.0,0.0,
908,Derek Cox,26,JAX,RCB,12,12,4.0,18.0,0.0,16.0,11,1,0,0,0,0,0.0,60,55,5,1.0,0.0,0.0,
909,Steve Gregory,29,NWE,SS,12,12,3.0,50.0,0.0,36.0,5,2,0,2,30,1,0.0,37,31,6,0.0,0.0,0.0,
910,Jake Long,27,MIA,LT,12,12,0.0,0.0,0.0,0.0,0,0,0,1,2,0,0.0,0,0,0,0.0,0.0,0.0,
911,Vaughn Martin,26,SDG,LDE,12,12,0.0,0.0,0.0,0.0,0,1,0,0,0,0,1.0,19,12,7,1.0,2.0,0.0,
912,Robert Mathis,31,IND,LOLB,12,12,1.0,1.0,0.0,1.0,2,1,0,0,0,0,8.0,33,22,11,9.0,13.0,0.0,PB
913,Clay Matthews,26,GNB,ROLB,12,12,0.0,0.0,0.0,0.0,3,1,0,0,0,0,13.0,43,32,11,15.0,24.0,0.0,"PB,AP-2"
914,LeSean McCoy,24,PHI,RB,12,12,0.0,0.0,0.0,0.0,0,0,4,2,0,0,0.0,0,0,0,0.0,0.0,0.0,
915,Darren McFadden,25,OAK,RB,12,12,0.0,0.0,0.0,0.0,0,0,2,0,0,0,0.0,0,0,0,0.0,0.0,0.0,
916,William Moore,27,ATL,SS,12,12,4.0,51.0,0.0,33.0,9,2,0,1,0,0,1.0,75,59,16,5.0,3.0,0.0,PB
917,Brooks Reed,25,HOU,LOLB,12,12,0.0,0.0,0.0,0.0,3,1,0,0,0,0,2.5,27,19,8,4.0,7.0,0.0,
918,Ike Taylor,32,PIT,RCB,12,12,1.0,3.0,0.0,3.0,13,0,0,0,0,0,0.0,32,25,7,1.0,0.0,0.0,
919,Brian Urlacher,34,CHI,MLB,12,12,1.0,46.0,1.0,46.0,7,2,0,2,4,0,0.0,68,53,15,8.0,0.0,0.0,
920,Coby Fleener,24,IND,TE,12,10,0.0,0.0,0.0,0.0,0,0,0,1,0,0,0.0,0,0,0,0.0,0.0,0.0,
921,Donald Jones,25,BUF,WR,12,10,0.0,0.0,0.0,0.0,0,0,1,0,0,0,0.0,0,0,0,0.0,0.0,0.0,
922,Mario Manningham,26,SFO,WR,12,10,0.0,0.0,0.0,0.0,0,0,2,0,0,0,0.0,0,0,0,0.0,0.0,0.0,
923,Sione Pouha,33,NYJ,NT,12,10,0.0,0.0,0.0,0.0,1,0,0,0,0,0,1.0,29,20,9,1.0,1.0,0.0,
924,Jerome Simpson,26,MIN,WR,12,10,0.0,0.0,0.0,0.0,0,0,2,1,0,0,0.0,0,0,0,0.0,0.0,0.0,
925,Bryan Thomas,33,NYJ,LOLB,12,10,0.0,0.0,0.0,0.0,1,0,0,0,0,0,2.5,24,18,6,7.0,4.0,0.0,
926,Aubrayo Franklin,32,SDG,NT,12,9,0.0,0.0,0.0,0.0,0,0,0,0,0,0,0.0,20,16,4,0.0,0.0,0.0,
927,Lex Hilliard,28,NYJ,FB,12,9,0.0,0.0,0.0,0.0,0,1,0,2,7,0,0.0,7,7,0,0.0,0.0,0.0,
928,Ryan Mathews,25,SDG,RB,12,9,0.0,0.0,0.0,0.0,0,0,2,0,0,0,0.0,0,0,0,,,0.0,
929,Patrick Chung,25,NWE,FS,12,8,2.0,27.0,0.0,27.0,5,0,0,0,0,0,0.0,44,29,15,2.0,0.0,0.0,
930,Erik Coleman,30,DET,SS,12,7,1.0,0.0,0.0,0.0,3,0,0,0,0,0,0.0,47,32,15,0.0,2.0,0.0,
931,Abram Elam,31,KAN,FS,12,7,0.0,10.0,0.0,10.0,2,0,0,0,0,0,0.0,35,29,6,1.0,0.0,0.0,
932,Kyle Moore,26,BUF,RDE,12,7,0.0,0.0,0.0,0.0,0,0,0,0,0,0,3.0,24,14,10,3.0,9.0,0.0,
933,Jonathan Scott,29,CHI,RT,12,7,0.0,0.0,0.0,0.0,0,0,0,2,0,0,0.0,0,0,0,0.0,0.0,0.0,
934,Jayron Hosley,22,NYG,RCB,12,6,1.0,0.0,0.0,0.0,4,1,0,1,0,0,0.0,40,32,8,1.0,0.0,0.0,
935,Pernell McPhee,24,BAL,RDE,12,6,0.0,0.0,0.0,0.0,0,0,0,0,0,0,1.5,21,18,3,4.0,8.0,0.0,
936,Rocky Bernard,33,NYG,RDT,12,5,0.0,0.0,0.0,0.0,0,0,0,0,0,0,1.0,30,16,14,2.0,1.0,0.0,
937,Josh Brent,24,DAL,NT,12,5,0.0,0.0,0.0,0.0,1,1,0,0,0,0,1.5,22,13,9,,,0.0,
938,Evan Rodriguez,24,CHI,TE,12,5,0.0,0.0,0.0,0.0,0,0,0,0,0,0,0.0,1,1,0,0.0,0.0,0.0,
939,Alex Green,24,GNB,RB,12,4,0.0,0.0,0.0,0.0,0,0,1,0,0,0,0.0,0,0,0,,,0.0,
940,Eric Hagg,23,CLE,DB,12,4,0.0,0.0,0.0,0.0,1,0,0,0,0,0,0.0,22,20,2,0.0,1.0,0.0,
941,Rashean Mathis,32,JAX,DB,12,4,0.0,0.0,0.0,0.0,5,0,0,0,0,0,0.0,20,20,0,0.0,0.0,0.0,
942,Jermaine Cunningham,24,NWE,LB,12,3,0.0,0.0,0.0,0.0,0,0,0,2,0,0,2.5,24,16,8,3.0,6.0,0.0,
943,Early Doucet,27,ARI,WR,12,3,0.0,0.0,0.0,0.0,0,0,0,1,0,0,0.0,1,0,1,0.0,0.0,0.0,
944,Robert Johnson,25,TEN,DB,12,3,1.0,2.0,0.0,2.0,1,0,0,0,0,0,0.0,20,14,6,3.0,0.0,0.0,
945,Al Afalava,25,TEN,DB,12,2,1.0,0.0,0.0,0.0,1,0,0,0,0,0,0.0,16,8,8,0.0,0.0,0.0,
946,Kenrick Ellis,25,NYJ,DT,12,2,0.0,0.0,0.0,0.0,0,1,0,0,0,0,0.0,18,11,7,0.0,0.0,0.0,
947,Virgil Green,24,DEN,TE,12,2,0.0,0.0,0.0,0.0,0,0,0,0,0,0,0.0,3,3,0,0.0,0.0,0.0,
948,Brice McCain,26,HOU,DB,12,2,1.0,86.0,0.0,86.0,8,0,0,0,0,0,0.5,24,20,4,0.0,2.0,0.0,
949,Eric Smith,29,NYJ,DB,12,2,1.0,5.0,0.0,5.0,4,0,0,1,0,0,0.0,16,12,4,1.0,2.0,0.0,
950,Tim Tebow,25,NYJ,QB,12,2,0.0,0.0,0.0,0.0,0,0,0,0,0,0,0.0,2,1,1,0.0,0.0,0.0,
951,Marcus Trufant,32,SEA,DB,12,2,0.0,0.0,0.0,0.0,2,1,0,1,0,0,0.0,34,24,10,0.0,0.0,0.0,
952,Mario Addison,25,3TM,LDE,12,1,0.0,0.0,0.0,0.0,0,1,0,0,0,0,1.0,10,8,2,0.0,1.0,0.0,
952,Mario Addison,25,IND,LB,3,0,,,,,0,0,0,0,0,0,,2,2,0,0.0,0.0,,
952,Mario Addison,25,WAS,LB,5,0,,,,,0,0,0,0,0,0,,3,1,2,0.0,0.0,,
952,Mario Addison,25,CAR,LDE,4,1,0.0,0.0,0.0,0.0,0,1,0,0,0,0,1.0,5,5,0,0.0,1.0,0.0,
953,Ramses Barden,26,NYG,WR,12,1,0.0,0.0,0.0,0.0,0,0,0,0,0,0,0.0,1,0,1,0.0,0.0,0.0,
954,Junior Galette,24,NOR,DE,12,1,0.0,0.0,0.0,0.0,0,1,0,0,0,0,5.0,20,17,3,6.0,9.0,0.0,
955,Jonathon Amaya,24,MIA,DB,12,0,0.0,0.0,0.0,0.0,0,0,0,0,0,0,0.0,8,6,2,0.0,0.0,0.0,
956,Patrick Bailey,27,TEN,LB,12,0,0.0,0.0,0.0,0.0,0,0,0,0,0,0,0.0,8,6,2,0.0,0.0,0.0,
957,Brandon Banks,25,WAS,WR,12,0,0.0,0.0,0.0,0.0,0,0,4,3,5,0,0.0,0,0,0,,,0.0,
958,Baron Batch,25,PIT,RB,12,0,0.0,0.0,0.0,0.0,0,0,0,0,0,0,0.0,4,4,0,0.0,0.0,0.0,
959,Andre Carter,33,OAK,DE,12,0,0.0,0.0,0.0,0.0,0,1,0,0,0,0,2.5,19,13,6,5.0,7.0,0.0,
960,Tashard Choice,28,BUF,RB,12,0,0.0,0.0,0.0,0.0,0,0,0,0,0,0,0.0,1,1,0,0.0,0.0,0.0,
961,Kevin Cone,24,ATL,WR,12,0,0.0,0.0,0.0,0.0,0,0,0,0,0,0,0.0,3,3,0,0.0,0.0,0.0,
962,Juron Criner,23,OAK,WR,12,0,0.0,0.0,0.0,0.0,0,0,1,1,0,0,0.0,0,0,0,0.0,0.0,0.0,
963,Quintin Demps,27,HOU,DB,12,0,0.0,0.0,0.0,0.0,5,0,0,1,0,0,0.0,36,27,9,2.0,0.0,0.0,
964,Demarcus Dobbs,25,SFO,DE,12,0,0.0,0.0,0.0,0.0,0,0,0,0,0,0,0.0,5,3,2,0.0,0.0,0.0,
965,Lance Dunbar,22,DAL,RB,12,0,0.0,0.0,0.0,0.0,0,0,1,0,0,0,0.0,8,6,2,0.0,0.0,0.0,
966,Mike Goodson,25,OAK,RB,12,0,0.0,0.0,0.0,0.0,0,0,0,0,0,0,0.0,2,2,0,0.0,0.0,0.0,
967,Justin Hickman,27,IND,LB,12,0,0.0,0.0,0.0,0.0,0,0,0,0,0,0,0.0,12,7,5,2.0,1.0,0.0,
968,Will Hill,22,NYG,DB,12,0,0.0,0.0,0.0,0.0,2,1,0,1,0,0,0.0,38,29,9,2.0,0.0,0.0,
969,Corvey Irvin,27,TAM,DT,12,0,0.0,0.0,0.0,0.0,0,0,0,0,0,0,0.0,6,3,3,0.0,1.0,0.0,
970,Jason Jones,26,SEA,DE,12,0,0.0,0.0,0.0,0.0,4,0,0,1,3,0,3.0,10,7,3,2.0,5.0,0.0,
971,Sherrod Martin,28,CAR,DB,12,0,0.0,0.0,0.0,0.0,3,1,0,0,0,0,0.0,23,20,3,0.0,0.0,0.0,
972,Sherrick McManis,25,CHI,DB,12,0,0.0,0.0,0.0,0.0,0,0,0,1,0,0,0.0,7,4,3,0.0,0.0,0.0,
973,Mike Nugent,30,CIN,K,12,0,0.0,0.0,0.0,0.0,0,0,0,0,0,0,0.0,1,1,0,0.0,0.0,0.0,
974,Kheeston Randall,23,MIA,DT,12,0,0.0,0.0,0.0,0.0,0,0,0,0,0,0,0.0,8,6,2,0.0,0.0,0.0,
975,Darian Stewart,24,STL,DB,12,0,0.0,0.0,0.0,0.0,0,0,0,0,0,0,0.0,10,10,0,0.0,0.0,0.0,
976,Darrell Stuckey,25,SDG,DB,12,0,0.0,0.0,0.0,0.0,0,2,0,2,5,0,0.0,12,10,2,0.0,0.0,0.0,
977,Daniel Thomas,25,MIA,RB,12,0,0.0,0.0,0.0,0.0,0,0,3,1,0,0,0.0,0,0,0,0.0,0.0,0.0,
978,Raymond Ventrone,30,CLE,DB,12,0,0.0,0.0,0.0,0.0,0,0,0,0,0,0,0.0,6,4,2,0.0,0.0,0.0,
979,Al Woods,25,PIT,DE,12,0,0.0,0.0,0.0,0.0,0,0,0,0,0,0,0.0,3,1,2,0.0,0.0,0.0,
980,Atari Bigby,31,SDG,SS,11,11,0.0,0.0,0.0,0.0,3,0,0,1,0,0,0.0,68,49,19,2.0,1.0,0.0,
981,Bruce Carter,24,DAL,LILB,11,11,0.0,0.0,0.0,0.0,2,0,0,0,0,0,0.0,70,51,19,9.0,2.0,0.0,
982,Willie Colon,29,PIT,LG,11,11,0.0,0.0,0.0,0.0,0,0,0,1,0,0,0.0,0,0,0,0.0,0.0,0.0,
983,Ron Edwards,33,CAR,RDT,11,11,0.0,0.0,0.0,0.0,0,0,0,0,0,0,1.0,14,7,7,1.0,1.0,0.0,
984,Rob Gronkowski,23,NWE,TE,11,11,0.0,0.0,0.0,0.0,0,0,1,0,0,0,0.0,0,0,0,0.0,0.0,0.0,PB
985,Joe Haden,23,CLE,LCB,11,11,3.0,64.0,0.0,50.0,11,1,0,0,0,0,0.0,51,40,11,0.0,0.0,0.0,
986,DeSean Jackson,26,PHI,WR,11,11,0.0,0.0,0.0,0.0,0,0,1,1,0,0,0.0,0,0,0,0.0,0.0,0.0,
987,Jake Locker,24,TEN,QB,11,11,0.0,0.0,0.0,0.0,0,0,4,0,-2,0,0.0,0,0,0,0.0,0.0,0.0,
988,Tom Zbikowski,27,IND,SS,11,11,1.0,20.0,0.0,20.0,4,0,1,0,0,0,1.0,38,27,11,2.0,1.0,0.0,
989,Jovan Belcher,25,KAN,LILB,11,10,0.0,0.0,0.0,0.0,1,0,0,0,0,0,0.0,38,33,5,2.0,0.0,0.0,
990,David Hawthorne,27,NOR,LLB,11,10,0.0,0.0,0.0,0.0,1,0,0,0,0,0,0.0,38,22,16,4.0,0.0,0.0,
991,Jonathan Vilma,30,NOR,RLB,11,10,1.0,18.0,1.0,18.0,2,0,0,0,0,0,1.0,37,20,17,5.0,2.0,0.0,
992,Aaron Williams,22,BUF,LCB,11,10,0.0,0.0,0.0,0.0,7,1,0,0,0,0,0.0,32,24,8,0.0,0.0,0.0,
993,Jacob Lacey,25,DET,RCB,11,9,1.0,10.0,0.0,10.0,4,0,0,0,0,0,0.0,36,30,6,3.0,0.0,0.0,
994,Rolando McClain,23,OAK,MLB,11,9,0.0,0.0,0.0,0.0,0,1,0,0,0,0,1.0,62,37,25,3.0,2.0,0.0,
995,Danny Amendola,27,STL,WR,11,8,0.0,0.0,0.0,0.0,0,0,3,0,0,0,0.0,0,0,0,0.0,0.0,0.0,
996,Austen Lane,25,JAX,RDE,11,7,0.0,0.0,0.0,0.0,0,1,0,0,0,0,2.0,32,22,10,1.0,9.0,0.0,
997,C.J. Wilson,25,GNB,RDE,11,7,0.0,0.0,0.0,0.0,1,0,0,0,0,0,2.5,24,15,9,3.0,4.0,0.0,
998,Keith Rivers,26,NYG,LLB,11,6,0.0,0.0,0.0,0.0,1,0,0,1,0,0,0.0,44,34,10,2.0,2.0,0.0,
999,Danny Watkins,28,PHI,RG,11,6,0.0,0.0,0.0,0.0,0,0,0,1,0,0,0.0,0,0,0,,,0.0,
1000,Eben Britton,25,JAX,LG,11,5,0.0,0.0,0.0,0.0,0,0,0,1,0,0,0.0,0,0,0,0.0,0.0,0.0,
1001,Riley Cooper,25,PHI,WR,11,5,0.0,0.0,0.0,0.0,0,0,0,0,0,0,0.0,1,1,0,0.0,0.0,0.0,
1002,Marvin Jones,22,CIN,WR,11,5,0.0,0.0,0.0,0.0,0,0,0,0,0,0,0.0,1,1,0,0.0,0.0,0.0,
1003,Darius Butler,26,IND,DB,11,4,4.0,101.0,2.0,51.0,7,1,0,1,0,0,0.0,31,22,9,0.0,0.0,0.0,
1004,Weslye Saunders,23,IND,TE,11,4,0.0,0.0,0.0,0.0,0,0,0,0,0,0,0.0,1,1,0,0.0,0.0,0.0,
1005,Pat Angerer,25,IND,LB,11,3,0.0,0.0,0.0,0.0,1,1,0,0,0,0,0.0,28,21,7,1.0,2.0,0.0,
1006,Orlando Scandrick,25,DAL,DB,11,3,0.0,0.0,0.0,0.0,4,0,0,0,0,0,0.0,21,16,5,2.0,0.0,0.0,
1007,Kyle Williams,24,SFO,WR,11,3,0.0,0.0,0.0,0.0,0,0,1,1,0,0,0.0,0,0,0,0.0,0.0,0.0,
1008,Nate Eachus,22,KAN,RB,11,2,0.0,0.0,0.0,0.0,0,0,0,0,0,0,0.0,2,2,0,0.0,0.0,0.0,
1009,Mario Haggan,32,STL,LB,11,2,0.0,0.0,0.0,0.0,0,1,0,1,0,0,1.0,13,11,2,1.0,1.0,0.0,
1010,Tysyn Hartman,23,KAN,DB,11,2,0.0,0.0,0.0,0.0,3,0,0,0,0,0,0.0,24,19,5,2.0,0.0,0.0,
1011,Brandon McDonald,27,TAM,DB,11,2,1.0,40.0,0.0,40.0,2,0,0,0,0,0,0.0,24,16,8,1.0,0.0,0.0,
1012,Andre Neblett,24,CAR,DT,11,2,0.0,0.0,0.0,0.0,0,0,0,0,0,0,0.5,7,5,2,0.0,2.0,0.0,
1013,Jalen Parmele,27,JAX,RB,11,2,0.0,0.0,0.0,0.0,0,0,0,0,0,0,0.0,5,4,1,0.0,0.0,0.0,
1014,Jimmy Smith,24,BAL,DB,11,2,0.0,0.0,0.0,0.0,3,0,0,0,0,0,0.0,34,30,4,1.0,0.0,0.0,
1015,Greg Toler,27,ARI,DB,11,2,2.0,102.0,1.0,102.0,9,0,0,0,0,0,0.0,27,26,1,1.0,0.0,0.0,
1016,Alan Ball,27,HOU,DB,11,1,0.0,0.0,0.0,0.0,3,1,0,0,0,0,0.0,21,18,3,0.0,0.0,0.0,
1017,Russ Hochstein,35,KAN,G,11,1,0.0,0.0,0.0,0.0,0,0,1,0,-4,0,0.0,0,0,0,,,0.0,
1018,Marvin Mitchell,28,MIN,LB,11,1,0.0,0.0,0.0,0.0,0,1,0,0,0,0,0.0,10,9,1,0.0,0.0,0.0,
1019,Mike Neal,25,GNB,LB,11,1,0.0,0.0,0.0,0.0,0,0,0,0,0,0,4.5,11,8,3,6.0,6.0,0.0,
1020,Tracy White,31,NWE,LB,11,1,0.0,0.0,0.0,0.0,0,0,0,0,0,0,0.0,11,7,4,0.0,1.0,0.0,
1021,Antwan Barnes,28,SDG,LB,11,0,0.0,0.0,0.0,0.0,0,1,0,2,1,0,3.0,9,7,2,4.0,4.0,0.0,
1022,Zackary Bowman,28,CHI,DB,11,0,0.0,0.0,0.0,0.0,2,0,1,2,1,1,0.0,11,10,1,1.0,0.0,0.0,
1023,Dorin Dickerson,24,BUF,TE,11,0,0.0,0.0,0.0,0.0,0,0,1,0,0,0,0.0,0,0,0,,,0.0,
1024,Kellen Heard,27,2TM,DT,11,0,0.0,0.0,0.0,0.0,0,0,0,0,0,0,0.0,6,5,1,3.0,1.0,0.0,
1024,Kellen Heard,27,STL,DT,8,0,0.0,0.0,0.0,0.0,0,0,0,0,0,0,0.0,5,4,1,2.0,0.0,0.0,
1024,Kellen Heard,27,IND,DT,3,0,0.0,0.0,0.0,0.0,0,0,0,0,0,0,0.0,1,1,0,1.0,1.0,0.0,
1025,Kendall Hunter,24,SFO,RB,11,0,0.0,0.0,0.0,0.0,0,0,1,0,0,0,0.0,0,0,0,,,0.0,
1026,Steven Johnson,24,DEN,LB,11,0,0.0,0.0,0.0,0.0,0,1,0,0,0,0,0.0,10,9,1,0.0,0.0,0.0,
1027,Tony McDaniel,27,MIA,DT,11,0,0.0,0.0,0.0,0.0,1,0,0,1,0,0,0.5,11,6,5,0.0,2.0,0.0,
1028,Aaron Morgan,24,2TM,LB,11,0,0.0,0.0,0.0,0.0,0,0,0,0,0,0,0.0,4,4,0,1.0,0.0,0.0,
1028,Aaron Morgan,24,JAX,LB,4,0,,,,,0,0,0,0,0,0,,2,2,0,1.0,0.0,,
1028,Aaron Morgan,24,TAM,LB,7,0,0.0,0.0,0.0,0.0,0,0,0,0,0,0,0.0,2,2,0,0.0,0.0,0.0,
1029,DeVier Posey,22,HOU,WR,11,0,0.0,0.0,0.0,0.0,0,0,0,0,0,0,0.0,6,2,4,0.0,0.0,0.0,
1030,Keenan Robinson,23,WAS,LB,11,0,0.0,0.0,0.0,0.0,0,0,0,0,0,0,0.0,11,9,2,0.0,0.0,0.0,
1031,Greg Scruggs,22,SEA,DE,11,0,0.0,0.0,0.0,0.0,1,0,0,0,0,0,2.0,6,5,1,1.0,6.0,0.0,
1032,Alfonso Smith,25,ARI,RB,11,0,0.0,0.0,0.0,0.0,0,0,0,0,0,0,0.0,2,2,0,0.0,0.0,0.0,
1033,Ben Tate,24,HOU,RB,11,0,0.0,0.0,0.0,0.0,0,0,1,0,0,0,0.0,0,0,0,,,0.0,
1034,Anthony Toribio,27,KAN,DT,11,0,0.0,0.0,0.0,0.0,0,0,0,0,0,0,0.0,5,4,1,0.0,0.0,0.0,
1035,LaQuan Williams,24,BAL,WR,11,0,0.0,0.0,0.0,0.0,0,0,0,0,0,0,0.0,5,4,1,0.0,0.0,0.0,
1036,Chris Cook,25,MIN,RCB,10,10,0.0,0.0,0.0,0.0,6,0,0,0,0,0,1.0,35,27,8,1.0,1.0,0.0,
1037,Vontae Davis,24,IND,RCB,10,10,3.0,26.0,0.0,26.0,7,0,0,0,0,0,1.0,51,46,5,4.0,1.0,0.0,
1038,Blaine Gabbert,23,JAX,QB,10,10,0.0,0.0,0.0,0.0,0,0,5,1,0,0,0.0,0,0,0,0.0,0.0,0.0,
1039,Pierre Garcon,26,WAS,WR,10,10,0.0,0.0,0.0,0.0,0,0,0,2,0,1,0.0,0,0,0,0.0,0.0,0.0,
1040,Aaron Hernandez,23,NWE,TE,10,10,0.0,0.0,0.0,0.0,0,0,0,1,0,0,0.0,0,0,0,0.0,0.0,0.0,
1041,DeMarco Murray,24,DAL,RB,10,10,0.0,0.0,0.0,0.0,0,0,3,1,0,0,0.0,0,0,0,0.0,0.0,0.0,
1042,Rodger Saffold,24,STL,LT,10,10,0.0,0.0,0.0,0.0,0,0,0,1,0,0,0.0,0,0,0,0.0,0.0,0.0,
1043,Michael Vick,32,PHI,QB,10,10,0.0,0.0,0.0,0.0,0,0,11,3,-25,0,0.0,0,0,0,0.0,0.0,0.0,
1044,Eric Wright,27,TAM,RCB,10,10,1.0,60.0,1.0,60.0,7,0,0,1,0,0,0.0,38,33,5,0.0,0.0,0.0,
1045,Willis McGahee,31,DEN,RB,10,9,0.0,0.0,0.0,0.0,0,0,5,1,0,0,0.0,0,0,0,0.0,0.0,0.0,
1046,Alex Smith,28,SFO,QB,10,9,0.0,0.0,0.0,0.0,0,0,4,2,-2,0,0.0,0,0,0,0.0,0.0,0.0,
1047,Fred Jackson,31,BUF,RB,10,8,0.0,0.0,0.0,0.0,0,0,5,0,0,0,0.0,0,0,0,0.0,0.0,0.0,
1048,James-Michael Johnson,23,CLE,LLB,10,8,0.0,0.0,0.0,0.0,0,0,0,0,0,0,0.0,35,19,16,2.0,0.0,0.0,
1049,Corey Peters,24,ATL,LDT,10,8,0.0,0.0,0.0,0.0,1,1,0,0,0,0,0.0,15,11,4,0.0,0.0,0.0,
1050,Brady Quinn,28,KAN,QB,10,8,0.0,0.0,0.0,0.0,0,0,1,1,0,0,0.0,0,0,0,,,0.0,
1051,Sam Shields,25,GNB,RCB,10,8,3.0,32.0,0.0,32.0,10,0,1,1,0,0,1.0,28,23,5,1.0,1.0,0.0,
1052,Alfonzo Dennard,23,NWE,RCB,10,7,3.0,95.0,1.0,87.0,8,1,0,0,0,0,0.0,35,34,1,2.0,0.0,0.0,
1053,Chad Henne,27,JAX,QB,10,6,0.0,0.0,0.0,0.0,0,0,4,2,-2,0,0.0,0,0,0,0.0,0.0,0.0,
1054,Rashad Jennings,27,JAX,RB,10,6,0.0,0.0,0.0,0.0,0,0,3,0,0,0,0.0,0,0,0,0.0,0.0,0.0,
1055,Sean Lissemore,25,DAL,NT,10,6,0.0,0.0,0.0,0.0,0,0,0,0,0,0,1.0,35,15,20,1.0,2.0,0.0,
1056,Ricardo Silva,24,DET,FS,10,6,1.0,26.0,0.0,26.0,3,0,0,1,0,0,0.0,40,31,9,0.0,0.0,0.0,
1057,Ernie Sims,28,DAL,RILB,10,6,0.0,0.0,0.0,0.0,0,0,0,0,0,0,1.0,44,27,17,0.0,2.0,0.0,
1058,Chris Spencer,30,CHI,LG,10,5,0.0,0.0,0.0,0.0,0,0,0,1,0,0,0.0,0,0,0,0.0,0.0,0.0,
1059,Aqib Talib,26,2TM,LCB,10,9,2.0,59.0,1.0,59.0,10,0,0,1,5,0,0.0,40,33,7,1.0,0.0,0.0,
1059,Aqib Talib,26,TAM,DB,4,4,1.0,0.0,0.0,0.0,8,0,0,0,0,0,0.0,21,20,1,1.0,0.0,0.0,
1059,Aqib Talib,26,NWE,LCB,6,5,1.0,59.0,1.0,59.0,2,0,0,1,5,0,0.0,19,13,6,0.0,0.0,0.0,
1060,Steve Breaston,29,KAN,WR,10,4,0.0,0.0,0.0,0.0,0,0,1,1,0,0,0.0,0,0,0,0.0,0.0,0.0,
1061,Corey White,22,NOR,DB,10,4,1.0,0.0,0.0,0.0,3,0,0,0,0,0,0.0,31,25,6,1.0,3.0,0.0,
1062,Josh Bynes,23,BAL,LB,10,3,0.0,0.0,0.0,0.0,1,0,0,0,0,0,0.0,34,19,15,1.0,1.0,0.0,
1063,Tashaun Gipson,22,CLE,DB,10,3,1.0,23.0,0.0,23.0,1,0,0,0,0,0,0.0,33,26,7,0.0,0.0,0.0,
1064,William Middleton,26,JAX,DB,10,3,0.0,0.0,0.0,0.0,1,0,0,0,0,0,0.0,20,15,5,0.0,0.0,0.0,
1065,Mistral Raymond,25,MIN,DB,10,3,0.0,0.0,0.0,0.0,1,0,0,0,0,0,0.0,16,14,2,0.0,0.0,0.0,
1066,Jacquian Williams,24,NYG,LB,10,3,0.0,0.0,0.0,0.0,2,0,0,0,0,0,1.0,30,21,9,1.0,1.0,0.0,
1067,Andre Brown,26,NYG,RB,10,2,0.0,0.0,0.0,0.0,0,0,0,1,1,0,0.0,1,1,0,0.0,0.0,0.0,
1068,Owen Marecic,24,CLE,RB,10,2,0.0,0.0,0.0,0.0,0,0,0,0,0,0,0.0,1,1,0,0.0,0.0,0.0,
1069,Eddie Royal,26,SDG,WR,10,2,0.0,0.0,0.0,0.0,0,0,1,0,0,0,0.0,0,0,0,0.0,0.0,0.0,
1070,DeAngelo Tyson,23,BAL,DT,10,2,0.0,0.0,0.0,0.0,2,0,0,0,0,0,0.0,11,3,8,0.0,1.0,0.0,
1071,Allen Bailey,23,KAN,DE,10,1,0.0,0.0,0.0,0.0,0,0,0,1,1,0,0.0,5,3,2,0.0,0.0,0.0,
1072,Curtis Brinkley,27,SDG,RB,10,1,0.0,0.0,0.0,0.0,0,0,1,1,0,0,0.0,0,0,0,0.0,0.0,0.0,
1073,Michael Coe,29,2TM,DB,10,1,0.0,0.0,0.0,0.0,2,0,0,1,0,0,0.0,14,12,2,1.0,0.0,0.0,
1073,Michael Coe,29,NYG,DB,7,1,0.0,0.0,0.0,0.0,2,0,0,1,0,0,0.0,13,11,2,1.0,0.0,0.0,
1073,Michael Coe,29,DAL,DB,3,0,0.0,0.0,0.0,0.0,0,0,0,0,0,0,0.0,1,1,0,0.0,0.0,0.0,
1074,Markus Kuhn,26,NYG,DT,10,1,0.0,0.0,0.0,0.0,4,0,0,0,0,0,0.0,8,4,4,0.0,0.0,0.0,
1075,Shawne Merriman,28,BUF,LB,10,1,0.0,0.0,0.0,0.0,1,0,0,0,0,0,1.0,17,11,6,4.0,3.0,0.0,
1076,Mike Rivera,26,NWE,LB,10,1,0.0,0.0,0.0,0.0,0,0,0,0,0,0,0.0,9,6,3,0.0,0.0,0.0,
1077,Maurice Stovall,27,JAX,WR,10,1,,,,,0,0,0,0,0,0,,1,1,0,0.0,0.0,,
1078,Brandon Bolden,22,NWE,RB,10,0,0.0,0.0,0.0,0.0,0,0,0,0,0,0,0.0,5,5,0,0.0,0.0,0.0,
1079,Da'Quan Bowers,22,TAM,DE,10,0,0.0,0.0,0.0,0.0,1,0,0,0,0,0,3.0,13,10,3,6.0,7.0,0.0,
1080,Jarrett Boykin,23,GNB,WR,10,0,0.0,0.0,0.0,0.0,0,0,0,0,0,0,0.0,3,2,1,0.0,0.0,0.0,
1081,Ron Brace,26,NWE,DT,10,0,0.0,0.0,0.0,0.0,0,0,0,0,0,0,0.0,4,2,2,1.0,0.0,0.0,
1082,Delone Carter,25,IND,RB,10,0,0.0,0.0,0.0,0.0,0,0,1,0,0,0,0.0,1,0,1,0.0,0.0,0.0,
1083,Nate Chandler,23,CAR,DT,10,0,0.0,0.0,0.0,0.0,1,0,0,1,0,0,0.0,6,4,2,0.0,2.0,0.0,
1084,Richard Crawford,22,WAS,DB,10,0,1.0,12.0,0.0,12.0,2,0,0,1,10,0,0.0,18,13,5,0.0,1.0,0.0,
1085,Justin Francis,23,NWE,DE,10,0,0.0,0.0,0.0,0.0,0,0,0,0,0,0,3.0,10,7,3,4.0,7.0,0.0,
1086,Cyrus Gray,23,KAN,RB,10,0,0.0,0.0,0.0,0.0,0,0,0,0,0,0,0.0,3,2,1,0.0,0.0,0.0,
1087,Jamie Harper,23,TEN,RB,10,0,0.0,0.0,0.0,0.0,0,0,0,0,0,0,0.0,2,2,0,0.0,0.0,0.0,
1088,Cliff Matthews,23,ATL,DE,10,0,0.0,0.0,0.0,0.0,0,0,0,0,0,0,0.0,6,6,0,0.0,0.0,0.0,
1089,Charles Mitchell,23,ATL,DB,10,0,0.0,0.0,0.0,0.0,0,0,0,0,0,0,0.0,2,1,1,0.0,0.0,0.0,
1090,Lawrence Sidbury,26,ATL,DE,10,0,0.0,0.0,0.0,0.0,0,0,0,0,0,0,0.0,1,0,1,0.0,0.0,0.0,
1091,Mana Silva,24,2TM,DB,10,0,0.0,0.0,0.0,0.0,0,0,0,0,0,0,0.0,4,4,0,0.0,0.0,0.0,
1091,Mana Silva,24,DAL,DB,3,0,0.0,0.0,0.0,0.0,0,0,0,0,0,0,0.0,2,2,0,0.0,0.0,0.0,
1091,Mana Silva,24,BUF,DB,7,0,0.0,0.0,0.0,0.0,0,0,0,0,0,0,0.0,2,2,0,0.0,0.0,0.0,
1092,Stevenson Sylvester,24,PIT,LB,10,0,0.0,0.0,0.0,0.0,0,0,0,0,0,0,0.0,1,1,0,0.0,0.0,0.0,
1093,Kyle Wilber,23,DAL,LB,10,0,0.0,0.0,0.0,0.0,0,0,0,0,0,0,0.0,5,4,1,0.0,0.0,0.0,
1094,Mike Windt,26,SDG,LS,10,0,0.0,0.0,0.0,0.0,0,0,0,0,0,0,0.0,3,3,0,0.0,0.0,0.0,
1095,Shareece Wright,25,SDG,DB,10,0,0.0,0.0,0.0,0.0,2,1,0,0,0,0,0.0,17,17,0,1.0,0.0,0.0,
1096,Chris Canty,30,NYG,RDT,9,9,0.0,0.0,0.0,0.0,0,0,0,0,0,0,3.0,26,20,6,5.0,6.0,0.0,
1097,Kendrick Lewis,24,KAN,FS,9,9,0.0,0.0,0.0,0.0,1,0,0,0,0,0,0.0,26,24,2,0.0,0.0,0.0,
1098,Dwight Lowery,26,JAX,FS,9,9,1.0,21.0,0.0,21.0,4,0,0,1,0,0,0.0,31,26,5,1.0,0.0,0.0,
1099,O'Brien Schofield,25,ARI,ROLB,9,9,0.0,0.0,0.0,0.0,0,0,0,0,0,0,4.0,34,26,8,6.0,9.0,0.0,
1100,Matt Cassel,30,KAN,QB,9,8,0.0,0.0,0.0,0.0,0,0,9,1,-8,0,0.0,0,0,0,0.0,0.0,0.0,
1101,Percy Harvin,24,MIN,WR,9,8,0.0,0.0,0.0,0.0,0,0,2,2,0,0,0.0,0,0,0,0.0,0.0,0.0,
1102,Chilo Rachal,26,CHI,LG,9,8,0.0,0.0,0.0,0.0,0,0,0,1,0,0,0.0,0,0,0,0.0,0.0,0.0,
1103,Willie Smith,26,OAK,RT,9,7,0.0,0.0,0.0,0.0,0,0,0,1,0,0,0.0,0,0,0,0.0,0.0,0.0,
1104,Don Carey,25,DET,SS,9,6,2.0,51.0,0.0,28.0,5,0,0,0,0,0,0.0,39,29,10,2.0,1.0,0.0,
1105,Jonathan Stewart,25,CAR,RB,9,6,0.0,0.0,0.0,0.0,0,0,2,1,0,0,0.0,0,0,0,0.0,0.0,0.0,
1106,Quincy Black,28,TAM,LLB,9,5,0.0,0.0,0.0,0.0,0,0,0,2,0,0,0.0,35,28,7,3.0,0.0,0.0,
1107,Davon House,23,GNB,DB,9,5,0.0,0.0,0.0,0.0,5,0,0,0,0,0,1.0,26,20,6,1.0,1.0,0.0,
1108,Mohamed Massaquoi,26,CLE,WR,9,5,0.0,0.0,0.0,0.0,0,0,0,1,0,0,0.0,0,0,0,0.0,0.0,0.0,
1109,Ray Edwards,27,ATL,DE,9,4,0.0,0.0,0.0,0.0,0,0,0,2,26,0,0.0,9,6,3,2.0,2.0,0.0,
1110,Chris Kelsay,33,BUF,DE,9,4,0.0,0.0,0.0,0.0,0,0,0,0,0,0,2.0,14,12,2,4.0,2.0,1.0,
1111,Dimitri Patterson,29,2TM,DB,9,6,0.0,0.0,0.0,0.0,5,0,0,0,0,0,0.0,33,30,3,0.0,1.0,0.0,
1111,Dimitri Patterson,29,CLE,DB,7,4,0.0,0.0,0.0,0.0,5,0,0,0,0,0,0.0,28,25,3,0.0,1.0,0.0,
1111,Dimitri Patterson,29,MIA,DB,2,2,0.0,0.0,0.0,0.0,0,0,0,0,0,0,0.0,5,5,0,0.0,0.0,0.0,
1112,Julian Edelman,26,NWE,WR,9,3,0.0,0.0,0.0,0.0,0,1,1,1,22,1,0.0,2,2,0,0.0,0.0,0.0,
1113,Drake Nevis,23,IND,DT,9,3,0.0,0.0,0.0,0.0,0,0,0,0,0,0,1.0,16,7,9,2.0,2.0,0.0,
1114,Mohamed Sanu,23,CIN,WR,9,3,0.0,0.0,0.0,0.0,0,0,0,0,0,0,0.0,2,1,1,0.0,0.0,0.0,
1115,Ron Brooks,24,BUF,DB,9,2,0.0,0.0,0.0,0.0,4,0,0,0,0,0,0.0,20,18,2,0.0,0.0,0.0,
1116,Cedric Griffin,30,WAS,DB,9,2,0.0,0.0,0.0,0.0,5,1,0,0,0,0,0.0,33,25,8,1.0,0.0,0.0,
1117,Lawrence Guy,22,IND,DE,9,2,0.0,0.0,0.0,0.0,0,0,0,0,0,0,1.0,18,12,6,2.0,2.0,0.0,
1118,Brit Miller,26,STL,LB,9,1,0.0,0.0,0.0,0.0,0,0,1,1,0,0,0.0,1,1,0,0.0,0.0,0.0,
1119,Barrett Ruud,29,HOU,LB,9,1,0.0,0.0,0.0,0.0,1,0,0,0,0,0,1.0,16,12,4,1.0,1.0,0.0,
1120,Isaiah Trufant,30,NYJ,DB,9,1,0.0,0.0,0.0,0.0,2,0,0,0,0,0,0.0,16,13,3,2.0,1.0,0.0,
1121,Joe Adams,23,CAR,WR,9,0,0.0,0.0,0.0,0.0,0,0,4,1,0,0,0.0,0,0,0,0.0,0.0,0.0,
1122,Chris Carr,29,SDG,DB,9,0,0.0,0.0,0.0,0.0,0,0,0,0,0,0,0.0,4,3,1,0.0,0.0,0.0,
1123,Nate Collins,25,CHI,DT,9,0,0.0,0.0,0.0,0.0,1,0,0,0,0,0,0.0,11,6,5,1.0,1.0,0.0,
1124,Tommy Gallarda,24,ATL,TE,9,0,0.0,0.0,0.0,0.0,0,0,0,0,0,0,0.0,2,1,1,0.0,0.0,0.0,
1125,Cody Grimm,25,TAM,DB,9,0,0.0,0.0,0.0,0.0,0,0,0,0,0,0,0.0,5,3,2,0.0,0.0,0.0,
1126,Clark Haggans,35,SFO,LB,9,0,0.0,0.0,0.0,0.0,0,0,0,0,0,0,0.0,2,2,0,0.0,0.0,0.0,
1127,Jerrel Jernigan,23,NYG,WR,9,0,0.0,0.0,0.0,0.0,0,0,1,0,0,0,0.0,1,1,0,0.0,0.0,0.0,
1128,Emmanuel Lamur,23,CIN,LB,9,0,0.0,0.0,0.0,0.0,1,0,0,0,0,0,0.0,19,10,9,1.0,0.0,0.0,
1129,Byron Maxwell,24,SEA,DB,9,0,0.0,0.0,0.0,0.0,2,1,0,1,11,0,0.0,14,10,4,0.0,0.0,0.0,
1130,Mewelde Moore,30,IND,RB,9,0,0.0,0.0,0.0,0.0,0,0,1,0,0,0,0.0,1,0,1,0.0,0.0,0.0,
1131,Amobi Okoye,25,CHI,DT,9,0,0.0,0.0,0.0,0.0,0,1,0,0,0,0,1.0,12,9,3,2.0,3.0,0.0,
1132,Jerrell Powe,25,KAN,DT,9,0,0.0,0.0,0.0,0.0,0,0,0,0,0,0,0.0,6,5,1,1.0,0.0,0.0,
1133,George Selvie,25,JAX,DE,9,0,0.0,0.0,0.0,0.0,0,0,0,0,0,0,1.0,15,10,5,2.0,3.0,0.0,
1134,Keith Tandy,23,TAM,DB,9,0,0.0,0.0,0.0,0.0,0,0,0,0,0,0,0.0,3,3,0,0.0,0.0,0.0,
1135,Neiko Thorpe,22,KAN,DB,9,0,0.0,0.0,0.0,0.0,0,0,0,0,0,0,0.0,5,5,0,0.0,0.0,0.0,
1136,DeMarcus Van Dyke,23,PIT,DB,9,0,0.0,0.0,0.0,0.0,0,0,0,0,0,0,0.0,3,1,2,0.0,0.0,0.0,
1137,Jamaal Westerman,27,2TM,DE,9,0,0.0,0.0,0.0,0.0,0,0,0,0,0,0,1.0,4,4,0,1.0,1.0,0.0,
1137,Jamaal Westerman,27,ARI,DE,5,0,,,,,0,0,0,0,0,0,,1,1,0,0.0,0.0,,
1137,Jamaal Westerman,27,IND,DE,4,0,0.0,0.0,0.0,0.0,0,0,0,0,0,0,1.0,3,3,0,1.0,1.0,0.0,
1138,Ryan Whalen,23,CIN,WR,9,0,0.0,0.0,0.0,0.0,0,0,0,0,0,0,0.0,5,1,4,0.0,0.0,0.0,
1139,Tracy Wilson,23,TEN,DB,9,0,0.0,0.0,0.0,0.0,0,0,0,0,0,0,0.0,4,4,0,0.0,0.0,0.0,
1140,Louis Delmas,25,DET,FS,8,8,1.0,0.0,0.0,0.0,2,0,0,0,0,0,0.0,38,28,10,3.0,1.0,0.0,
1141,Todd Herremans,30,PHI,RT,8,8,0.0,0.0,0.0,0.0,0,0,0,1,0,0,0.0,0,0,0,0.0,0.0,0.0,
1142,Fili Moala,27,IND,RDE,8,8,0.0,0.0,0.0,0.0,1,0,0,0,0,0,0.0,14,2,12,2.0,4.0,0.0,
1143,Jerraud Powers,25,IND,RCB,8,8,1.0,0.0,0.0,0.0,8,0,0,0,0,0,0.0,40,33,7,2.0,0.0,0.0,
1144,Richard Seymour,33,OAK,LDT,8,8,0.0,0.0,0.0,0.0,2,0,0,1,0,0,3.0,15,12,3,4.0,4.0,0.0,
1145,Terrell Suggs,30,BAL,ROLB,8,8,0.0,0.0,0.0,0.0,4,0,0,0,0,0,2.0,22,17,5,3.0,5.0,0.0,
1146,Phil Taylor,24,CLE,RDT,8,7,0.0,0.0,0.0,0.0,0,0,0,1,0,0,1.0,14,12,2,2.0,2.0,0.0,
1147,Beanie Wells,24,ARI,RB,8,7,0.0,0.0,0.0,0.0,0,0,1,0,0,0,0.0,0,0,0,,,0.0,
1148,Knowshon Moreno,25,DEN,RB,8,6,0.0,0.0,0.0,0.0,0,0,1,0,0,0,0.0,0,0,0,,,0.0,
1149,Armon Binns,23,CIN,WR,8,5,0.0,0.0,0.0,0.0,0,0,1,0,0,0,0.0,0,0,0,0.0,0.0,0.0,
1150,Matt Hasselbeck,37,TEN,QB,8,5,0.0,0.0,0.0,0.0,0,0,3,2,-4,0,0.0,0,0,0,0.0,0.0,0.0,
1151,Frank Kearse,24,CAR,DT,8,4,0.0,0.0,0.0,0.0,0,0,0,0,0,0,1.0,13,8,5,1.0,1.0,0.0,
1152,Chris Carter,23,PIT,LB,8,3,0.0,0.0,0.0,0.0,1,0,0,0,0,0,0.0,8,3,5,0.0,0.0,0.0,
1153,Drayton Florence,32,DET,DB,8,3,1.0,29.0,0.0,29.0,7,0,0,0,0,0,0.0,19,17,2,2.0,2.0,0.0,
1154,Arrelious Benn,24,TAM,WR,8,1,0.0,0.0,0.0,0.0,0,0,1,0,0,0,0.0,7,7,0,1.0,0.0,0.0,
1155,Marvin Austin,23,NYG,DT,8,0,0.0,0.0,0.0,0.0,0,0,0,0,0,0,0.0,8,5,3,0.0,0.0,0.0,
1156,Andre Caldwell,27,DEN,WR,8,0,0.0,0.0,0.0,0.0,0,0,0,0,0,0,0.0,1,1,0,0.0,0.0,0.0,
1157,John Chick,30,JAX,DE,8,0,0.0,0.0,0.0,0.0,1,0,0,1,0,0,0.0,2,2,0,0.0,1.0,0.0,
1158,Jacob Cutrera,24,TAM,LB,8,0,0.0,0.0,0.0,0.0,0,1,0,0,0,0,0.0,3,2,1,0.0,0.0,0.0,
1159,Antonio Garay,33,SDG,DE,8,0,0.0,0.0,0.0,0.0,0,0,0,0,0,0,1.0,16,7,9,1.0,3.0,0.0,
1160,Clifton Geathers,25,IND,DE,8,0,0.0,0.0,0.0,0.0,0,0,0,0,0,0,1.0,5,3,2,2.0,1.0,0.0,
1161,Travis Goethel,25,OAK,LB,8,0,0.0,0.0,0.0,0.0,0,0,2,0,-20,0,0.0,2,1,1,0.0,0.0,0.0,
1162,Brandon Harris,22,HOU,DB,8,0,0.0,0.0,0.0,0.0,3,0,0,0,0,0,0.0,14,10,4,0.0,0.0,0.0,
1163,LeQuan Lewis,23,2TM,DB,8,0,1.0,0.0,0.0,0.0,2,0,0,0,0,0,0.0,6,5,1,0.0,0.0,0.0,
1163,LeQuan Lewis,23,DAL,DB,3,0,0.0,0.0,0.0,0.0,1,0,0,0,0,0,0.0,1,1,0,0.0,0.0,0.0,
1163,LeQuan Lewis,23,TAM,DB,5,0,1.0,0.0,0.0,0.0,1,0,0,0,0,0,0.0,5,4,1,0.0,0.0,0.0,
1164,Myron Lewis,25,TAM,DB,8,0,0.0,0.0,0.0,0.0,0,0,0,0,0,0,0.0,6,6,0,0.0,0.0,0.0,
1165,Ronnell Lewis,22,DET,LB,8,0,0.0,0.0,0.0,0.0,0,0,0,0,0,0,0.0,2,2,0,0.0,0.0,0.0,
1166,Jonathan Massaquoi,24,ATL,DE,8,0,0.0,0.0,0.0,0.0,0,0,0,0,0,0,0.0,2,2,0,0.0,0.0,0.0,
1167,Aaron Maybin,24,NYJ,DE,8,0,0.0,0.0,0.0,0.0,0,0,0,0,0,0,0.0,1,1,0,0.0,1.0,0.0,
1168,Bryan McCann,25,MIA,DB,8,0,0.0,0.0,0.0,0.0,1,0,0,0,0,0,1.0,10,10,0,1.0,1.0,0.0,
1169,Zack Nash,23,ARI,TE,8,0,0.0,0.0,0.0,0.0,0,0,0,0,0,0,0.0,3,2,1,0.0,0.0,0.0,
1170,Jake O'Connell,27,KAN,TE,8,0,0.0,0.0,0.0,0.0,0,0,0,0,0,0,0.0,1,1,0,0.0,0.0,0.0,
1171,Ben Obomanu,29,SEA,WR,8,0,0.0,0.0,0.0,0.0,0,0,0,0,0,0,0.0,3,2,1,0.0,0.0,0.0,
1172,Kealoha Pilares,24,CAR,WR,8,0,0.0,0.0,0.0,0.0,0,0,0,0,0,0,0.0,3,2,1,0.0,0.0,0.0,
1173,Pat Sims,27,CIN,DT,8,0,1.0,3.0,0.0,3.0,1,0,0,0,0,0,0.0,17,12,5,2.0,0.0,0.0,
1174,D'Anthony Smith,24,JAX,DT,8,0,0.0,0.0,0.0,0.0,0,0,0,0,0,0,0.0,9,5,4,0.0,1.0,0.0,
1175,Shaun Smith,31,KAN,DE,8,0,0.0,0.0,0.0,0.0,0,0,0,0,0,0,0.0,11,9,2,1.0,0.0,0.0,
1176,Emmanuel Stephens,25,CLE,DE,8,0,0.0,0.0,0.0,0.0,0,1,0,0,0,0,1.0,9,8,1,0.0,1.0,0.0,
1177,Devon Still,23,CIN,DT,8,0,0.0,0.0,0.0,0.0,0,1,0,0,0,0,0.5,14,5,9,1.0,1.0,0.0,
1178,James Carpenter,23,SEA,LG,7,7,0.0,0.0,0.0,0.0,0,0,0,0,0,0,0.0,1,1,0,,,0.0,
1179,Colin McCarthy,23,TEN,MLB,7,7,1.0,49.0,1.0,49.0,1,0,0,0,0,0,0.0,38,25,13,3.0,0.0,0.0,
1180,Troy Polamalu,31,PIT,SS,7,7,1.0,1.0,0.0,1.0,3,0,0,0,0,0,1.0,34,29,5,1.0,1.0,0.0,
1181,Stanford Routt,29,KAN,RCB,7,7,2.0,49.0,0.0,32.0,4,1,0,0,0,0,0.0,21,19,2,0.0,0.0,0.0,
1182,Jake Scott,31,PHI,RG,7,7,0.0,0.0,0.0,0.0,0,0,0,1,0,0,0.0,0,0,0,0.0,0.0,0.0,
1183,Scott Wells,31,STL,C,7,7,0.0,0.0,0.0,0.0,0,0,1,0,0,0,0.0,0,0,0,,,0.0,
1184,Charles Woodson,36,GNB,SS,7,7,1.0,0.0,0.0,0.0,5,1,0,0,0,0,1.5,38,25,13,1.0,2.0,0.0,
1185,Ron Bartell,30,2TM,DB,7,7,0.0,0.0,0.0,0.0,5,0,0,0,0,0,0.0,27,20,7,0.0,1.0,0.0,
1185,Ron Bartell,30,OAK,RCB,6,6,0.0,0.0,0.0,0.0,4,0,0,0,0,0,0.0,18,14,4,0.0,1.0,0.0,
1185,Ron Bartell,30,DET,DB,1,1,0.0,0.0,0.0,0.0,1,0,0,0,0,0,0.0,9,6,3,0.0,0.0,0.0,
1186,Nick Foles,23,PHI,QB,7,6,0.0,0.0,0.0,0.0,0,0,8,2,-18,0,0.0,0,0,0,0.0,0.0,0.0,
1187,Kenny Phillips,26,NYG,SS,7,6,0.0,0.0,0.0,0.0,3,0,0,0,0,0,0.0,24,18,6,0.0,0.0,0.0,
1188,Scott Shanle,33,NOR,LLB,7,6,0.0,0.0,0.0,0.0,1,0,0,0,0,0,0.5,21,12,9,0.0,1.0,0.0,
1189,John Skelton,24,ARI,QB,7,6,0.0,0.0,0.0,0.0,0,0,4,2,-1,0,0.0,0,0,0,0.0,0.0,0.0,
1190,Kenyon Coleman,33,DAL,LDE,7,5,0.0,0.0,0.0,0.0,0,1,0,0,0,0,0.0,15,12,3,0.0,0.0,0.0,
1191,Darryl Sharpton,24,HOU,LILB,7,5,1.0,-2.0,0.0,-2.0,1,0,0,1,0,0,0.0,28,16,12,1.0,2.0,0.0,
1192,Corey Williams,32,DET,LDT,7,5,0.0,0.0,0.0,0.0,0,1,0,0,0,0,2.0,9,5,4,3.0,5.0,0.0,
1193,Omar Gaither,28,OAK,LB,7,4,0.0,0.0,0.0,0.0,0,0,0,0,0,0,0.0,14,9,5,2.0,0.0,0.0,
1194,Laurent Robinson,27,JAX,WR,7,4,0.0,0.0,0.0,0.0,0,0,1,0,0,0,0.0,0,0,0,0.0,0.0,0.0,
1195,Mike Thomas,25,JAX,WR,7,3,0.0,0.0,0.0,0.0,0,0,1,0,0,0,0.0,0,0,0,,,0.0,
1196,James Dockery,24,CAR,DB,7,2,0.0,0.0,0.0,0.0,1,0,0,0,0,0,0.0,18,14,4,0.0,0.0,0.0,
1197,Elbert Mack,26,NOR,WR,7,2,1.0,73.0,1.0,73.0,6,0,0,0,0,0,0.0,14,9,5,0.0,0.0,0.0,
1198,Antonio Allen,24,NYJ,DB,7,1,0.0,0.0,0.0,0.0,0,0,0,1,0,0,1.0,6,4,2,1.0,1.0,0.0,
1199,Jermaine Kearse,22,SEA,WR,7,1,0.0,0.0,0.0,0.0,0,0,0,0,0,0,0.0,3,2,1,0.0,0.0,0.0,
1200,D.J. Williams,30,DEN,LB,7,1,0.0,0.0,0.0,0.0,1,0,0,0,0,0,0.0,14,10,4,2.0,0.0,0.0,
1201,Aaron Berry,24,NYJ,DB,7,0,0.0,0.0,0.0,0.0,0,0,0,0,0,0,0.0,2,2,0,0.0,0.0,0.0,
1202,Ras-I Dowling,24,NWE,DB,7,0,0.0,0.0,0.0,0.0,1,0,0,0,0,0,0.0,7,5,2,1.0,0.0,0.0,
1203,Richard Goodman,25,SDG,WR,7,0,0.0,0.0,0.0,0.0,0,0,0,0,0,0,0.0,2,2,0,0.0,0.0,0.0,
1204,DaJohn Harris,23,TEN,DT,7,0,0.0,0.0,0.0,0.0,0,0,0,0,0,0,0.0,3,2,1,0.0,0.0,0.0,
1205,Andre Holmes,24,DAL,WR,7,0,0.0,0.0,0.0,0.0,0,0,0,0,0,0,0.0,2,2,0,0.0,0.0,0.0,
1206,George Iloka,22,CIN,DB,7,0,0.0,0.0,0.0,0.0,0,0,0,0,0,0,0.0,2,0,2,0.0,0.0,0.0,
1207,D.J. Johnson,27,WAS,DB,7,0,0.0,0.0,0.0,0.0,0,0,0,0,0,0,0.0,8,7,1,0.0,0.0,0.0,
1208,Turk McBride,27,NOR,DT,7,0,0.0,0.0,0.0,0.0,1,0,0,0,0,0,0.0,6,6,0,0.0,5.0,0.0,
1209,Terrence McGee,32,BUF,DB,7,0,0.0,0.0,0.0,0.0,2,0,0,0,0,0,0.0,8,6,2,0.0,0.0,0.0,
1210,Jerome Murphy,25,2TM,DB,7,0,0.0,0.0,0.0,0.0,0,0,0,0,0,0,0.0,5,3,2,0.0,0.0,0.0,
1210,Jerome Murphy,25,NOR,DB,2,0,0.0,0.0,0.0,0.0,0,0,0,0,0,0,0.0,3,2,1,0.0,0.0,0.0,
1210,Jerome Murphy,25,WAS,DB,5,0,0.0,0.0,0.0,0.0,0,0,0,0,0,0,0.0,2,1,1,0.0,0.0,0.0,
1211,Chris Polk,23,PHI,RB,7,0,0.0,0.0,0.0,0.0,0,1,0,0,0,0,0.0,1,1,0,0.0,0.0,0.0,
1212,Travian Robertson,24,ATL,DT,7,0,0.0,0.0,0.0,0.0,0,0,0,0,0,0,0.0,2,2,0,0.0,1.0,0.0,
1213,Tyler Sash,24,NYG,DB,7,0,0.0,0.0,0.0,0.0,0,0,0,0,0,0,0.0,9,5,4,0.0,0.0,0.0,
1214,Jarius Wynn,26,TEN,DE,7,0,0.0,0.0,0.0,0.0,1,0,0,0,0,0,2.0,6,6,0,4.0,2.0,0.0,
1215,Frank Zombo,25,GNB,LB,7,0,0.0,0.0,0.0,0.0,0,0,0,0,0,0,0.0,8,5,3,0.0,0.0,0.0,
1216,Sean Lee,26,DAL,RILB,6,6,1.0,0.0,0.0,0.0,3,1,0,0,0,0,0.0,58,36,22,3.0,1.0,0.0,
1217,Ray Lewis,37,BAL,RILB,6,6,0.0,0.0,0.0,0.0,1,1,0,1,0,0,1.0,57,44,13,1.0,2.0,0.0,
1218,Jay Ratliff,31,DAL,NT,6,6,0.0,0.0,0.0,0.0,0,0,0,0,0,0,0.0,16,10,6,1.0,5.0,0.0,
1219,D.J. Smith,23,GNB,RILB,6,6,0.0,0.0,0.0,0.0,4,0,0,0,0,0,2.0,39,29,10,4.0,3.0,0.0,
1220,Lardarius Webb,27,BAL,LCB,6,6,1.0,8.0,0.0,8.0,6,1,0,1,0,0,0.0,25,24,1,0.0,1.0,0.0,
1221,Maurice Jones-Drew,27,JAX,RB,6,5,0.0,0.0,0.0,0.0,0,0,2,1,0,0,0.0,0,0,0,0.0,0.0,0.0,
1222,Kevin Kolb,28,ARI,QB,6,5,0.0,0.0,0.0,0.0,0,0,2,0,0,0,0.0,0,0,0,,,0.0,
1223,Nick Perry,22,GNB,LOLB,6,5,0.0,0.0,0.0,0.0,1,0,0,0,0,0,2.0,18,13,5,1.0,2.0,0.0,
1224,Ryan Lindley,23,ARI,QB,6,4,0.0,0.0,0.0,0.0,0,0,3,1,-10,0,0.0,0,0,0,0.0,0.0,0.0,
1225,Joe Mays,27,DEN,LB,6,4,0.0,0.0,0.0,0.0,0,0,0,0,0,0,0.5,20,7,13,0.0,1.0,0.0,
1226,Rashard Mendenhall,25,PIT,RB,6,4,0.0,0.0,0.0,0.0,0,0,3,0,0,0,0.0,0,0,0,,,0.0,
1227,Tracy Porter,26,DEN,DB,6,4,1.0,43.0,1.0,43.0,6,0,0,0,0,0,0.0,21,16,5,2.0,0.0,0.0,
1228,James Starks,26,GNB,RB,6,2,0.0,0.0,0.0,0.0,0,0,1,0,0,0,0.0,0,0,0,,,0.0,
1229,Jason Campbell,31,CHI,QB,6,1,0.0,0.0,0.0,0.0,0,0,2,1,0,0,0.0,0,0,0,,,0.0,
1230,Zach Diles,27,TEN,LB,6,1,0.0,0.0,0.0,0.0,0,0,0,0,0,0,0.0,11,7,4,0.0,0.0,0.0,
1231,Danny Gorrer,26,TAM,DB,6,1,1.0,0.0,0.0,0.0,2,0,0,0,0,0,0.0,11,11,0,0.0,0.0,0.0,
1232,Darrin Walls,24,NYJ,DB,6,1,0.0,0.0,0.0,0.0,1,0,0,0,0,0,0.0,2,2,0,0.0,0.0,0.0,
1233,Xavier Adibi,28,TEN,LB,6,0,0.0,0.0,0.0,0.0,0,0,0,0,0,0,0.0,2,2,0,0.0,0.0,0.0,
1234,Mister Alexander,24,HOU,LB,6,0,,,,,0,0,0,0,0,0,,5,4,1,0.0,0.0,,
1235,Kaelin Burnett,23,OAK,DE,6,0,0.0,0.0,0.0,0.0,0,0,0,0,0,0,0.0,2,2,0,0.0,0.0,0.0,
1236,Roc Carmichael,24,HOU,DB,6,0,0.0,0.0,0.0,0.0,1,0,0,0,0,0,0.0,9,8,1,0.0,0.0,0.0,
1237,Vinny Curry,24,PHI,DE,6,0,0.0,0.0,0.0,0.0,0,0,0,0,0,0,0.0,9,8,1,1.0,0.0,0.0,
1238,Pannel Egboh,26,TEN,DE,6,0,0.0,0.0,0.0,0.0,0,0,0,0,0,0,0.0,2,2,0,1.0,0.0,0.0,
1239,Mardy Gilyard,26,PHI,WR,6,0,0.0,0.0,0.0,0.0,0,0,0,0,0,0,0.0,3,3,0,0.0,0.0,0.0,
1240,Delano Howell,23,2TM,DB,6,0,0.0,0.0,0.0,0.0,0,0,0,0,0,0,0.0,2,2,0,0.0,0.0,0.0,
1240,Delano Howell,23,BUF,DB,1,0,,,,,0,0,0,0,0,0,,1,1,0,0.0,0.0,,
1240,Delano Howell,23,IND,DB,5,0,0.0,0.0,0.0,0.0,0,0,0,0,0,0,0.0,1,1,0,0.0,0.0,0.0,
1241,Tim Jamison,26,HOU,DE,6,0,0.0,0.0,0.0,0.0,1,0,0,0,0,0,1.0,3,2,1,1.0,1.0,0.0,
1242,Kyle Nelson,26,SDG,LS,6,0,0.0,0.0,0.0,0.0,0,0,0,0,0,0,0.0,1,1,0,,,0.0,
1243,Quinton Pointer,24,STL,DB,6,0,0.0,0.0,0.0,0.0,0,0,0,0,0,0,0.0,5,4,1,0.0,0.0,0.0,
1244,Brandon Saine,24,GNB,RB,6,0,0.0,0.0,0.0,0.0,0,0,0,0,0,0,0.0,1,0,1,0.0,0.0,0.0,
1245,Deonte Thompson,23,BAL,WR,6,0,0.0,0.0,0.0,0.0,0,0,1,0,0,0,0.0,0,0,0,,,0.0,
1246,Doug Worthington,25,WAS,DE,6,0,0.0,0.0,0.0,0.0,1,0,0,0,0,0,0.0,3,2,1,0.0,0.0,0.0,
1247,Cedric Benson,30,GNB,RB,5,5,0.0,0.0,0.0,0.0,0,0,1,0,0,0,0.0,0,0,0,0.0,0.0,0.0,
1248,Brian Cushing,25,HOU,LILB,5,5,1.0,1.0,0.0,1.0,2,1,0,0,0,0,0.0,30,23,7,0.0,2.0,0.0,
1249,Mark Anderson,29,BUF,DE,5,4,0.0,0.0,0.0,0.0,1,0,0,0,0,0,1.0,12,10,2,2.0,2.0,0.0,
1250,D.J. Campbell,23,CAR,DB,5,4,0.0,0.0,0.0,0.0,1,0,0,0,0,0,0.0,12,10,2,1.0,0.0,0.0,
1251,Patrick DiMarco,23,KAN,RB,5,4,0.0,0.0,0.0,0.0,0,0,0,0,0,0,0.0,1,1,0,0.0,0.0,0.0,
1252,Antwan Applewhite,27,CAR,LB,5,3,0.0,0.0,0.0,0.0,0,0,0,0,0,0,1.0,6,1,5,1.0,1.0,0.0,
1253,Ryan Williams,22,ARI,RB,5,3,0.0,0.0,0.0,0.0,0,0,2,0,0,0,0.0,0,0,0,,,0.0,
1254,Amari Spievey,24,DET,DB,5,2,0.0,0.0,0.0,0.0,0,0,0,0,0,0,0.0,21,18,3,0.0,0.0,0.0,
1255,Robert Hughes,23,IND,RB,5,1,0.0,0.0,0.0,0.0,0,0,0,0,0,0,0.0,2,2,0,,,0.0,
1256,Chris Johnson,33,BAL,DB,5,1,0.0,0.0,0.0,0.0,0,1,0,0,0,0,0.0,7,7,0,0.0,0.0,0.0,
1257,Charlie Peprah,29,DAL,DB,5,1,1.0,27.0,0.0,27.0,2,0,0,0,0,0,0.0,11,7,4,0.0,0.0,0.0,
1258,Bront Bird,23,SDG,LB,5,0,1.0,0.0,0.0,0.0,3,0,0,0,0,0,0.0,18,15,3,0.0,0.0,0.0,
1259,Crezdon Butler,25,BUF,DB,5,0,0.0,0.0,0.0,0.0,0,1,0,0,0,0,0.0,3,3,0,0.0,0.0,0.0,
1260,Bryan Hall,24,BAL,DT,5,0,0.0,0.0,0.0,0.0,0,0,0,0,0,0,0.0,3,1,2,0.0,2.0,0.0,
1261,Cory Harkey,22,STL,TE,5,0,0.0,0.0,0.0,0.0,0,0,0,0,0,0,0.0,3,3,0,0.0,0.0,0.0,
1262,Chris Harris,30,JAX,DB,5,0,0.0,0.0,0.0,0.0,0,0,0,0,0,0,0.0,2,1,1,0.0,0.0,0.0,
1263,George Johnson,25,TAM,DE,5,0,0.0,0.0,0.0,0.0,0,0,0,0,0,0,0.0,5,0,5,0.0,0.0,0.0,
1264,David Jones,27,WAS,DB,5,0,0.0,0.0,0.0,0.0,0,0,0,0,0,0,0.0,8,8,0,0.0,0.0,0.0,
1265,Bryan Kehl,28,WAS,LB,5,0,0.0,0.0,0.0,0.0,0,0,0,0,0,0,0.0,6,5,1,0.0,0.0,0.0,
1266,Dre Kirkpatrick,23,CIN,DB,5,0,0.0,0.0,0.0,0.0,0,0,0,0,0,0,0.0,4,4,0,0.0,0.0,0.0,
1267,Orie Lemon,25,DAL,LB,5,0,0.0,0.0,0.0,0.0,0,0,0,1,0,0,0.0,5,2,3,0.0,0.0,0.0,
1268,Kregg Lumpkin,28,NYG,RB,5,0,0.0,0.0,0.0,0.0,0,0,1,0,0,0,0.0,4,4,0,0.0,0.0,0.0,
1269,Terrell Manning,22,GNB,LB,5,0,0.0,0.0,0.0,0.0,0,0,0,0,0,0,0.0,3,1,2,0.0,0.0,0.0,
1270,Brandon Marshall,23,JAX,LB,5,0,0.0,0.0,0.0,0.0,0,0,0,0,0,0,0.0,2,1,1,0.0,0.0,0.0,
1271,Derrick Martin,27,NWE,DB,5,0,0.0,0.0,0.0,0.0,0,0,0,0,0,0,1.0,5,4,1,1.0,1.0,0.0,
1272,Josh Mauga,25,NYJ,LB,5,0,0.0,0.0,0.0,0.0,0,0,0,0,0,0,0.0,5,4,1,0.0,0.0,0.0,
1273,Roddrick Muckelroy,26,CIN,LB,5,0,,,,,0,0,0,0,0,0,,1,0,1,0.0,0.0,,
1274,Nathan Palmer,23,IND,WR,5,0,0.0,0.0,0.0,0.0,0,0,0,1,0,0,0.0,0,0,0,0.0,0.0,0.0,
1275,Ron Parker,25,2TM,DB,5,0,,,,,0,0,0,0,0,0,,3,3,0,0.0,0.0,,
1275,Ron Parker,25,CAR,DB,3,0,,,,,0,0,0,0,0,0,,1,1,0,0.0,0.0,,
1275,Ron Parker,25,SEA,DB,2,0,,,,,0,0,0,0,0,0,,2,2,0,0.0,0.0,,
1276,Mike Patterson,29,PHI,DT,5,0,0.0,0.0,0.0,0.0,0,0,0,0,0,0,1.0,6,3,3,1.0,2.0,0.0,
1277,David Reed,25,BAL,WR,5,0,0.0,0.0,0.0,0.0,0,0,0,0,0,0,0.0,4,3,1,0.0,0.0,0.0,
1278,Sean Richardson,22,GNB,DB,5,0,0.0,0.0,0.0,0.0,0,0,0,0,0,0,0.0,4,3,1,0.0,0.0,0.0,
1279,Jeremy Ross,24,GNB,WR,5,0,0.0,0.0,0.0,0.0,0,0,0,0,0,0,0.0,1,1,0,0.0,0.0,0.0,
1280,Michael Wilhoite,26,SFO,LB,5,0,0.0,0.0,0.0,0.0,0,0,0,0,0,0,0.0,7,5,2,0.0,0.0,0.0,
1281,Jason Williams,26,CAR,LB,5,0,0.0,0.0,0.0,0.0,0,0,0,0,0,0,0.0,3,2,1,0.0,0.0,0.0,
1282,Jon Beason,27,CAR,LB,4,4,1.0,2.0,0.0,2.0,2,0,0,0,0,0,0.0,28,16,12,0.0,1.0,0.0,
1283,Glenn Dorsey,27,KAN,DE,4,4,0.0,0.0,0.0,0.0,0,0,0,0,0,0,0.0,7,4,3,1.0,0.0,0.0,
1284,Chris Gamble,29,CAR,DB,4,4,0.0,0.0,0.0,0.0,2,0,0,0,0,0,0.0,15,8,7,0.0,0.0,0.0,
1285,Santonio Holmes,28,NYJ,WR,4,4,0.0,0.0,0.0,0.0,0,0,1,0,0,0,0.0,0,0,0,,,0.0,
1286,Richard Marshall,28,MIA,DB,4,4,1.0,7.0,0.0,7.0,6,0,0,0,0,0,0.0,17,17,0,0.0,0.0,0.0,
1287,Bill Bentley,23,DET,DB,4,3,0.0,0.0,0.0,0.0,0,0,0,0,0,0,0.0,15,13,2,,,0.0,
1288,David DeCastro,22,PIT,G,4,3,0.0,0.0,0.0,0.0,0,0,0,1,0,0,0.0,0,0,0,0.0,0.0,0.0,
1289,Scott Fujita,33,CLE,LB,4,3,0.0,0.0,0.0,0.0,0,0,0,0,0,0,1.0,14,10,4,0.0,1.0,0.0,
1290,Anthony Gaitor,24,TAM,DB,4,2,0.0,0.0,0.0,0.0,4,0,0,0,0,0,0.0,7,6,1,0.0,0.0,0.0,
1291,Ryan Grant,30,GNB,RB,4,1,0.0,0.0,0.0,0.0,0,0,1,0,0,0,0.0,0,0,0,,,0.0,
1292,Charly Martin,28,SEA,WR,4,1,0.0,0.0,0.0,0.0,0,0,0,0,0,0,0.0,1,1,0,0.0,0.0,0.0,
1293,Legedu Naanee,29,MIA,WR,4,1,0.0,0.0,0.0,0.0,0,0,1,0,0,0,0.0,2,2,0,0.0,0.0,0.0,
1294,Troy Nolan,26,HOU,DB,4,1,0.0,0.0,0.0,0.0,0,0,0,0,0,0,0.0,9,6,3,0.0,0.0,0.0,
1295,Brady Poppinga,33,DAL,LB,4,1,0.0,0.0,0.0,0.0,1,0,0,0,0,0,0.0,12,7,5,0.0,0.0,0.0,
1296,Brandon Taylor,22,SDG,DB,4,1,0.0,0.0,0.0,0.0,0,0,0,0,0,0,0.5,6,4,2,0.0,1.0,0.0,
1297,Josh Victorian,24,PIT,DB,4,1,0.0,0.0,0.0,0.0,3,0,0,0,0,0,0.0,10,10,0,0.0,0.0,0.0,
1298,Jason Allen,29,CIN,DB,4,0,0.0,0.0,0.0,0.0,0,0,0,0,0,0,0.0,3,3,0,0.0,0.0,0.0,
1299,LaRon Byrd,23,ARI,WR,4,0,0.0,0.0,0.0,0.0,0,0,0,0,0,0,0.0,2,2,0,0.0,0.0,0.0,
1300,Bobby Carpenter,29,NWE,LB,4,0,0.0,0.0,0.0,0.0,0,0,0,0,0,0,0.0,2,0,2,0.0,0.0,0.0,
1301,Jack Crawford,24,OAK,DE,4,0,0.0,0.0,0.0,0.0,0,0,0,0,0,0,0.0,3,2,1,0.0,0.0,0.0,
1302,Matt Daniels,23,STL,DB,4,0,0.0,0.0,0.0,0.0,0,0,0,0,0,0,0.0,1,0,1,0.0,0.0,0.0,
1303,Graham Harrell,27,GNB,QB,4,0,0.0,0.0,0.0,0.0,0,0,1,0,-6,0,0.0,0,0,0,,,0.0,
1304,LaMichael James,23,SFO,RB,4,0,0.0,0.0,0.0,0.0,0,0,1,0,0,0,0.0,0,0,0,,,0.0,
1305,Tyrell Johnson,27,DET,DB,4,0,0.0,0.0,0.0,0.0,0,0,0,0,0,0,0.0,3,2,1,1.0,0.0,0.0,
1306,Thomas Keiser,23,CAR,LB,4,0,0.0,0.0,0.0,0.0,0,0,0,0,0,0,0.5,4,2,2,0.0,2.0,0.0,
1307,Marvin McNutt,23,PHI,WR,4,0,0.0,0.0,0.0,0.0,0,0,0,0,0,0,0.0,2,2,0,0.0,0.0,0.0,
1308,Kenny Onatolu,30,CAR,LB,4,0,0.0,0.0,0.0,0.0,0,0,0,0,0,0,0.0,5,2,3,1.0,0.0,1.0,
1309,Jeris Pendleton,29,JAX,DT,4,0,0.0,0.0,0.0,0.0,0,0,0,0,0,0,0.0,1,1,0,0.0,0.0,0.0,
1310,Michael Preston,23,TEN,WR,4,0,0.0,0.0,0.0,0.0,0,0,0,0,0,0,0.0,1,1,0,0.0,0.0,0.0,
1311,Ryan Rau,22,PHI,LB,4,0,0.0,0.0,0.0,0.0,0,0,0,0,0,0,0.0,3,2,1,0.0,0.0,0.0,
1312,Brian Rolle,24,PHI,LB,4,0,0.0,0.0,0.0,0.0,0,0,0,0,0,0,0.0,4,4,0,0.0,0.0,0.0,
1313,Da'Rel Scott,24,NYG,RB,4,0,0.0,0.0,0.0,0.0,0,0,0,0,0,0,0.0,2,2,0,0.0,0.0,0.0,
1314,Alphonso Smith,27,DET,DB,4,0,0.0,0.0,0.0,0.0,2,0,0,0,0,0,0.0,8,7,1,0.0,0.0,0.0,
1315,Armond Smith,26,CAR,RB,4,0,0.0,0.0,0.0,0.0,0,0,0,0,0,0,0.0,2,2,0,0.0,0.0,0.0,
1316,Vic So'oto,25,OAK,LB,4,0,,,,,0,0,0,0,0,0,,1,1,0,0.0,0.0,,
1317,T.J. Yates,25,HOU,QB,4,0,0.0,0.0,0.0,0.0,0,0,2,1,0,0,0.0,0,0,0,0.0,0.0,0.0,
1318,Barry Church,24,DAL,DB,3,3,0.0,0.0,0.0,0.0,0,0,0,1,6,0,0.0,6,4,2,0.0,0.0,0.0,
1319,Adrian Clayborn,24,TAM,DE,3,3,0.0,0.0,0.0,0.0,0,0,0,0,0,0,0.0,2,1,1,1.0,0.0,0.0,
1320,Matt Toeaina,28,CHI,DT,3,2,0.0,0.0,0.0,0.0,0,0,0,0,0,0,0.0,4,2,2,0.0,1.0,0.0,
1321,Seyi Ajirotutu,25,SDG,WR,3,1,0.0,0.0,0.0,0.0,0,0,0,0,0,0,0.0,2,1,1,0.0,0.0,0.0,
1322,Kirk Cousins,24,WAS,QB,3,1,0.0,0.0,0.0,0.0,0,0,1,1,0,0,0.0,0,0,0,0.0,0.0,0.0,
1323,Andre Fluellen,27,DET,DT,3,1,0.0,0.0,0.0,0.0,0,0,0,0,0,0,0.0,6,1,5,0.0,0.0,0.0,
1324,Emil Igwenagu,23,PHI,TE,3,1,0.0,0.0,0.0,0.0,0,0,0,0,0,0,0.0,1,1,0,0.0,0.0,0.0,
1325,Ronald Talley,26,ARI,DE,3,1,0.0,0.0,0.0,0.0,1,0,0,0,0,0,1.0,8,5,3,1.0,1.0,0.0,
1326,Joe Anderson,24,CHI,WR,3,0,0.0,0.0,0.0,0.0,0,1,0,0,0,0,0.0,3,2,1,0.0,0.0,0.0,
1327,Kahlil Bell,26,NYJ,RB,3,0,0.0,0.0,0.0,0.0,0,0,1,0,0,0,0.0,0,0,0,,,0.0,
1328,Josh Bellamy,23,KAN,WR,3,0,0.0,0.0,0.0,0.0,0,0,0,0,0,0,0.0,2,2,0,0.0,0.0,0.0,
1329,Omar Brown,24,BAL,DB,3,0,0.0,0.0,0.0,0.0,0,0,0,1,12,0,1.0,3,2,1,1.0,1.0,0.0,
1330,Quinton Carter,24,DEN,DB,3,0,0.0,0.0,0.0,0.0,0,0,0,0,0,0,0.0,2,2,0,0.0,0.0,0.0,
1331,Chimdi Chekwa,24,OAK,DB,3,0,0.0,0.0,0.0,0.0,0,1,0,0,0,0,0.0,4,4,0,0.0,0.0,0.0,
1332,Keyunta Dawson,27,TEN,DE,3,0,0.0,0.0,0.0,0.0,0,0,0,0,0,0,0.0,3,2,1,0.0,1.0,0.0,
1333,Antonio Dixon,27,2TM,DT,3,0,0.0,0.0,0.0,0.0,0,0,0,0,0,0,0.0,6,4,2,0.0,0.0,0.0,
1333,Antonio Dixon,27,IND,DT,2,0,0.0,0.0,0.0,0.0,0,0,0,0,0,0,0.0,2,1,1,0.0,0.0,0.0,
1333,Antonio Dixon,27,PHI,DT,1,0,0.0,0.0,0.0,0.0,0,0,0,0,0,0,0.0,4,3,1,0.0,0.0,0.0,
1334,Marcus Dixon,28,NYJ,DE,3,0,0.0,0.0,0.0,0.0,0,0,0,0,0,0,0.0,1,0,1,0.0,0.0,0.0,
1335,Marcus Dowtin,23,NYJ,LB,3,0,,,,,0,0,0,0,0,0,,2,2,0,0.0,0.0,,
1336,Marcus Easley,25,BUF,WR,3,0,0.0,0.0,0.0,0.0,0,1,0,0,0,0,0.0,5,4,1,0.0,0.0,0.0,
1337,Dedrick Epps,24,NYJ,TE,3,0,0.0,0.0,0.0,0.0,0,0,1,0,0,0,0.0,0,0,0,,,0.0,
1338,Jerry Franklin,24,CHI,LB,3,0,0.0,0.0,0.0,0.0,0,0,0,0,0,0,0.0,2,0,2,0.0,0.0,0.0,
1339,David Gilreath,24,PIT,WR,3,0,0.0,0.0,0.0,0.0,0,0,0,0,0,0,0.0,1,0,1,0.0,0.0,0.0,
1340,Jonathan Grimes,23,NYJ,RB,3,0,0.0,0.0,0.0,0.0,0,0,0,0,0,0,0.0,1,0,1,,,0.0,
1341,Dan Herron,23,CIN,RB,3,0,0.0,0.0,0.0,0.0,0,0,0,0,0,0,0.0,4,3,1,0.0,0.0,0.0,
1342,Carl Ihenacho,24,OAK,LB,3,0,,,,,0,0,0,0,0,0,,1,1,0,1.0,0.0,,
1343,Asa Jackson,23,BAL,DB,3,0,0.0,0.0,0.0,0.0,0,0,0,0,0,0,0.0,1,1,0,0.0,0.0,0.0,
1344,Justin King,25,IND,DB,3,0,0.0,0.0,0.0,0.0,2,0,0,0,0,0,0.0,3,1,2,0.0,0.0,0.0,
1345,Pep Levingston,25,TAM,DE,3,0,0.0,0.0,0.0,0.0,0,0,0,0,0,0,0.0,2,2,0,1.0,0.0,0.0,
1346,Phillip Merling,27,GNB,DE,3,0,0.0,0.0,0.0,0.0,0,0,0,0,0,0,0.0,2,1,1,0.0,0.0,0.0,
1347,Antwaun Molden,27,JAX,DB,3,0,0.0,0.0,0.0,0.0,0,0,0,0,0,0,0.0,1,1,0,0.0,0.0,0.0,
1348,Jonas Mouton,24,SDG,LB,3,0,0.0,0.0,0.0,0.0,0,0,0,0,0,0,0.0,1,1,0,0.0,0.0,0.0,
1349,Daniel Muir,29,NYJ,DT,3,0,0.0,0.0,0.0,0.0,0,0,0,0,0,0,0.0,3,1,2,0.0,0.0,0.0,
1350,Brian Schaefering,29,DAL,DT,3,0,0.0,0.0,0.0,0.0,0,0,0,0,0,0,0.0,3,1,2,0.0,0.0,0.0,
1351,Jeff Tarpinian,25,NWE,LB,3,0,0.0,0.0,0.0,0.0,0,0,0,0,0,0,0.0,1,1,0,0.0,0.0,0.0,
1352,Brandon Thompson,23,CIN,DT,3,0,0.0,0.0,0.0,0.0,0,0,0,0,0,0,0.0,1,1,0,0.0,0.0,0.0,
1353,Johnny White,24,BUF,RB,3,0,0.0,0.0,0.0,0.0,0,0,0,0,0,0,0.0,1,1,0,0.0,0.0,0.0,
1354,Ian Williams,23,SFO,DT,3,0,0.0,0.0,0.0,0.0,0,0,0,0,0,0,0.0,3,3,0,1.0,0.0,0.0,
1355,Charlie Batch,38,PIT,QB,2,2,0.0,0.0,0.0,0.0,0,0,1,1,0,0,0.0,0,0,0,0.0,0.0,0.0,
1356,Adam Carriker,28,WAS,DE,2,2,0.0,0.0,0.0,0.0,0,0,0,0,0,0,0.0,1,1,0,0.0,0.0,0.0,
1357,Brian Orakpo,26,WAS,LB,2,2,0.0,0.0,0.0,0.0,3,1,0,0,0,0,1.0,5,5,0,0.0,1.0,0.0,
1358,Darrelle Revis,27,NYJ,DB,2,2,1.0,1.0,0.0,1.0,3,0,0,1,0,0,0.0,12,9,3,0.0,0.0,0.0,
1359,Daryl Smith,30,JAX,LB,2,2,0.0,0.0,0.0,0.0,0,0,0,0,0,0,0.0,7,6,1,0.0,1.0,0.0,
1360,Shawntae Spencer,30,OAK,DB,2,2,0.0,0.0,0.0,0.0,0,0,0,0,0,0,0.0,3,3,0,1.0,0.0,0.0,
1361,Brian Hoyer,27,ARI,QB,2,1,0.0,0.0,0.0,0.0,0,0,1,1,0,0,0.0,0,0,0,,,0.0,
1362,Byron Leftwich,32,PIT,QB,2,1,0.0,0.0,0.0,0.0,0,0,1,1,0,0,0.0,0,0,0,,,0.0,
1363,Greg McElroy,24,NYJ,QB,2,1,0.0,0.0,0.0,0.0,0,0,1,0,0,0,0.0,0,0,0,,,0.0,
1364,Jacques Reeves,30,KAN,DB,2,1,0.0,0.0,0.0,0.0,0,0,0,0,0,0,0.0,4,4,0,0.0,0.0,0.0,
1365,Walter Thurmond,25,SEA,DB,2,1,0.0,0.0,0.0,0.0,1,0,0,0,0,0,0.0,3,3,0,1.0,0.0,0.0,
1366,Jamaal Anderson,26,CIN,DE,2,0,0.0,0.0,0.0,0.0,0,0,0,0,0,0,0.0,3,1,2,0.0,1.0,0.0,
1367,Ben Bass,23,DAL,DE,2,0,0.0,0.0,0.0,0.0,0,0,0,0,0,0,0.0,1,0,1,0.0,0.0,0.0,
1368,David Carr,33,NYG,QB,2,0,0.0,0.0,0.0,0.0,0,0,1,1,0,0,0.0,0,0,0,0.0,0.0,0.0,
1369,Kellen Clemens,29,STL,QB,2,0,0.0,0.0,0.0,0.0,0,0,1,1,0,0,0.0,0,0,0,0.0,0.0,0.0,
1370,Aaron Curry,26,OAK,LB,2,0,,,,,0,0,0,0,0,0,,1,1,0,1.0,0.0,,
1371,Terrence Frederick,22,NYG,DB,2,0,0.0,0.0,0.0,0.0,0,0,0,0,0,0,0.0,2,2,0,0.0,0.0,0.0,
1372,Bruce Gradkowski,29,CIN,QB,2,0,0.0,0.0,0.0,0.0,0,0,1,2,-5,0,0.0,0,0,0,,,0.0,
1373,Adrian Hamilton,25,BAL,LB,2,0,0.0,0.0,0.0,0.0,0,0,0,0,0,0,0.0,1,1,0,0.0,0.0,0.0,
1374,Duke Ihenacho,23,DEN,DB,2,0,0.0,0.0,0.0,0.0,0,0,0,0,0,0,0.0,1,0,1,0.0,0.0,0.0,
1375,Anthony Levine,25,BAL,DB,2,0,0.0,0.0,0.0,0.0,0,0,0,0,0,0,0.0,1,1,0,0.0,0.0,0.0,
1376,Chris Lewis-Harris,23,CIN,DB,2,0,0.0,0.0,0.0,0.0,0,0,0,0,0,0,0.0,2,2,0,0.0,0.0,0.0,
1377,Kirk Morrison,30,BUF,LB,2,0,0.0,0.0,0.0,0.0,0,0,0,0,0,0,0.0,2,2,0,0.0,0.0,0.0,
1378,Cheta Ozougwu,24,CHI,DE,2,0,,,,,0,0,0,0,0,0,,3,3,0,1.0,0.0,,
1379,Eddie Pleasant,24,HOU,DB,2,0,0.0,0.0,0.0,0.0,0,0,0,0,0,0,0.0,1,1,0,0.0,0.0,0.0,
1380,Malcolm Williams,25,NWE,DB,2,0,0.0,0.0,0.0,0.0,0,0,0,0,0,0,0.0,2,1,1,0.0,0.0,0.0,
1381,Brent Grimes,29,ATL,DB,1,1,0.0,0.0,0.0,0.0,0,0,0,0,0,0,0.0,6,6,0,0.0,0.0,0.0,
1382,Gary Guyton,27,SDG,LB,1,1,0.0,0.0,0.0,0.0,0,0,0,0,0,0,0.0,1,1,0,0.0,0.0,0.0,
1383,Thomas Howard,29,CIN,LB,1,1,0.0,0.0,0.0,0.0,1,0,0,0,0,0,1.0,3,3,0,1.0,1.0,0.0,
1384,Brandon Meriweather,28,WAS,DB,1,1,1.0,25.0,0.0,25.0,2,0,0,0,0,0,0.0,7,3,4,1.0,0.0,0.0,
1385,Ty Warren,31,DEN,DT,1,1,0.0,0.0,0.0,0.0,0,0,0,0,0,0,0.0,1,1,0,0.0,0.0,0.0,
1386,Marshay Green,26,IND,DB,1,0,0.0,0.0,0.0,0.0,0,0,0,0,0,0,0.0,3,3,0,0.0,0.0,0.0,
1387,Jerrell Jackson,22,JAX,DB,1,0,0.0,0.0,0.0,0.0,0,0,0,0,0,0,0.0,1,0,1,0.0,0.0,0.0,
1388,Josh Johnson,26,CLE,QB,1,0,0.0,0.0,0.0,0.0,0,0,1,0,0,0,0.0,0,0,0,,,0.0,
1389,Sergio Kindle,25,BAL,LB,1,0,0.0,0.0,0.0,0.0,0,0,0,0,0,0,0.0,1,1,0,1.0,0.0,0.0,
1390,Ricky Lumpkin,24,ARI,DT,1,0,0.0,0.0,0.0,0.0,0,0,0,0,0,0,0.0,1,1,0,0.0,0.0,0.0,
1391,Marshall McFadden,26,PIT,LB,1,0,0.0,0.0,0.0,0.0,0,0,0,0,0,0,0.0,1,0,1,0.0,0.0,0.0,
1392,Jordan Shipley,27,TAM,WR,1,0,0.0,0.0,0.0,0.0,0,0,1,0,0,0,0.0,0,0,0,,,0.0,
1393,Sealver Siliga,22,DEN,DT,1,0,0.0,0.0,0.0,0.0,0,0,0,0,0,0,0.0,1,1,0,0.0,0.0,0.0,
