Unnamed: 0_level_0,Unnamed: 1_level_0,Unnamed: 2_level_0,Unnamed: 3_level_0,Unnamed: 4_level_0,Unnamed: 5_level_0,Unnamed: 6_level_0,Def Interceptions,Def Interceptions,Def Interceptions,Def Interceptions,Def Interceptions,Fumbles,Fumbles,Fumbles,Fumbles,Fumbles,Unnamed: 17_level_0,Tackles,Tackles,Tackles,Tackles,Tackles,Unnamed: 23_level_0,Unnamed: 24_level_0
Rk,Player,Age,Team,Pos,G,GS,Int,Yds,IntTD,Lng,PD,FF,Fmb,FR,Yds,FRTD,Sk,Comb,Solo,Ast,TFL,QBHits,Sfty,Awards
1,John Abraham,30,ATL,RDE,16,16,0,0,0,0,1.0,4,0,0,0,0,16.5,38.0,37.0,1.0,20.0,30.0,0,AP-2
2,Flozell Adams,33,DAL,LT,16,16,0,0,0,0,0.0,0,0,2,0,0,0.0,0.0,0.0,0.0,0.0,0.0,0,PB
3,Gaines Adams,25,TAM,RDE,16,16,2,50,1,45,6.0,0,0,0,0,0,6.5,38.0,27.0,11.0,5.0,21.0,0,
4,Jared Allen,26,MIN,RDE,16,16,0,0,0,0,3.0,3,0,0,0,0,14.5,54.0,41.0,13.0,20.0,28.0,2,"PB,AP-1"
5,Will Allen,30,MIA,LCB,16,16,3,62,1,32,15.0,1,0,0,0,0,1.0,50.0,42.0,8.0,3.0,5.0,0,
6,O.J. Atogwe,27,STL,FS,16,16,5,91,0,43,5.0,6,0,3,75,1,0.0,85.0,77.0,8.0,1.0,0.0,0,
7,Jonathan Babineaux,27,ATL,LDT,16,16,0,0,0,0,2.0,0,0,1,0,0,3.5,38.0,31.0,7.0,14.0,10.0,0,
8,Jeff Backus,31,DET,LT,16,16,0,0,0,0,0.0,0,0,1,0,0,0.0,0.0,0.0,0.0,0.0,0.0,0,
9,Ronde Barber,33,TAM,RCB,16,16,4,69,1,65,12.0,0,0,1,2,0,2.0,75.0,67.0,8.0,5.0,6.0,0,PB
10,Khalif Barnes,26,JAX,LT,16,16,0,0,0,0,0.0,0,0,1,0,0,0.0,0.0,0.0,0.0,0.0,0.0,0,
11,Eric Barton,31,NYJ,LILB,16,16,0,0,0,0,4.0,1,0,1,1,0,1.5,119.0,93.0,26.0,2.0,4.0,0,
12,Jon Beason,23,CAR,MLB,16,16,3,52,0,44,8.0,0,0,1,12,0,0.0,138.0,110.0,28.0,3.0,1.0,0,"PB,AP-1"
13,Yeremiah Bell,30,MIA,SS,16,16,0,0,0,0,10.0,3,0,1,0,0,1.0,120.0,100.0,20.0,3.0,1.0,0,
14,Antoine Bethea,24,IND,FS,16,16,2,0,0,0,4.0,0,0,1,0,0,0.0,101.0,74.0,27.0,2.0,0.0,0,
15,Matt Birk,32,MIN,C,16,16,0,0,0,0,0.0,0,1,0,-22,0,0.0,0.0,0.0,0.0,0.0,0.0,0,
16,Justin Blalock,25,ATL,LG,16,16,0,0,0,0,0.0,0,0,2,0,1,0.0,0.0,0.0,0.0,0.0,0.0,0,
17,Dre' Bly,31,DEN,RCB,16,16,2,5,0,5,8.0,1,0,0,0,0,0.0,62.0,54.0,8.0,4.0,0.0,0,
18,Stewart Bradley,25,PHI,MLB,16,16,1,17,0,17,6.0,1,0,1,0,0,1.0,108.0,86.0,22.0,10.0,4.0,0,
19,Tyler Brayton,29,CAR,LDE,16,16,0,0,0,0,3.0,1,0,1,0,0,4.5,40.0,35.0,5.0,6.0,5.0,0,
20,Drew Brees,29,NOR,QB,16,16,0,0,0,0,0.0,0,6,2,-34,0,0.0,0.0,0.0,0.0,0.0,0.0,0,"PB,AP-2,AP OPoY-1"
21,Lance Briggs,28,CHI,RLB,16,16,3,12,0,9,11.0,1,0,2,21,1,0.5,110.0,90.0,20.0,8.0,2.0,0,PB
22,Keith Brooking,33,ATL,RLB,16,16,0,0,0,0,4.0,0,0,0,0,0,0.0,102.0,71.0,31.0,2.0,3.0,0,
23,Derrick Brooks,35,TAM,RLB,16,16,1,-2,0,-2,7.0,1,0,0,0,0,0.0,73.0,58.0,15.0,7.0,0.0,0,PB
24,Alex Brown,29,CHI,RDE,16,16,1,-2,0,-2,5.0,1,0,1,18,0,6.0,44.0,42.0,2.0,19.0,18.0,0,
25,Duane Brown,23,HOU,LT,16,16,0,0,0,0,0.0,0,0,2,0,0,0.0,0.0,0.0,0.0,0.0,0.0,0,
26,Jason Brown,25,BAL,C,16,16,0,0,0,0,0.0,0,1,1,-1,0,0.0,0.0,0.0,0.0,,,0,
27,Levi Brown,24,ARI,RT,16,16,0,0,0,0,0.0,0,0,2,0,0,0.0,0.0,0.0,0.0,0.0,0.0,0,
28,Phillip Buchanon,28,TAM,LCB,16,16,2,33,1,26,6.0,1,0,1,0,0,0.0,52.0,48.0,4.0,3.0,0.0,0,
29,Keith Bulluck,31,TEN,RLB,16,16,0,0,0,0,6.0,1,0,1,0,0,0.5,98.0,75.0,23.0,6.0,1.0,0,
30,Brodrick Bunkley,25,PHI,RDT,16,16,0,0,0,0,2.0,0,0,1,0,0,2.0,47.0,34.0,13.0,2.0,3.0,0,
31,Jason Campbell,27,WAS,QB,16,16,0,0,0,0,0.0,0,7,1,0,0,0.0,0.0,0.0,0.0,0.0,0.0,0,
32,Chris Canty,26,DAL,RDE,16,16,0,0,0,0,5.0,0,0,0,0,0,3.0,37.0,25.0,12.0,4.0,8.0,0,
33,Brandon Carr,22,KAN,LCB,16,16,2,67,0,35,6.0,0,0,2,17,0,0.0,73.0,70.0,3.0,3.0,0.0,0,
34,Kevin Carter,35,TAM,LDE,16,16,0,0,0,0,2.0,1,0,0,0,0,4.0,49.0,28.0,21.0,3.0,9.0,0,
35,Desmond Clark,31,CHI,TE,16,16,0,0,0,0,0.0,0,1,0,0,0,0.0,0.0,0.0,0.0,0.0,0.0,0,
36,Jeromey Clary,25,SDG,RT,16,16,0,0,0,0,0.0,0,0,1,0,0,0.0,0.0,0.0,0.0,0.0,0.0,0,
37,Trent Cole,26,PHI,RDE,16,16,0,0,0,0,2.0,2,0,0,0,0,9.0,77.0,59.0,18.0,14.0,19.0,0,
38,Erik Coleman,26,ATL,FS,16,16,3,48,0,32,6.0,2,0,0,0,0,0.0,95.0,80.0,15.0,1.0,0.0,0,
39,Laveranues Coles,31,NYJ,WR,16,16,0,0,0,0,0.0,0,1,1,0,0,0.0,0.0,0.0,0.0,0.0,0.0,0,
40,Daryn Colledge,26,GNB,LG,16,16,0,0,0,0,0.0,0,0,2,0,0,0.0,0.0,0.0,0.0,0.0,0.0,0,
41,Nick Collins,25,GNB,FS,16,16,7,295,3,62,15.0,1,0,0,0,0,0.0,72.0,60.0,12.0,1.0,1.0,0,"PB,AP-2"
42,Marc Colombo,30,DAL,RT,16,16,0,0,0,0,0.0,0,0,1,0,0,0.0,0.0,0.0,0.0,0.0,0.0,0,
43,Willie Colon,25,PIT,RT,16,16,0,0,0,0,0.0,0,0,2,0,0,0.0,0.0,0.0,0.0,0.0,0.0,0,
44,Chris Cooley,26,WAS,TE,16,16,0,0,0,0,0.0,0,3,0,0,0,0.0,0.0,0.0,0.0,0.0,0.0,0,PB
45,Jerricho Cotchery,26,NYJ,WR,16,16,0,0,0,0,0.0,0,2,1,0,0,0.0,0.0,0.0,0.0,0.0,0.0,0,
46,Jay Cutler,25,DEN,QB,16,16,0,0,0,0,0.0,0,5,0,-11,0,0.0,0.0,0.0,0.0,0.0,0.0,0,PB
47,Owen Daniels,26,HOU,TE,16,16,0,0,0,0,0.0,0,2,1,3,0,0.0,0.0,0.0,0.0,0.0,0.0,0,PB
48,Karlos Dansby,27,ARI,RLB,16,16,2,47,0,34,5.0,2,1,3,0,0,4.0,119.0,95.0,24.0,10.0,3.0,0,
49,Andra Davis,30,CLE,LILB,16,16,1,4,0,4,3.0,0,0,0,0,0,0.0,90.0,62.0,28.0,6.0,1.0,0,
50,Thomas Davis,25,CAR,RLB,16,16,0,0,0,0,6.0,2,0,1,0,0,3.5,114.0,93.0,21.0,12.0,6.0,0,
51,Vernon Davis,24,SFO,TE,16,16,0,0,0,0,0.0,0,2,1,0,0,0.0,0.0,0.0,0.0,0.0,0.0,0,
52,Brian Dawkins,35,PHI,FS,16,16,1,25,0,25,7.0,6,0,1,0,0,3.0,75.0,64.0,11.0,11.0,3.0,0,PB
53,Jake Delhomme,33,CAR,QB,16,16,0,0,0,0,0.0,0,5,1,0,0,0.0,0.0,0.0,0.0,0.0,0.0,0,AP CPoY-2
54,David Diehl,28,NYG,LT,16,16,0,0,0,0,0.0,0,0,2,0,0,0.0,0.0,0.0,0.0,0.0,0.0,0,AP-2
55,Na'il Diggs,30,CAR,LLB,16,16,1,0,0,0,2.0,0,0,0,0,0,1.0,54.0,43.0,11.0,3.0,3.0,0,
56,Derrick Dockery,28,BUF,LG,16,16,0,0,0,0,0.0,0,0,1,0,0,0.0,0.0,0.0,0.0,,,0,
57,Darnell Dockett,27,ARI,RDT,16,16,0,0,0,0,1.0,1,0,3,24,1,4.0,50.0,37.0,13.0,4.0,16.0,0,
58,Glenn Dorsey,23,KAN,RDT,16,16,0,0,0,0,1.0,1,0,0,0,0,1.0,46.0,32.0,14.0,4.0,1.0,0,
59,Greg Ellis,33,DAL,LOLB,16,16,1,11,0,11,1.0,0,0,1,0,0,8.0,36.0,25.0,11.0,7.0,16.0,0,
60,Shaun Ellis,31,NYJ,LDE,16,16,0,0,0,0,0.0,2,0,1,11,1,8.0,60.0,41.0,19.0,6.0,11.0,0,
61,Lee Evans,27,BUF,WR,16,16,0,0,0,0,0.0,0,2,0,0,0,0.0,0.0,0.0,0.0,0.0,0.0,0,
62,Alan Faneca,32,NYJ,LG,16,16,0,0,0,0,0.0,0,0,1,0,0,0.0,0.0,0.0,0.0,0.0,0.0,0,"PB,AP-2"
63,James Farrior,33,PIT,LILB,16,16,0,0,0,0,5.0,1,0,1,0,0,3.5,133.0,89.0,44.0,9.0,6.0,0,"PB,AP-2"
64,Brett Favre,39,NYJ,QB,16,16,0,0,0,0,0.0,0,10,2,-16,0,0.0,0.0,0.0,0.0,0.0,0.0,0,PB
65,Cortland Finnegan,24,TEN,RCB,16,16,5,100,1,99,17.0,0,0,0,0,0,1.0,69.0,57.0,12.0,4.0,1.0,0,"PB,AP-1"
66,Larry Fitzgerald,25,ARI,WR,16,16,0,0,0,0,0.0,0,1,0,0,0,0.0,0.0,0.0,0.0,0.0,0.0,0,"PB,AP-1"
67,Joe Flacco,23,BAL,QB,16,16,0,0,0,0,0.0,0,11,3,-18,0,0.0,0.0,0.0,0.0,0.0,0.0,0,
68,London Fletcher,33,WAS,MLB,16,16,0,0,0,0,5.0,1,0,1,12,0,0.5,133.0,96.0,37.0,7.0,3.0,0,
69,Larry Foote,28,PIT,RILB,16,16,0,0,0,0,3.0,1,0,0,0,0,1.5,63.0,34.0,29.0,3.0,5.0,0,
70,Matt Forte,23,CHI,RB,16,16,0,0,0,0,0.0,0,1,0,0,0,0.0,0.0,0.0,0.0,0.0,0.0,0,AP ORoY-4
71,Chris Gamble,25,CAR,LCB,16,16,3,23,0,19,19.0,1,0,2,41,1,0.0,93.0,83.0,10.0,4.0,0.0,0,
72,David Garrard,30,JAX,QB,16,16,0,0,0,0,0.0,0,7,3,0,0,0.0,0.0,0.0,0.0,0.0,0.0,0,
73,Antonio Gates,28,SDG,TE,16,16,0,0,0,0,0.0,0,1,0,0,0,0.0,0.0,0.0,0.0,0.0,0.0,0,PB
74,Eric Ghiaciuc,27,CIN,C,16,16,0,0,0,0,0.0,0,4,0,-9,0,0.0,0.0,0.0,0.0,0.0,0.0,0,
75,Charles Godfrey,23,CAR,FS,16,16,1,16,0,16,5.0,1,0,2,0,0,1.0,61.0,52.0,9.0,2.0,1.0,0,
76,Tony Gonzalez,32,KAN,TE,16,16,0,0,0,0,0.0,0,0,1,0,0,0.0,0.0,0.0,0.0,0.0,0.0,0,"PB,AP-1"
77,Andre' Goodman,30,MIA,RCB,16,16,5,53,0,55,19.0,1,0,1,0,0,0.0,39.0,33.0,6.0,3.0,0.0,0,
78,Deon Grant,29,SEA,SS,16,16,2,31,0,31,8.0,0,0,0,0,0,0.0,79.0,62.0,17.0,3.0,1.0,0,
79,Cornell Green,32,OAK,RT,16,16,0,0,0,0,0.0,0,0,1,0,0,0.0,0.0,0.0,0.0,0.0,0.0,0,
80,Michael Griffin,23,TEN,FS,16,16,7,172,1,83,11.0,1,0,1,0,0,1.0,75.0,55.0,20.0,2.0,2.0,0,PB
81,Leon Hall,24,CIN,RCB,16,16,3,87,1,50,24.0,0,0,1,0,0,0.0,75.0,61.0,14.0,1.0,1.0,0,
82,Ken Hamlin,27,DAL,FS,16,16,1,0,0,0,2.0,1,0,1,0,0,1.0,74.0,53.0,21.0,1.0,2.0,0,
83,Chris Harris,26,CAR,SS,16,16,1,16,0,16,3.0,2,0,1,3,0,0.0,70.0,60.0,10.0,1.0,0.0,0,
84,Walt Harris,34,SFO,RCB,16,16,3,25,0,24,14.0,0,0,0,0,0,1.0,54.0,44.0,10.0,0.0,1.0,0,
85,A.J. Hawk,24,GNB,RLB/MLB,16,16,0,0,0,0,1.0,0,0,0,0,0,3.0,86.0,67.0,19.0,4.0,4.0,0,
86,Todd Heap,28,BAL,TE,16,16,0,0,0,0,0.0,0,1,0,0,0,0.0,0.0,0.0,0.0,,,0,
87,Eric Heitmann,28,SFO,C,16,16,0,0,0,0,0.0,0,0,1,0,0,0.0,0.0,0.0,0.0,0.0,0.0,0,
88,Ellis Hobbs,25,NWE,RCB,16,16,3,0,0,4,11.0,0,1,1,0,0,1.5,47.0,39.0,8.0,2.0,2.0,0,
89,Chris Hope,28,TEN,SS,16,16,4,53,0,39,8.0,0,0,0,0,0,1.0,78.0,63.0,15.0,3.0,1.0,0,PB
90,Chris Houston,24,ATL,RCB,16,16,2,10,1,10,16.0,0,0,1,4,0,0.0,61.0,52.0,9.0,1.0,0.0,0,
91,Thomas Howard,25,OAK,RLB,16,16,1,-3,0,-3,5.0,2,0,0,0,0,1.0,97.0,80.0,17.0,8.0,2.0,0,
92,D'Qwell Jackson,25,CLE,RILB,16,16,3,29,0,16,6.0,0,0,0,0,0,2.0,154.0,95.0,59.0,3.0,4.0,0,
93,Tanard Jackson,23,TAM,FS,16,16,1,25,0,25,3.0,2,0,1,0,0,1.0,69.0,59.0,10.0,1.0,0.0,0,
94,Vincent Jackson,25,SDG,WR,16,16,0,0,0,0,0.0,0,1,0,0,0,0.0,0.0,0.0,0.0,0.0,0.0,0,
95,Bradie James,27,DAL,LILB,16,16,0,0,0,0,4.0,3,0,2,0,0,8.0,117.0,81.0,36.0,15.0,12.0,0,
96,Quentin Jammer,29,SDG,LCB,16,16,2,2,0,2,19.0,3,0,2,23,0,0.0,88.0,75.0,13.0,1.0,0.0,0,
97,Kris Jenkins,29,NYJ,NT,16,16,0,0,0,0,2.0,1,0,0,0,0,3.5,52.0,37.0,15.0,7.0,9.0,0,"PB,AP-2"
98,Andre Johnson,27,HOU,WR,16,16,0,0,0,0,0.0,0,1,0,0,0,0.0,0.0,0.0,0.0,0.0,0.0,0,"PB,AP-1"
99,Calvin Johnson,23,DET,WR,16,16,0,0,0,0,0.0,0,3,2,0,0,0.0,0.0,0.0,0.0,0.0,0.0,0,
100,Jarret Johnson,27,BAL,LOLB,16,16,0,0,0,0,3.0,2,0,1,22,0,5.0,57.0,45.0,12.0,9.0,8.0,0,
101,Michael Johnson,24,NYG,FS,16,16,2,18,0,18,4.0,0,0,1,0,0,1.0,72.0,47.0,25.0,2.0,3.0,0,
102,Johnny Jolly,25,GNB,RDT,16,16,0,0,0,0,2.0,0,0,1,3,0,0.0,49.0,36.0,13.0,3.0,2.0,0,
103,Dhani Jones,30,CIN,MLB,16,16,1,13,0,13,8.0,1,0,1,0,0,0.0,116.0,75.0,41.0,6.0,2.0,0,
104,Aaron Kampman,29,GNB,LDE,16,16,0,0,0,0,1.0,0,0,0,0,0,9.5,62.0,47.0,15.0,9.0,28.0,0,
105,Jevon Kearse,32,TEN,LDE,16,16,0,0,0,0,3.0,3,0,0,0,0,3.5,34.0,27.0,7.0,10.0,11.0,0,
106,Tommy Kelly,28,OAK,LDT,16,16,0,0,0,0,0.0,0,0,0,0,0,4.5,58.0,31.0,27.0,3.0,10.0,0,
107,Chris Kelsay,29,BUF,LDE,16,16,0,0,0,0,5.0,1,0,0,0,0,2.0,47.0,33.0,14.0,9.0,7.0,0,
108,Chris Kemoeatu,25,PIT,LG,16,16,0,0,0,0,0.0,0,0,2,0,0,0.0,0.0,0.0,0.0,0.0,0.0,0,
109,Pete Kendall,35,WAS,LG,16,16,0,0,0,0,0.0,0,1,0,0,0,0.0,0.0,0.0,0.0,,,0,
110,Mathias Kiwanuka,25,NYG,RDE,16,16,0,0,0,0,1.0,2,0,2,0,0,8.0,51.0,34.0,17.0,12.0,17.0,1,
111,Chris Kuper,26,DEN,RG,16,16,0,0,0,0,0.0,0,0,1,0,0,0.0,0.0,0.0,0.0,0.0,0.0,0,
112,LaRon Landry,24,WAS,FS,16,16,2,18,0,13,11.0,2,0,1,0,0,0.5,65.0,49.0,16.0,1.0,2.0,0,
113,Paris Lenon,31,DET,MLB,16,16,0,0,0,0,3.0,2,0,2,0,0,1.5,122.0,81.0,41.0,7.0,3.0,0,
114,Jamal Lewis,29,CLE,RB,16,16,0,0,0,0,0.0,0,2,0,0,0,0.0,0.0,0.0,0.0,0.0,0.0,0,
115,Michael Lewis,28,SFO,SS,16,16,0,0,0,0,7.0,1,0,1,4,0,2.0,96.0,76.0,20.0,9.0,3.0,0,
116,Ray Lewis,33,BAL,LILB,16,16,3,43,0,29,9.0,2,0,2,0,0,3.5,118.0,85.0,33.0,9.0,12.0,0,"PB,AP-1"
117,Chris Long,23,STL,RDE,16,16,0,0,0,0,0.0,1,0,1,2,0,4.0,40.0,32.0,8.0,10.0,12.0,0,
118,Ken Lucas,29,CAR,RCB,16,16,2,74,0,43,10.0,0,0,0,0,0,0.0,60.0,53.0,7.0,1.0,0.0,0,
119,Eli Manning,27,NYG,QB,16,16,0,0,0,0,0.0,0,5,0,0,0,0.0,0.0,0.0,0.0,,,0,PB
120,Peyton Manning,32,IND,QB,16,16,0,0,0,0,0.0,0,1,0,0,0,0.0,0.0,0.0,0.0,,,0,"PB,AP-1,AP MVP-1,AP OPoY-2"
121,Derrick Mason,34,BAL,WR,16,16,0,0,0,0,0.0,0,2,1,0,0,0.0,0.0,0.0,0.0,0.0,0.0,0,
122,Jerod Mayo,22,NWE,LILB,16,16,0,0,0,0,4.0,1,0,1,0,0,0.0,128.0,100.0,28.0,5.0,1.0,0,AP DRoY-1
123,Le'Ron McClain,24,BAL,FB,16,16,0,0,0,0,0.0,0,4,0,0,0,0.0,0.0,0.0,0.0,0.0,0.0,0,"PB,AP-1"
124,Damion McIntosh,31,KAN,RT,16,16,0,0,0,0,0.0,0,0,2,0,0,0.0,0.0,0.0,0.0,0.0,0.0,0,
125,Kareem McKenzie,29,NYG,RT,16,16,0,0,0,0,0.0,0,0,3,0,0,0.0,0.0,0.0,0.0,,,0,
126,Donovan McNabb,32,PHI,QB,16,16,0,0,0,0,0.0,0,7,0,-10,0,0.0,0.0,0.0,0.0,0.0,0.0,0,
127,Brandon Mebane,23,SEA,LDT,16,16,0,0,0,0,1.0,2,0,0,0,0,5.5,39.0,29.0,10.0,9.0,18.0,0,
128,Quintin Mikell,28,PHI,SS,16,16,3,53,0,41,9.0,2,0,0,0,0,2.0,93.0,68.0,25.0,2.0,3.0,0,AP-2
129,Brandon Moore,28,NYJ,RG,16,16,0,0,0,0,0.0,0,0,2,0,0,0.0,0.0,0.0,0.0,0.0,0.0,0,
130,Kirk Morrison,26,OAK,MLB,16,16,1,0,0,0,1.0,2,0,0,0,0,1.0,137.0,101.0,36.0,2.0,1.0,0,
131,Randy Moss,31,NWE,WR,16,16,0,0,0,0,0.0,0,3,1,0,0,0.0,0.0,0.0,0.0,0.0,0.0,0,
132,Santana Moss,29,WAS,WR,16,16,0,0,0,0,0.0,0,1,0,0,0,0.0,0.0,0.0,0.0,0.0,0.0,0,
133,Haloti Ngata,24,BAL,NT,16,16,2,8,0,7,6.0,0,0,0,0,0,1.0,55.0,43.0,12.0,6.0,9.0,0,AP-2
134,Adewale Ogunleye,31,CHI,LDE,16,16,1,0,0,0,5.0,0,0,0,0,0,5.0,62.0,48.0,14.0,13.0,10.0,1,
135,Chike Okeafor,32,ARI,LLB,16,16,1,39,0,39,3.0,1,0,0,0,0,4.5,59.0,50.0,9.0,9.0,11.0,0,
136,Terrell Owens,35,DAL,WR,16,16,0,0,0,0,0.0,0,1,0,0,0,0.0,0.0,0.0,0.0,0.0,0.0,0,
137,Calvin Pace,28,NYJ,ROLB,16,16,0,0,0,0,3.0,5,0,4,50,1,7.0,80.0,62.0,18.0,11.0,9.0,0,
138,Jarrad Page,24,KAN,FS,16,16,4,2,0,2,12.0,2,0,2,8,0,0.0,85.0,63.0,22.0,3.0,0.0,0,
139,Juqua Parker,30,PHI,LDE,16,16,1,55,1,55,7.0,1,0,0,0,0,5.0,45.0,33.0,12.0,6.0,9.0,0,
140,Tony Pashos,28,JAX,RT,16,16,0,0,0,0,0.0,0,0,1,0,0,0.0,0.0,0.0,0.0,0.0,0.0,0,
141,Mike Patterson,25,PHI,LDT,16,16,1,21,0,21,1.0,1,0,1,0,0,0.5,42.0,28.0,14.0,2.0,2.0,0,
142,Kevin Payne,25,CHI,SS,16,16,4,147,0,50,7.0,0,0,0,0,0,1.0,89.0,74.0,15.0,3.0,1.0,0,
143,Domata Peko,24,CIN,LDT,16,16,0,0,0,0,2.0,0,0,0,0,0,0.5,67.0,29.0,38.0,3.0,4.0,0,
144,Chad Pennington,32,MIA,QB,16,16,0,0,0,0,0.0,0,3,1,-3,0,0.0,0.0,0.0,0.0,0.0,0.0,0,"AP MVP-2,AP CPoY-1"
145,Julius Peppers,28,CAR,RDE,16,16,0,0,0,0,4.0,5,0,0,0,0,14.5,51.0,40.0,11.0,17.0,22.0,0,"PB,AP-2"
146,Shaun Phillips,27,SDG,LOLB,16,16,0,0,0,0,4.0,1,0,1,0,0,7.5,76.0,53.0,23.0,7.0,15.0,0,
147,Ryan Pickett,29,GNB,LDT,16,16,0,0,0,0,3.0,0,0,0,0,0,1.5,48.0,26.0,22.0,3.0,3.0,0,
148,Chester Pitts,29,HOU,LG,16,16,0,0,0,0,0.0,0,0,1,0,0,0.0,0.0,0.0,0.0,0.0,0.0,0,
149,Troy Polamalu,27,PIT,SS,16,16,7,59,0,23,17.0,0,0,0,0,0,0.0,73.0,54.0,19.0,5.0,0.0,0,"PB,AP-1,AP DPoY-5"
150,Bernard Pollard,24,KAN,SS,16,16,1,0,0,0,1.0,2,0,3,0,0,0.0,98.0,79.0,19.0,1.0,1.0,0,
151,Joey Porter,31,MIA,ROLB,16,16,0,0,0,0,1.0,4,0,1,4,0,17.5,48.0,37.0,11.0,18.0,25.0,0,"PB,AP-2,AP CPoY-7"
152,Clinton Portis,27,WAS,RB,16,16,0,0,0,0,0.0,1,3,0,0,0,0.0,0.0,0.0,0.0,0.0,0.0,0,"PB,AP-2"
153,Paul Posluszny,24,BUF,MLB,16,16,1,9,0,9,6.0,1,0,1,0,0,0.0,110.0,87.0,23.0,3.0,3.0,0,
154,Trevor Pryce,33,BAL,RDE,16,16,0,0,0,0,2.0,0,0,0,0,0,4.5,27.0,18.0,9.0,8.0,16.0,0,
155,Casey Rabach,31,WAS,C,16,16,0,0,0,0,0.0,0,1,1,-13,0,0.0,0.0,0.0,0.0,0.0,0.0,0,
156,Antwaan Randle El,29,WAS,WR,16,16,0,0,0,0,0.0,0,2,1,-3,0,0.0,0.0,0.0,0.0,0.0,0.0,0,
157,Jay Ratliff,27,DAL,NT,16,16,0,0,0,0,5.0,0,0,1,0,0,7.5,51.0,33.0,18.0,12.0,15.0,0,PB
158,Ed Reed,30,BAL,FS,16,16,9,264,2,107,16.0,1,1,2,27,1,1.0,41.0,34.0,7.0,1.0,1.0,0,"PB,AP-1,AP DPoY-3"
159,Jacques Reeves,26,HOU,RCB,16,16,4,108,1,44,19.0,1,0,1,0,0,0.0,53.0,49.0,4.0,0.0,0.0,0,
160,Darrelle Revis,23,NYJ,LCB,16,16,5,38,1,32,16.0,1,0,2,0,0,1.0,58.0,45.0,13.0,2.0,1.0,0,PB
161,Kerry Rhodes,26,NYJ,FS,16,16,2,50,0,50,5.0,0,0,2,29,0,1.0,84.0,60.0,24.0,9.0,2.0,0,
162,Philip Rivers,27,SDG,QB,16,16,0,0,0,0,0.0,0,8,2,-5,0,0.0,0.0,0.0,0.0,0.0,0.0,0,"AP MVP-6,AP OPoY-4,AP CPoY-8"
163,Aaron Rodgers,25,GNB,QB,16,16,0,0,0,0,0.0,0,10,5,-22,0,0.0,0.0,0.0,0.0,0.0,0.0,0,
164,Ben Roethlisberger,26,PIT,QB,16,16,0,0,0,0,0.0,0,14,3,-5,0,0.0,0.0,0.0,0.0,0.0,0.0,0,
165,Shaun Rogers,29,CLE,NT,16,16,0,0,0,0,4.0,0,0,0,0,0,4.5,75.0,60.0,15.0,11.0,17.0,0,PB
166,Antrel Rolle,26,ARI,FS,16,16,1,40,1,40,5.0,0,0,0,0,0,0.0,90.0,79.0,11.0,1.0,1.0,0,
167,Mark Roman,31,SFO,FS,16,16,0,0,0,0,5.0,0,0,1,0,0,0.0,53.0,39.0,14.0,1.0,1.0,0,
168,Michael Roos,26,TEN,LT,16,16,0,0,0,0,0.0,0,0,1,0,0,0.0,0.0,0.0,0.0,0.0,0.0,0,"PB,AP-1"
169,Brian Russell,30,SEA,FS,16,16,0,0,0,0,3.0,1,0,0,0,0,1.0,72.0,55.0,17.0,2.0,1.0,0,
170,Barrett Ruud,25,TAM,MLB,16,16,2,10,0,10,6.0,0,0,1,0,0,3.0,136.0,101.0,35.0,6.0,5.0,0,
171,Matt Ryan,23,ATL,QB,16,16,0,0,0,0,0.0,0,6,2,-13,0,0.0,0.0,0.0,0.0,,,0,AP ORoY-1
172,DeMeco Ryans,24,HOU,MLB,16,16,0,0,0,0,4.0,2,0,3,47,0,1.0,112.0,86.0,26.0,5.0,4.0,0,
173,Samson Satele,24,MIA,C,16,16,0,0,0,0,0.0,0,0,1,0,0,0.0,0.0,0.0,0.0,0.0,0.0,0,
174,Bart Scott,28,BAL,RILB,16,16,0,0,0,0,5.0,2,0,0,0,0,1.5,83.0,62.0,21.0,9.0,9.0,0,
175,Lyle Sendlein,24,ARI,C,16,16,0,0,0,0,0.0,0,1,0,0,0,0.0,0.0,0.0,0.0,0.0,0.0,0,
176,Rich Seubert,29,NYG,LG,16,16,0,0,0,0,0.0,0,0,1,0,0,0.0,0.0,0.0,0.0,0.0,0.0,0,
177,Scott Shanle,29,NOR,RLB,16,16,0,0,0,0,5.0,1,0,0,0,0,2.0,87.0,60.0,27.0,7.0,3.0,0,
178,Darren Sharper,33,MIN,SS,16,16,1,12,0,12,5.0,0,0,2,20,0,0.0,69.0,60.0,9.0,1.0,0.0,0,
179,Ernie Sims,24,DET,RLB,16,16,0,0,0,0,1.0,0,0,0,0,0,1.0,113.0,71.0,42.0,4.0,2.0,0,
180,Aaron Smith,32,PIT,LDE,16,16,0,0,0,0,4.0,0,0,0,0,0,5.5,60.0,44.0,16.0,8.0,10.0,0,
181,Justin Smith,29,SFO,RDE,16,16,1,0,0,0,3.0,1,0,0,0,0,7.0,73.0,50.0,23.0,10.0,17.0,0,
182,Will Smith,27,NOR,RDE,16,16,0,0,0,0,1.0,1,0,0,0,0,3.0,62.0,43.0,19.0,6.0,11.0,0,
183,Joe Staley,24,SFO,LT,16,16,0,0,0,0,0.0,0,0,1,0,1,0.0,0.0,0.0,0.0,0.0,0.0,0,
184,David Stewart,26,TEN,RT,16,16,0,0,0,0,0.0,0,0,2,0,0,0.0,0.0,0.0,0.0,0.0,0.0,0,AP-2
185,Marcus Stroud,30,BUF,LDT,16,16,0,0,0,0,8.0,1,0,2,6,0,2.5,45.0,29.0,16.0,6.0,5.0,0,
186,Terrell Suggs,26,BAL,ROLB,16,16,2,86,2,44,9.0,2,0,1,0,0,8.0,69.0,54.0,15.0,19.0,15.0,0,"PB,AP-2"
187,Ike Taylor,28,PIT,LCB,16,16,1,0,0,0,15.0,0,0,0,0,0,0.0,65.0,50.0,15.0,0.0,0.0,0,
188,Joe Thomas,24,CLE,LT,16,16,0,0,0,0,0.0,0,0,2,0,0,0.0,0.0,0.0,0.0,0.0,0.0,0,"PB,AP-2"
189,Marcus Thomas,23,DEN,RDT,16,16,1,11,0,11,1.0,0,1,0,0,0,0.0,34.0,23.0,11.0,0.0,1.0,0,
190,Randy Thomas,32,WAS,RG,16,16,0,0,0,0,0.0,0,0,1,0,0,0.0,0.0,0.0,0.0,0.0,0.0,0,
191,Pisa Tinoisamoa,27,STL,RLB,16,16,0,0,0,0,2.0,2,0,0,0,0,3.0,104.0,88.0,16.0,10.0,5.0,0,
192,LaDainian Tomlinson,29,SDG,RB,16,16,0,0,0,0,0.0,0,1,1,0,0,0.0,0.0,0.0,0.0,0.0,0.0,0,
193,Jeremy Trueblood,25,TAM,RT,16,16,0,0,0,0,0.0,0,0,1,0,0,0.0,0.0,0.0,0.0,0.0,0.0,0,
194,Marcus Trufant,28,SEA,LCB,16,16,1,0,0,0,13.0,0,1,2,36,0,0.0,64.0,60.0,4.0,0.0,0.0,0,
195,Justin Tuck,25,NYG,LDE,16,16,1,41,1,41,2.0,3,0,0,0,0,12.0,65.0,51.0,14.0,20.0,18.0,0,"PB,AP-1"
196,Michael Turner,26,ATL,RB,16,16,0,0,0,0,0.0,0,3,0,0,0,0.0,0.0,0.0,0.0,,,0,"PB,AP-1,AP MVP-2,AP OPoY-6"
197,Tank Tyler,23,KAN,LDT,16,16,0,0,0,0,0.0,0,0,1,7,0,0.0,41.0,29.0,12.0,2.0,5.0,0,
198,Brian Urlacher,30,CHI,MLB,16,16,2,11,0,11,9.0,0,0,1,0,0,0.0,93.0,79.0,14.0,10.0,3.0,0,
199,Jonathan Vilma,26,NOR,MLB,16,16,1,8,0,8,6.0,2,0,3,6,0,1.0,132.0,98.0,34.0,4.0,5.0,0,
200,Langston Walker,29,BUF,RT,16,16,0,0,0,0,0.0,0,0,1,0,0,0.0,0.0,0.0,0.0,0.0,0.0,0,
201,DeMarcus Ware,26,DAL,ROLB,16,16,0,0,0,0,2.0,6,0,1,0,0,20.0,84.0,69.0,15.0,27.0,30.0,0,"PB,AP-1,AP DPoY-2"
202,Kurt Warner,37,ARI,QB,16,16,0,0,0,0,0.0,0,11,2,-8,0,0.0,0.0,0.0,0.0,0.0,0.0,0,"PB,AP MVP-7,AP CPoY-4"
203,Gerard Warren,30,OAK,RDT,16,16,0,0,0,0,1.0,1,0,0,0,0,4.0,41.0,32.0,9.0,8.0,4.0,0,
204,Anthony Weaver,28,HOU,LDE,16,16,1,8,0,8,1.0,0,0,0,0,0,0.0,45.0,28.0,17.0,3.0,0.0,0,
205,Corey Webster,26,NYG,RCB,16,16,3,65,0,57,24.0,2,0,1,0,0,1.0,50.0,48.0,2.0,3.0,1.0,0,
206,Eric Weddle,23,SDG,FS,16,16,1,3,0,3,5.0,0,0,1,86,1,1.0,127.0,105.0,22.0,3.0,0.0,0,
207,Vince Wilfork,27,NWE,NT,16,16,0,0,0,0,1.0,0,0,0,0,0,2.0,66.0,45.0,21.0,3.0,4.0,0,
208,Bobbie Williams,32,CIN,RG,16,16,0,0,0,0,0.0,0,0,2,0,0,0.0,0.0,0.0,0.0,0.0,0.0,0,
209,Brian Williams,29,JAX,RCB,16,16,2,31,0,27,10.0,0,0,0,0,0,0.0,83.0,75.0,8.0,5.0,0.0,0,
210,Corey Williams,28,CLE,LDE,16,16,0,0,0,0,4.0,1,0,1,0,0,0.5,50.0,33.0,17.0,1.0,2.0,0,
211,Kevin Williams,28,MIN,RDT,16,16,0,0,0,0,5.0,1,0,0,0,0,8.5,62.0,47.0,15.0,15.0,18.0,0,"PB,AP-1"
212,Kyle Williams,25,BUF,RDT,16,16,0,0,0,0,0.0,1,0,0,0,0,2.0,55.0,37.0,18.0,6.0,7.0,0,
213,Mario Williams,23,HOU,RDE,16,16,0,0,0,0,0.0,4,0,0,0,0,12.0,53.0,44.0,9.0,17.0,22.0,0,PB
214,Patrick Willis,23,SFO,MLB,16,16,1,86,1,86,10.0,1,0,1,0,0,1.0,141.0,109.0,32.0,8.0,3.0,0,"PB,AP-2"
215,Kamerion Wimbley,25,CLE,ROLB,16,16,1,2,0,2,2.0,1,0,0,0,0,4.0,66.0,52.0,14.0,7.0,9.0,0,
216,Antoine Winfield,31,MIN,LCB,16,16,2,5,0,4,11.0,4,0,2,28,1,2.0,96.0,82.0,14.0,12.0,1.0,0,"PB,AP-2"
217,Charles Woodson,32,GNB,LCB,16,16,7,169,2,62,17.0,1,0,1,-2,0,3.0,63.0,51.0,12.0,4.0,3.0,0,"PB,AP-2"
218,Damien Woody,31,NYJ,RT,16,16,0,0,0,0,0.0,0,0,1,0,0,0.0,0.0,0.0,0.0,,,0,
219,Eric Wright,23,CLE,LCB,16,16,3,131,1,94,13.0,2,1,3,-2,0,0.0,66.0,61.0,5.0,3.0,0.0,0,
220,Justin Bannan,29,BAL,LDE/NT,16,15,1,-4,0,-4,3.0,0,0,0,0,0,1.0,45.0,30.0,15.0,4.0,4.0,0,
221,Ron Bartell,26,STL,LCB,16,15,3,29,0,24,20.0,2,0,1,0,0,1.0,57.0,54.0,3.0,2.0,0.0,0,
222,Leigh Bodden,27,DET,RCB,16,15,1,2,0,2,12.0,3,0,2,8,0,0.0,73.0,61.0,12.0,0.0,0.0,0,
223,Raheem Brock,30,IND,LDE,16,15,0,0,0,0,1.0,3,0,1,9,0,3.5,30.0,26.0,4.0,4.0,11.0,0,
224,Sheldon Brown,29,PHI,RCB,16,15,1,23,0,23,12.0,1,0,0,0,0,1.0,51.0,42.0,9.0,2.0,2.0,0,
225,Antonio Bryant,27,TAM,WR,16,15,0,0,0,0,0.0,0,1,0,0,0,0.0,0.0,0.0,0.0,0.0,0.0,0,AP CPoY-4
226,Daniel Bullocks,25,DET,SS,16,15,0,0,0,0,1.0,2,0,1,44,1,0.0,94.0,64.0,30.0,2.0,0.0,0,
227,Matt Cassel,26,NWE,QB,16,15,0,0,0,0,0.0,0,7,2,-17,0,0.0,0.0,0.0,0.0,0.0,0.0,0,
228,Danny Clark,31,NYG,LLB,16,15,0,0,0,0,1.0,2,0,0,0,0,0.0,69.0,43.0,26.0,6.0,1.0,0,
229,Kenyon Coleman,29,NYJ,RDE,16,15,0,0,0,0,1.0,1,0,0,0,0,0.5,55.0,44.0,11.0,1.0,2.0,0,
230,Kerry Collins,36,TEN,QB,16,15,0,0,0,0,0.0,0,5,2,-5,0,0.0,0.0,0.0,0.0,0.0,0.0,0,"PB,AP CPoY-2"
231,Antonio Cromartie,24,SDG,RCB,16,15,2,66,1,52,9.0,0,2,0,0,0,0.0,64.0,60.0,4.0,0.0,0.0,0,
232,Elvis Dumervil,24,DEN,RDE,16,15,0,0,0,0,0.0,1,0,1,0,0,5.0,24.0,17.0,7.0,4.0,13.0,0,
233,Aubrayo Franklin,28,SFO,RDT,16,15,0,0,0,0,2.0,2,0,0,0,0,1.0,46.0,33.0,13.0,4.0,3.0,0,
234,Chad Greenway,25,MIN,LLB,16,15,0,0,0,0,5.0,3,0,0,0,0,5.5,116.0,87.0,29.0,11.0,8.0,0,
235,Cedric Griffin,26,MIN,RCB,16,15,1,-2,0,-2,14.0,4,0,0,0,0,0.0,91.0,80.0,11.0,2.0,0.0,0,
236,Anthony Henry,32,DAL,RCB,16,15,1,0,0,0,5.0,1,0,2,0,0,2.0,50.0,39.0,11.0,2.0,2.0,0,
237,Renaldo Hill,30,MIA,FS,16,15,3,34,0,17,4.0,0,0,0,0,0,0.0,78.0,63.0,15.0,2.0,0.0,0,
238,Vonnie Holliday,33,MIA,RDE,16,15,0,0,0,0,1.0,0,0,1,0,0,3.5,46.0,29.0,17.0,4.0,7.0,0,
239,DeSean Jackson,22,PHI,WR,16,15,0,0,0,0,0.0,0,4,0,0,0,0.0,0.0,0.0,0.0,0.0,0.0,0,
240,Rashad Jeanty,25,CIN,LLB,16,15,0,0,0,0,2.0,2,0,1,0,0,0.0,99.0,63.0,36.0,5.0,2.0,0,
241,Greg Jennings,25,GNB,WR,16,15,0,0,0,0,0.0,0,1,2,3,0,0.0,0.0,0.0,0.0,0.0,0.0,0,
242,Ben Leber,30,MIN,RLB,16,15,2,29,0,28,7.0,1,1,4,10,0,1.5,64.0,47.0,17.0,4.0,4.0,0,
243,Curtis Lofton,22,ATL,MLB,16,15,0,0,0,0,2.0,1,0,0,0,0,1.0,94.0,67.0,27.0,4.0,2.0,0,
244,Brandon McDonald,23,CLE,RCB,16,15,5,146,1,98,16.0,1,0,0,0,0,0.0,75.0,64.0,11.0,5.0,1.0,0,
245,Rocky McIntosh,26,WAS,RLB,16,15,1,4,0,4,5.0,2,0,0,0,0,2.0,88.0,61.0,27.0,3.0,5.0,0,
246,Zach Miller,23,OAK,TE,16,15,0,0,0,0,0.0,0,0,1,0,0,0.0,0.0,0.0,0.0,0.0,0.0,0,
247,Kawika Mitchell,29,BUF,RLB,16,15,2,33,0,32,3.0,2,0,0,0,0,4.0,82.0,57.0,25.0,10.0,7.0,0,
248,Muhsin Muhammad,35,CAR,WR,16,15,0,0,0,0,0.0,0,2,0,0,0,0.0,0.0,0.0,0.0,0.0,0.0,0,
249,Adrian Peterson,23,MIN,RB,16,15,0,0,0,0,0.0,0,9,2,0,0,0.0,0.0,0.0,0.0,0.0,0.0,0,"PB,AP-1,AP MVP-4,AP OPoY-2"
250,Julian Peterson,30,SEA,RLB,16,15,0,0,0,0,6.0,4,0,1,0,0,5.0,86.0,65.0,21.0,6.0,8.0,0,PB
251,Bryan Robinson,34,ARI,LDT,16,15,0,0,0,0,0.0,0,0,0,0,0,1.0,20.0,16.0,4.0,3.0,2.0,0,
252,Clint Session,24,IND,LLB,16,15,0,0,0,0,0.0,2,0,0,0,0,0.0,94.0,74.0,20.0,11.0,0.0,0,
253,Visanthe Shiancoe,28,MIN,TE,16,15,0,0,0,0,0.0,0,0,1,0,0,0.0,0.0,0.0,0.0,0.0,0.0,0,
254,Steve Slaton,22,HOU,RB,16,15,0,0,0,0,0.0,0,3,1,0,0,0.0,0.0,0.0,0.0,0.0,0.0,0,
255,Isaac Sopoaga,27,SFO,LDT,16,15,0,0,0,0,1.0,0,0,0,0,0,1.0,40.0,26.0,14.0,4.0,2.0,0,
256,Marcus Spears,25,DAL,LDE,16,15,0,0,0,0,2.0,1,0,0,0,0,1.0,35.0,23.0,12.0,5.0,6.0,0,
257,Bryan Thomas,29,NYJ,LOLB,16,15,0,0,0,0,1.0,2,0,1,0,0,5.5,59.0,40.0,19.0,10.0,6.0,0,
258,Hines Ward,32,PIT,WR,16,15,0,0,0,0,0.0,0,1,0,0,0,0.0,0.0,0.0,0.0,0.0,0.0,0,
259,Roddy White,27,ATL,WR,16,15,0,0,0,0,0.0,0,1,0,0,0,0.0,0.0,0.0,0.0,0.0,0.0,0,PB
260,Jamal Williams,32,SDG,NT,16,15,0,0,0,0,3.0,0,0,0,0,0,1.5,56.0,46.0,10.0,8.0,2.0,0,
261,Gibril Wilson,27,OAK,SS,16,15,2,5,0,5,3.0,1,0,3,9,0,1.5,134.0,98.0,36.0,3.0,2.0,1,
262,Andre Carter,29,WAS,RDE,16,14,0,0,0,0,2.0,0,0,0,0,0,4.0,37.0,24.0,13.0,7.0,19.0,0,
263,Ryan Cook,25,MIN,RT,16,14,0,0,0,0,0.0,0,0,2,2,0,0.0,0.0,0.0,0.0,0.0,0.0,0,
264,Keith Ellison,24,BUF,LLB,16,14,0,0,0,0,2.0,0,0,1,0,0,0.0,73.0,49.0,24.0,2.0,0.0,0,
265,Ted Ginn Jr.,23,MIA,WR,16,14,0,0,0,0,0.0,0,5,1,0,0,0.0,0.0,0.0,0.0,0.0,0.0,0,
266,Ryan Grant,26,GNB,RB,16,14,0,0,0,0,0.0,0,4,0,0,0,0.0,0.0,0.0,0.0,,,0,
267,Gerald Hayes,28,ARI,MLB,16,14,0,0,0,0,4.0,4,0,2,0,0,0.5,88.0,67.0,21.0,6.0,3.0,0,
268,Lawrence Jackson,23,SEA,RDE,16,14,0,0,0,0,0.0,0,0,0,0,0,2.0,29.0,21.0,8.0,1.0,4.0,0,
269,Thomas Jones,30,NYJ,RB,16,14,0,0,0,0,0.0,0,2,0,0,0,0.0,0.0,0.0,0.0,0.0,0.0,0,PB
270,Cato June,29,TAM,LLB,16,14,1,1,0,1,2.0,0,0,0,0,0,0.0,67.0,49.0,18.0,3.0,0.0,0,
271,Marquand Manuel,29,DEN,SS,16,14,0,0,0,0,4.0,0,0,0,0,0,0.0,84.0,62.0,22.0,1.0,1.0,0,
272,Carlos Rogers,27,WAS,RCB,16,14,2,73,0,42,24.0,0,0,1,0,0,0.0,56.0,49.0,7.0,1.0,0.0,0,
273,Matt Roth,26,MIA,LOLB,16,14,0,0,0,0,4.0,2,0,0,0,0,5.0,53.0,46.0,7.0,9.0,6.0,0,
274,Zach Thomas,35,DAL,RILB,16,14,0,0,0,0,3.0,0,0,1,0,0,1.0,94.0,65.0,29.0,4.0,1.0,0,
275,Mike Vrabel,33,NWE,LOLB,16,14,1,5,0,5,4.0,1,0,1,0,0,4.0,62.0,40.0,22.0,10.0,10.0,0,
276,Bobby Wade,27,MIN,WR,16,14,0,0,0,0,0.0,0,2,0,0,0,0.0,0.0,0.0,0.0,,,0,
277,Wes Welker,27,NWE,WR,16,14,0,0,0,0,0.0,0,1,0,0,0,0.0,0.0,0.0,0.0,0.0,0.0,0,"PB,AP-2"
278,Akin Ayodele,29,MIA,RILB,16,13,2,29,0,17,4.0,0,0,1,0,0,0.0,75.0,58.0,17.0,2.0,0.0,0,
279,Bernard Berrian,28,MIN,WR,16,13,0,0,0,0,0.0,0,1,0,0,0,0.0,0.0,0.0,0.0,0.0,0.0,0,
280,Ronnie Brown,27,MIA,RB,16,13,0,0,0,0,0.0,0,1,0,0,0,0.0,0.0,0.0,0.0,,,0,"PB,AP CPoY-8"
281,Corey Chavous,32,STL,SS,16,13,0,0,0,0,1.0,0,0,1,0,0,0.0,63.0,52.0,11.0,2.0,3.0,0,
282,Gosder Cherilus,24,DET,RT,16,13,0,0,0,0,0.0,0,0,2,0,0,0.0,0.0,0.0,0.0,0.0,0.0,0,
283,Jason Ferguson,34,MIA,NT/LDT,16,13,0,0,0,0,0.0,0,0,0,0,0,0.0,22.0,18.0,4.0,5.0,1.0,0,
284,Reggie Hayward,29,JAX,RDE,16,13,0,0,0,0,3.0,2,0,1,4,0,4.5,24.0,22.0,2.0,11.0,12.0,0,
285,Devery Henderson,26,NOR,WR,16,13,0,0,0,0,0.0,0,1,1,0,0,0.0,0.0,0.0,0.0,0.0,0.0,0,
286,Kendall Langford,22,MIA,LDE,16,13,0,0,0,0,4.0,0,0,0,0,0,2.0,31.0,25.0,6.0,6.0,2.0,0,
287,Jim Leonhard,26,BAL,SS,16,13,1,35,1,35,6.0,0,1,1,0,0,1.0,69.0,55.0,14.0,2.0,5.0,0,
288,Ovie Mughelli,28,ATL,FB,16,13,0,0,0,0,0.0,0,0,0,0,0,0.0,8.0,8.0,0.0,0.0,0.0,0,
289,Igor Olshansky,26,SDG,LDE,16,13,0,0,0,0,1.0,0,0,0,0,0,2.0,28.0,20.0,8.0,2.0,4.0,0,
290,Gerald Sensabaugh,25,JAX,SS,16,13,4,38,0,23,8.0,0,0,0,0,0,0.0,70.0,59.0,11.0,2.0,0.0,0,
291,Matt Spaeth,25,PIT,TE,16,13,0,0,0,0,0.0,0,0,0,0,0,0.0,1.0,0.0,1.0,0.0,0.0,0,
292,Takeo Spikes,32,SFO,LLB,16,13,3,14,0,13,7.0,2,1,1,0,0,1.0,96.0,61.0,35.0,3.0,4.0,0,
293,Michael Boley,26,ATL,LLB,16,12,1,16,0,16,9.0,0,0,1,0,0,0.0,73.0,63.0,10.0,2.0,1.0,0,
294,Rashied Davis,29,CHI,WR,16,12,0,0,0,0,0.0,0,0,1,0,1,0.0,6.0,5.0,1.0,0.0,0.0,0,
295,Chris Gocong,25,PHI,LLB,16,12,0,0,0,0,6.0,1,0,1,0,1,2.0,59.0,43.0,16.0,6.0,3.0,0,
296,Clint Ingram,25,JAX,LLB/RLB,16,12,0,0,0,0,0.0,1,1,0,7,0,2.0,37.0,32.0,5.0,6.0,3.0,0,
297,Tim Jennings,25,IND,RCB,16,12,2,9,0,6,7.0,2,0,2,0,0,0.0,66.0,51.0,15.0,3.0,0.0,0,
298,Vonta Leach,27,HOU,FB,16,12,0,0,0,0,0.0,0,0,0,0,0,0.0,5.0,4.0,1.0,0.0,0.0,0,
299,Brady Poppinga,29,GNB,LLB,16,12,0,0,0,0,1.0,0,0,0,0,0,0.0,69.0,48.0,21.0,4.0,2.0,0,
300,Clifton Ryan,24,STL,RDT,16,12,0,0,0,0,1.0,0,0,0,0,0,0.0,31.0,23.0,8.0,5.0,3.0,0,
301,Derek Schouman,23,BUF,TE,16,12,0,0,0,0,0.0,0,1,1,0,0,0.0,0.0,0.0,0.0,0.0,0.0,0,
302,Kevin Smith,22,DET,RB,16,12,0,0,0,0,0.0,0,2,1,0,0,0.0,0.0,0.0,0.0,0.0,0.0,0,
303,Amani Toomer,34,NYG,WR,16,12,0,0,0,0,0.0,0,1,0,0,0,0.0,1.0,1.0,0.0,,,0,
304,Stephen Tulloch,23,TEN,MLB,16,12,0,0,0,0,2.0,0,0,2,4,0,1.0,83.0,63.0,20.0,4.0,1.0,0,
305,Josh Wilson,23,SEA,RCB,16,12,4,135,1,75,9.0,3,3,2,0,0,1.0,76.0,69.0,7.0,3.0,1.0,0,
306,Will Witherspoon,28,STL,MLB,16,12,1,2,0,2,3.0,0,0,1,0,0,1.0,72.0,57.0,15.0,3.0,3.0,0,
307,Anthony Becht,31,STL,TE,16,11,0,0,0,0,0.0,0,0,1,0,0,0.0,0.0,0.0,0.0,0.0,0.0,0,
308,Ryan Denney,31,BUF,RDE,16,11,0,0,0,0,7.0,1,0,0,0,0,4.0,58.0,40.0,18.0,9.0,7.0,0,
309,Demetric Evans,29,WAS,LDE,16,11,0,0,0,0,2.0,0,0,0,0,0,3.5,33.0,21.0,12.0,6.0,7.0,0,
310,Ahmard Hall,29,TEN,FB,16,11,0,0,0,0,0.0,0,1,0,0,0,0.0,1.0,1.0,0.0,0.0,0.0,0,
311,Brad Hoover,32,CAR,FB,16,11,0,0,0,0,0.0,0,0,0,0,0,0.0,3.0,3.0,0.0,0.0,0.0,0,
312,Jim Kleinsasser,31,MIN,TE,16,11,0,0,0,0,0.0,0,0,1,0,0,0.0,0.0,0.0,0.0,0.0,0.0,0,
313,Brandon Meriweather,24,NWE,SS,16,11,4,25,0,19,9.0,2,0,0,0,0,2.0,83.0,61.0,22.0,5.0,2.0,0,
314,Jay Richardson,24,OAK,LDE,16,11,0,0,0,0,1.0,0,0,0,0,0,3.0,53.0,39.0,14.0,5.0,4.0,1,
315,Dominique Rodgers-Cromartie,22,ARI,RCB,16,11,4,157,1,99,19.0,0,1,1,0,0,0.0,43.0,39.0,4.0,1.0,0.0,0,
316,Ko Simpson,25,BUF,FS,16,11,0,0,0,0,2.0,0,0,0,0,0,0.0,66.0,51.0,15.0,1.0,0.0,0,
317,Darryl Tapp,24,SEA,LDE,16,11,0,0,0,0,0.0,4,0,1,0,0,5.5,55.0,46.0,9.0,7.0,13.0,0,
318,Jamie Winborn,29,DEN,LLB,16,11,0,0,0,0,11.0,0,0,0,0,0,0.5,99.0,74.0,25.0,5.0,2.0,0,
319,Billy Bajema,26,SFO,TE,16,10,0,0,0,0,0.0,0,0,1,0,0,0.0,6.0,3.0,3.0,0.0,0.0,0,
320,Quinton Culberson,23,STL,LLB,16,10,0,0,0,0,2.0,0,0,1,10,0,0.0,50.0,40.0,10.0,5.0,3.0,0,
321,Hiram Eugene,28,OAK,FS,16,10,0,0,0,0,3.0,1,0,0,0,0,0.0,57.0,46.0,11.0,0.0,0.0,0,
322,Omar Gaither,24,PHI,RLB,16,10,0,0,0,0,6.0,1,0,2,6,0,2.5,59.0,51.0,8.0,10.0,3.0,0,
323,John Gilmore,29,TAM,TE,16,10,0,0,0,0,0.0,0,0,0,0,0,0.0,1.0,0.0,1.0,0.0,0.0,0,
324,Parys Haralson,24,SFO,RLB,16,10,0,0,0,0,2.0,0,0,1,0,0,8.0,39.0,28.0,11.0,10.0,9.0,0,
325,Madison Hedgecock,27,NYG,FB,16,10,0,0,0,0,0.0,0,0,0,0,0,0.0,1.0,0.0,1.0,0.0,0.0,0,AP-2
326,Joe Klopfenstein,25,STL,TE,16,10,0,0,0,0,0.0,0,1,0,0,0,0.0,0.0,0.0,0.0,0.0,0.0,0,
327,Dwight Lowery,22,NYJ,RCB,16,10,1,0,0,0,16.0,5,0,0,0,0,0.0,64.0,54.0,10.0,1.0,0.0,0,
328,Ryan Nece,29,DET,LLB,16,10,1,18,0,18,4.0,0,0,0,0,0,1.5,68.0,45.0,23.0,4.0,2.0,0,
329,Deltha O'Neal,31,NWE,LCB,16,10,3,49,0,47,8.0,0,0,0,0,0,0.0,32.0,30.0,2.0,0.0,0.0,0,
330,Kalvin Pearson,30,DET,FS,16,10,0,0,0,0,4.0,4,0,2,0,0,1.0,84.0,66.0,18.0,2.0,0.0,0,
331,Antonio Smith,27,ARI,LDE,16,10,0,0,0,0,0.0,2,0,3,16,0,3.5,41.0,31.0,10.0,7.0,13.0,0,
332,Paul Spicer,33,JAX,LDE,16,10,0,0,0,0,2.0,1,0,0,0,0,3.5,34.0,31.0,3.0,4.0,7.0,0,
333,Victor Adeyanju,25,STL,LDE,16,9,0,0,0,0,0.0,0,0,0,0,0,2.0,47.0,40.0,7.0,8.0,4.0,0,
334,David Baas,27,SFO,LG,16,9,0,0,0,0,0.0,0,0,2,0,0,0.0,0.0,0.0,0.0,0.0,0.0,0,
335,Steve Breaston,25,ARI,WR,16,9,0,0,0,0,0.0,0,1,2,0,0,0.0,0.0,0.0,0.0,0.0,0.0,0,
336,John Carlson,24,SEA,TE,16,9,0,0,0,0,0.0,1,0,0,0,0,0.0,1.0,1.0,0.0,0.0,0.0,0,
337,Devard Darling,26,KAN,WR,16,9,0,0,0,0,0.0,0,0,0,0,0,0.0,8.0,7.0,1.0,0.0,0.0,0,
338,Keith Davis,30,DAL,SS,16,9,0,0,0,0,1.0,0,0,0,0,0,0.0,39.0,30.0,9.0,0.0,0.0,0,
339,Abram Elam,27,NYJ,SS,16,9,1,92,1,92,3.0,3,0,0,0,0,2.0,69.0,48.0,21.0,3.0,1.0,0,
340,La'Roi Glover,34,STL,LDT,16,9,0,0,0,0,1.0,0,0,0,0,0,0.5,30.0,20.0,10.0,2.0,7.0,0,
341,Corey Graham,23,CHI,RCB,16,9,1,6,0,6,8.0,1,0,1,0,0,0.0,90.0,76.0,14.0,3.0,0.0,0,
342,Derrick Harvey,22,JAX,LDE/RDE,16,9,1,0,0,0,2.0,0,0,0,0,0,3.5,19.0,15.0,4.0,5.0,8.0,0,
343,Brandon Johnson,25,CIN,RLB,16,9,2,35,0,35,4.0,0,0,0,0,0,1.5,83.0,46.0,37.0,6.0,4.0,0,
344,Fred Smoot,29,WAS,LCB,16,9,1,0,0,0,7.0,0,0,0,0,0,0.0,54.0,43.0,11.0,0.0,0.0,0,
345,Demorrio Williams,28,KAN,LLB,16,9,0,0,0,0,1.0,1,0,2,0,0,0.0,62.0,46.0,16.0,4.0,1.0,0,
346,Tramon Williams,25,GNB,RCB/LCB,16,9,5,78,0,39,14.0,2,0,1,0,0,0.0,57.0,52.0,5.0,1.0,0.0,0,
347,Chase Blackburn,25,NYG,RLB,16,8,0,0,0,0,0.0,1,0,1,12,0,1.0,61.0,40.0,21.0,2.0,1.0,0,
348,Tim Dobbins,26,SDG,RILB,16,8,1,4,0,4,4.0,3,0,0,0,0,0.0,59.0,47.0,12.0,1.0,0.0,0,
349,Bobby McCray,27,NOR,LDE,16,8,0,0,0,0,0.0,1,0,0,0,0,6.0,29.0,25.0,4.0,12.0,14.0,0,
350,Martellus Bennett,21,DAL,TE,16,7,0,0,0,0,0.0,0,0,0,0,0,0.0,2.0,2.0,0.0,0.0,0.0,0,
351,Kevin Bentley,29,HOU,RLB,16,7,0,0,0,0,1.0,0,0,1,0,0,1.0,57.0,38.0,19.0,4.0,1.0,0,
352,Patrick Crayton,29,DAL,WR,16,7,0,0,0,0,0.0,0,1,1,0,0,0.0,0.0,0.0,0.0,0.0,0.0,0,
353,Tim Hightower,22,ARI,RB,16,7,0,0,0,0,0.0,0,2,1,0,0,0.0,1.0,0.0,1.0,0.0,0.0,0,
354,Domenik Hixon,24,NYG,WR,16,7,0,0,0,0,0.0,0,0,0,0,0,0.0,9.0,9.0,0.0,0.0,0.0,0,
355,Michael Huff,25,OAK,FS,16,7,0,0,0,0,5.0,0,0,0,0,0,0.0,28.0,23.0,5.0,0.0,0.0,0,
356,Tory Humphrey,25,GNB,TE,16,7,0,0,0,0,0.0,0,0,0,0,0,0.0,3.0,3.0,0.0,0.0,0.0,0,
357,Tyrell Johnson,23,MIN,FS,16,7,1,0,0,0,2.0,0,0,1,7,0,0.0,31.0,24.0,7.0,0.0,0.0,0,
358,Luke Lawton,28,OAK,FB,16,7,0,0,0,0,0.0,0,0,0,0,0,0.0,4.0,4.0,0.0,0.0,0.0,0,
359,David Martin,29,MIA,TE,16,7,0,0,0,0,0.0,1,1,0,0,0,0.0,4.0,3.0,1.0,0.0,0.0,0,
360,Greg Olsen,23,CHI,TE,16,7,0,0,0,0,0.0,1,2,0,0,0,0.0,0.0,0.0,0.0,0.0,0.0,0,
361,John Owens,28,DET,TE,16,7,0,0,0,0,0.0,0,0,0,0,0,0.0,2.0,2.0,0.0,0.0,0.0,0,
362,Bo Scaife,27,TEN,TE,16,7,0,0,0,0,0.0,0,1,0,0,0,0.0,0.0,0.0,0.0,,,0,
363,Bryan Scott,27,BUF,FS/SS,16,7,0,0,0,0,3.0,1,0,1,0,0,1.0,69.0,56.0,13.0,8.0,2.0,0,
364,Matt Wilhelm,27,SDG,ILB,16,7,1,8,0,8,2.0,0,0,0,0,0,0.0,51.0,41.0,10.0,1.0,1.0,0,
365,Fred Bennett,25,HOU,LCB,16,6,2,26,0,23,6.0,2,0,0,0,0,0.0,43.0,35.0,8.0,0.0,0.0,0,
366,Davone Bess,23,MIA,WR,16,6,0,0,0,0,0.0,0,1,0,0,0,0.0,1.0,1.0,0.0,0.0,0.0,0,
367,Josh Bullocks,25,NOR,FS,16,6,1,23,0,23,6.0,1,0,0,0,0,0.0,40.0,33.0,7.0,0.0,1.0,0,
368,Tony Curtis,25,DAL,TE,16,6,0,0,0,0,0.0,0,1,1,14,0,0.0,1.0,1.0,0.0,0.0,0.0,0,
369,Michael Gaines,28,DET,TE,16,6,0,0,0,0,0.0,0,3,0,0,0,0.0,0.0,0.0,0.0,0.0,0.0,0,
370,Kelly Jennings,26,SEA,RCB,16,6,0,0,0,0,12.0,0,0,0,0,0,0.0,42.0,36.0,6.0,0.0,0.0,0,
371,Akeem Jordan,23,PHI,LLB,16,6,0,0,0,0,0.0,0,0,2,0,0,0.0,62.0,53.0,9.0,7.0,0.0,0,
372,Travis Kirschke,34,PIT,DE,16,6,0,0,0,0,0.0,0,0,1,0,0,2.0,46.0,30.0,16.0,3.0,8.0,0,
373,Leodis McKelvin,23,BUF,RCB,16,6,2,64,1,64,5.0,1,1,1,0,0,0.0,32.0,26.0,6.0,0.0,0.0,0,
374,Lance Moore,25,NOR,WR,16,6,0,0,0,0,0.0,0,1,0,0,0,0.0,0.0,0.0,0.0,0.0,0.0,0,
375,Dante Rosario,24,CAR,TE,16,6,0,0,0,0,0.0,0,0,0,0,0,0.0,2.0,2.0,0.0,0.0,0.0,0,
376,Mike Sellers,33,WAS,FB,16,6,0,0,0,0,0.0,0,1,0,0,0,0.0,13.0,11.0,2.0,0.0,0.0,0,PB
377,Wesley Woodyard,22,DEN,RLB,16,6,0,0,0,0,1.0,0,0,0,0,0,0.0,55.0,47.0,8.0,5.0,0.0,0,
378,H.B. Blades,24,WAS,LLB,16,5,0,0,0,0,1.0,0,0,0,0,0,0.0,60.0,40.0,20.0,1.0,0.0,0,
379,David Bowens,31,NYJ,RILB,16,5,1,24,0,24,3.0,2,1,2,0,0,4.0,40.0,21.0,19.0,4.0,9.0,0,
380,Nick Cole,24,PHI,RG,16,5,0,0,0,0,0.0,0,0,0,0,0,0.0,1.0,1.0,0.0,0.0,0.0,0,
381,Mike Cox,23,KAN,FB,16,5,0,0,0,0,0.0,0,0,1,1,0,0.0,2.0,1.0,1.0,0.0,0.0,0,
382,Demarcus Faggins,29,HOU,LCB,16,5,0,0,0,0,2.0,0,0,0,0,0,0.0,28.0,23.0,5.0,0.0,0.0,0,
383,Syndric Steptoe,24,CLE,WR,16,5,0,0,0,0,0.0,0,1,1,6,0,0.0,0.0,0.0,0.0,0.0,0.0,0,
384,Naufahu Tahi,27,MIN,FB,16,5,0,0,0,0,0.0,0,1,1,0,0,0.0,5.0,4.0,1.0,0.0,0.0,0,
385,James Thrash,33,WAS,WR,16,5,0,0,0,0,0.0,0,0,0,0,0,0.0,11.0,9.0,2.0,0.0,0.0,0,
386,Daniel Coats,24,CIN,TE,16,4,0,0,0,0,0.0,0,0,0,0,0,0.0,1.0,0.0,1.0,0.0,0.0,0,
387,Shaun Cody,25,DET,DT,16,4,0,0,0,0,3.0,0,0,0,0,0,0.0,37.0,26.0,11.0,5.0,2.0,0,
388,Heath Evans,30,NWE,FB,16,4,0,0,0,0,0.0,0,0,0,0,0,0.0,3.0,2.0,1.0,0.0,0.0,0,
389,Jonathan Fanene,26,CIN,DE,16,4,0,0,0,0,0.0,0,0,0,0,0,0.0,31.0,21.0,10.0,4.0,4.0,0,
390,Aaron Francisco,25,ARI,DB,16,4,0,0,0,0,1.0,1,0,0,0,0,0.0,56.0,48.0,8.0,2.0,0.0,0,
391,William Gay,23,PIT,DB,16,4,1,12,0,12,7.0,0,0,0,0,0,0.0,41.0,33.0,8.0,2.0,0.0,0,
392,Louis Leonard,24,CLE,DT,16,4,0,0,0,0,0.0,0,0,0,0,0,0.0,25.0,19.0,6.0,0.0,1.0,0,
393,Mewelde Moore,26,PIT,RB,16,4,0,0,0,0,0.0,0,2,0,0,0,0.0,0.0,0.0,0.0,0.0,0.0,0,
394,Steve Smith,23,NYG,WR,16,4,0,0,0,0,0.0,0,1,0,0,0,0.0,0.0,0.0,0.0,0.0,0.0,0,
395,Randy Starks,25,MIA,DE,16,4,1,8,0,8,3.0,0,0,0,0,0,3.0,29.0,22.0,7.0,3.0,7.0,0,
396,Tony Stewart,29,OAK,TE,16,4,0,0,0,0,0.0,0,0,0,0,0,0.0,8.0,8.0,0.0,0.0,0.0,0,
397,Jonathan Wilhite,24,NWE,DB,16,4,1,16,0,16,2.0,0,0,0,0,0,0.0,28.0,24.0,4.0,0.0,0.0,0,
398,Coy Wire,30,ATL,DB,16,4,0,0,0,0,1.0,0,0,0,0,0,0.0,35.0,29.0,6.0,1.0,0.0,0,
399,Jay Alford,25,NYG,DT,16,3,0,0,0,0,1.0,0,0,0,0,0,2.5,15.0,10.0,5.0,3.0,4.0,0,
400,Ralph Brown,30,ARI,DB,16,3,1,0,0,0,6.0,0,0,1,11,0,0.0,23.0,19.0,4.0,1.0,2.0,0,
401,Antoine Cason,22,SDG,DB,16,3,2,69,1,59,7.0,1,1,0,0,0,0.0,75.0,59.0,16.0,2.0,0.0,0,
402,Tashard Choice,24,DAL,RB,16,3,0,0,0,0,0.0,0,0,1,0,0,0.0,2.0,1.0,1.0,0.0,0.0,0,
403,Joel Dreessen,26,HOU,TE,16,3,0,0,0,0,0.0,0,1,1,0,0,0.0,8.0,6.0,2.0,0.0,0.0,0,
404,Ryan Fowler,26,TEN,LB,16,3,0,0,0,0,0.0,0,0,0,0,0,0.0,29.0,20.0,9.0,9.0,9.0,0,
405,Joselio Hanson,27,PHI,DB,16,3,1,13,0,13,5.0,0,0,1,96,1,1.0,38.0,27.0,11.0,2.0,2.0,0,
406,Jacob Hester,23,SDG,RB,16,3,0,0,0,0,0.0,0,1,1,0,0,0.0,14.0,9.0,5.0,0.0,0.0,0,
407,Johnnie Lee Higgins,25,OAK,WR,16,3,0,0,0,0,0.0,0,1,1,-3,0,0.0,0.0,0.0,0.0,,,0,
408,Chris Hoke,32,PIT,DT,16,3,0,0,0,0,0.0,0,0,0,0,0,0.5,16.0,12.0,4.0,2.0,3.0,0,
409,Israel Idonije,28,CHI,DE,16,3,0,0,0,0,6.0,0,0,0,0,0,3.5,24.0,22.0,2.0,5.0,10.0,0,
410,Fred Jackson,27,BUF,RB,16,3,0,0,0,0,0.0,0,3,2,0,0,0.0,0.0,0.0,0.0,0.0,0.0,0,
411,Brad Johnson,40,DAL,QB,16,3,0,0,0,0,0.0,0,1,1,-15,0,0.0,0.0,0.0,0.0,0.0,0.0,0,
412,Maurice Jones-Drew,23,JAX,RB,16,3,0,0,0,0,0.0,0,6,1,0,0,0.0,0.0,0.0,0.0,0.0,0.0,0,
413,Dan Klecko,27,PHI,DT,16,3,0,0,0,0,0.0,0,0,0,0,0,2.0,3.0,3.0,0.0,2.0,2.0,0,
414,John Kuhn,26,GNB,FB,16,3,0,0,0,0,0.0,0,0,1,0,0,0.0,8.0,7.0,1.0,0.0,0.0,0,
415,Kenny Phillips,22,NYG,DB,16,3,1,0,0,0,5.0,0,0,0,0,0,0.0,67.0,55.0,12.0,1.0,2.0,0,
416,DelJuan Robinson,24,HOU,DT,16,3,0,0,0,0,0.0,1,0,0,0,0,0.0,27.0,19.0,8.0,5.0,0.0,0,
417,Lito Sheppard,27,PHI,DB,16,3,1,0,0,0,4.0,1,0,0,0,0,0.0,21.0,18.0,3.0,0.0,0.0,0,
418,Josh Thomas,27,IND,DE,16,3,0,0,0,0,1.0,0,0,0,0,0,0.0,28.0,23.0,5.0,2.0,0.0,0,
419,Jeff Ulbrich,31,SFO,LB,16,3,0,0,0,0,0.0,0,0,0,0,0,0.0,18.0,14.0,4.0,0.0,0.0,0,
420,Derrick Ward,28,NYG,RB,16,3,0,0,0,0,0.0,0,2,0,0,0,0.0,0.0,0.0,0.0,,,0,
421,Ricky Williams,31,MIA,RB,16,3,0,0,0,0,0.0,0,5,2,0,0,0.0,0.0,0.0,0.0,0.0,0.0,0,
422,George Wilson,27,BUF,WR,16,3,0,0,0,0,0.0,0,0,2,0,0,1.5,25.0,20.0,5.0,1.0,2.0,0,
423,Kevin Burnett,26,DAL,LB,16,2,0,0,0,0,3.0,1,0,1,0,0,2.0,38.0,29.0,9.0,2.0,3.0,0,
424,Chris Carr,25,TEN,DB,16,2,1,0,0,0,5.0,0,2,1,0,0,0.0,32.0,29.0,3.0,2.0,0.0,0,
425,Tyrone Carter,32,PIT,DB,16,2,3,64,1,32,5.0,0,0,0,0,0,0.0,16.0,12.0,4.0,2.0,0.0,0,
426,Jacques Cesaire,28,SDG,DE,16,2,0,0,0,0,2.0,0,0,0,0,0,2.0,22.0,16.0,6.0,2.0,4.0,0,
427,Jamaal Charles,22,KAN,RB,16,2,0,0,0,0,0.0,0,2,0,0,0,0.0,1.0,1.0,0.0,0.0,0.0,0,
428,Patrick Cobbs,25,MIA,RB,16,2,0,0,0,0,0.0,0,0,0,0,0,0.0,16.0,13.0,3.0,0.0,0.0,0,
429,Fred Evans,25,MIN,DT,16,2,0,0,0,0,0.0,0,0,0,0,0,0.0,16.0,6.0,10.0,0.0,2.0,0,
430,DeShaun Foster,28,SFO,RB,16,2,0,0,0,0,0.0,0,2,1,0,0,0.0,0.0,0.0,0.0,0.0,0.0,0,
431,Alex Hall,23,CLE,LB,16,2,0,0,0,0,0.0,2,0,0,0,0,3.0,28.0,26.0,2.0,3.0,7.0,0,
432,James Hall,31,STL,DE,16,2,0,0,0,0,0.0,0,0,0,0,0,6.5,44.0,37.0,7.0,10.0,12.0,0,
433,Kyries Hebert,28,CIN,DB,16,2,0,0,0,0,0.0,0,0,1,0,0,0.0,36.0,22.0,14.0,1.0,0.0,0,
434,Jason Hill,23,SFO,WR,16,2,0,0,0,0,0.0,0,1,0,0,0,0.0,10.0,8.0,2.0,0.0,0.0,0,
435,Ike Hilliard,32,TAM,WR,16,2,0,0,0,0,0.0,0,2,0,0,0,0.0,0.0,0.0,0.0,0.0,0.0,0,
436,Darcy Johnson,25,NYG,TE,16,2,0,0,0,0,0.0,0,1,0,0,0,0.0,1.0,1.0,0.0,0.0,0.0,0,
437,Bryan Kehl,24,NYG,LB,16,2,1,17,0,17,1.0,0,0,0,0,0,1.0,35.0,25.0,10.0,2.0,1.0,0,
438,Mark LeVoir,26,NWE,T,16,2,0,0,0,0,0.0,0,0,1,0,0,0.0,0.0,0.0,0.0,0.0,0.0,0,
439,Phillip Merling,23,MIA,DE,16,2,1,25,1,25,2.0,0,0,1,0,0,1.0,26.0,20.0,6.0,2.0,4.0,0,
440,Karl Paymah,26,DEN,DB,16,2,1,13,0,13,5.0,0,0,1,0,0,0.0,39.0,35.0,4.0,1.0,0.0,0,
441,Orlando Scandrick,21,DAL,DB,16,2,0,0,0,0,4.0,0,0,0,0,0,1.0,36.0,35.0,1.0,1.0,1.0,0,
442,Craig Stevens,24,TEN,TE,16,2,0,0,0,0,0.0,0,0,0,0,0,0.0,6.0,5.0,1.0,0.0,0.0,0,
443,Lawrence Timmons,22,PIT,LB,16,2,1,89,0,89,3.0,1,0,1,0,0,5.0,65.0,43.0,22.0,7.0,12.0,0,
444,Jerheme Urban,28,ARI,WR,16,2,0,0,0,0,0.0,0,0,0,0,0,0.0,8.0,8.0,0.0,0.0,0.0,0,
445,LenDale White,24,TEN,RB,16,2,0,0,0,0,0.0,0,1,0,0,0,0.0,0.0,0.0,0.0,,,0,
446,Sam Williams,28,OAK,DE,16,2,1,0,0,0,1.0,0,0,1,0,0,0.0,12.0,9.0,3.0,2.0,0.0,0,
447,Mike Wright,26,NWE,DE,16,2,0,0,0,0,0.0,2,0,0,0,0,2.5,27.0,21.0,6.0,2.0,8.0,0,
448,Todd Yoder,30,WAS,TE,16,2,0,0,0,0,0.0,0,0,0,0,0,0.0,3.0,2.0,1.0,0.0,0.0,0,
449,Jeff Zgonina,38,HOU,DT,16,2,0,0,0,0,0.0,0,0,1,0,0,0.0,19.0,13.0,6.0,1.0,0.0,0,
450,Charlie Anderson,27,MIA,LB,16,1,0,0,0,0,0.0,2,0,1,0,0,2.5,28.0,21.0,7.0,2.0,4.0,1,
451,David Anderson,25,HOU,WR,16,1,0,0,0,0,0.0,0,0,0,0,0,0.0,1.0,0.0,1.0,0.0,0.0,0,
452,Will Blackmon,24,GNB,DB,16,1,0,0,0,0,0.0,2,4,4,0,0,0.0,35.0,30.0,5.0,0.0,0.0,0,
453,Chauncey Davis,25,ATL,DE,16,1,0,0,0,0,1.0,1,0,3,1,0,4.0,39.0,30.0,9.0,9.0,4.0,0,
454,Greg Estandia,26,JAX,TE,16,1,0,0,0,0,0.0,0,1,0,-1,0,0.0,4.0,4.0,0.0,0.0,0.0,0,
455,Vincent Fuller,26,TEN,DB,16,1,0,0,0,0,2.0,1,0,0,0,0,0.0,48.0,37.0,11.0,3.0,5.0,0,
456,Matt Giordano,26,IND,DB,16,1,0,0,0,0,1.0,0,0,0,0,0,0.0,23.0,19.0,4.0,0.0,0.0,0,
457,Corey Ivy,31,BAL,DB,16,1,0,0,0,0,3.0,1,0,0,0,0,2.5,51.0,46.0,5.0,2.0,5.0,0,
458,Chevis Jackson,23,ATL,DB,16,1,1,95,1,95,5.0,0,0,0,0,0,0.0,31.0,26.0,5.0,1.0,1.0,0,
459,Tank Johnson,27,DAL,DT,16,1,0,0,0,0,0.0,1,0,0,0,0,1.0,22.0,13.0,9.0,4.0,4.0,0,
460,Nate Jones,26,MIA,DB,16,1,1,0,0,0,1.0,0,0,1,0,0,3.0,24.0,20.0,4.0,3.0,3.0,0,
461,Trumaine McBride,23,CHI,DB,16,1,1,0,0,0,2.0,0,0,0,0,0,0.0,11.0,10.0,1.0,1.0,0.0,0,
462,Chris Morris,25,OAK,C,16,1,0,0,0,0,,0,1,0,-13,0,0.0,,,,,,0,
463,C.J. Mosley,25,NYJ,DT,16,1,0,0,0,0,2.0,0,0,0,0,0,1.5,17.0,13.0,4.0,2.0,3.0,0,
464,Kenny Peterson,30,DEN,DT,16,1,0,0,0,0,1.0,1,0,0,0,0,3.0,24.0,15.0,9.0,4.0,9.0,0,
465,Pierson Prioleau,31,JAX,DB,16,1,0,0,0,0,1.0,0,0,0,0,0,0.0,26.0,25.0,1.0,0.0,0.0,0,
466,Michael Robinson,25,SFO,FB,16,1,0,0,0,0,0.0,0,1,0,0,0,0.0,8.0,6.0,2.0,0.0,0.0,0,
467,Jason Snelling,25,ATL,RB,16,1,0,0,0,0,0.0,0,0,2,0,0,0.0,20.0,17.0,3.0,0.0,0.0,0,
468,Josh Stamer,31,TEN,LB,16,1,0,0,0,0,0.0,0,0,0,0,0,0.0,10.0,10.0,0.0,0.0,0.0,0,
469,Chester Taylor,29,MIN,RB,16,1,0,0,0,0,0.0,0,2,1,0,0,0.0,0.0,0.0,0.0,0.0,0.0,0,
470,Herbert Taylor,24,KAN,T,16,1,0,0,0,0,0.0,0,0,1,0,0,0.0,0.0,0.0,0.0,0.0,0.0,0,
471,Craig Terrill,28,SEA,DT,16,1,0,0,0,0,0.0,0,0,1,10,1,2.0,21.0,19.0,2.0,5.0,5.0,0,
472,Devin Thomas,22,WAS,WR,16,1,0,0,0,0,0.0,1,0,0,0,0,0.0,6.0,3.0,3.0,0.0,0.0,0,
473,Reggie Torbor,27,MIA,LB,16,1,0,0,0,0,0.0,0,0,0,0,0,0.5,17.0,12.0,5.0,1.0,1.0,0,
474,Jonathan Wade,24,STL,DB,16,1,1,8,0,8,3.0,0,0,0,0,0,0.0,23.0,20.0,3.0,0.0,0.0,0,
475,Leon Washington,26,NYJ,RB,16,1,0,0,0,0,0.0,0,3,4,-5,0,0.0,1.0,1.0,0.0,0.0,0.0,0,"PB,AP-1"
476,Nate Washington,25,PIT,WR,16,1,0,0,0,0,0.0,0,0,0,0,0,0.0,1.0,0.0,1.0,0.0,0.0,0,
477,Jimmy Wilkerson,27,TAM,DE,16,1,0,0,0,0,2.0,1,0,1,0,0,5.0,23.0,22.0,1.0,9.0,14.0,0,
478,Husain Abdullah,23,MIN,DB,16,0,0,0,0,0,0.0,0,0,0,0,0,0.0,20.0,14.0,6.0,0.0,0.0,0,
479,David Akers,34,PHI,K,16,0,0,0,0,0,0.0,0,0,0,0,0,0.0,1.0,1.0,0.0,0.0,0.0,0,
480,Ethan Albright,37,WAS,LS,16,0,0,0,0,0,0.0,0,0,0,0,0,0.0,1.0,1.0,0.0,0.0,0.0,0,
481,Will Allen,26,TAM,DB,16,0,0,0,0,0,0.0,1,0,1,0,0,0.0,20.0,15.0,5.0,0.0,1.0,0,
482,Ken Amato,31,TEN,LS,16,0,0,0,0,0,0.0,0,0,0,0,0,0.0,2.0,1.0,1.0,0.0,0.0,0,
483,Mark Anderson,25,CHI,DE,16,0,0,0,0,0,3.0,0,0,1,0,0,1.0,18.0,10.0,8.0,2.0,6.0,0,
484,Brendon Ayanbadejo,32,BAL,LB,16,0,0,0,0,0,0.0,0,0,1,0,0,1.0,19.0,15.0,4.0,1.0,1.0,0,PB
485,Jason Baker,30,CAR,P,16,0,0,0,0,0,0.0,0,1,1,0,0,0.0,1.0,1.0,0.0,0.0,0.0,0,
486,Kentwan Balmer,22,SFO,DT,16,0,0,0,0,0,1.0,0,0,0,0,0,0.0,7.0,6.0,1.0,0.0,0.0,0,
487,Monty Beisel,30,ARI,LB,16,0,0,0,0,0,0.0,0,0,0,0,0,0.0,20.0,15.0,5.0,1.0,0.0,0,
488,Kroy Biermann,23,ATL,LB,16,0,0,0,0,0,0.0,0,0,0,0,0,2.0,21.0,18.0,3.0,5.0,4.0,0,
489,Ryon Bingham,27,SDG,DT,16,0,0,0,0,0,0.0,0,0,0,0,0,1.5,25.0,14.0,11.0,2.0,3.0,0,
490,David Binn,36,SDG,LS,16,0,0,0,0,0,0.0,0,0,0,0,0,0.0,4.0,4.0,0.0,0.0,0.0,0,
491,Rob Bironas,30,TEN,K,16,0,0,0,0,0,0.0,0,0,0,0,0,0.0,3.0,3.0,0.0,0.0,0.0,0,
492,Quincy Black,24,TAM,LB,16,0,0,0,0,0,0.0,0,0,0,0,0,0.0,20.0,12.0,8.0,0.0,0.0,0,
493,Kevin Boothe,25,NYG,G,16,0,0,0,0,0,0.0,0,0,3,0,0,0.0,0.0,0.0,0.0,0.0,0.0,0,
494,Josh Brown,29,STL,K,16,0,0,0,0,0,0.0,0,0,0,0,0,0.0,4.0,4.0,0.0,0.0,0.0,0,
495,Kris Brown,32,HOU,K,16,0,0,0,0,0,0.0,0,0,1,0,0,0.0,1.0,1.0,0.0,0.0,0.0,0,
496,Matt Bryant,33,TAM,K,16,0,0,0,0,0,0.0,0,0,0,0,0,0.0,1.0,1.0,0.0,0.0,0.0,0,
497,Jarrett Bush,24,GNB,DB,16,0,0,0,0,0,1.0,0,1,0,0,0,0.0,12.0,11.0,1.0,0.0,0.0,0,
498,Calais Campbell,22,ARI,DE,16,0,0,0,0,0,1.0,1,1,0,0,0,0.0,29.0,24.0,5.0,2.0,1.0,0,
499,Dan Carpenter,23,MIA,K,16,0,0,0,0,0,0.0,0,0,0,0,0,0.0,3.0,3.0,0.0,0.0,0.0,0,
500,Ahmad Carroll,25,NYJ,DB,16,0,0,0,0,0,0.0,2,1,0,0,0,0.0,20.0,18.0,2.0,0.0,0.0,0,
501,Rock Cartwright,29,WAS,FB,16,0,0,0,0,0,0.0,0,0,0,0,0,0.0,9.0,6.0,3.0,0.0,0.0,0,
502,Chris Chamberlain,23,STL,LB,16,0,0,0,0,0,0.0,0,0,0,0,0,0.0,16.0,14.0,2.0,1.0,1.0,0,
503,Chris Clemons,27,PHI,DE,16,0,0,0,0,0,1.0,1,0,2,73,1,4.0,15.0,12.0,3.0,3.0,8.0,0,
504,Colin Cole,28,GNB,DT,16,0,0,0,0,0,4.0,0,0,0,0,0,0.5,30.0,19.0,11.0,2.0,3.0,0,
505,Jon Condo,27,OAK,LS,16,0,0,0,0,0,0.0,0,0,0,0,0,0.0,4.0,4.0,0.0,0.0,0.0,0,
506,Sean Considine,26,PHI,DB,16,0,0,0,0,0,0.0,0,0,0,0,0,0.0,30.0,23.0,7.0,1.0,0.0,0,
507,Jon Corto,24,BUF,DB,16,0,0,0,0,0,0.0,1,0,0,0,0,0.0,10.0,10.0,0.0,0.0,0.0,0,
508,Blake Costanzo,24,BUF,LB,16,0,0,0,0,0,0.0,2,0,0,0,0,0.0,15.0,15.0,0.0,0.0,0.0,0,
509,Terry Cousin,33,CLE,DB,16,0,1,4,0,4,2.0,0,0,0,0,0,0.0,32.0,26.0,6.0,0.0,1.0,0,
510,Mason Crosby,24,GNB,K,16,0,0,0,0,0,0.0,0,0,0,0,0,0.0,4.0,4.0,0.0,0.0,0.0,0,
511,Torrance Daniels,27,PHI,LB,16,0,0,0,0,0,0.0,0,0,0,0,0,0.0,14.0,12.0,2.0,0.0,0.0,0,
512,Kellen Davis,23,CHI,TE,16,0,0,0,0,0,0.0,0,0,0,0,0,0.0,4.0,3.0,1.0,0.0,0.0,0,
513,Quintin Demps,23,PHI,DB,16,0,0,0,0,0,1.0,1,1,0,0,0,1.0,18.0,16.0,2.0,1.0,1.0,0,
514,John Denney,30,MIA,LS,16,0,0,0,0,0,0.0,0,1,0,-25,0,0.0,4.0,3.0,1.0,0.0,0.0,0,
515,Zak DeOssie,24,NYG,LB,16,0,0,0,0,0,0.0,0,0,0,0,0,0.0,12.0,10.0,2.0,0.0,0.0,0,PB
516,Mike DeVito,24,NYJ,DE,16,0,0,0,0,0,0.0,0,0,0,0,0,0.5,24.0,15.0,9.0,2.0,2.0,0,
517,Harry Douglas,24,ATL,WR,16,0,0,0,0,0,0.0,0,1,0,0,0,0.0,0.0,0.0,0.0,,,0,
518,Marques Douglas,31,BAL,DE,16,0,0,0,0,0,0.0,0,0,0,0,0,0.0,36.0,24.0,12.0,5.0,0.0,0,
519,Andrew Economos,26,TAM,LS,16,0,0,0,0,0,0.0,0,0,0,0,0,0.0,7.0,6.0,1.0,0.0,0.0,0,
520,Ron Edwards,29,KAN,DT,16,0,0,0,0,0,0.0,0,0,0,0,0,1.0,8.0,8.0,0.0,1.0,1.0,0,
521,Isaiah Ekejiuba,27,OAK,LB,16,0,0,0,0,0,0.0,1,0,1,0,0,0.0,8.0,8.0,0.0,0.0,0.0,0,
522,Jeff Feagles,42,NYG,P,16,0,0,0,0,0,0.0,0,0,0,0,0,0.0,1.0,1.0,0.0,0.0,0.0,0,PB
523,Brandon Fields,24,MIA,P,16,0,0,0,0,0,0.0,0,0,1,0,0,0.0,0.0,0.0,0.0,0.0,0.0,0,
524,Ronald Fields,27,SFO,DT,16,0,0,0,0,0,0.0,0,0,0,0,0,0.0,19.0,13.0,6.0,0.0,1.0,0,
525,Brian Finneran,32,ATL,WR,16,0,0,0,0,0,0.0,0,1,0,0,0,0.0,2.0,2.0,0.0,0.0,0.0,0,
526,Nick Folk,24,DAL,K,16,0,0,0,0,0,0.0,0,0,0,0,0,0.0,1.0,1.0,0.0,0.0,0.0,0,
527,Eric Frampton,24,MIN,DB,16,0,0,0,0,0,0.0,0,0,0,0,0,0.0,12.0,11.0,1.0,0.0,0.0,0,
528,Nick Goings,30,CAR,RB,16,0,0,0,0,0,0.0,0,0,0,0,0,0.0,12.0,9.0,3.0,0.0,0.0,0,
529,Brett Goode,24,GNB,LB,16,0,0,0,0,0,0.0,0,0,1,0,0,0.0,2.0,2.0,0.0,0.0,0.0,0,
530,Stephen Gostkowski,24,NWE,K,16,0,0,0,0,0,0.0,0,0,0,0,0,0.0,3.0,1.0,2.0,0.0,0.0,0,"PB,AP-1"
531,Robbie Gould,26,CHI,K,16,0,0,0,0,0,0.0,0,0,0,0,0,0.0,1.0,1.0,0.0,0.0,0.0,0,
532,Quentin Groves,24,JAX,LB,16,0,0,0,0,0,1.0,1,0,0,0,0,2.5,13.0,11.0,2.0,8.0,7.0,0,
533,Chris Hanson,32,NWE,P,16,0,0,0,0,0,0.0,0,0,0,0,0,0.0,3.0,1.0,2.0,0.0,0.0,0,
534,Jason Hanson,38,DET,K,16,0,0,0,0,0,0.0,0,0,0,0,0,0.0,2.0,0.0,2.0,0.0,0.0,0,
535,Nick Harris,30,DET,P,16,0,0,0,0,0,0.0,0,0,0,0,0,0.0,2.0,1.0,1.0,0.0,0.0,0,
536,Marcus Harrison,24,CHI,DT,16,0,0,0,0,0,2.0,0,0,0,0,0,2.0,28.0,24.0,4.0,6.0,5.0,0,
537,Jason Hatcher,26,DAL,DE,16,0,0,0,0,0,0.0,0,0,0,0,0,1.0,17.0,11.0,6.0,2.0,5.0,0,
538,Adam Hayward,24,TAM,LB,16,0,0,0,0,0,0.0,0,0,0,0,0,0.0,13.0,11.0,2.0,0.0,0.0,0,
539,Craig Hentrich,37,TEN,P,16,0,0,0,0,0,0.0,0,1,0,-17,0,0.0,3.0,3.0,0.0,0.0,0.0,0,
540,Nathan Hodel,31,ARI,TE,16,0,0,0,0,0,0.0,0,0,0,0,0,0.0,1.0,1.0,0.0,0.0,0.0,0,
541,Darren Howard,32,PHI,DE,16,0,1,8,0,8,3.0,1,0,1,-2,0,10.0,26.0,21.0,5.0,13.0,17.0,0,
542,Larry Izzo,34,NWE,LB,16,0,0,0,0,0,0.0,0,0,0,0,0,0.0,12.0,11.0,1.0,0.0,0.0,0,
543,Sebastian Janikowski,30,OAK,K,16,0,0,0,0,0,0.0,0,0,0,0,0,0.0,2.0,2.0,0.0,0.0,0.0,0,
544,Brian Jennings,32,SFO,LS,16,0,0,0,0,0,0.0,0,0,0,0,0,0.0,4.0,4.0,0.0,0.0,0.0,0,
545,Charles Johnson,22,CAR,DE,16,0,0,0,0,0,7.0,1,0,1,0,0,6.0,25.0,20.0,5.0,5.0,10.0,0,
546,Spencer Johnson,27,BUF,DT,16,0,0,0,0,0,3.0,0,0,0,0,0,2.0,31.0,20.0,11.0,5.0,5.0,0,
547,Donnie Jones,28,STL,P,16,0,0,0,0,0,0.0,0,0,0,0,0,0.0,2.0,2.0,0.0,0.0,0.0,0,AP-2
548,Jacoby Jones,24,HOU,WR,16,0,0,0,0,0,0.0,0,4,1,0,0,0.0,0.0,0.0,0.0,0.0,0.0,0,
549,Mark Jones,28,CAR,WR,16,0,0,0,0,0,0.0,0,0,0,0,0,0.0,1.0,1.0,0.0,0.0,0.0,0,
550,Nate Kaeding,26,SDG,K,16,0,0,0,0,0,0.0,0,0,0,0,0,0.0,2.0,2.0,0.0,0.0,0.0,0,
551,Chris Kluwe,27,MIN,P,16,0,0,0,0,0,0.0,0,1,1,0,0,0.0,0.0,0.0,0.0,,,0,
552,Sam Koch,26,BAL,P,16,0,0,0,0,0,0.0,0,0,0,0,0,0.0,2.0,2.0,0.0,0.0,0.0,0,
553,Michael Koenen,26,ATL,P,16,0,0,0,0,0,0.0,0,0,0,0,0,0.0,3.0,3.0,0.0,0.0,0.0,0,
554,Jason Kyle,36,CAR,LB,16,0,0,0,0,0,0.0,0,0,0,0,0,0.0,3.0,3.0,0.0,0.0,0.0,0,
555,L.P. Ladouceur,27,DAL,DE,16,0,0,0,0,0,0.0,0,0,0,0,0,0.0,3.0,3.0,0.0,0.0,0.0,0,
556,Kyle Larson,28,CIN,P,16,0,0,0,0,0,0.0,0,0,0,0,0,0.0,2.0,2.0,0.0,0.0,0.0,0,
557,Lance Laury,26,SEA,LB,16,0,0,0,0,0,0.0,0,0,0,0,0,0.0,13.0,11.0,2.0,0.0,0.0,0,
558,Trevor Laws,23,PHI,DT,16,0,0,0,0,0,0.0,0,0,1,0,0,0.0,12.0,11.0,1.0,1.0,0.0,0,
559,Mike Leach,32,DEN,LS,16,0,0,0,0,0,0.0,0,0,0,0,0,0.0,4.0,4.0,0.0,0.0,0.0,0,
560,Shane Lechler,32,OAK,P,16,0,0,0,0,0,0.0,0,1,0,-8,0,0.0,1.0,1.0,0.0,0.0,0.0,0,"PB,AP-1"
561,Greg Lewis,28,PHI,WR,16,0,0,0,0,0,0.0,0,0,0,0,0,0.0,2.0,1.0,1.0,0.0,0.0,0,
562,Keith Lewis,27,SFO,DB,16,0,0,0,0,0,1.0,1,0,0,0,0,0.0,19.0,14.0,5.0,1.0,1.0,0,
563,Rian Lindell,31,BUF,K,16,0,0,0,0,0,0.0,0,0,1,0,0,0.0,4.0,4.0,0.0,0.0,0.0,0,
564,Rhys Lloyd,26,CAR,K,16,0,0,0,0,0,0.0,0,0,0,0,0,0.0,2.0,1.0,1.0,0.0,0.0,0,
565,Cullen Loeffler,27,MIN,LS,16,0,0,0,0,0,0.0,0,0,0,0,0,0.0,5.0,4.0,1.0,0.0,0.0,0,
566,Anthony Madison,27,PIT,DB,16,0,0,0,0,0,0.0,0,0,0,0,0,0.0,19.0,17.0,2.0,0.0,0.0,0,
567,Patrick Mannelly,33,CHI,T,16,0,0,0,0,0,0.0,0,0,0,0,0,0.0,1.0,1.0,0.0,0.0,0.0,0,
568,Olindo Mare,35,SEA,K,16,0,0,0,0,0,0.0,0,0,0,0,0,0.0,2.0,2.0,0.0,0.0,0.0,0,
569,Richard Marshall,24,CAR,DB,16,0,1,11,0,11,4.0,0,0,0,0,0,2.0,75.0,68.0,7.0,4.0,3.0,0,
570,Chris Massey,29,STL,RB,16,0,0,0,0,0,0.0,0,0,0,0,0,0.0,5.0,5.0,0.0,0.0,0.0,0,
571,Brad Maynard,34,CHI,P,16,0,0,0,0,0,0.0,0,0,0,0,0,0.0,2.0,2.0,0.0,0.0,0.0,0,
572,Jameel McClain,23,BAL,LB,16,0,0,0,0,0,0.0,0,0,0,0,0,2.5,15.0,12.0,3.0,2.0,3.0,2,
573,Jon McGraw,29,KAN,DB,16,0,1,4,0,4,1.0,1,0,0,0,0,0.0,45.0,36.0,9.0,2.0,2.0,0,
574,Brian Moorman,32,BUF,P,16,0,0,0,0,0,0.0,0,0,1,0,0,0.0,0.0,0.0,0.0,0.0,0.0,0,
575,Sean Morey,32,ARI,WR,16,0,0,0,0,0,0.0,0,0,0,0,0,0.0,18.0,17.0,1.0,0.0,0.0,0,PB
576,Don Muhlbach,27,DET,LS,16,0,0,0,0,0,0.0,0,0,0,0,0,0.0,3.0,3.0,0.0,0.0,0.0,0,
577,Legedu Naanee,25,SDG,WR,16,0,0,0,0,0,0.0,0,0,0,0,0,0.0,10.0,9.0,1.0,0.0,0.0,0,
578,Haruki Nakamura,22,BAL,DB,16,0,0,0,0,0,0.0,0,0,0,0,0,0.0,12.0,11.0,1.0,0.0,0.0,0,
579,Joe Nedney,35,SFO,K,16,0,0,0,0,0,0.0,0,0,0,0,0,0.0,3.0,3.0,0.0,0.0,0.0,0,
580,Ryan Neill,26,BUF,DE,16,0,0,0,0,0,0.0,0,1,0,0,0,0.0,0.0,0.0,0.0,,,0,
581,Stephen Nicholas,25,ATL,LB,16,0,0,0,0,0,1.0,0,0,0,0,0,1.0,20.0,16.0,4.0,1.0,3.0,0,
582,Donnie Nickey,28,TEN,DB,16,0,0,0,0,0,0.0,0,0,0,0,0,0.0,16.0,13.0,3.0,0.0,1.0,0,
583,Jerious Norwood,25,ATL,RB,16,0,0,0,0,0,0.0,0,2,0,0,0,0.0,4.0,3.0,1.0,0.0,0.0,0,
584,Kassim Osgood,28,SDG,WR,16,0,0,0,0,0,0.0,1,0,0,0,0,0.0,17.0,16.0,1.0,0.0,0.0,0,
585,Montell Owens,24,JAX,RB,16,0,0,0,0,0,0.0,0,0,1,18,1,0.0,13.0,12.0,1.0,1.0,1.0,0,
586,Lonie Paxton,30,NWE,LS,16,0,0,0,0,0,0.0,0,0,0,0,0,0.0,1.0,0.0,1.0,0.0,0.0,0,
587,Sione Pouha,29,NYJ,DT,16,0,0,0,0,0,1.0,0,0,0,0,0,0.5,23.0,16.0,7.0,1.0,1.0,0,
588,Matt Prater,24,DEN,K,16,0,0,0,0,0,0.0,0,0,0,0,0,0.0,3.0,3.0,0.0,0.0,0.0,0,
589,Neil Rackers,32,ARI,K,16,0,0,0,0,0,0.0,0,0,0,0,0,0.0,8.0,6.0,2.0,0.0,0.0,0,
590,Jeff Reed,29,PIT,K,16,0,0,0,0,0,0.0,0,0,0,0,0,0.0,5.0,5.0,0.0,0.0,0.0,0,
591,Darrell Reid,26,IND,DE,16,0,0,0,0,0,0.0,0,0,0,0,0,2.0,30.0,18.0,12.0,4.0,2.0,0,
592,Jeff Robinson,38,SEA,TE,16,0,0,0,0,0,0.0,0,0,0,0,0,0.0,6.0,6.0,0.0,0.0,0.0,0,
593,Saverio Rocca,35,PHI,P,16,0,0,0,0,0,0.0,0,0,0,0,0,0.0,1.0,1.0,0.0,0.0,0.0,0,
594,Nate Salley,24,CAR,DB,16,0,0,0,0,0,0.0,0,0,0,0,0,0.0,7.0,5.0,2.0,0.0,0.0,0,
595,Terdell Sands,29,OAK,DT,16,0,0,0,0,0,2.0,0,0,1,0,0,2.0,29.0,19.0,10.0,3.0,4.0,0,
596,Mike Schneck,31,ATL,LS,16,0,0,0,0,0,0.0,0,0,0,0,0,0.0,1.0,1.0,0.0,0.0,0.0,0,
597,Mike Scifres,28,SDG,P,16,0,0,0,0,0,0.0,0,0,0,0,0,0.0,1.0,1.0,0.0,0.0,0.0,0,
598,Josh Scobee,26,JAX,K,16,0,0,0,0,0,0.0,0,0,0,0,0,0.0,3.0,2.0,1.0,0.0,0.0,0,
599,Trevor Scott,24,OAK,DE,16,0,0,0,0,0,0.0,1,0,0,0,0,5.0,24.0,19.0,5.0,6.0,6.0,0,
600,Nick Sorensen,30,CLE,DB,16,0,0,0,0,0,1.0,0,0,0,0,0,0.5,26.0,20.0,6.0,1.0,1.0,0,
601,Darren Sproles,25,SDG,RB,16,0,0,0,0,0,0.0,0,3,1,-2,0,0.0,0.0,0.0,0.0,,,0,
602,Brad St. Louis,32,CIN,LS,16,0,0,0,0,0,0.0,0,0,0,0,0,0.0,8.0,6.0,2.0,0.0,0.0,0,
603,Jonathan Stewart,21,CAR,RB,16,0,0,0,0,0,0.0,0,2,0,0,0,0.0,0.0,0.0,0.0,0.0,0.0,0,
604,Matt Stover,40,BAL,K,16,0,0,0,0,0,0.0,0,0,0,0,0,0.0,1.0,1.0,0.0,0.0,0.0,0,
605,Shaun Suisham,27,WAS,K,16,0,0,0,0,0,0.0,0,0,0,0,0,0.0,4.0,4.0,0.0,0.0,0.0,0,
606,Leigh Torrence,26,2TM,DB,16,0,0,0,0,0,4.0,0,0,0,0,0,0.0,25.0,18.0,7.0,0.0,0.0,0,
606,Leigh Torrence,26,WAS,DB,9,0,0,0,0,0,2.0,0,0,0,0,0,0.0,16.0,11.0,5.0,0.0,0.0,0,
606,Leigh Torrence,26,NOR,DB,7,0,0,0,0,0,2.0,0,0,0,0,0,0.0,9.0,7.0,2.0,0.0,0.0,0,
607,Matt Turk,40,HOU,P,16,0,0,0,0,0,0.0,0,1,1,0,0,0.0,0.0,0.0,0.0,0.0,0.0,0,
608,Adam Vinatieri,36,IND,K,16,0,0,0,0,0,0.0,0,0,0,0,0,0.0,3.0,3.0,0.0,0.0,0.0,0,
609,John Wendling,25,BUF,DB,16,0,0,0,0,0,0.0,0,0,0,0,0,0.0,13.0,10.0,3.0,0.0,0.0,0,
610,Dante Wesley,29,CAR,DB,16,0,0,0,0,0,3.0,1,0,1,12,1,0.0,9.0,8.0,1.0,0.0,0.0,0,
611,Philip Wheeler,24,IND,LB,16,0,0,0,0,0,0.0,0,0,0,0,0,0.0,14.0,12.0,2.0,1.0,0.0,0,
612,Stylez G. White,29,TAM,DE,16,0,0,0,0,0,1.0,1,0,0,0,0,5.0,32.0,25.0,7.0,,,0,
613,Jamar Williams,24,CHI,LB,16,0,0,0,0,0,0.0,0,0,0,0,0,0.0,12.0,9.0,3.0,0.0,0.0,0,
614,Chris Wilson,26,WAS,DE,16,0,0,0,0,0,0.0,0,0,0,0,0,1.0,13.0,8.0,5.0,2.0,1.0,0,
615,Wallace Wright,24,NYJ,WR,16,0,0,0,0,0,0.0,0,0,0,0,0,0.0,23.0,20.0,3.0,1.0,0.0,0,
616,Ellis Wyms,29,MIN,DE,16,0,0,0,0,0,0.0,1,0,0,0,0,2.5,8.0,6.0,2.0,2.0,4.0,0,
617,Renaldo Wynn,34,NYG,DE,16,0,0,0,0,0,0.0,0,0,0,0,0,2.0,25.0,18.0,7.0,5.0,2.0,0,
618,Tom Zbikowski,23,BAL,DB,16,0,0,0,0,0,0.0,0,0,0,0,0,0.0,19.0,16.0,3.0,1.0,1.0,0,
619,Jamaal Anderson,22,ATL,LDE,15,15,0,0,0,0,3.0,0,0,0,0,0,2.0,27.0,24.0,3.0,3.0,4.0,0,
620,Nnamdi Asomugha,27,OAK,RCB,15,15,1,0,0,0,9.0,1,0,0,0,0,0.0,40.0,33.0,7.0,3.0,0.0,0,"PB,AP-1"
621,Rocky Bernard,29,SEA,RDT,15,15,0,0,0,0,1.0,1,0,1,0,0,4.0,55.0,43.0,12.0,8.0,9.0,0,
622,Kevin Boss,24,NYG,TE,15,15,0,0,0,0,0.0,0,0,1,0,0,0.0,0.0,0.0,0.0,0.0,0.0,0,
623,Mike Brown,30,CHI,FS,15,15,2,0,0,0,8.0,0,0,0,0,0,1.0,74.0,58.0,16.0,3.0,4.0,0,
624,Tony Brown,28,TEN,LDT,15,15,0,0,0,0,4.0,0,0,2,4,0,4.0,52.0,38.0,14.0,12.0,14.0,0,
625,Marc Bulger,31,STL,QB,15,15,0,0,0,0,0.0,0,5,1,-3,0,0.0,0.0,0.0,0.0,0.0,0.0,0,
626,Cooper Carlisle,31,OAK,RG,15,15,0,0,0,0,0.0,0,0,1,0,0,0.0,0.0,0.0,0.0,0.0,0.0,0,
627,Luis Castillo,25,SDG,RDE,15,15,1,4,0,4,1.0,1,0,0,0,0,1.5,40.0,27.0,13.0,5.0,4.0,0,
628,Dallas Clark,29,IND,TE,15,15,0,0,0,0,0.0,0,2,1,0,0,0.0,0.0,0.0,0.0,0.0,0.0,0,
629,Nate Clements,29,SFO,LCB,15,15,2,13,0,13,9.0,1,0,0,0,0,0.0,63.0,56.0,7.0,4.0,0.0,0,
630,Barry Cofield,24,NYG,LDT,15,15,0,0,0,0,1.0,1,0,0,0,0,3.0,44.0,32.0,12.0,6.0,5.0,0,
631,Alge Crumpler,31,TEN,TE,15,15,0,0,0,0,0.0,0,1,0,0,0,0.0,0.0,0.0,0.0,,,0,
632,Chartric Darby,33,DET,LDT,15,15,0,0,0,0,0.0,0,0,1,2,0,1.5,31.0,23.0,8.0,7.0,3.0,0,
633,Ray Edwards,23,MIN,LDE,15,15,0,0,0,0,3.0,1,0,0,0,0,5.0,53.0,34.0,19.0,12.0,17.0,0,
634,Rex Hadnot,26,CLE,RG,15,15,0,0,0,0,0.0,0,0,1,0,0,0.0,0.0,0.0,0.0,0.0,0.0,0,
635,Tamba Hali,25,KAN,RDE/LDE,15,15,0,0,0,0,2.0,3,0,1,0,0,3.0,55.0,44.0,11.0,5.0,6.0,0,
636,Roman Harper,26,NOR,SS,15,15,0,0,0,0,9.0,1,0,0,0,0,0.0,89.0,82.0,7.0,4.0,1.0,0,
637,James Harrison,30,PIT,ROLB,15,15,1,33,0,33,3.0,7,1,0,-18,0,16.0,101.0,67.0,34.0,16.0,19.0,1,"PB,AP-1,AP MVP-4,AP DPoY-1"
638,Marvin Harrison,36,IND,WR,15,15,0,0,0,0,0.0,0,1,0,0,0,0.0,0.0,0.0,0.0,0.0,0.0,0,
639,Santonio Holmes,24,PIT,WR,15,15,0,0,0,0,0.0,0,4,2,0,0,0.0,0.0,0.0,0.0,0.0,0.0,0,
640,T.J. Houshmandzadeh,31,CIN,WR,15,15,0,0,0,0,0.0,0,0,1,-3,0,0.0,0.0,0.0,0.0,0.0,0.0,0,
641,Chris Hovan,30,TAM,LDT,15,15,0,0,0,0,1.0,0,0,0,0,0,1.0,43.0,36.0,7.0,4.0,5.0,0,
642,Damione Lewis,30,CAR,RDT,15,15,0,0,0,0,4.0,1,0,1,0,0,3.5,43.0,33.0,10.0,5.0,4.0,0,
643,Marshawn Lynch,22,BUF,RB,15,15,0,0,0,0,0.0,0,2,2,0,0,0.0,0.0,0.0,0.0,0.0,0.0,0,PB
644,Brandon Marshall,24,DEN,WR,15,15,0,0,0,0,0.0,0,4,0,0,0,0.0,0.0,0.0,0.0,0.0,0.0,0,PB
645,Kevin Mawae,37,TEN,C,15,15,0,0,0,0,0.0,0,1,1,-1,0,0.0,0.0,0.0,0.0,0.0,0.0,0,"PB,AP-1"
646,Rob Meier,31,JAX,RDT,15,15,0,0,0,0,0.0,0,0,0,0,0,2.0,30.0,26.0,4.0,6.0,5.0,0,
647,Lawyer Milloy,35,ATL,SS,15,15,1,38,0,38,5.0,1,0,0,0,0,0.0,92.0,76.0,16.0,1.0,2.0,0,
648,Rudy Niswanger,26,KAN,C,15,15,0,0,0,0,0.0,0,1,0,-7,0,0.0,0.0,0.0,0.0,,,0,
649,Kyle Orton,26,CHI,QB,15,15,0,0,0,0,0.0,0,6,1,-13,0,0.0,0.0,0.0,0.0,0.0,0.0,0,
650,Antonio Pierce,30,NYG,MLB,15,15,0,0,0,0,2.0,2,0,0,0,0,1.5,95.0,72.0,23.0,5.0,1.0,0,
651,Brodney Pool,24,CLE,FS,15,15,3,45,0,24,6.0,1,0,1,0,0,1.0,65.0,60.0,5.0,4.0,1.0,0,
652,Dewayne Robertson,27,DEN,LDT,15,15,0,0,0,0,0.0,0,0,0,0,0,1.5,22.0,18.0,4.0,0.0,4.0,0,
653,Aaron Ross,26,NYG,LCB,15,15,3,58,1,50,8.0,0,0,0,0,0,0.0,52.0,46.0,6.0,4.0,1.0,0,
654,Eddie Royal,22,DEN,WR,15,15,0,0,0,0,0.0,0,2,1,0,0,0.0,0.0,0.0,0.0,0.0,0.0,0,
655,JaMarcus Russell,23,OAK,QB,15,15,0,0,0,0,0.0,0,12,2,0,0,0.0,0.0,0.0,0.0,0.0,0.0,0,
656,Asante Samuel,27,PHI,LCB,15,15,4,64,1,50,24.0,0,0,0,0,0,0.0,36.0,32.0,4.0,0.0,0.0,0,PB
657,Arron Sears,24,TAM,LG,15,15,0,0,0,0,0.0,0,0,1,0,0,0.0,0.0,0.0,0.0,0.0,0.0,0,
658,Richard Seymour,29,NWE,RDE,15,15,0,0,0,0,1.0,0,0,1,0,0,8.0,51.0,34.0,17.0,11.0,17.0,0,
659,Kevin Shaffer,28,CLE,RT,15,15,0,0,0,0,0.0,0,0,1,0,0,0.0,0.0,0.0,0.0,0.0,0.0,0,
660,Lofa Tatupu,26,SEA,MLB,15,15,1,16,0,16,4.0,1,0,0,0,0,0.0,94.0,69.0,25.0,3.0,4.0,0,
661,David Thornton,30,TEN,LLB,15,15,0,0,0,0,6.0,2,0,0,0,0,0.0,78.0,60.0,18.0,6.0,2.0,0,
662,Charles Tillman,27,CHI,LCB,15,15,3,52,1,26,17.0,4,0,0,0,0,0.0,93.0,81.0,12.0,1.0,1.0,0,
663,LaMarr Woodley,24,PIT,LOLB,15,15,1,6,0,6,2.0,2,0,4,9,1,11.5,60.0,41.0,19.0,16.0,17.0,0,
664,James Butler,26,NYG,SS,15,14,3,62,0,47,7.0,0,1,1,0,0,0.0,68.0,54.0,14.0,3.0,1.0,0,
665,Dwight Freeney,28,IND,RDE,15,14,0,0,0,0,0.0,4,0,0,0,0,10.5,28.0,24.0,4.0,12.0,20.0,0,PB
666,Jovan Haye,26,TAM,RDT,15,14,0,0,0,0,1.0,0,0,0,0,0,0.0,33.0,25.0,8.0,2.0,1.0,0,
667,Roderick Hood,27,ARI,LCB,15,14,1,0,0,0,14.0,1,0,0,0,0,0.0,40.0,39.0,1.0,0.0,0.0,0,
668,Grady Jackson,35,ATL,RDT,15,14,0,0,0,0,1.0,0,0,0,0,0,2.0,28.0,23.0,5.0,6.0,2.0,0,
669,Chris Johnson,23,TEN,RB,15,14,0,0,0,0,0.0,0,1,0,0,0,0.0,0.0,0.0,0.0,0.0,0.0,0,"PB,AP MVP-7,AP ORoY-2"
670,Travis Johnson,26,HOU,LDT,15,14,0,0,0,0,2.0,0,0,0,0,0,1.0,30.0,25.0,5.0,3.0,5.0,0,
671,Adrian Wilson,29,ARI,SS,15,14,2,37,0,28,5.0,2,0,0,0,0,2.5,74.0,60.0,14.0,7.0,6.0,0,"PB,AP-2"
672,Marion Barber III,25,DAL,RB,15,13,0,0,0,0,0.0,0,7,1,0,0,0.0,0.0,0.0,0.0,0.0,0.0,0,
673,Channing Crowder,25,MIA,LILB,15,13,0,0,0,0,6.0,1,0,1,11,0,0.0,113.0,92.0,21.0,6.0,4.0,0,
674,Donnie Avery,24,STL,WR,15,12,0,0,0,0,0.0,0,0,1,0,0,0.0,0.0,0.0,0.0,0.0,0.0,0,
675,Duke Preston,26,BUF,C,15,11,0,0,0,0,0.0,0,1,2,-2,0,0.0,0.0,0.0,0.0,0.0,0.0,0,
676,John Thornton,32,CIN,RDT,15,11,0,0,0,0,2.0,0,0,0,0,0,3.0,30.0,24.0,6.0,4.0,8.0,0,
677,Ebenezer Ekuban,32,DEN,LDE,15,10,0,0,0,0,0.0,0,0,1,0,0,5.0,38.0,29.0,9.0,7.0,7.0,0,
678,Morlon Greenwood,30,HOU,RLB,15,10,0,0,0,0,1.0,0,0,0,0,0,0.0,45.0,31.0,14.0,3.0,0.0,0,
679,Julius Jones,27,SEA,RB,15,10,0,0,0,0,0.0,0,4,0,0,0,0.0,0.0,0.0,0.0,0.0,0.0,0,
680,Mike Peterson,32,JAX,MLB,15,10,0,0,0,0,0.0,0,0,0,0,0,1.0,84.0,70.0,14.0,1.0,3.0,0,
681,Melvin Bullitt,24,IND,SS,15,9,4,7,0,3,9.0,1,0,0,0,0,0.0,72.0,59.0,13.0,3.0,1.0,0,
682,Adam Carriker,24,STL,RDT,15,9,0,0,0,0,0.0,0,0,1,0,0,0.0,23.0,22.0,1.0,4.0,5.0,0,
683,Michael Clayton,26,TAM,WR,15,9,0,0,0,0,0.0,0,1,0,0,0,0.0,1.0,1.0,0.0,0.0,0.0,0,
684,Ray McDonald,24,SFO,LDE,15,9,0,0,0,0,5.0,0,0,0,0,0,1.0,27.0,20.0,7.0,2.0,3.0,0,
685,Drayton Florence,28,JAX,RCB,15,8,0,0,0,0,3.0,1,0,2,36,0,0.0,37.0,33.0,4.0,1.0,0.0,0,
686,DeAngelo Hall,25,2TM,LCB,15,12,5,37,0,21,21.0,0,0,2,13,0,0.5,74.0,63.0,11.0,1.0,1.0,0,
686,DeAngelo Hall,25,OAK,LCB,8,8,3,31,0,21,13.0,0,0,1,0,0,0.5,49.0,43.0,6.0,0.0,1.0,0,
686,DeAngelo Hall,25,WAS,DB,7,4,2,6,0,4,8.0,0,0,1,13,0,0.0,25.0,20.0,5.0,1.0,0.0,0,
687,Devin Hester,26,CHI,WR,15,8,0,0,0,0,0.0,0,5,2,0,0,0.0,1.0,1.0,0.0,0.0,0.0,0,
688,Chris Johnson,29,OAK,CB,15,7,3,68,0,44,12.0,1,0,0,0,0,0.0,34.0,32.0,2.0,4.0,0.0,0,
689,Jamey Richard,24,IND,C/LG,15,7,0,0,0,0,0.0,0,0,1,0,1,0.0,0.0,0.0,0.0,0.0,0.0,0,
690,Robert Royal,29,BUF,TE,15,7,0,0,0,0,0.0,0,2,0,0,0,0.0,0.0,0.0,0.0,0.0,0.0,0,
691,Roy Williams,27,2TM,WR,15,11,0,0,0,0,0.0,0,0,1,6,0,0.0,1.0,1.0,0.0,0.0,0.0,0,
691,Roy Williams,27,DET,WR,5,4,0,0,0,0,0.0,0,0,1,6,0,0.0,0.0,0.0,0.0,0.0,0.0,0,
691,Roy Williams,27,DAL,WR,10,7,0,0,0,0,0.0,0,0,0,0,0,0.0,1.0,1.0,0.0,,,0,
692,Jason Avant,25,PHI,WR,15,6,0,0,0,0,0.0,0,0,0,0,0,0.0,3.0,3.0,0.0,0.0,0.0,0,
693,Hank Baskett,26,PHI,WR,15,6,0,0,0,0,0.0,0,1,0,0,0,0.0,1.0,1.0,0.0,0.0,0.0,0,
694,John Engelberger,32,DEN,LDE,15,6,0,0,0,0,0.0,1,0,0,0,0,1.0,31.0,24.0,7.0,4.0,1.0,0,
695,Brandon Harrison,23,HOU,SS,15,6,0,0,0,0,1.0,0,0,0,0,0,0.0,33.0,24.0,9.0,1.0,1.0,0,
696,Billy Miller,31,NOR,TE,15,5,0,0,0,0,0.0,0,0,1,0,0,0.0,0.0,0.0,0.0,0.0,0.0,0,
697,Sabby Piscitelli,25,TAM,SS,15,5,2,106,0,84,8.0,1,0,0,0,0,0.0,49.0,41.0,8.0,1.0,0.0,0,
698,Pierre Thomas,24,NOR,RB,15,5,0,0,0,0,0.0,0,1,1,0,0,0.0,5.0,4.0,1.0,0.0,0.0,0,
699,Frank Walker,28,BAL,CB,15,5,1,0,0,0,11.0,2,0,0,0,0,0.0,35.0,31.0,4.0,0.0,0.0,0,
700,Cliff Avril,22,DET,DE,15,4,0,0,0,0,0.0,4,0,1,10,0,5.0,23.0,18.0,5.0,7.0,9.0,0,
701,Alfonso Boone,32,KAN,DT,15,4,0,0,0,0,1.0,0,0,0,0,0,1.0,18.0,17.0,1.0,3.0,1.0,0,
702,Dominic Rhodes,29,IND,RB,15,4,0,0,0,0,0.0,0,0,0,0,0,0.0,1.0,1.0,0.0,0.0,0.0,0,
703,Stanford Routt,25,OAK,DB,15,4,0,0,0,0,6.0,0,0,0,0,0,0.0,18.0,15.0,3.0,0.0,0.0,0,
704,Dave Ball,27,TEN,DE,15,3,1,15,1,15,1.0,1,0,0,0,0,4.5,28.0,19.0,9.0,5.0,13.0,0,
705,Steve Gregory,25,SDG,DB,15,3,0,0,0,0,4.0,0,0,0,0,0,0.0,36.0,31.0,5.0,1.0,0.0,0,
706,Marques Harris,27,SDG,LB,15,3,0,0,0,0,0.0,2,0,1,0,0,2.5,28.0,23.0,5.0,3.0,6.0,0,
707,Tutan Reyes,31,JAX,G,15,3,0,0,0,0,0.0,0,0,0,0,0,0.0,1.0,1.0,0.0,0.0,0.0,0,
708,Jason Allen,25,MIA,DB,15,2,1,2,0,2,4.0,0,0,1,0,0,0.0,36.0,33.0,3.0,0.0,0.0,0,
709,Jason Craft,32,2TM,DB,15,2,1,16,0,16,6.0,2,0,3,0,0,3.0,70.0,61.0,9.0,7.0,5.0,0,
709,Jason Craft,32,NOR,DB,2,0,0,0,0,0,0.0,0,0,0,0,0,0.0,9.0,4.0,5.0,0.0,0.0,0,
709,Jason Craft,32,STL,DB,13,2,1,16,0,16,6.0,2,0,3,0,0,3.0,61.0,57.0,4.0,7.0,5.0,0,
710,Josh Cribbs,25,CLE,WR,15,2,0,0,0,0,0.0,0,0,1,0,0,0.0,23.0,19.0,4.0,0.0,0.0,0,
711,Jo-Lonn Dunbar,23,NOR,LB,15,2,0,0,0,0,2.0,0,0,0,0,0,0.0,20.0,17.0,3.0,0.0,0.0,0,
712,Gary Guyton,23,NWE,LB,15,2,0,0,0,0,3.0,0,0,2,7,0,0.0,33.0,25.0,8.0,3.0,1.0,0,
713,Glenn Holt,24,CIN,WR,15,2,0,0,0,0,0.0,0,1,0,0,0,0.0,2.0,2.0,0.0,0.0,0.0,0,
714,Robert Mathis,27,IND,DE,15,2,0,0,0,0,3.0,5,0,3,37,1,11.5,47.0,36.0,11.0,12.0,10.0,0,PB
715,Ryan Sims,28,TAM,DT,15,2,0,0,0,0,2.0,0,0,0,0,0,1.5,16.0,9.0,7.0,3.0,5.0,0,
716,Aqib Talib,22,TAM,DB,15,2,4,32,0,19,9.0,0,0,0,0,0,0.0,23.0,17.0,6.0,0.0,0.0,0,
717,Delanie Walker,24,SFO,TE,15,2,0,0,0,0,0.0,0,2,1,2,0,0.0,13.0,9.0,4.0,0.0,0.0,0,
718,Usama Young,23,NOR,DB,15,2,2,3,0,3,8.0,0,0,1,7,0,0.0,50.0,42.0,8.0,0.0,0.0,0,
719,Desmond Bishop,24,GNB,LB,15,1,0,0,0,0,0.0,3,0,0,0,0,1.0,35.0,29.0,6.0,2.0,1.0,0,
720,Tarell Brown,23,SFO,DB,15,1,2,1,0,1,3.0,0,0,0,0,0,0.0,30.0,26.0,4.0,0.0,0.0,0,
721,Owen Schmitt,23,SEA,RB,15,1,0,0,0,0,0.0,0,0,0,0,0,0.0,4.0,4.0,0.0,0.0,0.0,0,
722,Brad Smith,25,NYJ,WR,15,1,0,0,0,0,0.0,0,2,0,-16,0,0.0,9.0,8.0,1.0,0.0,0.0,0,
723,Lorenzo Alexander,25,WAS,LB,15,0,0,0,0,0,2.0,0,0,0,0,0,2.0,17.0,11.0,6.0,3.0,5.0,0,
724,Aundrae Allison,22,MIN,WR,15,0,0,0,0,0,0.0,0,2,1,0,0,0.0,0.0,0.0,0.0,0.0,0.0,0,
725,Gary Barnidge,23,CAR,TE,15,0,0,0,0,0,0.0,0,0,0,0,0,0.0,3.0,2.0,1.0,0.0,0.0,0,
726,Ahmad Bradshaw,22,NYG,RB,15,0,0,0,0,0,0.0,1,3,1,0,0,0.0,8.0,8.0,0.0,0.0,0.0,0,
727,Copeland Bryan,25,BUF,DE,15,0,0,0,0,0,2.0,0,0,1,0,0,1.0,16.0,11.0,5.0,2.0,1.0,0,
728,Michael Bush,24,OAK,RB,15,0,0,0,0,0,0.0,0,1,0,0,0,0.0,0.0,0.0,0.0,0.0,0.0,0,
729,Tyrone Culver,25,MIA,DB,15,0,1,1,0,1,3.0,0,0,0,0,0,0.0,35.0,27.0,8.0,0.0,0.0,0,
730,Nick Eason,28,PIT,DT,15,0,0,0,0,0,1.0,0,0,0,0,0,1.5,17.0,10.0,7.0,2.0,2.0,0,
731,Troy Evans,31,NOR,LB,15,0,0,0,0,0,0.0,0,0,1,3,0,0.0,14.0,13.0,1.0,1.0,0.0,0,
732,Jay Feely,32,NYJ,K,15,0,0,0,0,0,0.0,0,0,0,0,0,0.0,5.0,4.0,1.0,0.0,0.0,0,
733,Andre Frazier,26,PIT,LB,15,0,0,0,0,0,0.0,0,0,0,0,0,1.0,10.0,7.0,3.0,1.0,1.0,0,
734,Vernon Gholston,22,NYJ,DE,15,0,0,0,0,0,0.0,0,0,0,0,0,0.0,13.0,5.0,8.0,0.0,0.0,0,
735,Jerome Harrison,25,CLE,RB,15,0,0,0,0,0,0.0,0,0,0,0,0,0.0,5.0,4.0,1.0,0.0,0.0,0,
736,Brian Iwuh,24,JAX,LB,15,0,0,0,0,0,0.0,0,0,0,0,0,0.0,10.0,10.0,0.0,0.0,1.0,0,
737,Landon Johnson,27,CAR,LB,15,0,0,0,0,0,0.0,1,0,0,0,0,0.0,16.0,14.0,2.0,0.0,1.0,0,
738,Derek Landri,25,JAX,DT,15,0,0,0,0,0,1.0,0,0,0,0,0,2.0,15.0,11.0,4.0,6.0,4.0,0,
739,Gerard Lawson,23,CLE,DB,15,0,0,0,0,0,0.0,0,0,0,0,0,0.0,2.0,1.0,1.0,0.0,0.0,0,
740,Elbert Mack,22,TAM,WR,15,0,0,0,0,0,1.0,0,0,0,0,0,0.0,15.0,13.0,2.0,2.0,1.0,0,
741,Marvin Mitchell,24,NOR,LB,15,0,0,0,0,0,0.0,0,0,1,0,0,0.0,10.0,8.0,2.0,0.0,0.0,0,
742,DaJuan Morgan,23,KAN,DB,15,0,0,0,0,0,0.0,0,0,0,0,0,0.0,23.0,21.0,2.0,3.0,1.0,0,
743,Shantee Orr,27,CLE,LB,15,0,0,0,0,0,0.0,0,0,0,0,0,0.0,10.0,8.0,2.0,0.0,0.0,0,
744,Adrian Peterson,29,CHI,RB,15,0,0,0,0,0,0.0,0,0,0,0,0,0.0,12.0,12.0,0.0,0.0,0.0,0,
745,Chris Reis,25,NOR,DB,15,0,0,0,0,0,0.0,1,0,0,0,0,1.0,14.0,12.0,2.0,1.0,1.0,0,
746,Brian Robison,25,MIN,DE,15,0,0,0,0,0,0.0,1,0,0,0,0,2.5,14.0,7.0,7.0,3.0,6.0,0,
747,Justin Rogers,25,DAL,LB,15,0,0,0,0,0,0.0,0,0,0,0,0,0.0,16.0,10.0,6.0,0.0,0.0,0,
748,Jordan Senn,24,IND,LB,15,0,0,0,0,0,0.0,0,0,0,0,0,0.0,19.0,15.0,4.0,0.0,0.0,0,
749,Brandon Siler,23,SDG,LB,15,0,0,0,0,0,0.0,0,0,0,0,0,0.0,25.0,16.0,9.0,1.0,0.0,0,
750,Le Kevin Smith,26,NWE,DT,15,0,0,0,0,0,0.0,0,0,1,0,0,0.0,13.0,10.0,3.0,,,0,
751,Chaun Thompson,28,HOU,LB,15,0,0,0,0,0,1.0,0,0,0,0,0,1.0,13.0,8.0,5.0,0.0,4.0,0,
752,Raymond Ventrone,26,NWE,DB,15,0,0,0,0,0,0.0,0,0,0,0,0,0.0,7.0,6.0,1.0,0.0,0.0,0,
753,Erik Walden,23,2TM,LB,15,0,0,0,0,0,0.0,0,0,0,0,0,0.0,15.0,13.0,2.0,0.0,0.0,0,
753,Erik Walden,23,KAN,LB,9,0,0,0,0,0,0.0,0,0,0,0,0,0.0,10.0,9.0,1.0,0.0,0.0,0,
753,Erik Walden,23,MIA,LB,6,0,0,0,0,0,0.0,0,0,0,0,0,0.0,5.0,4.0,1.0,0.0,0.0,0,
754,Tracy White,27,2TM,LB,15,0,0,0,0,0,0.0,0,0,0,0,0,0.0,13.0,9.0,4.0,0.0,0.0,0,
754,Tracy White,27,GNB,LB,5,0,0,0,0,0,0.0,0,0,0,0,0,0.0,4.0,3.0,1.0,0.0,0.0,0,
754,Tracy White,27,PHI,LB,10,0,0,0,0,0,0.0,0,0,0,0,0,0.0,9.0,6.0,3.0,0.0,0.0,0,
755,Jason Wright,26,CLE,RB,15,0,0,0,0,0,0.0,0,1,1,0,0,0.0,3.0,3.0,0.0,0.0,0.0,0,
756,Kendrick Clancy,30,NOR,LDT,14,14,0,0,0,0,3.0,0,0,1,0,0,2.0,34.0,26.0,8.0,3.0,4.0,0,
757,Ryan Clark,29,PIT,FS,14,14,1,0,0,0,6.0,0,0,0,0,0,0.0,88.0,52.0,36.0,0.0,0.0,0,AP CPoY-8
758,Keyunta Dawson,23,IND,RDT/LDT,14,14,0,0,0,0,0.0,0,0,1,0,0,0.0,42.0,21.0,21.0,1.0,2.0,0,
759,Trent Edwards,25,BUF,QB,14,14,0,0,0,0,0.0,0,9,1,-1,0,0.0,0.0,0.0,0.0,0.0,0.0,0,
760,Justin Fargas,28,OAK,RB,14,14,0,0,0,0,0.0,0,3,1,-12,0,0.0,0.0,0.0,0.0,0.0,0.0,0,
761,Frank Gore,25,SFO,RB,14,14,0,0,0,0,0.0,0,6,1,0,0,0.0,0.0,0.0,0.0,0.0,0.0,0,
762,Cornelius Griffin,32,WAS,LDT,14,14,1,0,0,0,1.0,0,0,0,0,0,1.0,28.0,16.0,12.0,4.0,4.0,0,
763,Clinton Hart,31,SDG,SS,14,14,0,0,0,0,8.0,0,0,2,0,0,0.0,63.0,45.0,18.0,1.0,0.0,0,
764,Albert Haynesworth,27,TEN,RDT,14,14,0,0,0,0,2.0,3,0,1,0,0,8.5,51.0,41.0,10.0,15.0,22.0,0,"PB,AP-1,AP DPoY-4"
765,John Henderson,29,JAX,LDT,14,14,0,0,0,0,3.0,0,0,0,0,0,2.0,44.0,34.0,10.0,5.0,4.0,0,
766,Derrick Johnson,26,KAN,RLB,14,14,1,7,0,7,6.0,4,0,0,0,0,1.5,86.0,69.0,17.0,6.0,2.0,0,
767,Freddy Keiaho,26,IND,RLB,14,14,0,0,0,0,0.0,0,1,3,-2,0,0.0,105.0,79.0,26.0,5.0,2.0,0,
768,Ma'ake Kemoeatu,29,CAR,LDT,14,14,0,0,0,0,2.0,1,0,0,0,0,0.0,36.0,31.0,5.0,1.0,0.0,0,
769,Willie McGinest,37,CLE,LOLB,14,14,0,0,0,0,2.0,0,0,0,0,0,1.0,57.0,44.0,13.0,5.0,9.0,0,
770,Marcus McNeill,25,SDG,LT,14,14,0,0,0,0,0.0,0,0,1,0,0,0.0,0.0,0.0,0.0,0.0,0.0,0,
771,Heath Miller,26,PIT,TE,14,14,0,0,0,0,0.0,0,1,0,0,0,0.0,0.0,0.0,0.0,0.0,0.0,0,
772,Fred Robbins,31,NYG,RDT,14,14,0,0,0,0,2.0,0,0,0,0,0,5.5,36.0,29.0,7.0,13.0,8.0,0,
773,James Sanders,25,NWE,FS,14,14,1,9,0,9,3.0,0,0,0,0,0,0.0,67.0,44.0,23.0,1.0,0.0,0,
774,Daryl Smith,26,JAX,LLB/MLB,14,14,0,0,0,0,3.0,1,0,0,0,0,2.5,70.0,60.0,10.0,5.0,4.0,0,
775,Steve Smith Sr.,29,CAR,WR,14,14,0,0,0,0,0.0,0,1,0,0,0,0.0,0.0,0.0,0.0,0.0,0.0,0,"PB,AP-2,AP OPoY-6"
776,Brian Westbrook,29,PHI,RB,14,14,0,0,0,0,0.0,0,2,1,-1,0,0.0,0.0,0.0,0.0,,,0,
777,Travelle Wharton,27,CAR,LG,14,14,0,0,0,0,0.0,0,0,1,0,0,0.0,0.0,0.0,0.0,,,0,
778,Pat Williams,36,MIN,LDT,14,14,0,0,0,0,3.0,0,0,1,0,0,1.0,44.0,31.0,13.0,4.0,3.0,0,PB
779,Brandon Flowers,22,KAN,RCB,14,13,2,118,1,91,13.0,1,0,2,37,0,0.0,68.0,61.0,7.0,3.0,0.0,0,
780,Scott Fujita,29,NOR,LLB,14,13,2,19,0,17,3.0,1,0,0,0,0,0.0,81.0,63.0,18.0,5.0,0.0,0,
781,Randall Gay,26,NOR,LCB,14,13,0,0,0,0,15.0,0,0,0,0,0,1.0,53.0,49.0,4.0,3.0,1.0,0,
782,Tommie Harris,25,CHI,LDT,14,13,0,0,0,0,0.0,0,1,1,0,0,5.0,37.0,33.0,4.0,11.0,11.0,0,
783,Terrence McGee,28,BUF,LCB,14,13,3,36,0,36,18.0,0,0,0,0,0,0.0,66.0,61.0,5.0,3.0,0.0,0,
784,Adam Snyder,26,SFO,LG/RG,14,13,0,0,0,0,0.0,0,0,2,0,0,0.0,0.0,0.0,0.0,,,0,
785,Justin Durant,23,JAX,RLB,14,12,0,0,0,0,5.0,0,0,0,0,0,0.0,71.0,63.0,8.0,8.0,1.0,0,
786,Amobi Okoye,21,HOU,RDT,14,12,0,0,0,0,2.0,1,0,1,0,0,1.0,24.0,15.0,9.0,2.0,3.0,0,
787,Alex Smith,26,TAM,TE,14,12,0,0,0,0,0.0,0,0,0,0,0,0.0,2.0,1.0,1.0,0.0,0.0,0,
788,Willie Anderson,33,BAL,RT,14,11,0,0,0,0,0.0,0,0,1,0,0,0.0,0.0,0.0,0.0,0.0,0.0,0,AP CPoY-8
789,Kalimba Edwards,29,OAK,RDE,14,11,0,0,0,0,0.0,1,0,1,0,0,5.0,48.0,41.0,7.0,8.0,7.0,0,
790,Kwame Harris,26,OAK,LT,14,11,0,0,0,0,0.0,0,0,2,0,0,0.0,0.0,0.0,0.0,0.0,0.0,0,
791,Jon Jansen,32,WAS,RT,14,11,0,0,0,0,0.0,0,0,1,0,0,0.0,0.0,0.0,0.0,0.0,0.0,0,
792,Tyler Thigpen,24,KAN,QB,14,11,0,0,0,0,0.0,0,6,3,-8,0,0.0,0.0,0.0,0.0,0.0,0.0,0,
793,Domonique Foxworth,25,ATL,LCB,14,10,1,1,0,1,11.0,0,0,0,0,0,0.0,38.0,35.0,3.0,1.0,0.0,0,
794,Chris Horton,24,WAS,SS,14,10,3,13,0,10,5.0,0,0,1,5,0,1.0,76.0,57.0,19.0,5.0,3.0,0,
795,Manny Lawson,24,SFO,LLB,14,10,0,0,0,0,3.0,1,0,1,0,0,3.0,45.0,33.0,12.0,8.0,3.0,0,
796,Justin McCareins,30,TEN,WR,14,10,0,0,0,0,0.0,0,2,0,0,0,0.0,0.0,0.0,0.0,0.0,0.0,0,
797,Nick Ferguson,34,HOU,SS,14,9,0,0,0,0,2.0,1,0,1,0,0,0.0,59.0,48.0,11.0,1.0,2.0,0,
798,Nick Roach,23,CHI,LLB,14,9,0,0,0,0,2.0,0,0,1,0,0,0.0,39.0,30.0,9.0,3.0,0.0,0,
799,Ben Watson,28,NWE,TE,14,9,0,0,0,0,0.0,0,1,0,0,0,0.0,0.0,0.0,0.0,0.0,0.0,0,
800,Travis Fisher,29,DET,RCB,14,8,0,0,0,0,5.0,0,0,0,0,0,0.0,37.0,30.0,7.0,0.0,0.0,0,
801,Mike Montgomery,25,GNB,RDE,14,8,0,0,0,0,1.0,1,0,0,0,0,2.5,59.0,43.0,16.0,4.0,6.0,0,
802,Barry Sims,34,SFO,RT,14,8,0,0,0,0,0.0,0,0,1,0,0,0.0,0.0,0.0,0.0,0.0,0.0,0,
803,Brandon Chillar,26,GNB,RLB,14,7,0,0,0,0,8.0,1,0,0,0,0,1.0,69.0,59.0,10.0,3.0,5.0,0,
804,David Jones,23,CIN,LCB,14,7,0,0,0,0,6.0,0,0,1,12,0,0.0,43.0,36.0,7.0,0.0,0.0,0,
805,Leonard Weaver,26,SEA,FB,14,7,0,0,0,0,0.0,0,1,0,0,0,0.0,0.0,0.0,0.0,0.0,0.0,0,
806,Chris Crocker,28,2TM,SS/FS,14,8,1,22,0,22,3.0,1,0,0,0,0,1.5,44.0,35.0,9.0,5.0,6.0,0,
806,Chris Crocker,28,MIA,DB,6,2,0,0,0,0,1.0,0,0,0,0,0,0.0,10.0,10.0,0.0,0.0,0.0,0,
806,Chris Crocker,28,CIN,SS/FS,8,6,1,22,0,22,2.0,1,0,0,0,0,1.5,34.0,25.0,9.0,5.0,6.0,0,
807,Jason David,26,NOR,RCB,14,6,5,83,0,42,10.0,0,0,1,17,0,0.0,23.0,21.0,2.0,1.0,0.0,0,
808,Anthony Montgomery,24,WAS,RDT,14,6,0,0,0,0,1.0,0,0,0,0,0,2.0,23.0,15.0,8.0,2.0,4.0,0,
809,Aaron Rouse,24,GNB,SS,14,6,2,136,1,99,3.0,0,0,0,0,0,0.0,54.0,40.0,14.0,1.0,0.0,0,
810,Mike Adams,27,CLE,SS,14,5,2,18,0,18,2.0,0,0,1,0,0,0.0,44.0,36.0,8.0,1.0,1.0,0,
811,Deon Anderson,25,DAL,FB,14,5,0,0,0,0,0.0,0,0,0,0,0,0.0,8.0,7.0,1.0,0.0,0.0,0,
812,Leonard Little,34,STL,LDE,14,5,0,0,0,0,0.0,2,0,0,0,0,6.0,18.0,15.0,3.0,7.0,11.0,0,
813,Tony Moll,25,GNB,RG/RT,14,5,0,0,0,0,0.0,0,0,1,0,0,0.0,0.0,0.0,0.0,0.0,0.0,0,
814,Jon Alston,25,OAK,LB,14,4,0,0,0,0,1.0,1,0,0,0,0,0.0,34.0,29.0,5.0,1.0,0.0,0,
815,Bertrand Berry,33,ARI,DE,14,4,0,0,0,0,3.0,2,0,1,0,0,5.0,22.0,15.0,7.0,5.0,8.0,0,
816,Rudi Johnson,29,DET,RB,14,4,0,0,0,0,0.0,0,1,0,0,0,0.0,0.0,0.0,0.0,0.0,0.0,0,
817,Benny Sapp,27,MIN,DB,14,4,2,13,0,14,2.0,1,0,0,0,0,0.0,21.0,18.0,3.0,0.0,1.0,0,
818,Carey Davis,27,PIT,RB,14,3,0,0,0,0,0.0,0,2,1,0,0,0.0,6.0,5.0,1.0,0.0,0.0,0,
819,Jacob Ford,25,TEN,LB,14,3,0,0,0,0,1.0,2,0,0,0,0,7.0,26.0,22.0,4.0,10.0,13.0,0,
820,Jarvis Green,29,NWE,DE,14,3,0,0,0,0,0.0,1,0,1,0,0,2.0,29.0,22.0,7.0,4.0,4.0,0,
821,David Herron,24,MIN,LB,14,3,0,0,0,0,0.0,0,0,0,0,0,0.0,14.0,12.0,2.0,0.0,0.0,0,
822,Mike Jenkins,23,DAL,DB,14,3,1,23,1,23,4.0,0,0,0,0,0,0.0,19.0,19.0,0.0,0.0,0.0,0,
823,Todd Johnson,30,STL,DB,14,3,0,0,0,0,0.0,1,0,0,0,0,0.0,24.0,20.0,4.0,1.0,0.0,0,
824,Spencer Larsen,24,DEN,LB,14,3,0,0,0,0,0.0,0,0,0,0,0,0.0,22.0,19.0,3.0,1.0,0.0,0,
825,Dennis Northcutt,31,JAX,WR,14,3,0,0,0,0,0.0,0,1,0,0,0,0.0,0.0,0.0,0.0,,,0,
826,Donald Strickland,28,SFO,DB,14,3,0,0,0,0,5.0,1,0,0,0,0,0.0,38.0,28.0,10.0,0.0,0.0,0,
827,Sam Aiken,28,NWE,WR,14,2,0,0,0,0,0.0,0,0,0,0,0,0.0,7.0,5.0,2.0,0.0,0.0,0,
828,Darnell Dinkins,31,CLE,TE,14,2,0,0,0,0,0.0,0,0,0,0,0,0.0,4.0,4.0,0.0,0.0,0.0,0,
829,D.D. Lewis,29,SEA,LB,14,2,0,0,0,0,0.0,0,0,0,0,0,0.0,45.0,36.0,9.0,5.0,0.0,0,
830,Jordan Babineaux,26,SEA,DB,14,1,1,35,1,35,3.0,1,0,1,24,1,0.0,60.0,57.0,3.0,1.0,2.0,0,
831,Vinny Ciurciu,28,MIN,LB,14,1,0,0,0,0,1.0,0,0,0,0,0,0.0,11.0,10.0,1.0,0.0,0.0,0,
832,Jermichael Finley,21,GNB,TE,14,1,0,0,0,0,0.0,0,0,0,0,0,0.0,4.0,4.0,0.0,0.0,0.0,0,
833,Casey Fitzsimmons,28,DET,TE,14,1,0,0,0,0,0.0,1,0,1,0,0,0.0,7.0,6.0,1.0,0.0,0.0,0,
834,Cletis Gordon,25,SDG,DB,14,1,0,0,0,0,1.0,0,0,0,0,0,0.0,13.0,10.0,3.0,0.0,0.0,0,
835,Nick Greisen,29,BAL,LB,14,1,0,0,0,0,0.0,0,0,0,0,0,0.0,11.0,10.0,1.0,0.0,0.0,0,
836,Orien Harris,25,CIN,DT,14,1,0,0,0,0,0.0,0,0,0,0,0,0.0,14.0,4.0,10.0,0.0,1.0,0,
837,Brandon London,24,MIA,WR,14,1,0,0,0,0,0.0,0,0,0,0,0,0.0,6.0,5.0,1.0,0.0,0.0,0,
838,Danieal Manning,26,CHI,DB,14,1,1,42,0,42,4.0,0,2,0,0,0,1.0,33.0,28.0,5.0,1.0,3.0,0,
839,Kareem Moore,24,WAS,DB,14,1,0,0,0,0,0.0,0,0,0,0,0,0.0,17.0,11.0,6.0,0.0,0.0,0,
840,Kindal Moorehead,30,ATL,DT,14,1,0,0,0,0,1.0,1,0,0,0,0,1.0,19.0,14.0,5.0,3.0,3.0,0,
841,Antwan Applewhite,23,SDG,LB,14,0,0,0,0,0,0.0,1,0,0,0,0,0.5,20.0,16.0,4.0,0.0,5.0,0,
842,Stephen Bowen,24,DAL,DE,14,0,0,0,0,0,0.0,0,0,0,0,0,0.0,17.0,6.0,11.0,2.0,4.0,0,
843,Tim Bulman,26,HOU,DT,14,0,0,0,0,0,1.0,0,0,1,0,0,4.0,18.0,11.0,7.0,2.0,9.0,0,
844,Khary Campbell,29,WAS,LB,14,0,0,0,0,0,0.0,0,0,0,0,0,0.0,13.0,10.0,3.0,0.0,0.0,0,
845,Tim Castille,24,ARI,RB,14,0,0,0,0,0,0.0,0,0,0,0,0,0.0,8.0,6.0,2.0,0.0,0.0,0,
846,Alfred Fincher,25,WAS,LB,14,0,0,0,0,0,0.0,0,0,0,0,0,0.0,6.0,3.0,3.0,0.0,0.0,0,
847,Pierre Garcon,22,IND,WR,14,0,0,0,0,0,0.0,0,0,0,0,0,0.0,9.0,7.0,2.0,0.0,0.0,0,
848,Shayne Graham,31,CIN,K,14,0,0,0,0,0,0.0,0,0,0,0,0,0.0,2.0,1.0,1.0,0.0,0.0,0,
849,David Hawthorne,23,SEA,LB,14,0,0,0,0,0,0.0,0,0,0,0,0,0.0,12.0,11.0,1.0,0.0,0.0,0,
850,Kevin Hobbs,22,SEA,DB,14,0,0,0,0,0,0.0,0,0,0,0,0,0.0,6.0,5.0,1.0,0.0,0.0,0,
851,Dante Hughes,23,IND,DB,14,0,1,16,0,16,2.0,0,0,0,0,0,0.0,20.0,15.0,5.0,0.0,0.0,0,
852,Adam Jennings,26,2TM,WR,14,0,0,0,0,0,0.0,0,4,1,0,0,0.0,6.0,5.0,1.0,0.0,0.0,0,
852,Adam Jennings,26,ATL,WR,7,0,0,0,0,0,0.0,0,3,1,0,0,0.0,4.0,4.0,0.0,0.0,0.0,0,
852,Adam Jennings,26,DET,WR,7,0,0,0,0,0,0.0,0,1,0,0,0,0.0,2.0,1.0,1.0,0.0,0.0,0,
853,Niko Koutouvides,27,DEN,LB,14,0,0,0,0,0,0.0,0,0,0,0,0,0.0,10.0,9.0,1.0,0.0,0.0,0,
854,Joey LaRocque,22,CHI,LB,14,0,0,0,0,0,0.0,0,0,0,0,0,0.0,6.0,6.0,0.0,0.0,0.0,0,
855,Antwaun Molden,23,HOU,DB,14,0,0,0,0,0,0.0,0,0,1,0,0,0.0,20.0,17.0,3.0,0.0,0.0,0,
856,Matthew Slater,23,NWE,WR,14,0,0,0,0,0,0.0,0,2,0,0,0,0.0,12.0,11.0,1.0,0.0,0.0,0,
857,Anthony Smith,25,PIT,DB,14,0,0,0,0,0,0.0,0,0,0,0,0,0.0,9.0,8.0,1.0,0.0,0.0,0,
858,Paul Soliai,25,MIA,DT,14,0,0,0,0,0,0.0,0,0,0,0,0,0.0,3.0,3.0,0.0,0.0,0.0,0,
859,Cody Spencer,27,NYJ,LB,14,0,0,0,0,0,0.0,0,0,0,0,0,0.0,28.0,20.0,8.0,2.0,0.0,0,
860,Gary Stills,34,STL,DE,14,0,0,0,0,0,0.0,0,0,1,0,0,0.0,8.0,7.0,1.0,0.0,0.0,0,
861,Justin Tryon,24,WAS,DB,14,0,0,0,0,0,0.0,0,0,0,0,0,0.0,4.0,4.0,0.0,0.0,0.0,0,
862,Steve Weatherford,26,3TM,P,14,0,0,0,0,0,0.0,0,0,0,0,0,0.0,4.0,4.0,0.0,0.0,0.0,0,
862,Steve Weatherford,26,NOR,P,7,0,0,0,0,0,0.0,0,0,0,0,0,0.0,2.0,2.0,0.0,0.0,0.0,0,
862,Steve Weatherford,26,KAN,P,2,0,0,0,0,0,0.0,0,0,0,0,0,0.0,1.0,1.0,0.0,0.0,0.0,0,
862,Steve Weatherford,26,JAX,P,5,0,0,0,0,0,0.0,0,0,0,0,0,0.0,1.0,1.0,0.0,0.0,0.0,0,
863,Jack Williams,23,DEN,DB,14,0,0,0,0,0,0.0,0,0,0,0,0,0.0,12.0,12.0,0.0,0.0,0.0,0,
864,Leon Williams,25,CLE,LB,14,0,0,0,0,0,0.0,0,0,0,0,0,0.0,38.0,30.0,8.0,1.0,0.0,0,
865,Brian Witherspoon,23,JAX,DB,14,0,0,0,0,0,0.0,0,4,1,0,0,0.0,12.0,12.0,0.0,2.0,1.0,0,
866,Sedrick Ellis,23,NOR,RDT,13,13,0,0,0,0,4.0,0,0,0,0,0,4.0,31.0,21.0,10.0,5.0,8.0,0,
867,Casey Hampton,31,PIT,NT,13,13,0,0,0,0,1.0,0,0,0,0,0,1.0,22.0,13.0,9.0,1.0,1.0,0,
868,Nick Hardwick,27,SDG,C,13,13,0,0,0,0,0.0,0,0,0,0,0,0.0,1.0,1.0,0.0,0.0,0.0,0,
869,Nick Harper,34,TEN,LCB,13,13,2,11,0,11,14.0,1,0,0,0,0,0.0,71.0,68.0,3.0,1.0,0.0,0,
870,Brandon Jacobs,26,NYG,RB,13,13,0,0,0,0,0.0,0,3,0,0,0,0.0,0.0,0.0,0.0,0.0,0.0,0,
871,Reggie Nelson,25,JAX,FS,13,13,2,0,0,0,4.0,0,0,0,0,0,0.0,55.0,49.0,6.0,0.0,0.0,0,
872,Jason Peters,26,BUF,LT,13,13,0,0,0,0,0.0,0,0,1,0,0,0.0,0.0,0.0,0.0,0.0,0.0,0,"PB,AP-2"
873,Cory Redding,28,DET,RDT,13,13,0,0,0,0,0.0,0,0,0,0,0,3.0,37.0,31.0,6.0,7.0,9.0,0,
874,Tony Romo,28,DAL,QB,13,13,0,0,0,0,0.0,0,13,3,-29,0,0.0,0.0,0.0,0.0,0.0,0.0,0,
875,Fred Taylor,32,JAX,RB,13,13,0,0,0,0,0.0,0,1,0,0,0,0.0,0.0,0.0,0.0,,,0,
876,Ty Warren,27,NWE,LDE,13,13,0,0,0,0,0.0,1,0,1,8,0,2.0,41.0,31.0,10.0,5.0,4.0,0,
877,Nate Webster,31,DEN,MLB,13,13,0,0,0,0,3.0,1,0,1,34,1,2.0,75.0,50.0,25.0,4.0,2.0,0,
878,Scott Wells,27,GNB,C,13,13,0,0,0,0,0.0,0,1,0,-12,0,0.0,0.0,0.0,0.0,0.0,0.0,0,
879,Donte Whitner,23,BUF,SS,13,13,0,0,0,0,1.0,1,0,0,0,0,1.0,61.0,50.0,11.0,2.0,2.0,0,
880,Tedy Bruschi,35,NWE,RILB,13,12,0,0,0,0,1.0,0,0,0,0,0,0.0,76.0,38.0,38.0,4.0,1.0,0,
881,Ryan Fitzpatrick,26,CIN,QB,13,12,0,0,0,0,0.0,0,11,8,-12,0,0.0,0.0,0.0,0.0,0.0,0.0,0,
882,Kedric Golston,25,WAS,RDT,13,12,0,0,0,0,1.0,0,0,0,0,0,2.0,28.0,19.0,9.0,4.0,5.0,0,
883,Travis LaBoy,27,ARI,RDE,13,12,0,0,0,0,0.0,1,0,1,0,0,4.0,31.0,25.0,6.0,3.0,7.0,0,
884,Jyles Tucker,25,SDG,ROLB,13,12,0,0,0,0,1.0,0,0,1,0,0,5.5,37.0,27.0,10.0,8.0,7.0,0,
885,Fakhir Brown,31,STL,RCB,13,11,1,16,0,16,9.0,1,0,1,0,0,1.0,45.0,41.0,4.0,2.0,0.0,0,
886,Bobby Engram,35,SEA,WR,13,11,0,0,0,0,0.0,0,1,0,0,0,0.0,1.0,1.0,0.0,0.0,0.0,0,
887,Eric Foster,23,IND,LDT,13,11,0,0,0,0,1.0,0,0,0,0,0,0.0,34.0,28.0,6.0,4.0,1.0,0,
888,Ronald Curry,29,OAK,WR,13,10,0,0,0,0,0.0,0,0,0,0,0,0.0,1.0,1.0,0.0,0.0,0.0,0,
889,Chad Johnson,30,CIN,WR,13,10,0,0,0,0,0.0,0,0,1,0,0,0.0,0.0,0.0,0.0,0.0,0.0,0,
890,Eric Green,26,ARI,RCB,13,9,1,1,0,1,6.0,0,0,0,0,0,0.0,32.0,27.0,5.0,1.0,0.0,0,
891,Willis McGahee,27,BAL,RB,13,8,0,0,0,0,0.0,0,3,1,0,0,0.0,0.0,0.0,0.0,0.0,0.0,0,
892,Leonard Pope,25,ARI,TE,13,8,0,0,0,0,0.0,0,0,1,0,0,0.0,0.0,0.0,0.0,0.0,0.0,0,
893,Jason Taylor,34,WAS,DE,13,8,0,0,0,0,9.0,1,0,0,0,0,3.5,29.0,21.0,8.0,6.0,4.0,0,
894,Edgerrin James,30,ARI,RB,13,7,0,0,0,0,0.0,0,2,1,0,0,0.0,0.0,0.0,0.0,0.0,0.0,0,
895,Sammy Morris,31,NWE,RB,13,7,0,0,0,0,0.0,0,1,1,0,0,0.0,0.0,0.0,0.0,0.0,0.0,0,
896,Tony Scheffler,25,DEN,TE,13,7,0,0,0,0,0.0,0,1,1,0,0,0.0,1.0,1.0,0.0,0.0,0.0,0,
897,Mike Tolbert,23,SDG,FB,13,7,0,0,0,0,0.0,0,0,0,0,0,0.0,1.0,1.0,0.0,,,0,
898,Hunter Hillenmeyer,28,CHI,LLB,13,6,0,0,0,0,2.0,0,0,0,0,0,1.0,18.0,14.0,4.0,1.0,1.0,0,
899,Dane Looker,32,STL,WR,13,6,0,0,0,0,0.0,0,2,0,0,0,0.0,0.0,0.0,0.0,0.0,0.0,0,
900,Deuce McAllister,30,NOR,RB,13,6,0,0,0,0,0.0,0,0,1,0,0,0.0,0.0,0.0,0.0,,,0,
901,Maurice Morris,29,SEA,RB,13,6,0,0,0,0,0.0,0,1,0,0,0,0.0,1.0,1.0,0.0,0.0,0.0,0,
902,Chris Perry,27,CIN,RB,13,6,0,0,0,0,0.0,1,5,0,0,0,0.0,0.0,0.0,0.0,0.0,0.0,0,
903,Darren McFadden,21,OAK,RB,13,5,0,0,0,0,0.0,0,3,1,0,0,0.0,0.0,0.0,0.0,0.0,0.0,0,
904,Keiwan Ratliff,27,IND,DB,13,4,2,37,1,35,5.0,0,4,1,0,0,0.0,32.0,27.0,5.0,1.0,0.0,0,
905,Ray Rice,21,BAL,RB,13,4,0,0,0,0,0.0,0,1,1,0,0,0.0,0.0,0.0,0.0,0.0,0.0,0,
906,Jason Jones,22,TEN,DT,13,3,0,0,0,0,2.0,3,0,0,0,0,5.0,31.0,24.0,7.0,6.0,9.0,0,
907,Matt Lehr,29,NOR,G,13,3,0,0,0,0,0.0,0,1,0,-11,0,0.0,0.0,0.0,0.0,0.0,0.0,0,
908,Ikaika Alama-Francis,24,DET,DE,13,2,0,0,0,0,1.0,0,0,1,0,0,1.0,23.0,13.0,10.0,2.0,2.0,0,
909,Malcom Floyd,27,SDG,WR,13,2,0,0,0,0,0.0,0,0,0,0,0,0.0,3.0,3.0,0.0,0.0,0.0,0,
910,Keenan Burton,24,STL,WR,13,1,0,0,0,0,0.0,0,0,0,0,0,0.0,6.0,6.0,0.0,0.0,0.0,0,
911,Kevin Dockery,24,NYG,DB,13,1,1,44,0,44,9.0,0,0,0,0,0,0.0,43.0,37.0,6.0,2.0,0.0,0,
912,Lavelle Hawkins,22,TEN,WR,13,1,0,0,0,0,0.0,0,0,0,0,0,0.0,1.0,0.0,1.0,0.0,0.0,0,
913,Jason Jefferson,27,ATL,DT,13,1,0,0,0,0,0.0,0,0,1,3,0,0.0,12.0,11.0,1.0,2.0,0.0,0,
914,Ruvell Martin,26,GNB,WR,13,1,0,0,0,0,0.0,0,0,0,0,0,0.0,3.0,2.0,1.0,0.0,0.0,0,
915,Roscoe Parrish,26,BUF,WR,13,1,0,0,0,0,0.0,0,2,2,0,0,0.0,0.0,0.0,0.0,0.0,0.0,0,
916,Charlie Peprah,25,GNB,DB,13,1,0,0,0,0,0.0,0,0,0,0,0,0.0,12.0,10.0,2.0,0.0,0.0,0,
917,Hank Poteat,31,NYJ,DB,13,1,2,47,0,41,4.0,2,0,1,14,0,1.0,40.0,29.0,11.0,1.0,0.0,0,
918,Allen Rossum,33,SFO,DB,13,1,0,0,0,0,0.0,0,0,0,0,0,0.0,1.0,1.0,0.0,0.0,0.0,0,
919,Matt Ware,26,ARI,DB,13,1,0,0,0,0,0.0,0,0,1,0,0,0.0,22.0,13.0,9.0,1.0,1.0,0,
920,Daniel Wilcox,31,BAL,TE,13,1,0,0,0,0,0.0,0,0,0,0,0,0.0,8.0,7.0,1.0,0.0,0.0,0,
921,Antwan Barnes,24,BAL,LB,13,0,0,0,0,0,0.0,0,0,0,0,0,0.0,14.0,14.0,0.0,2.0,1.0,0,
922,Mitch Berger,36,PIT,P,13,0,0,0,0,0,0.0,0,0,0,0,0,0.0,2.0,2.0,0.0,0.0,0.0,0,
923,Ladell Betts,29,WAS,RB,13,0,0,0,0,0,0.0,0,1,0,0,0,0.0,0.0,0.0,0.0,0.0,0.0,0,
924,Bobby Carpenter,25,DAL,LB,13,0,0,0,0,0,0.0,0,0,1,0,0,0.0,13.0,9.0,4.0,0.0,0.0,0,
925,Donte Curry,30,CAR,LB,13,0,0,0,0,0,0.0,0,0,0,0,0,0.0,13.0,11.0,2.0,0.0,0.0,0,
926,Keyaron Fox,26,PIT,LB,13,0,0,0,0,0,0.0,0,0,2,18,0,0.0,17.0,11.0,6.0,0.0,0.0,0,
927,Quinton Ganther,24,TEN,RB,13,0,0,0,0,0,0.0,0,0,0,0,0,0.0,3.0,3.0,0.0,0.0,0.0,0,
928,Howard Green,29,SEA,DT,13,0,0,0,0,0,0.0,1,0,0,0,0,1.0,21.0,17.0,4.0,2.0,1.0,0,
929,Roderick Green,26,SFO,LB,13,0,0,0,0,0,0.0,0,0,0,0,0,3.5,12.0,8.0,4.0,3.0,10.0,0,
930,Kenny Iwebema,23,ARI,DE,13,0,0,0,0,0,0.0,0,0,0,0,0,0.0,3.0,1.0,2.0,0.0,1.0,0,
931,Brandon Jackson,23,GNB,RB,13,0,0,0,0,0,0.0,0,1,0,0,0,0.0,1.0,1.0,0.0,0.0,0.0,0,
932,Justin Jenkins,28,BUF,WR,13,0,0,0,0,0,0.0,0,0,0,0,0,0.0,3.0,3.0,0.0,0.0,0.0,0,
933,Stanford Keglar,23,TEN,LB,13,0,0,0,0,0,0.0,0,0,0,0,0,0.0,12.0,10.0,2.0,0.0,0.0,0,
934,Travis Minor,29,STL,RB,13,0,0,0,0,0,0.0,0,1,1,0,0,0.0,4.0,2.0,2.0,0.0,0.0,0,
935,Ramzee Robinson,24,DET,DB,13,0,0,0,0,0,1.0,0,0,1,0,0,0.0,25.0,20.0,5.0,0.0,0.0,0,
936,Quinton Teal,24,CAR,DB,13,0,0,0,0,0,0.0,0,0,0,0,0,0.0,6.0,5.0,1.0,0.0,0.0,0,
937,Dave Tollefson,26,NYG,DE,13,0,0,0,0,0,1.0,0,0,0,0,0,3.5,19.0,15.0,4.0,5.0,6.0,0,
938,Garrett Wolfe,24,CHI,RB,13,0,0,0,0,0,0.0,0,0,0,0,0,0.0,16.0,15.0,1.0,0.0,0.0,0,
939,Joseph Addai,25,IND,RB,12,12,0,0,0,0,0.0,0,1,0,0,0,0.0,0.0,0.0,0.0,,,0,
940,Gary Brackett,28,IND,MLB,12,12,0,0,0,0,1.0,1,0,1,68,1,0.0,100.0,71.0,29.0,1.0,1.0,0,
941,Stephen Cooper,29,SDG,LILB,12,12,4,11,0,10,6.0,0,0,0,0,0,1.5,99.0,72.0,27.0,3.0,2.0,0,
942,Dusty Dvoracek,27,CHI,RDT,12,12,0,0,0,0,1.0,0,0,0,0,0,0.0,29.0,23.0,6.0,7.0,1.0,0,
943,Jake Grove,28,OAK,C,12,12,0,0,0,0,0.0,0,0,1,0,0,0.0,0.0,0.0,0.0,0.0,0.0,0,
944,Al Harris,34,GNB,RCB,12,12,0,0,0,0,9.0,0,0,0,0,0,0.0,25.0,24.0,1.0,0.0,0.0,0,PB
945,LeRoy Hill,26,SEA,LLB,12,12,0,0,0,0,3.0,0,0,0,0,0,1.0,84.0,63.0,21.0,8.0,2.0,0,
946,Larry Johnson,29,KAN,RB,12,12,0,0,0,0,0.0,0,5,2,0,0,0.0,0.0,0.0,0.0,0.0,0.0,0,
947,Sean Jones,26,CLE,SS,12,12,4,27,0,20,4.0,1,0,0,0,0,0.0,56.0,48.0,8.0,3.0,1.0,0,
948,Walter Jones,34,SEA,LT,12,12,0,0,0,0,0.0,0,0,1,0,0,0.0,0.0,0.0,0.0,,,0,"PB,AP-2"
949,Ryan Kalil,23,CAR,C,12,12,0,0,0,0,0.0,0,0,1,0,0,0.0,0.0,0.0,0.0,0.0,0.0,0,
950,Rashean Mathis,28,JAX,LCB,12,12,4,151,2,72,9.0,1,0,1,0,0,1.0,40.0,39.0,1.0,2.0,1.0,0,
951,Dominic Raiola,30,DET,C,12,12,0,0,0,0,0.0,0,0,1,0,0,0.0,0.0,0.0,0.0,0.0,0.0,0,
952,Chris Samuels,31,WAS,LT,12,12,0,0,0,0,0.0,0,0,1,0,0,0.0,0.0,0.0,0.0,0.0,0.0,0,PB
953,Justin Smiley,27,MIA,LG,12,12,0,0,0,0,0.0,0,0,1,0,0,0.0,0.0,0.0,0.0,0.0,0.0,0,
954,Fabian Washington,25,BAL,LCB,12,12,1,12,0,12,15.0,0,0,0,0,0,0.0,31.0,28.0,3.0,0.0,0.0,0,
955,Anquan Boldin,28,ARI,WR,12,11,0,0,0,0,0.0,0,4,1,0,0,0.0,0.0,0.0,0.0,0.0,0.0,0,"PB,AP CPoY-4"
956,Jeff Garcia,38,TAM,QB,12,11,0,0,0,0,0.0,0,7,4,-10,0,0.0,0.0,0.0,0.0,0.0,0.0,0,
957,Steven Jackson,25,STL,RB,12,11,0,0,0,0,0.0,0,5,1,0,0,0.0,0.0,0.0,0.0,0.0,0.0,0,
958,Jeremy Shockey,28,NOR,TE,12,11,0,0,0,0,0.0,0,2,0,0,0,0.0,0.0,0.0,0.0,0.0,0.0,0,
959,Dewayne White,29,DET,RDE,12,11,1,-4,0,-4,2.0,3,0,1,0,0,6.5,39.0,28.0,11.0,7.0,8.0,0,
960,Cedric Benson,26,CIN,RB,12,10,0,0,0,0,0.0,0,2,1,0,0,0.0,0.0,0.0,0.0,0.0,0.0,0,
961,Matt Jones,25,JAX,WR,12,10,0,0,0,0,0.0,0,1,1,8,0,0.0,0.0,0.0,0.0,0.0,0.0,0,
962,Marvin White,25,CIN,FS,12,10,1,0,0,0,4.0,0,0,0,0,0,0.0,68.0,53.0,15.0,0.0,4.0,0,
963,Eugene Wilson,28,HOU,FS,12,10,2,36,0,19,7.0,0,1,0,0,0,0.0,63.0,52.0,11.0,0.0,0.0,0,
964,Chris Draft,32,STL,LLB/MLB,12,9,0,0,0,0,1.0,0,0,0,0,0,0.0,38.0,33.0,5.0,4.0,1.0,0,
965,Pat Thomas,25,KAN,MLB,12,9,0,0,0,0,2.0,0,0,0,0,0,0.5,48.0,33.0,15.0,2.0,2.0,0,
966,Mike Karney,27,NOR,FB,12,8,0,0,0,0,0.0,0,0,1,0,0,0.0,0.0,0.0,0.0,0.0,0.0,0,
967,Antwan Odom,27,CIN,RDE,12,8,0,0,0,0,2.0,2,0,0,0,0,3.0,26.0,19.0,7.0,3.0,5.0,0,
968,Lawrence Vickers,25,CLE,FB,12,8,0,0,0,0,0.0,0,0,0,0,0,0.0,1.0,1.0,0.0,0.0,0.0,0,
969,Greg Jones,27,JAX,FB,12,7,0,0,0,0,0.0,0,0,0,0,0,0.0,1.0,1.0,0.0,0.0,0.0,0,
970,Shaun McDonald,27,DET,WR,12,7,0,0,0,0,0.0,0,2,0,0,0,0.0,0.0,0.0,0.0,0.0,0.0,0,
971,Brent Grimes,25,ATL,LCB,12,6,1,25,0,25,6.0,0,0,0,0,0,0.0,33.0,30.0,3.0,3.0,0.0,0,
972,Peyton Hillis,22,DEN,RB,12,6,0,0,0,0,0.0,0,0,0,0,0,0.0,2.0,2.0,0.0,0.0,0.0,0,
973,Antonio Pittman,23,STL,FB,12,5,0,0,0,0,0.0,0,1,0,0,0,0.0,0.0,0.0,0.0,0.0,0.0,0,
974,Darryl Blackstock,25,CIN,LB,12,4,0,0,0,0,0.0,0,0,0,0,0,0.0,20.0,10.0,10.0,0.0,3.0,0,
975,Deshea Townsend,33,PIT,DB,12,4,2,27,1,25,8.0,0,1,1,0,0,0.0,20.0,16.0,4.0,0.0,0.0,0,
976,Maurice Leggett,22,KAN,DB,12,3,1,27,1,27,6.0,0,1,1,67,1,0.0,36.0,31.0,5.0,1.0,0.0,0,
977,Corey Smith,29,DET,DE,12,3,1,0,0,0,1.0,1,0,1,0,0,3.0,30.0,25.0,5.0,9.0,5.0,0,
978,Pierre Woods,26,NWE,LB,12,3,0,0,0,0,1.0,0,0,0,0,0,1.0,35.0,26.0,9.0,2.0,3.0,0,
979,Reggie Corner,25,BUF,DB,12,2,0,0,0,0,4.0,1,0,1,-2,0,0.0,22.0,19.0,3.0,0.0,0.0,0,
980,Terrell Thomas,23,NYG,DB,12,2,1,13,0,13,4.0,1,0,0,0,0,0.0,45.0,39.0,6.0,4.0,2.0,0,
981,Josh Morgan,23,SFO,WR,12,1,0,0,0,0,0.0,0,0,0,0,0,0.0,3.0,3.0,0.0,0.0,0.0,0,
982,Quentin Moses,25,MIA,DE,12,1,0,0,0,0,0.0,0,0,0,0,0,0.0,2.0,2.0,0.0,0.0,0.0,0,
983,Colin Allred,25,TEN,LB,12,0,0,0,0,0,0.0,0,0,0,0,0,0.0,19.0,17.0,2.0,0.0,2.0,0,
984,Miles Austin,24,DAL,WR,12,0,0,0,0,0,0.0,0,1,0,0,0,0.0,0.0,0.0,0.0,0.0,0.0,0,
985,Patrick Bailey,23,PIT,LB,12,0,0,0,0,0,0.0,0,0,0,0,0,0.0,16.0,11.0,5.0,0.0,0.0,0,
986,Tully Banta-Cain,28,SFO,LB,12,0,0,0,0,0,0.0,0,0,0,0,0,0.5,18.0,12.0,6.0,0.0,1.0,0,
987,Dominique Barber,22,HOU,DB,12,0,0,0,0,0,1.0,0,0,0,0,0,1.0,15.0,12.0,3.0,1.0,1.0,0,
988,Andre' Davis,29,HOU,WR,12,0,0,0,0,0,0.0,0,0,0,0,0,0.0,3.0,3.0,0.0,0.0,0.0,0,
989,Jordon Dizon,22,DET,LB,12,0,0,0,0,0,0.0,0,0,1,0,0,0.0,27.0,16.0,11.0,2.0,0.0,0,
990,Reuben Droughns,30,NYG,RB,12,0,0,0,0,0,0.0,0,0,0,0,0,0.0,11.0,8.0,3.0,0.0,0.0,0,
991,Yamon Figurs,25,BAL,WR,12,0,0,0,0,0,0.0,0,3,1,0,0,0.0,3.0,3.0,0.0,0.0,0.0,0,
992,Derrick Frost,28,GNB,P,12,0,0,0,0,0,0.0,0,1,0,-14,0,0.0,1.0,1.0,0.0,0.0,0.0,0,
993,Louis Green,29,DEN,LB,12,0,0,0,0,0,0.0,0,0,0,0,0,0.0,12.0,10.0,2.0,0.0,0.0,0,
994,Antoine Harris,26,ATL,DB,12,0,0,0,0,0,0.0,0,0,0,0,0,0.0,3.0,2.0,1.0,0.0,0.0,0,
995,Will Heller,27,SEA,TE,12,0,0,0,0,0,0.0,0,1,0,0,0,0.0,2.0,2.0,0.0,0.0,0.0,0,
996,Reggie Hodges,26,NYJ,P,12,0,0,0,0,0,0.0,0,0,0,0,0,0.0,1.0,0.0,1.0,,,0,
997,Jason Hunter,25,GNB,DE,12,0,0,0,0,0,0.0,0,0,1,54,1,2.0,9.0,4.0,5.0,1.0,2.0,0,
998,Dirk Johnson,33,ARI,P,12,0,0,0,0,0,0.0,0,0,0,0,0,0.0,1.0,1.0,0.0,0.0,0.0,0,
999,Corey Mays,25,CIN,LB,12,0,0,0,0,0,0.0,1,0,1,0,0,0.0,16.0,11.0,5.0,0.0,0.0,0,
1000,Jarvis Moss,24,DEN,DE,12,0,0,0,0,0,0.0,0,0,0,0,0,2.5,12.0,10.0,2.0,4.0,4.0,0,
1001,Marques Murrell,23,NYJ,LB,12,0,0,0,0,0,0.0,1,0,0,0,0,0.0,9.0,6.0,3.0,0.0,0.0,0,
1002,Paul Oliver,24,SDG,DB,12,0,1,0,0,0,1.0,0,0,0,0,0,0.0,15.0,13.0,2.0,0.0,0.0,0,
1003,Bryan Pittman,31,HOU,LS,12,0,0,0,0,0,0.0,0,0,0,0,0,0.0,1.0,0.0,1.0,0.0,0.0,0,
1004,Ahtyba Rubin,22,CLE,NT,12,0,0,0,0,0,0.0,0,0,1,0,0,0.0,11.0,7.0,4.0,1.0,0.0,0,
1005,Gary Russell,22,PIT,RB,12,0,0,0,0,0,0.0,0,0,0,0,0,0.0,8.0,5.0,3.0,0.0,0.0,0,
1006,Cecil Sapp,30,HOU,RB,12,0,0,0,0,0,0.0,0,0,0,0,0,0.0,5.0,5.0,0.0,0.0,0.0,0,
1007,Anthony Spencer,24,DAL,DE,12,0,0,0,0,0,0.0,0,0,1,0,0,1.5,34.0,22.0,12.0,1.0,3.0,0,
1008,Jacob Tamme,23,IND,TE,12,0,0,0,0,0,0.0,0,0,0,0,0,0.0,3.0,2.0,1.0,0.0,0.0,0,
1009,C.J. Wallace,23,SEA,DB,12,0,0,0,0,0,0.0,0,0,0,0,0,0.0,14.0,14.0,0.0,0.0,0.0,0,
1010,Gus Frerotte,37,MIN,QB,11,11,0,0,0,0,0.0,0,4,1,-1,0,0.0,0.0,0.0,0.0,0.0,0.0,0,
1011,Robert Geathers,25,CIN,LDE,11,11,0,0,0,0,1.0,1,0,1,0,0,2.5,38.0,22.0,16.0,6.0,11.0,0,
1012,David Harris,24,NYJ,RILB,11,11,0,0,0,0,1.0,0,0,1,0,0,1.0,76.0,53.0,23.0,1.0,3.0,0,
1013,Kevin Kaesviharn,32,NOR,FS,11,11,2,13,0,13,4.0,0,0,0,0,0,0.0,64.0,49.0,15.0,2.0,1.0,0,
1014,Nedu Ndukwe,23,CIN,SS,11,11,1,12,0,12,4.0,0,0,1,15,1,3.0,64.0,43.0,21.0,5.0,4.0,0,
1015,Jermaine Phillips,29,TAM,SS,11,11,3,72,0,58,5.0,1,0,1,38,1,0.0,59.0,48.0,11.0,3.0,3.0,0,
1016,Matt Schaub,27,HOU,QB,11,11,0,0,0,0,0.0,0,10,4,-5,0,0.0,0.0,0.0,0.0,0.0,0.0,0,
1017,D.J. Williams,26,DEN,RLB,11,11,0,0,0,0,2.0,0,0,1,0,0,2.5,93.0,68.0,25.0,9.0,4.0,0,
1018,Adrian Jones,27,KAN,RG,11,10,0,0,0,0,0.0,0,0,0,0,0,0.0,1.0,0.0,1.0,0.0,0.0,0,
1019,Brian Kelly,32,DET,LCB,11,10,0,0,0,0,1.0,0,0,0,0,0,0.0,25.0,22.0,3.0,1.0,1.0,0,
1020,Rocky Boiman,28,KAN,RLB/MLB,11,9,0,0,0,0,3.0,2,0,0,0,0,0.0,72.0,55.0,17.0,1.0,0.0,0,
1021,Shaun Smith,27,CLE,RDE,11,9,0,0,0,0,0.0,1,0,0,0,0,0.0,36.0,26.0,10.0,1.0,0.0,0,
1022,Jason McKie,28,CHI,FB,11,8,0,0,0,0,0.0,0,1,0,0,0,0.0,1.0,1.0,0.0,0.0,0.0,0,
1023,Marques Colston,25,NOR,WR,11,6,0,0,0,0,0.0,0,1,0,0,0,0.0,0.0,0.0,0.0,0.0,0.0,0,
1024,Dunta Robinson,26,HOU,RCB,11,6,2,0,0,0,6.0,0,0,0,0,0,0.0,38.0,35.0,3.0,1.0,1.0,0,
1025,Pat Sims,23,CIN,RDT,11,6,0,0,0,0,0.0,0,0,0,0,0,1.0,35.0,22.0,13.0,3.0,6.0,0,
1026,Korey Hall,25,GNB,FB,11,5,0,0,0,0,0.0,0,0,1,0,0,0.0,5.0,4.0,1.0,0.0,0.0,0,
1027,Lousaka Polite,27,MIA,FB,11,5,0,0,0,0,0.0,0,0,0,0,0,0.0,1.0,1.0,0.0,0.0,0.0,0,
1028,Alex Lewis,27,DET,LB,11,4,0,0,0,0,0.0,1,0,1,0,0,0.0,41.0,32.0,9.0,1.0,0.0,0,
1029,Frostee Rucker,25,CIN,DE,11,4,0,0,0,0,1.0,2,0,1,6,0,1.0,23.0,15.0,8.0,4.0,1.0,0,
1030,J.J. Arrington,25,ARI,RB,11,3,0,0,0,0,0.0,0,0,0,0,0,0.0,1.0,1.0,0.0,,,0,
1031,Calvin Lowry,25,DEN,DB,11,3,0,0,0,0,2.0,0,0,0,0,0,0.0,18.0,11.0,7.0,0.0,0.0,0,
1032,Jamar Fletcher,29,CIN,DB,11,2,0,0,0,0,3.0,0,0,1,0,0,0.0,16.0,14.0,2.0,0.0,0.0,0,
1033,Corey McIntyre,29,BUF,FB,11,2,0,0,0,0,0.0,0,0,0,0,0,0.0,2.0,1.0,1.0,0.0,0.0,0,
1034,David Barrett,31,NYJ,DB,11,1,1,25,1,25,4.0,0,0,0,0,0,0.5,18.0,15.0,3.0,1.0,2.0,0,
1035,Jamaal Fudge,25,ATL,DB,11,1,0,0,0,0,0.0,0,0,0,0,0,0.0,13.0,10.0,3.0,1.0,1.0,0,
1036,Will Herring,25,SEA,LB,11,1,0,0,0,0,0.0,0,0,1,0,0,0.0,13.0,10.0,3.0,0.0,0.0,0,
1037,Stevie Johnson,22,BUF,WR,11,1,0,0,0,0,0.0,0,0,0,0,0,0.0,2.0,2.0,0.0,0.0,0.0,0,
1038,Buck Ortega,27,NOR,TE,11,1,0,0,0,0,0.0,0,0,0,0,0,0.0,6.0,5.0,1.0,0.0,0.0,0,
1039,Santonio Thomas,27,CLE,DT,11,1,0,0,0,0,2.0,0,0,0,0,0,0.5,13.0,11.0,2.0,0.0,1.0,0,
1040,Gary Gibson,26,CAR,DT,11,0,0,0,0,0,0.0,0,0,0,0,0,0.0,9.0,5.0,4.0,1.0,0.0,0,
1041,Clark Haggans,31,ARI,LB,11,0,0,0,0,0,2.0,0,0,1,0,0,1.0,19.0,18.0,1.0,2.0,2.0,0,
1042,Maurice Hicks,30,MIN,RB,11,0,0,0,0,0,0.0,0,1,0,0,0,0.0,12.0,12.0,0.0,0.0,0.0,0,
1043,Kevin Jones,26,CHI,RB,11,0,0,0,0,0,0.0,0,0,0,0,0,0.0,3.0,2.0,1.0,0.0,0.0,0,
1044,Antwan Lake,29,NOR,DE,11,0,0,0,0,0,0.0,0,0,0,0,0,0.0,5.0,4.0,1.0,1.0,1.0,0,
1045,Brandon McKinney,25,BAL,DT,11,0,0,0,0,0,0.0,0,0,1,4,0,0.0,11.0,9.0,2.0,1.0,0.0,0,
1046,Adam Podlesh,25,JAX,P,11,0,0,0,0,0,0.0,0,0,0,0,0,0.0,5.0,5.0,0.0,0.0,0.0,0,
1047,Jamie Silva,24,IND,DB,11,0,0,0,0,0,0.0,0,0,0,0,0,0.0,18.0,11.0,7.0,0.0,0.0,0,
1048,Chad Simpson,23,IND,RB,11,0,0,0,0,0,0.0,0,1,1,0,0,0.0,2.0,1.0,1.0,0.0,0.0,0,
1049,Craig Steltz,22,CHI,DB,11,0,1,44,0,44,1.0,0,0,0,0,0,0.0,17.0,17.0,0.0,0.0,0.0,0,
1050,Limas Sweed,24,PIT,WR,11,0,0,0,0,0,0.0,0,2,1,0,0,0.0,1.0,1.0,0.0,0.0,0.0,0,
1051,Gabe Watson,25,ARI,DT,11,0,0,0,0,0,0.0,2,0,0,0,0,1.0,20.0,15.0,5.0,2.0,1.0,0,
1052,Derrick Burgess,30,OAK,LDE/RDE,10,10,0,0,0,0,1.0,1,0,0,0,0,3.5,25.0,16.0,9.0,5.0,9.0,0,
1053,Jared DeVries,32,DET,LDE,10,10,0,0,0,0,3.0,0,0,1,0,0,2.0,29.0,21.0,8.0,4.0,5.0,0,
1054,Earnest Graham,28,TAM,RB,10,10,0,0,0,0,0.0,0,2,0,0,0,0.0,0.0,0.0,0.0,,,0,
1055,Jabari Greer,26,BUF,RCB,10,10,2,75,2,42,7.0,0,0,0,0,0,0.0,37.0,31.0,6.0,2.0,0.0,0,
1056,Kelvin Hayden,25,IND,LCB,10,10,3,135,1,85,12.0,1,0,0,0,0,0.0,42.0,36.0,6.0,1.0,0.0,0,
1057,Levi Jones,29,CIN,LT,10,10,0,0,0,0,0.0,0,0,1,0,0,0.0,0.0,0.0,0.0,0.0,0.0,0,
1058,Brett Keisel,30,PIT,RDE,10,10,0,0,0,0,2.0,0,0,0,0,0,1.0,41.0,22.0,19.0,5.0,1.0,0,
1059,Brad Meester,31,JAX,C,10,10,0,0,0,0,0.0,0,1,1,-1,0,0.0,0.0,0.0,0.0,0.0,0.0,0,
1060,Terence Newman,30,DAL,LCB,10,10,4,2,0,2,11.0,0,0,1,0,0,0.0,37.0,32.0,5.0,3.0,0.0,0,
1061,Samari Rolle,32,BAL,RCB,10,10,3,5,0,3,8.0,1,0,0,0,0,0.0,23.0,21.0,2.0,0.0,0.0,0,
1062,Kyle Vanden Bosch,30,TEN,RDE,10,10,0,0,0,0,0.0,3,0,2,-3,0,4.5,24.0,12.0,12.0,4.0,13.0,0,
1063,Mike Wahle,31,SEA,LG,10,10,0,0,0,0,0.0,0,0,1,0,0,0.0,0.0,0.0,0.0,0.0,0.0,0,
1064,Derek Anderson,25,CLE,QB,10,9,0,0,0,0,0.0,0,9,2,-13,0,0.0,0.0,0.0,0.0,0.0,0.0,0,
1065,Reggie Bush,23,NOR,RB,10,9,0,0,0,0,0.0,0,3,0,0,0,0.0,0.0,0.0,0.0,,,0,
1066,Marcus Washington,31,WAS,LLB,10,9,0,0,0,0,1.0,3,0,0,0,0,0.0,44.0,25.0,19.0,3.0,1.0,0,
1067,Bryant McFadden,27,PIT,RCB,10,8,2,0,0,0,8.0,0,0,1,0,0,1.0,41.0,37.0,4.0,1.0,1.0,0,
1068,Seneca Wallace,28,SEA,QB,10,8,0,0,0,0,0.0,1,4,0,-1,0,0.0,0.0,0.0,0.0,0.0,0.0,0,
1069,Kellen Winslow,25,CLE,TE,10,8,0,0,0,0,0.0,0,1,0,0,0,0.0,0.0,0.0,0.0,0.0,0.0,0,
1070,Dan Orlovsky,25,DET,QB,10,7,0,0,0,0,0.0,0,3,2,-7,0,0.0,0.0,0.0,0.0,0.0,0.0,0,
1071,Dwight Smith,30,DET,SS,10,7,0,0,0,0,2.0,0,0,1,0,0,0.0,41.0,33.0,8.0,1.0,0.0,0,
1072,Ben Utecht,27,CIN,TE,10,6,0,0,0,0,0.0,0,1,0,0,0,0.0,0.0,0.0,0.0,0.0,0.0,0,
1073,Napoleon Harris,29,MIN,MLB,10,5,0,0,0,0,0.0,0,0,1,27,1,1.0,32.0,24.0,8.0,4.0,1.0,0,
1074,B.J. Askew,28,TAM,FB,10,4,0,0,0,0,0.0,0,0,0,0,0,0.0,1.0,1.0,0.0,0.0,0.0,0,
1075,Lewis Sanders,30,NWE,DB,10,4,0,0,0,0,1.0,1,0,0,0,0,0.0,27.0,23.0,4.0,0.0,1.0,0,
1076,Courtney Taylor,24,SEA,WR,10,4,0,0,0,0,0.0,0,0,0,0,0,0.0,3.0,2.0,1.0,0.0,0.0,0,
1077,Vernon Fox,29,DEN,DB,10,3,0,0,0,0,0.0,0,0,1,23,1,0.0,18.0,11.0,7.0,0.0,0.0,0,
1078,Nate Jackson,29,DEN,WR,10,3,0,0,0,0,0.0,0,0,0,0,0,0.0,4.0,2.0,2.0,0.0,0.0,0,
1079,Tony McDaniel,23,JAX,DT,10,3,0,0,0,0,2.0,0,0,0,0,0,0.5,17.0,11.0,6.0,0.0,2.0,0,
1080,James Jones,24,GNB,WR,10,2,0,0,0,0,0.0,0,0,0,0,0,0.0,1.0,1.0,0.0,,,0,
1081,Darwin Walker,31,CAR,DT,10,2,0,0,0,0,2.0,0,0,0,0,0,0.0,10.0,6.0,4.0,2.0,0.0,0,
1082,Rashad Baker,26,OAK,DB,10,1,3,8,0,8,4.0,0,0,0,0,0,0.0,25.0,22.0,3.0,1.0,0.0,0,
1083,Antonio Chatman,29,CIN,WR,10,1,0,0,0,0,0.0,0,1,0,0,0,0.0,1.0,0.0,1.0,,,0,
1084,Jameel Cook,29,TAM,FB,10,1,0,0,0,0,0.0,0,0,1,0,0,0.0,4.0,4.0,0.0,0.0,0.0,0,
1085,Eric King,26,TEN,DB,10,1,0,0,0,0,3.0,0,0,0,0,0,0.0,15.0,12.0,3.0,3.0,0.0,0,
1086,Marcus McCauley,25,MIN,DB,10,1,0,0,0,0,0.0,0,0,0,0,0,0.0,6.0,5.0,1.0,0.0,0.0,0,
1087,Victor Abiamiri,22,PHI,DE,10,0,0,0,0,0,4.0,1,0,0,0,0,2.0,11.0,5.0,6.0,3.0,4.0,0,
1088,Alan Ball,23,DAL,DB,10,0,0,0,0,0,1.0,0,0,0,0,0,0.0,9.0,4.0,5.0,0.0,0.0,0,
1089,Connor Barth,22,KAN,K,10,0,0,0,0,0,0.0,0,0,0,0,0,0.0,2.0,2.0,0.0,0.0,0.0,0,
1090,Eric Bassey,25,STL,DB,10,0,0,0,0,0,0.0,0,0,0,0,0,0.0,10.0,7.0,3.0,0.0,0.0,0,
1091,Earl Bennett,21,CHI,WR,10,0,0,0,0,0,0.0,0,0,0,0,0,0.0,2.0,2.0,0.0,0.0,0.0,0,
1092,Dan Buenning,27,CHI,G,10,0,0,0,0,0,0.0,0,0,0,0,0,0.0,1.0,1.0,0.0,0.0,0.0,0,
1093,Oliver Celestin,27,2TM,DB,10,0,0,0,0,0,0.0,0,0,0,0,0,0.0,12.0,9.0,3.0,0.0,0.0,0,
1093,Oliver Celestin,27,ARI,DB,2,0,0,0,0,0,0.0,0,0,0,0,0,0.0,3.0,3.0,0.0,0.0,0.0,0,
1093,Oliver Celestin,27,KAN,DB,8,0,0,0,0,0,0.0,0,0,0,0,0,0.0,9.0,6.0,3.0,0.0,0.0,0,
1094,Jeff Charleston,25,NOR,DE,10,0,0,0,0,0,0.0,0,0,0,0,0,3.0,18.0,15.0,3.0,4.0,3.0,0,
1095,Nic Clemons,28,DEN,DE,10,0,0,0,0,0,1.0,0,0,0,0,0,0.0,13.0,7.0,6.0,0.0,0.0,0,
1096,Kenneth Darby,26,STL,RB,10,0,0,0,0,0,0.0,0,1,0,0,0,0.0,1.0,1.0,0.0,0.0,0.0,0,
1097,Thomas DeCoud,23,ATL,DB,10,0,0,0,0,0,0.0,0,0,0,0,0,0.0,6.0,5.0,1.0,0.0,0.0,0,
1098,Kris Griffin,27,CLE,LB,10,0,0,0,0,0,0.0,0,0,0,0,0,0.0,7.0,6.0,1.0,0.0,0.0,0,
1099,Erin Henderson,22,MIN,LB,10,0,0,0,0,0,0.0,1,0,0,0,0,0.0,15.0,14.0,1.0,0.0,0.0,0,
1100,Darrell McClover,27,CHI,LB,10,0,0,0,0,0,0.0,0,0,0,0,0,0.0,6.0,5.0,1.0,0.0,0.0,0,
1101,Sam Paulescu,24,DAL,P,10,0,0,0,0,0,0.0,0,0,0,0,0,0.0,1.0,1.0,0.0,0.0,0.0,0,
1102,Carlos Polk,31,DAL,LB,10,0,0,0,0,0,0.0,1,0,0,0,0,0.0,8.0,6.0,2.0,0.0,0.0,1,
1103,Mike Richardson,24,NWE,DB,10,0,0,0,0,0,0.0,1,0,0,0,0,0.0,17.0,15.0,2.0,0.0,0.0,0,
1104,Keith Smith,28,DET,DB,10,0,0,0,0,0,0.0,1,0,0,0,0,0.0,16.0,11.0,5.0,0.0,0.0,0,
1105,Antwain Spann,25,NWE,DB,10,0,0,0,0,0,0.0,0,0,0,0,0,0.0,5.0,4.0,1.0,0.0,0.0,0,
1106,Derek Stanley,23,STL,WR,10,0,0,0,0,0,0.0,0,2,0,0,0,0.0,1.0,1.0,0.0,0.0,0.0,0,
1107,Hilee Taylor,22,CAR,LB,10,0,0,0,0,0,0.0,0,0,1,0,0,1.0,4.0,4.0,0.0,1.0,3.0,0,
1108,Kelley Washington,29,NWE,WR,10,0,0,0,0,0,0.0,0,0,0,0,0,0.0,9.0,7.0,2.0,0.0,0.0,0,
1109,Kenny Watson,30,CIN,RB,10,0,0,0,0,0,0.0,0,0,0,0,0,0.0,3.0,0.0,3.0,0.0,0.0,0,
1110,Champ Bailey,30,DEN,LCB,9,9,1,0,0,0,3.0,2,0,0,0,0,1.0,44.0,39.0,5.0,3.0,2.0,0,
1111,Nick Barnett,27,GNB,MLB,9,9,0,0,0,0,2.0,1,0,0,0,0,0.0,49.0,41.0,8.0,3.0,0.0,0,
1112,Turk McBride,23,KAN,LDE,9,9,0,0,0,0,0.0,1,0,2,0,0,0.0,41.0,25.0,16.0,6.0,7.0,0,
1113,Adalius Thomas,31,NWE,ROLB,9,9,0,0,0,0,4.0,0,0,0,0,0,5.0,33.0,24.0,9.0,7.0,8.0,0,
1114,Madieu Williams,27,MIN,FS,9,9,2,-1,0,0,3.0,0,0,0,0,0,0.0,42.0,38.0,4.0,1.0,0.0,0,
1115,Shaun Hill,28,SFO,QB,9,8,0,0,0,0,0.0,0,8,3,-13,0,0.0,0.0,0.0,0.0,0.0,0.0,0,
1116,J.T. O'Sullivan,29,SFO,QB,9,8,0,0,0,0,0.0,1,11,1,-4,0,0.0,0.0,0.0,0.0,0.0,0.0,0,
1117,Shawn Springs,33,WAS,LCB,9,7,1,0,0,0,7.0,0,0,0,0,0,1.0,36.0,31.0,5.0,1.0,1.0,0,
1118,Adam Jones,25,DAL,LCB,9,6,0,0,0,0,7.0,1,3,3,21,0,0.0,31.0,26.0,5.0,0.0,0.0,0,
1119,Eric Smith,25,NYJ,SS,9,6,1,6,0,6,4.0,0,0,1,0,0,0.0,32.0,19.0,13.0,1.0,0.0,0,
1120,Stephen Spach,26,ARI,TE,9,6,0,0,0,0,0.0,0,0,1,0,0,0.0,1.0,0.0,1.0,0.0,0.0,0,
1121,Josh Bell,23,DEN,LCB,9,5,0,0,0,0,4.0,0,0,0,0,0,0.0,35.0,32.0,3.0,3.0,0.0,0,
1122,Will Demps,29,HOU,FS,9,5,0,0,0,0,0.0,0,0,0,0,0,0.0,32.0,20.0,12.0,2.0,0.0,0,
1123,Tarvaris Jackson,25,MIN,QB,9,5,0,0,0,0,0.0,0,5,1,-9,0,0.0,0.0,0.0,0.0,0.0,0.0,0,
1124,Anthony Adams,28,CHI,DE,9,4,0,0,0,0,0.0,0,0,0,0,0,0.0,21.0,14.0,7.0,0.0,1.0,0,
1125,Jason Babin,28,2TM,DE,9,4,0,0,0,0,0.0,0,0,0,0,0,2.0,32.0,26.0,6.0,3.0,4.0,0,
1125,Jason Babin,28,SEA,DE,2,0,0,0,0,0,0.0,0,0,0,0,0,0.0,1.0,1.0,0.0,0.0,0.0,0,
1125,Jason Babin,28,KAN,DE,7,4,0,0,0,0,0.0,0,0,0,0,0,2.0,31.0,25.0,6.0,3.0,4.0,0,
1126,John Standeford,26,DET,WR,9,4,0,0,0,0,0.0,0,1,0,0,0,0.0,4.0,4.0,0.0,0.0,0.0,0,
1127,Tyjuan Hagler,27,IND,LB,9,3,0,0,0,0,0.0,1,0,0,0,0,0.0,27.0,19.0,8.0,1.0,0.0,0,
1128,Jeremy Thompson,23,GNB,DE,9,3,0,0,0,0,0.0,0,0,0,0,0,0.0,8.0,5.0,3.0,1.0,2.0,0,
1129,Darian Barnes,28,3TM,FB,9,2,0,0,0,0,0.0,0,1,0,0,0,0.0,2.0,2.0,0.0,0.0,0.0,0,
1129,Darian Barnes,28,BUF,FB,3,2,0,0,0,0,0.0,0,1,0,0,0,0.0,0.0,0.0,0.0,,,0,
1129,Darian Barnes,28,DET,FB,2,0,0,0,0,0,0.0,0,0,0,0,0,0.0,1.0,1.0,0.0,0.0,0.0,0,
1129,Darian Barnes,28,NOR,FB,4,0,0,0,0,0,0.0,0,0,0,0,0,0.0,1.0,1.0,0.0,0.0,0.0,0,
1130,Casey Cramer,26,MIA,RB-TE,9,2,0,0,0,0,0.0,0,0,0,0,0,0.0,6.0,4.0,2.0,0.0,0.0,0,
1131,Mike Furrey,31,DET,WR,9,2,0,0,0,0,0.0,0,1,0,0,0,0.0,0.0,0.0,0.0,,,0,
1132,Dashon Goldson,24,SFO,DB,9,2,0,0,0,0,1.0,0,0,0,0,0,0.0,21.0,18.0,3.0,0.0,0.0,0,
1133,Charles Gordon,24,MIN,DB,9,2,1,0,0,0,3.0,1,1,0,0,0,0.0,23.0,22.0,1.0,2.0,1.0,0,
1134,D.J. Hackett,27,CAR,WR,9,2,0,0,0,0,0.0,0,1,0,0,0,0.0,0.0,0.0,0.0,,,0,
1135,Jason Whittle,33,BUF,G,9,2,0,0,0,0,0.0,0,0,1,0,0,0.0,0.0,0.0,0.0,0.0,0.0,0,
1136,Courtney Brown,24,DAL,DB,9,1,0,0,0,0,0.0,0,0,0,0,0,0.0,7.0,6.0,1.0,0.0,0.0,0,
1137,Jordan Kent,24,SEA,WR,9,1,0,0,0,0,0.0,0,0,0,0,0,0.0,3.0,1.0,2.0,0.0,0.0,0,
1138,Mike Sims-Walker,24,JAX,WR,9,1,0,0,0,0,0.0,0,0,0,0,0,0.0,2.0,2.0,0.0,0.0,0.0,0,
1139,Baraka Atkins,24,SEA,DE,9,0,0,0,0,0,0.0,0,0,1,0,0,2.0,18.0,15.0,3.0,4.0,5.0,0,
1140,Arnaz Battle,28,SFO,WR,9,0,0,0,0,0,0.0,0,1,0,0,0,0.0,0.0,0.0,0.0,0.0,0.0,0,
1141,Jackie Battle,25,KAN,RB,9,0,0,0,0,0,0.0,0,0,0,0,0,0.0,3.0,2.0,1.0,0.0,0.0,0,
1142,Anthony Cannon,24,DET,LB,9,0,0,0,0,0,0.0,0,0,1,0,0,0.0,7.0,4.0,3.0,0.0,0.0,0,
1143,Brian Clark,25,TAM,WR,9,0,0,0,0,0,0.0,0,0,1,0,0,0.0,7.0,4.0,3.0,0.0,0.0,0,
1144,Drew Coleman,25,NYJ,DB,9,0,0,0,0,0,6.0,0,0,0,0,0,1.0,24.0,19.0,5.0,1.0,1.0,0,
1145,Marcus Hamilton,24,2TM,DB,9,0,0,0,0,0,2.0,0,0,0,0,0,0.0,7.0,6.0,1.0,0.0,0.0,0,
1145,Marcus Hamilton,24,TAM,DB,1,0,0,0,0,0,2.0,0,0,0,0,0,0.0,1.0,1.0,0.0,0.0,0.0,0,
1145,Marcus Hamilton,24,CHI,DB,8,0,0,0,0,0,0.0,0,0,0,0,0,0.0,6.0,5.0,1.0,0.0,0.0,0,
1146,Geno Hayes,21,TAM,LB,9,0,0,0,0,0,1.0,0,0,0,0,0,0.0,13.0,10.0,3.0,0.0,0.0,0,
1147,Marcus Howard,23,IND,LB,9,0,0,0,0,0,0.0,1,0,0,0,0,1.5,14.0,9.0,5.0,2.0,2.0,0,
1148,Marcus Hudson,26,SFO,DB,9,0,0,0,0,0,0.0,0,0,0,0,0,0.0,7.0,6.0,1.0,0.0,0.0,0,
1149,Brian Johnston,22,KAN,DE,9,0,0,0,0,0,0.0,0,0,0,0,0,0.0,3.0,2.0,1.0,0.0,0.0,0,
1150,Sammy Knight,33,NYG,DB,9,0,0,0,0,0,0.0,0,0,0,0,0,0.0,12.0,10.0,2.0,0.0,0.0,0,
1151,R.W. McQuarters,32,NYG,DB,9,0,0,0,0,0,0.0,0,1,1,0,0,0.0,6.0,4.0,2.0,0.0,1.0,0,
1152,Ryan Moats,26,HOU,RB,9,0,0,0,0,0,0.0,1,0,0,0,0,0.0,3.0,1.0,2.0,0.0,0.0,0,
1153,Langston Moore,27,DET,DT,9,0,0,0,0,0,0.0,0,0,0,0,0,1.0,12.0,9.0,3.0,1.0,3.0,0,
1154,Evan Oglesby,27,BAL,DB,9,0,0,0,0,0,0.0,0,0,1,6,0,0.0,14.0,12.0,2.0,0.0,0.0,0,
1155,Jared Retkofsky,25,PIT,LS,9,0,0,0,0,0,0.0,0,0,0,0,0,0.0,2.0,1.0,1.0,0.0,0.0,0,
1156,Adam Seward,26,CAR,LB,9,0,0,0,0,0,0.0,0,0,1,0,0,0.0,4.0,4.0,0.0,0.0,0.0,0,
1157,Clifton Smith,23,TAM,RB,9,0,0,0,0,0,0.0,0,4,0,0,0,0.0,5.0,5.0,0.0,0.0,0.0,0,"PB,AP-2"
1158,Zach Diles,23,HOU,LLB,8,8,1,0,0,0,2.0,1,0,0,0,0,1.0,66.0,47.0,19.0,3.0,1.0,0,
1159,Charles Grant,30,NOR,LDE,8,8,0,0,0,0,2.0,0,0,0,0,0,3.0,33.0,27.0,6.0,4.0,9.0,1,
1160,Johnathan Joseph,24,CIN,LCB,8,7,1,22,0,22,13.0,1,0,1,65,1,0.0,42.0,31.0,11.0,2.0,0.0,0,
1161,Marlon McCree,31,DEN,FS,8,7,0,0,0,0,2.0,0,0,0,0,0,0.0,29.0,23.0,6.0,1.0,0.0,0,
1162,Nathan Vasher,27,CHI,RCB,8,7,1,0,0,0,8.0,0,0,0,0,0,0.0,22.0,21.0,1.0,0.0,0.0,0,
1163,Gerris Wilkinson,25,NYG,RLB,8,5,0,0,0,0,0.0,0,0,0,0,0,0.0,11.0,6.0,5.0,0.0,0.0,0,
1164,Selvin Young,25,DEN,RB,8,5,0,0,0,0,0.0,0,1,0,0,0,0.0,0.0,0.0,0.0,,,0,
1165,Antonio Johnson,24,IND,DT,8,4,0,0,0,0,0.0,0,0,0,0,0,0.0,13.0,11.0,2.0,0.0,0.0,0,
1166,Nate Lawrie,27,CIN,TE,8,3,0,0,0,0,0.0,0,0,0,0,0,0.0,1.0,0.0,1.0,0.0,0.0,0,
1167,Brian Young,31,NOR,DT,8,3,0,0,0,0,0.0,1,0,0,0,0,1.0,13.0,11.0,2.0,1.0,0.0,0,
1168,Andre Fluellen,23,DET,DT,8,2,0,0,0,0,1.0,0,0,0,0,0,0.0,7.0,3.0,4.0,0.0,2.0,0,
1169,Michael Green,32,WAS,DB,8,2,0,0,0,0,1.0,0,0,0,0,0,0.0,20.0,16.0,4.0,2.0,0.0,0,
1170,Patrick Surtain,32,KAN,DB,8,2,1,50,0,50,3.0,1,0,0,0,0,0.0,11.0,11.0,0.0,2.0,0.0,0,
1171,Hollis Thomas,34,NOR,DT,8,2,0,0,0,0,2.0,0,0,0,0,0,0.0,6.0,5.0,1.0,1.0,0.0,0,
1172,Earl Cochran,27,HOU,DE,8,1,0,0,0,0,1.0,0,0,0,0,0,2.0,17.0,13.0,4.0,4.0,2.0,0,
1173,Otis Grigsby,28,MIN,DE,8,1,0,0,0,0,0.0,0,0,0,0,0,0.0,1.0,1.0,0.0,0.0,1.0,0,
1174,Will Peterson,29,JAX,DB,8,1,0,0,0,0,0.0,0,0,0,0,0,0.0,14.0,13.0,1.0,,,0,
1175,David Vobora,22,STL,LB,8,1,0,0,0,0,0.0,0,0,0,0,0,0.0,15.0,10.0,5.0,0.0,0.0,0,
1176,Troy Williamson,25,JAX,WR,8,1,0,0,0,0,0.0,0,0,0,0,0,0.0,3.0,3.0,0.0,0.0,0.0,0,
1177,James Anderson,25,CAR,LB,8,0,0,0,0,0,0.0,0,0,0,0,0,0.0,3.0,3.0,0.0,0.0,0.0,0,
1178,Tyvon Branch,22,OAK,DB,8,0,1,36,0,36,1.0,0,1,1,0,0,0.0,10.0,8.0,2.0,0.0,0.0,0,
1179,John Busing,25,CIN,DB,8,0,0,0,0,0,0.0,0,0,0,0,0,0.0,6.0,4.0,2.0,0.0,0.0,0,
1180,Simeon Castille,23,CIN,DB,8,0,0,0,0,0,1.0,0,0,0,0,0,0.0,7.0,5.0,2.0,0.0,1.0,0,
1181,Marquis Cooper,26,OAK,LB,8,0,0,0,0,0,0.0,0,0,0,0,0,0.0,5.0,5.0,0.0,0.0,0.0,0,
1182,Weston Dacus,23,KAN,LB,8,0,0,0,0,0,0.0,0,0,0,0,0,0.0,8.0,6.0,2.0,0.0,0.0,0,
1183,Robert Ferguson,29,MIN,WR,8,0,0,0,0,0,0.0,0,0,0,0,0,0.0,3.0,3.0,0.0,0.0,0.0,0,
1184,Mario Haggan,28,DEN,LB,8,0,0,0,0,0,0.0,0,0,0,0,0,1.0,19.0,17.0,2.0,2.0,1.0,0,
1185,Andre Hall,26,DEN,RB,8,0,0,0,0,0,0.0,0,2,0,0,0,0.0,6.0,6.0,0.0,0.0,0.0,0,
1186,Garrett Hartley,22,NOR,K,8,0,0,0,0,0,0.0,0,0,0,0,0,0.0,1.0,1.0,0.0,0.0,0.0,0,
1187,William Hayes,23,TEN,DE,8,0,0,0,0,0,1.0,1,0,1,4,0,1.0,14.0,11.0,3.0,1.0,4.0,0,
1188,James Ihedigbo,25,NYJ,DB,8,0,0,0,0,0,0.0,0,0,0,0,0,0.0,8.0,3.0,5.0,0.0,0.0,0,
1189,LaMont Jordan,30,NWE,RB,8,0,0,0,0,0,0.0,0,1,1,0,0,0.0,0.0,0.0,0.0,,,0,
1190,William Joseph,29,OAK,DT,8,0,0,0,0,0,0.0,0,0,0,0,0,0.0,7.0,3.0,4.0,0.0,1.0,0,
1191,Jimmy Kennedy,29,2TM,DT,8,0,0,0,0,0,0.0,0,0,0,0,0,1.0,7.0,6.0,1.0,2.0,2.0,0,
1191,Jimmy Kennedy,29,JAX,DT,6,0,0,0,0,0,0.0,0,0,0,0,0,1.0,6.0,5.0,1.0,2.0,2.0,0,
1191,Jimmy Kennedy,29,MIN,DT,2,0,0,0,0,0,0.0,0,0,0,0,0,0.0,1.0,1.0,0.0,0.0,0.0,0,
1192,Brandon Middleton,27,DET,WR,8,0,0,0,0,0,0.0,0,3,0,0,0,0.0,1.0,1.0,0.0,0.0,0.0,0,
1193,Justin Miller,24,2TM,DB,8,0,0,0,0,0,0.0,0,1,0,0,0,0.0,2.0,1.0,1.0,0.0,0.0,0,
1193,Justin Miller,24,NYJ,DB,1,0,0,0,0,0,0.0,0,0,0,0,0,0.0,1.0,0.0,1.0,0.0,0.0,0,
1193,Justin Miller,24,OAK,DB,7,0,0,0,0,0,0.0,0,1,0,0,0,0.0,1.0,1.0,0.0,,,0,
1194,Garrett Mills,25,MIN,FB,8,0,0,0,0,0,0.0,0,0,0,0,0,0.0,3.0,3.0,0.0,0.0,0.0,0,
1195,Glenn Pakulak,28,NOR,P,8,0,0,0,0,0,0.0,0,0,0,0,0,0.0,1.0,1.0,0.0,0.0,0.0,0,
1196,Kenneth Pettway,26,GNB,DE,8,0,0,0,0,0,0.0,0,0,0,0,0,0.0,4.0,4.0,0.0,0.0,0.0,0,
1197,Geoffrey Pope,24,CIN,DB,8,0,0,0,0,0,0.0,0,0,0,0,0,0.0,2.0,2.0,0.0,0.0,0.0,0,
1198,Kevin Robinson,24,KAN,WR,8,0,0,0,0,0,0.0,0,2,0,0,0,0.0,0.0,0.0,0.0,,,0,
1199,Dantrell Savage,23,KAN,RB,8,0,0,0,0,0,0.0,0,0,0,0,0,0.0,4.0,4.0,0.0,0.0,0.0,0,
1200,Daren Stone,23,BAL,DB,8,0,0,0,0,0,1.0,0,0,1,0,0,0.0,4.0,3.0,1.0,0.0,0.0,0,
1201,Pat Watkins,26,DAL,DB,8,0,0,0,0,0,0.0,0,0,0,0,0,0.0,21.0,16.0,5.0,0.0,0.0,0,
1202,Dominique Zeigler,24,SFO,WR,8,0,0,0,0,0,0.0,0,0,0,0,0,0.0,5.0,5.0,0.0,0.0,0.0,0,
1203,Matt Hasselbeck,33,SEA,QB,7,7,0,0,0,0,0.0,0,1,0,0,0,0.0,0.0,0.0,0.0,,,0,
1204,Marlin Jackson,25,IND,RCB,7,7,0,0,0,0,1.0,1,0,0,0,0,0.0,47.0,41.0,6.0,3.0,0.0,0,
1205,Patrick Kerney,32,SEA,LDE,7,7,0,0,0,0,3.0,2,0,1,50,0,5.0,22.0,16.0,6.0,7.0,8.0,0,
1206,Keith Rivers,22,CIN,RLB,7,7,1,39,0,39,1.0,1,0,0,0,0,0.0,37.0,24.0,13.0,3.0,0.0,0,AP DRoY-2
1207,Atari Bigby,27,GNB,SS,7,6,1,7,0,7,2.0,0,0,0,0,0,0.0,21.0,15.0,6.0,1.0,0.0,0,
1208,Ricky Brown,25,OAK,LLB,7,6,0,0,0,0,1.0,1,0,0,0,0,0.0,37.0,28.0,9.0,2.0,0.0,0,
1209,Ty Law,34,NYJ,RCB,7,6,0,0,0,0,2.0,1,0,0,0,0,0.0,19.0,14.0,5.0,0.0,0.0,0,
1210,Mike McKenzie,32,NOR,LCB,7,6,1,14,0,14,3.0,0,0,0,0,0,0.0,22.0,21.0,1.0,1.0,0.0,0,
1211,Xavier Adibi,24,HOU,RLB,7,5,0,0,0,0,0.0,0,0,1,0,0,0.0,35.0,27.0,8.0,1.0,1.0,0,
1212,Andre Caldwell,23,CIN,WR,7,4,0,0,0,0,0.0,0,0,0,0,0,0.0,1.0,1.0,0.0,0.0,0.0,0,
1213,Donnie Edwards,35,KAN,LB,7,4,0,0,0,0,0.0,0,0,0,0,0,0.0,35.0,27.0,8.0,1.0,0.0,0,
1214,Tatum Bell,27,DEN,RB,7,3,0,0,0,0,0.0,0,0,0,0,0,0.0,1.0,1.0,0.0,0.0,0.0,0,
1215,Justin Griffith,28,OAK,FB,7,3,0,0,0,0,0.0,0,0,1,0,0,0.0,0.0,0.0,0.0,0.0,0.0,0,
1216,Kolby Smith,24,KAN,RB,7,3,0,0,0,0,0.0,0,0,0,0,0,0.0,4.0,3.0,1.0,0.0,0.0,0,
1217,Travis Daniels,26,CLE,DB,7,1,0,0,0,0,0.0,0,0,0,0,0,0.0,5.0,4.0,1.0,0.0,0.0,0,
1218,Kabeer Gbaja-Biamila,31,GNB,DE,7,1,0,0,0,0,1.0,0,0,0,0,0,0.5,9.0,7.0,2.0,0.0,2.0,0,
1219,Courtney Bryan,24,MIA,DB,7,0,0,0,0,0,0.0,0,0,0,0,0,0.0,3.0,3.0,0.0,0.0,0.0,0,
1220,Aveion Cason,29,DET,RB,7,0,0,0,0,0,0.0,0,1,0,0,0,0.0,0.0,0.0,0.0,,,0,
1221,Jean-Phillipe Darche,33,KAN,LS,7,0,0,0,0,0,0.0,0,0,0,0,0,0.0,2.0,1.0,1.0,0.0,0.0,0,
1222,Early Doucet,23,ARI,WR,7,0,0,0,0,0,0.0,0,0,0,0,0,0.0,1.0,1.0,0.0,0.0,0.0,0,
1223,Chris Ellis,23,BUF,DE,7,0,0,0,0,0,0.0,0,0,0,0,0,0.0,3.0,3.0,0.0,0.0,0.0,0,
1224,Matt Flynn,23,GNB,QB,7,0,0,0,0,0,0.0,0,1,0,0,0,0.0,0.0,0.0,0.0,,,0,
1225,J.P. Foschi,26,KAN,TE,7,0,0,0,0,0,0.0,0,0,0,0,0,0.0,1.0,1.0,0.0,0.0,0.0,0,
1226,Joey Haynos,24,MIA,TE,7,0,0,0,0,0,0.0,0,1,1,0,0,0.0,0.0,0.0,0.0,,,0,
1227,LaMarcus Hicks,25,DET,DB,7,0,0,0,0,0,0.0,0,0,0,0,0,0.0,5.0,3.0,2.0,0.0,0.0,0,
1228,Dexter Jackson,22,TAM,WR,7,0,0,0,0,0,0.0,0,1,0,0,0,0.0,1.0,1.0,0.0,0.0,0.0,0,
1229,Curtis Johnson,23,IND,DE,7,0,0,0,0,0,0.0,0,0,0,0,0,1.0,4.0,4.0,0.0,1.0,1.0,0,
1230,Edgar Jones,24,BAL,DE,7,0,0,0,0,0,0.0,0,0,0,0,0,0.5,4.0,3.0,1.0,0.0,1.0,0,
1231,Corey Lynch,23,CIN,DB,7,0,1,6,0,6,1.0,0,0,0,0,0,0.0,9.0,5.0,4.0,0.0,0.0,0,
1232,Sam Madison,34,NYG,DB,7,0,1,21,0,21,2.0,0,0,0,0,0,0.0,8.0,7.0,1.0,1.0,0.0,0,
1233,Mario Manningham,22,NYG,WR,7,0,0,0,0,0,0.0,0,0,0,0,0,0.0,2.0,2.0,0.0,0.0,0.0,0,
1234,Eric Moore,27,STL,DE,7,0,0,0,0,0,0.0,0,0,0,0,0,1.0,10.0,8.0,2.0,1.0,1.0,0,
1235,Chad Nkang,23,JAX,LB,7,0,0,0,0,0,0.0,1,0,0,0,0,0.0,5.0,5.0,0.0,0.0,0.0,0,
1236,Dimitri Patterson,25,KAN,DB,7,0,0,0,0,0,0.0,0,0,0,0,0,0.0,15.0,13.0,2.0,0.0,0.0,0,
1237,Marcus Smith,23,BAL,WR,7,0,0,0,0,0,0.0,0,0,0,0,0,0.0,4.0,4.0,0.0,0.0,0.0,0,
1238,Jason Trusnik,24,NYJ,DE,7,0,0,0,0,0,0.0,0,0,1,0,0,0.0,10.0,7.0,3.0,0.0,0.0,0,
1239,Kevin Vickerson,25,TEN,DT,7,0,0,0,0,0,1.0,0,0,1,0,0,1.5,14.0,8.0,6.0,1.0,4.0,0,
1240,Fred Wakefield,30,OAK,G,7,0,0,0,0,0,1.0,0,0,0,0,0,0.0,5.0,2.0,3.0,0.0,0.0,0,
1241,Greg Warren,27,PIT,LS,7,0,0,0,0,0,0.0,0,0,0,0,0,0.0,2.0,1.0,1.0,0.0,0.0,0,
1242,Anthony Waters,24,SDG,LB,7,0,0,0,0,0,0.0,0,0,1,0,0,0.0,3.0,3.0,0.0,0.0,0.0,0,
1243,Boss Bailey,29,DEN,LLB,6,6,0,0,0,0,0.0,1,0,1,0,0,0.0,40.0,31.0,9.0,1.0,1.0,0,
1244,Rodney Harrison,36,NWE,SS,6,6,1,0,0,0,2.0,1,0,0,0,0,0.0,45.0,27.0,18.0,1.0,2.0,0,
1245,Bob Sanders,27,IND,SS,6,6,1,0,0,0,2.0,0,0,0,0,0,0.0,39.0,25.0,14.0,0.0,0.0,0,
1246,Chris McAlister,31,BAL,LCB,6,5,3,28,0,16,7.0,0,0,1,11,0,0.0,16.0,13.0,3.0,0.0,0.0,0,
1247,Sage Rosenfels,30,HOU,QB,6,5,0,0,0,0,0.0,0,4,0,-1,0,0.0,0.0,0.0,0.0,,,0,
1248,Josh Barrett,24,DEN,DB,6,3,1,34,0,34,4.0,0,0,0,0,0,0.0,22.0,15.0,7.0,1.0,0.0,0,
1249,Buster Davis,25,IND,LB,6,3,0,0,0,0,0.0,0,0,0,0,0,0.0,24.0,18.0,6.0,0.0,0.0,0,
1250,Zak Keasey,26,SFO,LB,6,3,0,0,0,0,0.0,0,1,0,0,0,0.0,6.0,5.0,1.0,0.0,0.0,0,
1251,Byron Storer,24,TAM,RB,6,3,0,0,0,0,0.0,0,0,0,0,0,0.0,6.0,6.0,0.0,0.0,0.0,0,
1252,Tony Hunt,23,PHI,RB,6,2,0,0,0,0,0.0,0,1,0,0,0,0.0,1.0,1.0,0.0,0.0,0.0,0,
1253,Ricardo Colclough,25,KAN,DB,6,1,0,0,0,0,0.0,0,0,0,0,0,0.0,6.0,4.0,2.0,0.0,0.0,0,
1254,Jason Rader,27,ATL,TE,6,1,0,0,0,0,0.0,0,1,0,0,0,0.0,0.0,0.0,0.0,,,0,
1255,Terrence Wheatley,23,NWE,DB,6,1,0,0,0,0,2.0,0,0,0,0,0,0.0,2.0,2.0,0.0,0.0,0.0,0,
1256,Cadillac Williams,26,TAM,RB,6,1,0,0,0,0,0.0,0,1,1,0,0,0.0,0.0,0.0,0.0,,,0,
1257,Remi Ayodele,25,NOR,DT,6,0,0,0,0,0,0.0,0,0,0,0,0,0.0,3.0,2.0,1.0,1.0,0.0,0,
1258,Tra Battle,23,2TM,DB,6,0,0,0,0,0,0.0,0,1,0,0,0,0.0,15.0,10.0,5.0,0.0,0.0,0,
1258,Tra Battle,23,SDG,DB,1,0,0,0,0,0,0.0,0,0,0,0,0,0.0,1.0,1.0,0.0,0.0,0.0,0,
1258,Tra Battle,23,DAL,DB,5,0,0,0,0,0,0.0,0,1,0,0,0,0.0,14.0,9.0,5.0,0.0,0.0,0,
1259,Landon Cohen,22,DET,DT,6,0,0,0,0,0,0.0,0,0,0,0,0,0.0,4.0,2.0,2.0,1.0,0.0,0,
1260,Tim Crowder,23,DEN,DE,6,0,0,0,0,0,0.0,0,0,0,0,0,0.0,1.0,1.0,0.0,0.0,2.0,0,
1261,Andrew Crummey,24,CIN,G,6,0,0,0,0,0,0.0,0,0,0,0,0,0.0,1.0,0.0,1.0,,,0,
1262,John DiGiorgio,25,BUF,LB,6,0,0,0,0,0,0.0,0,0,0,0,0,0.0,3.0,3.0,0.0,0.0,0.0,0,
1263,Curtis Gatewood,23,KAN,DE,6,0,0,0,0,0,0.0,0,0,0,0,0,0.0,2.0,2.0,0.0,0.0,0.0,0,
1264,Justin Harrell,24,GNB,DT,6,0,0,0,0,0,0.0,0,0,0,0,0,0.0,11.0,7.0,4.0,1.0,0.0,0,
1265,Tuff Harris,25,TEN,DB,6,0,0,0,0,0,0.0,0,0,0,0,0,0.0,8.0,5.0,3.0,0.0,0.0,0,
1266,Ali Highsmith,23,ARI,LB,6,0,0,0,0,0,0.0,0,0,0,0,0,0.0,4.0,4.0,0.0,0.0,0.0,0,
1267,Abdul Hodge,26,CIN,LB,6,0,0,0,0,0,0.0,0,0,0,0,0,0.0,3.0,1.0,2.0,0.0,0.0,0,
1268,Daniel Muir,25,IND,DT,6,0,0,0,0,0,1.0,0,0,0,0,0,0.0,3.0,3.0,0.0,0.0,0.0,0,
1269,Jesse Nading,23,HOU,DE,6,0,0,0,0,0,0.0,0,0,0,0,0,0.0,6.0,4.0,2.0,0.0,0.0,0,
1270,Laurent Robinson,23,ATL,WR,6,0,0,0,0,0,0.0,0,0,0,0,0,0.0,1.0,1.0,0.0,0.0,0.0,0,
1271,Courtney Roby,25,2TM,WR,6,0,0,0,0,0,0.0,0,0,0,0,0,0.0,3.0,3.0,0.0,0.0,0.0,0,
1271,Courtney Roby,25,IND,WR,1,0,0,0,0,0,0.0,0,0,0,0,0,0.0,1.0,1.0,0.0,0.0,0.0,0,
1271,Courtney Roby,25,NOR,WR,5,0,0,0,0,0,0.0,0,0,0,0,0,0.0,2.0,2.0,0.0,0.0,0.0,0,
1272,Orpheus Roye,35,PIT,DE,6,0,0,0,0,0,2.0,0,0,0,0,0,0.0,6.0,3.0,3.0,0.0,0.0,0,
1273,Stuart Schweigert,27,DET,DB,6,0,0,0,0,0,1.0,0,0,0,0,0,0.0,9.0,9.0,0.0,0.0,0.0,0,
1274,Aaron Stecker,33,NOR,RB,6,0,0,0,0,0,0.0,0,0,0,0,0,0.0,3.0,3.0,0.0,0.0,0.0,0,
1275,Andy Studebaker,23,KAN,LB,6,0,0,0,0,0,0.0,0,0,0,0,0,0.0,3.0,1.0,2.0,0.0,0.0,0,
1276,Joey Thomas,28,MIA,DB,6,0,0,0,0,0,0.0,0,0,1,0,0,0.0,4.0,4.0,0.0,0.0,0.0,0,
1277,Pago Togafau,24,ARI,LB,6,0,0,0,0,0,0.0,0,0,0,0,0,0.0,12.0,8.0,4.0,0.0,0.0,0,
1278,Danny Ware,23,NYG,RB,6,0,0,0,0,0,0.0,0,0,0,0,0,0.0,2.0,2.0,0.0,0.0,0.0,0,
1279,Chauncey Washington,23,JAX,RB,6,0,0,0,0,0,0.0,0,0,0,0,0,0.0,1.0,1.0,0.0,0.0,0.0,0,
1280,Eric Weems,23,ATL,WR,6,0,0,0,0,0,0.0,0,0,0,0,0,0.0,3.0,3.0,0.0,0.0,0.0,0,
1281,Thomas Williams,24,JAX,LB,6,0,0,0,0,0,0.0,1,0,0,0,0,0.0,1.0,1.0,0.0,0.0,0.0,0,
1282,Daunte Culpepper,31,DET,QB,5,5,0,0,0,0,0.0,0,5,1,-1,0,0.0,0.0,0.0,0.0,0.0,0.0,0,
1283,Brian Griese,33,TAM,QB,5,5,0,0,0,0,0.0,0,1,0,0,0,0.0,0.0,0.0,0.0,,,0,
1284,Tracy Porter,22,NOR,RCB,5,5,1,25,0,25,5.0,0,0,0,0,0,1.0,25.0,23.0,2.0,3.0,1.0,0,
1285,Aaron Schobel,31,BUF,RDE,5,5,0,0,0,0,1.0,0,0,0,0,0,1.0,19.0,18.0,1.0,5.0,6.0,0,
1286,Marshal Yanda,24,BAL,RG,5,5,0,0,0,0,0.0,0,0,2,0,0,0.0,0.0,0.0,0.0,0.0,0.0,0,
1287,Derek Smith,33,SDG,LB,5,4,0,0,0,0,0.0,0,0,0,0,0,0.0,13.0,7.0,6.0,0.0,1.0,0,
1288,Jason Davis,25,CHI,RB,5,3,0,0,0,0,0.0,0,0,1,0,0,0.0,0.0,0.0,0.0,,,0,
1289,Damon Huard,35,KAN,QB,5,3,0,0,0,0,0.0,0,3,1,-8,0,0.0,0.0,0.0,0.0,0.0,0.0,0,
1290,Michael Lehan,29,MIA,DB,5,2,0,0,0,0,1.0,0,0,0,0,0,0.0,11.0,6.0,5.0,0.0,0.0,0,
1291,J.P. Losman,27,BUF,QB,5,2,0,0,0,0,0.0,0,8,3,-7,0,0.0,0.0,0.0,0.0,0.0,0.0,0,
1292,Ashton Youboty,24,BUF,DB,5,2,0,0,0,0,2.0,1,0,0,0,0,1.0,20.0,19.0,1.0,3.0,1.0,0,
1293,Michael Adams,23,ARI,DB,5,1,0,0,0,0,0.0,0,0,1,0,0,0.0,8.0,7.0,1.0,0.0,0.0,0,
1294,Gerald Alexander,24,DET,DB,5,1,0,0,0,0,0.0,0,0,0,0,0,0.0,7.0,7.0,0.0,1.0,0.0,0,
1295,Ricky Manning,28,STL,DB,5,1,0,0,0,0,0.0,0,0,0,0,0,1.0,7.0,6.0,1.0,2.0,1.0,0,
1296,P.J. Pope,24,DEN,RB,5,1,0,0,0,0,0.0,0,0,0,0,0,0.0,1.0,0.0,1.0,0.0,0.0,0,
1297,Beau Bell,22,CLE,LB,5,0,0,0,0,0,0.0,1,0,0,0,0,0.0,3.0,3.0,0.0,0.0,0.0,0,
1298,Kyle Eckel,27,PHI,RB,5,0,0,0,0,0,0.0,0,0,0,0,0,0.0,1.0,1.0,0.0,0.0,0.0,0,
1299,Dustin Fox,26,BUF,DB,5,0,0,0,0,0,0.0,0,0,0,0,0,0.0,4.0,4.0,0.0,0.0,0.0,0,
1300,Simon Fraser,25,ATL,DE,5,0,0,0,0,0,1.0,0,0,0,0,0,0.0,2.0,0.0,2.0,0.0,0.0,0,
1301,Wallace Gilberry,24,KAN,DE,5,0,0,0,0,0,0.0,0,0,0,0,0,0.0,2.0,2.0,0.0,0.0,0.0,0,
1302,Jonathan Goff,23,NYG,LB,5,0,0,0,0,0,0.0,0,0,0,0,0,0.0,2.0,2.0,0.0,0.0,0.0,0,
1303,Mike Hart,22,IND,RB,5,0,0,0,0,0,0.0,0,1,0,0,0,0.0,0.0,0.0,0.0,,,0,
1304,Reynaldo Hill,26,TEN,DB,5,0,0,0,0,0,0.0,0,0,0,0,0,0.0,3.0,1.0,2.0,0.0,0.0,0,
1305,David Irons,26,ATL,DB,5,0,0,0,0,0,0.0,0,0,0,0,0,0.0,4.0,3.0,1.0,0.0,0.0,0,
1306,Herana-Daze Jones,26,2TM,DB,5,0,0,0,0,0,0.0,0,0,0,0,0,0.0,6.0,6.0,0.0,0.0,0.0,0,
1306,Herana-Daze Jones,26,CIN,DB,3,0,0,0,0,0,0.0,0,0,0,0,0,0.0,4.0,4.0,0.0,0.0,0.0,0,
1306,Herana-Daze Jones,26,DEN,DB,2,0,0,0,0,0,0.0,0,0,0,0,0,0.0,2.0,2.0,0.0,0.0,0.0,0,
1307,Danny Lansanah,23,GNB,LB,5,0,0,0,0,0,0.0,0,0,0,0,0,0.0,2.0,2.0,0.0,0.0,0.0,0,
1308,Pat Lee,24,GNB,DB,5,0,0,0,0,0,1.0,0,0,0,0,0,0.0,2.0,2.0,0.0,0.0,0.0,0,
1309,Omare Lowe,30,JAX,DB,5,0,0,0,0,0,0.0,0,0,0,0,0,0.0,4.0,4.0,0.0,0.0,0.0,0,
1310,Matt McCoy,26,TAM,LB,5,0,0,0,0,0,0.0,1,0,0,0,0,0.0,7.0,7.0,0.0,0.0,0.0,0,
1311,Donte Nicholson,27,TAM,DB,5,0,0,0,0,0,0.0,0,0,0,0,0,0.0,6.0,6.0,0.0,0.0,0.0,0,
1312,Frank Okam,23,HOU,DT,5,0,0,0,0,0,0.0,0,0,0,0,0,0.0,4.0,2.0,2.0,1.0,0.0,0,
1313,Vince Redd,23,NWE,LB,5,0,0,0,0,0,1.0,1,0,0,0,0,0.0,8.0,5.0,3.0,0.0,0.0,0,
1314,J.R. Reed,26,PHI,DB,5,0,0,0,0,0,0.0,0,0,0,0,0,0.0,3.0,3.0,0.0,0.0,0.0,0,
1315,Josh Shaw,29,DEN,DT,5,0,0,0,0,0,0.0,0,0,0,0,0,0.0,2.0,1.0,1.0,0.0,0.0,0,
1316,Maurice Stovall,23,TAM,WR,5,0,0,0,0,0,0.0,0,1,0,0,0,0.0,5.0,5.0,0.0,0.0,0.0,0,
1317,Donovan Woods,23,PIT,LB,5,0,0,0,0,0,0.0,0,0,0,0,0,0.0,4.0,2.0,2.0,0.0,0.0,0,
1318,DeShawn Wynn,25,GNB,RB,5,0,0,0,0,0,0.0,0,1,1,0,0,0.0,0.0,0.0,0.0,0.0,0.0,0,
1319,Tye Hill,26,STL,DB,4,4,0,0,0,0,2.0,1,0,0,0,0,0.0,20.0,20.0,0.0,0.0,0.0,0,
1320,Cullen Jenkins,27,GNB,DE,4,4,0,0,0,0,1.0,1,0,0,0,0,2.5,13.0,10.0,3.0,4.0,10.0,0,
1321,Jon Kitna,36,DET,QB,4,4,0,0,0,0,0.0,0,3,1,-8,0,0.0,0.0,0.0,0.0,0.0,0.0,0,
1322,Carson Palmer,29,CIN,QB,4,4,0,0,0,0,0.0,0,2,1,0,0,0.0,0.0,0.0,0.0,0.0,0.0,0,
1323,Rosevelt Colvin,31,NWE,LB,4,3,0,0,0,0,0.0,0,0,0,0,0,0.0,8.0,6.0,2.0,0.0,2.0,0,
1324,Ken Dorsey,27,CLE,QB,4,3,0,0,0,0,0.0,0,2,2,-6,0,0.0,0.0,0.0,0.0,0.0,0.0,0,
1325,Reed Doughty,26,WAS,DB,4,3,0,0,0,0,1.0,0,0,0,0,0,0.0,19.0,15.0,4.0,0.0,0.0,0,
1326,E.J. Henderson,28,MIN,LB,4,3,0,0,0,0,0.0,1,0,1,0,0,1.0,31.0,26.0,5.0,6.0,3.0,0,
1327,Billy McMullen,28,SEA,WR,4,2,0,0,0,0,0.0,0,1,0,0,0,0.0,0.0,0.0,0.0,,,0,
1328,Junior Seau,39,NWE,LB,4,2,0,0,0,0,0.0,0,0,0,0,0,0.0,22.0,15.0,7.0,0.0,0.0,0,
1329,Kyle Williams,24,SEA,T,4,2,0,0,0,0,0.0,0,0,1,0,0,0.0,1.0,1.0,0.0,0.0,0.0,0,
1330,Michael Bumpus,23,SEA,WR,4,1,0,0,0,0,0.0,0,1,0,0,0,0.0,0.0,0.0,0.0,,,0,
1331,Aaron Glenn,36,NOR,DB,4,1,0,0,0,0,1.0,0,0,0,0,0,0.0,8.0,7.0,1.0,0.0,0.0,0,
1332,Alan Branch,24,ARI,DT,4,0,0,0,0,0,0.0,0,0,0,0,0,0.0,6.0,5.0,1.0,0.0,0.0,0,
1333,Titus Brown,22,CLE,DE,4,0,0,0,0,0,0.0,0,0,0,0,0,0.0,1.0,0.0,1.0,0.0,0.0,0,
1334,Red Bryant,24,SEA,DE,4,0,0,0,0,0,0.0,0,0,0,0,0,0.0,8.0,6.0,2.0,0.0,0.0,0,
1335,Jeremy Clark,25,NYG,DT,4,0,0,0,0,0,0.0,0,0,0,0,0,0.0,4.0,0.0,4.0,0.0,0.0,0,
1336,Brannon Condren,25,MIA,DB,4,0,0,0,0,0,0.0,0,0,0,0,0,0.0,3.0,2.0,1.0,0.0,0.0,0,
1337,Najeh Davenport,29,PIT,RB,4,0,0,0,0,0,0.0,0,0,0,0,0,0.0,2.0,1.0,1.0,0.0,0.0,0,
1338,Tavares Gooden,24,BAL,LB,4,0,0,0,0,0,0.0,0,0,0,0,0,0.0,5.0,3.0,2.0,0.0,0.0,0,
1339,Nick Graham,24,IND,DB,4,0,0,0,0,0,0.0,0,0,0,0,0,0.0,5.0,4.0,1.0,0.0,0.0,0,
1340,Roy Hall,25,IND,WR,4,0,0,0,0,0,0.0,0,0,0,0,0,0.0,2.0,2.0,0.0,0.0,0.0,0,
1341,Spencer Havner,25,GNB,LB,4,0,0,0,0,0,0.0,0,0,0,0,0,0.0,1.0,1.0,0.0,0.0,0.0,0,
1342,Chad Jackson,23,DEN,WR,4,0,0,0,0,0,0.0,0,1,0,0,0,0.0,0.0,0.0,0.0,,,0,
1343,T.J. Jackson,25,KAN,DT,4,0,0,0,0,0,0.0,0,0,0,0,0,0.0,2.0,1.0,1.0,0.0,0.0,0,
1344,Teddy Lehman,27,BUF,LB,4,0,0,0,0,0,0.0,0,0,0,0,0,0.0,3.0,1.0,2.0,0.0,0.0,0,
1345,Matt Leinart,25,ARI,QB,4,0,0,0,0,0,0.0,0,2,0,0,0,0.0,0.0,0.0,0.0,,,0,
1346,Alfred Malone,26,GNB,DE,4,0,0,0,0,0,1.0,0,0,0,0,0,0.0,4.0,3.0,1.0,0.0,0.0,0,
1347,Derrick Martin,23,BAL,DB,4,0,0,0,0,0,0.0,0,0,0,0,0,0.0,1.0,1.0,0.0,0.0,0.0,0,
1348,Jerome McDougle,30,NYG,DE,4,0,0,0,0,0,1.0,0,0,0,0,0,0.0,2.0,1.0,1.0,1.0,0.0,0,
1349,LaJuan Ramsey,24,IND,DT,4,0,0,0,0,0,0.0,0,0,0,0,0,0.0,6.0,4.0,2.0,0.0,0.0,0,
1350,Dontarrious Thomas,28,MIN,LB,4,0,0,0,0,0,0.0,0,0,1,0,0,0.0,1.0,0.0,1.0,0.0,0.0,0,
1351,C.J. Wilson,23,CAR,DB,4,0,0,0,0,0,1.0,0,0,0,0,0,0.0,2.0,2.0,0.0,0.0,0.0,0,
1352,C.C. Brown,25,HOU,DB,3,3,0,0,0,0,1.0,0,0,0,0,0,0.0,15.0,12.0,3.0,0.0,0.0,0,
1353,Dexter Jackson,31,CIN,DB,3,3,0,0,0,0,1.0,0,0,0,0,0,0.0,21.0,14.0,7.0,0.0,0.0,0,
1354,Roy Williams,28,DAL,DB,3,2,0,0,0,0,0.0,0,0,0,0,0,0.0,5.0,3.0,2.0,,,0,
1355,Roderick Rogers,24,DEN,DB,3,1,0,0,0,0,0.0,0,0,0,0,0,0.0,7.0,7.0,0.0,0.0,0.0,0,
1356,Vince Young,25,TEN,QB,3,1,0,0,0,0,0.0,0,2,1,0,0,0.0,0.0,0.0,0.0,0.0,0.0,0,
1357,Ryan Boschetti,27,WAS,DT,3,0,0,0,0,0,0.0,0,0,0,0,0,0.0,2.0,2.0,0.0,1.0,0.0,0,
1358,Jesse Chatman,29,NYJ,RB,3,0,0,0,0,0,0.0,0,0,0,0,0,0.0,4.0,2.0,2.0,0.0,0.0,0,
1359,Dan Connor,23,CAR,LB,3,0,0,0,0,0,0.0,0,0,0,0,0,0.0,4.0,4.0,0.0,0.0,0.0,0,
1360,Mike Doss,27,CIN,DB,3,0,0,0,0,0,1.0,0,0,0,0,0,0.0,2.0,1.0,1.0,0.0,0.0,0,
1361,Greyson Gunheim,22,OAK,DE,3,0,0,0,0,0,0.0,0,0,0,0,0,1.0,2.0,2.0,0.0,1.0,1.0,0,
1362,Chris Harrington,23,CIN,DE,3,0,0,0,0,0,0.0,0,0,0,0,0,0.0,1.0,0.0,1.0,0.0,0.0,0,
1363,Jonathan Holland,23,OAK,WR,3,0,0,0,0,0,0.0,0,0,1,0,0,0.0,5.0,4.0,1.0,0.0,0.0,0,
1364,Sam Hurd,23,DAL,WR,3,0,0,0,0,0,0.0,0,0,0,0,0,0.0,1.0,1.0,0.0,0.0,0.0,0,
1365,Rob Jackson,23,WAS,DE,3,0,0,0,0,0,0.0,0,0,0,0,0,0.0,1.0,1.0,0.0,0.0,0.0,0,
1366,Corey Mace,23,BUF,DT,3,0,0,0,0,0,0.0,0,0,0,0,0,0.0,1.0,1.0,0.0,0.0,0.0,0,
1367,Jeremy Mincey,25,JAX,DE,3,0,0,0,0,0,0.0,0,0,0,0,0,1.0,5.0,4.0,1.0,1.0,1.0,0,
1368,Darius Reynaud,24,MIN,WR,3,0,0,0,0,0,0.0,0,0,0,0,0,0.0,2.0,2.0,0.0,0.0,0.0,0,
1369,Josh Savage,28,NOR,DE,3,0,0,0,0,0,0.0,0,0,0,0,0,0.0,4.0,2.0,2.0,0.0,0.0,0,
1370,Tim Shaw,24,JAX,LB,3,0,0,0,0,0,0.0,0,0,0,0,0,0.0,3.0,3.0,0.0,0.0,0.0,0,
1371,Jason Shirley,23,CIN,DT,3,0,0,0,0,0,0.0,0,0,0,0,0,0.0,4.0,2.0,2.0,1.0,0.0,0,
1372,Reggie Smith,22,SFO,DB,3,0,0,0,0,0,0.0,0,0,1,0,0,0.0,4.0,3.0,1.0,0.0,0.0,0,
1373,Chris Taylor,25,HOU,RB,3,0,0,0,0,0,0.0,0,1,1,0,0,0.0,1.0,1.0,0.0,0.0,0.0,0,
1374,Marcus Thomas,24,DET,RB,3,0,0,0,0,0,0.0,0,0,1,0,0,0.0,0.0,0.0,0.0,0.0,0.0,0,
1375,Jason Webster,31,NWE,DB,3,0,0,0,0,0,0.0,1,0,0,0,0,0.0,5.0,3.0,2.0,0.0,0.0,0,
1376,Kris Wilson,27,SDG,TE,3,0,0,0,0,0,0.0,0,0,0,0,0,0.0,1.0,0.0,1.0,0.0,0.0,0,
1377,Dawan Landry,26,BAL,DB,2,2,0,0,0,0,0.0,0,0,0,0,0,0.0,11.0,8.0,3.0,0.0,0.0,0,
1378,Logan Payne,23,SEA,WR,2,2,0,0,0,0,0.0,0,1,0,0,0,0.0,1.0,1.0,0.0,0.0,0.0,0,
1379,Robaire Smith,31,CLE,DE,2,2,0,0,0,0,0.0,0,0,0,0,0,0.0,5.0,5.0,0.0,0.0,0.0,0,
1380,Nick Hayden,22,CAR,DT,2,1,0,0,0,0,0.0,0,0,0,0,0,0.0,3.0,2.0,1.0,0.0,2.0,0,
1381,Brandon McGowan,25,CHI,DB,2,1,0,0,0,0,1.0,0,0,0,0,0,0.0,4.0,2.0,2.0,0.0,0.0,0,
1382,Robert Thomas,28,OAK,LB,2,1,0,0,0,0,0.0,0,0,0,0,0,0.0,2.0,1.0,1.0,0.0,0.0,0,
1383,Andrew Walter,26,OAK,QB,2,1,0,0,0,0,0.0,0,2,1,-4,0,0.0,0.0,0.0,0.0,,,0,
1384,Mark Bradley,26,CHI,WR,2,0,0,0,0,0,0.0,0,0,0,0,0,0.0,1.0,1.0,0.0,0.0,0.0,0,
1385,Fernando Bryant,31,PIT,DB,2,0,0,0,0,0,0.0,0,0,0,0,0,0.0,3.0,3.0,0.0,0.0,0.0,0,
1386,David Clowney,23,NYJ,WR,2,0,0,0,0,0,0.0,0,0,0,0,0,0.0,1.0,1.0,0.0,0.0,0.0,0,
1387,Terrance Copper,26,BAL,WR,2,0,0,0,0,0,0.0,0,0,0,0,0,0.0,1.0,1.0,0.0,0.0,0.0,0,
1388,Lionel Dotson,23,MIA,DT,2,0,0,0,0,0,0.0,0,0,0,0,0,0.0,1.0,1.0,0.0,0.0,0.0,0,
1389,Amon Gordon,27,TEN,DT,2,0,0,0,0,0,0.0,1,0,0,0,0,0.0,6.0,4.0,2.0,0.0,0.0,0,
1390,Larry Grant,23,STL,LB,2,0,0,0,0,0,0.0,0,0,0,0,0,0.0,5.0,5.0,0.0,0.0,0.0,0,
1391,Skyler Green,24,NOR,WR,2,0,0,0,0,0,0.0,0,1,0,0,0,0.0,0.0,0.0,0.0,,,0,
1392,Justin Hamilton,26,WAS,RB,2,0,0,0,0,0,0.0,0,0,0,0,0,0.0,1.0,0.0,1.0,0.0,0.0,0,
1393,Eric Henderson,25,CIN,DE,2,0,0,0,0,0,0.0,0,0,0,0,0,0.0,2.0,1.0,1.0,0.0,1.0,0,
1394,Drew Henson,28,DET,QB,2,0,0,0,0,0,0.0,0,2,1,0,0,0.0,0.0,0.0,0.0,0.0,0.0,0,
1395,Terrence Holt,28,NOR,DB,2,0,0,0,0,0,0.0,0,0,0,0,0,0.0,1.0,0.0,1.0,0.0,0.0,0,
1396,N.D. Kalu,33,HOU,DE,2,0,0,0,0,0,0.0,0,0,0,0,0,0.0,4.0,2.0,2.0,0.0,0.0,0,
1397,Josh Mallard,29,CIN,DE,2,0,0,0,0,0,0.0,0,0,0,0,0,0.0,1.0,1.0,0.0,0.0,0.0,0,
1398,Jim Maxwell,27,CIN,LB,2,0,0,0,0,0,0.0,0,0,0,0,0,0.0,3.0,1.0,2.0,0.0,0.0,0,
1399,Edmond Miles,24,NYG,LB,2,0,0,0,0,0,0.0,0,0,0,0,0,0.0,1.0,0.0,1.0,0.0,0.0,0,
1400,Steve Octavien,24,DAL,LB,2,0,0,0,0,0,0.0,1,0,0,0,0,0.0,2.0,1.0,1.0,0.0,0.0,0,
1401,Greg Peterson,24,TAM,DE,2,0,0,0,0,0,0.0,0,0,0,0,0,0.0,1.0,1.0,0.0,0.0,0.0,0,
1402,Tyrone Poole,36,TEN,DB,2,0,0,0,0,0,0.0,0,0,0,0,0,0.0,5.0,3.0,2.0,0.0,0.0,0,
1403,Brandon Rideau,26,CHI,WR,2,0,0,0,0,0,0.0,0,0,0,0,0,0.0,1.0,1.0,0.0,0.0,0.0,0,
1404,Shawntae Spencer,26,SFO,DB,2,0,0,0,0,0,0.0,0,0,0,0,0,0.0,2.0,2.0,0.0,0.0,0.0,0,
1405,Marques Tuiasosopo,29,OAK,QB,2,0,0,0,0,0,0.0,0,2,0,-13,0,0.0,0.0,0.0,0.0,,,0,
1406,Dexter Wynn,27,DET,DB,2,0,0,0,0,0,0.0,0,0,0,0,0,0.0,1.0,0.0,1.0,0.0,0.0,0,
1407,Edward Johnson,25,IND,DT,1,1,0,0,0,0,0.0,0,0,0,0,0,0.0,7.0,4.0,3.0,0.0,0.0,0,
1408,Shawne Merriman,24,SDG,LB,1,1,0,0,0,0,0.0,0,0,0,0,0,0.0,2.0,1.0,1.0,1.0,2.0,0,
1409,Hamza Abdullah,25,DEN,DB,1,0,0,0,0,0,0.0,0,0,0,0,0,0.0,1.0,1.0,0.0,0.0,0.0,0,
1410,Eric Alexander,26,NWE,LB,1,0,0,0,0,0,0.0,0,0,0,0,0,0.0,1.0,0.0,1.0,0.0,0.0,0,
1411,Lance Ball,23,IND,RB,1,0,0,0,0,0,0.0,0,1,0,0,0,0.0,0.0,0.0,0.0,,,0,
1412,Darnell Bing,24,DET,DB,1,0,0,0,0,0,0.0,0,0,0,0,0,0.0,1.0,0.0,1.0,0.0,0.0,0,
1413,Zackary Bowman,24,CHI,DB,1,0,1,0,0,0,1.0,0,0,1,0,1,0.0,2.0,1.0,1.0,0.0,0.0,0,
1414,Cory Boyd,23,DEN,RB,1,0,0,0,0,0,0.0,0,0,1,0,0,0.0,0.0,0.0,0.0,,,0,
1415,Tyron Brackenridge,24,KAN,DB,1,0,0,0,0,0,0.0,1,0,0,0,0,0.0,6.0,5.0,1.0,0.0,0.0,0,
1416,Samkon Gado,26,STL,RB,1,0,0,0,0,0,0.0,0,0,0,0,0,0.0,1.0,1.0,0.0,0.0,0.0,0,
1417,Keith Grennan,24,SDG,DE,1,0,0,0,0,0,0.0,0,0,0,0,0,0.0,1.0,1.0,0.0,0.0,0.0,0,
1418,Boomer Grigsby,27,MIA,LB,1,0,0,0,0,0,0.0,0,0,0,0,0,0.0,1.0,1.0,0.0,0.0,0.0,0,
1419,Victor Hobson,28,ARI,LB,1,0,0,0,0,0,0.0,0,0,0,0,0,0.0,1.0,1.0,0.0,0.0,0.0,0,
1420,William Kershaw,25,MIA,LB,1,0,0,0,0,0,0.0,1,0,0,0,0,0.0,2.0,2.0,0.0,0.0,0.0,0,
1421,Robert McCune,29,BAL,LB,1,0,0,0,0,0,0.0,0,0,0,0,0,0.0,1.0,1.0,0.0,0.0,0.0,0,
1422,Brandon Miller,22,SEA,DE,1,0,0,0,0,0,0.0,0,0,0,0,0,0.0,2.0,2.0,0.0,0.0,0.0,0,
1423,Alvin Pearman,26,JAX,RB,1,0,0,0,0,0,0.0,0,0,0,0,0,0.0,1.0,1.0,0.0,0.0,0.0,0,
1424,Patrick Ramsey,29,DEN,QB,1,0,0,0,0,0,0.0,0,1,0,0,0,0.0,0.0,0.0,0.0,,,0,
1425,Chris Roberson,25,DET,DB,1,0,0,0,0,0,0.0,0,0,0,0,0,0.0,1.0,1.0,0.0,0.0,0.0,0,
1426,Olaniyi Sobomehin,24,NOR,RB,1,0,0,0,0,0,0.0,0,1,0,0,0,0.0,0.0,0.0,0.0,,,0,
1427,Cameron Worrell,29,CHI,DB,1,0,0,0,0,0,0.0,0,0,0,0,0,0.0,1.0,0.0,1.0,0.0,0.0,0,
