Unnamed: 0_level_0,Unnamed: 1_level_0,Unnamed: 2_level_0,Unnamed: 3_level_0,Unnamed: 4_level_0,Unnamed: 5_level_0,Unnamed: 6_level_0,Def Interceptions,Def Interceptions,Def Interceptions,Def Interceptions,Def Interceptions,Fumbles,Fumbles,Fumbles,Fumbles,Fumbles,Unnamed: 17_level_0,Tackles,Tackles,Tackles,Tackles,Unnamed: 22_level_0,Unnamed: 23_level_0
Rk,Player,Age,Team,Pos,G,GS,Int,Yds,IntTD,Lng,PD,FF,Fmb,FR,Yds,FRTD,Sk,Comb,Solo,Ast,TFL,Sfty,Awards
1,Anthony Adams,25,SFO,NT,16,16,0,0,0,0,1.0,0,0,0,0,0,2.5,40.0,24.0,16.0,3.0,0,
2,Keith Adams,26,PHI,RLB,16,16,0,0,0,0,1.0,0,0,0,0,0,0.0,69.0,59.0,10.0,3.0,0,
3,Brent Alexander,34,NYG,FS,16,16,4,45,0,24,12.0,0,0,1,9,0,0.0,61.0,46.0,15.0,1.0,0,
4,Shaun Alexander,28,SEA,RB,16,16,0,0,0,0,0.0,0,5,0,0,0,0.0,,,,,0,"PB,AP-1,AP MVP-1,AP OPoY-1"
5,Larry Allen,34,DAL,LG,16,16,0,0,0,0,0.0,0,0,1,0,0,0.0,0.0,0.0,0.0,0.0,0,PB
6,Will Allen,27,NYG,LCB,16,16,0,17,0,17,11.0,1,0,1,0,0,0.0,73.0,65.0,8.0,1.0,0,
7,Nnamdi Asomugha,24,OAK,LCB,16,16,0,0,0,0,14.0,0,0,0,0,0,0.0,60.0,55.0,5.0,2.0,0,
8,Ronde Barber,30,TAM,RCB,16,16,5,105,0,42,20.0,0,0,1,4,0,2.0,99.0,83.0,16.0,2.0,0,"PB,AP-1"
9,Tiki Barber,30,NYG,RB,16,16,0,0,0,0,0.0,0,1,1,0,0,0.0,0.0,0.0,0.0,0.0,0,"PB,AP-1,AP MVP-4,AP OPoY-3"
10,Nick Barnett,24,GNB,MLB,16,16,1,95,1,95,2.0,1,0,3,17,0,1.0,139.0,92.0,47.0,9.0,0,
11,Drew Bledsoe,33,DAL,QB,16,16,0,0,0,0,0.0,0,17,3,-12,0,0.0,0.0,0.0,0.0,0.0,0,
12,Colby Bockwoldt,24,NOR,RLB,16,16,0,0,0,0,3.0,0,0,1,0,0,0.0,89.0,60.0,29.0,6.0,0,
13,Michael Boulware,24,SEA,SS,16,16,4,107,0,40,9.0,1,0,0,0,0,2.0,73.0,58.0,15.0,3.0,0,
14,Gary Brackett,25,IND,MLB,16,16,3,50,0,31,6.0,0,0,0,0,0,1.0,127.0,92.0,35.0,0.0,0,
15,Tom Brady,28,NWE,QB,16,16,0,0,0,0,0.0,0,4,0,0,0,0.0,,,,,0,"PB,AP-2,AP MVP-3,AP OPoY-4"
16,Drew Brees,26,SDG,QB,16,16,0,0,0,0,0.0,0,8,0,0,0,0.0,0.0,0.0,0.0,0.0,0,
17,Lance Briggs,25,CHI,RLB,16,16,2,30,1,20,11.0,1,0,2,0,0,2.0,109.0,85.0,24.0,8.0,0,"PB,AP-1,AP DPoY-6"
18,Raheem Brock,27,IND,LDE,16,16,0,0,0,0,2.0,4,0,1,15,0,6.5,51.0,42.0,9.0,11.0,0,
19,Keith Brooking,30,ATL,MLB,16,16,4,50,0,22,10.0,0,0,1,0,0,3.5,115.0,89.0,26.0,5.0,0,PB
20,Derrick Brooks,32,TAM,RLB,16,16,1,0,0,0,11.0,1,0,0,0,0,3.0,125.0,93.0,32.0,10.0,0,"PB,AP-1"
21,Alex Brown,26,CHI,RDE,16,16,0,0,0,0,6.0,3,0,0,0,0,6.0,46.0,39.0,7.0,12.0,0,AP DPoY-6
22,Sheldon Brown,26,PHI,RCB,16,16,4,67,1,40,27.0,1,0,1,80,1,1.0,57.0,48.0,9.0,2.0,0,
23,Brentson Buckner,34,CAR,LDT,16,16,0,0,0,0,5.0,0,0,1,0,0,1.0,36.0,28.0,8.0,6.0,0,
24,Keith Bulluck,28,TEN,RLB,16,16,2,16,0,16,10.0,1,0,1,0,0,5.0,138.0,102.0,36.0,12.0,0,
25,Kelly Butler,23,DET,RT,16,16,0,0,0,0,0.0,0,0,2,0,0,0.0,0.0,0.0,0.0,0.0,0,
26,Cooper Carlisle,28,DEN,RG,16,16,0,0,0,0,0.0,0,0,2,0,0,0.0,0.0,0.0,0.0,0.0,0,
27,David Carr,26,HOU,QB,16,16,0,0,0,0,0.0,0,17,6,-7,0,0.0,0.0,0.0,0.0,0.0,0,
28,Ahmad Carroll,22,GNB,LCB,16,16,2,38,0,38,10.0,0,1,0,0,0,0.0,44.0,41.0,3.0,1.0,0,
29,Kevin Carter,32,MIA,LDE,16,16,0,0,0,0,3.0,1,0,1,0,0,6.0,53.0,34.0,19.0,9.0,1,
30,Chris Chambers,27,MIA,WR,16,16,0,0,0,0,0.0,0,5,2,-2,0,0.0,0.0,0.0,0.0,0.0,0,PB
31,Corey Chavous,29,MIN,SS,16,16,2,0,0,0,5.0,0,0,0,0,0,0.0,71.0,54.0,17.0,0.0,0,
32,Nate Clements,26,BUF,RCB,16,16,2,0,0,0,13.0,3,0,1,0,0,0.0,102.0,81.0,21.0,4.0,0,
33,Keary Colbert,23,CAR,WR,16,16,0,0,0,0,0.0,0,1,0,0,0,0.0,0.0,0.0,0.0,0.0,0,
34,Erik Coleman,23,NYJ,SS,16,16,2,4,0,4,7.0,0,0,0,0,0,0.0,121.0,84.0,37.0,1.0,0,
35,Roderick Coleman,29,ATL,LDT,16,16,0,0,0,0,6.0,4,0,0,0,0,10.5,40.0,35.0,5.0,9.0,0,"PB,AP-2"
36,Laveranues Coles,28,NYJ,WR,16,16,0,0,0,0,0.0,0,1,0,0,0,0.0,0.0,0.0,0.0,0.0,0,
37,Nick Collins,22,GNB,FS,16,16,1,0,0,0,8.0,2,0,0,0,0,0.0,86.0,66.0,20.0,3.0,0,
38,Chris Cooley,23,WAS,TE,16,16,0,0,0,0,0.0,0,3,0,0,0,0.0,0.0,0.0,0.0,0.0,0,
39,Chris Crocker,25,CLE,SS,16,16,2,35,0,24,4.0,2,0,1,0,0,2.0,82.0,51.0,31.0,2.0,0,
40,Alge Crumpler,28,ATL,TE,16,16,0,0,0,0,0.0,0,1,0,0,0,0.0,1.0,1.0,0.0,0.0,0,PB
41,Phillip Daniels,32,WAS,RDE,16,16,0,0,0,0,9.0,1,0,2,0,0,8.0,48.0,37.0,11.0,11.0,0,
42,Jason David,23,IND,RCB/CB,16,16,2,13,0,13,10.0,0,1,2,5,0,0.0,44.0,32.0,12.0,0.0,0,
43,Andra Davis,27,CLE,LILB,16,16,1,14,0,14,6.0,0,0,0,0,0,2.0,149.0,89.0,60.0,9.0,0,
44,Brian Dawkins,32,PHI,FS,16,16,3,24,0,24,24.0,4,0,1,0,0,3.5,80.0,69.0,11.0,4.0,0,PB
45,Jake Delhomme,30,CAR,QB,16,16,0,0,0,0,0.0,0,12,3,-4,0,0.0,0.0,0.0,0.0,0.0,0,PB
46,David Diehl,25,NYG,LG,16,16,0,0,0,0,0.0,0,0,2,0,0,0.0,0.0,0.0,0.0,0.0,0,
47,Derrick Dockery,25,WAS,LG,16,16,0,0,0,0,,0,0,2,0,0,0.0,,,,,0,
48,Darnell Dockett,24,ARI,RDT,16,16,1,14,0,14,3.0,1,0,0,0,0,0.5,38.0,25.0,13.0,5.0,0,
49,Reuben Droughns,27,CLE,RB,16,16,0,0,0,0,0.0,0,6,5,0,0,0.0,0.0,0.0,0.0,0.0,0,
50,Warrick Dunn,30,ATL,RB,16,16,0,0,0,0,0.0,0,3,2,1,0,0.0,0.0,0.0,0.0,0.0,0,PB
51,Donnie Edwards,32,SDG,LILB,16,16,2,15,0,14,11.0,2,0,0,0,0,3.0,154.0,114.0,40.0,4.0,0,
52,Alan Faneca,29,PIT,LG,16,16,0,0,0,0,0.0,0,0,2,0,0,0.0,0.0,0.0,0.0,0.0,0,"PB,AP-1"
53,Brett Favre,36,GNB,QB,16,16,0,0,0,0,0.0,0,10,2,-1,0,0.0,0.0,0.0,0.0,0.0,0,
54,Nick Ferguson,31,DEN,SS,16,16,5,59,0,30,8.0,0,0,1,0,0,0.0,80.0,62.0,18.0,0.0,0,
55,London Fletcher,30,BUF,MLB,16,16,1,20,0,20,3.0,1,0,2,0,0,4.0,158.0,104.0,54.0,6.0,1,
56,Larry Foote,25,PIT,RILB,16,16,0,0,0,0,2.0,0,0,1,27,0,3.0,102.0,76.0,26.0,13.0,1,
57,George Foster,25,DEN,RT,16,16,0,0,0,0,0.0,0,0,0,0,0,0.0,1.0,0.0,1.0,0.0,0,
58,Kabeer Gbaja-Biamila,28,GNB,RDE,16,16,0,0,0,0,0.0,2,0,3,0,0,8.0,53.0,37.0,16.0,10.0,0,
59,Robert Geathers,22,CIN,RDE,16,16,0,0,0,0,1.0,1,0,0,0,0,3.0,34.0,25.0,9.0,5.0,0,
60,Ian Gold,27,DEN,RLB,16,16,0,0,0,0,4.0,4,0,2,0,0,3.0,90.0,74.0,16.0,12.0,0,
61,Tony Gonzalez,29,KAN,TE,16,16,0,0,0,0,0.0,0,0,1,0,0,0.0,0.0,0.0,0.0,0.0,0,PB
62,Deon Grant,26,JAX,FS,16,16,3,29,0,29,11.0,0,0,0,0,0,1.5,66.0,55.0,11.0,1.0,0,
63,Trent Green,35,KAN,QB,16,16,0,0,0,0,0.0,0,8,1,-10,0,0.0,0.0,0.0,0.0,0.0,0,PB
64,Morlon Greenwood,27,HOU,RILB,16,16,0,0,0,0,7.0,0,0,2,0,0,2.0,112.0,82.0,30.0,4.0,0,
65,Kelly Gregg,29,BAL,RDT,16,16,0,0,0,0,2.0,0,0,0,0,0,2.5,61.0,36.0,25.0,3.0,0,
66,Robert Griffith,35,ARI,FS,16,16,1,11,0,11,5.0,2,0,0,0,0,0.0,66.0,52.0,14.0,0.0,0,
67,Jordan Gross,25,CAR,RT,16,16,0,0,0,0,,0,0,3,0,0,0.0,,,,,0,
68,Al Harris,31,GNB,RCB,16,16,3,30,1,22,13.0,1,0,0,0,0,3.0,53.0,46.0,7.0,3.0,0,
69,Tommie Harris,22,CHI,RDT,16,16,0,0,0,0,0.0,2,0,2,0,0,3.0,34.0,29.0,5.0,9.0,0,"PB,AP-2"
70,Jeff Hartings,33,PIT,C,16,16,0,0,0,0,0.0,0,1,0,-9,0,0.0,0.0,0.0,0.0,0.0,0,PB
71,Matt Hasselbeck,30,SEA,QB,16,16,0,0,0,0,0.0,0,4,0,0,0,0.0,0.0,0.0,0.0,0.0,0,PB
72,Todd Heap,25,BAL,TE,16,16,0,0,0,0,0.0,0,2,1,0,0,0.0,0.0,0.0,0.0,0.0,0,
73,Eric Heitmann,25,SFO,RG/C,16,16,0,0,0,0,0.0,0,0,2,0,0,0.0,0.0,0.0,0.0,0.0,0,
74,Victor Hobson,25,NYJ,LLB,16,16,0,0,0,0,0.0,0,0,1,43,0,1.0,80.0,54.0,26.0,5.0,0,
75,Vonnie Holliday,30,MIA,RDT,16,16,0,0,0,0,5.0,0,0,2,12,0,5.0,52.0,36.0,16.0,9.0,0,
76,Chris Hope,25,PIT,FS,16,16,3,60,0,55,5.0,1,0,1,6,0,0.0,97.0,70.0,27.0,1.0,0,
77,Chris Hovan,27,TAM,LDT,16,16,0,0,0,0,1.0,0,0,2,0,0,0.0,45.0,35.0,10.0,3.0,0,
78,Grady Jackson,32,GNB,LDT,16,16,0,0,0,0,4.0,1,0,0,0,0,1.0,55.0,39.0,16.0,6.0,0,
79,Bradie James,24,DAL,LILB,16,16,0,0,0,0,4.0,0,0,0,0,0,2.5,93.0,73.0,20.0,4.0,0,
80,Tory James,32,CIN,RCB,16,16,5,5,0,5,14.0,1,0,1,26,0,0.0,58.0,49.0,9.0,1.0,0,
81,Quentin Jammer,26,SDG,LCB,16,16,1,14,0,14,19.0,1,0,0,0,0,0.0,74.0,62.0,12.0,0.0,0,
82,Jon Jansen,29,WAS,RT,16,16,0,0,0,0,0.0,0,0,2,0,0,0.0,0.0,0.0,0.0,0.0,0,AP-2
83,Al Johnson,26,DAL,C,16,16,0,0,0,0,0.0,0,1,1,0,0,0.0,0.0,0.0,0.0,0.0,0,
84,Chad Johnson,27,CIN,WR,16,16,0,0,0,0,0.0,0,1,0,0,0,0.0,,,,,0,"PB,AP-1"
85,Derrick Johnson,23,KAN,LLB,16,16,0,0,0,0,5.0,2,0,1,0,0,2.0,96.0,80.0,16.0,7.0,0,
86,Dhani Jones,27,PHI,LLB,16,16,1,0,0,0,7.0,0,0,0,0,0,0.0,70.0,56.0,14.0,8.0,0,
87,Kevin Kaesviharn,29,CIN,FS,16,16,3,9,0,6,8.0,0,0,3,0,0,1.0,87.0,63.0,24.0,2.0,0,
88,Aaron Kampman,26,GNB,LDE,16,16,0,0,0,0,2.0,2,0,0,0,0,6.5,82.0,60.0,22.0,9.0,0,
89,Brian Kelly,29,TAM,LCB,16,16,4,19,0,14,17.0,1,0,0,0,0,1.0,51.0,42.0,9.0,2.0,0,
90,Chris Kelsay,26,BUF,LDE,16,16,1,17,0,17,4.0,1,0,1,2,0,2.5,45.0,26.0,19.0,3.0,0,
91,Ma'ake Kemoeatu,26,BAL,LDT,16,16,0,0,0,0,0.0,0,0,1,0,0,1.0,40.0,30.0,10.0,3.0,0,
92,Kenoy Kennedy,28,DET,SS,16,16,2,64,1,64,6.0,1,1,0,0,0,0.0,99.0,75.0,24.0,3.0,0,
93,Eddie Kennison,32,KAN,WR,16,16,0,0,0,0,0.0,0,1,0,0,0,0.0,0.0,0.0,0.0,0.0,0,
94,Patrick Kerney,29,ATL,LDE,16,16,0,0,0,0,2.0,2,0,3,2,0,6.5,54.0,39.0,15.0,6.0,0,
95,Jim Kleinsasser,28,MIN,TE,16,16,0,0,0,0,0.0,0,1,0,0,0,0.0,0.0,0.0,0.0,0.0,0,
96,Sammy Knight,30,KAN,SS,16,16,2,12,0,12,13.0,2,0,2,80,1,2.0,91.0,71.0,20.0,3.0,0,
97,Olin Kreutz,28,CHI,C,16,16,0,0,0,0,0.0,0,0,1,0,0,0.0,0.0,0.0,0.0,0.0,0,"PB,AP-2"
98,Ty Law,31,NYJ,LCB,16,16,10,195,1,74,18.0,0,1,1,0,0,0.0,62.0,45.0,17.0,2.0,0,PB
99,Michael Lewis,25,PHI,SS,16,16,2,13,0,13,8.0,1,0,1,0,0,1.0,106.0,92.0,14.0,4.0,0,
100,Ryan Lilja,24,IND,LG,16,16,0,0,0,0,0.0,0,0,1,0,0,0.0,0.0,0.0,0.0,0.0,0,
101,Sean Locklear,24,SEA,RT,16,16,0,0,0,0,0.0,0,0,2,0,0,0.0,0.0,0.0,0.0,0.0,0,
102,John Lynch,34,DEN,FS,16,16,2,2,0,1,8.0,4,0,0,0,0,4.0,62.0,45.0,17.0,2.0,0,PB
103,Sean Mahan,25,TAM,RG,16,16,0,0,0,0,0.0,0,0,1,0,0,0.0,0.0,0.0,0.0,0.0,0,
104,Logan Mankins,23,NWE,LG,16,16,0,0,0,0,0.0,0,0,1,0,0,0.0,0.0,0.0,0.0,0.0,0,AP ORoY-2
105,Eli Manning,24,NYG,QB,16,16,0,0,0,0,0.0,0,9,0,0,0,0.0,,,,,0,
106,Peyton Manning,29,IND,QB,16,16,0,0,0,0,0.0,0,5,0,-1,0,0.0,0.0,0.0,0.0,0.0,0,"PB,AP-1,AP MVP-2,AP OPoY-2"
107,Vince Manuwai,25,JAX,LG,16,16,0,0,0,0,0.0,0,0,2,0,0,0.0,0.0,0.0,0.0,0.0,0,
108,Lemar Marshall,29,WAS,MLB,16,16,4,55,1,27,9.0,2,0,0,0,0,2.0,101.0,81.0,20.0,5.0,0,
109,Derrick Mason,31,BAL,WR,16,16,0,0,0,0,0.0,0,1,0,0,0,0.0,0.0,0.0,0.0,0.0,0,
110,Rashean Mathis,25,JAX,LCB,16,16,5,79,1,41,15.0,0,0,1,0,0,0.0,69.0,60.0,9.0,1.0,0,
111,Todd McClure,28,ATL,C,16,16,0,0,0,0,0.0,0,0,1,0,0,0.0,0.0,0.0,0.0,0.0,0,
112,Daylon McCutcheon,29,CLE,LCB,16,16,2,14,0,14,9.0,2,0,0,0,0,0.0,78.0,71.0,7.0,3.0,0,
113,Willie McGinest,34,NWE,LOLB,16,16,0,0,0,0,5.0,0,0,1,19,0,6.0,57.0,45.0,12.0,11.0,0,
114,Alvin McKinley,27,CLE,RDE,16,16,0,0,0,0,0.0,1,0,0,0,0,5.0,68.0,45.0,23.0,6.0,0,
115,Steve McKinney,30,HOU,C,16,16,0,0,0,0,,0,1,0,-1,0,0.0,,,,,0,
116,Bryant McKinnie,26,MIN,LT,16,16,0,0,0,0,,0,0,1,0,0,0.0,0.0,0.0,0.0,0.0,0,
117,Randy McMichael,26,MIA,TE,16,16,0,0,0,0,0.0,0,1,0,0,0,0.0,0.0,0.0,0.0,0.0,0,
118,Lawyer Milloy,32,BUF,SS,16,16,1,0,0,0,4.0,0,0,1,0,0,1.0,107.0,75.0,32.0,4.0,0,
119,Mike Minter,31,CAR,FS,16,16,1,47,0,47,9.0,1,0,0,0,0,1.5,63.0,41.0,22.0,1.0,0,
120,Jeff Mitchell,31,CAR,C,16,16,0,0,0,0,0.0,0,0,0,0,0,0.0,1.0,0.0,1.0,0.0,0,
121,Kawika Mitchell,26,KAN,MLB,16,16,1,0,0,0,11.0,0,0,2,0,0,2.0,105.0,84.0,21.0,8.0,0,
122,Santana Moss,26,WAS,WR,16,16,0,0,0,0,0.0,0,3,1,0,0,0.0,0.0,0.0,0.0,0.0,0,"PB,AP-2"
123,Terence Newman,27,DAL,LCB,16,16,3,16,0,12,17.0,1,3,4,0,0,1.0,60.0,57.0,3.0,4.0,0,
124,Jonathan Ogden,31,BAL,LT,16,16,0,0,0,0,0.0,0,0,2,0,0,0.0,0.0,0.0,0.0,0.0,0,PB
125,Chike Okeafor,29,ARI,LDE,16,16,0,0,0,0,2.0,3,0,0,0,0,7.5,51.0,40.0,11.0,11.0,0,
126,Benji Olson,30,TEN,RG,16,16,0,0,0,0,,0,0,1,0,0,0.0,0.0,0.0,0.0,0.0,0,
127,Orlando Pace,30,STL,LT,16,16,0,0,0,0,,0,0,2,0,0,0.0,0.0,0.0,0.0,0.0,0,PB
128,Carson Palmer,26,CIN,QB,16,16,0,0,0,0,0.0,0,5,1,-2,0,0.0,0.0,0.0,0.0,0.0,0,"PB,AP MVP-5,AP OPoY-4"
129,Antwan Peek,26,HOU,ROLB,16,16,0,0,0,0,2.0,2,0,2,0,0,6.0,47.0,30.0,17.0,5.0,0,
130,Julius Peppers,25,CAR,LDE,16,16,0,0,0,0,7.0,2,0,1,10,0,10.5,50.0,38.0,12.0,13.0,0,PB
131,Mike Peterson,29,JAX,MLB,16,16,3,54,1,26,6.0,2,0,1,0,0,6.0,132.0,95.0,37.0,10.0,0,AP-2
132,Ryan Pickett,26,STL,LDT,16,16,0,0,0,0,3.0,0,0,0,0,0,2.0,65.0,47.0,18.0,14.0,0,
133,Jake Plummer,31,DEN,QB,16,16,0,0,0,0,0.0,0,4,1,-10,0,0.0,0.0,0.0,0.0,0.0,0,PB
134,Troy Polamalu,24,PIT,SS,16,16,2,42,0,36,8.0,1,0,2,78,1,3.0,92.0,74.0,18.0,7.0,0,"PB,AP-1,AP DPoY-3"
135,Marcus Pollard,33,DET,TE,16,16,0,0,0,0,0.0,0,1,0,0,0,0.0,1.0,1.0,0.0,0.0,0,
136,Joey Porter,28,PIT,ROLB,16,16,2,9,0,9,4.0,4,0,1,0,0,10.5,57.0,39.0,18.0,8.0,0,"PB,AP-2"
137,Clinton Portis,24,WAS,RB,16,16,0,0,0,0,0.0,0,3,2,0,0,0.0,0.0,0.0,0.0,0.0,0,
138,Trevor Pryce,30,DEN,RDE,16,16,0,0,0,0,3.0,1,0,0,0,0,4.0,33.0,31.0,2.0,9.0,0,
139,Shelton Quarles,34,TAM,MLB,16,16,0,0,0,0,2.0,4,0,1,0,0,1.0,134.0,104.0,30.0,6.0,1,
140,Cory Redding,25,DET,LDE,16,16,0,0,0,0,4.0,1,0,1,0,0,1.0,33.0,26.0,7.0,6.0,0,
141,Kerry Rhodes,23,NYJ,FS,16,16,1,0,0,0,7.0,1,0,0,0,0,1.0,106.0,86.0,20.0,1.0,0,
142,Dunta Robinson,23,HOU,RCB/LCB,16,16,1,1,0,1,10.0,1,0,1,0,0,1.0,88.0,69.0,19.0,2.0,0,
143,Samari Rolle,29,BAL,RCB,16,16,1,11,0,11,11.0,2,0,0,0,0,0.0,41.0,39.0,2.0,1.0,0,
144,Mark Roman,28,GNB,SS,16,16,2,18,0,12,8.0,0,0,2,0,0,0.0,90.0,70.0,20.0,2.0,0,
145,Orpheus Roye,32,CLE,LDE,16,16,0,0,0,0,4.0,0,0,1,0,0,3.0,88.0,65.0,23.0,9.0,0,
146,Jon Runyan,32,PHI,RT,16,16,0,0,0,0,0.0,0,0,2,1,0,0.0,0.0,0.0,0.0,0.0,0,
147,Brian Russell,27,CLE,FS,16,16,3,50,0,37,7.0,0,0,0,0,0,0.0,70.0,47.0,23.0,0.0,0,
148,Jeff Saturday,30,IND,C,16,16,0,0,0,0,0.0,0,0,2,0,0,0.0,0.0,0.0,0.0,0.0,0,"PB,AP-1"
149,Aaron Schobel,28,BUF,RDE,16,16,1,0,0,0,5.0,2,0,1,0,0,12.0,71.0,54.0,17.0,14.0,0,
150,Lance Schulters,30,MIA,FS,16,16,4,78,0,37,6.0,1,0,0,0,0,2.0,77.0,57.0,20.0,1.0,0,
151,Jake Scott,24,IND,RG,16,16,0,0,0,0,0.0,0,0,0,0,0,0.0,1.0,1.0,0.0,0.0,0,
152,Brian Simmons,30,CIN,RLB,16,16,2,15,0,16,7.0,3,1,0,0,0,4.0,84.0,52.0,32.0,4.0,0,
153,Barry Sims,31,OAK,LT,16,16,0,0,0,0,0.0,0,0,2,0,0,0.0,0.0,0.0,0.0,0.0,0,
154,Aaron Smith,29,PIT,LDE,16,16,1,0,0,0,3.0,1,0,1,0,0,2.0,45.0,32.0,13.0,9.0,0,
155,Daryl Smith,23,JAX,RLB,16,16,1,0,0,0,2.0,0,0,0,0,0,4.0,82.0,70.0,12.0,10.0,0,
156,Derek Smith,30,SFO,RILB/LILB,16,16,1,13,0,13,7.0,0,0,1,0,1,0.0,116.0,90.0,26.0,12.0,0,
157,Justin Smith,26,CIN,LDE,16,16,0,0,0,0,2.0,1,0,1,0,0,6.0,66.0,45.0,21.0,10.0,0,
158,L.J. Smith,25,PHI,TE,16,16,0,0,0,0,0.0,0,1,0,0,0,0.0,0.0,0.0,0.0,0.0,0,
159,Robaire Smith,28,HOU,RDE,16,16,0,0,0,0,4.0,0,0,1,3,0,1.5,68.0,43.0,25.0,10.0,0,
160,Rod Smith,35,DEN,WR,16,16,0,0,0,0,0.0,0,2,0,0,0,0.0,0.0,0.0,0.0,0.0,0,PB
161,Steve Smith Sr.,26,CAR,WR,16,16,0,0,0,0,0.0,0,2,2,5,0,0.0,0.0,0.0,0.0,0.0,0,"PB,AP-1,AP CPoY-1"
162,Chris Snee,23,NYG,RG,16,16,0,0,0,0,0.0,0,0,1,0,0,0.0,0.0,0.0,0.0,0.0,0,
163,Greg Spires,31,TAM,LDE,16,16,0,0,0,0,1.0,1,0,0,0,0,4.0,47.0,35.0,12.0,6.0,0,
164,Randy Starks,22,TEN,LDT,16,16,0,0,0,0,1.0,0,0,0,0,0,3.0,48.0,34.0,14.0,6.0,0,
165,Ron Stone,34,OAK,RG,16,16,0,0,0,0,0.0,0,0,2,0,0,0.0,0.0,0.0,0.0,0.0,0,
166,Michael Strahan,34,NYG,LDE,16,16,0,0,0,0,2.0,1,0,1,0,0,11.5,82.0,61.0,21.0,18.0,0,"PB,AP-2"
167,Marcus Stroud,27,JAX,LDT/RDT,16,16,0,0,0,0,5.0,1,0,0,0,0,1.0,43.0,32.0,11.0,6.0,0,"PB,AP DPoY-6"
168,Terrell Suggs,23,BAL,RDE,16,16,2,38,0,38,5.0,3,0,1,0,0,8.0,69.0,46.0,23.0,6.0,0,
169,Lofa Tatupu,23,SEA,MLB,16,16,3,55,1,38,10.0,0,0,1,0,0,4.0,105.0,85.0,20.0,9.0,0,"PB,AP DRoY-2"
170,Mark Tauscher,28,GNB,RT,16,16,0,0,0,0,0.0,0,0,1,0,0,0.0,1.0,1.0,0.0,0.0,0,
171,Ben Taylor,27,CLE,RILB,16,16,0,0,0,0,3.0,0,0,0,0,0,0.0,113.0,77.0,36.0,2.0,0,
172,Jason Taylor,31,MIA,RDE,16,16,0,0,0,0,10.0,4,0,2,85,1,12.0,73.0,52.0,21.0,12.0,1,PB
173,Trey Teague,31,BUF,C,16,16,0,0,0,0,,0,0,1,0,0,0.0,,,,,0,
174,Adalius Thomas,28,BAL,LLB,16,16,2,48,1,28,5.0,4,0,4,44,2,9.0,86.0,71.0,15.0,8.0,0,
175,Lamont Thompson,27,TEN,FS,16,16,1,0,0,0,3.0,1,0,0,0,0,1.0,81.0,62.0,19.0,2.0,0,
176,David Thornton,27,IND,LLB,16,16,0,0,0,0,1.0,2,0,0,0,0,2.0,83.0,61.0,22.0,1.0,0,
177,John Thornton,29,CIN,RDT,16,16,1,0,0,0,1.0,1,0,1,0,0,2.0,42.0,24.0,18.0,7.0,0,
178,Pisa Tinoisamoa,24,STL,LLB,16,16,2,35,0,20,9.0,1,0,0,0,0,1.5,94.0,71.0,23.0,7.0,0,
179,LaDainian Tomlinson,26,SDG,RB,16,16,0,0,0,0,0.0,0,3,1,0,0,0.0,0.0,0.0,0.0,0.0,0,"PB,AP-2"
180,Osi Umenyiora,24,NYG,RDE,16,16,0,0,0,0,3.0,4,0,2,0,0,14.5,71.0,49.0,22.0,13.0,0,"PB,AP-1,AP DPoY-4"
181,Brian Urlacher,27,CHI,MLB,16,16,0,0,0,0,5.0,1,0,0,0,0,6.0,122.0,98.0,24.0,17.0,0,"PB,AP-1,AP DPoY-1"
182,Kyle Vanden Bosch,27,TEN,LDE,16,16,0,0,0,0,1.0,4,0,1,0,0,12.5,66.0,41.0,25.0,14.0,0,"PB,AP CPoY-4"
183,Jonathan Vilma,23,NYJ,MLB,16,16,1,1,0,1,6.0,4,1,1,4,0,0.5,173.0,128.0,45.0,7.0,0,PB
184,Troy Vincent,35,BUF,FS,16,16,4,78,0,42,8.0,1,0,2,0,0,0.0,67.0,43.0,24.0,1.0,0,
185,Kimo von Oelhoffen,34,PIT,RDE,16,16,0,0,0,0,4.0,1,0,0,0,0,3.5,36.0,23.0,13.0,6.0,0,
186,Mike Vrabel,30,NWE,RILB,16,16,2,23,1,24,5.0,1,0,0,0,0,4.5,108.0,73.0,35.0,7.0,0,
187,Mike Wahle,28,CAR,LG,16,16,0,0,0,0,0.0,0,0,1,0,0,0.0,0.0,0.0,0.0,0.0,0,PB
188,DeMarcus Ware,23,DAL,ROLB,16,16,0,0,0,0,1.0,3,0,0,0,0,8.0,58.0,47.0,11.0,15.0,0,AP DRoY-4
189,Gerard Warren,27,DEN,RDT,16,16,0,0,0,0,3.0,1,0,0,0,0,3.0,19.0,14.0,5.0,3.0,0,
190,Ty Warren,24,NWE,LDE,16,16,0,0,0,0,1.0,0,0,1,5,0,1.5,68.0,40.0,28.0,6.0,0,
191,Marcus Washington,28,WAS,LLB,16,16,1,41,0,41,8.0,3,0,2,-1,0,7.5,94.0,74.0,20.0,11.0,0,
192,Ted Washington,37,OAK,LDT,16,16,0,0,0,0,2.0,1,0,0,0,0,0.0,48.0,38.0,10.0,3.0,0,
193,Brian Waters,28,KAN,LG,16,16,0,0,0,0,0.0,0,0,1,0,0,0.0,0.0,0.0,0.0,0.0,0,"PB,AP-1"
194,Reggie Wayne,27,IND,WR,16,16,0,0,0,0,0.0,0,1,1,0,0,0.0,0.0,0.0,0.0,0.0,0,
195,Greg Wesley,27,KAN,FS,16,16,6,106,0,51,8.0,1,0,0,0,0,0.0,83.0,66.0,17.0,1.0,0,
196,Vince Wilfork,24,NWE,NT,16,16,0,0,0,0,1.0,0,0,1,0,0,0.5,54.0,40.0,14.0,2.0,0,
197,Dan Wilkinson,32,DET,RDT,16,16,0,0,0,0,4.0,0,0,0,0,0,3.0,26.0,20.0,6.0,6.0,1,
198,Demorrio Williams,25,ATL,RLB,16,16,2,6,0,6,3.0,1,0,1,0,0,3.0,127.0,99.0,28.0,9.0,0,
199,Jamal Williams,29,SDG,NT,16,16,0,0,0,0,4.0,0,0,1,0,0,0.0,53.0,40.0,13.0,4.0,0,"PB,AP-1"
200,Maurice Williams,26,JAX,RT,16,16,0,0,0,0,0.0,0,0,1,0,0,0.0,0.0,0.0,0.0,0.0,0,
201,Pat Williams,33,MIN,LDT,16,16,0,0,0,0,1.0,1,0,1,0,0,1.5,67.0,42.0,25.0,7.0,0,
202,Roy Williams,25,DAL,SS,16,16,3,52,1,46,10.0,3,0,1,0,0,2.5,84.0,72.0,12.0,4.0,0,PB
203,Tank Williams,25,TEN,SS,16,16,1,1,0,1,5.0,0,0,1,5,0,0.0,78.0,58.0,20.0,4.0,0,
204,Adrian Wilson,26,ARI,SS,16,16,1,36,0,36,9.0,2,0,2,0,0,8.0,109.0,93.0,16.0,13.0,0,AP DPoY-4
205,Eugene Wilson,25,NWE,FS,16,16,1,0,0,0,7.0,0,0,1,0,0,0.0,68.0,44.0,24.0,0.0,0,
206,Gibril Wilson,24,NYG,SS,16,16,2,36,0,19,5.0,2,0,0,0,0,3.0,114.0,92.0,22.0,4.0,0,
207,Antoine Winfield,28,MIN,LCB,16,16,4,5,0,4,8.0,0,0,2,0,0,0.0,98.0,89.0,9.0,1.0,0,
208,Grant Wistrom,29,SEA,RDE,16,16,0,0,0,0,6.0,0,0,0,0,0,4.0,52.0,41.0,11.0,6.0,0,
209,Kenny Wright,28,JAX,RCB,16,16,2,4,0,4,6.0,0,0,0,0,0,0.0,64.0,55.0,9.0,0.0,0,
210,Brian Young,28,NOR,LDT,16,16,0,0,0,0,0.0,0,0,0,0,0,0.0,51.0,38.0,13.0,3.0,0,
211,John Abraham,27,NYJ,RDE,16,15,0,0,0,0,2.0,6,0,1,0,0,10.5,58.0,44.0,14.0,6.0,0,
212,Jared Allen,23,KAN,RDE,16,15,0,0,0,0,5.0,6,0,2,0,0,11.0,58.0,51.0,7.0,12.0,0,
213,Mark Bruener,33,HOU,TE,16,15,0,0,0,0,0.0,0,0,2,0,0,0.0,0.0,0.0,0.0,0.0,0,
214,Mark Brunell,35,WAS,QB,16,15,0,0,0,0,0.0,0,11,1,-17,0,0.0,0.0,0.0,0.0,0.0,0,AP CPoY-3
215,Antonio Bryant,24,CLE,WR,16,15,0,0,0,0,0.0,0,1,1,0,0,0.0,0.0,0.0,0.0,0.0,0,
216,Plaxico Burress,28,NYG,WR,16,15,0,0,0,0,0.0,0,1,0,0,0,0.0,0.0,0.0,0.0,0.0,0,
217,Jordan Carstens,24,CAR,RDT,16,15,0,0,0,0,1.0,1,0,0,0,0,4.0,36.0,24.0,12.0,3.0,0,
218,Luis Castillo,22,SDG,LDE,16,15,0,0,0,0,3.0,1,0,0,0,0,3.5,49.0,37.0,12.0,7.0,0,
219,Kendrick Clancy,27,NYG,LDT,16,15,0,0,0,0,0.0,2,0,1,0,0,2.0,39.0,32.0,7.0,10.0,0,
220,Danny Clark,28,OAK,MLB,16,15,0,0,0,0,7.0,0,0,0,0,0,1.0,113.0,82.0,31.0,6.0,0,
221,Keith Davis,27,DAL,FS,16,15,0,0,0,0,3.0,0,0,1,5,0,0.0,66.0,47.0,19.0,1.0,0,
222,Marques Douglas,28,SFO,RDE,16,15,0,0,0,0,2.0,1,0,2,0,0,1.0,58.0,44.0,14.0,2.0,0,
223,Bryce Fisher,28,SEA,LDE,16,15,0,0,0,0,8.0,2,0,0,0,0,9.0,47.0,34.0,13.0,7.0,0,
224,Gus Frerotte,34,MIA,QB,16,15,0,0,0,0,0.0,0,13,4,-36,0,0.0,,,,,0,
225,Justin Griffith,25,ATL,FB,16,15,0,0,0,0,0.0,0,1,0,0,0,0.0,0.0,0.0,0.0,0.0,0,
226,Casey Hampton,28,PIT,NT,16,15,0,0,0,0,0.0,0,0,0,0,0,0.0,44.0,27.0,17.0,5.0,0,PB
227,Anthony Hargrove,22,STL,RDE,16,15,0,0,0,0,0.0,0,0,2,0,0,6.5,,,,,0,
228,John Henderson,26,JAX,RDT,16,15,0,0,0,0,7.0,1,0,0,0,0,3.0,70.0,53.0,17.0,8.0,0,
229,Brandon Lloyd,24,SFO,WR,16,15,0,0,0,0,0.0,0,1,0,0,0,0.0,0.0,0.0,0.0,0.0,0,
230,David Macklin,27,ARI,RCB,16,15,2,79,1,60,17.0,0,0,0,0,0,0.0,61.0,53.0,8.0,1.0,0,
231,Marlon McCree,28,CAR,SS,16,15,3,73,0,46,10.0,0,0,1,4,0,0.0,88.0,74.0,14.0,2.0,0,
232,Willis McGahee,24,BUF,RB,16,15,0,0,0,0,0.0,0,1,0,0,0,0.0,0.0,0.0,0.0,0.0,0,
233,Heath Miller,23,PIT,TE,16,15,0,0,0,0,0.0,0,0,1,0,0,0.0,0.0,0.0,0.0,0.0,0,AP ORoY-2
234,Kirk Morrison,23,OAK,LLB,16,15,0,0,0,0,2.0,0,0,2,0,0,0.0,116.0,91.0,25.0,5.0,0,
235,Randy Moss,28,OAK,WR,16,15,0,0,0,0,0.0,0,0,1,0,0,0.0,0.0,0.0,0.0,0.0,0,
236,Michael Myers,29,DEN,LDT,16,15,0,0,0,0,2.0,0,0,1,0,0,1.0,31.0,25.0,6.0,5.0,0,
237,Lorenzo Neal,35,SDG,FB,16,15,0,0,0,0,0.0,0,0,1,0,0,0.0,1.0,1.0,0.0,0.0,0,"PB,AP-2"
238,Tommy Polley,27,BAL,MLB/RLB,16,15,0,0,0,0,3.0,0,0,1,2,0,4.0,97.0,73.0,24.0,5.0,0,
239,Jeff Posey,30,BUF,LLB,16,15,0,0,0,0,3.0,1,0,1,46,0,3.0,61.0,39.0,22.0,3.0,0,
240,Antwaan Randle El,26,PIT,WR,16,15,0,0,0,0,0.0,0,4,0,0,0,0.0,0.0,0.0,0.0,0.0,0,
241,James Reed,28,NYJ,LDT,16,15,0,0,0,0,0.0,0,0,2,33,1,2.0,65.0,44.0,21.0,7.0,0,
242,Darrion Scott,24,MIN,LDE/RDE,16,15,0,0,0,0,3.0,0,0,1,1,0,4.0,58.0,39.0,19.0,4.0,0,
243,Brandon Short,28,CAR,LLB,16,15,0,0,0,0,1.0,0,0,0,0,0,0.5,61.0,43.0,18.0,3.0,0,
244,Terrelle Smith,27,CLE,FB,16,15,0,0,0,0,0.0,0,0,1,0,0,0.0,0.0,0.0,0.0,0.0,0,
245,Ike Taylor,25,PIT,LCB,16,15,1,0,0,0,20.0,0,0,2,8,0,0.0,91.0,75.0,16.0,0.0,0,
246,Chaun Thompson,25,CLE,ROLB,16,15,0,0,0,0,3.0,2,0,1,0,0,5.0,84.0,63.0,21.0,10.0,0,
247,Odell Thurman,22,CIN,MLB,16,15,5,59,1,30,9.0,5,0,1,23,0,1.5,105.0,68.0,37.0,5.0,0,AP DRoY-3
248,Deshea Townsend,30,PIT,RCB,16,15,2,26,0,26,12.0,1,0,1,2,0,3.0,55.0,41.0,14.0,4.0,0,
249,Nathan Vasher,24,CHI,RCB,16,15,8,145,1,46,16.0,2,0,0,0,0,0.0,47.0,40.0,7.0,0.0,0,"PB,AP-2,AP DPoY-6"
250,Willie Whitehead,32,NOR,RDT,16,15,0,0,0,0,0.0,0,0,1,0,0,0.5,35.0,24.0,11.0,5.0,0,
251,Renaldo Wynn,31,WAS,LDE,16,15,0,0,0,0,1.0,0,0,1,0,0,0.5,31.0,25.0,6.0,3.0,0,
252,Bennie Anderson,28,BUF,LG,16,14,0,0,0,0,0.0,0,0,1,0,0,0.0,0.0,0.0,0.0,0.0,0,
253,Kendrell Bell,27,KAN,RLB,16,14,0,0,0,0,0.0,0,0,0,0,0,1.5,41.0,32.0,9.0,3.0,0,
254,Kyle Brady,33,JAX,TE,16,14,0,0,0,0,0.0,0,3,1,0,0,0.0,0.0,0.0,0.0,0.0,0,
255,Vernon Carey,24,MIA,RT,16,14,0,0,0,0,0.0,0,0,1,0,0,0.0,0.0,0.0,0.0,0.0,0,
256,Andre Carter,26,SFO,ROLB,16,14,0,0,0,0,2.0,0,0,0,0,0,4.5,44.0,35.0,9.0,9.0,0,
257,Lional Dalton,30,KAN,RDT,16,14,0,0,0,0,0.0,0,0,0,0,0,1.0,18.0,12.0,6.0,3.0,0,
258,Travis Daniels,23,MIA,LCB,16,14,1,4,0,4,14.0,0,0,1,0,0,0.0,62.0,47.0,15.0,3.0,0,
259,James Davis,26,DET,RLB,16,14,0,0,0,0,0.0,0,0,1,0,0,0.0,59.0,35.0,24.0,3.0,0,
260,Jason Fisk,33,CLE,NT,16,14,0,0,0,0,0.0,0,0,0,0,0,0.0,39.0,23.0,16.0,0.0,0,
261,Charles Grant,27,NOR,RDE,16,14,0,0,0,0,2.0,1,0,1,23,0,2.5,62.0,44.0,18.0,5.0,0,
262,Eric Hicks,29,KAN,LDE,16,14,0,0,0,0,2.0,2,0,0,0,0,4.0,44.0,36.0,8.0,6.0,0,
263,Keyshawn Johnson,33,DAL,WR,16,14,0,0,0,0,1.0,0,3,0,0,0,0.0,0.0,0.0,0.0,0.0,0,
264,Kyle Johnson,27,DEN,FB,16,14,0,0,0,0,0.0,0,0,0,0,0,0.0,4.0,3.0,1.0,0.0,0,
265,Rudi Johnson,26,CIN,RB,16,14,0,0,0,0,0.0,0,1,2,0,0,0.0,0.0,0.0,0.0,0.0,0,
266,Brad Kassell,25,TEN,MLB,16,14,1,21,1,21,4.0,1,0,3,0,0,0.0,78.0,54.0,24.0,3.0,0,
267,Ross Kolodziej,27,ARI,LDT,16,14,0,0,0,0,2.0,2,0,2,0,0,3.0,29.0,21.0,8.0,2.0,0,
268,Ryan Nece,26,TAM,LLB,16,14,0,0,0,0,0.0,0,0,0,0,0,2.0,74.0,46.0,28.0,6.0,0,
269,Seth Payne,30,HOU,NT,16,14,0,0,0,0,3.0,1,0,0,0,0,4.0,59.0,45.0,14.0,6.0,0,
270,Jerry Porter,27,OAK,WR,16,14,0,0,0,0,0.0,0,1,1,0,0,0.0,0.0,0.0,0.0,0.0,0,
271,Jerald Sowell,31,NYJ,FB,16,14,0,0,0,0,0.0,0,1,3,0,0,0.0,5.0,3.0,2.0,0.0,0,
272,D.J. Williams,23,DEN,LLB,16,14,0,0,0,0,3.0,2,0,0,0,0,0.0,57.0,41.0,16.0,2.0,0,
273,C.C. Brown,22,HOU,SS/FS,16,13,1,5,0,5,2.0,1,0,0,0,0,0.0,80.0,54.0,26.0,3.0,0,
274,Josh Bullocks,22,NOR,FS,16,13,1,51,0,51,6.0,0,0,0,0,0,0.0,67.0,53.0,14.0,1.0,0,
275,Channing Crowder,22,MIA,RLB,16,13,0,0,0,0,4.0,1,0,2,0,0,0.0,85.0,53.0,32.0,2.0,0,
276,Curtis DeLoatch,24,NYG,RCB,16,13,1,20,0,20,13.0,1,0,0,0,0,0.0,58.0,48.0,10.0,1.0,0,
277,Greg Ellis,30,DAL,RDE,16,13,0,0,0,0,6.0,2,0,2,37,0,8.0,35.0,25.0,10.0,5.0,0,
278,Jim Finn,29,NYG,FB,16,13,0,0,0,0,0.0,0,1,0,0,0,0.0,,,,,0,
279,Dwight Freeney,25,IND,RDE,16,13,0,0,0,0,3.0,6,0,0,0,0,11.0,42.0,36.0,6.0,12.0,0,"PB,AP-1,AP DPoY-2"
280,La'Roi Glover,31,DAL,NT,16,13,0,0,0,0,0.0,1,0,0,0,0,3.0,28.0,23.0,5.0,4.0,0,PB
281,Renaldo Hill,27,OAK,DB,16,13,1,0,0,0,5.0,0,0,0,0,0,0.0,89.0,75.0,14.0,4.0,0,
282,Stuart Schweigert,24,OAK,FS,16,13,2,35,0,33,9.0,2,0,3,3,0,0.0,89.0,72.0,17.0,0.0,0,
283,Bryan Scott,24,ATL,FS,16,13,1,15,0,15,7.0,0,0,1,0,0,1.0,67.0,54.0,13.0,2.0,0,
284,Donte' Stallworth,25,NOR,WR,16,13,0,0,0,0,0.0,0,1,0,0,0,0.0,0.0,0.0,0.0,0.0,0,
285,Travis Taylor,27,MIN,WR,16,13,0,0,0,0,0.0,0,1,0,0,0,0.0,0.0,0.0,0.0,0.0,0,
286,Tim Anderson,25,BUF,RDT,16,12,0,0,0,0,4.0,0,0,0,0,0,1.0,42.0,26.0,16.0,5.0,0,
287,John Browning,32,KAN,LDT,16,12,0,0,0,0,4.0,1,0,0,0,0,2.0,35.0,31.0,4.0,4.0,0,
288,Derrick Burgess,27,OAK,RDE,16,12,0,0,0,0,0.0,3,0,2,0,0,16.0,58.0,52.0,6.0,13.0,0,"PB,AP-2"
289,Deke Cooper,28,JAX,SS,16,12,1,0,0,0,5.0,0,0,1,0,0,0.0,58.0,48.0,10.0,0.0,0,
290,Bryan Fletcher,26,IND,TE,16,12,0,0,0,0,0.0,0,0,0,0,0,0.0,3.0,1.0,2.0,0.0,0,
291,Nick Greisen,26,NYG,RLB,16,12,0,0,0,0,4.0,3,0,3,28,0,1.0,88.0,67.0,21.0,9.0,0,
292,Orlando Huff,27,ARI,RLB,16,12,1,3,0,3,3.0,1,0,0,0,0,1.0,70.0,50.0,20.0,11.0,0,
293,Cullen Jenkins,24,GNB,RDT,16,12,0,0,0,0,5.0,0,0,1,-2,0,3.0,37.0,23.0,14.0,5.0,0,
294,Jarret Johnson,24,BAL,LDE,16,12,0,0,0,0,3.0,1,0,0,0,0,1.5,38.0,26.0,12.0,6.0,0,
295,Joe Jurevicius,31,SEA,WR,16,12,0,0,0,0,0.0,0,1,0,0,0,0.0,0.0,0.0,0.0,0.0,0,
296,Tommy Kelly,25,OAK,RDE,16,12,0,0,0,0,1.0,3,0,0,0,0,4.5,47.0,37.0,10.0,7.0,0,
297,Paris Lenon,28,GNB,LLB/RLB,16,12,0,0,0,0,6.0,1,0,0,0,0,1.5,65.0,37.0,28.0,2.0,0,
298,Shantee Orr,24,HOU,LOLB,16,12,0,0,0,0,2.0,4,0,0,0,0,7.0,50.0,38.0,12.0,6.0,0,
299,Mike Rosenthal,28,MIN,RT,16,12,0,0,0,0,0.0,0,0,0,0,0,0.0,1.0,0.0,1.0,0.0,0,
300,Hollis Thomas,31,PHI,LDT,16,12,0,0,0,0,3.0,0,0,0,0,0,0.0,35.0,27.0,8.0,1.0,0,
301,Akin Ayodele,26,JAX,LLB,16,11,0,0,0,0,1.0,4,0,1,0,0,2.5,72.0,56.0,16.0,4.0,0,
302,Michael Boley,23,ATL,LLB,16,11,0,0,0,0,5.0,1,0,0,0,0,0.0,64.0,43.0,21.0,3.0,0,
303,Reggie Brown,24,PHI,WR,16,11,0,0,0,0,0.0,0,1,0,0,0,0.0,1.0,1.0,0.0,0.0,0,AP ORoY-2
304,Rosevelt Colvin,28,NWE,ROLB,16,11,0,0,0,0,2.0,2,0,1,0,0,7.0,61.0,41.0,20.0,12.0,0,
305,Mike Furrey,28,STL,FS,16,11,4,143,1,67,8.0,0,0,3,0,0,0.0,58.0,48.0,10.0,1.0,0,
306,Jeremi Johnson,25,CIN,FB,16,11,0,0,0,0,0.0,0,2,1,0,0,0.0,0.0,0.0,0.0,0.0,0,
307,Marquand Manuel,26,SEA,FS,16,11,0,0,0,0,2.0,1,0,1,0,0,0.0,72.0,59.0,13.0,2.0,0,
308,R.W. McQuarters,29,DET,RCB/LCB,16,11,2,25,0,19,10.0,0,2,1,0,0,0.0,60.0,49.0,11.0,0.0,0,
309,Josh Parry,27,PHI,FB,16,11,0,0,0,0,0.0,0,0,1,0,0,0.0,0.0,0.0,0.0,0.0,0,
310,DaShon Polk,28,HOU,LILB,16,11,0,0,0,0,1.0,1,0,0,0,0,3.5,94.0,64.0,30.0,3.0,0,
311,Daimon Shelton,33,BUF,FB,16,11,0,0,0,0,0.0,0,1,0,0,0,0.0,3.0,0.0,3.0,0.0,0,
312,Jerramy Stevens,26,SEA,TE,16,11,0,0,0,0,0.0,0,0,2,0,0,0.0,0.0,0.0,0.0,0.0,0,
313,Fred Thomas,32,NOR,RCB,16,11,2,4,0,4,11.0,0,0,2,0,0,3.0,80.0,61.0,19.0,6.0,0,
314,Fabian Washington,22,OAK,RCB,16,11,0,0,0,0,5.0,0,0,1,0,0,0.0,43.0,40.0,3.0,0.0,0,
315,Jarrod Cooper,27,OAK,SS,16,10,0,0,0,0,2.0,2,0,2,0,1,0.5,56.0,42.0,14.0,3.0,0,
316,Zack Crockett,33,OAK,FB,16,10,0,0,0,0,0.0,0,1,1,0,0,0.0,0.0,0.0,0.0,0.0,0,
317,Landon Johnson,24,CIN,LLB,16,10,0,0,0,0,2.0,1,0,0,0,0,0.0,87.0,61.0,26.0,7.0,0,
318,Brandon Moore,26,SFO,LILB,16,10,1,12,0,12,4.0,0,1,1,9,0,5.0,72.0,51.0,21.0,4.0,0,
319,Jason Peters,23,BUF,RT,16,10,0,0,0,0,0.0,0,0,0,0,0,0.0,4.0,2.0,2.0,0.0,0,
320,Bart Scott,25,BAL,RLB,16,10,0,0,0,0,1.0,2,0,2,11,0,4.0,94.0,64.0,30.0,8.0,0,
321,Marcus Spears,22,DAL,LDE,16,10,0,0,0,0,1.0,0,0,1,59,0,1.5,31.0,19.0,12.0,1.0,0,
322,Travares Tillman,28,MIA,SS,16,10,3,38,0,22,5.0,0,0,1,0,0,0.0,59.0,37.0,22.0,0.0,0,
323,Torrin Tucker,26,DAL,LT,16,10,0,0,0,0,0.0,0,0,1,0,0,0.0,0.0,0.0,0.0,0.0,0,
324,Scott Wells,24,GNB,LG,16,10,0,0,0,0,0.0,0,1,2,-20,0,0.0,0.0,0.0,0.0,0.0,0,
325,Adam Bergen,22,ARI,TE,16,9,0,0,0,0,0.0,0,0,1,0,0,0.0,0.0,0.0,0.0,0.0,0,
326,Kevin Curtis,27,STL,WR,16,9,0,0,0,0,0.0,0,2,0,0,0,0.0,0.0,0.0,0.0,0.0,0,
327,Eric Edwards,25,ARI,TE,16,9,0,0,0,0,0.0,0,0,0,0,0,0.0,1.0,0.0,1.0,0.0,0,
328,Larry Johnson,26,KAN,RB,16,9,0,0,0,0,0.0,0,5,3,0,0,0.0,0.0,0.0,0.0,0.0,0,"PB,AP-2"
329,Ronald McKinnon,32,NOR,MLB,16,9,0,0,0,0,1.0,0,0,0,0,0,0.0,78.0,61.0,17.0,4.0,0,
330,Antwan Odom,24,TEN,RDE,16,9,0,0,0,0,1.0,1,0,2,52,2,2.0,31.0,18.0,13.0,4.0,0,
331,Will Smith,24,NOR,LDE,16,9,0,0,0,0,6.0,2,0,1,-2,0,8.5,60.0,48.0,12.0,10.0,0,
332,Donnie Spragan,29,MIA,LLB,16,9,1,0,0,0,3.0,1,0,0,0,0,1.0,53.0,38.0,15.0,2.0,0,
333,Brad Badger,30,OAK,LG,16,8,0,0,0,0,0.0,0,0,2,0,0,0.0,0.0,0.0,0.0,0.0,0,
334,Scott Fujita,26,DAL,LOLB,16,8,0,0,0,0,1.0,2,0,0,0,0,2.0,54.0,44.0,10.0,3.0,0,
335,William Henderson,34,GNB,FB,16,8,0,0,0,0,0.0,0,1,0,0,0,0.0,11.0,7.0,4.0,0.0,0,
336,Ellis Hobbs,22,NWE,RCB,16,8,3,8,0,8,12.0,0,1,2,7,0,0.0,44.0,35.0,9.0,2.0,0,
337,Justin Miller,21,NYJ,RCB,16,8,0,0,0,0,2.0,0,3,0,0,0,0.0,42.0,33.0,9.0,0.0,0,
338,Mewelde Moore,23,MIN,RB,16,8,0,0,0,0,0.0,0,2,2,0,0,0.0,1.0,0.0,1.0,0.0,0,
339,Adam Snyder,23,SFO,LT,16,8,0,0,0,0,0.0,0,0,2,0,0,0.0,0.0,0.0,0.0,0.0,0,
340,Roddy White,24,ATL,WR,16,8,0,0,0,0,0.0,0,1,0,0,0,0.0,3.0,2.0,1.0,0.0,0,
341,Ernest Wilford,26,JAX,WR,16,8,0,0,0,0,0.0,0,0,0,0,0,0.0,1.0,1.0,0.0,0.0,0,
342,Justin Bannan,26,BUF,LDT,16,7,0,0,0,0,0.0,0,0,0,0,0,1.5,40.0,23.0,17.0,4.0,0,
343,Rocky Bernard,26,SEA,RDT,16,7,0,0,0,0,3.0,0,0,2,5,0,8.5,52.0,43.0,9.0,16.0,0,
344,Brandon Chillar,23,STL,RLB,16,7,0,0,0,0,1.0,1,0,1,8,0,0.0,58.0,49.0,9.0,2.0,0,
345,Lorenzo Diamond,26,MIA,TE,16,7,0,0,0,0,0.0,0,0,0,0,0,0.0,1.0,0.0,1.0,0.0,0,
346,Brian Finneran,29,ATL,WR,16,7,0,0,0,0,0.0,0,0,0,0,0,0.0,4.0,4.0,0.0,0.0,0,
347,Domonique Foxworth,22,DEN,RCB,16,7,2,23,0,23,16.0,1,0,2,9,0,0.0,71.0,65.0,6.0,0.0,0,
348,Aaron Glenn,33,DAL,RCB,16,7,4,10,0,10,13.0,0,0,0,0,0,0.0,32.0,29.0,3.0,0.0,0,
349,Madison Hedgecock,24,STL,FB,16,7,0,0,0,0,0.0,0,0,0,0,0,0.0,14.0,10.0,4.0,0.0,0,
350,Doug Jolley,26,NYJ,TE,16,7,0,0,0,0,0.0,0,1,0,0,0,0.0,0.0,0.0,0.0,0.0,0,
351,Damione Lewis,27,STL,RDT,16,7,0,0,0,0,1.0,0,0,1,0,0,1.0,36.0,29.0,7.0,9.0,0,
352,Dennis Northcutt,28,CLE,WR,16,7,0,0,0,0,0.0,0,0,0,0,0,0.0,2.0,2.0,0.0,0.0,0,
353,Mike Patterson,22,PHI,RDT,16,7,0,0,0,0,0.0,1,0,0,0,0,3.5,45.0,38.0,7.0,11.0,0,
354,Antowain Smith,33,NOR,RB,16,7,0,0,0,0,0.0,0,2,0,0,0,0.0,0.0,0.0,0.0,0.0,0,
355,Reggie Williams,22,JAX,WR,16,7,0,0,0,0,0.0,0,2,0,0,0,0.0,,,,,0,
356,Jonathan Babineaux,24,ATL,RDE,16,6,0,0,0,0,1.0,0,0,1,0,0,0.5,31.0,24.0,7.0,5.0,0,
357,Michael Bennett,27,MIN,RB,16,6,0,0,0,0,0.0,0,5,2,0,0,0.0,0.0,0.0,0.0,0.0,0,
358,Corey Bradford,30,HOU,WR,16,6,0,0,0,0,0.0,0,0,0,0,0,0.0,1.0,1.0,0.0,0.0,0,
359,Chris Hetherington,33,SFO,FB,16,6,0,0,0,0,0.0,0,0,0,0,0,0.0,6.0,4.0,2.0,0.0,0,
360,Roderick Hood,24,PHI,RCB,16,6,3,17,0,17,15.0,0,1,0,0,0,0.0,42.0,40.0,2.0,1.0,0,
361,Josh Reed,25,BUF,WR,16,6,0,0,0,0,0.0,0,0,0,0,0,0.0,1.0,1.0,0.0,0.0,0,
362,Fred Robbins,28,NYG,RDT,16,6,0,0,0,0,1.0,0,0,1,0,0,1.5,26.0,17.0,9.0,5.0,0,
363,Raonall Smith,27,MIN,LLB,16,6,0,0,0,0,1.0,0,0,2,0,0,1.0,35.0,28.0,7.0,3.0,0,
364,Jacques Cesaire,25,SDG,RDE,16,5,0,0,0,0,0.0,0,0,0,0,0,1.0,25.0,17.0,8.0,2.0,0,
365,Terry Cousin,30,JAX,CB,16,5,4,18,0,14,8.0,0,0,1,0,0,0.5,47.0,40.0,7.0,1.0,0,
366,Chauncey Davis,22,ATL,RDE,16,5,0,0,0,0,0.0,0,0,2,24,1,1.0,28.0,21.0,7.0,4.0,0,
367,Trev Faulk,24,STL,MLB,16,5,0,0,0,0,0.0,1,0,0,0,0,0.0,42.0,35.0,7.0,2.0,0,
368,Jason Ferguson,31,DAL,NT,16,5,0,0,0,0,1.0,0,0,1,0,0,1.0,37.0,27.0,10.0,3.0,0,
369,Ryan Hannam,25,SEA,TE,16,5,0,0,0,0,0.0,0,0,0,0,0,0.0,1.0,1.0,0.0,0.0,0,
370,Clinton Hart,28,SDG,SS,16,5,1,110,2,70,6.0,1,0,2,-1,0,0.0,46.0,34.0,12.0,0.0,0,
371,Ronnie Heard,29,ATL,FS,16,5,0,0,0,0,1.0,0,0,1,0,0,0.0,29.0,26.0,3.0,1.0,0,
372,Corey Ivy,28,STL,CB,16,5,1,19,0,19,5.0,1,0,0,0,0,2.0,70.0,63.0,7.0,9.0,0,
373,Kenard Lang,30,CLE,LOLB,16,5,0,0,0,0,2.0,0,0,0,0,0,2.0,41.0,28.0,13.0,6.0,0,
374,Vonta Leach,24,GNB,FB,16,5,0,0,0,0,0.0,0,0,2,0,0,0.0,4.0,1.0,3.0,0.0,0,
375,Moran Norris,27,HOU,FB,16,5,0,0,0,0,0.0,0,0,0,0,0,0.0,8.0,6.0,2.0,0.0,0,
376,Wali Rainer,28,DET,LLB,16,5,0,0,0,0,0.0,0,0,0,0,0,0.0,49.0,39.0,10.0,1.0,0,
377,Marcellus Rivers,27,HOU,TE,16,5,0,0,0,0,0.0,0,0,1,0,0,0.0,6.0,6.0,0.0,0.0,0,
378,Jordan Babineaux,23,SEA,DB,16,4,3,56,0,25,8.0,1,0,1,0,0,0.0,75.0,62.0,13.0,3.0,0,
379,Colin Cole,25,GNB,DT,16,4,0,0,0,0,1.0,0,0,0,0,0,2.0,39.0,24.0,15.0,4.0,0,
380,Jason Craft,29,NOR,DB,16,4,3,63,0,39,5.0,2,0,0,0,0,1.0,38.0,34.0,4.0,2.0,0,
381,Sammy Davis,25,SDG,DB,16,4,0,0,0,0,3.0,1,0,0,0,0,1.0,28.0,25.0,3.0,2.0,0,
382,Darnell Dinkins,28,BAL,TE,16,4,0,0,0,0,0.0,0,0,1,0,0,0.0,10.0,9.0,1.0,0.0,0,
383,Ebenezer Ekuban,29,DEN,DE,16,4,0,0,0,0,3.0,0,0,1,0,0,4.0,27.0,19.0,8.0,4.0,0,
384,Tank Johnson,24,CHI,DT,16,4,0,0,0,0,3.0,0,0,0,0,0,5.0,34.0,27.0,7.0,9.0,0,
385,Lance Legree,28,NYJ,DT,16,4,0,0,0,0,0.0,0,0,0,0,0,3.0,29.0,21.0,8.0,5.0,0,
386,Keith Lewis,24,SFO,DB,16,4,1,2,0,2,3.0,0,0,0,0,0,0.0,31.0,21.0,10.0,0.0,0,
387,Justin Peelle,26,SDG,TE,16,4,0,0,0,0,0.0,0,0,0,0,0,0.0,2.0,2.0,0.0,0.0,0,
388,Michael Pittman,30,TAM,RB,16,4,0,0,0,0,0.0,0,1,1,0,0,0.0,0.0,0.0,0.0,0.0,0,
389,Jeb Putzier,26,DEN,TE,16,4,0,0,0,0,0.0,0,1,1,0,0,0.0,0.0,0.0,0.0,0.0,0,
390,Deion Sanders,38,BAL,DB,16,4,2,57,0,33,5.0,0,1,0,0,0,0.0,30.0,27.0,3.0,1.0,0,
391,Bryan Thomas,26,NYJ,DE,16,4,0,0,0,0,2.0,0,0,0,0,0,3.5,37.0,24.0,13.0,5.0,0,
392,Bracy Walker,35,DET,DB,16,4,1,22,0,22,2.0,0,0,0,0,0,0.0,37.0,26.0,11.0,1.0,0,
393,Randal Williams,27,OAK,WR,16,4,0,0,0,0,0.0,0,0,0,0,0,0.0,11.0,8.0,3.0,0.0,0,
394,Todd Bouman,33,NOR,QB,16,3,0,0,0,0,0.0,0,4,0,0,0,0.0,,,,,0,
395,Tyler Brayton,26,OAK,DE,16,3,0,0,0,0,0.0,1,0,0,0,0,1.0,22.0,20.0,2.0,0.0,0,
396,Chris Draft,29,CAR,LB,16,3,0,0,0,0,1.0,1,0,2,0,0,2.0,53.0,44.0,9.0,7.0,0,
397,Demetric Evans,26,WAS,DE,16,3,0,0,0,0,2.0,0,0,1,0,0,3.0,22.0,17.0,5.0,3.0,0,
398,Michael Green,29,CHI,DB,16,3,1,14,0,14,4.0,2,0,1,0,0,0.0,41.0,33.0,8.0,0.0,0,
399,James Harrison,27,PIT,LB,16,3,1,25,0,25,3.0,0,0,1,0,0,3.0,57.0,43.0,14.0,9.0,0,
400,Ricky Manning,25,CAR,DB,16,3,2,20,0,10,6.0,1,0,3,11,1,0.0,42.0,34.0,8.0,3.0,0,
401,Keiwan Ratliff,24,CIN,DB,16,3,3,52,0,35,3.0,1,0,1,0,0,0.0,46.0,40.0,6.0,4.0,0,
402,Gabe Reid,28,CHI,TE,16,3,0,0,0,0,0.0,0,0,0,0,0,0.0,6.0,6.0,0.0,0.0,0,
403,Benny Sapp,24,KAN,DB,16,3,0,0,0,0,5.0,2,0,0,0,0,2.5,41.0,35.0,6.0,3.0,0,
404,Chad Williams,26,BAL,DB,16,3,1,14,0,14,4.0,2,0,0,0,0,1.5,48.0,43.0,5.0,4.0,0,
405,Jeff Zgonina,35,MIA,DT,16,3,0,0,0,0,2.0,0,0,1,0,0,2.0,43.0,23.0,20.0,3.0,0,
406,Charlie Adams,26,DEN,WR,16,2,0,0,0,0,0.0,0,4,0,0,0,0.0,1.0,1.0,0.0,0.0,0,
407,Sam Aiken,25,BUF,WR,16,2,0,0,0,0,0.0,0,0,1,0,0,0.0,18.0,13.0,5.0,0.0,0,
408,Obafemi Ayanbadejo,30,ARI,RB,16,2,0,0,0,0,0.0,0,1,0,0,0,0.0,10.0,8.0,2.0,0.0,0,
409,Chris Bober,29,KAN,C,16,2,0,0,0,0,,0,0,1,0,0,0.0,0.0,0.0,0.0,0.0,0,
410,Juran Bolden,31,TAM,DB,16,2,2,46,0,28,7.0,0,0,0,0,0,0.0,42.0,35.0,7.0,0.0,0,
411,Shawn Bryson,29,DET,RB,16,2,0,0,0,0,0.0,0,1,1,0,0,0.0,5.0,4.0,1.0,0.0,0,
412,Reche Caldwell,26,SDG,WR,16,2,0,0,0,0,0.0,0,2,0,0,0,0.0,1.0,1.0,0.0,0.0,0,
413,Chris Canty,23,DAL,DE,16,2,0,0,0,0,0.0,1,0,0,0,0,2.5,36.0,24.0,12.0,6.0,0,
414,Shaun Cody,22,DET,DT,16,2,0,0,0,0,0.0,1,0,1,0,0,1.5,28.0,17.0,11.0,4.0,0,
415,Stephen Cooper,26,SDG,LB,16,2,0,0,0,0,0.0,0,0,0,0,0,1.5,39.0,29.0,10.0,1.0,0,
416,Kalimba Edwards,26,DET,DE,16,2,0,0,0,0,2.0,2,0,3,10,0,7.0,32.0,25.0,7.0,7.0,0,
417,Jabari Greer,23,BUF,DB,16,2,0,0,0,0,3.0,0,0,0,0,0,1.0,35.0,26.0,9.0,2.0,0,
418,Dante Hall,27,KAN,WR,16,2,0,0,0,0,0.0,0,5,2,0,0,0.0,1.0,1.0,0.0,0.0,0,
419,Tyoka Jackson,34,STL,DT,16,2,0,0,0,0,0.0,0,0,0,0,0,2.5,22.0,18.0,4.0,4.0,0,
420,Clint Kriewaldt,29,PIT,LB,16,2,0,0,0,0,1.0,0,0,0,0,0,0.0,37.0,30.0,7.0,1.0,0,
421,Shaun McDonald,24,STL,WR,16,2,0,0,0,0,0.0,0,1,0,0,0,0.0,1.0,1.0,0.0,0.0,0,
422,Rob Meier,28,JAX,DT,16,2,0,0,0,0,0.0,1,0,1,0,0,6.0,35.0,29.0,6.0,9.0,0,
423,Maurice Morris,26,SEA,RB,16,2,0,0,0,0,0.0,0,0,1,-1,0,0.0,8.0,6.0,2.0,0.0,0,
424,Sammy Morris,28,MIA,RB,16,2,0,0,0,0,0.0,0,0,0,0,0,0.0,18.0,12.0,6.0,0.0,0,
425,Richard Owens,25,MIN,TE,16,2,0,0,0,0,0.0,0,0,1,0,0,0.0,19.0,13.0,6.0,0.0,0,
426,Artose Pinner,27,DET,RB,16,2,0,0,0,0,0.0,0,0,0,0,0,0.0,3.0,3.0,0.0,0.0,0,
427,Sam Rayburn,25,PHI,DT,16,2,0,0,0,0,0.0,0,0,1,0,0,1.0,32.0,26.0,6.0,5.0,0,
428,Gerome Sapp,24,IND,DB,16,2,0,0,0,0,0.0,0,0,0,0,0,0.0,38.0,29.0,9.0,0.0,0,
429,Gerald Sensabaugh,22,JAX,DB,16,2,0,0,0,0,1.0,0,0,1,0,0,0.0,24.0,19.0,5.0,0.0,0,
430,Derrick Strait,25,NYJ,DB,16,2,0,0,0,0,0.0,0,0,1,0,0,0.0,49.0,39.0,10.0,2.0,0,
431,Al Wallace,31,CAR,DE,16,2,2,38,0,38,3.0,1,0,1,6,0,5.0,25.0,20.0,5.0,4.0,0,
432,Kevin Walter,24,CIN,WR,16,2,0,0,0,0,0.0,0,0,0,0,0,0.0,16.0,10.0,6.0,0.0,0,
433,Jimmy Wilkerson,24,KAN,DE,16,2,0,0,0,0,2.0,0,0,1,0,0,0.0,22.0,20.0,2.0,2.0,0,
434,Alfonso Boone,29,CHI,DT,16,1,0,0,0,0,2.0,0,0,0,0,0,1.5,18.0,12.0,6.0,2.0,0,
435,Tony Bryant,29,NOR,DE,16,1,0,0,0,0,4.0,0,0,1,5,0,4.0,26.0,18.0,8.0,6.0,0,
436,James Butler,23,NYG,DB,16,1,2,16,0,16,5.0,0,1,1,5,0,0.0,35.0,30.0,5.0,0.0,0,
437,Jerricho Cotchery,23,NYJ,WR,16,1,0,0,0,0,0.0,0,2,1,0,0,0.0,9.0,9.0,0.0,0.0,0,
438,Rod Davis,24,MIN,LB,16,1,0,0,0,0,0.0,1,0,0,0,0,0.0,21.0,15.0,6.0,0.0,0,
439,Thomas Davis,22,CAR,LB,16,1,0,0,0,0,0.0,2,0,0,0,0,1.5,40.0,33.0,7.0,3.0,0,
440,Tim Dwight,30,NWE,WR,16,1,0,0,0,0,0.0,0,1,1,0,0,0.0,0.0,0.0,0.0,0.0,0,
441,Marshall Faulk,32,STL,RB,16,1,0,0,0,0,0.0,0,2,1,0,0,0.0,0.0,0.0,0.0,0.0,0,
442,Barry Gardner,29,NYJ,LB,16,1,0,0,0,0,0.0,1,0,0,0,0,0.0,18.0,13.0,5.0,0.0,0,
443,Nick Goings,27,CAR,RB,16,1,0,0,0,0,0.0,0,1,0,0,0,0.0,7.0,7.0,0.0,0.0,0,
444,Brandon Green,25,STL,DE,16,1,0,0,0,0,1.0,1,0,0,0,0,3.0,32.0,27.0,5.0,5.0,0,
445,Travis Hall,33,SFO,DE,16,1,0,0,0,0,1.0,2,0,0,0,0,0.5,20.0,14.0,6.0,2.0,0,
446,Quentin Harris,28,ARI,DB,16,1,0,0,0,0,3.0,0,0,2,0,0,0.0,40.0,31.0,9.0,0.0,0,
447,Matt Jones,22,JAX,WR,16,1,0,0,0,0,0.0,0,2,2,0,0,0.0,0.0,0.0,0.0,0.0,0,
448,Eric King,23,BUF,DB,16,1,0,0,0,0,4.0,0,0,0,0,0,0.0,29.0,27.0,2.0,1.0,0,
449,Rien Long,24,TEN,DT,16,1,0,0,0,0,1.0,1,0,0,0,0,3.5,34.0,26.0,8.0,4.0,0,
450,Omare Lowe,27,ATL,DB,16,1,0,0,0,0,1.0,0,0,0,0,0,0.0,20.0,18.0,2.0,0.0,0,
451,Bobby McCray,24,JAX,DE,16,1,0,0,0,0,1.0,3,0,1,0,0,5.5,17.0,13.0,4.0,6.0,0,
452,Juqua Parker,27,PHI,DE,16,1,0,0,0,0,2.0,0,0,1,16,0,0.0,24.0,19.0,5.0,2.0,0,
453,Willie Pile,25,DAL,DB,16,1,0,0,0,0,0.0,0,0,0,0,0,0.0,31.0,22.0,9.0,0.0,0,
454,Matt Schaub,24,ATL,QB,16,1,0,0,0,0,0.0,0,1,0,0,0,0.0,,,,,0,
455,Matt Schobel,27,CIN,TE,16,1,0,0,0,0,0.0,0,1,0,0,0,0.0,1.0,1.0,0.0,0.0,0,
456,Isaac Sopoaga,24,SFO,NT,16,1,0,0,0,0,1.0,0,0,0,0,0,0.0,22.0,16.0,6.0,3.0,0,
457,Barry Stokes,32,ATL,TE,16,1,0,0,0,0,,0,0,1,0,0,0.0,0.0,0.0,0.0,0.0,0,
458,Michael Waddell,24,TEN,DB,16,1,0,0,0,0,2.0,0,0,0,0,0,0.5,33.0,24.0,9.0,1.0,0,
459,Dewayne Washington,33,KAN,DB,16,1,0,0,0,0,2.0,1,0,1,0,0,0.0,14.0,13.0,1.0,0.0,0,
460,Wes Welker,24,MIA,WR,16,1,0,0,0,0,0.0,0,5,4,0,0,0.0,0.0,0.0,0.0,0.0,0,
461,Dewayne White,26,TAM,DE,16,1,0,0,0,0,2.0,2,0,3,52,1,3.0,36.0,31.0,5.0,7.0,0,
462,Cedrick Wilson,27,PIT,WR,16,1,0,0,0,0,0.0,0,1,1,0,0,0.0,0.0,0.0,0.0,0.0,0,
463,Ellis Wyms,26,TAM,DE,16,1,0,0,0,0,1.0,1,0,1,0,0,2.0,17.0,12.0,5.0,1.0,0,
464,Ethan Albright,34,WAS,LS,16,0,0,0,0,0,0.0,0,0,0,0,0,0.0,4.0,3.0,1.0,0.0,0,
465,Charlie Anderson,24,HOU,LB,16,0,0,0,0,0,2.0,0,0,1,0,0,1.0,18.0,14.0,4.0,4.0,0,
466,Brendon Ayanbadejo,29,CHI,LB,16,0,0,0,0,0,0.0,1,0,1,0,0,0.0,27.0,22.0,5.0,0.0,0,
467,Jason Baker,27,CAR,P,16,0,0,0,0,0,0.0,0,0,0,0,0,0.0,2.0,2.0,0.0,0.0,0,
468,William Bartee,28,KAN,DB,16,0,0,0,0,0,0.0,0,0,0,0,0,0.0,5.0,4.0,1.0,0.0,0,
469,Mike Bartrum,35,PHI,LS,16,0,0,0,0,0,0.0,0,0,0,0,0,0.0,3.0,3.0,0.0,0.0,0,PB
470,Jason Bell,27,HOU,DB,16,0,0,0,0,0,4.0,1,0,0,0,0,0.0,12.0,11.0,1.0,0.0,0,
471,Yeremiah Bell,27,MIA,DB,16,0,1,0,0,0,3.0,1,0,2,12,0,3.0,35.0,21.0,14.0,2.0,0,
472,Mitch Berger,33,NOR,P,16,0,0,0,0,0,0.0,0,0,0,0,0,0.0,1.0,1.0,0.0,0.0,0,
473,David Binn,33,SDG,LS,16,0,0,0,0,0,0.0,0,0,0,0,0,0.0,1.0,1.0,0.0,0.0,0,
474,Rob Bironas,27,TEN,K,16,0,0,0,0,0,0.0,0,0,1,0,0,0.0,0.0,0.0,0.0,0.0,0,
475,David Bowens,28,MIA,DE,16,0,0,0,0,0,4.0,1,0,0,0,0,6.0,24.0,21.0,3.0,6.0,0,
476,Josh Brown,26,SEA,K,16,0,0,0,0,0,0.0,0,0,0,0,0,0.0,3.0,2.0,1.0,0.0,0,
477,Kris Brown,29,HOU,K,16,0,0,0,0,0,0.0,0,0,0,0,0,0.0,1.0,1.0,0.0,0.0,0,
478,Ralph Brown,27,MIN,DB,16,0,0,0,0,0,5.0,0,0,0,0,0,0.0,37.0,34.0,3.0,1.0,0,
479,Joe Burns,26,BUF,RB,16,0,0,0,0,0,0.0,0,0,0,0,0,0.0,8.0,6.0,2.0,0.0,0,
480,Chris Carr,22,OAK,DB,16,0,0,0,0,0,2.0,0,5,3,-1,0,0.0,11.0,8.0,3.0,0.0,0,
481,Tyrone Carter,29,PIT,DB,16,0,1,3,0,3,3.0,2,0,2,0,0,1.0,32.0,25.0,7.0,1.0,0,
482,Rock Cartwright,26,WAS,FB,16,0,0,0,0,0,0.0,0,1,0,0,0,0.0,12.0,11.0,1.0,0.0,0,
483,Dustin Colquitt,23,KAN,P,16,0,0,0,0,0,0.0,0,0,0,0,0,0.0,2.0,2.0,0.0,0.0,0,
484,Jameel Cook,26,TAM,FB,16,0,0,0,0,0,0.0,0,0,0,0,0,0.0,13.0,9.0,4.0,0.0,0,
485,Terrance Copper,23,DAL,WR,16,0,0,0,0,0,1.0,0,0,0,0,0,0.0,11.0,8.0,3.0,0.0,0,
486,Jean-Phillipe Darche,30,SEA,LS,16,0,0,0,0,0,0.0,0,0,1,0,0,0.0,2.0,2.0,0.0,0.0,0,
487,Don Davis,33,NWE,LB,16,0,0,0,0,0,0.0,0,0,0,0,0,0.0,21.0,12.0,9.0,0.0,0,
488,Rob Davis,37,GNB,LS,16,0,0,0,0,0,0.0,0,0,0,0,0,0.0,3.0,2.0,1.0,0.0,0,
489,Phil Dawson,30,CLE,K,16,0,0,0,0,0,0.0,0,0,0,0,0,0.0,3.0,1.0,2.0,0.0,0,
490,James Dearth,29,NYJ,LS,16,0,0,0,0,0,0.0,0,0,0,0,0,0.0,2.0,2.0,0.0,0.0,0,
491,John Denney,27,MIA,LS,16,0,0,0,0,0,0.0,0,1,0,-12,0,0.0,4.0,2.0,2.0,0.0,0,
492,Ryan Denney,28,BUF,DE,16,0,0,0,0,0,3.0,0,0,1,0,0,4.0,45.0,28.0,17.0,7.0,0,
493,Koy Detmer,32,PHI,QB,16,0,0,0,0,0,0.0,0,2,0,0,0,0.0,0.0,0.0,0.0,0.0,0,
494,Jared DeVries,29,DET,DE,16,0,0,0,0,0,1.0,0,0,2,0,0,3.0,33.0,24.0,9.0,4.0,0,
495,Nick Eason,25,CLE,DT,16,0,0,0,0,0,0.0,0,0,0,0,0,2.0,19.0,11.0,8.0,2.0,0,
496,Omar Easy,28,OAK,FB,16,0,0,0,0,0,0.0,0,0,0,0,0,0.0,14.0,13.0,1.0,0.0,0,
497,Paul Edinger,27,MIN,K,16,0,0,0,0,0,0.0,0,0,0,0,0,0.0,2.0,2.0,0.0,0.0,0,
498,Troy Evans,28,HOU,LB,16,0,1,3,0,3,3.0,0,0,1,0,0,0.0,27.0,22.0,5.0,0.0,0,
499,Jeff Feagles,39,NYG,P,16,0,0,0,0,0,0.0,0,0,0,0,0,0.0,1.0,1.0,0.0,0.0,0,
500,Jay Feely,29,NYG,K,16,0,0,0,0,0,0.0,0,0,0,0,0,0.0,4.0,4.0,0.0,0.0,0,
501,Simon Fraser,22,CLE,DT,16,0,0,0,0,0,0.0,0,0,0,0,0,0.0,2.0,2.0,0.0,0.0,0,
502,Chris Gardocki,35,PIT,P,16,0,0,0,0,0,0.0,0,0,0,0,0,0.0,1.0,1.0,0.0,0.0,0,
503,Tony Gilbert,26,JAX,LB,16,0,0,0,0,0,0.0,0,0,1,0,0,0.0,12.0,10.0,2.0,0.0,0,
504,John Gilmore,26,CHI,TE,16,0,0,0,0,0,0.0,0,0,0,0,0,0.0,2.0,1.0,1.0,0.0,0,
505,Jason Glenn,26,MIA,LB,16,0,0,0,0,0,0.0,0,0,0,0,0,0.0,13.0,12.0,1.0,0.0,0,
506,Ben Graham,32,NYJ,P,16,0,0,0,0,0,0.0,0,1,0,-9,0,0.0,,,,,0,
507,Earnest Graham,25,TAM,RB,16,0,0,0,0,0,0.0,0,1,0,0,0,0.0,8.0,8.0,0.0,0.0,0,
508,Shayne Graham,28,CIN,K,16,0,0,0,0,0,0.0,0,0,0,0,0,0.0,11.0,7.0,4.0,0.0,0,"PB,AP-2"
509,Roderick Green,23,BAL,LB,16,0,0,0,0,0,0.0,0,0,1,0,0,2.0,11.0,7.0,4.0,2.0,0,
510,Boomer Grigsby,24,KAN,LB,16,0,0,0,0,0,0.0,0,0,0,0,0,0.0,16.0,12.0,4.0,0.0,0,
511,Brock Gutierrez,32,DET,C,16,0,0,0,0,0,0.0,0,0,0,0,0,0.0,1.0,1.0,0.0,0.0,0,
512,Mario Haggan,25,BUF,LB,16,0,0,0,0,0,0.0,0,0,0,0,0,0.0,22.0,13.0,9.0,0.0,0,
513,Karl Hankton,35,CAR,WR,16,0,0,0,0,0,0.0,0,0,1,11,0,0.0,15.0,12.0,3.0,0.0,0,
514,Arlen Harris,25,STL,RB,16,0,0,0,0,0,0.0,0,0,1,0,0,0.0,8.0,7.0,1.0,0.0,0,
515,Nick Harris,27,DET,P,16,0,0,0,0,0,0.0,0,0,0,0,0,0.0,1.0,1.0,0.0,0.0,0,
516,Kelvin Hayden,22,IND,DB,16,0,0,0,0,0,1.0,0,0,0,0,0,0.0,26.0,18.0,8.0,0.0,0,
517,Craig Hentrich,34,TEN,P,16,0,0,0,0,0,0.0,0,1,0,-3,0,0.0,,,,,0,
518,Nathan Hodel,28,ARI,TE,16,0,0,0,0,0,0.0,0,0,0,0,0,0.0,4.0,3.0,1.0,0.0,0,
519,Kevin Houser,28,NOR,LS,16,0,0,0,0,0,0.0,0,0,0,0,0,0.0,3.0,1.0,2.0,0.0,0,
520,Chidi Iwuoma,27,PIT,DB,16,0,0,0,0,0,0.0,1,0,0,0,0,0.0,15.0,12.0,3.0,0.0,0,
521,Larry Izzo,31,NWE,LB,16,0,0,0,0,0,1.0,0,0,0,0,0,0.0,23.0,19.0,4.0,0.0,0,
522,Terry Jackson,29,SFO,FB,16,0,0,0,0,0,0.0,0,0,0,0,0,0.0,19.0,16.0,3.0,0.0,0,
523,Brandon Jacobs,23,NYG,RB,16,0,0,0,0,0,0.0,0,1,0,0,0,0.0,7.0,5.0,2.0,0.0,0,
524,Brian Jennings,29,SFO,LS,16,0,0,0,0,0,0.0,0,0,1,0,0,0.0,5.0,4.0,1.0,0.0,0,
525,Ade Jimoh,25,WAS,DB,16,0,0,0,0,0,2.0,0,0,0,0,0,0.0,18.0,16.0,2.0,1.0,0,
526,Tim Johnson,27,OAK,LB,16,0,0,0,0,0,1.0,0,0,0,0,0,0.0,20.0,15.0,5.0,2.0,0,
527,Donnie Jones,25,MIA,P,16,0,0,0,0,0,0.0,0,0,0,0,0,0.0,3.0,3.0,0.0,0.0,0,
528,Mark Jones,25,TAM,WR,16,0,0,0,0,0,0.0,0,1,1,0,0,0.0,0.0,0.0,0.0,0.0,0,
529,Nate Jones,23,DAL,DB,16,0,0,0,0,0,0.0,0,0,0,0,0,0.0,14.0,8.0,6.0,0.0,0,
530,Sean Jones,23,CLE,DB,16,0,0,0,0,0,0.0,0,0,1,11,0,0.0,23.0,16.0,7.0,0.0,0,
531,Isaiah Kacyvenski,28,SEA,LB,16,0,0,0,0,0,1.0,1,0,0,0,0,0.0,28.0,24.0,4.0,0.0,0,
532,Nate Kaeding,23,SDG,K,16,0,0,0,0,0,0.0,0,0,0,0,0,0.0,3.0,3.0,0.0,0.0,0,
533,Matt Katula,23,BAL,LS,16,0,0,0,0,0,0.0,0,1,0,-10,0,0.0,8.0,7.0,1.0,0.0,0,
534,Brett Keisel,27,PIT,DE,16,0,0,0,0,0,2.0,1,0,1,0,0,3.0,33.0,23.0,10.0,2.0,0,
535,Travis Kirschke,31,PIT,DE,16,0,0,0,0,0,0.0,0,0,1,0,0,1.0,20.0,11.0,9.0,1.0,0,
536,Michael Koenen,23,ATL,P,16,0,0,0,0,0,0.0,0,0,0,0,0,0.0,1.0,1.0,0.0,0.0,0,
537,Brian Kozlowski,35,WAS,TE,16,0,0,0,0,0,0.0,0,0,0,0,0,0.0,2.0,2.0,0.0,0.0,0,
538,Ryan Kuehl,33,NYG,DT,16,0,0,0,0,0,0.0,0,0,0,0,0,0.0,1.0,1.0,0.0,0.0,0,
539,Jason Kyle,33,CAR,LB,16,0,0,0,0,0,0.0,0,0,0,0,0,0.0,5.0,4.0,1.0,0.0,0,
540,Kyle Larson,25,CIN,P,16,0,0,0,0,0,0.0,0,0,0,0,0,0.0,2.0,2.0,0.0,0.0,0,
541,Mike Leach,29,DEN,LS,16,0,0,0,0,0,0.0,0,0,0,0,0,0.0,5.0,5.0,0.0,0.0,0,
542,Andy Lee,23,SFO,P,16,0,0,0,0,0,0.0,0,0,0,0,0,0.0,1.0,1.0,0.0,0.0,0,
543,Rian Lindell,28,BUF,K,16,0,0,0,0,0,0.0,0,0,0,0,0,0.0,4.0,2.0,2.0,0.0,0,
544,Cullen Loeffler,24,MIN,LS,16,0,0,0,0,0,0.0,0,0,0,0,0,0.0,2.0,0.0,2.0,0.0,0,
545,Ryan Longwell,31,GNB,K,16,0,0,0,0,0,0.0,0,0,0,0,0,0.0,1.0,1.0,0.0,0.0,0,
546,Patrick Mannelly,30,CHI,T,16,0,0,0,0,0,0.0,0,0,0,0,0,0.0,4.0,3.0,1.0,0.0,0,
547,Olindo Mare,32,MIA,K,16,0,0,0,0,0,0.0,0,0,1,0,0,0.0,2.0,2.0,0.0,0.0,0,
548,Chris Massey,26,STL,RB,16,0,0,0,0,0,0.0,0,0,0,0,0,0.0,6.0,6.0,0.0,0.0,0,
549,Brad Maynard,31,CHI,P,16,0,0,0,0,0,0.0,0,1,1,0,0,0.0,1.0,0.0,1.0,0.0,0,
550,Fred McAfee,37,NOR,RB,16,0,0,0,0,0,0.0,0,2,0,0,0,0.0,24.0,17.0,7.0,0.0,0,
551,Kevin McCadam,26,ATL,DB,16,0,0,0,0,0,0.0,0,0,0,0,0,0.0,12.0,9.0,3.0,0.0,0,
552,Billy McMullen,25,PHI,WR,16,0,0,0,0,0,0.0,0,1,0,0,0,0.0,4.0,3.0,1.0,0.0,0,
553,Ray Mickens,32,CLE,DB,16,0,0,0,0,0,6.0,0,0,1,13,0,0.0,33.0,26.0,7.0,1.0,0,
554,Quintin Mikell,25,PHI,DB,16,0,0,0,0,0,3.0,0,0,0,0,0,0.0,24.0,21.0,3.0,1.0,0,
555,Hanik Milligan,26,SDG,DB,16,0,0,0,0,0,0.0,0,0,0,0,0,0.0,21.0,14.0,7.0,0.0,0,PB
556,Travis Minor,26,MIA,RB,16,0,0,0,0,0,0.0,0,0,0,0,0,0.0,7.0,6.0,1.0,0.0,0,
557,Anthony Mitchell,31,CIN,DB,16,0,0,0,0,0,0.0,0,0,0,0,0,1.0,30.0,22.0,8.0,2.0,0,
558,Quincy Morgan,28,PIT,WR,16,0,0,0,0,0,0.0,0,1,0,0,0,0.0,0.0,0.0,0.0,0.0,0,
559,Chad Morton,28,NYG,RB,16,0,0,0,0,0,0.0,0,1,1,0,0,0.0,1.0,1.0,0.0,0.0,0,
560,Donnie Nickey,25,TEN,DB,16,0,0,0,0,0,0.0,0,0,1,0,0,0.0,18.0,13.0,5.0,3.0,0,
561,Mike Nugent,23,NYJ,K,16,0,0,0,0,0,0.0,0,0,0,0,0,0.0,3.0,3.0,0.0,0.0,0,
562,Chukky Okobi,27,PIT,C,16,0,0,0,0,0,0.0,0,0,0,0,0,0.0,1.0,0.0,1.0,0.0,0,
563,Lonie Paxton,27,NWE,LS,16,0,0,0,0,0,0.0,0,0,0,0,0,0.0,3.0,2.0,1.0,0.0,0,
564,Alvin Pearman,23,JAX,RB,16,0,0,0,0,0,0.0,0,4,1,0,0,0.0,1.0,1.0,0.0,0.0,0,
565,Tab Perry,23,CIN,WR,16,0,0,0,0,0,0.0,0,1,2,0,0,0.0,12.0,10.0,2.0,0.0,0,
566,Adrian Peterson,26,CHI,RB,16,0,0,0,0,0,0.0,0,1,1,0,0,0.0,10.0,8.0,2.0,0.0,0,
567,Kenny Peterson,27,GNB,DT,16,0,0,0,0,0,3.0,2,0,2,18,0,3.0,24.0,19.0,5.0,3.0,0,
568,Bryan Pittman,28,HOU,LS,16,0,0,0,0,0,0.0,0,0,0,0,0,0.0,6.0,3.0,3.0,0.0,0,
569,Scott Player,36,ARI,P,16,0,0,0,0,0,0.0,0,0,0,0,0,0.0,1.0,1.0,0.0,0.0,0,
570,Jeff Reed,26,PIT,K,16,0,0,0,0,0,0.0,0,0,0,0,0,0.0,1.0,1.0,0.0,0.0,0,
571,Ike Reese,32,ATL,LB,16,0,0,0,0,0,2.0,0,0,0,0,0,0.0,40.0,33.0,7.0,1.0,0,
572,Jacques Reeves,23,DAL,DB,16,0,0,0,0,0,4.0,0,0,1,0,0,0.0,20.0,16.0,4.0,0.0,0,
573,Dexter Reid,24,IND,DB,16,0,0,0,0,0,0.0,1,0,1,0,0,0.0,10.0,8.0,2.0,0.0,0,
574,Kyle Richardson,32,CLE,P,16,0,0,0,0,0,0.0,0,0,0,0,0,0.0,2.0,2.0,0.0,0.0,0,
575,Matt Roth,23,MIA,DE,16,0,0,0,0,0,0.0,0,0,1,0,0,1.0,20.0,15.0,5.0,2.0,0,
576,Orlando Ruff,29,CLE,LB,16,0,0,0,0,0,0.0,0,0,1,6,0,0.0,31.0,17.0,14.0,1.0,0,
577,Barrett Ruud,22,TAM,LB,16,0,0,0,0,0,0.0,0,0,1,0,0,0.0,17.0,15.0,2.0,0.0,0,
578,Cecil Sapp,27,DEN,RB,16,0,0,0,0,0,0.0,0,0,2,0,0,0.0,7.0,6.0,1.0,0.0,0,
579,Rich Scanlon,25,KAN,LB,16,0,0,0,0,0,0.0,0,0,0,0,0,0.0,26.0,22.0,4.0,1.0,0,
580,Mike Schneck,28,BUF,LS,16,0,0,0,0,0,0.0,0,0,0,0,0,0.0,2.0,2.0,0.0,0.0,0,PB
581,Mike Scifres,25,SDG,P,16,0,0,0,0,0,0.0,0,1,1,0,0,0.0,2.0,2.0,0.0,0.0,0,
582,Josh Scobee,23,JAX,K,16,0,0,0,0,0,0.0,0,0,0,0,0,0.0,3.0,3.0,0.0,0.0,0,
583,Josh Scobey,26,SEA,RB,16,0,0,0,0,0,0.0,0,2,1,0,0,0.0,24.0,18.0,6.0,0.0,0,
584,DeQuincy Scott,27,SDG,DT,16,0,0,0,0,0,2.0,0,0,0,0,0,4.5,13.0,11.0,2.0,5.0,0,
585,Edell Shepherd,25,TAM,WR,16,0,0,0,0,0,0.0,0,1,0,0,0,0.0,2.0,2.0,0.0,0.0,0,
586,Mark Simoneau,28,PHI,LB,16,0,0,0,0,0,3.0,1,0,0,0,0,0.0,38.0,29.0,9.0,1.0,0,
587,Hunter Smith,28,IND,P,16,0,0,0,0,0,0.0,0,0,0,0,0,0.0,1.0,1.0,0.0,0.0,0,
588,Justin Snow,29,IND,LS,16,0,0,0,0,0,0.0,0,0,0,0,0,0.0,7.0,7.0,0.0,0.0,0,
589,Cody Spencer,24,TEN,LB,16,0,0,0,0,0,0.0,0,0,0,0,0,0.0,17.0,15.0,2.0,0.0,0,
590,Brad St. Louis,29,CIN,LS,16,0,0,0,0,0,0.0,0,0,0,0,0,0.0,2.0,2.0,0.0,0.0,0,
591,Josh Stamer,28,BUF,LB,16,0,0,0,0,0,0.0,0,0,0,0,0,0.0,16.0,12.0,4.0,0.0,0,
592,Chad Stanley,29,HOU,P,16,0,0,0,0,0,0.0,0,1,0,-9,0,0.0,1.0,1.0,0.0,0.0,0,
593,Scott Starks,22,JAX,DB,16,0,0,0,0,0,2.0,0,0,0,0,0,0.0,13.0,11.0,2.0,0.0,0,
594,Gary Stills,31,KAN,DE,16,0,0,0,0,0,1.0,0,0,1,0,0,0.0,19.0,14.0,5.0,0.0,0,
595,Matt Stover,37,BAL,K,16,0,0,0,0,0,0.0,0,0,0,0,0,0.0,1.0,1.0,0.0,0.0,0,
596,Craig Terrill,25,SEA,DT,16,0,0,0,0,0,2.0,0,0,1,18,0,2.0,20.0,14.0,6.0,4.0,0,
597,Michael Turner,23,SDG,RB,16,0,0,0,0,0,0.0,0,0,0,0,0,0.0,4.0,4.0,0.0,0.0,0,
598,Lawrence Tynes,27,KAN,K,16,0,0,0,0,0,0.0,0,0,0,0,0,0.0,1.0,1.0,0.0,0.0,0,
599,Mason Unck,25,CLE,LB,16,0,0,0,0,0,0.0,0,0,2,0,0,0.0,10.0,9.0,1.0,0.0,0,
600,Marviel Underwood,23,GNB,DB,16,0,0,0,0,0,0.0,1,0,0,0,0,0.0,36.0,28.0,8.0,0.0,0,
601,Ramon Walker,26,HOU,DB,16,0,0,0,0,0,0.0,0,0,1,0,0,0.0,16.0,13.0,3.0,0.0,0,
602,Matt Ware,23,PHI,DB,16,0,0,0,0,0,3.0,1,0,1,0,0,0.0,23.0,18.0,5.0,0.0,0,
603,Greg Warren,24,PIT,LS,16,0,0,0,0,0,0.0,0,1,0,0,0,0.0,4.0,3.0,1.0,0.0,0,
604,Rashad Washington,25,NYJ,DB,16,0,0,0,0,0,2.0,0,0,0,0,0,1.0,32.0,17.0,15.0,1.0,0,
605,Leonard Weaver,23,SEA,RB,16,0,0,0,0,0,0.0,0,0,0,0,0,0.0,3.0,1.0,2.0,0.0,0,
606,Dante Wesley,26,CAR,DB,16,0,0,0,0,0,1.0,1,0,1,0,0,0.0,18.0,17.0,1.0,0.0,0,
607,Matt Wilhelm,24,SDG,LB,16,0,1,10,0,10,1.0,1,0,0,0,0,1.0,31.0,25.0,6.0,1.0,0,
608,Jeff Wilkins,33,STL,K,16,0,0,0,0,0,0.0,0,0,0,0,0,0.0,2.0,1.0,1.0,0.0,0,
609,Shaud Williams,25,BUF,RB,16,0,0,0,0,0,1.0,0,0,1,0,0,0.0,3.0,3.0,0.0,0.0,0,
610,Dave Zastudil,27,BAL,P,16,0,0,0,0,0,0.0,0,1,1,-2,0,0.0,1.0,1.0,0.0,0.0,0,
611,Joe Zelenka,29,JAX,LS,16,0,0,0,0,0,0.0,0,0,0,0,0,0.0,2.0,1.0,1.0,0.0,0,
612,Mike Anderson,32,DEN,RB,15,15,0,0,0,0,0.0,0,2,0,0,0,0.0,1.0,0.0,1.0,0.0,0,
613,Keion Carpenter,28,ATL,SS,15,15,2,1,0,1,8.0,0,1,0,0,0,0.0,55.0,43.0,12.0,2.0,0,
614,Kerry Collins,33,OAK,QB,15,15,0,0,0,0,0.0,0,13,1,-16,0,0.0,0.0,0.0,0.0,0.0,0,
615,Karlos Dansby,24,ARI,LLB,15,15,3,31,2,18,5.0,2,0,2,0,0,4.0,89.0,70.0,19.0,13.0,0,
616,Chris Gamble,22,CAR,RCB,15,15,7,157,1,61,12.0,1,0,1,0,0,0.0,76.0,66.0,10.0,2.0,0,
617,DeJuan Groce,25,STL,LCB,15,15,2,0,0,0,11.0,1,0,0,0,0,0.0,49.0,45.0,4.0,3.0,0,
618,DeAngelo Hall,22,ATL,LCB,15,15,6,177,0,65,10.0,1,2,3,86,1,0.0,66.0,59.0,7.0,0.0,0,PB
619,Nick Harper,31,IND,LCB,15,15,3,41,0,21,15.0,0,0,1,7,0,0.0,66.0,60.0,6.0,2.0,0,
620,Reggie Hayward,26,JAX,LDE,15,15,0,0,0,0,6.0,1,0,1,0,0,8.5,33.0,27.0,6.0,10.0,0,
621,Brad Hoover,29,CAR,FB,15,15,0,0,0,0,0.0,0,0,1,0,0,0.0,1.0,1.0,0.0,0.0,0,
622,Brad Hopkins,35,TEN,LT,15,15,0,0,0,0,0.0,0,0,1,0,0,0.0,0.0,0.0,0.0,0.0,0,
623,Steven Jackson,22,STL,RB,15,15,0,0,0,0,0.0,0,3,1,-7,0,0.0,0.0,0.0,0.0,0.0,0,
624,Edgerrin James,27,IND,RB,15,15,0,0,0,0,0.0,0,2,1,0,0,0.0,0.0,0.0,0.0,0.0,0,PB
625,Levi Jones,26,CIN,LT,15,15,0,0,0,0,0.0,0,0,1,0,0,0.0,0.0,0.0,0.0,0.0,0,
626,Thomas Jones,27,CHI,RB,15,15,0,0,0,0,0.0,0,2,0,0,0,0.0,0.0,0.0,0.0,0.0,0,
627,Walter Jones,31,SEA,LT,15,15,0,0,0,0,0.0,0,0,1,0,0,0.0,0.0,0.0,0.0,0.0,0,"PB,AP-1"
628,Jevon Kearse,29,PHI,LDE,15,15,0,0,0,0,8.0,3,0,0,0,0,7.5,39.0,36.0,3.0,9.0,0,
629,Matt Lehr,26,ATL,LG,15,15,0,0,0,0,0.0,0,0,0,0,0,0.0,2.0,1.0,1.0,0.0,0,
630,Jamal Lewis,26,BAL,RB,15,15,0,0,0,0,0.0,0,5,0,0,0,0.0,0.0,0.0,0.0,0.0,0,
631,Ken Lucas,26,CAR,LCB,15,15,6,70,0,32,15.0,0,0,1,24,0,0.0,69.0,62.0,7.0,3.0,0,
632,Sam Madison,31,MIA,RCB,15,15,2,11,0,11,12.0,1,0,0,0,0,0.0,56.0,46.0,10.0,3.0,0,
633,Anthony McFarland,28,TAM,RDT,15,15,0,0,0,0,0.0,0,0,2,0,1,2.0,27.0,18.0,9.0,8.0,0,
634,Mike McKenzie,29,NOR,LCB,15,15,1,11,0,11,6.0,0,1,0,0,0,0.0,46.0,41.0,5.0,3.0,0,
635,Chris Naeole,31,JAX,RG,15,15,0,0,0,0,0.0,0,0,1,0,0,0.0,0.0,0.0,0.0,0.0,0,
636,Adewale Ogunleye,28,CHI,LDE,15,15,0,0,0,0,5.0,1,0,1,0,0,10.0,40.0,36.0,4.0,15.0,0,
637,Shane Olivea,24,SDG,RT,15,15,0,0,0,0,,0,0,2,0,0,0.0,,,,,0,
638,Kyle Orton,23,CHI,QB,15,15,0,0,0,0,0.0,0,12,3,-13,0,0.0,0.0,0.0,0.0,0.0,0,
639,Willie Parker,25,PIT,RB,15,15,0,0,0,0,0.0,0,4,2,0,0,0.0,0.0,0.0,0.0,0.0,0,
640,Simeon Rice,31,TAM,RDE,15,15,1,6,0,6,4.0,6,0,0,0,0,14.0,40.0,33.0,7.0,12.0,0,
641,Asante Samuel,24,NWE,LCB,15,15,3,15,0,15,16.0,0,0,0,0,0,0.0,54.0,44.0,10.0,1.0,0,
642,Dwight Smith,27,NOR,SS,15,15,2,53,0,28,7.0,2,1,0,0,0,1.0,73.0,63.0,10.0,8.0,0,
643,Shawn Springs,30,WAS,RCB,15,15,1,2,0,2,10.0,0,0,0,0,0,0.0,50.0,47.0,3.0,2.0,0,
644,Patrick Surtain,29,KAN,LCB,15,15,4,57,0,53,12.0,0,1,1,2,0,0.0,57.0,47.0,10.0,2.0,0,
645,Sean Taylor,22,WAS,FS,15,15,2,34,0,32,12.0,2,0,1,39,1,1.0,72.0,62.0,10.0,2.0,0,
646,Charles Tillman,24,CHI,LCB,15,15,5,172,1,95,16.0,4,0,1,0,0,1.0,96.0,85.0,11.0,0.0,0,
647,Jeremiah Trotter,28,PHI,MLB,15,15,1,2,0,2,10.0,2,0,0,0,0,1.0,121.0,102.0,19.0,11.0,0,PB
648,Marcus Trufant,25,SEA,RCB,15,15,1,7,0,7,14.0,1,0,0,0,0,1.0,64.0,55.0,9.0,3.0,0,
649,Michael Vick,25,ATL,QB,15,15,0,0,0,0,0.0,0,11,0,-6,0,0.0,0.0,0.0,0.0,0.0,0,PB
650,Hines Ward,29,PIT,WR,15,15,0,0,0,0,0.0,0,1,0,0,0,0.0,0.0,0.0,0.0,0.0,0,
651,Al Wilson,28,DEN,MLB,15,15,0,0,0,0,9.0,2,0,1,0,0,3.0,73.0,62.0,11.0,4.0,0,"PB,AP-1"
652,Will Witherspoon,25,CAR,RLB,15,15,2,35,1,35,14.0,0,0,0,0,0,2.5,81.0,66.0,15.0,5.0,0,
653,Chris Brown,24,TEN,RB,15,14,0,0,0,0,0.0,0,4,0,0,0,0.0,0.0,0.0,0.0,0.0,0,
654,Ronnie Brown,24,MIA,RB,15,14,0,0,0,0,0.0,0,4,2,0,0,0.0,0.0,0.0,0.0,0.0,0,
655,Dallas Clark,26,IND,TE,15,14,0,0,0,0,0.0,0,0,0,0,0,0.0,1.0,1.0,0.0,0.0,0,
656,Sam Cowart,30,MIN,MLB,15,14,0,0,0,0,2.0,0,0,0,0,0,2.0,84.0,71.0,13.0,7.0,0,
657,Mike Doss,24,IND,SS,15,14,2,8,0,8,5.0,0,0,0,0,0,0.0,77.0,57.0,20.0,1.0,0,
658,E.J. Henderson,25,MIN,RLB,15,14,0,0,0,0,1.0,2,0,1,0,0,1.0,76.0,54.0,22.0,2.0,0,
659,Reggie Kelly,28,CIN,TE,15,14,0,0,0,0,0.0,0,1,1,0,0,0.0,1.0,1.0,0.0,0.0,0,
660,Terrence McGee,25,BUF,LCB,15,14,4,97,1,46,15.0,1,1,2,0,0,0.0,73.0,60.0,13.0,1.0,0,AP-2
661,Deltha O'Neal,28,CIN,LCB,15,14,10,103,0,37,20.0,0,0,1,26,0,0.0,65.0,56.0,9.0,1.0,0,"PB,AP-2"
662,Julian Peterson,27,SFO,LOLB,15,14,0,0,0,0,6.0,1,0,1,0,0,3.0,83.0,59.0,24.0,7.0,0,
663,Mike Rucker,30,CAR,RDE,15,14,0,0,0,0,3.0,3,0,2,11,0,7.5,44.0,35.0,9.0,7.0,0,
664,Shawntae Spencer,23,SFO,RCB,15,14,4,85,1,61,19.0,0,0,0,0,0,0.0,83.0,74.0,9.0,2.0,0,
665,Paul Spicer,30,JAX,RDE,15,14,0,0,0,0,2.0,1,0,1,0,0,7.5,37.0,30.0,7.0,12.0,0,
666,Will Whitticker,23,GNB,RG,15,14,0,0,0,0,0.0,0,0,1,0,0,0.0,0.0,0.0,0.0,0.0,0,
667,Angelo Crowell,24,BUF,RLB,15,13,2,3,0,2,5.0,2,0,0,0,0,3.0,120.0,80.0,40.0,9.0,0,
668,Adam Jones,22,TEN,RCB,15,13,0,0,0,0,11.0,0,5,1,0,0,0.0,54.0,44.0,10.0,4.0,0,
669,Jason Webster,28,ATL,RCB,15,13,1,19,0,19,5.0,2,0,0,0,0,0.0,81.0,75.0,6.0,2.0,0,
670,Ifeanyi Ohalete,26,CIN,SS,15,12,1,15,0,15,2.0,0,0,0,0,0,0.0,55.0,40.0,15.0,0.0,0,
671,Mark Brown,25,NYJ,RLB,15,11,2,51,1,33,2.0,0,0,1,0,0,1.5,77.0,38.0,39.0,3.0,0,
672,Marcus Coleman,31,HOU,FS,15,11,1,6,0,6,3.0,1,1,0,0,0,0.0,53.0,47.0,6.0,0.0,0,
673,Justin Gage,24,CHI,WR,15,11,0,0,0,0,0.0,0,0,1,0,0,0.0,1.0,1.0,0.0,0.0,0,
674,Marcel Shipp,27,ARI,RB,15,11,0,0,0,0,0.0,0,4,1,0,0,0.0,0.0,0.0,0.0,0.0,0,
675,Ben Troupe,23,TEN,TE,15,11,0,0,0,0,0.0,0,2,0,0,0,0.0,1.0,0.0,1.0,0.0,0,
676,Reynaldo Hill,23,TEN,LCB,15,10,3,88,1,52,9.0,1,0,0,0,0,0.0,54.0,44.0,10.0,3.0,0,
677,Montrae Holland,25,NOR,RG,15,10,0,0,0,0,0.0,0,0,1,0,0,0.0,0.0,0.0,0.0,0.0,0,
678,Shawne Merriman,21,SDG,LOLB,15,10,0,0,0,0,5.0,2,0,0,0,0,10.0,57.0,43.0,14.0,10.0,0,"PB,AP DRoY-1"
679,LeRoy Hill,23,SEA,LLB,15,9,0,0,0,0,2.0,1,0,0,0,0,7.5,73.0,52.0,21.0,11.0,0,
680,Erasmus James,23,MIN,RDE,15,9,0,0,0,0,2.0,1,0,0,0,0,4.0,29.0,24.0,5.0,6.0,0,
681,Brad Johnson,37,MIN,QB,15,9,0,0,0,0,0.0,0,5,1,-1,0,0.0,0.0,0.0,0.0,0.0,0,
682,Jimmy Kennedy,26,STL,RDT,15,9,0,0,0,0,3.0,1,0,0,0,0,3.0,42.0,30.0,12.0,4.0,0,
683,Eric Parker,26,SDG,WR,15,9,0,0,0,0,0.0,0,2,1,0,0,0.0,0.0,0.0,0.0,0.0,0,
684,Ben Watson,25,NWE,TE,15,9,0,0,0,0,0.0,0,1,0,0,0,0.0,,,,,0,
685,Andre' Goodman,27,DET,LCB,15,8,3,17,0,21,11.0,0,0,1,15,0,0.0,47.0,42.0,5.0,0.0,0,
686,N.D. Kalu,30,PHI,RDE,15,8,0,0,0,0,2.0,1,0,0,0,0,2.0,30.0,26.0,4.0,3.0,0,
687,Scott Shanle,26,DAL,RILB,15,8,0,0,0,0,2.0,0,0,0,0,0,1.5,45.0,34.0,11.0,1.0,0,
688,Billy Bajema,23,SFO,TE,15,7,0,0,0,0,0.0,0,0,1,0,0,0.0,4.0,3.0,1.0,0.0,0,
689,Trent Cole,23,PHI,RDE,15,7,0,0,0,0,2.0,1,0,0,0,0,5.0,46.0,38.0,8.0,8.0,0,
690,Reggie Howard,28,MIA,CB,15,7,1,5,0,5,5.0,3,0,1,0,0,2.0,49.0,39.0,10.0,3.0,1,
691,Travis LaBoy,24,TEN,RDE,15,7,0,0,0,0,1.0,0,0,1,0,0,6.5,42.0,28.0,14.0,6.0,0,
692,Monty Beisel,27,NWE,LILB,15,6,0,0,0,0,1.0,1,0,0,0,0,1.0,48.0,31.0,17.0,2.0,0,
693,Pierson Prioleau,28,WAS,SS,15,6,0,0,0,0,4.0,2,0,2,4,0,3.0,43.0,39.0,4.0,2.0,0,
694,Mike Sellers,30,WAS,TE,15,6,0,0,0,0,0.0,0,0,1,0,0,0.0,12.0,12.0,0.0,0.0,0,
695,Jonathan Wells,26,HOU,RB,15,6,0,0,0,0,0.0,0,1,0,0,0,0.0,6.0,6.0,0.0,0.0,0,
696,J.J. Arrington,22,ARI,RB,15,5,0,0,0,0,0.0,0,1,1,0,0,0.0,0.0,0.0,0.0,0.0,0,
697,Chad Brown,35,NWE,RILB,15,5,0,0,0,0,0.0,0,0,0,0,0,0.0,39.0,31.0,8.0,1.0,0,
698,DeShaun Foster,25,CAR,RB,15,5,0,0,0,0,0.0,0,2,0,0,0,0.0,0.0,0.0,0.0,0.0,0,
699,Jarvis Green,26,NWE,RDE,15,5,0,0,0,0,0.0,1,0,0,0,0,2.5,35.0,24.0,11.0,2.0,0,
700,Donald Lee,25,GNB,TE,15,5,0,0,0,0,0.0,0,0,0,0,0,0.0,3.0,3.0,0.0,0.0,0,
701,Aaron Stecker,30,NOR,RB,15,4,0,0,0,0,0.0,0,3,0,0,0,0.0,1.0,1.0,0.0,0.0,0,
702,Larry Tripplett,26,IND,DT,15,4,0,0,0,0,2.0,1,0,2,60,1,4.0,36.0,29.0,7.0,6.0,0,
703,Kevin Bentley,26,SEA,LB,15,3,0,0,0,0,1.0,0,0,0,0,0,0.0,33.0,28.0,5.0,2.0,0,
704,Napoleon Harris,26,MIN,LB,15,3,0,0,0,0,3.0,0,0,0,0,0,1.0,25.0,18.0,7.0,2.0,0,
705,Travis Johnson,23,HOU,DT,15,3,0,0,0,0,0.0,0,0,0,0,0,1.0,26.0,23.0,3.0,6.0,0,
706,Shaun Phillips,24,SDG,LB,15,3,0,0,0,0,2.0,3,0,1,0,0,7.0,35.0,33.0,2.0,7.0,0,
707,Tony Beckham,27,TEN,DB,15,2,0,0,0,0,3.0,0,0,0,0,0,0.0,19.0,16.0,3.0,0.0,0,
708,Chase Blackburn,22,NYG,LB,15,2,1,31,1,31,1.0,0,0,1,0,0,0.0,31.0,21.0,10.0,0.0,0,
709,Rocky Boiman,25,TEN,LB,15,2,0,0,0,0,0.0,0,0,0,0,0,0.0,35.0,23.0,12.0,0.0,0,
710,Steve Bush,31,SFO,TE,15,2,0,0,0,0,0.0,0,0,0,0,0,0.0,4.0,3.0,1.0,0.0,0,
711,Dale Carter,36,BAL,DB,15,2,0,0,0,0,1.0,1,0,0,0,0,0.0,26.0,23.0,3.0,0.0,0,
712,Roy Manning,24,GNB,LB,15,2,0,0,0,0,1.0,0,0,0,0,0,0.0,25.0,13.0,12.0,2.0,0,
713,Terrence Melton,28,NOR,LB,15,2,0,0,0,0,1.0,0,0,0,0,0,0.0,28.0,20.0,8.0,1.0,0,
714,Stanford Routt,22,OAK,DB,15,2,0,0,0,0,2.0,0,0,0,0,0,1.0,29.0,27.0,2.0,1.0,0,
715,Keith Smith,25,DET,DB,15,2,0,0,0,0,1.0,0,0,0,0,0,1.0,32.0,25.0,7.0,2.0,0,
716,Corey Webster,23,NYG,DB,15,2,0,0,0,0,5.0,2,0,0,0,0,0.0,39.0,38.0,1.0,0.0,0,
717,Jerry Azumah,28,CHI,DB,15,1,0,0,0,0,4.0,0,0,0,0,0,1.0,37.0,33.0,4.0,0.0,0,
718,Tatum Bell,24,DEN,RB,15,1,0,0,0,0,0.0,0,3,1,0,0,0.0,,,,,0,
719,Keith Burns,33,DEN,LB,15,1,0,0,0,0,0.0,0,0,1,0,0,0.0,19.0,16.0,3.0,0.0,0,
720,Vinny Ciurciu,25,CAR,LB,15,1,0,0,0,0,1.0,0,0,0,0,0,0.0,16.0,13.0,3.0,0.0,0,
721,Jared Clauss,24,TEN,DT,15,1,0,0,0,0,0.0,0,0,0,0,0,0.5,22.0,16.0,6.0,1.0,0,
722,Aubrayo Franklin,25,BAL,DT,15,1,0,0,0,0,1.0,0,0,0,0,0,1.0,20.0,18.0,2.0,1.0,0,
723,Bryan Gilmore,27,MIA,WR,15,1,0,0,0,0,0.0,0,0,0,0,0,0.0,6.0,5.0,1.0,0.0,0,
724,Grant Irons,26,OAK,DE,15,1,0,0,0,0,0.0,0,0,0,0,0,0.0,8.0,7.0,1.0,0.0,0,
725,Eddie Jackson,25,MIA,DB,15,1,0,0,0,0,1.0,0,0,1,0,0,0.0,14.0,10.0,4.0,0.0,0,
726,Marlin Jackson,22,IND,DB,15,1,1,16,0,16,4.0,0,1,0,0,0,0.0,59.0,43.0,16.0,1.0,0,
727,Ed Jasper,32,OAK,DT,15,1,0,0,0,0,2.0,0,0,0,0,0,2.0,24.0,23.0,1.0,4.0,0,
728,Lance Johnstone,32,MIN,DE,15,1,0,0,0,0,0.0,0,0,0,0,0,7.5,20.0,15.0,5.0,10.0,0,
729,Corey McIntyre,26,CLE,FB,15,1,0,0,0,0,0.0,0,0,0,0,0,0.0,9.0,7.0,2.0,0.0,0,
730,Hannibal Navies,28,CIN,LB,15,1,0,0,0,0,0.0,1,0,1,0,0,0.0,11.0,10.0,1.0,0.0,0,
731,Robert Reynolds,24,TEN,LB,15,1,0,0,0,0,0.0,0,0,1,0,0,0.0,24.0,15.0,9.0,1.0,1,
732,Joe Tafoya,27,SEA,DE,15,1,0,0,0,0,1.0,1,0,1,0,0,1.0,33.0,20.0,13.0,3.0,0,
733,Chester Taylor,26,BAL,RB,15,1,0,0,0,0,0.0,0,3,0,0,0,0.0,9.0,9.0,0.0,0.0,0,
734,Andrae Thurman,25,2TM,WR,15,1,0,0,0,0,0.0,0,1,1,0,0,0.0,11.0,9.0,2.0,0.0,0,
734,Andrae Thurman,25,TEN,WR,5,0,0,0,0,0,0.0,0,0,0,0,0,0.0,4.0,2.0,2.0,0.0,0,
734,Andrae Thurman,25,GNB,WR,10,1,0,0,0,0,0.0,0,1,1,0,0,0.0,7.0,7.0,0.0,0.0,0,
735,Marcus Bell,26,DET,DT,15,0,0,0,0,0,0.0,1,0,0,0,0,0.0,32.0,22.0,10.0,1.0,0,
736,Peter Boulware,31,BAL,LB,15,0,0,0,0,0,1.0,0,0,0,0,0,2.5,9.0,5.0,4.0,2.0,0,
737,Matt Bryant,30,TAM,K,15,0,0,0,0,0,0.0,0,0,0,0,0,0.0,1.0,1.0,0.0,0.0,0,
738,Khary Campbell,26,WAS,LB,15,0,0,0,0,0,0.0,0,0,0,0,0,0.0,13.0,11.0,2.0,0.0,0,
739,Matt Chatham,28,NWE,LB,15,0,0,0,0,0,1.0,0,0,0,0,0,1.0,23.0,16.0,7.0,2.0,0,
740,Torrie Cox,25,TAM,DB,15,0,0,0,0,0,1.0,1,0,0,0,0,0.0,11.0,10.0,1.0,0.0,0,
741,Matt Giordano,23,IND,DB,15,0,0,0,0,0,1.0,0,0,0,0,0,0.0,15.0,11.0,4.0,0.0,0,
742,Jason Hanson,35,DET,K,15,0,0,0,0,0,0.0,0,0,0,0,0,0.0,2.0,2.0,0.0,0.0,0,
743,Chris Hoke,29,PIT,DT,15,0,0,0,0,0,0.0,0,0,0,0,0,0.0,12.0,7.0,5.0,1.0,0,
744,Chris Kluwe,24,MIN,P,15,0,0,0,0,0,0.0,0,0,0,0,0,0.0,2.0,2.0,0.0,0.0,0,
745,Reno Mahe,25,PHI,RB,15,0,0,0,0,0,0.0,0,2,3,0,0,0.0,8.0,5.0,3.0,0.0,0,
746,Fred McCrary,33,ATL,FB,15,0,0,0,0,0,0.0,0,0,0,0,0,0.0,9.0,8.0,1.0,0.0,0,
747,Kindal Moorehead,27,CAR,DT,15,0,0,0,0,0,3.0,1,0,2,0,0,5.0,24.0,19.0,5.0,5.0,0,
748,Sean Morey,29,PIT,WR,15,0,0,0,0,0,0.0,0,0,1,0,0,0.0,16.0,12.0,4.0,0.0,0,
749,Ryan Myers,25,NYJ,LB,15,0,0,0,0,0,0.0,0,0,0,0,0,0.0,12.0,8.0,4.0,0.0,0,
750,Joe Nedney,32,SFO,K,15,0,0,0,0,0,0.0,0,0,0,0,0,0.0,1.0,1.0,0.0,0.0,0,
751,Neil Rackers,29,ARI,K,15,0,0,0,0,0,0.0,0,0,0,0,0,0.0,2.0,2.0,0.0,0.0,0,"PB,AP-1"
752,Kemp Rasmussen,26,CAR,DE,15,0,0,0,0,0,1.0,0,0,1,0,0,0.0,19.0,14.0,5.0,0.0,0,
753,Darren Sproles,22,SDG,RB,15,0,0,0,0,0,0.0,0,3,1,0,0,0.0,0.0,0.0,0.0,0.0,0,
754,Johnathan Sullivan,24,NOR,DT,15,0,0,0,0,0,2.0,0,0,0,0,0,0.0,29.0,20.0,9.0,3.0,0,
755,Reggie Swinton,30,ARI,WR,15,0,0,0,0,0,0.0,0,2,1,0,0,0.0,0.0,0.0,0.0,0.0,0,
756,Tyson Thompson,24,DAL,RB,15,0,0,0,0,0,0.0,0,2,1,0,0,0.0,2.0,2.0,0.0,0.0,0,
757,Demetrin Veal,24,DEN,DE,15,0,0,0,0,0,0.0,0,0,1,0,0,1.0,25.0,19.0,6.0,5.0,1,
758,Drew Wahlroos,25,STL,LB,15,0,0,0,0,0,0.0,0,0,0,0,0,0.0,12.0,11.0,1.0,0.0,0,
759,B.J. Ward,24,BAL,DB,15,0,0,0,0,0,0.0,1,0,1,11,0,0.0,15.0,11.0,4.0,1.0,0,
760,Tracy White,24,JAX,LB,15,0,0,0,0,0,0.0,0,0,0,0,0,0.0,4.0,3.0,1.0,0.0,0,
761,Marcus Wilkins,25,CIN,LB,15,0,0,0,0,0,0.0,0,0,0,0,0,0.0,16.0,11.0,5.0,0.0,0,
762,Kenyatta Wright,27,NYJ,LB,15,0,0,0,0,0,0.0,0,0,0,0,0,0.0,13.0,10.0,3.0,0.0,0,
763,Adam Archuleta,28,STL,SS,14,14,1,85,1,85,4.0,0,0,1,0,0,3.5,70.0,54.0,16.0,4.0,0,
764,Champ Bailey,27,DEN,LCB,14,14,8,139,2,65,23.0,1,0,0,0,0,0.0,66.0,60.0,6.0,3.0,0,"PB,AP-1,AP DPoY-6"
765,Anquan Boldin,25,ARI,WR,14,14,0,0,0,0,0.0,0,2,0,0,0,0.0,0.0,0.0,0.0,0.0,0,
766,Chartric Darby,30,SEA,LDT,14,14,0,0,0,0,0.0,0,0,0,0,0,2.5,30.0,19.0,11.0,3.0,0,
767,James Darling,31,ARI,MLB,14,14,2,22,0,15,4.0,0,0,0,0,0,1.0,88.0,71.0,17.0,4.0,0,
768,James Farrior,30,PIT,LILB,14,14,0,0,0,0,4.0,2,0,1,0,0,2.0,121.0,76.0,45.0,7.0,0,
769,Mike Flanagan,32,GNB,C,14,14,0,0,0,0,0.0,0,3,1,-15,0,0.0,0.0,0.0,0.0,0.0,0,
770,Randall Godfrey,32,SDG,RILB,14,14,0,0,0,0,3.0,1,0,4,35,0,1.0,77.0,56.0,21.0,3.0,0,
771,James Hall,28,DET,RDE,14,14,0,0,0,0,1.0,3,0,0,0,0,5.0,60.0,52.0,8.0,8.0,0,
772,Albert Haynesworth,24,TEN,RDT,14,14,0,0,0,0,1.0,1,0,0,0,0,3.0,52.0,36.0,16.0,9.0,0,
773,Torry Holt,29,STL,WR,14,14,0,0,0,0,0.0,0,2,1,0,0,0.0,1.0,1.0,0.0,0.0,0,PB
774,LaMont Jordan,27,OAK,RB,14,14,0,0,0,0,0.0,0,2,0,0,0,0.0,0.0,0.0,0.0,0.0,0,
775,Bhawoh Jue,26,SDG,FS,14,14,3,28,0,20,8.0,0,0,0,0,0,0.0,47.0,34.0,13.0,0.0,0,
776,Chad Lavalais,26,ATL,RDT,14,14,0,0,0,0,2.0,0,0,0,0,0,2.5,25.0,17.0,8.0,3.0,0,
777,Leonard Little,31,STL,LDE,14,14,0,0,0,0,3.0,3,0,2,0,0,9.5,57.0,46.0,11.0,11.0,0,
778,Brandon Manumaleuna,25,STL,TE,14,14,0,0,0,0,0.0,0,2,0,0,0,0.0,0.0,0.0,0.0,0.0,0,
779,Kareem McKenzie,26,NYG,RT,14,14,0,0,0,0,,0,0,2,0,0,0.0,0.0,0.0,0.0,0.0,0,
780,Steve McNair,32,TEN,QB,14,14,0,0,0,0,0.0,0,7,2,-1,0,0.0,0.0,0.0,0.0,0.0,0,PB
781,Shaun Rogers,26,DET,LDT,14,14,0,0,0,0,2.0,2,0,1,21,1,5.5,41.0,30.0,11.0,9.0,0,PB
782,Bob Sanders,24,IND,FS,14,14,1,0,0,0,4.0,1,0,1,0,0,0.0,92.0,72.0,20.0,3.0,0,"PB,AP-1"
783,Darren Sharper,30,MIN,FS,14,14,9,276,2,92,16.0,0,1,1,14,0,0.0,52.0,42.0,10.0,3.0,0,"PB,AP-2"
784,Randy Thomas,29,WAS,RG,14,14,0,0,0,0,0.0,0,0,0,0,0,0.0,1.0,0.0,1.0,0.0,0,
785,Zach Thomas,32,MIA,MLB,14,14,1,0,0,0,3.0,4,0,1,0,0,2.0,162.0,107.0,55.0,13.0,0,"PB,AP-2"
786,Cadillac Williams,23,TAM,RB,14,14,0,0,0,0,0.0,0,3,1,0,0,0.0,0.0,0.0,0.0,0.0,0,AP ORoY-1
787,Kevin Williams,25,MIN,RDT,14,14,0,0,0,0,7.0,0,0,1,6,0,4.0,42.0,31.0,11.0,6.0,0,
788,Courtney Anderson,25,OAK,TE,14,13,0,0,0,0,0.0,0,1,0,0,0,0.0,,,,,0,
789,Courtney Brown,27,DEN,LDE,14,13,0,0,0,0,1.0,0,0,2,0,0,2.0,24.0,20.0,4.0,6.0,0,
790,Bobby Hamilton,34,OAK,LDE,14,13,0,0,0,0,4.0,1,0,2,8,0,2.0,56.0,50.0,6.0,5.0,0,
791,Chris Harris,23,CHI,FS,14,13,3,44,0,44,8.0,0,0,2,49,0,1.0,58.0,48.0,10.0,4.0,0,
792,Greg Jones,24,JAX,FB,14,13,0,0,0,0,0.0,0,0,0,0,0,0.0,4.0,4.0,0.0,0.0,0,
793,Chris McAlister,28,BAL,LCB,14,13,1,0,0,0,14.0,1,0,0,0,0,0.0,49.0,47.0,2.0,1.0,0,
794,Joe Salave'a,30,WAS,RDT,14,13,0,0,0,0,0.0,1,0,1,0,0,0.5,32.0,24.0,8.0,3.0,0,
795,Ian Scott,24,CHI,LDT,14,13,1,3,0,3,5.0,0,0,0,0,0,0.0,33.0,22.0,11.0,7.0,0,
796,Peter Sirmon,28,TEN,LLB,14,13,0,0,0,0,2.0,0,0,1,41,0,2.5,69.0,46.0,23.0,5.0,0,
797,T.J. Houshmandzadeh,28,CIN,WR,14,12,0,0,0,0,0.0,0,1,0,0,0,0.0,0.0,0.0,0.0,0.0,0,
798,Michael Jenkins,23,ATL,WR,14,12,0,0,0,0,0.0,0,1,0,0,0,0.0,0.0,0.0,0.0,0.0,0,
799,Igor Olshansky,23,SDG,RDE,14,12,0,0,0,0,0.0,0,0,0,0,0,3.0,29.0,18.0,11.0,2.0,0,
800,Matt Stewart,26,CLE,LOLB,14,12,1,0,0,0,3.0,1,0,0,0,0,0.0,40.0,28.0,12.0,2.0,0,
801,Tom Ashworth,28,NWE,RT,14,11,0,0,0,0,0.0,0,0,1,0,0,0.0,0.0,0.0,0.0,0.0,0,
802,Mike Adams,24,SFO,FS,14,10,4,36,1,40,10.0,1,0,1,0,0,1.0,77.0,59.0,18.0,3.0,0,
803,Mark Clayton,23,BAL,WR,14,10,0,0,0,0,0.0,0,0,0,0,0,0.0,1.0,1.0,0.0,0.0,0,
804,Michael Clayton,23,TAM,WR,14,10,0,0,0,0,0.0,0,1,0,0,0,0.0,2.0,2.0,0.0,0.0,0,
805,Sam Adams,32,BUF,LDT,14,9,0,0,0,0,0.0,0,0,0,0,0,3.0,19.0,15.0,4.0,5.0,0,
806,Nick Leckey,23,ARI,C,14,9,0,0,0,0,0.0,0,0,1,0,0,0.0,0.0,0.0,0.0,0.0,0,
807,Reggie Torbor,24,NYG,LLB,14,9,1,37,0,37,3.0,1,0,1,0,0,0.0,45.0,34.0,11.0,6.0,0,
808,Brian Williams,26,MIN,RCB,14,9,4,59,0,31,9.0,2,1,0,0,0,1.0,48.0,36.0,12.0,1.0,0,
809,Chris Claiborne,27,STL,MLB,14,7,0,0,0,0,0.0,1,0,0,0,0,0.5,51.0,43.0,8.0,4.0,0,
810,Warrick Holdman,30,WAS,RLB,14,7,0,0,0,0,1.0,0,0,1,0,0,0.0,23.0,16.0,7.0,0.0,0,
811,Anthony Clement,29,SFO,LT,14,6,0,0,0,0,0.0,0,0,1,0,0,0.0,0.0,0.0,0.0,0.0,0,
812,Chris Henry,22,CIN,WR,14,5,0,0,0,0,0.0,0,2,0,0,0,0.0,,,,,0,
813,Derrick Johnson,23,SFO,RCB,14,5,0,0,0,0,4.0,0,0,1,78,1,1.0,40.0,33.0,7.0,2.0,0,
814,David Pollack,23,CIN,LLB,14,5,0,0,0,0,1.0,0,0,1,6,0,4.5,28.0,22.0,6.0,6.0,0,
815,Koren Robinson,25,MIN,WR,14,5,0,0,0,0,0.0,0,2,0,0,0,0.0,,,,,0,"PB,AP CPoY-5"
816,Adrien Clarke,24,PHI,G,14,4,0,0,0,0,0.0,0,0,1,0,0,0.0,0.0,0.0,0.0,0.0,0,
817,Tony Fisher,26,GNB,RB,14,4,0,0,0,0,0.0,0,2,2,0,0,0.0,3.0,2.0,1.0,0.0,0,
818,Lamar Gordon,25,PHI,RB,14,4,0,0,0,0,0.0,0,3,1,1,0,0.0,0.0,0.0,0.0,0.0,0,
819,Mike Williams,21,DET,WR,14,4,0,0,0,0,0.0,0,2,0,0,0,0.0,0.0,0.0,0.0,0.0,0,
820,Ryan Fowler,23,DAL,LB,14,3,0,0,0,0,0.0,1,0,1,9,0,0.0,29.0,23.0,6.0,2.0,0,
821,Maurice Hicks,27,SFO,RB,14,3,0,0,0,0,0.0,0,0,0,0,0,0.0,12.0,10.0,2.0,0.0,0,
822,Chris Horn,28,KAN,WR,14,3,0,0,0,0,0.0,0,0,0,0,0,0.0,11.0,11.0,0.0,0.0,0,
823,Lousaka Polite,24,DAL,RB,14,3,0,0,0,0,0.0,0,0,2,0,0,0.0,2.0,2.0,0.0,0.0,0,
824,Tony Stewart,26,CIN,TE,14,3,0,0,0,0,0.0,0,0,0,0,0,0.0,8.0,4.0,4.0,0.0,0,
825,Jerome Carter,23,STL,DB,14,2,0,0,0,0,0.0,1,0,0,0,0,0.0,45.0,36.0,9.0,1.0,0,
826,Casey Fitzsimmons,25,DET,TE,14,2,0,0,0,0,0.0,0,0,0,0,0,0.0,10.0,10.0,0.0,0.0,0,
827,Carlos Hall,26,KAN,DE,14,2,0,0,0,0,4.0,2,0,1,0,0,1.0,14.0,11.0,3.0,2.0,0,
828,Todd Johnson,27,CHI,DB,14,2,0,0,0,0,0.0,0,0,0,0,0,0.0,37.0,29.0,8.0,0.0,0,
829,Chris Perry,24,CIN,RB,14,2,0,0,0,0,0.0,0,2,1,0,0,0.0,0.0,0.0,0.0,0.0,0,
830,Dontarrious Thomas,25,MIN,LB,14,2,0,0,0,0,2.0,0,0,0,0,0,0.0,48.0,35.0,13.0,0.0,0,
831,Darryl Blackstock,22,ARI,LB,14,1,0,0,0,0,0.0,1,0,0,0,0,1.0,20.0,16.0,4.0,0.0,0,
832,Chris Clemons,24,WAS,DE,14,1,0,0,0,0,1.0,1,0,0,0,0,2.0,9.0,8.0,1.0,2.0,0,
833,Frank Gore,22,SFO,RB,14,1,0,0,0,0,0.0,0,2,1,0,0,0.0,0.0,0.0,0.0,0.0,0,
834,Leon Joe,24,CHI,LB,14,1,0,0,0,0,0.0,0,0,0,0,0,0.0,30.0,26.0,4.0,0.0,0,
835,Kalvin Pearson,27,TAM,DB,14,1,0,0,0,0,2.0,0,0,1,0,0,0.0,29.0,24.0,5.0,0.0,0,
836,Jason Simmons,29,HOU,DB,14,1,0,0,0,0,1.0,1,0,1,0,0,1.0,28.0,22.0,6.0,2.0,0,
837,Justin Tuck,22,NYG,DE,14,1,0,0,0,0,1.0,1,0,0,0,0,1.0,31.0,26.0,5.0,1.0,0,
838,Jimmy Williams,26,SEA,DB,14,1,2,6,0,6,5.0,0,2,1,0,0,0.0,45.0,35.0,10.0,0.0,0,
839,Kris Wilson,24,KAN,TE,14,1,0,0,0,0,0.0,0,0,0,0,0,0.0,3.0,2.0,1.0,0.0,0,
840,Derrick Wimbush,25,JAX,RB,14,1,0,0,0,0,0.0,0,1,0,0,0,0.0,12.0,10.0,2.0,0.0,0,
841,Kenderick Allen,27,NYG,DT,14,0,0,0,0,0,0.0,0,0,2,2,0,2.0,20.0,14.0,6.0,4.0,0,
842,Rashad Baker,23,BUF,DB,14,0,1,18,0,18,2.0,0,0,0,0,0,1.0,18.0,13.0,5.0,1.0,0,
843,Sam Brandon,26,DEN,DB,14,0,0,0,0,0,3.0,1,0,1,0,0,0.0,25.0,17.0,8.0,1.0,0,
844,Patrick Chukwurah,26,DEN,LB,14,0,0,0,0,0,1.0,0,0,0,0,0,0.0,7.0,5.0,2.0,0.0,0,
845,Ricardo Colclough,22,PIT,DB,14,0,1,14,0,14,2.0,0,1,0,0,0,1.0,32.0,26.0,6.0,1.0,0,
846,Josh Cribbs,22,CLE,WR,14,0,0,0,0,0,0.0,0,4,0,0,0,0.0,15.0,12.0,3.0,0.0,0,
847,Ronnie Cruz,24,KAN,RB,14,0,0,0,0,0,0.0,0,0,0,0,0,0.0,6.0,5.0,1.0,0.0,0,
848,Todd Devoe,25,DEN,WR,14,0,0,0,0,0,0.0,0,0,2,0,0,0.0,8.0,8.0,0.0,0.0,0,
849,Joel Dreessen,23,NYJ,TE,14,0,0,0,0,0,0.0,0,0,0,0,0,0.0,2.0,1.0,1.0,0.0,0,
850,T.J. Duckett,24,ATL,RB,14,0,0,0,0,0,0.0,0,2,0,0,0,0.0,,,,,0,
851,John Engelberger,29,DEN,DE,14,0,0,0,0,0,0.0,0,0,0,0,0,0.0,16.0,13.0,3.0,2.0,0,
852,Justin Fargas,25,OAK,FB,14,0,0,0,0,0,0.0,0,0,0,0,0,0.0,8.0,8.0,0.0,0.0,0,
853,Jamar Fletcher,26,SDG,DB,14,0,1,19,0,19,5.0,0,0,0,0,0,1.0,29.0,21.0,8.0,1.0,0,
854,Vernon Fox,26,DET,DB,14,0,0,0,0,0,0.0,0,0,0,0,0,0.0,11.0,7.0,4.0,0.0,0,
855,Louis Green,26,DEN,LB,14,0,0,0,0,0,0.0,0,0,0,0,0,0.0,10.0,8.0,2.0,0.0,0,
856,Verron Haynes,26,PIT,RB,14,0,0,0,0,0,0.0,0,2,1,0,0,0.0,4.0,4.0,0.0,0.0,0,
857,Rob Morris,30,IND,LB,14,0,0,0,0,0,2.0,0,0,1,0,0,0.0,33.0,24.0,9.0,2.0,0,
858,Harold Morrow,32,ARI,FB,14,0,0,0,0,0,0.0,0,0,0,0,0,0.0,16.0,14.0,2.0,0.0,0,
859,Sione Pouha,26,NYJ,DT,14,0,0,0,0,0,1.0,0,0,0,0,0,0.0,9.0,7.0,2.0,0.0,0,
860,B.J. Sander,25,GNB,P,14,0,0,0,0,0,0.0,0,1,1,0,0,0.0,0.0,0.0,0.0,0.0,0,
861,Junior Siavii,27,KAN,DT,14,0,0,0,0,0,0.0,0,0,1,0,0,0.0,6.0,5.0,1.0,0.0,0,
862,Corey Smith,26,SFO,DE,14,0,0,0,0,0,1.0,0,0,0,0,0,0.0,12.0,12.0,0.0,0.0,0,
863,Nick Speegle,24,CLE,LB,14,0,0,0,0,0,0.0,0,0,1,0,0,0.0,10.0,9.0,1.0,0.0,0,
864,Derrick Ward,25,NYG,RB,14,0,0,0,0,0,0.0,0,0,0,0,0,0.0,7.0,5.0,2.0,0.0,0,
865,Aaron Brooks,29,NOR,QB,13,13,0,0,0,0,0.0,0,4,2,-12,0,0.0,0.0,0.0,0.0,0.0,0,
866,Ryan Clark,26,WAS,SS,13,13,3,10,0,6,5.0,1,0,0,0,0,0.5,59.0,44.0,15.0,0.0,0,
867,Shaun Ellis,28,NYJ,LDE,13,13,0,0,0,0,0.0,1,0,0,0,0,2.5,38.0,31.0,7.0,4.0,0,
868,Bobby Engram,32,SEA,WR,13,13,0,0,0,0,0.0,0,2,0,0,0,0.0,0.0,0.0,0.0,0.0,0,
869,Steve Foley,30,SDG,ROLB,13,13,0,0,0,0,3.0,1,0,0,0,0,4.5,38.0,28.0,10.0,7.0,0,
870,Clark Haggans,28,PIT,LOLB,13,13,0,0,0,0,2.0,4,0,0,0,0,9.0,61.0,42.0,19.0,7.0,0,
871,Joe Horn,33,NOR,WR,13,13,0,0,0,0,0.0,0,2,0,0,0,0.0,0.0,0.0,0.0,0.0,0,
872,Andre Johnson,24,HOU,WR,13,13,0,0,0,0,0.0,0,1,0,0,0,0.0,0.0,0.0,0.0,0.0,0,
873,Kevin Jones,23,DET,RB,13,13,0,0,0,0,0.0,0,2,2,23,0,0.0,0.0,0.0,0.0,0.0,0,
874,Cato June,26,IND,RLB,13,13,5,115,2,36,7.0,0,0,0,0,0,0.0,103.0,68.0,35.0,1.0,0,"PB,AP-2"
875,Dan Morgan,27,CAR,MLB,13,13,0,0,0,0,2.0,1,0,1,0,0,3.0,77.0,59.0,18.0,4.0,0,
876,Jermaine Phillips,26,TAM,SS,13,13,0,0,0,0,3.0,0,0,0,0,0,0.0,61.0,46.0,15.0,2.0,0,
877,Antonio Pierce,27,NYG,MLB,13,13,2,41,0,24,11.0,1,0,2,12,1,2.5,100.0,80.0,20.0,7.0,0,
878,Corey Simon,28,IND,LDT,13,13,0,0,0,0,2.0,1,0,0,0,0,0.0,35.0,26.0,9.0,6.0,0,
879,Keith Traylor,36,MIA,LDT,13,13,0,0,0,0,2.0,0,0,0,0,0,2.0,32.0,22.0,10.0,3.0,0,
880,Bryant Young,33,SFO,LDE,13,13,0,0,0,0,2.0,2,0,0,0,0,8.0,36.0,32.0,4.0,9.0,0,
881,Drayton Florence,25,SDG,RCB,13,12,1,9,0,9,11.0,0,1,0,0,0,0.0,54.0,47.0,7.0,1.0,0,
882,Cornelius Griffin,29,WAS,LDT,13,12,1,0,0,0,2.0,1,0,1,0,0,4.0,35.0,34.0,1.0,8.0,0,
883,Walt Harris,31,WAS,LCB,13,12,1,0,0,0,11.0,0,0,0,0,0,0.0,57.0,49.0,8.0,4.0,0,
884,Hunter Hillenmeyer,25,CHI,LLB,13,12,1,0,0,0,2.0,0,0,0,0,0,1.0,63.0,45.0,18.0,4.0,0,
885,Sedrick Hodge,27,NOR,LLB,13,12,0,0,0,0,1.0,0,0,0,0,0,0.0,51.0,36.0,15.0,2.0,0,
886,Julius Jones,24,DAL,RB,13,12,0,0,0,0,0.0,0,4,1,0,0,0.0,0.0,0.0,0.0,0.0,0,
887,Montae Reagor,28,IND,RDT,13,12,0,0,0,0,0.0,0,0,4,37,1,5.5,36.0,27.0,9.0,7.0,0,
888,Dewayne Robertson,24,NYJ,RDT,13,12,0,0,0,0,1.0,1,0,0,0,0,3.5,43.0,28.0,15.0,3.0,0,
889,Darwin Walker,28,PHI,RDT,13,12,0,0,0,0,0.0,1,0,2,18,0,2.5,29.0,24.0,5.0,3.0,0,
890,Leigh Bodden,24,CLE,RCB,13,11,3,6,0,6,17.0,2,0,0,0,0,0.0,58.0,47.0,11.0,3.0,0,
891,Stephen Davis,31,CAR,RB,13,11,0,0,0,0,0.0,0,2,0,0,0,0.0,0.0,0.0,0.0,0.0,0,
892,Marcus Tubbs,24,SEA,RDT,13,11,0,0,0,0,2.0,2,0,1,0,0,5.5,40.0,27.0,13.0,3.0,0,
893,Demarcus Faggins,26,HOU,LCB,13,10,0,0,0,0,6.0,0,0,0,0,0,0.0,50.0,42.0,8.0,0.0,0,
894,Keith Newman,28,MIN,LLB,13,10,1,1,0,1,3.0,1,0,1,0,0,3.0,42.0,29.0,13.0,5.0,0,
895,Leander Jordan,28,SDG,LT,13,9,0,0,0,0,0.0,0,0,1,0,0,0.0,0.0,0.0,0.0,0.0,0,
896,Will Allen,23,TAM,FS,13,8,3,26,0,26,4.0,0,0,1,33,1,0.0,49.0,34.0,15.0,2.0,0,
897,LaVar Arrington,27,WAS,RLB,13,8,0,0,0,0,1.0,0,0,0,0,0,0.0,47.0,39.0,8.0,5.0,0,
898,David Barrett,28,NYJ,RCB,13,8,5,28,0,13,12.0,2,1,1,30,0,0.0,49.0,41.0,8.0,3.0,0,
899,Andre Woolfolk,25,TEN,LCB,13,7,1,3,0,3,7.0,1,0,1,8,0,0.0,55.0,42.0,13.0,1.0,0,
900,Courtney Roby,22,TEN,WR,13,6,0,0,0,0,0.0,0,1,0,0,0,0.0,2.0,1.0,1.0,0.0,0,
901,Ovie Mughelli,25,BAL,FB,13,5,0,0,0,0,0.0,0,1,0,0,0,0.0,10.0,8.0,2.0,0.0,0,
902,Shaun Smith,24,CIN,LDT,13,5,0,0,0,0,0.0,0,0,0,0,0,0.0,26.0,18.0,8.0,2.0,0,
903,Robert Tate,32,ARI,LCB,13,5,2,47,0,25,4.0,1,0,0,0,0,0.0,38.0,36.0,2.0,1.0,0,
904,Michael Stone,27,NWE,DB,13,3,0,0,0,0,0.0,0,0,0,0,0,0.0,46.0,40.0,6.0,2.0,0,
905,Daniel Wilcox,28,BAL,TE,13,3,0,0,0,0,0.0,0,0,1,0,0,0.0,14.0,12.0,2.0,0.0,0,
906,Marion Barber III,22,DAL,RB,13,2,0,0,0,0,0.0,0,3,3,-5,0,0.0,2.0,1.0,1.0,0.0,0,
907,Donte Curry,27,DET,LB,13,2,0,0,0,0,0.0,0,0,0,0,0,0.0,38.0,28.0,10.0,1.0,0,
908,Troy Fleming,25,TEN,RB,13,2,0,0,0,0,0.0,0,0,1,0,0,0.0,7.0,7.0,0.0,0.0,0,
909,Antwan Lake,26,ATL,DE,13,2,0,0,0,0,0.0,2,0,0,0,0,3.5,18.0,11.0,7.0,2.0,1,
910,Grey Ruegamer,29,GNB,G,13,2,0,0,0,0,0.0,0,0,0,0,0,0.0,1.0,1.0,0.0,0.0,0,
911,Ryan Boschetti,24,WAS,DT,13,1,0,0,0,0,0.0,0,0,0,0,0,0.0,7.0,5.0,2.0,0.0,0,
912,Matt Bowen,29,WAS,DB,13,1,0,0,0,0,3.0,0,0,0,0,0,0.0,14.0,13.0,1.0,0.0,0,
913,Curome Cox,24,DEN,DB,13,1,1,48,0,48,5.0,0,0,0,0,0,0.0,19.0,17.0,2.0,0.0,0,
914,Steve Gleason,28,NOR,DB,13,1,0,0,0,0,0.0,0,0,0,0,0,0.0,14.0,12.0,2.0,0.0,0,
915,Chris Johnson,26,STL,DB,13,1,0,0,0,0,4.0,1,2,1,0,0,0.0,45.0,42.0,3.0,3.0,0,
916,Brian Jones,24,JAX,TE,13,1,0,0,0,0,0.0,0,0,0,0,0,0.0,9.0,9.0,0.0,0.0,0,
917,Dominic Rhodes,26,IND,RB,13,1,0,0,0,0,0.0,0,2,0,0,0,0.0,1.0,1.0,0.0,0.0,0,
918,Stephen Spach,23,PHI,TE,13,1,0,0,0,0,0.0,0,0,0,0,0,0.0,1.0,1.0,0.0,0.0,0,
919,Blue Adams,26,TAM,DB,13,0,0,0,0,0,0.0,0,0,0,0,0,0.0,14.0,11.0,3.0,0.0,0,
920,Tully Banta-Cain,25,NWE,LB,13,0,0,0,0,0,0.0,0,0,0,0,0,0.5,9.0,6.0,3.0,0.0,0,
921,Jon Bradley,24,TAM,DT,13,0,0,0,0,0,0.0,0,0,0,0,0,0.0,1.0,1.0,0.0,0.0,0,
922,Kevin Burnett,23,DAL,LB,13,0,0,0,0,0,0.0,0,0,0,0,0,1.0,18.0,14.0,4.0,1.0,0,
923,Ciatrick Fason,23,MIN,RB,13,0,0,0,0,0,0.0,0,1,0,0,0,0.0,1.0,1.0,0.0,0.0,0,
924,Rich Gardner,24,TEN,DB,13,0,0,0,0,0,0.0,0,0,0,0,0,0.0,11.0,7.0,4.0,0.0,0,
925,Robbie Gould,23,CHI,K,13,0,0,0,0,0,0.0,0,0,0,0,0,0.0,2.0,2.0,0.0,0.0,0,
926,Will Hunter,26,MIN,DB,13,0,0,0,0,0,0.0,0,0,0,0,0,0.0,12.0,10.0,2.0,0.0,0,
927,Robert Mathis,24,IND,DE,13,0,0,0,0,0,2.0,8,0,0,0,0,11.5,56.0,45.0,11.0,10.0,0,
928,Mel Mitchell,26,NOR,DB,13,0,0,0,0,0,0.0,0,0,0,0,0,0.0,7.0,6.0,1.0,0.0,0,
929,Don Muhlbach,24,DET,LS,13,0,0,0,0,0,0.0,0,0,0,0,0,0.0,2.0,2.0,0.0,0.0,0,
930,Ryan Neufeld,30,BUF,TE,13,0,0,0,0,0,0.0,0,0,0,0,0,0.0,8.0,5.0,3.0,0.0,0,
931,Karl Paymah,23,DEN,DB,13,0,0,0,0,0,0.0,0,0,0,0,0,0.0,14.0,11.0,3.0,0.0,0,
932,Jarrett Payton,25,TEN,RB,13,0,0,0,0,0,0.0,0,0,1,0,0,0.0,4.0,2.0,2.0,0.0,0,
933,Brodney Pool,21,CLE,DB,13,0,1,1,0,1,5.0,0,0,2,0,0,1.0,35.0,26.0,9.0,1.0,0,
934,David Tyree,25,NYG,WR,13,0,0,0,0,0,0.0,0,1,1,0,0,0.0,16.0,13.0,3.0,0.0,0,PB
935,Coy Wire,27,BUF,DB,13,0,0,0,0,0,0.0,1,0,0,0,0,0.0,10.0,7.0,3.0,1.0,0,
936,Mike Wright,23,NWE,DT,13,0,0,0,0,0,0.0,0,0,0,0,0,0.0,13.0,9.0,4.0,1.0,0,
937,Kevan Barlow,26,SFO,RB,12,12,0,0,0,0,0.0,0,2,0,0,0,0.0,0.0,0.0,0.0,0.0,0,
938,Mike Brown,27,CHI,SS,12,12,3,116,1,72,6.0,1,0,0,0,0,1.0,72.0,63.0,9.0,1.0,0,"PB,AP-2"
939,Terrence Kiel,25,SDG,SS,12,12,0,0,0,0,6.0,1,0,1,0,0,1.0,59.0,49.0,10.0,1.0,0,
940,D.D. Lewis,26,SEA,RLB,12,12,0,0,0,0,1.0,1,0,0,0,0,0.0,64.0,46.0,18.0,4.0,0,
941,Curtis Martin,32,NYJ,RB,12,12,0,0,0,0,0.0,0,2,2,0,0,0.0,1.0,0.0,1.0,0.0,0,
942,Ben Roethlisberger,23,PIT,QB,12,12,0,0,0,0,0.0,0,2,1,-1,0,0.0,0.0,0.0,0.0,0.0,0,
943,Oliver Ross,31,ARI,RT,12,12,0,0,0,0,0.0,0,0,1,0,0,0.0,0.0,0.0,0.0,0.0,0,
944,Richard Seymour,26,NWE,RDE,12,12,0,0,0,0,4.0,1,0,1,0,0,4.0,47.0,36.0,11.0,8.0,0,"PB,AP-1"
945,Alex Barron,23,STL,RT,12,11,0,0,0,0,0.0,0,0,1,0,0,0.0,0.0,0.0,0.0,0.0,0,
946,Dre' Bly,28,DET,RCB,12,11,6,54,0,28,13.0,3,1,1,0,0,0.0,45.0,41.0,4.0,0.0,0,
947,Joey Harrington,27,DET,QB,12,11,0,0,0,0,0.0,0,7,1,-3,0,0.0,0.0,0.0,0.0,0.0,0,
948,Bruce Thornton,25,SFO,LCB,12,11,2,0,0,0,8.0,0,0,0,0,0,0.0,41.0,37.0,4.0,0.0,0,
949,Corey Dillon,31,NWE,RB,12,10,0,0,0,0,0.0,0,1,0,0,0,0.0,,,,,0,
950,Anthony Henry,29,DAL,RCB,12,10,3,102,1,58,14.0,1,0,0,0,0,0.0,49.0,40.0,9.0,0.0,0,
951,Nate Burleson,24,MIN,WR,12,9,0,0,0,0,0.0,0,0,2,0,0,0.0,0.0,0.0,0.0,0.0,0,
952,Dexter Coakley,33,STL,RLB,12,9,1,16,0,16,2.0,1,0,0,0,0,2.0,38.0,28.0,10.0,3.0,0,
953,Darren Howard,29,NOR,LDE,12,9,0,0,0,0,2.0,2,0,2,-2,0,3.5,33.0,24.0,9.0,6.0,0,
954,Samie Parker,24,KAN,WR,12,9,0,0,0,0,0.0,0,2,0,0,0,0.0,0.0,0.0,0.0,0.0,0,
955,Darrent Williams,23,DEN,RCB,12,9,2,108,1,80,10.0,1,2,1,0,0,1.0,54.0,50.0,4.0,2.0,0,
956,Antonio Smith,24,ARI,RDE,12,8,0,0,0,0,0.0,0,0,0,0,0,3.0,24.0,23.0,1.0,7.0,0,
957,Tyrone Calico,25,TEN,WR,12,6,0,0,0,0,0.0,0,1,0,0,0,0.0,0.0,0.0,0.0,0.0,0,
958,Kelly Herndon,29,SEA,LCB,12,6,2,12,0,10,9.0,1,0,0,0,0,0.0,55.0,51.0,4.0,1.0,0,
959,Kenyon Coleman,26,DAL,LDE,12,5,0,0,0,0,0.0,0,0,0,0,0,0.5,17.0,11.0,6.0,0.0,0,
960,Eric Green,23,ARI,LCB,12,5,1,13,0,13,6.0,1,0,1,0,0,0.0,42.0,37.0,5.0,0.0,0,
961,Dexter McCleon,32,KAN,RCB,12,5,2,0,0,0,7.0,0,0,0,0,0,0.0,21.0,20.0,1.0,0.0,0,
962,Carlos Rogers,24,WAS,LCB,12,5,2,14,0,14,4.0,2,0,0,0,0,0.0,48.0,44.0,4.0,1.0,0,
963,Paul Smith,27,DET,FB,12,5,0,0,0,0,0.0,0,1,0,0,0,0.0,3.0,2.0,1.0,0.0,0,
964,Fakhir Brown,28,NOR,DB,12,4,0,0,0,0,6.0,0,0,0,0,0,0.0,34.0,33.0,1.0,0.0,0,
965,Justin Green,23,BAL,FB,12,4,0,0,0,0,0.0,0,0,0,0,0,0.0,4.0,4.0,0.0,0.0,0,
966,Cedric Houston,23,NYJ,RB,12,4,0,0,0,0,0.0,0,1,0,0,0,0.0,1.0,1.0,0.0,0.0,0,
967,Patrick Pass,28,NWE,FB,12,4,0,0,0,0,0.0,0,2,0,0,0,0.0,6.0,6.0,0.0,0.0,0,
968,Aaron Shea,29,CLE,TE,12,4,0,0,0,0,0.0,0,0,0,0,0,0.0,1.0,1.0,0.0,0.0,0,
969,Jason Babin,25,HOU,DT,12,3,0,0,0,0,2.0,2,0,0,0,0,4.0,37.0,26.0,11.0,6.0,0,
970,Zeron Flemister,29,OAK,TE,12,3,0,0,0,0,0.0,0,0,0,0,0,0.0,3.0,3.0,0.0,0.0,0,
971,Kassim Osgood,25,SDG,WR,12,3,0,0,0,0,0.0,0,0,0,0,0,0.0,19.0,14.0,5.0,0.0,0,
972,Lewis Sanders,27,HOU,DB,12,3,1,29,0,29,3.0,1,0,0,0,0,0.0,31.0,27.0,4.0,2.0,0,
973,Ricky Williams,28,MIA,RB,12,3,0,0,0,0,0.0,0,1,1,0,0,0.0,0.0,0.0,0.0,0.0,0,AP CPoY-5
974,Az-Zahir Hakim,28,NOR,WR,12,2,0,0,0,0,0.0,0,1,0,0,0,0.0,,,,,0,
975,Jason McAddley,26,SFO,WR,12,2,0,0,0,0,0.0,0,0,1,0,0,0.0,10.0,8.0,2.0,0.0,0,
976,C.J. Mosley,22,MIN,DT,12,2,0,0,0,0,1.0,1,0,0,0,0,3.0,19.0,15.0,4.0,2.0,0,
977,Derrick Pope,23,MIA,LB,12,2,0,0,0,0,0.0,1,0,0,0,0,0.0,29.0,23.0,6.0,4.0,0,
978,Josh Thomas,24,IND,DE,12,2,0,0,0,0,0.0,0,0,0,0,0,3.0,25.0,14.0,11.0,2.0,0,
979,James Thrash,30,WAS,WR,12,2,0,0,0,0,0.0,0,1,0,0,0,0.0,10.0,8.0,2.0,0.0,0,
980,Dwan Edwards,24,BAL,DE,12,1,0,0,0,0,0.0,1,0,0,0,0,0.0,24.0,17.0,7.0,0.0,0,
981,Mike Logan,31,PIT,DB,12,1,0,0,0,0,1.0,0,0,0,0,0,0.0,24.0,16.0,8.0,0.0,0,
982,Bryant McFadden,24,PIT,DB,12,1,1,0,0,0,7.0,1,0,1,9,0,1.0,21.0,20.0,1.0,1.0,0,
983,Vernand Morency,25,HOU,RB,12,1,0,0,0,0,0.0,0,1,1,0,0,0.0,1.0,0.0,1.0,0.0,0,
984,Brady Poppinga,26,GNB,LB,12,1,0,0,0,0,0.0,0,0,0,0,0,2.0,28.0,23.0,5.0,1.0,0,
985,Mike Seidman,24,CAR,TE,12,1,0,0,0,0,0.0,0,1,0,0,0,0.0,,,,,0,
986,Chris Thompson,23,CHI,DB,12,1,0,0,0,0,0.0,0,0,1,0,0,0.0,10.0,7.0,3.0,0.0,0,
987,O.J. Atogwe,24,STL,DB,12,0,1,42,0,42,1.0,0,0,1,0,0,1.0,12.0,10.0,2.0,1.0,0,
988,Ladell Betts,26,WAS,RB,12,0,0,0,0,0,0.0,0,3,0,0,0,0.0,1.0,1.0,0.0,0.0,0,
989,Fred Booker,27,NOR,DB,12,0,0,0,0,0,0.0,0,0,0,0,0,0.0,9.0,7.0,2.0,0.0,0,
990,Oliver Celestin,24,NYJ,DB,12,0,0,0,0,0,1.0,0,0,0,0,0,0.0,26.0,21.0,5.0,1.0,0,
991,Marquis Cooper,23,TAM,LB,12,0,0,0,0,0,0.0,0,0,0,0,0,0.0,18.0,16.0,2.0,0.0,0,
992,Rashied Davis,26,CHI,DB,12,0,0,0,0,0,0.0,0,2,1,0,0,0.0,10.0,6.0,4.0,0.0,0,
993,Eddie Drummond,25,DET,WR,12,0,0,0,0,0,0.0,0,1,0,0,0,0.0,2.0,2.0,0.0,0.0,0,
994,Dovonte Edwards,23,MIN,DB,12,0,1,51,1,51,3.0,0,0,0,0,0,0.0,17.0,16.0,1.0,0.0,0,
995,Frisman Jackson,26,CLE,WR,12,0,0,0,0,0,0.0,0,0,0,0,0,0.0,2.0,2.0,0.0,0.0,0,
996,Niko Koutouvides,24,SEA,LB,12,0,0,0,0,0,0.0,0,0,0,0,0,0.0,13.0,10.0,3.0,0.0,0,
997,Rasheed Marshall,24,SFO,WR,12,0,0,0,0,0,0.0,0,4,1,0,0,0.0,1.0,1.0,0.0,0.0,0,
998,Jerome Mathis,22,HOU,WR,12,0,0,0,0,0,0.0,0,3,1,0,0,0.0,,,,,0,"PB,AP-1"
999,Darnerien McCants,29,PHI,WR,12,0,0,0,0,0,0.0,0,0,0,0,0,0.0,4.0,4.0,0.0,0.0,0,
1000,Lance Mitchell,24,ARI,LB,12,0,0,0,0,0,0.0,0,0,0,0,0,0.0,8.0,7.0,1.0,0.0,0,
1001,Mike Montgomery,22,GNB,DT,12,0,0,0,0,0,0.0,0,0,0,0,0,1.0,22.0,15.0,7.0,1.0,0,
1002,James Mungro,27,IND,RB,12,0,0,0,0,0,0.0,0,0,0,0,0,0.0,1.0,1.0,0.0,0.0,0,
1003,Andrew Pinnock,25,SDG,FB,12,0,0,0,0,0,0.0,0,0,0,0,0,0.0,3.0,3.0,0.0,0.0,0,
1004,Ryan Riddle,24,OAK,DE,12,0,0,0,0,0,0.0,0,0,0,0,0,0.0,7.0,5.0,2.0,0.0,0,
1005,Chad Slaughter,27,OAK,T,12,0,0,0,0,0,0.0,0,0,1,0,0,0.0,0.0,0.0,0.0,0.0,0,
1006,Rod Smart,28,CAR,RB,12,0,0,0,0,0,0.0,0,1,0,0,0,0.0,9.0,7.0,2.0,0.0,0,
1007,Sean Tufts,23,CAR,LB,12,0,0,0,0,0,0.0,0,0,1,0,0,0.0,11.0,9.0,2.0,0.0,0,
1008,Bobby Wade,24,CHI,WR,12,0,0,0,0,0,0.0,0,10,4,0,0,0.0,2.0,2.0,0.0,0.0,0,
1009,Corey Williams,25,GNB,DT,12,0,0,0,0,0,0.0,0,0,0,0,0,2.0,26.0,17.0,9.0,4.0,0,
1010,Boss Bailey,26,DET,LLB,11,11,1,34,1,34,3.0,0,0,0,0,0,1.0,59.0,39.0,20.0,1.0,0,
1011,Will Demps,26,BAL,FS,11,11,0,0,0,0,2.0,0,0,2,22,0,0.0,52.0,48.0,4.0,0.0,0,
1012,Trent Dilfer,33,CLE,QB,11,11,0,0,0,0,0.0,0,9,0,-14,0,0.0,0.0,0.0,0.0,0.0,0,
1013,Byron Leftwich,25,JAX,QB,11,11,0,0,0,0,0.0,0,8,1,0,0,0.0,0.0,0.0,0.0,0.0,0,
1014,Fred Taylor,29,JAX,RB,11,11,0,0,0,0,0.0,0,0,1,0,0,0.0,0.0,0.0,0.0,0.0,0,
1015,Gary Walker,32,HOU,LDE,11,11,0,0,0,0,4.0,2,0,0,0,0,1.0,30.0,20.0,10.0,6.0,0,
1016,Domanick Williams,25,HOU,RB,11,11,0,0,0,0,0.0,0,2,1,0,0,0.0,0.0,0.0,0.0,0.0,0,
1017,Earl Holmes,32,DET,MLB,11,10,0,0,0,0,1.0,2,0,0,0,0,0.0,75.0,51.0,24.0,7.0,0,
1018,Dexter Jackson,28,TAM,FS,11,10,1,21,0,21,5.0,0,0,0,0,0,1.0,45.0,32.0,13.0,2.0,0,
1019,Chris Simms,25,TAM,QB,11,10,0,0,0,0,0.0,0,6,1,-1,0,0.0,0.0,0.0,0.0,0.0,0,
1020,Eric Warfield,29,KAN,RCB,11,10,1,57,1,57,9.0,0,0,2,0,0,0.0,57.0,53.0,4.0,2.0,0,
1021,Brooks Bollinger,26,NYJ,QB,11,9,0,0,0,0,0.0,0,3,2,-3,0,0.0,0.0,0.0,0.0,0.0,0,
1022,Daniel Graham,27,NWE,TE,11,9,0,0,0,0,0.0,0,1,1,0,0,0.0,1.0,1.0,0.0,0.0,0,
1023,Ben Emanuel,23,SFO,SS,11,8,1,38,0,35,5.0,0,0,1,0,0,0.5,39.0,34.0,5.0,2.0,0,
1024,Cory Schlesinger,33,DET,FB,11,8,0,0,0,0,0.0,0,0,0,0,0,0.0,2.0,2.0,0.0,0.0,0,
1025,Fred Smoot,26,MIN,RCB,11,8,2,0,0,0,9.0,0,0,0,0,0,0.0,41.0,37.0,4.0,0.0,0,
1026,Robert Ferguson,26,GNB,WR,11,7,0,0,0,0,0.0,0,0,0,0,0,0.0,2.0,2.0,0.0,0.0,0,
1027,Gilbert Gardner,23,IND,LB,11,3,1,16,0,16,2.0,0,0,0,0,0,1.0,28.0,19.0,9.0,2.0,0,
1028,Bernard Berrian,25,CHI,WR,11,2,0,0,0,0,0.0,0,1,0,0,0,0.0,,,,,0,
1029,Ethan Kelley,25,CLE,DT,11,2,0,0,0,0,0.0,0,0,0,0,0,1.0,21.0,15.0,6.0,5.0,0,
1030,Rashad Bauman,26,CIN,DB,11,1,0,0,0,0,1.0,0,0,0,0,0,0.0,12.0,11.0,1.0,0.0,0,
1031,Jerry DeLoach,28,HOU,DE,11,1,0,0,0,0,0.0,0,0,0,0,0,1.0,13.0,10.0,3.0,1.0,0,
1032,Michael Hawkins,22,GNB,DB,11,1,0,0,0,0,2.0,0,0,0,0,0,0.0,14.0,12.0,2.0,0.0,0,
1033,Israel Idonije,25,CHI,DE,11,1,0,0,0,0,1.0,0,1,1,0,0,1.0,20.0,16.0,4.0,2.0,0,
1034,Junior Ioane,28,HOU,DT,11,1,0,0,0,0,0.0,0,0,0,0,0,0.0,21.0,11.0,10.0,1.0,0,
1035,Bethel Johnson,26,NWE,WR,11,1,0,0,0,0,0.0,0,1,1,0,0,0.0,7.0,5.0,2.0,0.0,0,
1036,Jim Maxwell,24,SFO,LB,11,1,0,0,0,0,0.0,0,0,1,0,0,0.0,17.0,15.0,2.0,1.0,0,
1037,Carl Powell,31,CIN,DE,11,1,0,0,0,0,1.0,0,0,0,0,0,1.0,13.0,9.0,4.0,4.0,0,
1038,Joey Thomas,25,2TM,DB,11,1,0,0,0,0,3.0,0,0,0,0,0,0.0,15.0,11.0,4.0,1.0,0,
1038,Joey Thomas,25,GNB,DB,6,1,0,0,0,0,3.0,0,0,0,0,0,0.0,14.0,11.0,3.0,1.0,0,
1038,Joey Thomas,25,NOR,DB,5,0,0,0,0,0,0.0,0,0,0,0,0,0.0,1.0,0.0,1.0,0.0,0,
1039,Marcellus Wiley,31,JAX,DE,11,1,0,0,0,0,0.0,0,0,0,0,0,0.0,6.0,6.0,0.0,0.0,0,
1040,Floyd Womack,27,SEA,T,11,1,0,0,0,0,0.0,0,0,0,0,0,0.0,1.0,1.0,0.0,0.0,0,
1041,Otis Amey,24,SFO,WR,11,0,0,0,0,0,0.0,0,1,0,0,0,0.0,,,,,0,
1042,Idrees Bashir,27,CAR,DB,11,0,0,0,0,0,0.0,0,0,0,0,0,0.0,2.0,1.0,1.0,0.0,0,
1043,Greg Brooks,25,CIN,DB,11,0,0,0,0,0,0.0,0,0,0,0,0,0.0,8.0,7.0,1.0,0.0,0,
1044,Patrick Crayton,26,DAL,WR,11,0,0,0,0,0,0.0,0,3,2,0,0,0.0,0.0,0.0,0.0,0.0,0,
1045,Alfred Fincher,22,NOR,LB,11,0,0,0,0,0,0.0,0,0,0,0,0,0.0,8.0,7.0,1.0,0.0,0,
1046,Aaron Francisco,22,ARI,DB,11,0,0,0,0,0,0.0,0,0,0,0,0,0.0,7.0,5.0,2.0,0.0,0,
1047,Andre Frazier,23,PIT,LB,11,0,0,0,0,0,0.0,1,0,0,0,0,1.0,11.0,9.0,2.0,0.0,0,
1048,Marques Harris,24,SDG,LB,11,0,0,0,0,0,1.0,0,0,0,0,0,1.0,10.0,8.0,2.0,1.0,0,
1049,Michael Haynes,25,CHI,DE,11,0,0,0,0,0,0.0,0,0,0,0,0,1.5,15.0,10.0,5.0,2.0,0,
1050,John Leake,24,2TM,LB,11,0,0,0,0,0,0.0,0,0,0,0,0,0.0,8.0,5.0,3.0,0.0,0,
1050,John Leake,24,ATL,LB,8,0,0,0,0,0,0.0,0,0,0,0,0,0.0,4.0,4.0,0.0,0.0,0,
1050,John Leake,24,GNB,LB,3,0,0,0,0,0,0.0,0,0,0,0,0,0.0,4.0,1.0,3.0,0.0,0,
1051,Keith O'Neil,25,IND,LB,11,0,0,0,0,0,0.0,1,0,0,0,0,0.0,32.0,24.0,8.0,2.0,0,
1052,Willie Ponder,25,NYG,WR,11,0,0,0,0,0,0.0,0,1,1,0,0,0.0,2.0,2.0,0.0,0.0,0,
1053,Ryan Pontbriand,26,CLE,LS,11,0,0,0,0,0,0.0,0,0,0,0,0,0.0,3.0,2.0,1.0,0.0,0,
1054,Omar Stoutmire,31,WAS,DB,11,0,0,0,0,0,1.0,1,0,0,0,0,0.0,18.0,15.0,3.0,0.0,0,
1055,Terrence Holt,25,DET,FS,10,10,2,51,0,51,5.0,1,0,2,38,0,0.0,42.0,32.0,10.0,0.0,0,
1056,William Joseph,26,NYG,RDT,10,10,0,0,0,0,3.0,0,0,1,5,0,2.0,19.0,14.0,5.0,5.0,0,
1057,Ed Reed,27,BAL,SS,10,10,1,23,0,23,9.0,0,0,0,0,0,0.0,37.0,33.0,4.0,0.0,0,
1058,Warren Sapp,33,OAK,RDT,10,10,1,3,0,3,3.0,1,0,0,0,0,5.0,32.0,29.0,3.0,3.0,0,
1059,Lito Sheppard,24,PHI,LCB,10,10,3,72,0,34,9.0,1,0,0,0,0,1.0,32.0,28.0,4.0,1.0,0,
1060,Kurt Warner,34,ARI,QB,10,10,0,0,0,0,0.0,0,9,3,-9,0,0.0,0.0,0.0,0.0,0.0,0,
1061,Bryan Robinson,31,CIN,LDT,10,9,0,0,0,0,0.0,0,0,0,0,0,0.0,18.0,9.0,9.0,2.0,0,
1062,Robert Thomas,25,GNB,RLB,10,9,1,24,0,24,1.0,0,0,0,0,0,0.0,41.0,30.0,11.0,2.0,0,
1063,Arnaz Battle,25,SFO,WR,10,8,0,0,0,0,0.0,0,1,0,0,0,0.0,0.0,0.0,0.0,0.0,0,
1064,Kelly Holcomb,32,BUF,QB,10,8,0,0,0,0,0.0,0,13,3,-31,0,0.0,0.0,0.0,0.0,0.0,0,
1065,Anthony Weaver,25,BAL,LDE,10,8,0,0,0,0,0.0,0,0,1,0,0,2.0,33.0,28.0,5.0,8.0,0,
1066,Ron Bartell,23,STL,RCB,10,7,0,0,0,0,4.0,1,0,0,0,0,0.0,38.0,33.0,5.0,1.0,0,
1067,Glenn Earl,24,HOU,SS,10,7,2,2,0,2,6.0,0,0,0,0,0,0.0,35.0,22.0,13.0,2.0,0,
1068,Phillip Buchanon,25,HOU,LCB,10,6,0,0,0,0,4.0,0,2,2,0,0,0.0,35.0,29.0,6.0,1.0,0,
1069,Mike Pucillo,26,CLE,LG,10,6,0,0,0,0,,0,0,1,0,0,0.0,0.0,0.0,0.0,0.0,0,
1070,Andre Dyson,26,SEA,LCB,10,5,1,72,1,72,10.0,1,0,1,25,1,0.0,21.0,20.0,1.0,0.0,0,
1071,J.P. Foschi,23,OAK,FB,10,5,0,0,0,0,0.0,0,0,0,0,0,0.0,1.0,1.0,0.0,0.0,0,
1072,Spencer Johnson,24,MIN,DT,10,2,0,0,0,0,2.0,0,0,0,0,0,0.0,29.0,20.0,9.0,1.0,0,
1073,James Sanders,22,NWE,DB,10,2,1,39,1,39,1.0,0,0,1,0,0,0.0,16.0,13.0,3.0,0.0,0,
1074,B.J. Askew,25,NYJ,FB,10,1,0,0,0,0,0.0,0,0,0,0,0,0.0,9.0,6.0,3.0,0.0,0,
1075,Travis Henry,27,TEN,RB,10,1,0,0,0,0,0.0,0,2,1,0,0,0.0,0.0,0.0,0.0,0.0,0,
1076,Cedric Killings,28,WAS,DT,10,1,0,0,0,0,0.0,0,0,0,0,0,0.0,13.0,9.0,4.0,1.0,0,
1077,Roscoe Parrish,23,BUF,WR,10,1,0,0,0,0,0.0,0,2,1,0,0,0.0,0.0,0.0,0.0,0.0,0,
1078,Brett Pierce,24,DAL,TE,10,1,0,0,0,0,0.0,0,0,1,0,0,0.0,6.0,6.0,0.0,0.0,0,
1079,Hank Poteat,28,NWE,DB,10,1,0,0,0,0,0.0,1,0,0,0,0,1.0,21.0,17.0,4.0,1.0,0,
1080,Lamont Reid,23,ARI,DB,10,1,0,0,0,0,1.0,0,0,0,0,0,0.0,20.0,19.0,1.0,1.0,0,
1081,T.J. Slaughter,28,NOR,LB,10,1,1,0,0,0,1.0,0,0,0,0,0,0.0,22.0,18.0,4.0,2.0,0,
1082,Roc Alexander,24,DEN,DB,10,0,0,0,0,0,0.0,0,0,1,0,0,0.0,6.0,4.0,2.0,0.0,0,
1083,Marques Anderson,26,2TM,DB,10,0,0,0,0,0,0.0,0,0,0,0,0,0.0,4.0,3.0,1.0,0.0,0,
1083,Marques Anderson,26,DEN,DB,6,0,0,0,0,0,0.0,0,0,0,0,0,0.0,3.0,3.0,0.0,0.0,0,
1083,Marques Anderson,26,SFO,DB,4,0,0,0,0,0,0.0,0,0,0,0,0,0.0,1.0,0.0,1.0,0.0,0,
1084,Marc Boerigter,27,KAN,WR,10,0,0,0,0,0,0.0,0,0,0,0,0,0.0,2.0,2.0,0.0,0.0,0,
1085,Duane Clemons,31,CIN,DE,10,0,0,0,0,0,1.0,0,0,1,0,0,2.0,12.0,10.0,2.0,3.0,0,
1086,Devard Darling,23,BAL,WR,10,0,0,0,0,0,0.0,0,0,0,0,0,0.0,3.0,3.0,0.0,0.0,0,
1087,Ron Dayne,27,DEN,RB,10,0,0,0,0,0,0.0,0,1,0,0,0,0.0,0.0,0.0,0.0,0.0,0,
1088,Isaiah Ekejiuba,24,OAK,LB,10,0,0,0,0,0,0.0,0,0,0,0,0,0.0,8.0,7.0,1.0,0.0,0,
1089,Carl Ford,25,CHI,WR,10,0,0,0,0,0,0.0,0,0,0,0,0,0.0,3.0,3.0,0.0,0.0,0,
1090,John Hall,31,WAS,K,10,0,0,0,0,0,0.0,0,0,0,0,0,0.0,4.0,4.0,0.0,0.0,0,
1091,John Howell,27,SEA,DB,10,0,0,0,0,0,0.0,0,0,0,0,0,0.0,11.0,8.0,3.0,0.0,0,
1092,Dan Klecko,24,NWE,DT,10,0,0,0,0,0,0.0,0,0,0,0,0,0.5,10.0,5.0,5.0,0.0,0,
1093,Michael Lehan,26,CLE,DB,10,0,0,0,0,0,0.0,0,0,0,0,0,0.0,10.0,10.0,0.0,0.0,0,
1094,Jim Leonhard,23,BUF,DB,10,0,0,0,0,0,0.0,0,0,0,0,0,0.0,5.0,1.0,4.0,0.0,0,
1095,Reggie Myles,26,CIN,DB,10,0,0,0,0,0,0.0,1,0,0,0,0,0.0,5.0,5.0,0.0,0.0,0,
1096,Allen Rossum,30,ATL,DB,10,0,0,0,0,0,0.0,0,2,1,0,0,0.0,10.0,7.0,3.0,0.0,0,
1097,Darrell Shropshire,22,ATL,DT,10,0,0,0,0,0,2.0,0,0,0,0,0,2.0,21.0,12.0,9.0,2.0,0,
1098,Nick Sorensen,27,JAX,DB,10,0,0,0,0,0,0.0,0,0,0,0,0,0.0,9.0,7.0,2.0,0.0,0,
1099,Kiwaukee Thomas,28,MIA,DB,10,0,0,0,0,0,0.0,0,0,0,0,0,0.0,8.0,8.0,0.0,0.0,0,
1100,Leigh Torrence,23,ATL,DB,10,0,0,0,0,0,0.0,0,0,0,0,0,0.0,8.0,7.0,1.0,0.0,0,
1101,Dexter Wynn,24,PHI,DB,10,0,0,0,0,0,2.0,0,4,3,0,0,0.0,11.0,9.0,2.0,0.0,0,
1102,Kyle Boller,24,BAL,QB,9,9,0,0,0,0,0.0,0,8,4,0,0,0.0,0.0,0.0,0.0,0.0,0,
1103,Tedy Bruschi,32,NWE,LILB,9,9,0,0,0,0,4.0,1,0,0,0,0,2.0,63.0,37.0,26.0,2.0,0,AP CPoY-1
1104,Donovan McNabb,29,PHI,QB,9,9,0,0,0,0,0.0,0,8,3,-18,0,0.0,0.0,0.0,0.0,0.0,0,
1105,Tony Parrish,30,SFO,SS,9,9,2,34,1,34,7.0,0,0,0,0,0,0.0,44.0,34.0,10.0,3.0,0,
1106,Todd Wade,29,HOU,RT,9,9,0,0,0,0,0.0,0,0,1,0,0,0.0,0.0,0.0,0.0,0.0,0,
1107,Carlos Emmons,32,NYG,LLB,9,8,1,6,0,6,5.0,0,0,0,0,0,0.0,49.0,35.0,14.0,1.0,0,
1108,J.P. Losman,24,BUF,QB,9,8,0,0,0,0,0.0,0,7,3,-2,0,0.0,0.0,0.0,0.0,0.0,0,
1109,Mike McMahon,26,PHI,QB,9,7,0,0,0,0,0.0,0,8,3,-8,0,0.0,0.0,0.0,0.0,0.0,0,
1110,Alex Smith,21,SFO,QB,9,7,0,0,0,0,0.0,0,11,6,-10,0,0.0,,,,,0,
1111,Anthony Wright,29,BAL,QB,9,7,0,0,0,0,0.0,0,5,2,-8,0,0.0,0.0,0.0,0.0,0.0,0,
1112,Darian Barnes,25,MIA,FB,9,6,0,0,0,0,0.0,0,0,0,0,0,0.0,1.0,1.0,0.0,0.0,0,
1113,Na'il Diggs,27,GNB,LLB,9,6,0,0,0,0,0.0,0,0,1,0,0,0.0,35.0,32.0,3.0,3.0,0,
1114,Ben Leber,27,SDG,LOLB,9,6,0,0,0,0,1.0,0,0,1,0,0,2.0,22.0,18.0,4.0,6.0,0,
1115,Josh McCown,26,ARI,QB,9,6,0,0,0,0,0.0,0,5,0,0,0,0.0,0.0,0.0,0.0,0.0,0,
1116,Courtney Watson,25,NOR,MLB,9,6,0,0,0,0,1.0,0,0,0,0,0,1.0,37.0,28.0,9.0,0.0,0,
1117,Andre' Davis,26,NWE,WR,9,4,0,0,0,0,0.0,0,0,0,0,0,0.0,1.0,0.0,1.0,0.0,0,
1118,Stockar McDougle,28,MIA,T,9,2,0,0,0,0,0.0,0,0,1,0,0,0.0,0.0,0.0,0.0,0.0,0,
1119,Matt Murphy,25,HOU,TE,9,2,0,0,0,0,0.0,0,0,0,0,0,0.0,1.0,1.0,0.0,0.0,0,
1120,Cedric Benson,23,CHI,RB,9,1,0,0,0,0,0.0,0,1,1,0,0,0.0,0.0,0.0,0.0,0.0,0,
1121,Alonzo Jackson,25,2TM,LB,9,1,0,0,0,0,0.0,0,0,0,0,0,0.0,16.0,10.0,6.0,1.0,0,
1121,Alonzo Jackson,25,PHI,LB,1,0,0,0,0,0,0.0,0,0,0,0,0,0.0,2.0,2.0,0.0,0.0,0,
1121,Alonzo Jackson,25,NYG,LB,8,1,0,0,0,0,0.0,0,0,0,0,0,0.0,14.0,8.0,6.0,1.0,0,
1122,Saleem Rasheed,24,SFO,LB,9,1,0,0,0,0,0.0,0,0,0,0,0,0.0,10.0,6.0,4.0,0.0,0,
1123,Jerry Wilson,32,SDG,DB,9,1,0,0,0,0,0.0,0,0,0,0,0,0.0,17.0,15.0,2.0,0.0,0,
1124,Frank Chamberlin,27,HOU,LB,9,0,0,0,0,0,0.0,0,0,0,0,0,0.0,3.0,1.0,2.0,0.0,0,
1125,Jon Dorenbos,25,TEN,LS,9,0,0,0,0,0,0.0,0,0,0,0,0,0.0,2.0,1.0,1.0,0.0,0,
1126,DeLawrence Grant,26,OAK,LB,9,0,0,0,0,0,0.0,0,0,0,0,0,1.0,3.0,2.0,1.0,0.0,0,
1127,Jason Horton,25,GNB,DB,9,0,0,0,0,0,0.0,0,0,0,0,0,0.0,8.0,6.0,2.0,0.0,0,
1128,Trevor Johnson,24,NYJ,DE,9,0,0,0,0,0,0.0,0,0,0,0,0,0.0,9.0,6.0,3.0,1.0,0,
1129,Wesly Mallard,27,2TM,LB,9,0,0,0,0,0,0.0,0,0,0,0,0,0.0,3.0,2.0,1.0,0.0,0,
1129,Wesly Mallard,27,NWE,LB,3,0,0,0,0,0,0.0,0,0,0,0,0,0.0,2.0,2.0,0.0,0.0,0,
1129,Wesly Mallard,27,TAM,LB,6,0,0,0,0,0,0.0,0,0,0,0,0,0.0,1.0,0.0,1.0,0.0,0,
1130,Donte Nicholson,24,TAM,DB,9,0,0,0,0,0,0.0,0,0,0,0,0,0.0,5.0,5.0,0.0,0.0,0,
1131,Jerome Pathon,30,ATL,WR,9,0,0,0,0,0,0.0,0,0,0,0,0,0.0,1.0,1.0,0.0,0.0,0,
1132,Terdell Sands,26,OAK,DT,9,0,0,0,0,0,0.0,0,0,1,0,0,1.0,10.0,9.0,1.0,2.0,0,
1133,Lauvale Sape,25,BUF,DT,9,0,0,0,0,0,0.0,0,0,1,0,0,0.0,8.0,7.0,1.0,0.0,0,
1134,Pat Thomas,22,JAX,LB,9,0,0,0,0,0,1.0,1,0,0,0,0,0.0,13.0,12.0,1.0,0.0,0,
1135,Artie Ulmer,32,ATL,LB,9,0,0,0,0,0,0.0,0,0,0,0,0,0.0,7.0,6.0,1.0,0.0,0,
1136,Denard Walker,32,OAK,DB,9,0,0,0,0,0,0.0,0,0,0,0,0,0.0,3.0,2.0,1.0,0.0,0,
1137,Stanley Wilson,23,DET,DB,9,0,0,0,0,0,0.0,0,0,0,0,0,0.0,12.0,9.0,3.0,0.0,0,
1138,Chris Baker,26,NYJ,TE,8,8,0,0,0,0,0.0,0,1,0,0,0,0.0,0.0,0.0,0.0,0.0,0,
1139,Bertrand Berry,30,ARI,RDE,8,8,0,0,0,0,1.0,2,0,1,0,0,6.0,33.0,25.0,8.0,8.0,0,
1140,Marc Bulger,28,STL,QB,8,8,0,0,0,0,0.0,0,4,1,-8,0,0.0,0.0,0.0,0.0,0.0,0,
1141,Ernie Conwell,33,NOR,TE,8,8,0,0,0,0,0.0,0,1,0,0,0,0.0,0.0,0.0,0.0,0.0,0,
1142,Travis Fisher,26,STL,RCB,8,8,0,0,0,0,3.0,0,0,1,0,0,0.0,37.0,37.0,0.0,0.0,0,
1143,Roman Oben,33,SDG,LT,8,8,0,0,0,0,0.0,0,0,1,0,0,0.0,0.0,0.0,0.0,0.0,0,
1144,Jamie Sharper,31,SEA,LLB,8,8,0,0,0,0,0.0,1,0,0,0,0,0.0,37.0,29.0,8.0,2.0,0,
1145,Alshermond Singleton,30,DAL,LLB,8,7,1,0,0,0,2.0,0,0,0,0,0,0.0,18.0,13.0,5.0,1.0,0,
1146,Samkon Gado,23,GNB,RB,8,5,0,0,0,0,0.0,0,4,0,0,0,0.0,0.0,0.0,0.0,0.0,0,
1147,Jamie Martin,35,STL,QB,8,5,0,0,0,0,0.0,0,2,0,0,0,0.0,,,,,0,
1148,Dat Nguyen,30,DAL,LB,8,4,1,7,0,7,3.0,0,0,2,0,0,1.0,31.0,26.0,5.0,2.0,0,
1149,Brandon McGowan,22,CHI,DB,8,3,0,0,0,0,1.0,0,0,0,0,0,0.0,39.0,31.0,8.0,6.0,0,
1150,Jarrod Baxter,26,ARI,FB,8,2,0,0,0,0,0.0,0,0,0,0,0,0.0,2.0,2.0,0.0,0.0,0,
1151,Kevin Faulk,29,NWE,RB,8,2,0,0,0,0,0.0,0,3,1,0,0,0.0,0.0,0.0,0.0,0.0,0,
1152,Jon McGraw,26,DET,DB,8,2,0,0,0,0,0.0,0,0,1,0,0,0.0,24.0,19.0,5.0,2.0,0,
1153,Jason McKie,25,CHI,FB,8,2,0,0,0,0,0.0,0,0,1,0,0,0.0,1.0,1.0,0.0,0.0,0,
1154,Jamie Winborn,26,2TM,LB,8,2,0,0,0,0,1.0,0,0,0,0,0,0.0,17.0,12.0,5.0,2.0,0,
1154,Jamie Winborn,26,SFO,LB,3,2,0,0,0,0,1.0,0,0,0,0,0,0.0,13.0,8.0,5.0,1.0,0,
1154,Jamie Winborn,26,JAX,LB,5,0,0,0,0,0,0.0,0,0,0,0,0,0.0,4.0,4.0,0.0,1.0,0,
1155,Tim Bulman,23,ARI,DT,8,1,0,0,0,0,1.0,0,0,0,0,0,0.0,8.0,8.0,0.0,4.0,0,
1156,Langston Moore,24,ARI,DT,8,1,0,0,0,0,0.0,0,0,0,0,0,1.0,19.0,14.0,5.0,3.0,0,
1157,Darrell Reid,23,IND,DE,8,1,0,0,0,0,0.0,0,0,0,0,0,0.0,11.0,7.0,4.0,0.0,0,
1158,Rodney Bailey,26,SEA,DE,8,0,0,0,0,0,0.0,1,0,1,0,0,0.0,15.0,9.0,6.0,2.0,0,
1159,Dee Brown,27,KAN,RB,8,0,0,0,0,0,0.0,0,0,0,0,0,0.0,2.0,2.0,0.0,0.0,0,
1160,Quinton Caver,27,DAL,LB,8,0,0,0,0,0,0.0,0,0,0,0,0,0.0,3.0,2.0,1.0,0.0,0,
1161,Nic Clemons,25,WAS,DE,8,0,0,0,0,0,1.0,0,0,0,0,0,0.0,2.0,2.0,0.0,0.0,0,
1162,Damane Duckett,24,NYG,DT,8,0,0,0,0,0,0.0,0,0,0,0,0,0.0,5.0,5.0,0.0,0.0,0,
1163,William Green,26,CLE,RB,8,0,0,0,0,0,0.0,0,0,0,0,0,0.0,1.0,1.0,0.0,0.0,0,
1164,Kris Griffin,24,KAN,LB,8,0,0,0,0,0,0.0,0,0,1,0,0,0.0,6.0,6.0,0.0,0.0,0,
1165,Marquise Hill,23,NWE,DE,8,0,0,0,0,0,0.0,0,0,0,0,0,0.0,3.0,2.0,1.0,0.0,0,
1166,James Jackson,29,ARI,RB,8,0,0,0,0,0,0.0,0,0,0,0,0,0.0,2.0,2.0,0.0,0.0,0,
1167,Vincent Jackson,22,SDG,WR,8,0,0,0,0,0,0.0,0,0,0,0,0,0.0,1.0,1.0,0.0,0.0,0,
1168,Darrien Johnson,25,NYJ,DB,8,0,0,0,0,0,0.0,0,0,0,0,0,0.0,3.0,2.0,1.0,0.0,0,
1169,Eric Moore,24,NYG,DE,8,0,0,0,0,0,0.0,0,0,0,0,0,0.0,5.0,4.0,1.0,0.0,0,
1170,Bo Schobel,24,TEN,DE,8,0,0,0,0,0,0.0,1,0,0,0,0,1.0,10.0,8.0,2.0,3.0,0,
1171,Lee Suggs,25,CLE,RB,8,0,0,0,0,0,0.0,0,0,0,0,0,0.0,4.0,4.0,0.0,0.0,0,
1172,Shaun Williams,29,NYG,DB,8,0,2,34,0,34,2.0,0,0,0,0,0,0.0,19.0,17.0,2.0,0.0,0,
1173,Cornelius Wortham,23,SEA,LB,8,0,0,0,0,0,0.0,0,0,0,0,0,0.0,4.0,2.0,2.0,0.0,0,
1174,Daunte Culpepper,28,MIN,QB,7,7,0,0,0,0,0.0,0,5,0,-4,0,0.0,0.0,0.0,0.0,0.0,0,
1175,Priest Holmes,32,KAN,RB,7,7,0,0,0,0,0.0,0,1,0,0,0,0.0,,,,,0,
1176,Bryan Johnson,27,CHI,FB,7,6,0,0,0,0,0.0,0,0,1,0,0,0.0,,,,,0,
1177,Duane Starks,31,NWE,RCB,7,6,0,0,0,0,5.0,0,0,0,0,0,0.0,28.0,21.0,7.0,0.0,0,
1178,Charlie Frye,24,CLE,QB,7,5,0,0,0,0,0.0,0,7,2,-11,0,0.0,0.0,0.0,0.0,0.0,0,
1179,David Garrard,27,JAX,QB,7,5,0,0,0,0,0.0,0,4,1,0,0,0.0,,,,,0,
1180,Junior Seau,36,MIA,LLB,7,5,0,0,0,0,1.0,0,0,0,0,0,1.0,36.0,18.0,18.0,1.0,0,
1181,Mark Bradley,23,CHI,WR,7,4,0,0,0,0,0.0,0,1,0,0,0,0.0,0.0,0.0,0.0,0.0,0,
1182,Lenny Walls,26,DEN,DB,7,3,0,0,0,0,4.0,1,0,0,0,0,0.0,17.0,17.0,0.0,0.0,0,
1183,Raymond Walls,26,ARI,DB,7,2,0,0,0,0,1.0,0,0,0,0,0,0.0,9.0,7.0,2.0,0.0,0,
1184,Derrick Blaylock,26,NYJ,RB,7,1,0,0,0,0,0.0,0,0,0,0,0,0.0,1.0,1.0,0.0,0.0,0,
1185,Ken Irvin,33,MIN,DB,7,1,0,0,0,0,0.0,0,0,0,0,0,0.0,10.0,9.0,1.0,0.0,0,
1186,Mike Labinjo,25,2TM,LB,7,1,0,0,0,0,0.0,0,0,0,0,0,0.5,8.0,7.0,1.0,1.0,0,
1186,Mike Labinjo,25,IND,LB,2,0,0,0,0,0,0.0,0,0,0,0,0,0.5,2.0,1.0,1.0,0.0,0,
1186,Mike Labinjo,25,PHI,LB,5,1,0,0,0,0,0.0,0,0,0,0,0,0.0,6.0,6.0,0.0,1.0,0,
1187,ReShard Lee,25,GNB,RB,7,1,0,0,0,0,0.0,0,2,0,0,0,0.0,5.0,5.0,0.0,0.0,0,
1188,Ryan Moats,23,PHI,RB,7,1,0,0,0,0,0.0,0,3,2,0,0,0.0,4.0,3.0,1.0,0.0,0,
1189,Jonathan Smith,24,BUF,WR,7,1,0,0,0,0,0.0,0,1,1,0,0,0.0,2.0,1.0,1.0,0.0,0,
1190,Ken Amato,28,TEN,LS,7,0,0,0,0,0,0.0,0,0,0,0,0,0.0,2.0,0.0,2.0,0.0,0,
1191,Antonio Brown,27,WAS,WR,7,0,0,0,0,0,0.0,0,2,1,0,0,0.0,0.0,0.0,0.0,0.0,0,
1192,Marco Coleman,36,DEN,DE,7,0,0,0,0,0,1.0,0,0,0,0,0,1.0,9.0,7.0,2.0,1.0,0,
1193,Jose Cortez,30,DAL,K,7,0,0,0,0,0,0.0,0,0,0,0,0,0.0,1.0,1.0,0.0,0.0,0,
1194,Heath Farwell,24,MIN,LB,7,0,0,0,0,0,0.0,0,0,0,0,0,0.0,8.0,7.0,1.0,0.0,0,
1195,Noah Herron,23,2TM,RB,7,0,0,0,0,0,0.0,0,0,0,0,0,0.0,2.0,2.0,0.0,0.0,0,
1195,Noah Herron,23,PIT,RB,2,0,0,0,0,0,0.0,0,0,0,0,0,0.0,1.0,1.0,0.0,0.0,0,
1195,Noah Herron,23,GNB,RB,5,0,0,0,0,0,0.0,0,0,0,0,0,0.0,1.0,1.0,0.0,0.0,0,
1196,Dirk Johnson,30,PHI,P,7,0,0,0,0,0,0.0,0,0,0,0,0,0.0,1.0,1.0,0.0,0.0,0,
1197,Caleb Miller,25,CIN,LB,7,0,0,0,0,0,0.0,0,0,1,0,0,0.0,16.0,12.0,4.0,1.0,0,
1198,Nate Poole,28,NOR,WR,7,0,0,0,0,0,0.0,0,0,0,0,0,0.0,3.0,3.0,0.0,0.0,0,
1199,David Richardson,24,JAX,DB,7,0,0,0,0,0,1.0,0,0,0,0,0,0.0,8.0,8.0,0.0,1.0,0,
1200,Jamal Robertson,28,CAR,RB,7,0,0,0,0,0,0.0,0,1,0,0,0,0.0,1.0,1.0,0.0,0.0,0,
1201,Larry Stevens,23,CIN,LB,7,0,0,0,0,0,0.0,0,0,0,0,0,0.0,3.0,2.0,1.0,0.0,0,
1202,Adam Terry,23,BAL,T,7,0,0,0,0,0,,0,0,1,0,0,0.0,,,,,0,
1203,R-Kal Truluck,31,ARI,DE,7,0,0,0,0,0,0.0,0,0,0,0,0,0.0,3.0,1.0,2.0,0.0,0,
1204,Frank Walker,25,NYG,DB,7,0,1,71,0,71,1.0,0,0,0,0,0,0.0,1.0,1.0,0.0,0.0,0,
1205,Seneca Wallace,25,SEA,QB,7,0,0,0,0,0,0.0,0,2,1,-4,0,0.0,,,,,0,
1206,Jerome Woods,32,KAN,DB,7,0,0,0,0,0,0.0,0,0,0,0,0,0.0,2.0,2.0,0.0,0.0,0,
1207,Derrick Gibson,26,OAK,SS,6,6,0,0,0,0,3.0,0,0,1,0,0,1.0,35.0,30.0,5.0,1.0,0,
1208,Brian Griese,30,TAM,QB,6,6,0,0,0,0,0.0,0,2,1,0,0,0.0,0.0,0.0,0.0,0.0,0,
1209,Ken Hamlin,24,SEA,FS,6,6,0,0,0,0,2.0,0,0,0,0,0,0.0,26.0,22.0,4.0,0.0,0,
1210,Tebucky Jones,31,MIA,SS,6,6,0,0,0,0,0.0,0,0,0,0,0,2.0,39.0,24.0,15.0,2.0,0,
1211,Ray Lewis,30,BAL,MLB,6,6,1,0,0,0,2.0,0,0,1,0,0,1.0,46.0,38.0,8.0,1.0,0,
1212,Charles Woodson,29,OAK,RCB,6,6,1,0,0,0,4.0,1,1,0,0,0,0.0,31.0,27.0,4.0,2.0,0,
1213,Jeff Garcia,35,DET,QB,6,5,0,0,0,0,0.0,0,1,0,-3,0,0.0,,,,,0,
1214,Ryan Sims,25,KAN,LDT,6,5,0,0,0,0,0.0,0,0,0,0,0,0.0,8.0,8.0,0.0,1.0,0,
1215,Vinny Testaverde,42,NYJ,QB,6,4,0,0,0,0,0.0,0,8,1,-11,0,0.0,0.0,0.0,0.0,0.0,0,
1216,LeVar Woods,27,DET,LB,6,3,0,0,0,0,0.0,0,0,0,0,0,1.0,28.0,17.0,11.0,3.0,0,
1217,Matt Kranchick,26,2TM,TE,6,1,0,0,0,0,0.0,0,0,0,0,0,0.0,4.0,3.0,1.0,0.0,0,
1217,Matt Kranchick,26,PIT,TE,4,1,0,0,0,0,0.0,0,0,0,0,0,0.0,2.0,1.0,1.0,0.0,0,
1217,Matt Kranchick,26,NYG,TE,2,0,0,0,0,0,0.0,0,0,0,0,0,0.0,2.0,2.0,0.0,0.0,0,
1218,Lester Towns,28,2TM,LB,6,1,0,0,0,0,0.0,1,0,0,0,0,0.0,12.0,11.0,1.0,0.0,0,
1218,Lester Towns,28,ARI,LB,2,1,0,0,0,0,0.0,0,0,0,0,0,0.0,9.0,8.0,1.0,0.0,0,
1218,Lester Towns,28,MIA,LB,4,0,0,0,0,0,0.0,1,0,0,0,0,0.0,3.0,3.0,0.0,0.0,0,
1219,Billy Volek,29,TEN,QB,6,1,0,0,0,0,0.0,0,3,0,0,0,0.0,,,,,0,
1220,Moe Williams,31,MIN,RB,6,1,0,0,0,0,0.0,0,1,1,0,0,0.0,2.0,2.0,0.0,0.0,0,
1221,Patrick Body,23,CIN,DB,6,0,0,0,0,0,0.0,0,0,0,0,0,0.0,4.0,4.0,0.0,0.0,0,
1222,Calvin Branch,31,OAK,DB,6,0,0,0,0,0,0.0,0,0,0,0,0,0.0,4.0,3.0,1.0,0.0,0,
1223,Jack Brewer,26,PHI,DB,6,0,0,0,0,0,0.0,0,0,0,0,0,0.0,3.0,2.0,1.0,0.0,0,
1224,Ran Carthon,24,IND,RB,6,0,0,0,0,0,0.0,0,1,0,0,0,0.0,,,,,0,
1225,Mike Cloud,30,NWE,RB,6,0,0,0,0,0,0.0,0,0,0,0,0,0.0,1.0,1.0,0.0,0.0,0,
1226,Sean Considine,23,PHI,DB,6,0,0,0,0,0,0.0,0,0,0,0,0,0.0,4.0,2.0,2.0,0.0,0,
1227,Justin Ena,28,PHI,LB,6,0,0,0,0,0,0.0,0,0,0,0,0,0.0,9.0,8.0,1.0,0.0,0,
1228,Laroni Gallishaw,24,MIN,DB,6,0,0,0,0,0,0.0,0,0,0,0,0,0.0,2.0,2.0,0.0,0.0,0,
1229,Isaac Keys,27,ARI,LB,6,0,0,0,0,0,0.0,0,0,0,0,0,0.0,4.0,3.0,1.0,0.0,0,
1230,Charles Lee,28,ARI,WR,6,0,0,0,0,0,0.0,0,0,0,0,0,0.0,4.0,3.0,1.0,0.0,0,
1231,Cam Newton,23,ATL,DB,6,0,0,0,0,0,0.0,0,0,0,0,0,0.0,3.0,3.0,0.0,0.0,0,
1232,Eric Ogbogu,30,DAL,DE,6,0,0,0,0,0,0.0,0,0,0,0,0,0.0,1.0,1.0,0.0,0.0,0,
1233,Etric Pruitt,24,SEA,DB,6,0,0,0,0,0,1.0,0,0,0,0,0,0.0,7.0,7.0,0.0,0.0,0,
1234,Chris Roberson,22,JAX,DB,6,0,0,0,0,0,0.0,0,0,0,0,0,0.0,2.0,1.0,1.0,0.0,0,
1235,Dedrick Roper,24,PHI,LB,6,0,0,0,0,0,0.0,1,0,0,0,0,0.0,7.0,4.0,3.0,0.0,0,
1236,Lynn Scott,28,DAL,DB,6,0,0,0,0,0,0.0,0,0,0,0,0,0.0,2.0,2.0,0.0,0.0,0,
1237,Jason Short,27,PHI,LB,6,0,0,0,0,0,0.0,0,0,0,0,0,0.0,5.0,4.0,1.0,0.0,0,
1238,Mike Smith,24,BAL,LB,6,0,0,0,0,0,0.0,0,0,0,0,0,0.0,3.0,3.0,0.0,0.0,0,
1239,Jeremy Thornburg,23,2TM,DB,6,0,0,0,0,0,0.0,0,0,0,0,0,0.0,6.0,6.0,0.0,0.0,0,
1239,Jeremy Thornburg,23,SFO,DB,2,0,0,0,0,0,0.0,0,0,0,0,0,0.0,3.0,3.0,0.0,0.0,0,
1239,Jeremy Thornburg,23,GNB,DB,4,0,0,0,0,0,0.0,0,0,0,0,0,0.0,3.0,3.0,0.0,0.0,0,
1240,B.J. Tucker,25,SFO,DB,6,0,0,0,0,0,1.0,0,0,0,0,0,0.0,16.0,12.0,4.0,0.0,0,
1241,Jonathan Welsh,23,IND,DE,6,0,0,0,0,0,0.0,0,0,0,0,0,0.0,4.0,2.0,2.0,0.0,0,
1242,Gary Baxter,27,CLE,RCB,5,5,2,10,0,10,2.0,1,0,0,0,0,0.0,23.0,19.0,4.0,1.0,0,
1243,Ahman Green,28,GNB,RB,5,5,0,0,0,0,0.0,0,1,0,0,0,0.0,,,,,0,
1244,Ed Hartwell,27,ATL,MLB,5,5,0,0,0,0,1.0,0,0,0,0,0,0.0,22.0,16.0,6.0,2.0,0,
1245,Michael Hawthorne,28,STL,FS,5,5,1,24,0,24,1.0,0,0,1,0,0,0.0,25.0,19.0,6.0,0.0,0,
1246,Brady Smith,32,ATL,RDE,5,5,0,0,0,0,0.0,1,0,0,0,0,3.0,8.0,8.0,0.0,2.0,0,
1247,Jeff Ulbrich,28,SFO,RILB,5,5,0,0,0,0,3.0,1,0,0,0,0,0.0,42.0,32.0,10.0,3.0,0,
1248,Kailee Wong,29,HOU,LILB,5,5,0,0,0,0,0.0,0,0,0,0,0,1.0,33.0,21.0,12.0,1.0,0,
1249,Artrell Hawkins,29,NWE,SS,5,4,0,0,0,0,0.0,0,0,0,0,0,1.0,17.0,11.0,6.0,1.0,0,
1250,Antrel Rolle,23,ARI,DB,5,4,1,29,0,29,2.0,0,0,0,0,0,0.0,28.0,26.0,2.0,1.0,0,
1251,Randall Gay,23,NWE,DB,5,2,0,0,0,0,1.0,0,0,0,0,0,0.0,12.0,10.0,2.0,0.0,0,
1252,Cody Pickett,25,SFO,QB,5,2,0,0,0,0,0.0,0,3,1,-12,0,0.0,1.0,1.0,0.0,0.0,0,
1253,Guss Scott,24,NWE,DB,5,2,0,0,0,0,0.0,0,0,0,0,0,0.0,24.0,19.0,5.0,0.0,0,
1254,Anthony Thomas,28,DAL,RB,5,2,0,0,0,0,0.0,0,0,1,0,0,0.0,0.0,0.0,0.0,0.0,0,
1255,Najeh Davenport,26,GNB,RB,5,1,0,0,0,0,0.0,0,1,1,0,0,0.0,0.0,0.0,0.0,0.0,0,
1256,Christian Morton,24,2TM,DB,5,1,0,0,0,0,2.0,0,0,1,14,0,0.0,10.0,8.0,2.0,0.0,0,
1256,Christian Morton,24,ATL,DB,4,1,0,0,0,0,2.0,0,0,1,14,0,0.0,5.0,3.0,2.0,0.0,0,
1256,Christian Morton,24,WAS,DB,1,0,0,0,0,0,0.0,0,0,0,0,0,0.0,5.0,5.0,0.0,0.0,0,
1257,Calvin Pace,25,ARI,DE,5,1,0,0,0,0,0.0,0,1,1,0,0,1.0,12.0,8.0,4.0,3.0,0,
1258,Duce Staley,30,PIT,RB,5,1,0,0,0,0,0.0,0,1,1,0,0,0.0,0.0,0.0,0.0,0.0,0,
1259,Damien Anderson,26,ARI,RB,5,0,0,0,0,0,0.0,0,0,0,0,0,0.0,1.0,1.0,0.0,0.0,0,
1260,Adrian Awasom,22,NYG,DE,5,0,0,0,0,0,0.0,0,0,0,0,0,0.0,2.0,2.0,0.0,0.0,0,
1261,Dave Ball,24,2TM,DE,5,0,0,0,0,0,0.0,0,0,0,0,0,0.0,6.0,4.0,2.0,0.0,0,
1261,Dave Ball,24,SDG,DE,2,0,0,0,0,0,0.0,0,0,0,0,0,0.0,1.0,0.0,1.0,0.0,0,
1261,Dave Ball,24,NYJ,DE,3,0,0,0,0,0,0.0,0,0,0,0,0,0.0,5.0,4.0,1.0,0.0,0,
1262,Eddie Berlin,27,CHI,WR,5,0,0,0,0,0,0.0,0,0,0,0,0,0.0,2.0,2.0,0.0,0.0,0,
1263,Terry Fair,29,STL,DB,5,0,0,0,0,0,0.0,0,0,0,0,0,0.0,8.0,7.0,1.0,3.0,0,
1264,Doug Flutie,43,NWE,QB,5,0,0,0,0,0,0.0,0,2,1,-9,0,0.0,0.0,0.0,0.0,0.0,0,
1265,Todd Franz,29,GNB,DB,5,0,0,0,0,0,0.0,0,0,0,0,0,0.0,3.0,1.0,2.0,0.0,0,
1266,Reggie Hodges,23,STL,P,5,0,0,0,0,0,0.0,0,0,0,0,0,0.0,1.0,1.0,0.0,0.0,0,
1267,Brian Howard,24,STL,DT,5,0,0,0,0,0,0.0,0,0,0,0,0,0.0,3.0,3.0,0.0,0.0,0,
1268,Teddy Lehman,24,DET,LB,5,0,1,21,0,17,2.0,0,0,0,0,0,0.0,13.0,8.0,5.0,1.0,0,
1269,Norman LeJeune,25,MIA,DB,5,0,0,0,0,0,0.0,0,0,0,0,0,0.0,1.0,1.0,0.0,0.0,0,
1270,Jody Littleton,31,CLE,LB,5,0,0,0,0,0,0.0,0,0,0,0,0,0.0,5.0,4.0,1.0,0.0,0,
1271,Anthony Maddox,27,JAX,DT,5,0,0,0,0,0,0.0,0,0,0,0,0,1.0,4.0,4.0,0.0,1.0,0,
1272,Glenn Martinez,24,DET,WR,5,0,0,0,0,0,0.0,0,0,0,0,0,0.0,1.0,1.0,0.0,0.0,0,
1273,Robert McCune,26,WAS,LB,5,0,0,0,0,0,0.0,0,0,0,0,0,0.0,4.0,4.0,0.0,0.0,0,
1274,Willie Middlebrooks,26,SFO,DB,5,0,0,0,0,0,1.0,0,0,0,0,0,0.0,8.0,7.0,1.0,0.0,0,
1275,Eddie Moore,25,MIA,LB,5,0,0,0,0,0,0.0,0,0,0,0,0,0.0,1.0,0.0,1.0,0.0,0,
1276,Nick Novak,24,WAS,K,5,0,0,0,0,0,0.0,0,0,0,0,0,0.0,1.0,1.0,0.0,0.0,0,
1277,Jim Sorgi,25,IND,QB,5,0,0,0,0,0,0.0,0,1,0,0,0,0.0,,,,,0,
1278,Jamaar Taylor,24,NYG,WR,5,0,0,0,0,0,0.0,0,0,0,0,0,0.0,1.0,1.0,0.0,0.0,0,
1279,Nate Wayne,30,DET,LB,5,0,1,20,0,20,1.0,1,0,0,0,0,0.0,14.0,11.0,3.0,2.0,0,
1280,Jerron Wishom,23,GNB,DB,5,0,0,0,0,0,1.0,0,0,0,0,0,0.0,6.0,6.0,0.0,0.0,0,
1281,Ron Edwards,26,BUF,DT,4,4,0,0,0,0,0.0,0,0,0,0,0,0.0,6.0,4.0,2.0,0.0,0,
1282,Tim Rattay,28,SFO,QB,4,4,0,0,0,0,0.0,0,3,1,-2,0,0.0,0.0,0.0,0.0,0.0,0,
1283,Fred Weary,28,HOU,G,4,4,0,0,0,0,0.0,0,0,1,0,0,0.0,0.0,0.0,0.0,0.0,0,
1284,Eric Barton,28,NYJ,LB,4,3,0,0,0,0,1.0,0,0,0,0,0,0.0,21.0,13.0,8.0,0.0,0,
1285,Ryan Fitzpatrick,23,STL,QB,4,3,0,0,0,0,0.0,0,3,1,-3,0,0.0,0.0,0.0,0.0,0.0,0,
1286,Josh Williams,29,IND,DT,4,3,0,0,0,0,0.0,1,0,0,0,0,0.0,6.0,3.0,3.0,0.0,0,
1287,Madieu Williams,24,CIN,DB,4,3,1,2,0,2,3.0,0,0,0,0,0,0.0,23.0,17.0,6.0,1.0,0,
1288,Charlie Batch,31,PIT,QB,4,2,0,0,0,0,0.0,0,1,2,0,0,0.0,0.0,0.0,0.0,0.0,0,
1289,Joe Jefferson,25,IND,DB,4,2,0,0,0,0,0.0,0,0,0,0,0,0.0,10.0,6.0,4.0,0.0,0,
1290,Tommy Maddox,34,PIT,QB,4,2,0,0,0,0,0.0,0,2,0,-9,0,0.0,0.0,0.0,0.0,0.0,0,
1291,Antuan Edwards,28,ATL,DB,4,1,0,0,0,0,2.0,0,0,0,0,0,0.0,11.0,11.0,0.0,0.0,0,
1292,Clarence Moore,23,BAL,WR,4,1,0,0,0,0,0.0,0,0,0,0,0,0.0,1.0,1.0,0.0,0.0,0,
1293,Patrick Ramsey,26,WAS,QB,4,1,0,0,0,0,0.0,0,2,0,0,0,0.0,,,,,0,
1294,Jay Ratliff,24,DAL,NT,4,1,0,0,0,0,0.0,0,0,0,0,0,1.0,4.0,3.0,1.0,1.0,0,
1295,Sage Rosenfels,27,MIA,QB,4,1,0,0,0,0,0.0,0,1,1,-11,0,0.0,0.0,0.0,0.0,0.0,0,
1296,Reggie Tongue,32,OAK,DB,4,1,0,0,0,0,0.0,0,0,0,0,0,0.0,6.0,6.0,0.0,0.0,0,
1297,Willie Williams,35,PIT,DB,4,1,0,0,0,0,1.0,0,0,0,0,0,0.0,11.0,8.0,3.0,1.0,0,
1298,David Allen,27,STL,RB,4,0,0,0,0,0,0.0,0,1,0,0,0,0.0,,,,,0,
1299,Anthony Bryant,24,TAM,DT,4,0,0,0,0,0,0.0,0,0,0,0,0,0.0,3.0,1.0,2.0,0.0,0,
1300,Patrick Dendy,23,GNB,DB,4,0,0,0,0,0,0.0,0,0,0,0,0,0.0,2.0,2.0,0.0,0.0,0,
1301,Ronald Fields,24,SFO,DT,4,0,0,0,0,0,0.0,0,0,0,0,0,0.0,7.0,4.0,3.0,2.0,0,
1302,Todd France,25,2TM,K,4,0,0,0,0,0,0.0,0,0,0,0,0,0.0,2.0,2.0,0.0,0.0,0,
1302,Todd France,25,PHI,K,3,0,0,0,0,0,0.0,0,0,0,0,0,0.0,1.0,1.0,0.0,0.0,0,
1302,Todd France,25,TAM,K,1,0,0,0,0,0,0.0,0,0,0,0,0,0.0,1.0,1.0,0.0,0.0,0,
1303,Dennis Haley,23,BAL,LB,4,0,0,0,0,0,1.0,0,0,0,0,0,0.0,4.0,4.0,0.0,0.0,0,
1304,Michael Harden,24,SEA,DB,4,0,0,0,0,0,0.0,1,0,0,0,0,0.0,9.0,8.0,1.0,0.0,0,
1305,Aki Jones,23,WAS,DL,4,0,0,0,0,0,0.0,0,0,0,0,0,0.0,1.0,1.0,0.0,1.0,0,
1306,Earl Little,32,GNB,DB,4,0,0,0,0,0,0.0,0,0,0,0,0,0.0,4.0,3.0,1.0,0.0,0,
1307,Jeremy Loyd,25,STL,LB,4,0,0,0,0,0,0.0,0,0,0,0,0,0.0,4.0,4.0,0.0,0.0,0,
1308,Matt McCoy,23,PHI,LB,4,0,0,0,0,0,0.0,0,0,0,0,0,0.0,3.0,2.0,1.0,0.0,0,
1309,Zeke Moreno,27,PHI,LB,4,0,0,0,0,0,0.0,0,0,0,0,0,0.0,5.0,2.0,3.0,0.0,0,
1310,J'Vonne Parker,23,CLE,DT,4,0,0,0,0,0,0.0,0,0,1,0,0,0.0,1.0,1.0,0.0,0.0,0,
1311,Adam Seward,23,CAR,LB,4,0,0,0,0,0,0.0,0,0,0,0,0,0.0,5.0,4.0,1.0,0.0,0,
1312,Donald Strickland,25,2TM,DB,4,0,0,0,0,0,3.0,1,0,0,0,0,0.0,20.0,17.0,3.0,0.0,0,
1312,Donald Strickland,25,IND,DB,1,0,0,0,0,0,3.0,0,0,0,0,0,0.0,7.0,6.0,1.0,0.0,0,
1312,Donald Strickland,25,PHI,DB,3,0,0,0,0,0,0.0,1,0,0,0,0,0.0,13.0,11.0,2.0,0.0,0,
1313,Russell Stuvaints,25,PIT,DB,4,0,0,0,0,0,0.0,0,0,0,0,0,0.0,2.0,2.0,0.0,0.0,0,
1314,Rian Wallace,23,PIT,LB,4,0,0,0,0,0,0.0,0,0,0,0,0,0.0,1.0,1.0,0.0,0.0,0,
1315,Jay Bellamy,33,NOR,DB,3,3,0,0,0,0,0.0,0,0,0,0,0,0.0,10.0,8.0,2.0,0.0,0,
1316,Russell Davis,30,ARI,NT,3,3,0,0,0,0,0.0,0,0,0,0,0,0.0,8.0,7.0,1.0,0.0,0,
1317,Ken Dorsey,24,SFO,QB,3,3,0,0,0,0,0.0,0,2,0,0,0,0.0,,,,,0,
1318,Rodney Harrison,33,NWE,DB,3,3,0,0,0,0,1.0,0,0,0,0,0,0.0,15.0,11.0,4.0,0.0,0,
1319,Chad Pennington,29,NYJ,QB,3,3,0,0,0,0,0.0,0,8,4,-22,0,0.0,0.0,0.0,0.0,0.0,0,
1320,Ahmed Plummer,29,SFO,DB,3,3,0,0,0,0,4.0,0,0,0,0,0,0.0,24.0,17.0,7.0,0.0,0,
1321,Mike Rumph,26,SFO,DB,3,3,0,0,0,0,0.0,1,0,0,0,0,0.0,12.0,12.0,0.0,0.0,0,
1322,Takeo Spikes,29,BUF,LB,3,3,0,0,0,0,0.0,1,0,0,0,0,1.0,17.0,11.0,6.0,0.0,0,
1323,Kenechi Udeze,22,MIN,DE,3,2,0,0,0,0,0.0,0,0,0,0,0,1.0,5.0,5.0,0.0,1.0,0,
1324,Jonathan Fanene,23,CIN,DE,3,1,0,0,0,0,0.0,0,0,0,0,0,0.0,3.0,2.0,1.0,1.0,0,
1325,Willie Offord,27,MIN,DB,3,1,1,0,0,0,3.0,0,0,0,0,0,0.0,6.0,4.0,2.0,0.0,0,
1326,James Allen,26,NOR,LB,3,0,0,0,0,0,0.0,0,0,0,0,0,0.0,5.0,4.0,1.0,0.0,0,
1327,Dwight Anderson,24,STL,DB,3,0,0,0,0,0,0.0,1,0,0,0,0,0.0,4.0,4.0,0.0,0.0,0,
1328,Jeremy Cain,25,CHI,LB,3,0,0,0,0,0,0.0,0,0,0,0,0,0.0,6.0,4.0,2.0,0.0,0,
1329,Dwaine Carpenter,29,2TM,DB,3,0,0,0,0,0,0.0,0,0,0,0,0,0.0,2.0,2.0,0.0,0.0,0,
1329,Dwaine Carpenter,29,SFO,DB,2,0,0,0,0,0,0.0,0,0,0,0,0,0.0,1.0,1.0,0.0,0.0,0,
1329,Dwaine Carpenter,29,STL,DB,1,0,0,0,0,0,0.0,0,0,0,0,0,0.0,1.0,1.0,0.0,0.0,0,
1330,Dyshod Carter,27,ARI,DB,3,0,0,0,0,0,0.0,0,0,0,0,0,0.0,4.0,3.0,1.0,0.0,0,
1331,Antoine Cash,23,ATL,LB,3,0,0,0,0,0,0.0,0,0,0,0,0,0.0,2.0,2.0,0.0,0.0,0,
1332,Chris Cash,25,ATL,DB,3,0,0,0,0,0,1.0,0,0,0,0,0,0.0,12.0,11.0,1.0,1.0,0,
1333,Junior Glymph,25,ATL,DE,3,0,0,0,0,0,0.0,0,0,0,0,0,0.0,5.0,4.0,1.0,1.0,0,
1334,Matt Grootegoed,23,DET,LB,3,0,0,0,0,0,0.0,0,0,0,0,0,0.0,4.0,2.0,2.0,0.0,0,
1335,Jermaine Hardy,23,CAR,DB,3,0,0,0,0,0,0.0,1,0,0,0,0,0.0,2.0,2.0,0.0,0.0,0,
1336,Daven Holly,23,CHI,DB,3,0,0,0,0,0,0.0,0,0,0,0,0,0.0,2.0,0.0,2.0,0.0,0,
1337,Von Hutchins,24,IND,DB,3,0,0,0,0,0,0.0,0,0,0,0,0,0.0,6.0,4.0,2.0,0.0,0,
1338,Eric Johnson,29,ARI,LB,3,0,0,0,0,0,0.0,0,0,0,0,0,0.0,2.0,2.0,0.0,0.0,0,
1339,Adrian Mayes,25,ARI,DB,3,0,0,0,0,0,0.0,0,0,0,0,0,0.0,2.0,2.0,0.0,0.0,0,
1340,Matt McChesney,24,NYJ,DT,3,0,0,0,0,0,0.0,0,0,0,0,0,0.0,3.0,3.0,0.0,1.0,0,
1341,Sean McHugh,23,DET,FB,3,0,0,0,0,0,0.0,0,0,0,0,0,0.0,3.0,2.0,1.0,0.0,0,
1342,Chris McKenzie,23,HOU,DB,3,0,0,0,0,0,2.0,0,0,0,0,0,1.0,4.0,4.0,0.0,1.0,0,
1343,Zach Norton,24,BAL,DB,3,0,0,0,0,0,0.0,0,0,0,0,0,0.0,1.0,1.0,0.0,0.0,0,
1344,Evan Oglesby,24,BAL,DB,3,0,0,0,0,0,0.0,0,0,0,0,0,0.0,1.0,1.0,0.0,0.0,0,
1345,Dimitri Patterson,22,WAS,DB,3,0,1,20,0,20,1.0,0,0,0,0,0,0.0,0.0,0.0,0.0,0.0,0,
1346,Marcus Randall,23,TEN,DB,3,0,0,0,0,0,0.0,0,0,1,0,0,0.0,2.0,2.0,0.0,0.0,0,
1347,Aaron Rodgers,22,GNB,QB,3,0,0,0,0,0,0.0,0,2,0,0,0,0.0,,,,,0,
1348,Nick Rogers,26,MIA,LB,3,0,0,0,0,0,0.0,0,0,0,0,0,0.0,1.0,0.0,1.0,0.0,0,
1349,Chad Scott,31,NWE,DB,3,0,0,0,0,0,0.0,0,0,0,0,0,0.0,5.0,5.0,0.0,0.0,0,
1350,Garnell Wilds,24,CAR,DB,3,0,0,0,0,0,0.0,0,0,0,0,0,0.0,4.0,4.0,0.0,0.0,0,
1351,George Wilson,24,BUF,WR,3,0,0,0,0,0,0.0,0,0,0,0,0,0.0,2.0,2.0,0.0,0.0,0,
1352,Manuel Wright,21,MIA,DT,3,0,0,0,0,0,1.0,0,0,0,0,0,1.0,4.0,2.0,2.0,1.0,0,
1353,Fernando Bryant,28,DET,DB,2,2,0,0,0,0,1.0,1,0,0,0,0,0.0,9.0,8.0,1.0,1.0,0,
1354,Donovin Darius,30,JAX,DB,2,2,0,0,0,0,0.0,0,0,0,0,0,0.0,6.0,5.0,1.0,0.0,0,
1355,Arturo Freeman,29,NWE,DB,2,1,0,0,0,0,0.0,0,0,0,0,0,0.0,7.0,5.0,2.0,0.0,0,
1356,Matt Mauck,26,TEN,QB,2,1,0,0,0,0,0.0,0,1,0,0,0,0.0,,,,,0,
1357,Justin Sandy,23,TEN,DB,2,1,0,0,0,0,0.0,0,0,0,0,0,0.0,3.0,3.0,0.0,0.0,0,
1358,Matt Cassel,23,NWE,QB,2,0,0,0,0,0,0.0,0,2,1,-1,0,0.0,0.0,0.0,0.0,0.0,0,
1359,Adimchinobe Echemandu,25,MIN,RB,2,0,0,0,0,0,0.0,0,0,0,0,0,0.0,3.0,3.0,0.0,0.0,0,
1360,Liam Ezekiel,23,BUF,LB,2,0,0,0,0,0,0.0,0,0,0,0,0,0.0,2.0,2.0,0.0,0.0,0,
1361,Jay Fiedler,34,NYJ,QB,2,0,0,0,0,0,0.0,0,1,1,-5,0,0.0,0.0,0.0,0.0,0.0,0,
1362,Keyaron Fox,23,KAN,LB,2,0,0,0,0,0,0.0,0,0,0,0,0,0.0,3.0,3.0,0.0,1.0,0,
1363,Paul Grasmanis,31,PHI,DT,2,0,0,0,0,0,0.0,0,0,0,0,0,0.0,1.0,1.0,0.0,0.0,0,
1364,Anttaj Hawthorne,24,OAK,DT,2,0,0,0,0,0,0.0,0,0,0,0,0,0.0,4.0,2.0,2.0,0.0,0,
1365,T.J. Hollowell,24,NYJ,LB,2,0,0,0,0,0,0.0,0,0,0,0,0,0.0,1.0,1.0,0.0,0.0,0,
1366,Thomas Johnson,24,DAL,DT,2,0,0,0,0,0,0.0,0,0,0,0,0,0.0,2.0,1.0,1.0,0.0,0,
1367,Jamal Jones,24,GNB,WR,2,0,0,0,0,0,0.0,0,1,0,0,0,0.0,,,,,0,
1368,Michael Lewis,34,NOR,WR,2,0,0,0,0,0,0.0,0,1,0,0,0,0.0,1.0,1.0,0.0,0.0,0,
1369,Alfred Malone,23,HOU,DE,2,0,0,0,0,0,1.0,0,0,0,0,0,1.0,10.0,6.0,4.0,3.0,0,
1370,Scott McGarrahan,31,SDG,DB,2,0,0,0,0,0,0.0,0,0,0,0,0,0.0,1.0,0.0,1.0,0.0,0,
1371,Jim Nelson,30,BAL,LB,2,0,0,0,0,0,0.0,0,0,0,0,0,0.0,1.0,1.0,0.0,0.0,0,
1372,Joe Odom,26,CHI,LB,2,0,0,0,0,0,0.0,0,0,1,0,0,0.0,1.0,1.0,0.0,0.0,0,
1373,Dan Orlovsky,22,DET,QB,2,0,0,0,0,0,0.0,0,1,0,0,0,0.0,0.0,0.0,0.0,0.0,0,
1374,Monsanto Pope,27,DEN,DT,2,0,0,0,0,0,0.0,0,0,0,0,0,0.0,2.0,2.0,0.0,0.0,0,
1375,Philip Rivers,24,SDG,QB,2,0,0,0,0,0,0.0,0,2,0,0,0,0.0,0.0,0.0,0.0,0.0,0,
1376,Derreck Robinson,23,SDG,DE,2,0,0,0,0,0,0.0,0,0,0,0,0,0.0,2.0,1.0,1.0,0.0,0,
1377,Siddeeq Shabazz,24,NOR,DB,2,0,0,0,0,0,0.0,0,0,0,0,0,0.0,1.0,1.0,0.0,0.0,0,
1378,Ernest Shazor,22,ARI,DB,2,0,0,0,0,0,0.0,0,0,0,0,0,0.0,1.0,1.0,0.0,0.0,0,
1379,Renaud Williams,24,SFO,LB,2,0,0,0,0,0,0.0,0,0,0,0,0,0.0,2.0,1.0,1.0,0.0,0,
1380,Kris Jenkins,26,CAR,DT,1,1,0,0,0,0,0.0,0,0,0,0,0,0.0,2.0,0.0,2.0,0.0,0,
1381,Kevin Lewis,27,NYG,LB,1,1,0,0,0,0,0.0,0,0,0,0,0,0.0,4.0,4.0,0.0,0.0,0,
1382,Tyrone Poole,33,NWE,DB,1,1,0,0,0,0,0.0,0,0,0,0,0,0.0,1.0,1.0,0.0,0.0,0,
1383,Marques Tuiasosopo,26,OAK,QB,1,1,0,0,0,0,0.0,0,2,0,0,0,0.0,0.0,0.0,0.0,0.0,0,
1384,Hamza Abdullah,22,DEN,DB,1,0,0,0,0,0,0.0,0,0,0,0,0,0.0,1.0,1.0,0.0,0.0,0,
1385,Jason Anderson,25,HOU,RB,1,0,0,0,0,0,0.0,0,0,0,0,0,0.0,1.0,1.0,0.0,0.0,0,
1386,Matthias Askew,23,CIN,DT,1,0,0,0,0,0,0.0,1,0,0,0,0,0.0,4.0,2.0,2.0,0.0,0,
1387,Ryon Bingham,24,SDG,DT,1,0,0,0,0,0,0.0,0,0,0,0,0,0.0,1.0,1.0,0.0,0.0,0,
1388,John Bronson,23,ARI,TE,1,0,0,0,0,0,0.0,0,0,0,0,0,0.0,2.0,1.0,1.0,0.0,0,
1389,Terry Butler,23,NYJ,RB,1,0,0,0,0,0,0.0,0,0,0,0,0,0.0,1.0,1.0,0.0,0.0,0,
1390,Jeremy Calahan,22,STL,DT,1,0,0,0,0,0,0.0,0,0,0,0,0,0.0,1.0,1.0,0.0,0.0,0,
1391,Martin Chase,31,JAX,DT,1,0,0,0,0,0,0.0,0,0,0,0,0,0.0,1.0,1.0,0.0,0.0,0,
1392,Jim Davis,24,JAX,DE,1,0,0,0,0,0,0.0,0,0,0,0,0,0.0,2.0,1.0,1.0,0.0,0,
1393,Greg Favors,31,JAX,LB,1,0,0,0,0,0,0.0,0,0,0,0,0,0.0,6.0,1.0,5.0,0.0,0,
1394,Jay Foreman,29,NYG,LB,1,0,0,0,0,0,0.0,0,0,0,0,0,0.0,1.0,1.0,0.0,0.0,0,
1395,Lennie Friedman,29,CHI,G,1,0,0,0,0,0,0.0,0,0,0,0,0,0.0,1.0,0.0,1.0,0.0,0,
1396,Jonathan Goddard,24,IND,DE,1,0,0,0,0,0,0.0,0,0,0,0,0,0.0,1.0,1.0,0.0,0.0,0,
1397,Quinn Gray,26,JAX,QB,1,0,0,0,0,0,0.0,0,1,0,0,0,0.0,,,,,0,
1398,Remy Hamilton,31,DET,K,1,0,0,0,0,0,0.0,0,0,0,0,0,0.0,1.0,1.0,0.0,0.0,0,
1399,Alain Kashama,26,SEA,DE,1,0,0,0,0,0,0.0,0,0,0,0,0,0.0,2.0,1.0,1.0,0.0,0,
1400,Keyonta Marshall,24,PHI,DT,1,0,0,0,0,0,0.0,0,0,0,0,0,0.0,1.0,0.0,1.0,0.0,0,
1401,Johnnie Morant,24,OAK,WR,1,0,0,0,0,0,0.0,0,0,0,0,0,0.0,1.0,1.0,0.0,0.0,0,
1402,Nick Murphy,26,PHI,P,1,0,0,0,0,0,0.0,0,0,0,0,0,0.0,1.0,1.0,0.0,0.0,0,
1403,John Navarre,25,ARI,QB,1,0,0,0,0,0,0.0,0,1,1,0,0,0.0,,,,,0,
1404,Chad Owens,23,JAX,WR,1,0,0,0,0,0,0.0,0,2,1,0,0,0.0,0.0,0.0,0.0,0.0,0,
1405,Josh Savage,25,ATL,DE,1,0,0,0,0,0,0.0,0,0,0,0,0,0.0,1.0,0.0,1.0,0.0,0,
1406,Musa Smith,23,BAL,RB,1,0,0,0,0,0,0.0,0,0,0,0,0,0.0,2.0,2.0,0.0,0.0,0,
1407,Sloan Thomas,24,TEN,WR,1,0,0,0,0,0,0.0,0,0,0,0,0,0.0,2.0,2.0,0.0,0.0,0,
1408,Ahmad Treaudo,23,ATL,DB,1,0,0,0,0,0,0.0,0,0,0,0,0,0.0,1.0,1.0,0.0,0.0,0,
1409,Kenny Watson,27,CIN,RB,1,0,0,0,0,0,0.0,0,0,0,0,0,0.0,1.0,1.0,0.0,0.0,0,
1410,Zac Woodfin,22,BAL,LB,1,0,0,0,0,0,0.0,0,0,0,0,0,0.0,1.0,1.0,0.0,0.0,0,
