Unnamed: 0_level_0,Unnamed: 1_level_0,Unnamed: 2_level_0,Unnamed: 3_level_0,Unnamed: 4_level_0,Unnamed: 5_level_0,Unnamed: 6_level_0,Def Interceptions,Def Interceptions,Def Interceptions,Def Interceptions,Def Interceptions,Fumbles,Fumbles,Fumbles,Fumbles,Fumbles,Unnamed: 17_level_0,Tackles,Tackles,Tackles,Tackles,Tackles,Unnamed: 23_level_0,Unnamed: 24_level_0
Rk,Player,Age,Team,Pos,G,GS,Int,Yds,IntTD,Lng,PD,FF,Fmb,FR,Yds,FRTD,Sk,Comb,Solo,Ast,TFL,QBHits,Sfty,Awards
1,Jonathan Allen,25,WAS,RDT,16,16,0,0,0,0,0,0,0,1,0,0,2.0,63,36,27,3,14,1,
2,Josh Allen,24,BUF,QB,16,16,0,0,0,0,0,0,9,1,-2,0,0.0,0,0,0,0,0,0,"PB,AP-2,AP MVP-2,AP OPoY-4"
3,Adrian Amos,27,GNB,SS,16,16,2,47,0,24,9,0,0,0,0,0,2.0,83,65,18,4,3,0,
4,Arik Armstead,27,SFO,LDE,16,16,0,0,0,0,3,0,0,0,0,0,3.5,49,29,20,6,13,0,
5,Jessie Bates III,23,CIN,FS,16,16,3,12,0,12,15,1,0,0,0,0,0.0,109,78,31,2,1,0,AP-2
6,Kelvin Beachum,31,ARI,RT,16,16,0,0,0,0,0,0,0,1,0,0,0.0,0,0,0,0,0,0,
7,Vonn Bell,26,CIN,SS,16,16,0,0,0,0,5,3,0,2,65,0,0.0,114,67,47,3,4,0,
8,Joel Bitonio,29,CLE,LG,16,16,0,0,0,0,0,0,0,0,0,0,0.0,1,1,0,0,0,0,"PB,AP-2"
9,Tre Boston,28,CAR,FS,16,16,1,0,0,0,4,1,0,2,0,0,1.0,95,61,34,3,2,0,
10,Bradley Bozeman,26,BAL,LG,16,16,0,0,0,0,0,0,0,1,0,0,0.0,0,0,0,0,0,0,
11,Garrett Bradbury,25,MIN,C,16,16,0,0,0,0,0,0,1,2,-12,0,0.0,0,0,0,0,0,0,
12,Tom Brady,43,TAM,QB,16,16,0,0,0,0,0,0,4,3,-6,0,0.0,0,0,0,0,0,0,
13,Malcolm Butler,30,TEN,RCB,16,16,4,111,0,68,14,0,0,0,0,0,0.0,100,86,14,1,0,0,
14,Kevin Byard,27,TEN,FS,16,16,1,0,0,0,7,1,0,0,0,0,0.0,111,79,32,1,1,0,
15,Josh Bynes,31,CIN,LLB,16,16,0,0,0,0,2,0,0,1,0,0,1.0,99,53,46,5,2,0,
16,De'Vondre Campbell,27,ARI,LILB,16,16,0,0,0,0,3,1,0,0,0,0,2.0,99,69,30,7,2,0,
17,Derek Carr,29,LVR,QB,16,16,0,0,0,0,0,0,11,0,-6,0,0.0,0,0,0,0,0,0,
18,Robbie Chosen,27,CAR,WR,16,16,0,0,0,0,0,0,1,0,0,0,0.0,0,0,0,0,0,0,
19,Chuck Clark,25,BAL,SS,16,16,1,0,0,0,4,2,1,3,66,1,1.5,96,57,39,3,4,0,
20,L.J. Collier,25,SEA,DE,16,16,0,0,0,0,2,0,0,0,0,0,3.0,22,16,6,4,7,0,
21,Austin Corbett,25,LAR,RG,16,16,0,0,0,0,0,0,0,1,0,0,0.0,0,0,0,0,0,0,
22,Kirk Cousins,32,MIN,QB,16,16,0,0,0,0,0,0,9,1,-1,0,0.0,0,0,0,0,0,0,
23,Maxx Crosby,23,LVR,RDE,16,16,0,0,0,0,1,0,0,1,0,0,7.0,39,20,19,14,13,0,
24,Zach Cunningham,26,HOU,LILB,16,16,0,0,0,0,2,1,0,0,0,0,3.0,164,106,58,7,4,0,
25,Lloyd Cushenberry III,23,DEN,C,16,16,0,0,0,0,0,0,2,1,-7,0,0.0,0,0,0,0,0,0,
26,Ronald Darby,26,WAS,RCB/LCB,16,16,0,0,0,0,16,0,0,1,0,0,0.0,55,43,12,1,0,0,
27,Lavonte David,30,TAM,RILB,16,16,1,-5,0,-5,6,3,0,2,0,0,1.5,117,82,35,12,3,0,AP-2
28,Demario Davis,31,NOR,MLB,16,16,0,0,0,0,5,0,0,0,0,0,4.0,119,73,46,10,12,0,AP-2
29,Dion Dawkins,26,BUF,LT,16,16,0,0,0,0,0,0,0,1,0,0,0.0,0,0,0,0,0,0,
30,Quandre Diggs,27,SEA,FS,16,16,5,57,0,32,10,0,0,0,0,0,0.0,64,42,22,0,0,0,PB
31,Aaron Donald,29,LAR,DT,16,16,0,0,0,0,1,4,0,1,0,0,13.5,45,27,18,14,28,0,"PB,AP-1,AP DPoY-1"
32,DeShon Elliott,23,BAL,FS,16,16,0,0,0,0,4,2,0,0,0,0,2.5,80,51,29,3,5,0,
33,Rashaan Evans,25,TEN,LILB,16,16,0,0,0,0,5,0,0,1,25,0,0.5,96,59,37,1,4,0,
34,Minkah Fitzpatrick,24,PIT,FS,16,16,4,77,1,37,11,1,0,1,-1,0,0.0,79,60,19,1,0,0,"PB,AP-1"
35,Leonard Floyd,28,LAR,ROLB,16,16,0,0,0,0,1,1,0,2,0,0,10.5,55,31,24,11,19,0,
36,Poona Ford,25,SEA,NT,16,16,0,0,0,0,0,1,0,0,0,0,2.0,40,25,15,8,9,0,
37,Kyle Fuller,28,CHI,LCB,16,16,1,5,0,5,8,1,0,0,0,0,0.0,65,52,13,0,0,0,
38,Tashaun Gipson,30,CHI,SS,16,16,2,10,0,9,7,0,0,1,0,0,0.0,66,48,18,0,0,0,
39,Brandon Graham,32,PHI,RDE,16,16,0,0,0,0,0,2,0,1,0,0,8.0,46,35,11,13,16,0,PB
40,Rob Gronkowski,31,TAM,TE,16,16,0,0,0,0,0,0,1,0,0,0,0.0,0,0,0,0,0,0,
41,Johnathan Hankins,28,LVR,LDT,16,16,0,0,0,0,0,0,0,1,0,0,1.0,48,27,21,1,4,0,
42,Vernon Hargreaves III,25,HOU,RCB,16,16,1,0,0,0,7,0,0,0,0,0,0.0,72,61,11,1,0,0,
43,Duron Harmon,29,DET,FS,16,16,2,22,0,21,5,0,0,0,0,0,0.0,73,54,19,0,1,0,
44,Anthony Harris,29,MIN,FS,16,16,0,0,0,0,7,0,0,0,0,0,0.0,104,58,46,2,0,0,
45,Rob Havenstein,28,LAR,RT,16,16,0,0,0,0,0,0,0,1,0,0,0.0,0,0,0,0,0,0,
46,Derrick Henry,26,TEN,RB,16,16,0,0,0,0,0,0,3,1,0,0,0.0,0,0,0,0,0,0,"PB,AP-1,AP OPoY-1"
47,Neville Hewitt,27,NYJ,RILB,16,16,0,0,0,0,4,1,0,1,17,0,2.0,134,91,43,6,4,0,
48,Jordan Hicks,28,ARI,RILB,16,16,1,6,0,6,4,0,0,0,0,0,0.0,118,78,40,11,1,0,
49,Troy Hill,29,LAR,LCB,16,16,3,119,2,84,10,1,0,2,20,1,0.0,77,55,22,1,0,0,
50,T.J. Hockenson,23,DET,TE,16,16,0,0,0,0,0,0,1,0,0,0,0.0,0,0,0,0,0,0,PB
51,DeAndre Hopkins,28,ARI,WR,16,16,0,0,0,0,0,0,3,0,0,0,0.0,0,0,0,0,0,0,"PB,AP-2"
52,Justin Houston,31,IND,LDE,16,16,0,0,0,0,0,1,0,2,0,0,8.0,25,19,6,8,12,2,
53,Xavien Howard,27,MIA,RCB,16,16,10,77,0,29,20,1,0,0,0,0,0.0,51,40,11,1,0,0,"PB,AP-1,AP DPoY-3"
54,Rodney Hudson,31,LVR,C,16,16,0,0,0,0,0,0,0,1,0,0,0.0,0,0,0,0,0,0,
55,Eddie Jackson,27,CHI,FS,16,16,0,0,0,0,5,3,0,1,8,1,0.0,82,63,19,1,0,0,
56,Kareem Jackson,32,DEN,SS,16,16,1,13,0,13,4,0,0,2,2,0,0.0,89,67,22,1,0,0,
57,Grady Jarrett,27,ATL,LDT,16,16,0,0,0,0,0,0,0,1,0,0,4.0,52,27,25,8,21,0,PB
58,Malcolm Jenkins,33,NOR,SS,16,16,3,58,0,48,10,1,0,1,0,0,2.5,91,69,22,7,6,0,
59,Ryan Jensen,29,TAM,C,16,16,0,0,0,0,0,0,1,0,0,0,0.0,0,0,0,0,0,0,
60,Josey Jewell,26,DEN,RILB,16,16,0,0,0,0,4,0,0,0,0,0,2.0,113,67,46,5,5,0,
61,Alexander Johnson,29,DEN,LILB,16,16,0,0,0,0,2,2,0,0,0,0,1.0,124,72,52,4,5,0,
62,Jaleel Johnson,26,MIN,RDT,16,16,0,0,0,0,0,0,0,0,0,0,1.5,44,22,22,3,2,0,
63,John Johnson,25,LAR,FS,16,16,1,0,0,0,8,0,0,0,0,0,0.0,105,73,32,2,0,0,
64,DaQuan Jones,29,TEN,NT,16,16,0,0,0,0,0,1,0,0,0,0,2.0,49,29,20,4,6,0,
65,Deion Jones,26,ATL,LLB,16,16,2,84,1,67,6,1,0,1,0,0,4.5,106,73,33,9,10,0,
66,Cameron Jordan,31,NOR,LDE,16,16,0,0,0,0,3,1,0,0,0,0,7.5,51,34,17,11,16,0,PB
67,Linval Joseph,32,LAC,RDT,16,16,0,0,0,0,0,0,0,0,0,0,0.0,62,33,29,3,2,0,
68,Sebastian Joseph-Day,25,LAR,NT,16,16,0,0,0,0,3,1,0,0,0,0,1.0,55,35,20,1,4,0,
69,Ted Karras,27,MIA,C,16,16,0,0,0,0,0,0,2,0,0,0,0.0,0,0,0,0,0,0,
70,Jason Kelce,33,PHI,C,16,16,0,0,0,0,0,0,1,2,0,0,0.0,0,0,0,0,0,0,PB
71,Dennis Kelly,30,TEN,RT,16,16,0,0,0,0,0,0,0,1,0,0,0.0,0,0,0,0,0,0,
72,Harold Landry,24,TEN,ROLB,16,16,1,0,0,0,5,0,0,0,0,0,5.5,69,46,23,10,16,0,
73,Charles Leno Jr.,29,CHI,LT,16,16,0,0,0,0,0,0,0,1,0,0,0.0,0,0,0,0,0,0,
74,Tyler Lockett,28,SEA,WR,16,16,0,0,0,0,0,0,1,0,0,0,0.0,0,0,0,0,0,0,
75,Dean Lowry,26,GNB,LDE,16,16,0,0,0,0,2,0,0,0,0,0,3.0,36,14,22,2,4,0,
76,Khalil Mack,29,CHI,LOLB,16,16,1,33,0,33,3,3,0,2,0,0,9.0,50,29,21,11,13,1,"PB,AP-2"
77,Blake Martinez,26,NYG,LILB,16,16,1,2,0,2,5,2,0,1,0,0,3.0,151,86,65,9,6,0,
78,Marcus Maye,27,NYJ,FS,16,16,2,0,0,0,11,2,0,1,0,0,2.0,88,52,36,4,2,0,
79,Baker Mayfield,25,CLE,QB,16,16,0,0,0,0,0,0,8,2,-15,0,0.0,0,0,0,0,0,0,
80,Devin McCourty,33,NWE,FS,16,16,2,62,1,43,6,0,0,0,0,0,0.0,68,45,23,2,0,0,
81,Erik McCoy,23,NOR,C,16,16,0,0,0,0,0,0,1,0,0,0,0.0,0,0,0,0,0,0,
82,Connor McGovern,27,NYJ,C,16,16,0,0,0,0,0,0,0,1,0,0,0.0,0,0,0,0,0,0,
83,D.K. Metcalf,23,SEA,WR,16,16,0,0,0,0,0,0,1,0,0,0,0.0,0,0,0,0,0,0,"PB,AP-2"
84,Terrance Mitchell,28,CLE,RCB,16,16,0,0,0,0,13,3,0,0,0,0,0.0,65,54,11,2,0,0,
85,Trayvon Mullen,23,LVR,LCB/RCB,16,16,2,0,0,0,14,0,0,0,0,0,0.0,64,56,8,2,0,0,
86,Kenneth Murray,22,LAC,RLB,16,16,0,0,0,0,3,0,0,0,0,0,1.0,107,68,39,5,1,0,
87,Kyler Murray,23,ARI,QB,16,16,0,0,0,0,0,0,9,2,-3,0,0.0,0,0,0,0,0,0,PB
88,Bilal Nichols,24,CHI,NT,16,16,1,7,0,7,3,0,0,0,0,0,5.0,40,16,24,7,13,0,
89,Ed Oliver,23,BUF,RDT,16,16,0,0,0,0,3,1,0,0,0,0,3.0,33,23,10,6,6,0,
90,Michael Onwenu,23,NWE,RT,16,16,0,0,0,0,0,0,0,2,0,0,0.0,0,0,0,0,0,0,
91,Daron Payne,23,WAS,LDT,16,16,1,0,0,0,4,3,0,1,0,0,3.0,54,27,27,7,8,0,
92,Patrick Peterson,30,ARI,LCB,16,16,3,7,0,7,8,0,0,0,0,0,0.0,61,52,9,0,0,0,
93,Adrian Phillips,28,NWE,SS,16,16,2,5,0,5,4,0,0,0,0,0,1.0,109,76,33,7,1,0,
94,Jason Pierre-Paul,31,TAM,LOLB,16,16,2,15,0,15,6,4,0,2,0,0,9.5,55,34,21,7,14,0,PB
95,Jordan Poyer,29,BUF,SS,16,16,2,14,0,14,5,2,0,0,0,0,2.0,124,91,33,4,4,0,
96,Patrick Queen,21,BAL,LILB,16,16,1,0,0,0,2,2,0,2,53,1,3.0,106,66,40,9,10,0,AP DRoY-3
97,Jarran Reed,28,SEA,DT,16,16,0,0,0,0,1,1,0,0,0,0,6.5,38,20,18,5,14,0,
98,Xavier Rhodes,30,IND,RCB,16,16,2,44,1,44,12,0,0,0,0,0,0.0,42,35,7,0,0,0,
99,Sheldon Richardson,30,CLE,LDT,16,16,0,0,0,0,3,1,0,0,0,0,4.5,64,35,29,5,10,0,
100,Philip Rivers,39,IND,QB,16,16,0,0,0,0,0,0,2,0,0,0,0.0,0,0,0,0,0,0,
101,Cam Robinson,25,JAX,LT,16,16,0,0,0,0,0,0,0,1,0,0,0.0,0,0,0,0,0,0,
102,Aaron Rodgers,37,GNB,QB,16,16,0,0,0,0,0,0,4,1,-13,0,0.0,0,0,0,0,0,0,"PB,AP-1,AP MVP-1,AP OPoY-2"
103,Matt Ryan,35,ATL,QB,16,16,0,0,0,0,0,0,6,1,-3,0,0.0,0,0,0,0,0,0,
104,Joe Schobert,27,JAX,MLB,16,16,3,45,1,43,4,2,0,0,0,0,2.5,141,84,57,6,6,0,
105,Justin Simmons,27,DEN,FS,16,16,5,90,0,46,9,0,0,1,18,0,0.0,96,77,19,3,0,0,PB
106,John Simon,30,NWE,RDE,16,16,0,0,0,0,3,0,0,0,0,0,2.0,53,34,19,4,4,0,
107,Devin Singletary,23,BUF,RB,16,16,0,0,0,0,0,0,1,0,0,0,0.0,0,0,0,0,0,0,
108,Aldon Smith,31,DAL,RDE,16,16,0,0,0,0,2,0,0,2,78,1,5.0,48,31,17,5,14,0,
109,Harrison Smith,31,MIN,SS,16,16,5,33,0,16,10,0,0,0,0,0,0.5,89,54,35,2,5,0,
110,Jaylon Smith,25,DAL,RLB,16,16,1,43,0,43,5,0,0,2,21,0,1.5,154,89,65,5,4,0,
111,Roquan Smith,23,CHI,LILB,16,16,2,16,0,11,7,1,1,1,0,0,4.0,139,98,41,18,6,0,AP-2
112,Za'Darius Smith,28,GNB,ROLB,16,16,0,0,0,0,2,4,0,2,0,0,12.5,52,35,17,12,23,0,"PB,AP-2"
113,Matthew Stafford,32,DET,QB,16,16,0,0,0,0,0,0,2,1,-1,0,0.0,0,0,0,0,0,0,
114,Shamar Stephen,29,MIN,LDT,16,16,0,0,0,0,0,0,0,0,0,0,0.5,34,20,14,2,3,0,
115,Grover Stewart,27,IND,RDT,16,16,0,0,0,0,1,0,0,0,0,0,0.5,53,40,13,6,5,0,
116,Ndamukong Suh,33,TAM,LDE,16,16,0,0,0,0,2,1,0,0,0,0,6.0,44,27,17,9,19,0,
117,Montez Sweat,24,WAS,RDE,16,16,1,15,1,15,6,2,0,0,0,0,9.0,45,28,17,12,20,0,
118,Ryan Tannehill,32,TEN,QB,16,16,0,0,0,0,0,0,6,3,-19,0,0.0,0,0,0,0,0,0,
119,Dalvin Tomlinson,26,NYG,NT,16,16,0,0,0,0,4,0,0,0,0,0,3.5,49,25,24,8,10,0,
120,J.C. Tretter,29,CLE,C,16,16,0,0,0,0,0,0,2,0,-6,0,0.0,0,0,0,0,0,0,
121,Danny Trevathan,30,CHI,RILB,16,16,0,0,0,0,5,1,0,0,0,0,1.0,113,67,46,3,2,0,
122,Alejandro Villanueva,32,PIT,LT,16,16,0,0,0,0,0,0,0,1,0,0,0.0,0,0,0,0,0,0,
123,Bobby Wagner,30,SEA,RILB,16,16,0,0,0,0,8,0,0,1,0,0,3.0,138,81,57,7,11,0,"PB,AP-1"
124,Anthony Walker,25,IND,MLB,16,16,1,11,0,11,5,0,0,1,0,0,0.0,92,65,27,2,1,0,
125,Fred Warner,24,SFO,MLB,16,16,2,3,0,3,6,1,0,2,0,0,1.0,125,79,46,5,7,0,"PB,AP-1"
126,Deshaun Watson,25,HOU,QB,16,16,0,0,0,0,0,0,8,2,-13,0,0.0,0,0,0,0,0,0,PB
127,J.J. Watt,31,HOU,LDE,16,16,1,19,1,19,7,2,0,1,0,0,5.0,52,36,16,14,17,0,
128,Jordan Whitehead,23,TAM,FS,16,16,2,2,0,2,4,1,0,1,0,0,2.0,74,53,21,9,3,0,
129,Russell Wilson,32,SEA,QB,16,16,0,0,0,0,0,0,7,0,-18,0,0.0,0,0,0,0,0,0,PB
130,Antoine Winfield Jr.,22,TAM,SS,16,16,1,16,0,16,6,2,0,1,0,0,3.0,94,64,30,1,4,0,AP DRoY-4
131,Robert Woods,28,LAR,WR,16,16,0,0,0,0,0,0,2,0,0,0,0.0,0,0,0,0,0,0,
132,K.J. Wright,31,SEA,ROLB,16,16,1,7,0,7,10,1,0,2,0,0,2.0,86,60,26,11,3,0,
133,Jonathan Bostic,29,WAS,MLB,16,15,1,0,0,0,3,0,0,0,0,0,3.0,118,61,57,6,6,0,
134,Derrick Brown,22,CAR,RDT/LDT,16,15,0,0,0,0,4,0,0,0,0,0,2.0,34,21,13,8,12,0,
135,Jesse Davis,29,MIA,LT/RT,16,15,0,0,0,0,0,0,0,2,0,0,0.0,0,0,0,0,0,0,
136,Tyeler Davison,28,ATL,RDT,16,15,0,0,0,0,0,0,0,0,0,0,0.5,36,15,21,2,2,0,
137,Jeff Gladney,24,MIN,RCB,16,15,0,0,0,0,3,1,0,0,0,0,0.0,81,63,18,7,1,0,
138,Jimmy Graham,34,CHI,TE,16,15,0,0,0,0,0,0,1,0,0,0,0.0,0,0,0,0,0,0,
139,Kyle Juszczyk,29,SFO,FB,16,15,0,0,0,0,0,0,1,0,0,0,0.0,0,0,0,0,0,0,PB
140,Tanoh Kpassagnon,26,KAN,LDE,16,15,0,0,0,0,3,0,0,0,0,0,1.0,28,20,8,2,4,0,
141,DeMarcus Lawrence,28,DAL,DE,16,15,0,0,0,0,2,4,0,1,0,0,6.5,58,34,24,11,10,0,
142,Dexter Lawrence,23,NYG,LDE,16,15,0,0,0,0,2,0,0,0,0,0,4.0,53,30,23,6,10,0,
143,Bobby McCain,27,MIA,SS,16,15,1,19,0,19,5,0,0,0,0,0,0.0,46,39,7,0,2,0,
144,Amani Oruwariye,24,DET,RCB,16,15,1,0,0,0,7,0,0,0,0,0,0.0,53,45,8,1,0,0,
145,Germaine Pratt,24,CIN,MLB,16,15,0,0,0,0,2,0,0,0,0,0,0.0,89,55,34,5,0,0,
146,Logan Ryan,29,NYG,FS,16,15,1,15,0,15,9,3,0,2,0,0,1.0,94,68,26,1,4,0,
147,Darius Slayton,23,NYG,WR,16,15,0,0,0,0,0,0,1,0,0,0,0.0,0,0,0,0,0,0,
148,Andrew Thomas,21,NYG,LT,16,15,0,0,0,0,0,0,0,1,0,0,0.0,0,0,0,0,0,0,
149,Logan Thomas,29,WAS,TE,16,15,0,0,0,0,0,0,0,1,0,0,0.0,0,0,0,0,0,0,
150,Shaq Thompson,26,CAR,LLB,16,15,0,0,0,0,5,2,0,1,0,0,0.0,114,64,50,6,2,0,
151,Darren Waller,28,LVR,TE,16,15,0,0,0,0,0,0,2,0,0,0,0.0,0,0,0,0,0,0,PB
152,Eric Wilson,26,MIN,RLB,16,15,3,23,0,16,8,1,0,2,7,0,3.0,122,62,60,8,9,0,
153,Damiere Byrd,27,NWE,WR,16,14,0,0,0,0,0,0,3,0,0,0,0.0,0,0,0,0,0,0,
154,Christian Covington,27,CIN,RDT,16,14,0,0,0,0,0,0,0,0,0,0,0.0,39,14,25,0,1,0,
155,Michael Davis,25,LAC,LCB/RCB,16,14,3,86,1,78,14,0,0,0,0,0,0.0,64,48,16,2,0,0,
156,Samson Ebukam,25,LAR,LOLB,16,14,0,0,0,0,1,1,0,0,0,0,4.5,31,18,13,3,7,0,
157,Evan Engram,26,NYG,TE,16,14,0,0,0,0,0,0,1,0,0,0,0.0,0,0,0,0,0,0,PB
158,Adam Gotsis,28,JAX,RDE,16,14,0,0,0,0,3,1,0,0,0,0,0.0,37,18,19,4,3,0,
159,Tee Higgins,21,CIN,WR,16,14,0,0,0,0,0,0,1,0,0,0,0.0,0,0,0,0,0,0,
160,Kerry Hyder,29,SFO,RDE,16,14,0,0,0,0,0,0,0,1,14,0,8.5,49,30,19,10,18,0,
161,Justin Jefferson,21,MIN,WR,16,14,0,0,0,0,0,0,1,0,0,0,0.0,0,0,0,0,0,0,"PB,AP-2,AP ORoY-2"
162,Jerry Jeudy,21,DEN,WR,16,14,0,0,0,0,0,0,2,0,0,0,0.0,0,0,0,0,0,0,
163,CeeDee Lamb,21,DAL,WR,16,14,0,0,0,0,0,0,2,1,0,0,0.0,0,0,0,0,0,0,
164,Kenny Moore,25,IND,LCB,16,14,4,45,1,29,13,1,0,0,0,0,2.0,80,68,12,4,3,0,
165,Eric Rowe,28,MIA,FS,16,14,2,26,0,22,11,0,0,1,0,0,0.0,91,66,25,1,2,0,
166,Dalton Schultz,24,DAL,TE,16,14,0,0,0,0,0,0,1,1,0,0,0.0,0,0,0,0,0,0,
167,JuJu Smith-Schuster,24,PIT,WR,16,14,0,0,0,0,0,0,3,2,0,0,0.0,0,0,0,0,0,0,
168,Terence Steele,23,DAL,RT,16,14,0,0,0,0,0,0,0,1,0,0,0.0,0,0,0,0,0,0,
169,Miles Boykin,24,BAL,WR,16,13,0,0,0,0,0,0,0,0,0,0,0.0,2,2,0,0,0,0,
170,Chris Herndon,24,NYJ,TE,16,13,0,0,0,0,0,0,2,0,0,0,0.0,0,0,0,0,0,0,
171,Christian Jones,29,DET,LLB,16,13,0,0,0,0,1,0,0,0,0,0,0.0,57,32,25,2,1,0,
172,Sean Murphy-Bunting,23,TAM,RCB,16,13,1,0,0,0,3,1,0,1,3,0,0.0,70,53,17,3,1,0,
173,Malik Reed,24,DEN,LOLB,16,13,0,0,0,0,1,1,0,0,0,0,8.0,53,34,19,8,17,0,
174,Josh Reynolds,25,LAR,WR,16,13,0,0,0,0,0,0,2,2,-2,0,0.0,0,0,0,0,0,0,
175,Drew Sample,24,CIN,TE,16,13,0,0,0,0,0,0,1,0,0,0,0.0,0,0,0,0,0,0,
176,Preston Smith,28,GNB,LOLB,16,13,0,0,0,0,3,0,0,1,14,1,4.0,42,29,13,7,11,0,
177,Luke Stocker,32,ATL,TE,16,13,0,0,0,0,0,0,0,0,0,0,0.0,2,1,1,0,0,0,
178,Tyrell Adams,28,HOU,RILB,16,12,0,0,0,0,4,2,0,1,0,0,2.0,125,76,49,5,3,0,
179,Raekwon Davis,23,MIA,NT,16,12,0,0,0,0,0,0,0,0,0,0,0.0,40,19,21,1,1,0,
180,Will Dissly,24,SEA,TE,16,12,0,0,0,0,0,0,0,0,0,0,0.0,1,0,1,0,0,0,
181,William Gholston,29,TAM,RDE,16,12,0,0,0,0,2,0,0,1,1,0,3.0,44,24,20,8,20,0,
182,Tre Herndon,24,JAX,LCB,16,12,0,0,0,0,5,0,0,0,0,0,1.0,76,64,12,4,2,0,
183,Emmanuel Ogbah,27,MIA,RDE,16,12,0,0,0,0,5,3,0,1,0,0,9.0,42,25,17,6,21,0,
184,Isaiah Oliver,24,ATL,RCB,16,12,0,0,0,0,6,1,0,0,0,0,1.0,70,51,19,4,2,0,
185,John Penisini,23,DET,RDT,16,12,0,0,0,0,0,0,0,1,0,0,1.0,35,19,16,4,0,0,
186,Marquez Valdes-Scantling,26,GNB,WR,16,12,0,0,0,0,0,0,1,0,0,0,0.0,0,0,0,0,0,0,
187,Leonard Williams,26,NYG,DT,16,12,0,0,0,0,1,0,0,1,0,0,11.5,57,29,28,14,30,0,
188,Jerome Baker,24,MIA,RILB,16,11,0,0,0,0,3,2,0,0,0,0,7.0,112,70,42,7,11,0,
189,Kamren Curl,21,WAS,SS,16,11,3,88,1,76,4,0,0,0,0,0,2.0,88,63,25,4,5,0,
190,Gabriel Davis,21,BUF,WR,16,11,0,0,0,0,0,0,1,1,0,0,0.0,0,0,0,0,0,0,
191,J.C. Jackson,25,NWE,LCB,16,11,9,80,0,30,14,0,0,3,0,0,0.0,40,34,6,1,0,0,
192,Jakob Johnson,26,NWE,FB,16,11,0,0,0,0,0,0,1,0,0,0,0.0,0,0,0,0,0,0,
193,Taron Johnson,24,BUF,DB,16,11,1,51,1,51,7,1,0,0,0,0,1.0,94,70,24,5,3,0,
194,A.J. Klein,29,BUF,LLB,16,11,0,0,0,0,4,2,0,1,0,0,5.0,75,53,22,5,9,0,
195,Carl Lawson,25,CIN,RDE,16,11,0,0,0,0,0,2,0,0,0,0,5.5,36,18,18,4,32,0,
196,Jason McCourty,33,NWE,LCB,16,11,0,0,0,0,3,0,0,0,0,0,0.0,42,30,12,0,0,0,
197,Steven Means,30,ATL,LDE,16,11,0,0,0,0,0,2,0,0,0,0,3.0,38,21,17,3,6,0,
198,Rakeem Nunez-Roches,27,TAM,NT,16,11,0,0,0,0,0,0,0,0,0,0,0.0,20,7,13,0,3,0,
199,Michael Ojemudia,23,DEN,LCB,16,11,0,0,0,0,6,4,0,0,0,0,0.0,62,55,7,1,0,0,
200,Haason Reddick,26,ARI,LOLB,16,11,0,0,0,0,4,6,0,0,0,0,12.5,63,43,20,15,16,0,
201,Alex Singleton,27,PHI,LLB,16,11,1,30,1,30,1,0,0,2,1,0,2.0,120,75,45,5,7,0,
202,Jerry Tillery,24,LAC,DE,16,11,0,0,0,0,2,2,0,1,0,0,3.0,30,19,11,3,14,0,
203,Andrew Van Ginkel,25,MIA,LOLB,16,11,0,0,0,0,4,3,0,1,78,1,5.5,48,29,19,7,10,0,
204,Carlos Watkins,27,HOU,LOLB,16,11,0,0,0,0,3,0,0,1,0,0,2.0,27,17,10,4,2,0,
205,Giovani Bernard,29,CIN,RB,16,10,0,0,0,0,0,0,1,0,0,0,0.0,0,0,0,0,0,0,
206,Cam Sims,24,WAS,WR,16,10,0,0,0,0,0,0,1,2,0,0,0.0,4,4,0,0,0,0,
207,Chandon Sullivan,24,GNB,DB,16,10,1,7,1,7,6,0,0,0,0,0,0.0,41,32,9,0,0,0,
208,Jahlani Tavai,24,DET,MLB,16,10,0,0,0,0,0,2,0,1,0,0,0.0,58,32,26,2,1,0,
209,Greg Ward,25,PHI,WR,16,10,0,0,0,0,0,0,2,0,0,0,0.0,0,0,0,0,0,0,
210,Darious Williams,27,LAR,DB,16,10,4,21,0,19,14,0,0,0,0,0,0.0,44,37,7,1,0,0,
211,Isaac Yiadom,24,NYG,RCB,16,10,0,0,0,0,5,1,0,0,0,0,0.5,46,29,17,0,1,0,
212,Alex Anzalone,26,NOR,MLB,16,9,0,0,0,0,0,0,0,0,0,0,0.0,41,22,19,3,0,0,
213,Tarell Basham,26,NYJ,LOLB,16,9,0,0,0,0,1,3,0,0,0,0,3.5,36,19,17,5,13,0,
214,Angelo Blackson,28,ARI,NT,16,9,0,0,0,0,0,0,0,0,0,0,2.5,24,15,9,4,8,0,
215,Jack Crawford,32,TEN,DE,16,9,0,0,0,0,0,1,0,0,0,0,2.0,28,20,8,3,10,0,
216,Ross Dwelley,25,SFO,TE,16,9,0,0,0,0,0,0,0,0,0,0,0.0,2,2,0,0,0,0,
217,Jalen Guyton,23,LAC,WR,16,9,0,0,0,0,0,0,0,1,0,0,0.0,1,1,0,0,0,0,
218,Cole Kmet,21,CHI,TE,16,9,0,0,0,0,0,0,1,0,0,0,0.0,0,0,0,0,0,0,
219,Darnell Mooney,23,CHI,WR,16,9,0,0,0,0,0,0,1,1,0,0,0.0,0,0,0,0,0,0,
220,Romeo Okwara,25,DET,RDE,16,9,0,0,0,0,1,3,0,1,0,0,10.0,44,32,12,11,18,1,
221,Demarcus Robinson,26,KAN,WR,16,9,0,0,0,0,0,0,2,0,0,0,0.0,0,0,0,0,0,0,
222,Chase Winovich,25,NWE,LDE,16,9,1,0,0,0,2,1,0,0,0,0,5.5,48,33,15,6,12,0,
223,Henry Anderson,29,NYJ,LDE,16,8,0,0,0,0,0,0,0,0,0,0,0.5,42,19,23,4,3,0,
224,Alex Bars,25,CHI,RG,16,8,0,0,0,0,0,0,1,0,0,0,0.0,0,0,0,0,0,0,
225,Taven Bryan,24,JAX,LDT,16,8,0,0,0,0,0,0,0,0,0,0,0.5,18,10,8,3,6,0,
226,Devante Downs,25,NYG,LB,16,8,0,0,0,0,1,0,1,1,0,0,0.0,33,25,8,0,1,0,
227,Willie Gay Jr.,22,KAN,RLB,16,8,0,0,0,0,3,1,0,0,0,0,1.0,39,29,10,3,1,0,
228,Markus Golden,29,2TM,ROLB,16,9,1,1,0,1,3,1,0,1,30,0,4.5,33,17,16,6,20,0,
228,Markus Golden,29,NYG,LB,7,1,0,0,0,0,1,0,0,0,0,0,1.5,10,4,6,2,6,0,
228,Markus Golden,29,ARI,ROLB,9,8,1,1,0,1,2,1,0,1,30,0,3.0,23,13,10,4,14,0,
229,Mecole Hardman,22,KAN,WR,16,8,0,0,0,0,0,0,2,0,0,0,0.0,0,0,0,0,0,0,
230,Taysom Hill,30,NOR,QB/WR,16,8,0,0,0,0,0,0,10,3,-8,0,0.0,0,0,0,0,0,0,
231,Tarvarius Moore,24,SFO,SS,16,8,0,0,0,0,1,1,0,1,3,0,0.0,52,37,15,1,0,0,
232,Zach Sieler,25,MIA,LDE,16,8,0,0,0,0,0,0,0,0,0,0,3.5,48,30,18,11,11,0,
233,Ian Thomas,24,CAR,TE,16,8,0,0,0,0,0,0,1,0,0,0,0.0,0,0,0,0,0,0,
234,Juan Thornhill,25,KAN,FS,16,8,1,20,0,20,3,0,0,0,0,0,0.0,41,33,8,0,1,0,
235,Brent Urban,29,CHI,DT,16,8,0,0,0,0,1,0,0,0,0,0,2.5,36,17,19,2,4,0,
236,Troy Apke,25,WAS,FS,16,7,0,0,0,0,2,0,0,0,0,0,0.0,35,25,10,0,0,0,
237,Jermaine Carter Jr.,25,CAR,MLB,16,7,0,0,0,0,1,0,0,1,19,0,0.0,46,21,25,2,0,0,
238,Gerald Everett,26,LAR,TE,16,7,0,0,0,0,0,0,1,0,0,0,0.0,0,0,0,0,0,0,
239,Jonathan Jones,27,NWE,DB,16,7,2,0,0,0,6,1,0,0,0,0,0.0,74,60,14,0,1,0,
240,J.D. McKissic,27,WAS,RB,16,7,0,0,0,0,0,0,3,0,0,0,0.0,0,0,0,0,0,0,
241,Troy Reeder,26,LAR,LILB,16,7,0,0,0,0,2,0,0,0,0,0,3.0,81,53,28,5,4,0,
242,Isaiah Simmons,22,ARI,LB,16,7,1,12,0,12,2,1,0,1,0,0,2.0,54,43,11,4,3,0,
243,Keith Smith,28,ATL,FB,16,7,0,0,0,0,0,0,0,1,0,0,0.0,8,2,6,0,0,0,
244,Dawuane Smoot,25,JAX,LDE,16,7,0,0,0,0,0,2,0,0,0,0,5.5,25,21,4,5,17,0,
245,Deatrich Wise Jr.,26,NWE,LDE,16,7,0,0,0,0,0,0,0,1,0,1,2.5,49,27,22,2,11,0,
246,Chase Claypool,22,PIT,WR,16,6,0,0,0,0,0,0,3,1,0,0,0.0,6,2,4,0,0,0,
247,Gus Edwards,25,BAL,RB,16,6,0,0,0,0,0,1,1,0,0,0,0.0,0,0,0,0,0,0,
248,Malik Harrison,22,BAL,RILB,16,6,0,0,0,0,1,0,0,0,0,0,0.0,44,26,18,1,0,0,
249,Julian Love,22,NYG,DB,16,6,1,13,0,13,3,0,0,0,0,0,0.0,64,47,17,1,0,0,
250,Anthony Miller,26,CHI,WR,16,6,0,0,0,0,0,0,2,2,0,0,0.0,0,0,0,0,0,0,
251,David Moore,25,SEA,WR,16,6,0,0,0,0,0,0,1,2,0,0,0.0,0,0,0,0,0,0,
252,Nik Needham,24,MIA,DB,16,6,2,1,0,1,7,0,0,0,0,0,1.0,58,36,22,1,1,0,
253,Reggie Ragland,27,DET,MLB,16,6,0,0,0,0,1,1,0,0,0,0,1.0,52,30,22,4,3,0,
254,Hunter Renfrow,25,LVR,WR,16,6,0,0,0,0,0,0,2,0,0,0,0.0,1,1,0,0,0,0,
255,Isaac Rochell,25,LAC,RDE,16,6,0,0,0,0,1,0,0,0,0,0,2.5,29,17,12,1,3,1,
256,Jeremy Sprinkle,26,WAS,TE,16,6,0,0,0,0,0,0,0,0,0,0,0.0,6,5,1,0,0,0,
257,Cameron Sutton,25,PIT,DB,16,6,1,0,0,0,8,3,0,1,0,0,1.0,30,27,3,1,0,0,
258,Mykal Walker,23,ATL,RLB,16,6,0,0,0,0,1,1,0,0,0,0,0.0,45,31,14,1,2,0,
259,Kenny Young,26,LAR,RILB,16,6,1,79,1,79,2,0,0,1,0,0,1.0,52,31,21,3,2,0,
260,Azeez Al-Shaair,23,SFO,LLB,16,5,1,0,0,0,2,1,0,0,0,0,0.0,35,22,13,1,1,0,
261,Dan Arnold,25,ARI,TE,16,5,0,0,0,0,0,0,2,1,0,0,0.0,0,0,0,0,0,0,
262,Will Harris,25,DET,SS,16,5,0,0,0,0,1,0,0,0,0,0,0.0,35,26,9,0,0,0,
263,Alex Highsmith,23,PIT,ROLB,16,5,1,2,0,2,1,0,0,0,0,0,2.0,48,30,18,5,6,0,
264,Jacob Hollister,27,SEA,TE,16,5,0,0,0,0,0,0,0,0,0,0,0.0,3,0,3,0,0,0,
265,Kareem Hunt,25,CLE,RB,16,5,0,0,0,0,0,0,2,5,-2,0,0.0,0,0,0,0,0,0,
266,Lonnie Johnson Jr.,25,HOU,DB,16,5,0,0,0,0,0,0,0,0,0,0,0.0,76,56,20,1,3,0,
267,Jimmy Moreland,25,WAS,DB,16,5,1,32,0,32,1,1,0,0,0,0,0.5,44,33,11,1,2,0,
268,Gabe Nabers,23,LAC,FB,16,5,0,0,0,0,0,0,0,1,0,0,0.0,5,3,2,0,0,0,
269,Allen Bailey,31,ATL,DE,16,4,0,0,0,0,0,0,0,0,0,0,1.5,15,8,7,2,5,0,
270,Keion Crossen,24,HOU,DB,16,4,0,0,0,0,5,0,0,0,0,0,0.0,46,33,13,0,0,0,
271,Marcell Harris,26,SFO,DB,16,4,0,0,0,0,3,2,0,2,0,0,0.0,37,27,10,0,0,0,
272,Alec Ingold,24,LVR,FB,16,4,0,0,0,0,0,0,0,1,0,0,0.0,1,1,0,0,0,0,
273,Quinton Jefferson,27,BUF,DT,16,4,0,0,0,0,1,1,0,1,0,0,3.0,23,14,9,3,6,0,
274,Brandon Jones,22,MIA,S,16,4,0,0,0,0,1,1,0,0,0,0,1.0,62,41,21,3,1,0,
275,Tyquan Lewis,25,IND,DE,16,4,0,0,0,0,2,0,0,0,0,0,4.0,24,19,5,8,6,0,
276,Raekwon McMillan,25,LVR,LB,16,4,0,0,0,0,1,1,0,0,0,0,0.0,27,17,10,1,0,0,
277,Boston Scott,25,PHI,RB,16,4,0,0,0,0,0,0,2,0,0,0,0.0,0,0,0,0,0,0,
278,Stephen Anderson,27,LAC,TE,16,3,0,0,0,0,0,0,0,0,0,0,0.0,5,3,2,0,0,0,
279,K'Lavon Chaisson,21,JAX,LB,16,3,0,0,0,0,1,0,0,0,0,0,1.0,19,12,7,3,9,0,
280,Tyrone Crawford,31,DAL,DE,16,3,0,0,0,0,0,0,0,0,0,0,2.0,14,7,7,2,4,0,
281,Rashad Fenton,23,KAN,DB,16,3,1,31,0,31,7,0,0,0,0,0,0.0,35,27,8,1,0,0,
282,Amani Hooker,22,TEN,DB,16,3,4,11,0,6,8,0,0,0,0,0,0.0,51,35,16,1,0,0,
283,Nick Keizer,25,KAN,TE,16,3,0,0,0,0,0,0,1,0,0,0,0.0,4,2,2,0,0,0,
284,Barkevious Mingo,30,CHI,LB,16,3,0,0,0,0,2,0,0,0,0,0,2.5,35,23,12,3,5,0,
285,Cordarrelle Patterson,29,CHI,WR,16,3,0,0,0,0,0,0,0,1,0,0,0.0,4,3,1,0,0,0,"PB,AP-1"
286,Benny Snell Jr.,22,PIT,RB,16,3,0,0,0,0,0,0,2,2,0,0,0.0,5,3,2,0,0,0,
287,Tavierre Thomas,24,CLE,DB,16,3,0,0,0,0,0,1,0,1,0,0,1.0,30,29,1,2,1,0,
288,Dorance Armstrong Jr.,23,DAL,DE,16,2,0,0,0,0,2,1,0,1,0,0,0.0,33,21,12,1,1,0,
289,Peyton Barber,26,WAS,RB,16,2,0,0,0,0,0,0,0,0,0,0,0.0,2,0,2,0,0,0,
290,Cody Barton,24,SEA,LB,16,2,0,0,0,0,0,2,0,0,0,0,0.0,35,24,11,0,0,0,
291,Chris Board,25,BAL,LB,16,2,0,0,0,0,1,1,0,0,0,0,2.5,31,20,11,2,5,0,
292,Tyus Bowser,25,BAL,LB,16,2,3,53,0,25,5,0,0,0,0,0,2.0,34,17,17,4,14,0,
293,Jason Cabinda,24,DET,LB,16,2,0,0,0,0,0,0,0,0,0,0,0.0,7,3,4,0,0,0,
294,Stephen Carlson,24,CLE,TE,16,2,0,0,0,0,0,0,0,0,0,0,0.0,9,7,2,0,0,0,
295,Tyler Conklin,25,MIN,TE,16,2,0,0,0,0,0,0,1,0,0,0,0.0,2,2,0,0,0,0,
296,Akeem Davis-Gaither,23,CIN,LB,16,2,1,0,0,0,3,0,0,0,0,0,0.5,31,20,11,0,2,0,
297,Chase Edmonds,24,ARI,RB,16,2,0,0,0,0,0,0,2,1,0,0,0.0,0,0,0,0,0,0,
298,Alex Erickson,28,CIN,WR,16,2,0,0,0,0,0,0,2,0,0,0,0.0,0,0,0,0,0,0,
299,Matthias Farley,28,NYJ,DB,16,2,0,0,0,0,3,0,0,0,0,0,0.0,24,13,11,0,1,0,
300,Morgan Fox,26,LAR,DB,16,2,0,0,0,0,2,1,0,1,0,0,6.0,27,21,6,8,9,0,
301,Zaire Franklin,24,IND,LB,16,2,0,0,0,0,0,0,0,0,0,0,0.0,19,14,5,0,0,0,
302,DaeSean Hamilton,25,DEN,WR,16,2,0,0,0,0,0,0,1,1,0,0,0.0,0,0,0,0,0,0,
303,Mack Hollins,27,MIA,WR,16,2,0,0,0,0,0,0,1,0,0,0,0.0,3,1,2,0,0,0,
304,Khaleke Hudson,23,WAS,S,16,2,0,0,0,0,0,0,0,0,0,0,0.0,14,8,6,2,1,0,
305,Noah Igbinoghene,21,MIA,CB,16,2,0,0,0,0,2,0,0,2,5,0,0.0,13,11,2,0,0,0,
306,Kerryon Johnson,23,DET,RB,16,2,0,0,0,0,0,0,1,0,0,0,0.0,0,0,0,0,0,0,
307,Ray-Ray McCloud,24,PIT,WR,16,2,0,0,0,0,0,0,2,0,0,0,0.0,1,1,0,0,0,0,
308,Foster Moreau,23,LVR,TE,16,2,0,0,0,0,0,0,0,0,0,0,0.0,1,0,1,0,0,0,
309,Sharrod Neasman,29,ATL,DB,16,2,0,0,0,0,0,0,1,0,0,0,1.0,27,19,8,2,1,0,
310,Tony Pollard,23,DAL,RB,16,2,0,0,0,0,0,0,0,0,0,0,0.0,1,1,0,0,0,0,
311,Levine Toilolo,29,NYG,TE,16,2,0,0,0,0,0,0,0,1,0,0,0.0,3,3,0,0,0,0,
312,Brandon Zylstra,27,CAR,WR,16,2,0,0,0,0,0,0,0,1,0,1,0.0,0,0,0,0,0,0,
313,Devontae Booker,28,LVR,RB,16,1,0,0,0,0,0,0,1,1,0,0,0.0,2,1,1,0,0,0,
314,Daniel Brown,28,NYJ,WR,16,1,0,0,0,0,0,0,0,0,0,0,0.0,5,4,1,0,0,0,
315,Noah Brown,24,DAL,WR,16,1,0,0,0,0,0,0,0,0,0,0,0.0,2,1,1,0,0,0,
316,Pharoh Cooper,25,CAR,WR,16,1,0,0,0,0,0,0,1,0,0,0,0.0,0,0,0,0,0,0,
317,Sean Davis,27,PIT,DB,16,1,0,0,0,0,1,0,0,1,0,0,0.0,12,11,1,0,0,0,
318,Samuel Eguavoen,27,MIA,LB,16,1,0,0,0,0,1,0,0,0,0,0,0.0,9,5,4,1,0,0,
319,Corn Elder,26,CAR,DB,16,1,0,0,0,0,3,1,0,0,0,0,0.0,40,28,12,1,0,0,
320,Jordan Elliott,23,CLE,DT,16,1,0,0,0,0,0,0,0,0,0,0,0.0,15,6,9,0,0,0,
321,Brian Hill,25,ATL,RB,16,1,0,0,0,0,0,0,2,1,0,0,0.0,4,3,1,0,0,0,
322,J.P. Holtz,27,CHI,TE,16,1,0,0,0,0,0,0,0,0,0,0,0.0,5,4,1,0,0,0,
323,Ryan Kerrigan,32,WAS,DE,16,1,0,0,0,0,1,0,0,1,6,0,5.5,17,9,8,5,6,0,
324,David Long,22,LAR,DB,16,1,0,0,0,0,0,0,0,0,0,0,0.0,7,6,1,0,0,0,
325,Kevin Minter,30,TAM,LB,16,1,0,0,0,0,1,0,0,0,0,0,0.0,15,10,5,0,0,0,
326,Fabian Moreau,26,WAS,DB,16,1,2,0,0,0,3,0,0,0,0,0,0.0,9,7,2,0,0,0,
327,Johnny Mundt,26,LAR,TE,16,1,0,0,0,0,0,0,0,0,0,0,0.0,3,2,1,0,0,0,
328,Anthony Nelson,23,TAM,DE,16,1,0,0,0,0,1,0,0,0,0,0,1.0,18,11,7,2,7,0,
329,Efe Obada,28,CAR,DE,16,1,0,0,0,0,0,1,0,2,54,0,5.5,18,10,8,4,15,0,
330,Samaje Perine,25,CIN,RB,16,1,0,0,0,0,0,0,0,0,0,0,0.0,3,2,1,0,0,0,
331,Billy Price,26,CIN,C,16,1,0,0,0,0,0,0,1,0,0,0,0.0,0,0,0,0,0,0,
332,Brandon Rusnak,25,JAX,DB,16,1,0,0,0,0,0,0,0,0,0,0,0.0,24,15,9,0,0,0,
333,Tim Settle,23,WAS,DT,16,1,0,0,0,0,0,0,0,0,0,0,5.0,19,12,7,5,7,0,
334,Damion Square,31,LAC,DE,16,1,0,0,0,0,0,0,0,0,0,0,1.0,20,9,11,1,2,0,
335,Taylor Stallworth,25,IND,DT,16,1,0,0,0,0,0,0,0,1,0,0,0.5,12,5,7,1,1,0,
336,Ty Summers,25,GNB,LB,16,1,0,0,0,0,1,0,0,0,0,0,0.0,39,27,12,0,0,0,
337,Freddie Swain,22,SEA,WR,16,1,0,0,0,0,0,0,0,2,0,0,0.0,2,2,0,0,0,0,
338,Kindle Vildor,23,CHI,CB,16,1,0,0,0,0,1,0,0,0,0,0,0.0,17,13,4,0,0,0,
339,Armani Watts,24,KAN,DB,16,1,0,0,0,0,1,0,0,0,0,0,0.0,17,15,2,0,0,0,
340,Tershawn Wharton,22,KAN,DE,16,1,0,0,0,0,0,1,1,1,-3,0,2.0,27,14,13,4,4,0,
341,Ameer Abdullah,27,MIN,RB,16,0,0,0,0,0,0,0,0,0,0,0,0.0,2,2,0,0,0,0,
342,Andrew Adams,28,TAM,DB,16,0,0,0,0,0,0,0,0,0,0,0,0.0,2,1,1,0,0,0,
343,Bryan Anger,32,HOU,P,16,0,0,0,0,0,0,0,0,0,0,0,0.0,1,1,0,0,0,0,
344,Jake Bailey,23,NWE,P,16,0,0,0,0,0,0,0,0,0,0,0,0.0,2,1,1,0,0,0,"PB,AP-1"
345,Tyler Bass,23,BUF,K,16,0,0,0,0,0,0,0,0,0,0,0,0.0,1,1,0,0,0,0,
346,Nick Bellore,31,SEA,LB,16,0,0,0,0,0,0,0,0,1,0,0,0.0,14,11,3,0,0,0,PB
347,Justin Bethel,30,NWE,DB,16,0,0,0,0,0,0,0,0,0,0,0,0.0,14,13,1,0,0,0,
348,Christian Blake,24,ATL,WR,16,0,0,0,0,0,0,0,0,0,0,0,0.0,3,2,1,0,0,0,
349,Jacob Bobenmoyer,23,DEN,LS,16,0,0,0,0,0,0,0,0,1,0,0,0.0,3,2,1,0,0,0,
350,Corey Bojorquez,24,BUF,P,16,0,0,0,0,0,0,0,0,0,0,0,0.0,1,1,0,0,0,0,
351,Mike Boone,25,MIN,RB,16,0,0,0,0,0,0,1,0,0,0,0,0.0,5,4,1,0,0,0,
352,Hunter Bradley,26,GNB,LS,16,0,0,0,0,0,0,0,0,0,0,0,0.0,1,0,1,0,0,0,
353,Aaron Brewer,30,ARI,LS,16,0,0,0,0,0,0,0,0,1,0,0,0.0,0,0,0,0,0,0,
354,Malcolm Brown,27,LAR,RB,16,0,0,0,0,0,0,0,1,0,0,0,0.0,1,1,0,0,0,0,
355,Oren Burks,25,GNB,LB,16,0,0,0,0,0,0,2,0,0,0,0,0.0,21,14,7,1,0,0,
356,Ben Burr-Kirven,23,SEA,LB,16,0,0,0,0,0,0,0,0,0,0,0,0.0,8,7,1,1,0,0,
357,Harrison Butker,25,KAN,K,16,0,0,0,0,0,0,0,0,0,0,0,0.0,1,1,0,0,0,0,
358,Kameron Canaday,27,PIT,LS,16,0,0,0,0,0,0,0,0,0,0,0,0.0,2,1,1,0,0,0,
359,Derek Carrier,30,LVR,TE,16,0,0,0,0,0,0,0,0,0,0,0,0.0,7,3,4,0,0,0,
360,AJ Cole III,25,LVR,P,16,0,0,0,0,0,0,0,1,1,-7,0,0.0,0,0,0,0,0,0,
361,Mason Crosby,36,GNB,K,16,0,0,0,0,0,0,0,0,0,0,0,0.0,1,1,0,0,0,0,
362,Michael Dickson,24,SEA,P,16,0,0,0,0,0,0,0,0,0,0,0,0.0,1,1,0,0,0,0,
363,Riley Dixon,27,NYG,P,16,0,0,0,0,0,0,0,0,0,0,0,0.0,5,5,0,0,0,0,
364,Nick Dzubnar,29,TEN,LB,16,0,0,0,0,0,0,0,0,0,0,0,0.0,14,7,7,0,0,0,
365,Nate Ebner,32,NYG,DB,16,0,0,0,0,0,1,0,0,0,0,0,0.0,8,6,2,0,0,0,
366,Mike Edwards,24,TAM,DB,16,0,2,67,0,37,5,0,1,1,31,0,0.0,11,6,5,0,0,0,
367,Jake Elliott,25,PHI,K,16,0,0,0,0,0,0,0,0,0,0,0,0.0,1,1,0,0,0,0,
368,Blake Ferguson,23,MIA,LS,16,0,0,0,0,0,0,0,0,0,0,0,0.0,2,1,1,0,0,0,
369,Reid Ferguson,26,BUF,LS,16,0,0,0,0,0,0,0,0,0,0,0,0.0,2,2,0,0,0,0,
370,Jack Fox,24,DET,P,16,0,0,0,0,0,0,0,0,1,0,0,0.0,1,1,0,0,0,0,"PB,AP-2"
371,Royce Freeman,24,DEN,RB,16,0,0,0,0,0,0,0,0,0,0,0,0.0,2,2,0,0,0,0,
372,Greg Gaines,24,LAR,DT,16,0,0,0,0,0,0,0,0,1,0,0,1.5,18,9,9,1,3,0,
373,Graham Gano,33,NYG,K,16,0,0,0,0,0,0,0,0,0,0,0,0.0,1,0,1,0,0,0,
374,Jamie Gillan,23,CLE,P,16,0,0,0,0,0,0,0,1,0,0,0,0.0,0,0,0,0,0,0,
375,C.J. Goodwin,30,DAL,DB,16,0,0,0,0,0,0,0,0,0,0,0,0.0,9,6,3,0,0,0,
376,Jaeden Graham,25,ATL,TE,16,0,0,0,0,0,0,0,0,0,0,0,0.0,3,1,2,0,0,0,
377,J.T. Gray,24,NOR,DB,16,0,0,0,0,0,1,0,0,2,0,0,0.0,8,8,0,0,0,0,
378,Antonio Hamilton,27,KAN,DB,16,0,0,0,0,0,1,0,0,0,0,0,0.0,12,9,3,0,1,0,
379,Clark Harris,36,CIN,TE,16,0,0,0,0,0,0,0,0,0,0,0,0.0,1,1,0,0,0,0,
380,Josh Harris,31,ATL,DB,16,0,0,0,0,0,0,0,0,0,0,0,0.0,1,0,1,0,0,0,
381,Myles Hartsfield,23,CAR,DB,16,0,0,0,0,0,1,0,0,2,0,0,0.0,14,9,5,1,0,0,
382,Thomas Hennessy,26,NYJ,LS,16,0,0,0,0,0,0,0,0,0,0,0,0.0,5,3,2,0,0,0,
383,B.J. Hill,25,NYG,DT,16,0,0,0,0,0,1,0,0,0,0,0,1.0,32,15,17,2,3,0,
384,Justin Hollins,24,LAR,LB,16,0,0,0,0,0,1,1,0,0,0,0,3.0,28,18,10,3,5,0,
385,Dustin Hopkins,30,WAS,K,16,0,0,0,0,0,0,0,0,0,0,0,0.0,1,1,0,0,0,0,
386,DeAndre Houston-Carson,27,CHI,DB,16,0,1,0,0,0,3,0,0,1,0,0,0.0,15,12,3,0,0,0,
387,Charley Hughlett,30,CLE,LS,16,0,0,0,0,0,0,0,0,0,0,0,0.0,1,1,0,0,0,0,
388,Joel Iyiegbuniwe,25,CHI,LB,16,0,0,0,0,0,1,0,0,0,0,0,0.0,12,9,3,0,0,0,
389,J.J. Jansen,34,CAR,LS,16,0,0,0,0,0,0,0,0,0,0,0,0.0,1,0,1,0,0,0,
390,Van Jefferson,24,LAR,WR,16,0,0,0,0,0,0,0,1,0,-11,0,0.0,1,0,1,0,0,0,
391,Austin Johnson,26,NYG,NT,16,0,0,0,0,0,1,1,0,0,0,0,1.0,18,8,10,2,1,0,
392,D'Ernest Johnson,24,CLE,RB,16,0,0,0,0,0,0,0,1,1,0,0,0.0,0,0,0,0,0,0,
393,Khalid Kareem,22,CIN,DE,16,0,0,0,0,0,0,0,0,0,0,0,1.0,19,9,10,1,2,0,
394,Casey Kreiter,30,NYG,LS,16,0,0,0,0,0,0,0,0,0,0,0,0.0,1,1,0,0,0,0,
395,L.P. Ladouceur,39,DAL,DE,16,0,0,0,0,0,0,0,1,0,-11,0,0.0,0,0,0,0,0,0,
396,Patrick Laird,25,MIA,RB,16,0,0,0,0,0,0,0,1,0,0,0,0.0,1,1,0,0,0,0,
397,Justin Layne,22,PIT,DB,16,0,0,0,0,0,0,0,0,0,0,0,0.0,22,13,9,0,0,0,
398,Dion Lewis,30,NYG,RB,16,0,0,0,0,0,0,0,3,0,0,0,0.0,0,0,0,0,0,0,
399,Ty Long,27,LAC,P,16,0,0,0,0,0,0,0,0,0,0,0,0.0,4,3,1,0,0,0,
400,Rick Lovato,28,PHI,LS,16,0,0,0,0,0,0,0,0,0,0,0,0.0,6,1,5,0,0,0,
401,Braden Mann,23,NYJ,P,16,0,0,0,0,0,0,0,0,0,0,0,0.0,4,4,0,0,0,0,
402,Sam Martin,30,DEN,P,16,0,0,0,0,0,0,0,1,1,-12,0,0.0,0,0,0,0,0,0,
403,Tyler Matakevich,28,BUF,LB,16,0,0,0,0,0,2,0,0,0,0,0,0.0,23,12,11,0,0,0,
404,Ross Matiscik,24,JAX,LB,16,0,0,0,0,0,0,0,0,0,0,0,0.0,2,1,1,0,0,0,
405,Cole Mazza,25,LAC,LS,16,0,0,0,0,0,0,0,0,0,0,0,0.0,4,1,3,0,0,0,
406,Al-Quadin Muhammad,25,IND,DE,16,0,0,0,0,0,0,1,0,0,0,0,2.0,23,19,4,2,6,0,
407,Don Muhlbach,39,DET,LS,16,0,0,0,0,0,0,0,1,0,0,0,0.0,1,0,1,0,0,0,
408,Calvin Munson,26,MIA,LB,16,0,0,0,0,0,0,0,0,0,0,0,0.0,9,6,3,0,0,0,
409,Jason Myers,29,SEA,K,16,0,0,0,0,0,0,0,0,0,0,0,0.0,2,1,1,0,0,0,
410,Ryan Nall,25,CHI,RB,16,0,0,0,0,0,0,0,0,0,0,0,0.0,4,3,1,0,0,0,
411,Siran Neal,26,BUF,DB,16,0,0,0,0,0,1,0,0,0,0,0,0.0,13,9,4,0,1,0,
412,Pat O'Connor,27,TAM,DE,16,0,0,0,0,0,0,0,0,0,0,0,1.0,4,3,1,1,1,0,
413,George Odum,27,IND,DB,16,0,0,0,0,0,0,1,0,0,0,0,0.0,21,14,7,0,0,0,AP-1
414,James Pierre,24,PIT,CB,16,0,0,0,0,0,0,0,0,0,0,0,0.0,10,7,3,1,0,0,
415,Bradley Pinion,26,TAM,P,16,0,0,0,0,0,0,0,0,0,0,0,0.0,1,1,0,0,0,0,
416,Jalen Reeves-Maybin,25,DET,LB,16,0,0,0,0,0,0,0,0,0,0,0,0.0,10,9,1,0,0,0,
417,LaRoy Reynolds,30,ATL,LB,16,0,0,0,0,0,1,1,0,1,0,0,0.0,12,7,5,0,0,0,
418,Luke Rhodes,28,IND,LB,16,0,0,0,0,0,0,0,0,0,0,0,0.0,3,3,0,0,0,0,AP-2
419,Jordan Richards,27,BAL,DB,16,0,0,0,0,0,0,0,0,0,0,0,0.0,4,3,1,0,0,0,
420,Craig Robertson,32,NOR,LB,16,0,0,0,0,0,0,1,0,0,0,0,0.0,7,7,0,0,0,0,
421,Cairo Santos,29,CHI,K,16,0,0,0,0,0,0,0,0,0,0,0,0.0,1,1,0,0,0,0,
422,Patrick Scales,32,CHI,LS,16,0,0,0,0,0,0,0,0,0,0,0,0.0,1,1,0,0,0,0,
423,Matthew Slater,35,NWE,WR,16,0,0,0,0,0,0,0,0,0,0,0,0.0,7,3,4,0,0,0,"PB,AP-2"
424,Joey Slye,24,CAR,K,16,0,0,0,0,0,0,0,0,0,0,0,0.0,2,2,0,0,0,0,
425,Ryan Smith,27,TAM,DB,16,0,0,0,0,0,0,0,0,0,0,0,0.0,4,4,0,0,0,0,
426,Julian Stanford,30,CAR,LB,16,0,0,0,0,0,0,0,0,0,0,0,0.0,10,4,6,0,0,0,
427,M.J. Stewart,25,CLE,DB,16,0,2,51,0,30,3,0,0,0,0,0,1.0,22,18,4,2,1,0,
428,Nick Sundberg,33,WAS,LS,16,0,0,0,0,0,0,0,0,0,0,0,0.0,1,1,0,0,0,0,
429,Zach Triner,29,TAM,LS,16,0,0,0,0,0,0,0,0,0,0,0,0.0,2,2,0,0,0,0,
430,Justin Tucker,31,BAL,K,16,0,0,0,0,0,0,0,0,0,0,0,0.0,1,1,0,0,0,0,"PB,AP-2"
431,Jacob Tuioti-Mariner,24,ATL,DT,16,0,0,0,0,0,2,1,0,3,1,0,1.0,31,24,7,1,5,0,
432,Zeke Turner,24,ARI,DB,16,0,0,0,0,0,0,0,0,0,0,0,0.0,14,4,10,0,0,0,
433,Tanner Vallejo,26,ARI,LB,16,0,0,0,0,0,0,0,0,0,0,0,1.0,26,18,8,0,2,0,
434,Armon Watts,24,MIN,DT,16,0,0,0,0,0,0,0,0,0,0,0,0.5,31,12,19,0,2,0,
435,Tress Way,30,WAS,P,16,0,0,0,0,0,0,0,0,0,0,0,0.0,1,1,0,0,0,0,
436,Nsimba Webster,24,LAR,WR,16,0,0,0,0,0,0,0,3,2,0,0,0.0,12,9,3,0,0,0,
437,Jon Weeks,34,HOU,LS,16,0,0,0,0,0,0,0,0,0,0,0,0.0,1,1,0,0,0,0,
438,Kyle Wilber,31,LVR,LB,16,0,0,0,0,0,0,0,0,1,0,0,0.0,12,7,5,0,0,0,
439,Darrel Williams,25,KAN,RB,16,0,0,0,0,0,0,0,0,1,0,0,0.0,0,0,0,0,0,0,
440,Cedrick Wilson Jr.,25,DAL,WR,16,0,0,0,0,0,0,1,0,0,0,0,0.0,1,1,0,0,0,0,
441,James Winchester,31,KAN,LS,16,0,0,0,0,0,0,0,0,0,0,0,0.0,3,2,1,0,0,0,
442,Mitch Wishnowsky,28,SFO,P,16,0,0,0,0,0,0,0,0,0,0,0,0.0,4,3,1,0,0,0,
443,Jaire Alexander,23,GNB,LCB,15,15,1,-4,0,-4,13,1,0,0,0,0,1.0,51,40,11,2,1,1,"PB,AP-2"
444,Budda Baker,24,ARI,SS,15,15,2,90,0,90,6,1,0,0,0,0,2.0,118,90,28,7,3,0,"PB,AP-1"
445,Shaquil Barrett,28,TAM,ROLB,15,15,0,0,0,0,3,2,0,0,0,0,8.0,57,43,14,11,16,1,
446,James Bradberry,27,NYG,LCB,15,15,3,19,0,19,18,2,0,1,0,0,0.0,54,44,10,0,0,0,PB
447,Teddy Bridgewater,28,CAR,QB,15,15,0,0,0,0,0,0,6,1,-7,0,0.0,0,0,0,0,0,0,
448,Michael Brockers,30,LAR,DE,15,15,0,0,0,0,0,0,0,0,0,0,5.0,51,21,30,5,10,0,
449,Jeremy Chinn,22,CAR,RLB,15,15,1,0,0,0,5,2,0,2,45,2,1.0,117,68,49,2,5,0,AP DRoY-2
450,Frank Clark,27,KAN,RDE,15,15,0,0,0,0,2,0,0,1,14,0,6.0,29,21,8,8,15,0,PB
451,Fletcher Cox,30,PHI,RDT,15,15,0,0,0,0,1,1,0,0,0,0,6.5,41,28,13,9,9,0,PB
452,Tremaine Edmunds,22,BUF,MLB,15,15,0,0,0,0,3,0,0,0,0,0,2.0,119,77,42,4,3,0,PB
453,Ezekiel Elliott,25,DAL,RB,15,15,0,0,0,0,0,0,6,2,0,0,0.0,0,0,0,0,0,0,
454,Jared Goff,26,LAR,QB,15,15,0,0,0,0,0,0,7,1,0,0,0.0,0,0,0,0,0,0,
455,Todd Gurley,26,ATL,RB,15,15,0,0,0,0,0,0,2,2,0,0,0.0,0,0,0,0,0,0,
456,Trey Hendrickson,26,NOR,RDE,15,15,0,0,0,0,1,1,0,0,0,0,13.5,25,22,3,12,25,0,
457,Justin Herbert,22,LAC,QB,15,15,0,0,0,0,0,0,8,3,-12,0,0.0,0,0,0,0,0,0,AP ORoY-1
458,Cameron Heyward,31,PIT,DT,15,15,1,0,0,0,3,0,0,0,0,0,4.0,54,30,24,7,19,0,"PB,AP-2"
459,Akiem Hicks,31,CHI,DE/DT,15,15,0,0,0,0,1,0,0,1,4,0,3.5,49,30,19,7,21,0,
460,Tyreek Hill,26,KAN,WR,15,15,0,0,0,0,0,1,1,0,0,0,0.0,0,0,0,0,0,0,"PB,AP-1"
461,Trey Hopkins,28,CIN,C,15,15,0,0,0,0,0,0,0,1,0,0,0.0,0,0,0,0,0,0,
462,Jerry Hughes,32,BUF,LDE/RDE,15,15,1,-3,0,-3,3,2,0,2,21,1,4.5,29,19,10,4,11,0,
463,Marlon Humphrey,24,BAL,LCB,15,15,1,8,0,8,11,8,0,0,0,0,2.5,82,70,12,4,4,1,PB
464,Micah Hyde,30,BUF,FS,15,15,1,33,0,33,5,0,1,0,0,0,0.0,70,48,22,1,0,0,
465,Lamar Jackson,23,BAL,QB,15,15,0,0,0,0,0,0,10,4,-9,0,0.0,0,0,0,0,0,0,
466,Josh Jacobs,22,LVR,RB,15,15,0,0,0,0,0,0,2,0,0,0,0.0,0,0,0,0,0,0,PB
467,Rayshawn Jenkins,26,LAC,SS,15,15,2,23,0,23,4,0,0,0,0,0,1.0,84,58,26,4,1,0,
468,Travis Kelce,31,KAN,TE,15,15,0,0,0,0,0,0,1,0,0,0,0.0,0,0,0,0,0,0,"PB,AP-1,AP OPoY-4"
469,Patrick Mahomes,25,KAN,QB,15,15,0,0,0,0,0,0,5,2,-10,0,0.0,0,0,0,0,0,0,"PB,AP-2,AP MVP-3,AP OPoY-2"
470,Tyrann Mathieu,28,KAN,SS/RLB,15,15,6,70,1,25,9,0,0,1,-2,0,0.0,62,48,14,3,2,0,"PB,AP-1"
471,Terry McLaurin,25,WAS,WR,15,15,0,0,0,0,0,0,1,0,0,0,0.0,0,0,0,0,0,0,
472,Jalen Mills,26,PHI,FS,15,15,1,5,0,5,3,1,0,0,0,0,1.5,74,59,15,4,5,0,
473,Steven Nelson,27,PIT,RCB,15,15,2,3,0,3,9,0,0,1,0,0,0.0,48,43,5,2,0,0,
474,Cam Newton,31,NWE,QB,15,15,0,0,0,0,0,0,6,3,-29,0,0.0,0,0,0,0,0,0,
475,Derrick Nnadi,24,KAN,RDT,15,15,0,0,0,0,0,0,0,0,0,0,0.0,47,23,24,0,1,0,
476,Ifeadi Odenigbo,26,MIN,LDE/RDE,15,15,0,0,0,0,0,0,0,0,0,0,3.5,35,16,19,3,15,1,
477,Larry Ogunjobi,26,CLE,RDT,15,15,0,0,0,0,0,1,0,0,0,0,2.5,46,23,23,5,6,0,
478,David Onyemata,28,NOR,LDT,15,15,1,3,0,3,2,0,0,0,0,0,6.5,44,20,24,10,16,0,
479,Justin Pugh,30,ARI,LG,15,15,0,0,0,0,0,0,0,0,0,0,0.0,1,1,0,0,0,0,
480,Jalen Ramsey,26,LAR,RCB,15,15,1,2,0,2,9,0,0,0,0,0,0.0,44,36,8,2,1,0,"PB,AP-1"
481,Riley Reiff,32,MIN,LT,15,15,0,0,0,0,0,0,0,2,0,0,0.0,0,0,0,0,0,0,
482,Calvin Ridley,26,ATL,WR,15,15,0,0,0,0,0,0,1,0,0,0,0.0,0,0,0,0,0,0,AP-2
483,Ben Roethlisberger,38,PIT,QB,15,15,0,0,0,0,0,0,5,2,-13,0,0.0,0,0,0,0,0,0,AP CPoY-2
484,Darnell Savage Jr.,23,GNB,FS,15,15,4,13,0,9,12,0,0,1,0,0,1.0,75,56,19,3,2,0,
485,Jeffery Simmons,23,TEN,DT,15,15,0,0,0,0,5,1,0,3,0,0,3.0,49,24,25,3,14,0,
486,Stephon Tuitt,27,PIT,DE,15,15,0,0,0,0,3,2,0,0,0,0,11.0,45,33,12,10,25,0,
487,T.J. Watt,26,PIT,LOLB,15,15,1,0,0,0,7,2,0,0,0,0,15.0,53,43,10,23,41,0,"PB,AP-1,AP DPoY-2"
488,Devin White,22,TAM,LILB,15,15,0,0,0,0,4,1,0,1,2,0,9.0,140,97,43,15,16,0,AP-2
489,Xavier Woods,25,DAL,FS,15,15,0,0,0,0,1,0,0,0,0,0,0.0,72,48,24,2,1,0,
490,Chase Young,21,WAS,LDE,15,15,0,0,0,0,4,4,0,3,57,1,7.5,44,32,12,10,12,0,"PB,AP DRoY-1"
491,Nasir Adderley,23,LAC,FS,15,14,1,39,0,39,3,0,0,1,1,0,0.0,69,58,11,0,1,0,
492,Julian Blackmon,22,IND,FS,15,14,2,19,0,15,6,1,0,0,0,0,0.0,42,35,7,3,0,0,
493,DeForest Buckner,26,IND,LDT,15,14,0,0,0,0,3,2,0,1,0,0,9.5,58,37,21,10,26,1,AP-1
494,Brian Burns,22,CAR,LDE,15,14,0,0,0,0,4,3,0,0,0,0,9.0,58,35,23,8,21,0,
495,Frank Gore,37,NYJ,RB,15,14,0,0,0,0,0,0,1,0,0,0,0.0,0,0,0,0,0,0,
496,Chris Jones,26,KAN,LDT,15,14,0,0,0,0,4,2,0,0,0,0,7.5,36,23,13,3,28,1,"PB,AP-2"
497,Jarvis Landry,28,CLE,WR,15,14,0,0,0,0,0,0,2,3,6,0,0.0,0,0,0,0,0,0,
498,David Montgomery,23,CHI,RB,15,14,0,0,0,0,0,0,1,0,0,0,0.0,0,0,0,0,0,0,
499,D.J. Moore,23,CAR,WR,15,14,0,0,0,0,0,1,0,1,1,0,0.0,0,0,0,0,0,0,
500,Keanu Neal,25,ATL,FS,15,14,1,0,0,0,2,0,0,1,0,0,1.0,100,76,24,9,3,0,
501,Foyesade Oluokun,25,ATL,MLB,15,14,2,65,0,51,4,4,1,1,0,0,3.0,117,78,39,4,9,0,
502,Jabrill Peppers,25,NYG,SS,15,14,1,6,0,6,11,1,0,1,0,0,2.5,91,57,34,8,3,0,
503,Darius Slay,29,PHI,RCB,15,14,1,25,0,25,6,0,0,0,0,0,0.0,59,53,6,2,0,0,
504,Kenyan Drake,26,ARI,RB,15,13,0,0,0,0,0,0,3,1,0,0,0.0,0,0,0,0,0,0,
505,C.J. Gardner-Johnson,23,NOR,DB,15,13,1,3,0,3,13,0,0,0,0,0,1.0,66,52,14,5,4,0,
506,Diontae Johnson,24,PIT,WR,15,13,0,0,0,0,0,0,2,2,4,0,0.0,0,0,0,0,0,0,
507,Jourdan Lewis,25,DAL,DB,15,13,0,0,0,0,2,0,0,1,0,0,2.0,59,40,19,7,1,0,
508,Pernell McPhee,32,BAL,LOLB,15,13,0,0,0,0,1,0,0,0,0,0,3.0,34,26,8,3,15,0,
509,Robert Quinn,30,CHI,ROLB,15,13,0,0,0,0,0,3,0,1,0,0,2.0,20,14,6,0,6,0,
510,Jonathan Taylor,21,IND,RB,15,13,0,0,0,0,0,0,1,0,0,0,0.0,0,0,0,0,0,0,
511,Mike Davis,27,CAR,RB,15,12,0,0,0,0,0,0,1,0,0,0,0.0,0,0,0,0,0,0,
512,Terrell Edmunds,23,PIT,SS,15,12,2,11,0,7,8,0,0,0,0,0,1.0,68,46,22,1,1,0,
513,Cooper Kupp,27,LAR,WR,15,12,0,0,0,0,0,0,1,0,0,0,0.0,0,0,0,0,0,0,
514,Matt Skura,27,BAL,C,15,12,0,0,0,0,0,0,4,0,-27,0,0.0,0,0,0,0,0,0,
515,Kaden Smith,23,NYG,TE,15,12,0,0,0,0,0,0,1,1,0,0,0.0,0,0,0,0,0,0,
516,Sione Takitaki,25,CLE,RLB,15,12,1,50,1,50,1,0,0,0,0,0,1.0,67,41,26,2,2,0,
517,C.J. Ham,27,MIN,FB,15,11,0,0,0,0,0,0,0,0,0,0,0.0,6,5,1,0,0,0,
518,Javon Hargrave,27,PHI,LDT,15,11,0,0,0,0,1,0,0,1,0,0,4.5,38,16,22,5,8,0,
519,Daniel Sorensen,30,KAN,SS/FS,15,11,3,67,1,50,5,2,0,0,0,0,0.0,91,68,23,2,4,0,
520,Mike Williams,26,LAC,WR,15,11,1,0,0,0,1,0,0,1,0,0,0.0,0,0,0,0,0,0,
521,Tyson Alualu,33,PIT,NT,15,10,0,0,0,0,5,1,0,0,0,0,2.0,38,17,21,4,5,0,
522,Wayne Gallman,26,NYG,RB,15,10,0,0,0,0,0,0,1,1,0,0,0.0,0,0,0,0,0,0,
523,Melvin Gordon,27,DEN,RB,15,10,0,0,0,0,0,0,4,0,-15,0,0.0,0,0,0,0,0,0,
524,Alvin Kamara,25,NOR,RB,15,10,0,0,0,0,0,0,1,3,0,0,0.0,0,0,0,0,0,0,"PB,AP-2,AP OPoY-6"
525,Jordan Mailata,23,PHI,LT,15,10,0,0,0,0,0,1,0,1,0,0,0.0,0,0,0,0,0,0,
526,Patrick Ricard,26,BAL,FB,15,10,0,0,0,0,0,0,1,0,0,0,0.0,0,0,0,0,0,0,PB
527,Harrison Bryant,22,CLE,TE,15,9,0,0,0,0,0,0,2,0,0,0,0.0,0,0,0,0,0,0,
528,Eric Ebron,27,PIT,TE,15,9,0,0,0,0,0,0,1,0,0,0,0.0,0,0,0,0,0,0,
529,Kingsley Keke,24,GNB,RDE,15,9,0,0,0,0,2,1,0,0,0,0,4.0,21,12,9,3,8,0,
530,Bravvion Roy,24,CAR,LDT,15,9,0,0,0,0,0,0,0,0,0,0,1.0,29,13,16,2,5,0,
531,Tyler Boyd,26,CIN,WR,15,8,0,0,0,0,0,0,1,0,0,0,0.0,0,0,0,0,0,0,
532,Folorunso Fatukasi,25,NYJ,NT,15,8,0,0,0,0,2,1,0,1,2,0,2.0,42,22,20,6,5,0,
533,Mario Addison,33,BUF,RDE,15,7,0,0,0,0,4,0,0,0,0,0,5.0,30,21,9,7,8,0,
534,Khari Blasingame,24,TEN,FB,15,7,0,0,0,0,0,0,0,0,0,0,0.0,3,2,1,0,0,0,
535,Byron Murphy,22,ARI,RCB,15,7,0,0,0,0,8,0,0,2,3,0,2.0,51,40,11,3,2,0,
536,Latavius Murray,30,NOR,RB,15,7,0,0,0,0,0,0,1,0,0,0,0.0,0,0,0,0,0,0,
537,Nickell Robey-Coleman,28,PHI,LCB,15,7,0,0,0,0,1,1,0,1,0,0,0.0,44,37,7,2,0,0,
538,Darian Thompson,27,DAL,SS,15,7,1,3,0,3,1,1,0,0,0,0,0.0,43,30,13,0,1,0,
539,Tracy Walker,25,DET,SS,15,7,0,0,0,0,4,0,0,0,0,0,1.0,87,64,23,5,2,0,
540,Mo Alie-Cox,27,IND,TE,15,6,0,0,0,0,0,0,1,0,0,0,0.0,0,0,0,0,0,0,
541,Carlos Dunlap,31,2TM,DE,15,10,0,0,0,0,4,0,0,0,0,0,6.0,32,20,12,8,18,0,
541,Carlos Dunlap,31,CIN,DE,7,4,0,0,0,0,2,0,0,0,0,0,1.0,18,13,5,2,4,0,
541,Carlos Dunlap,31,SEA,LOLB,8,6,0,0,0,0,2,0,0,0,0,0,5.0,14,7,7,6,14,0,
542,Ryan Griffin,30,NYJ,TE,15,6,0,0,0,0,0,0,0,0,0,0,0.0,5,3,2,0,0,0,
543,Malik Jackson,30,PHI,LDT,15,6,0,0,0,0,2,0,0,1,0,0,2.5,28,15,13,6,13,0,
544,Steve McLendon,34,2TM,NT,15,6,0,0,0,0,0,0,0,0,0,0,0.0,31,15,16,2,0,0,
544,Steve McLendon,34,NYJ,NT,6,6,0,0,0,0,0,0,0,0,0,0,0.0,14,8,6,0,0,0,
544,Steve McLendon,34,TAM,DT,9,0,0,0,0,0,0,0,0,0,0,0,0.0,17,7,10,2,0,0,
545,Adam Trautman,23,NOR,TE,15,6,0,0,0,0,0,0,0,0,0,0,0.0,1,1,0,0,0,0,
546,Avery Williamson,28,2TM,LILB,15,10,1,21,0,21,3,0,0,0,0,0,1.0,111,73,38,3,2,0,
546,Avery Williamson,28,NYJ,LILB,7,6,1,21,0,21,3,0,0,0,0,0,0.0,59,36,23,0,0,0,
546,Avery Williamson,28,PIT,LB,8,4,0,0,0,0,0,0,0,0,0,0,1.0,52,37,15,3,2,0,
547,Cethan Carter,25,CIN,TE,15,5,0,0,0,0,0,0,0,0,0,0,0.0,10,6,4,0,0,0,
548,Jared Cook,33,NOR,TE,15,5,0,0,0,0,0,0,1,0,0,0,0.0,0,0,0,0,0,0,
549,Demetrius Harris,29,CHI,TE,15,5,0,0,0,0,0,1,0,0,0,0,0.0,3,2,1,0,0,0,
550,Desmond King,26,2TM,RCB,15,8,0,0,0,0,2,0,0,1,63,1,2.0,55,40,15,2,2,0,
550,Desmond King,26,LAC,DB,6,3,0,0,0,0,0,0,0,0,0,0,1.0,24,19,5,0,1,0,
550,Desmond King,26,TEN,RCB,9,5,0,0,0,0,2,0,0,1,63,1,1.0,31,21,10,2,1,0,
551,Yannick Ngakoue,25,2TM,LDE,15,8,0,0,0,0,1,4,0,0,0,0,8.0,23,23,0,7,11,0,
551,Yannick Ngakoue,25,MIN,LDE,6,5,0,0,0,0,0,2,0,0,0,0,5.0,12,12,0,5,8,0,
551,Yannick Ngakoue,25,BAL,DE,9,3,0,0,0,0,1,2,0,0,0,0,3.0,11,11,0,2,3,0,
552,Ben Niemann,25,KAN,LB,15,5,0,0,0,0,0,1,0,2,0,0,1.0,44,29,15,3,3,0,
553,Charles Omenihu,23,HOU,DE,15,5,0,0,0,0,2,0,0,0,0,0,4.0,17,11,6,5,16,0,
554,Curtis Samuel,24,CAR,WR,15,5,0,0,0,0,0,0,1,1,0,0,0.0,0,0,0,0,0,0,
555,Michael Burton,28,NOR,RB,15,4,0,0,0,0,0,0,0,0,0,0,0.0,1,1,0,0,0,0,
556,Adam Butler,26,NWE,DT,15,4,0,0,0,0,2,0,0,0,0,0,4.0,34,18,16,6,7,0,
557,Chris Conley,28,JAX,WR,15,4,0,0,0,0,0,0,1,0,0,0,0.0,0,0,0,0,0,0,
558,Rashan Gary,23,GNB,DE,15,4,0,0,0,0,1,0,0,1,1,0,5.0,35,19,16,5,11,0,
559,J.C. Hassenauer,25,PIT,C,15,4,0,0,0,0,0,0,1,0,-4,0,0.0,0,0,0,0,0,0,
560,Jalen Hurts,22,PHI,QB,15,4,0,0,0,0,0,0,9,3,-12,0,0.0,0,0,0,0,0,0,
561,Dean Marlowe,28,BUF,DB,15,4,2,39,0,23,3,0,0,1,0,0,1.5,22,16,6,2,2,0,
562,Malcolm Smith,31,CLE,LB,15,4,1,2,0,2,2,1,0,0,0,0,1.0,72,49,23,3,1,0,
563,Joe Thomas,29,DAL,LB,15,4,0,0,0,0,2,0,0,0,0,0,0.0,48,30,18,3,2,0,
564,Zack Baun,24,NOR,LB,15,3,0,0,0,0,0,0,0,0,0,0,0.0,12,7,5,1,0,0,
565,Tyler Lancaster,26,GNB,DT,15,3,0,0,0,0,1,0,0,0,0,0,0.0,23,8,15,0,0,0,
566,Kalif Raymond,26,TEN,WR,15,3,0,0,0,0,0,0,0,0,0,0,0.0,2,1,1,0,0,0,
567,Sheldrick Redwine,24,CLE,DB,15,3,1,8,0,8,1,0,0,0,0,0,0.5,27,19,8,0,1,0,
568,K'Von Wallace,23,PHI,S,15,3,0,0,0,0,0,0,0,1,0,0,0.0,21,15,6,0,0,0,
569,P.J. Williams,27,NOR,DB,15,3,1,30,0,30,2,0,0,2,0,0,0.0,40,31,9,0,0,0,
570,Corey Ballentine,24,2TM,DB,15,2,0,0,0,0,0,0,0,0,0,0,0.0,20,17,3,0,0,0,
570,Corey Ballentine,24,NYG,DB,9,2,0,0,0,0,0,0,0,0,0,0,0.0,16,13,3,0,0,0,
570,Corey Ballentine,24,NYJ,DB,6,0,0,0,0,0,0,0,0,0,0,0,0.0,4,4,0,0,0,0,
571,T.J. Carrie,30,IND,DB,15,2,2,47,1,47,8,0,1,1,25,0,0.0,32,25,7,1,0,0,
572,Adrian Clayborn,32,CLE,DE,15,2,0,0,0,0,1,1,0,0,0,0,3.5,12,6,6,3,7,0,
573,John Franklin-Myers,24,NYJ,DT,15,2,0,0,0,0,2,0,0,2,0,0,3.0,19,8,11,5,13,0,
574,Kentavius Street,24,SFO,DE,15,2,0,0,0,0,0,0,0,0,0,0,0.0,11,5,6,1,0,0,
575,Kendal Vickers,25,LVR,DE,15,2,0,0,0,0,0,0,0,0,0,0,2.0,10,5,5,3,3,0,
576,Nick Vigil,27,LAC,LB,15,2,0,0,0,0,1,1,0,2,44,0,2.0,50,29,21,3,0,0,
577,Tavon Wilson,30,IND,DB,15,2,0,0,0,0,1,0,0,1,0,0,0.0,26,23,3,2,0,0,
578,Olasunkanmi Adeniyi,23,PIT,LB,15,1,0,0,0,0,0,1,0,0,0,0,0.0,16,11,5,1,0,0,
579,Ross Blacklock,22,HOU,DT,15,1,0,0,0,0,0,0,0,0,0,0,0.0,14,10,4,1,2,0,
580,J.K. Dobbins,22,BAL,RB,15,1,0,0,0,0,0,0,2,2,0,0,0.0,0,0,0,0,0,0,
581,Alohi Gilman,23,LAC,S,15,1,0,0,0,0,0,0,0,0,0,0,0.0,7,5,2,0,1,0,
582,Kamu Grugier-Hill,26,MIA,LB,15,1,0,0,0,0,0,0,0,1,0,0,1.0,28,21,7,1,2,0,
583,Anthony Levine,33,BAL,DB,15,1,0,0,0,0,0,0,0,2,1,0,0.0,7,4,3,0,0,0,
584,Keisean Nixon,23,LVR,DB,15,1,0,0,0,0,0,0,2,0,0,0,0.0,14,9,5,0,1,0,
585,Brandon Powell,25,ATL,WR,15,1,0,0,0,0,0,0,2,0,0,0,0.0,1,1,0,0,0,0,
586,Trent Sherfield,24,ARI,WR,15,1,0,0,0,0,0,0,0,3,0,0,0.0,9,6,3,0,0,0,
587,Malik Taylor,25,GNB,WR,15,1,0,0,0,0,0,0,0,0,0,0,0.0,3,2,1,0,0,0,
588,Vincent Taylor,26,CLE,DT,15,1,0,0,0,0,0,0,0,1,0,0,0.0,12,9,3,2,1,0,
589,Shaun Bradley,23,PHI,LB,15,0,0,0,0,0,0,0,0,0,0,0,0.0,15,9,6,1,0,0,
590,Cam Brown,22,NYG,LB,15,0,0,0,0,0,0,1,0,0,0,0,0.0,12,8,4,0,3,0,
591,Corey Clement,26,PHI,RB,15,0,0,0,0,0,0,0,0,0,0,0,0.0,5,4,1,0,0,0,
592,Morgan Cox,34,BAL,LS,15,0,0,0,0,0,0,0,0,0,0,0,0.0,2,1,1,0,0,0,"PB,AP-1"
593,Jordan Dangerfield,30,PIT,DB,15,0,0,0,0,0,0,0,0,0,0,0,0.0,10,9,1,0,0,0,
594,Rico Dowdle,22,DAL,RB,15,0,0,0,0,0,0,0,0,0,0,0,0.0,4,1,3,0,0,0,
595,Mario Edwards,26,CHI,DE,15,0,0,0,0,0,1,0,0,0,0,0,4.0,17,11,6,6,7,0,
596,Kaden Elliss,25,NOR,LB,15,0,0,0,0,0,0,0,0,0,0,0,0.0,5,4,1,0,0,0,
597,Jordan Evans,25,CIN,LB,15,0,1,0,0,0,1,0,0,1,0,0,2.0,11,5,6,2,2,0,
598,Kavon Frazier,26,MIA,DB,15,0,0,0,0,0,0,0,0,0,0,0,0.0,6,5,1,0,0,0,
599,Stephen Gostkowski,36,TEN,K,15,0,0,0,0,0,0,0,0,0,0,0,0.0,1,1,0,0,0,0,
600,Carl Granderson,24,NOR,DE,15,0,0,0,0,0,1,2,0,0,0,0,5.0,14,11,3,3,9,0,
601,Marquis Haynes,27,CAR,LB,15,0,0,0,0,0,1,1,0,2,1,0,4.0,18,15,3,4,5,0,
602,K.J. Hill,23,LAC,CB,15,0,0,0,0,0,0,0,1,0,0,0,0.0,0,0,0,0,0,0,
603,Darryl Johnson,23,BUF,DE,15,0,0,0,0,0,0,0,0,0,0,0,1.0,14,11,3,3,3,0,
604,Joshua Kalu,25,TEN,DB,15,0,0,0,0,0,0,1,0,0,0,0,0.0,16,12,4,0,0,0,
605,Miles Killebrew,27,DET,DB,15,0,0,0,0,0,0,0,0,0,0,0,0.0,12,10,2,0,0,0,
606,Younghoe Koo,26,ATL,K,15,0,0,0,0,0,0,0,0,0,0,0,0.0,1,0,1,0,0,0,PB
607,P.J. Locke,23,DEN,DB,15,0,0,0,0,0,0,0,0,0,0,0,0.0,3,2,1,0,0,0,
608,Brandon McManus,29,DEN,K,15,0,0,0,0,0,0,0,0,0,0,0,0.0,1,1,0,0,0,0,
609,Josh Metellus,22,MIN,S,15,0,0,0,0,0,0,0,0,2,0,0,0.0,9,8,1,0,0,0,
610,Andre Roberts,32,BUF,WR,15,0,0,0,0,0,0,0,3,0,0,0,0.0,0,0,0,0,0,0,"PB,AP-2"
611,Nick Scott,25,LAR,DB,15,0,0,0,0,0,0,0,0,0,0,0,0.0,16,11,5,0,0,0,
612,Vernon Scott,23,GNB,S,15,0,0,0,0,0,0,0,0,0,0,0,1.0,13,11,2,2,1,0,
613,E.J. Speed,25,IND,LB,15,0,0,0,0,0,0,0,0,0,0,0,0.0,9,7,2,0,0,0,
614,Charles Washington,27,ARI,DB,15,0,0,0,0,0,1,1,0,0,0,0,0.0,12,7,5,0,0,0,
615,Jordan Wilkins,26,IND,RB,15,0,0,0,0,0,0,0,0,0,0,0,0.0,2,2,0,0,0,0,
616,Joejuan Williams,23,NWE,DB,15,0,0,0,0,0,2,0,0,0,0,0,0.0,18,12,6,0,0,0,
617,Brandon Wilson,26,CIN,RB,15,0,0,0,0,0,0,1,0,0,0,0,0.0,13,9,4,0,0,0,
618,Josh Woods,24,CHI,LB,15,0,0,0,0,0,0,0,0,1,0,0,0.0,14,9,5,0,0,0,
619,Blidi Wreh-Wilson,31,ATL,DB,15,0,3,26,0,23,4,0,0,0,0,0,0.0,9,6,3,1,0,0,
620,Davante Adams,28,GNB,WR,14,14,0,0,0,0,0,0,1,0,0,0,0.0,0,0,0,0,0,0,"PB,AP-1"
621,Bradley Chubb,24,DEN,ROLB,14,14,0,0,0,0,0,1,0,0,0,0,7.5,42,26,16,9,19,0,PB
622,Mason Cole,24,ARI,C,14,14,0,0,0,0,0,0,0,1,0,0,0.0,0,0,0,0,0,0,
623,Jamie Collins,31,DET,RLB/MLB,14,14,1,1,0,1,6,3,0,1,0,0,1.0,101,55,46,6,3,0,
624,Dalvin Cook,25,MIN,RB,14,14,0,0,0,0,0,0,5,1,0,0,0.0,0,0,0,0,0,0,PB
625,Byron Cowart,24,NWE,RDT,14,14,0,0,0,0,1,0,0,0,0,0,1.0,27,14,13,3,3,0,
626,Carlton Davis,24,TAM,LCB,14,14,4,42,0,34,18,0,0,0,0,0,0.0,68,52,16,3,0,0,
627,Kendall Fuller,25,WAS,LCB/RCB,14,14,4,0,0,0,11,0,0,0,0,0,0.0,50,38,12,1,0,0,
628,Myles Garrett,25,CLE,LDE,14,14,0,0,0,0,2,4,0,2,0,0,12.0,48,33,15,10,18,0,"PB,AP-1"
629,B.J. Goodson,27,CLE,MLB,14,14,2,7,0,7,6,0,0,1,0,0,0.5,91,59,32,2,3,0,
630,Lawrence Guy,30,NWE,LDT,14,14,0,0,0,0,0,0,0,1,0,0,2.0,57,37,20,4,7,0,
631,Joe Haden,31,PIT,LCB,14,14,2,38,1,24,12,0,0,0,0,0,0.0,52,44,8,2,0,0,
632,Anthony Hitchens,28,KAN,LLB,14,14,0,0,0,0,1,0,0,0,0,0,0.0,78,44,34,2,4,0,
633,Myles Jack,25,JAX,LLB,14,14,1,0,0,0,5,1,0,2,16,0,1.0,118,72,46,6,2,0,
634,William Jackson III,28,CIN,RCB,14,14,1,30,0,30,11,0,0,0,0,0,0.0,45,38,7,1,0,0,
635,Aaron Jones,26,GNB,RB,14,14,0,0,0,0,0,0,2,1,0,0,0.0,0,0,0,0,0,0,PB
636,Byron Jones,28,MIA,LCB,14,14,2,15,0,15,4,1,1,0,0,0,0.0,37,28,9,0,0,0,
637,D.J. Jones,25,SFO,RDT,14,14,0,0,0,0,1,0,0,0,0,0,3.0,20,14,6,7,3,0,
638,Daniel Jones,23,NYG,QB,14,14,0,0,0,0,0,0,10,3,-5,0,0.0,0,0,0,0,0,0,
639,Marshon Lattimore,24,NOR,RCB,14,14,2,13,0,13,11,0,0,0,0,0,0.0,62,52,10,2,0,0,PB
640,Shaquille Leonard,25,IND,LLB,14,14,0,0,0,0,7,3,1,2,3,0,3.0,132,86,46,7,3,0,"PB,AP-1"
641,Cory Littleton,27,LVR,RLB,14,14,0,0,0,0,0,0,0,0,0,0,0.0,82,56,26,4,0,0,
642,Mitch Morse,28,BUF,C,14,14,0,0,0,0,0,0,0,1,0,0,0.0,0,0,0,0,0,0,
643,Eric Murray,26,HOU,FS,14,14,0,0,0,0,2,1,0,0,0,0,2.0,71,47,24,2,4,0,
644,Marcus Peters,27,BAL,RCB,14,14,4,17,0,12,9,4,1,2,-3,0,1.0,52,46,6,1,1,0,
645,Ethan Pocic,25,SEA,C,14,14,0,0,0,0,0,0,0,1,0,0,0.0,0,0,0,0,0,0,
646,Frank Ragnow,24,DET,C,14,14,0,0,0,0,0,0,1,1,-5,0,0.0,0,0,0,0,0,0,"PB,AP-2"
647,James Robinson,22,JAX,RB,14,14,0,0,0,0,0,0,3,1,0,0,0.0,0,0,0,0,0,0,
648,Andrew Sendejo,33,CLE,FS,14,14,0,0,0,0,2,1,0,0,0,0,0.0,67,51,16,0,0,0,
649,Braden Smith,24,IND,RT,14,14,0,0,0,0,0,0,0,1,0,0,0.0,0,0,0,0,0,0,
650,AJ Terrell,22,ATL,LCB,14,14,1,0,0,0,7,3,0,0,0,0,0.0,74,61,13,3,1,0,
651,Jimmie Ward,29,SFO,FS,14,14,0,0,0,0,4,2,0,0,0,0,0.0,73,45,28,0,1,0,
652,Tre'Davious White,25,BUF,LCB/RCB,14,14,3,28,0,28,11,1,0,2,-1,0,1.5,57,44,13,2,3,0,"PB,AP-2"
653,Cody Whitehair,28,CHI,C/LG,14,14,0,0,0,0,0,0,1,0,0,0,0.0,0,0,0,0,0,0,
654,Marcus Williams,24,NOR,FS,14,14,3,37,0,20,7,0,0,0,0,0,0.0,59,39,20,0,0,0,
655,Vince Williams,31,PIT,RILB,14,14,0,0,0,0,0,0,0,2,0,0,3.0,70,47,23,14,4,0,
656,Khari Willis,24,IND,SS,14,14,2,93,1,50,6,1,0,0,0,0,2.0,85,65,20,3,4,0,
657,Keenan Allen,28,LAC,WR,14,13,0,0,0,0,0,0,3,0,0,0,0.0,0,0,0,0,0,0,PB
658,Denico Autry,30,IND,RDE,14,13,0,0,0,0,0,0,0,0,0,0,7.5,33,20,13,9,10,0,
659,Dante Fowler,26,ATL,RDE,14,13,0,0,0,0,1,1,0,0,0,0,3.0,23,12,11,4,8,0,
660,Casey Hayward,31,LAC,RCB,14,13,1,9,0,9,8,0,0,0,0,0,0.0,41,36,5,0,0,0,
661,Donte Jackson,25,CAR,LCB,14,13,3,110,0,66,11,0,0,0,0,0,0.0,34,22,12,1,0,0,
662,Ronald Jones II,23,TAM,RB,14,13,0,0,0,0,0,0,2,0,0,0,0.0,0,0,0,0,0,0,
663,Matt Judon,28,BAL,ROLB,14,13,0,0,0,0,2,0,0,0,0,0,6.0,50,32,18,9,21,1,PB
664,Kyle Van Noy,29,MIA,ROLB/RILB,14,13,0,0,0,0,6,2,0,2,28,0,6.0,69,46,23,10,10,0,
665,Olivier Vernon,30,CLE,RDE,14,13,0,0,0,0,3,1,0,1,0,0,9.0,36,24,12,12,16,1,
666,Charvarius Ward,24,KAN,LCB,14,13,0,0,0,0,6,0,0,0,0,0,1.0,51,38,13,1,3,0,
667,Nick Williams,30,DET,DT/DE,14,13,0,0,0,0,2,0,0,0,0,0,1.0,23,12,11,2,3,0,
668,A.J. Brown,23,TEN,WR,14,12,0,0,0,0,0,0,2,0,0,0,0.0,0,0,0,0,0,0,PB
669,Corey Davis,25,TEN,WR,14,12,0,0,0,0,0,0,1,0,0,0,0.0,0,0,0,0,0,0,
670,Jack Doyle,30,IND,TE,14,12,0,0,0,0,0,0,1,0,0,0,0.0,0,0,0,0,0,0,
671,Erik Harris,30,LVR,FS,14,12,0,0,0,0,5,1,0,0,0,0,0.0,61,44,17,1,1,0,
672,Javon Kinlaw,23,SFO,LDT,14,12,1,27,1,27,4,0,0,0,0,0,1.5,33,15,18,3,4,0,
673,Christian Wilkins,25,MIA,LDE,14,12,1,8,0,8,5,0,0,1,0,0,1.5,47,28,19,4,3,0,
674,Rasul Douglas,25,CAR,RCB,14,11,0,0,0,0,9,0,0,0,0,0,0.0,62,50,12,1,0,0,
675,Dre Kirkpatrick,31,ARI,RCB,14,11,3,13,0,13,7,0,0,0,0,0,0.0,56,53,3,0,0,0,
676,Nicholas Morrow,25,LVR,LLB,14,11,1,6,0,6,9,1,0,1,0,0,3.0,78,62,16,8,6,0,
677,DeVante Parker,27,MIA,WR,14,11,0,0,0,0,0,0,1,0,0,0,0.0,0,0,0,0,0,0,
678,DeShawn Williams,28,DEN,NT,14,11,1,1,0,1,3,0,0,0,0,0,2.0,37,20,17,4,6,0,
679,Antonio Gibson,22,WAS,RB,14,10,0,0,0,0,0,0,1,0,0,0,0.0,0,0,0,0,0,0,
680,Christian Kirk,24,ARI,WR,14,10,0,0,0,0,0,0,1,0,0,0,0.0,0,0,0,0,0,0,
681,Tre'Quan Smith,24,NOR,WR,14,10,0,0,0,0,0,0,1,2,0,0,0.0,0,0,0,0,0,0,
682,Donovan Wilson,25,DAL,SS,14,10,2,5,0,5,3,3,0,2,0,0,3.5,71,48,23,2,3,0,
683,Vernon Butler,26,BUF,LDT,14,9,0,0,0,0,1,1,0,0,0,0,0.0,18,9,9,5,2,0,
684,Neville Gallimore,23,DAL,NT,14,9,0,0,0,0,1,0,0,0,0,0,0.5,28,11,17,4,4,0,
685,N'Keal Harry,23,NWE,WR,14,9,0,0,0,0,0,0,1,0,0,0,0.0,0,0,0,0,0,0,
686,Jalyn Holmes,24,MIN,LDE,14,9,0,0,0,0,2,0,0,0,0,0,0.0,36,16,20,2,4,0,
687,Nevin Lawson,29,LVR,RCB,14,9,0,0,0,0,4,2,0,1,0,0,1.0,61,47,14,1,1,0,
688,Jakobi Meyers,24,NWE,WR,14,9,0,0,0,0,0,0,1,0,0,0,0.0,0,0,0,0,0,0,
689,Tahir Whitehead,30,CAR,MLB,14,9,1,0,0,0,1,0,0,1,10,0,0.0,51,27,24,0,1,0,
690,L.J. Fort,30,BAL,RILB,14,8,0,0,0,0,2,1,0,2,24,1,0.0,53,32,21,2,1,0,
691,Karl Joseph,27,CLE,SS,14,8,1,49,0,49,4,0,1,2,0,0,0.0,67,46,21,2,0,0,
692,Patrick Mekari,23,BAL,C,14,8,0,0,0,0,0,0,1,0,0,0,0.0,0,0,0,0,0,0,
693,Bobby Okereke,24,IND,RLB,14,8,1,7,0,7,6,0,0,2,11,0,0.0,72,57,15,4,1,0,
694,Troy Pride Jr.,22,CAR,RCB,14,8,0,0,0,0,2,0,0,0,0,0,0.0,42,27,15,1,0,0,
695,Derek Wolfe,30,BAL,RDE,14,8,0,0,0,0,2,0,0,1,0,0,1.0,51,19,32,6,4,0,
696,Jamel Dean,24,TAM,DB,14,7,1,32,1,32,7,0,0,0,0,0,0.0,62,51,11,2,0,0,
697,Kyle Dugger,24,NWE,DB,14,7,0,0,0,0,0,0,0,0,0,0,0.0,64,43,21,1,0,0,
698,Josh Hill,30,NOR,TE,14,7,0,0,0,0,0,0,1,0,0,0,0.0,0,0,0,0,0,0,
699,Shaq Lawson,26,MIA,LOLB,14,7,0,0,0,0,1,1,0,1,36,1,4.0,32,17,15,4,18,0,
700,Antwaun Woods,27,DAL,DT,14,7,0,0,0,0,0,0,0,0,0,0,1.0,23,7,16,1,2,0,
701,Jordyn Brooks,23,SEA,LB,14,6,0,0,0,0,2,0,0,0,0,0,0.0,57,35,22,2,0,0,
702,Lamarcus Joyner,30,LVR,LLB,14,6,0,0,0,0,5,0,0,0,0,0,0.0,66,53,13,6,0,0,
703,Harvey Langi,28,NYJ,LILB,14,6,0,0,0,0,1,0,0,1,0,0,0.0,60,37,23,0,1,0,
704,Isaiah Wright,23,WAS,WR,14,6,0,0,0,0,0,0,3,2,0,0,0.0,2,1,1,0,0,0,
705,Ugo Amadi,23,SEA,DB,14,5,0,0,0,0,7,1,0,0,0,0,0.0,54,47,7,4,0,0,
706,Marcus Epps,24,PHI,DB,14,5,2,0,0,0,4,0,0,0,0,0,0.0,47,35,12,0,0,0,
707,Senio Kelemete,30,HOU,LG,14,5,0,0,0,0,0,0,0,1,0,0,0.0,0,0,0,0,0,0,
708,David Long,24,TEN,RILB,14,5,0,0,0,0,2,1,0,0,0,0,0.0,54,30,24,2,0,0,
709,Carl Nassib,27,LVR,LDE,14,5,1,23,0,23,5,0,0,0,0,0,2.5,28,17,11,5,9,0,
710,Emmanuel Sanders,33,NOR,WR,14,5,0,0,0,0,0,0,1,0,0,0,0.0,0,0,0,0,0,0,
711,Amani Bledsoe,22,CIN,DE,14,4,0,0,0,0,2,0,0,0,0,0,0.0,17,6,11,0,0,0,
712,C.J. Board,27,NYG,WR,14,4,0,0,0,0,0,0,0,0,0,0,0.0,2,1,1,0,0,0,
713,Tevaughn Campbell,27,LAC,DB,14,4,1,6,1,6,3,1,0,0,0,0,0.0,22,16,6,0,1,0,
714,Jarrad Davis,26,DET,LB,14,4,0,0,0,0,0,2,0,0,0,0,0.5,46,25,21,1,4,0,
715,Sam Franklin,24,CAR,LB,14,4,0,0,0,0,1,0,0,0,0,0,1.0,23,15,8,1,1,0,
716,Jakeem Grant,28,MIA,WR,14,4,0,0,0,0,0,0,2,1,0,0,0.0,0,0,0,0,0,0,AP-2
717,Anfernee Jennings,23,NWE,LB,14,4,0,0,0,0,0,0,0,0,0,0,0.0,20,10,10,0,1,0,
718,Richard Rodgers,28,PHI,TE,14,4,0,0,0,0,0,0,0,0,0,0,0.0,2,0,2,0,0,0,
719,Porter Gustin,23,CLE,DE,14,3,0,0,0,0,0,0,0,0,0,0,0.0,30,13,17,2,2,0,
720,Shaun Dion Hamilton,25,WAS,LB,14,3,0,0,0,0,0,0,0,0,0,0,0.0,21,14,7,2,1,0,
721,Andy Janovich,27,CLE,RB,14,3,0,0,0,0,0,0,0,0,0,0,0.0,3,1,2,0,0,0,
722,Dontae Johnson,29,SFO,DB,14,3,0,0,0,0,3,0,0,0,0,0,1.0,23,17,6,1,2,0,
723,Nathan Shepherd,27,NYJ,DT,14,3,0,0,0,0,0,0,0,0,0,0,2.5,17,8,9,3,8,0,
724,Josh Sweat,23,PHI,DE,14,3,0,0,0,0,2,3,0,0,0,0,6.0,38,24,14,9,12,0,
725,Jamaal Williams,25,GNB,RB,14,3,0,0,0,0,0,0,0,0,0,0,0.0,2,2,0,0,0,0,
726,Jamal Agnew,25,DET,WR,14,2,0,0,0,0,0,0,2,0,0,0,0.0,4,4,0,0,0,0,
727,Marcus Allen,24,PIT,DB,14,2,0,0,0,0,0,0,0,0,0,0,0.0,30,19,11,2,2,0,
728,Mark Andrews,25,BAL,TE,14,2,0,0,0,0,0,0,2,0,0,0,0.0,0,0,0,0,0,0,
729,Terrence Brooks,28,NWE,DB,14,2,0,0,0,0,0,0,0,0,0,0,0.0,23,16,7,0,1,0,
730,Carter Coughlin,23,NYG,LB,14,2,0,0,0,0,0,0,0,0,0,0,1.0,17,13,4,2,2,0,
731,Everson Griffen,33,2TM,DE,14,2,0,0,0,0,4,0,0,0,0,0,6.0,33,18,15,7,14,0,
731,Everson Griffen,33,DAL,DE,7,0,0,0,0,0,1,0,0,0,0,0,2.5,20,10,10,3,6,0,
731,Everson Griffen,33,DET,DE,7,2,0,0,0,0,3,0,0,0,0,0,3.5,13,8,5,4,8,0,
732,Dare Ogunbowale,26,JAX,RB,14,2,0,0,0,0,0,0,0,0,0,0,0.0,10,8,2,0,0,0,
733,D.J. Wonnum,23,MIN,DE,14,2,0,0,0,0,1,1,0,0,0,0,3.0,24,16,8,5,9,0,
734,A.J. Epenesa,22,BUF,DE,14,1,0,0,0,0,1,0,0,0,0,0,1.0,14,11,3,3,4,0,
735,Jaylon Ferguson,25,BAL,DE,14,1,0,0,0,0,1,0,0,1,0,0,2.0,30,21,9,7,5,0,
736,Harrison Hand,22,MIN,CB,14,1,1,4,0,4,3,0,0,0,0,0,0.0,17,14,3,0,0,0,
737,Ka'dar Hollman,26,GNB,DB,14,1,0,0,0,0,3,0,0,0,0,0,0.0,10,7,3,0,0,0,
738,Jacob Martin,25,HOU,DE,14,1,0,0,0,0,1,1,0,1,0,0,3.0,20,13,7,3,3,0,
739,Sean McKeon,23,DAL,TE,14,1,0,0,0,0,0,0,0,0,0,0,0.0,1,0,1,0,0,0,
740,Hardy Nickerson,26,MIN,LB,14,1,1,5,0,5,1,2,0,0,0,0,0.0,14,9,5,0,0,0,
741,Mike Pennel,29,KAN,DT,14,1,0,0,0,0,0,0,0,0,0,0,0.0,29,13,16,0,1,0,
742,Alton Robinson,22,SEA,DE,14,1,0,0,0,0,0,1,0,0,0,0,4.0,22,13,9,5,4,0,
743,Jaylen Samuels,24,PIT,RB,14,1,0,0,0,0,0,0,0,0,0,0,0.0,1,1,0,0,0,0,
744,Mason Schreck,27,CIN,TE,14,1,0,0,0,0,0,0,0,0,0,0,0.0,1,1,0,0,0,0,
745,Darwin Thompson,23,KAN,RB,14,1,0,0,0,0,0,0,0,0,0,0,0.0,2,2,0,0,0,0,
746,Nick Westbrook-Ikhine,23,TEN,WR,14,1,0,0,0,0,0,0,0,0,0,0,0.0,3,3,0,0,0,0,
747,Chad Beebe,26,MIN,WR,14,0,0,0,0,0,0,0,2,0,0,0,0.0,2,2,0,0,0,0,
748,Trenton Cannon,26,CAR,RB,14,0,0,0,0,0,0,0,0,0,0,0,0.0,6,5,1,0,0,0,
749,Dan Chisena,23,MIN,WR,14,0,0,0,0,0,0,0,0,1,0,0,0.0,6,6,0,0,0,0,
750,Ryan Connelly,25,MIN,LB,14,0,0,0,0,0,0,0,0,0,0,0,0.0,6,6,0,0,0,0,
751,Logan Cooke,25,JAX,P,14,0,0,0,0,0,0,0,0,0,0,0,0.0,1,1,0,0,0,0,
752,Jamil Douglas,28,TEN,G,14,0,0,0,0,0,0,0,1,0,0,0,0.0,1,1,0,0,0,0,
753,Emeke Egbule,24,LAC,LB,14,0,0,0,0,0,0,0,0,0,0,0,0.0,7,4,3,0,1,0,
754,Dennis Gardeck,26,ARI,LB,14,0,0,0,0,0,0,0,0,1,0,0,7.0,16,14,2,7,10,0,
755,Reggie Gilliam,23,BUF,FB,14,0,0,0,0,0,0,1,0,0,0,0,0.0,2,2,0,0,0,0,
756,Shaquem Griffin,25,SEA,LB,14,0,0,0,0,0,1,0,0,0,0,0,1.0,9,6,3,1,3,0,
757,Buddy Howell,24,HOU,RB,14,0,0,0,0,0,0,0,0,0,0,0,0.0,2,2,0,0,0,0,
758,Bryce Huff,22,NYJ,LB,14,0,0,0,0,0,1,0,0,0,0,0,2.0,16,12,4,4,4,0,
759,Danny Johnson,25,WAS,DB,14,0,0,0,0,0,0,0,0,0,0,0,0.0,4,3,1,0,0,0,
760,Isaiah Johnson,25,LVR,DB,14,0,0,0,0,0,4,0,0,0,0,0,0.0,13,7,6,0,0,0,
761,Jaquan Johnson,25,BUF,DB,14,0,0,0,0,0,0,0,0,0,0,0,0.0,4,3,1,0,0,0,
762,Joseph Jones,26,DEN,LB,14,0,0,0,0,0,0,0,0,0,0,0,0.0,3,1,2,0,0,0,
763,Joshua Kelley,23,LAC,RB,14,0,0,0,0,0,0,0,2,0,0,0,0.0,1,1,0,0,0,0,
764,Arden Key,24,LVR,DE,14,0,0,0,0,0,2,0,0,0,0,0,0.0,15,10,5,2,11,0,
765,Christopher Milton,28,TEN,DB,14,0,0,0,0,0,0,0,0,0,0,0,0.0,3,3,0,0,0,0,
766,Elijhaa Penny,27,NYG,RB,14,0,0,0,0,0,0,0,0,0,0,0,0.0,7,2,5,0,0,0,
767,Ito Smith,25,ATL,RB,14,0,0,0,0,0,0,0,1,0,0,0,0.0,0,0,0,0,0,0,
768,James Smith-Williams,23,WAS,DE,14,0,0,0,0,0,0,0,0,0,0,0,0.5,10,8,2,3,2,0,
769,Mike Thomas,26,CIN,WR,14,0,0,0,0,0,0,0,1,0,0,0,0.0,1,1,0,0,0,0,
770,James Vaughters,27,CHI,LB,14,0,0,0,0,0,0,0,0,0,0,0,1.5,22,15,7,2,2,0,
771,Jonathan Ward,23,ARI,RB,14,0,0,0,0,0,0,0,0,0,0,0,0.0,7,3,4,0,0,0,
772,James White,28,NWE,RB,14,0,0,0,0,0,0,0,1,1,0,0,0.0,0,0,0,0,0,0,
773,Charlie Woerner,23,SFO,TE,14,0,0,0,0,0,0,0,0,0,0,0,0.0,2,1,1,0,0,0,
774,Johnathan Abram,24,LVR,SS,13,13,2,29,0,24,6,0,0,1,0,0,0.0,86,60,26,3,4,0,
775,Ja'Whaun Bentley,24,NWE,LLB,13,13,0,0,0,0,2,0,0,0,0,0,1.5,91,50,41,3,3,0,
776,Malcom Brown,26,NOR,RDT,13,13,0,0,0,0,0,0,0,0,0,0,1.0,27,9,18,3,2,0,
777,Kenny Clark,25,GNB,NT,13,13,0,0,0,0,0,0,0,0,0,0,2.0,42,28,14,3,6,0,
778,Brandon Dunn,28,HOU,NT,13,13,0,0,0,0,0,0,0,1,0,0,0.0,26,12,14,0,3,0,
779,Sam Hubbard,25,CIN,LDE/RDE,13,13,0,0,0,0,3,1,0,0,0,0,2.0,62,33,29,5,11,0,
780,Jackrabbit Jenkins,32,NOR,LCB,13,13,3,53,1,36,12,0,0,0,0,0,0.0,55,44,11,2,0,0,
781,Jaylon Johnson,21,CHI,RCB,13,13,0,0,0,0,15,0,0,0,0,0,0.0,44,34,10,1,0,0,
782,Josh Jones,26,JAX,SS,13,13,1,0,0,0,1,0,0,0,0,0,0.0,83,59,24,0,0,0,
783,Drew Lock,24,DEN,QB,13,13,0,0,0,0,0,0,8,5,-5,0,0.0,0,0,0,0,0,0,
784,Shaq Mason,27,NWE,RG,13,13,0,0,0,0,0,0,0,1,0,0,0.0,0,0,0,0,0,0,
785,Rodney McLeod,30,PHI,SS,13,13,1,21,0,21,7,0,0,2,50,1,0.0,66,43,23,3,0,0,
786,Andrus Peat,27,NOR,LG,13,13,0,0,0,0,0,0,0,1,0,0,0.0,0,0,0,0,0,0,PB
787,Maurkice Pouncey,31,PIT,C,13,13,0,0,0,0,0,0,1,0,0,0,0.0,0,0,0,0,0,0,PB
788,Justin Reid,23,HOU,SS,13,13,0,0,0,0,4,0,0,0,0,0,2.0,83,62,21,6,4,0,
789,Kenny Vaccaro,29,TEN,SS,13,13,0,0,0,0,5,0,0,1,53,0,1.0,83,62,21,6,1,0,
790,Greg Van Roten,30,NYJ,RG,13,13,0,0,0,0,0,0,0,0,0,0,0.0,1,1,0,0,0,0,
791,Jason Verrett,29,SFO,LCB,13,13,2,0,0,0,7,0,0,0,0,0,0.0,60,50,10,2,0,0,
792,Brandon Williams,31,BAL,NT,13,13,0,0,0,0,2,0,0,0,0,0,0.0,33,19,14,2,1,0,
793,Quinnen Williams,23,NYJ,RDE,13,13,0,0,0,0,3,2,0,0,0,0,7.0,55,32,23,10,14,0,
794,Damien Wilson,27,KAN,MLB,13,13,0,0,0,0,1,1,0,0,0,0,0.0,73,46,27,3,0,0,
795,Juston Burris,27,CAR,SS,13,12,1,0,0,0,4,0,0,0,0,0,0.0,53,34,19,3,1,0,
796,Justin Jones,24,LAC,LDT,13,12,0,0,0,0,0,0,0,0,0,0,1.0,34,19,15,5,4,0,
797,Whitney Mercilus,30,HOU,LOLB,13,12,0,0,0,0,1,0,1,1,0,0,4.0,21,12,9,5,7,0,
798,Henry Ruggs III,21,LVR,WR,13,12,0,0,0,0,0,0,2,1,0,0,0.0,0,0,0,0,0,0,
799,James Conner,25,PIT,RB,13,11,0,0,0,0,0,0,2,2,0,0,0.0,0,0,0,0,0,0,
800,Dre Greenlaw,23,SFO,RLB/LLB,13,11,0,0,0,0,1,0,0,0,0,0,1.0,86,61,25,7,2,0,
801,Kevin Pierre-Louis,29,WAS,RLB,13,11,0,0,0,0,2,1,0,0,0,0,1.0,56,36,20,3,2,0,
802,Elandon Roberts,26,MIA,LILB,13,11,0,0,0,0,0,1,0,1,0,0,1.5,61,33,28,8,4,0,
803,Mackensie Alexander,27,CIN,RLB,13,10,1,21,0,21,6,0,0,0,0,0,0.0,47,32,15,1,0,0,
804,Krys Barnes,22,GNB,RILB/LILB,13,10,0,0,0,0,0,1,0,0,0,0,1.0,80,49,31,5,1,0,
805,Derek Barnett,24,PHI,LDE,13,10,0,0,0,0,0,0,0,0,0,0,5.5,34,21,13,6,16,0,
806,LeShaun Sims,27,CIN,LCB,13,10,1,0,0,0,4,0,0,0,0,0,0.0,52,38,14,0,0,0,
807,Pharaoh Brown,26,HOU,TE,13,9,0,0,0,0,0,0,0,0,0,0,0.0,2,2,0,0,0,0,
808,Benson Mayowa,29,SEA,LOLB,13,9,0,0,0,0,3,2,0,1,13,0,6.0,24,19,5,7,9,0,
809,Kendall Sheffield,24,ATL,LCB,13,9,0,0,0,0,3,1,0,0,0,0,0.0,51,37,14,0,0,0,
810,Travis Fulgham,25,PHI,WR,13,8,0,0,0,0,0,0,0,1,0,0,0.0,0,0,0,0,0,0,
811,Dre'Mont Jones,23,DEN,RDE,13,8,0,0,0,0,2,0,0,0,0,0,6.5,41,26,15,7,11,0,
812,Duke Riley,26,PHI,RLB,13,8,1,7,0,7,1,1,0,0,0,0,0.5,55,30,25,2,1,0,
813,Willie Snead,28,BAL,WR,13,8,0,0,0,0,0,0,1,0,0,0,0.0,0,0,0,0,0,0,
814,Mack Wilson,22,CLE,LLB,13,8,0,0,0,0,2,0,0,0,0,0,0.0,39,24,15,1,0,0,
815,Rock Ya-Sin,24,IND,LCB,13,8,1,0,0,0,7,1,0,0,0,0,0.0,45,36,9,0,0,0,
816,Zach Allen,23,ARI,LDT,13,7,0,0,0,0,3,0,0,0,0,0,2.0,35,20,15,5,6,0,
817,Irv Smith Jr.,22,MIN,TE,13,7,0,0,0,0,0,0,0,0,0,0,0.0,1,1,0,0,0,0,
818,Rashard Higgins,26,CLE,WR,13,6,0,0,0,0,0,0,3,2,-22,0,0.0,0,0,0,0,0,0,
819,Lamar Jackson,22,NYJ,DB,13,6,0,0,0,0,2,0,0,0,0,0,0.0,28,26,2,1,0,0,
820,Kevin Johnson,28,CLE,RCB,13,6,0,0,0,0,3,1,0,1,0,0,0.5,35,22,13,0,3,0,
821,Denzel Perryman,28,LAC,DB,13,6,0,0,0,0,1,1,0,0,0,0,1.0,48,25,23,3,2,0,
822,Cam Akers,21,LAR,RB,13,5,0,0,0,0,0,0,1,0,0,0,0.0,0,0,0,0,0,0,
823,Jeremiah Attaochu,27,DEN,OLB,13,5,0,0,0,0,0,1,0,0,0,0,5.0,31,24,7,6,9,0,
824,Jeff Heath,29,LVR,FS,13,5,3,89,0,47,4,0,0,0,0,0,0.0,37,28,9,1,1,0,
825,Donald Parham,23,LAC,TE,13,5,0,0,0,0,0,0,0,1,0,0,0.0,0,0,0,0,0,0,
826,Chris Banjo,30,ARI,FS,13,4,0,0,0,0,1,0,0,0,0,0,0.0,48,34,14,1,1,0,
827,Trey Burton,29,IND,TE,13,4,0,0,0,0,0,0,0,0,0,0,0.0,2,1,1,0,0,0,
828,Chris Claybrooks,23,JAX,CB,13,4,0,0,0,0,3,0,1,0,0,0,0.0,39,33,6,1,0,0,
829,KJ Hamler,21,DEN,WR,13,4,0,0,0,0,0,0,2,0,0,0,0.0,0,0,0,0,0,0,
830,Devon Kennard,29,ARI,LB,13,4,0,0,0,0,0,0,0,0,0,0,3.0,19,15,4,5,9,0,
831,Zach Kerr,30,CAR,DT,13,4,0,0,0,0,2,1,0,0,0,0,2.0,32,11,21,2,9,0,
832,Ryan Neal,25,SEA,DB,13,4,2,1,0,1,5,0,0,0,0,0,0.0,44,33,11,3,0,1,
833,Uchenna Nwosu,24,LAC,LB,13,4,0,0,0,0,2,0,0,0,0,0,4.5,33,20,13,5,11,0,
834,D'Andre Swift,21,DET,RB,13,4,0,0,0,0,0,0,3,0,0,0,0.0,0,0,0,0,0,0,
835,Deionte Thompson,23,ARI,FS,13,4,0,0,0,0,3,0,0,0,0,0,0.0,27,18,9,0,1,0,
836,DeMarcus Walker,26,DEN,DE,13,4,0,0,0,0,0,1,0,0,0,0,4.5,18,9,9,3,5,0,
837,Andrew Wingard,24,JAX,DB,13,4,2,31,0,19,5,0,0,1,17,0,0.0,50,35,15,3,0,0,
838,Justin Ellis,30,BAL,DT,13,3,0,0,0,0,1,0,0,0,0,0,0.0,17,6,11,0,0,0,
839,Leonard Fournette,25,TAM,RB,13,3,0,0,0,0,0,0,0,1,0,0,0.0,0,0,0,0,0,0,
840,Frankie Luvu,24,NYJ,LB,13,3,0,0,0,0,1,1,0,0,0,0,2.0,25,17,8,3,3,1,
841,Byron Pringle,27,KAN,WR,13,3,0,0,0,0,0,0,0,0,0,0,0.0,2,2,0,0,0,0,
842,Shy Tuttle,25,NOR,DT,13,3,0,0,0,0,2,0,0,0,0,0,0.0,28,17,11,2,1,0,
843,Dakota Allen,25,JAX,LB,13,2,0,0,0,0,0,0,0,0,0,0,0.0,18,12,6,3,1,0,
844,Quintez Cephus,22,DET,WR,13,2,0,0,0,0,0,0,0,0,0,0,0.0,1,1,0,0,0,0,
845,Andy Isabella,24,ARI,WR,13,2,0,0,0,0,0,0,1,1,0,0,0.0,0,0,0,0,0,0,
846,Gunner Olszewski,24,NWE,WR,13,2,0,0,0,0,0,0,1,1,0,0,0.0,2,1,1,0,0,0,AP-1
847,Adarius Taylor,30,CAR,LB,13,2,0,0,0,0,0,0,0,0,0,0,0.0,19,10,9,1,0,0,
848,Tony Brown,25,CIN,DB,13,1,0,0,0,0,1,0,0,0,0,0,0.0,13,7,6,2,0,0,
849,John Cominsky,25,ATL,DE,13,1,0,0,0,0,0,0,0,1,3,0,1.0,28,14,14,3,3,0,
850,Michael Danna,23,KAN,DE,13,1,0,0,0,0,0,0,0,0,0,0,2.5,25,16,9,4,6,0,
851,Kylie Fitts,26,ARI,LB,13,1,0,0,0,0,0,1,0,0,0,0,0.0,9,5,4,0,1,0,
852,Kevin Givens,23,SFO,DT,13,1,0,0,0,0,1,0,0,1,0,0,1.0,19,14,5,5,3,0,
853,Jonathan Greenard,23,HOU,LB,13,1,0,0,0,0,1,0,0,0,0,0,1.0,19,10,9,2,3,0,
854,Charles Harris,25,ATL,DE,13,1,0,0,0,0,2,0,0,0,0,0,3.0,18,8,10,3,5,0,
855,Margus Hunt,33,2TM,DE,13,1,0,0,0,0,4,0,0,1,0,0,1.0,9,7,2,3,4,0,
855,Margus Hunt,33,NOR,DE,4,0,0,0,0,0,0,0,0,0,0,0,0.0,3,2,1,1,1,0,
855,Margus Hunt,33,CIN,DE,9,1,0,0,0,0,4,0,0,1,0,0,1.0,6,5,1,2,3,0,
856,Dion Jordan,30,SFO,DE,13,1,0,0,0,0,1,1,0,1,0,0,3.0,17,11,6,3,5,0,
857,Hercules Mata'afa,25,MIN,DE,13,1,0,0,0,0,0,0,0,0,0,0,2.5,24,12,12,3,6,0,
858,Jamal Perry,26,MIA,DB,13,1,0,0,0,0,1,0,0,0,0,0,0.0,26,16,10,0,0,0,
859,Will Redmond,27,GNB,DB,13,1,0,0,0,0,1,0,0,0,0,0,0.0,28,21,7,0,2,0,
860,John Reid,24,HOU,CB,13,1,0,0,0,0,1,0,0,0,0,0,0.0,13,11,2,0,0,0,
861,Anthony Sherman,32,KAN,RB,13,1,0,0,0,0,0,0,0,0,0,0,0.0,1,1,0,0,0,0,
862,Javon Wims,26,CHI,WR,13,1,0,0,0,0,0,0,0,0,0,0,0.0,1,0,1,0,0,0,
863,Chris Wormley,27,PIT,DE,13,1,0,0,0,0,0,0,0,0,0,0,1.0,8,3,5,1,3,0,
864,Daren Bates,30,TEN,LB,13,0,0,0,0,0,0,0,0,0,0,0,0.0,8,6,2,0,0,0,
865,Francis Bernard,25,DAL,LB,13,0,0,0,0,0,0,0,0,0,0,0,0.0,6,2,4,0,0,0,
866,Austin Calitro,26,DEN,LB,13,0,0,0,0,0,0,0,0,0,0,0,0.0,3,3,0,0,0,0,
867,DeAndre Carter,27,2TM,WR,13,0,0,0,0,0,0,0,2,0,0,0,0.0,0,0,0,0,0,0,
867,DeAndre Carter,27,HOU,WR,9,0,0,0,0,0,0,0,1,0,0,0,0.0,0,0,0,0,0,0,
867,DeAndre Carter,27,CHI,WR,4,0,0,0,0,0,0,0,1,0,0,0,0.0,0,0,0,0,0,0,
868,Cody Davis,31,NWE,DB,13,0,0,0,0,0,0,0,0,0,0,0,0.0,9,4,5,0,0,0,
869,Tae Davis,24,CLE,LB,13,0,0,0,0,0,1,0,0,0,0,0,0.0,7,7,0,0,0,0,
870,Ashton Dulin,23,IND,WR,13,0,0,0,0,0,0,0,1,0,0,0,0.0,7,4,3,0,0,0,
871,Brandon Facyson,26,LAC,DB,13,0,0,0,0,0,0,1,0,0,0,0,0.0,16,13,3,0,0,0,
872,Clayton Fejedelem,27,MIA,DB,13,0,0,0,0,0,0,1,0,1,0,0,0.0,10,6,4,0,0,0,
873,Jordan Glasgow,24,IND,LB,13,0,0,0,0,0,0,0,0,0,0,0,0.0,9,6,3,0,0,0,
874,Penny Hart,24,SEA,WR,13,0,0,0,0,0,0,0,0,0,0,0,0.0,5,4,1,0,0,0,
875,Malik Jefferson,24,LAC,LB,13,0,0,0,0,0,0,0,0,0,0,0,0.0,5,3,2,0,0,0,
876,Taiwan Jones,32,BUF,RB,13,0,0,0,0,0,0,0,0,0,0,0,0.0,6,5,1,0,0,0,
877,Xavier Jones,23,LAR,RB,13,0,0,0,0,0,0,0,0,0,0,0,0.0,3,2,1,0,0,0,
878,Brett Kern,34,TEN,P,13,0,0,0,0,0,0,0,0,1,0,0,0.0,0,0,0,0,0,0,
879,Natrez Patrick,23,LAR,LB,13,0,0,0,0,0,0,0,0,0,0,0,0.0,3,2,1,0,0,0,
880,Jalen Richard,27,LVR,RB,13,0,0,0,0,0,0,0,1,0,0,0,0.0,0,0,0,0,0,0,
881,Derek Rivers,26,2TM,DE,13,0,0,0,0,0,0,0,0,0,0,0,1.5,5,2,3,2,4,0,
881,Derek Rivers,26,NWE,DE,8,0,0,0,0,0,0,0,0,0,0,0,1.5,4,1,3,1,4,0,
881,Derek Rivers,26,LAR,DE,5,0,0,0,0,0,0,0,0,0,0,0,0.0,1,1,0,1,0,0,
882,Edmond Robinson,28,ATL,LB,13,0,0,0,0,0,0,0,0,0,0,0,0.0,15,8,7,0,1,0,
883,Isaiah Rodgers,22,IND,CB,13,0,0,0,0,0,0,0,0,0,0,0,0.0,7,5,2,0,0,0,
884,Linden Stephens,25,SEA,DB,13,0,0,0,0,0,0,0,0,0,0,0,0.0,3,3,0,0,0,0,
885,Shawn Williams,29,CIN,DB,13,0,0,0,0,0,1,0,0,0,0,0,0.0,16,12,4,0,0,0,
886,Jamal Adams,25,SEA,SS,12,12,0,0,0,0,3,1,0,0,0,0,9.5,83,59,24,11,14,0,"PB,AP-2"
887,Ricardo Allen,29,ATL,SS,12,12,2,29,0,19,5,0,0,0,0,0,0.0,25,18,7,1,0,0,
888,Drew Brees,41,NOR,QB,12,12,0,0,0,0,0,0,6,2,0,0,0.0,0,0,0,0,0,0,
889,Calais Campbell,34,BAL,LDE,12,12,0,0,0,0,6,0,0,0,0,0,4.0,28,18,10,5,10,0,PB
890,Chris Carson,26,SEA,RB,12,12,0,0,0,0,0,0,1,0,0,0,0.0,0,0,0,0,0,0,
891,Nick Chubb,25,CLE,RB,12,12,0,0,0,0,0,0,1,0,0,0,0.0,0,0,0,0,0,0,PB
892,Sam Darnold,23,NYJ,QB,12,12,0,0,0,0,0,0,4,0,0,0,0.0,0,0,0,0,0,0,
893,T.J. Edwards,24,PHI,MLB,12,12,1,13,0,13,1,2,0,0,0,0,2.0,70,37,33,5,2,0,
894,Jordan Fuller,22,LAR,SS,12,12,3,45,0,37,5,0,0,0,0,0,0.0,60,42,18,0,0,0,
895,Chris Godwin,24,TAM,WR,12,12,0,0,0,0,0,0,1,0,0,0,0.0,0,0,0,0,0,0,
896,Shaquill Griffin,25,SEA,LCB,12,12,3,20,0,16,12,0,0,0,0,0,0.0,63,53,10,2,0,0,
897,Ryan Izzo,25,NWE,TE,12,12,0,0,0,0,0,0,1,0,0,0,0.0,0,0,0,0,0,0,
898,Jordan Jenkins,26,NYJ,ROLB/LOLB,12,12,0,0,0,0,1,1,0,0,0,0,2.0,32,15,17,3,6,0,
899,David Johnson,29,HOU,RB,12,12,0,0,0,0,0,0,2,1,0,0,0.0,0,0,0,0,0,0,
900,Nick Kwiatkoski,27,LVR,MLB,12,12,1,9,0,9,4,1,0,0,0,0,1.0,81,53,28,3,2,0,
901,Kyle Rudolph,31,MIN,TE,12,12,0,0,0,0,0,0,1,1,0,0,0.0,0,0,0,0,0,0,
902,Danny Shelton,27,DET,LDT,12,12,0,0,0,0,1,0,0,0,0,0,1.0,37,15,22,2,4,0,
903,Levi Wallace,25,BUF,RCB/LCB,12,12,2,0,0,0,8,0,0,0,0,0,0.0,48,34,14,1,1,0,
904,Denzel Ward,23,CLE,LCB,12,12,2,0,0,0,18,1,0,0,0,0,0.0,46,38,8,1,1,0,
905,Carson Wentz,28,PHI,QB,12,12,0,0,0,0,0,0,10,4,-17,0,0.0,0,0,0,0,0,0,
906,Jarrod Wilson,26,JAX,FS,12,12,1,48,0,48,3,0,0,0,0,0,0.0,69,45,24,2,0,0,
907,Brandon Aiyuk,22,SFO,WR,12,11,0,0,0,0,0,0,0,1,5,0,0.0,0,0,0,0,0,0,
908,Maliek Collins,25,LVR,RDT,12,11,0,0,0,0,0,0,0,0,0,0,0.0,15,8,7,0,1,0,
909,Trevon Diggs,22,DAL,RCB,12,11,3,43,0,33,14,1,0,0,0,0,1.0,58,49,9,1,0,0,
910,Miles Sanders,23,PHI,RB,12,11,0,0,0,0,0,0,4,1,7,0,0.0,0,0,0,0,0,0,
911,Joey Bosa,25,LAC,LDE,12,10,0,0,0,0,1,0,0,1,0,0,7.5,39,29,10,15,27,0,PB
912,Doug Costin,23,JAX,RDT,12,9,0,0,0,0,2,0,0,1,0,0,0.0,32,12,20,3,1,0,
913,Kyler Fackrell,29,NYG,ROLB/LOLB,12,9,1,46,1,46,2,1,0,0,0,0,4.0,34,23,11,7,10,0,
914,Darrell Daniels,26,ARI,TE,12,8,0,0,0,0,0,1,0,0,0,0,0.0,1,1,0,0,0,0,
915,Pierre Desir,30,2TM,DB,12,8,3,58,1,35,8,1,0,0,0,0,0.0,49,39,10,2,0,0,
915,Pierre Desir,30,NYJ,DB,9,8,3,58,1,35,8,1,0,0,0,0,0.0,47,37,10,2,0,0,
915,Pierre Desir,30,BAL,DB,3,0,0,0,0,0,0,0,0,0,0,0,0.0,2,2,0,0,0,0,
916,Emmanuel Moseley,24,SFO,RCB,12,8,1,51,0,51,9,0,0,0,0,0,0.0,47,34,13,0,0,0,
917,Darius Phillips,25,CIN,LCB,12,8,1,21,0,21,12,2,0,0,0,0,0.0,38,30,8,2,2,0,
918,Tyre Phillips,23,BAL,RG,12,8,0,0,0,0,0,0,0,1,13,0,0.0,0,0,0,0,0,0,
919,Kwon Alexander,26,2TM,LLB,12,12,0,0,0,0,4,2,0,2,20,0,1.0,57,39,18,3,2,0,
919,Kwon Alexander,26,SFO,LLB,5,5,0,0,0,0,0,1,0,0,0,0,1.0,30,22,8,3,1,0,
919,Kwon Alexander,26,NOR,LLB,7,7,0,0,0,0,4,1,0,2,20,0,0.0,27,17,10,0,1,0,
920,Tre Flowers,25,SEA,RCB,12,7,0,0,0,0,2,1,0,0,0,0,0.0,47,37,10,1,0,0,
921,Yetur Gross-Matos,22,CAR,RDE,12,7,0,0,0,0,0,1,0,0,0,0,2.5,24,9,15,2,6,0,
922,Dawson Knox,24,BUF,TE,12,7,0,0,0,0,0,0,2,0,0,0,0.0,0,0,0,0,0,0,
923,Robert Spillane,25,PIT,LILB,12,7,1,33,1,33,4,0,0,1,0,0,2.0,45,39,6,4,3,0,
924,Mike Hilton,26,PIT,DB,12,6,3,5,0,8,7,1,0,2,22,0,3.0,51,42,9,8,5,0,
925,Darnay Holmes,22,NYG,DB,12,5,1,0,0,0,5,0,0,1,0,0,0.5,30,23,7,0,2,0,
926,James Hurst,29,NOR,T,12,5,0,0,0,0,0,0,0,1,0,0,0.0,0,0,0,0,0,0,
927,Josh Jackson,24,GNB,RCB,12,5,0,0,0,0,2,0,0,0,0,0,0.0,26,21,5,1,0,0,
928,Patrick Robinson,33,NOR,DB,12,4,2,0,0,0,4,0,0,0,0,0,0.0,14,11,3,1,0,0,
929,Essang Bassey,22,DEN,CB,12,3,1,26,0,26,2,0,0,1,0,0,0.0,23,21,2,3,0,0,
930,Harrison Phillips,24,BUF,DT,12,3,0,0,0,0,0,0,0,1,0,0,0.0,18,11,7,0,4,0,
931,Buster Skrine,31,CHI,DB,12,3,0,0,0,0,3,1,0,0,0,0,0.0,66,52,14,1,0,0,
932,Tye Smith,27,TEN,DB,12,3,0,5,0,5,1,0,0,0,0,0,0.0,15,11,4,1,0,0,
933,Xavier Williams,28,2TM,DT,12,3,0,0,0,0,0,0,0,1,0,0,1.0,24,11,13,0,1,0,
933,Xavier Williams,28,NWE,DT,1,0,0,0,0,0,0,0,0,0,0,0,0.0,2,1,1,0,0,0,
933,Xavier Williams,28,CIN,DT,11,3,0,0,0,0,0,0,0,1,0,0,1.0,22,10,12,0,1,0,
934,Jeff Wilson,25,SFO,RB,12,3,0,0,0,0,0,0,2,1,0,0,0.0,0,0,0,0,0,0,
935,Ross Cockrell,29,TAM,DB,12,2,0,0,0,0,1,0,0,0,0,0,0.0,11,9,2,1,1,0,
936,DeeJay Dallas,22,SEA,RB,12,2,0,0,0,0,0,0,0,0,0,0,0.0,2,1,1,0,0,0,
937,Phillip Gaines,29,HOU,DB,12,2,0,0,0,0,1,0,0,0,0,0,0.0,24,18,6,0,0,0,
938,Jaylinn Hawkins,23,ATL,S,12,2,0,0,0,0,0,0,0,0,0,0,0.5,13,8,5,0,1,0,
939,Steven Sims,23,WAS,WR,12,2,0,0,0,0,0,0,4,2,0,0,0.0,0,0,0,0,0,0,
940,Logan Wilson,24,CIN,LB,12,2,2,0,0,0,3,0,0,0,0,0,1.0,33,23,10,4,2,0,
941,Cameron Batson,25,TEN,WR,12,1,0,0,0,0,0,0,1,1,-5,0,0.0,0,0,0,0,0,0,
942,Matt Breida,25,MIA,RB,12,1,0,0,0,0,0,0,2,1,0,0,0.0,2,1,1,0,0,0,
943,William Compton,31,TEN,LB,12,1,0,0,0,0,0,0,0,1,0,0,0.0,18,9,9,0,0,0,
944,Duke Dawson,24,DEN,DB,12,1,0,0,0,0,0,0,0,0,0,0,0.0,8,2,6,0,0,0,
945,Kevin Peterson,26,ARI,DB,12,1,0,0,0,0,1,0,0,1,0,0,0.0,6,3,3,0,0,0,
946,Sheldon Rankins,26,NOR,DT,12,1,0,0,0,0,1,0,0,0,0,0,1.5,20,13,7,3,9,0,
947,Equanimeous St. Brown,24,GNB,WR,12,1,0,0,0,0,0,0,0,0,0,0,0.0,1,1,0,0,0,0,
948,Davion Taylor,22,PHI,LB,12,1,0,0,0,0,0,0,0,0,0,0,0.0,10,7,3,0,0,0,
949,Cam Gill,23,TAM,LB,12,0,0,0,0,0,0,0,0,0,0,0,0.0,6,4,2,0,0,0,
950,Justice Hill,23,BAL,RB,12,0,0,0,0,0,0,1,0,0,0,0,0.0,9,6,3,0,0,0,
951,Juju Hughes,22,LAR,DB,12,0,0,0,0,0,0,0,0,0,0,0,0.0,3,1,2,0,0,0,
952,Elijah Lee,24,2TM,LB,12,0,0,0,0,0,0,0,0,0,0,0,0.0,8,6,2,0,0,0,
952,Elijah Lee,24,DET,LB,4,0,0,0,0,0,0,0,0,0,0,0,0.0,2,1,1,0,0,0,
952,Elijah Lee,24,CLE,LB,8,0,0,0,0,0,0,0,0,0,0,0,0.0,6,5,1,0,0,0,
953,Justin March,27,DAL,LB,12,0,0,0,0,0,0,0,0,0,0,0,0.0,4,3,1,0,0,0,
954,Trey Marshall,24,DEN,DB,12,0,0,0,0,0,0,0,0,0,0,0,0.0,6,5,1,0,0,0,
955,C.J. Moore,25,DET,DB,12,0,0,0,0,0,0,0,0,0,0,0,0.0,7,4,3,0,0,0,
956,Taybor Pepper,26,SFO,LS,12,0,0,0,0,0,0,0,0,0,0,0,0.0,2,1,1,0,0,0,
957,Shaquille Quarterman,23,JAX,LB,12,0,0,0,0,0,0,0,0,0,0,0,0.0,6,4,2,0,0,0,
958,Randy Ramsey,25,GNB,DE,12,0,0,0,0,0,0,0,0,0,0,0,0.0,11,5,6,0,0,0,
959,Andre Smith,23,BUF,LB,12,0,0,0,0,0,0,1,0,0,0,0,0.0,9,8,1,1,0,0,
960,Joe Walker,28,SFO,LB,12,0,0,0,0,0,0,0,0,0,0,0,0.0,6,5,1,0,0,0,
961,Derek Watt,28,PIT,FB,12,0,0,0,0,0,0,0,0,0,0,0,0.0,8,5,3,1,0,1,
962,Justin Zimmer,28,BUF,DT,12,0,0,0,0,0,0,1,0,0,0,0,1.0,21,13,8,3,7,0,
963,Bashaud Breeland,28,KAN,RCB,11,11,2,29,0,29,9,1,0,1,0,0,0.0,38,30,8,1,0,0,
964,Mike Daniels,31,CIN,LDT,11,11,0,0,0,0,0,0,0,0,0,0,0.0,17,7,10,1,1,0,
965,Bud Dupree,27,PIT,ROLB,11,11,0,0,0,0,2,2,0,0,0,0,8.0,31,23,8,8,15,0,
966,Clelin Ferrell,23,LVR,LDE,11,11,0,0,0,0,3,2,0,0,0,0,2.0,27,18,9,3,10,0,
967,Stephon Gilmore,30,NWE,RCB,11,11,1,15,0,15,3,1,0,0,0,0,0.0,37,30,7,1,0,0,PB
968,Shelby Harris,29,DEN,LDE,11,11,0,0,0,0,7,1,0,0,0,0,2.5,32,20,12,4,11,0,
969,Eric Kendricks,28,MIN,MLB,11,11,3,0,0,0,6,0,0,0,0,0,0.0,107,69,38,4,1,0,
970,Kevin King,25,GNB,RCB,11,11,0,0,0,0,5,1,0,1,48,0,0.0,57,45,12,0,1,0,
971,Christian Kirksey,28,GNB,LILB,11,11,2,18,0,10,4,0,0,0,0,0,2.0,77,46,31,2,2,0,
972,Jalen Reagor,21,PHI,WR,11,11,0,0,0,0,0,0,2,1,0,0,0.0,0,0,0,0,0,0,
973,Blessuan Austin,24,NYJ,RCB,11,10,0,0,0,0,4,1,0,0,0,0,0.0,63,50,13,3,1,0,
974,Cameron Dantzler,22,MIN,LCB,11,10,2,0,0,0,4,1,0,1,0,0,0.0,46,36,10,3,0,0,
975,Cole Holcomb,24,WAS,LLB,11,10,1,0,0,0,1,0,0,0,0,0,2.5,72,45,27,6,4,0,
976,Kyzir White,24,LAC,LLB,11,10,0,0,0,0,3,0,0,0,0,0,0.5,77,50,27,4,3,0,
977,Andy Dalton,33,DAL,QB,11,9,0,0,0,0,0,0,2,0,-2,0,0.0,0,0,0,0,0,0,
978,Mark Ingram,31,BAL,RB,11,9,0,0,0,0,0,0,0,2,0,0,0.0,0,0,0,0,0,0,
979,Ronnie Harrison,23,CLE,SS,11,7,1,47,1,47,7,0,0,1,0,0,1.0,38,24,14,0,1,0,
980,Richie James,25,SFO,WR,11,7,0,0,0,0,0,0,2,0,0,0,0.0,0,0,0,0,0,0,
981,Jayron Kearse,26,DET,SS,11,7,0,0,0,0,2,1,0,0,0,0,0.0,59,41,18,0,1,0,
982,Tae Crowder,23,NYG,RILB,11,6,0,0,0,0,1,0,0,1,43,1,1.0,57,34,23,3,3,0,
983,Todd Davis,28,MIN,LB,11,6,0,0,0,0,2,0,0,0,0,0,1.0,35,16,19,2,1,0,
984,Deshazor Everett,28,WAS,FS,11,6,0,0,0,0,4,1,0,0,0,0,0.0,31,23,8,0,0,0,
985,DaVon Hamilton,23,JAX,LDT,11,6,0,0,0,0,1,0,0,1,0,0,1.0,30,14,16,2,5,0,
986,Johnathan Joseph,36,2TM,DB,11,6,1,5,0,5,6,1,0,0,0,0,0.0,32,28,4,2,0,0,
986,Johnathan Joseph,36,TEN,LCB,7,6,1,5,0,5,5,1,0,0,0,0,0.0,29,25,4,2,0,0,
986,Johnathan Joseph,36,ARI,DB,4,0,0,0,0,0,1,0,0,0,0,0,0.0,3,3,0,0,0,0,
987,Justin Coleman,27,DET,DB,11,5,0,0,0,0,1,0,0,0,0,0,0.0,30,22,8,3,0,0,
988,Troy Dye,24,MIN,LLB,11,5,0,0,0,0,2,0,0,0,0,0,0.0,28,13,15,0,1,0,
989,Marvin Hall,27,DET,WR,11,5,0,0,0,0,0,0,0,0,0,0,0.0,1,1,0,0,0,0,
990,Duke Johnson,27,HOU,RB,11,5,0,0,0,0,0,0,3,1,0,0,0.0,0,0,0,0,0,0,
991,Arthur Maulet,27,NYJ,SS,11,5,1,20,0,20,5,0,0,0,0,0,1.0,29,23,6,0,1,0,
992,A.J. Moore,25,HOU,DB,11,5,0,0,0,0,1,1,0,0,0,0,1.0,35,21,14,1,2,0,
993,Darryl Roberts,30,DET,DB,11,5,1,6,0,6,6,0,0,0,0,0,0.0,39,34,5,1,0,0,
994,Jimmy Smith,32,BAL,DB,11,5,0,0,0,0,1,0,0,1,4,0,1.0,27,23,4,2,1,0,
995,MyCole Pruitt,28,TEN,TE,11,4,0,0,0,0,0,0,0,1,3,1,0.0,0,0,0,0,0,0,
996,Brennan Scarlett,27,HOU,ROLB,11,4,0,0,0,0,0,0,0,0,0,0,0.0,28,18,10,0,1,0,
997,Ahkello Witherspoon,25,SFO,DB,11,4,1,0,0,0,4,0,0,0,0,0,0.0,20,17,3,1,0,0,
998,De'Vante Bausby,27,2TM,DB,11,3,0,0,0,0,5,0,0,0,0,0,0.0,21,21,0,0,0,0,
998,De'Vante Bausby,27,ARI,DB,1,0,0,0,0,0,0,0,0,0,0,0,0.0,1,1,0,0,0,0,
998,De'Vante Bausby,27,DEN,DB,10,3,0,0,0,0,5,0,0,0,0,0,0.0,20,20,0,0,0,0,
999,Marquez Callaway,22,NOR,WR,11,3,0,0,0,0,0,0,0,2,0,0,0.0,1,1,0,0,0,0,
1000,Vinny Curry,32,PHI,DE,11,3,0,0,0,0,0,0,0,1,0,0,3.0,16,12,4,3,10,0,
1001,Maurice Hurst Jr.,25,LVR,DT,11,3,0,0,0,0,1,0,0,0,0,0,0.5,27,14,13,1,6,0,
1002,Chris Jackson,22,TEN,S,11,3,0,0,0,0,1,0,0,0,0,0,0.0,24,14,10,1,0,0,
1003,Marcus Johnson,26,IND,WR,11,3,0,0,0,0,0,1,0,0,0,0,0.0,1,1,0,0,0,0,
1004,Javelin Guidry,22,NYJ,CB,11,2,0,0,0,0,0,4,0,0,0,0,0.0,22,15,7,0,1,0,
1005,David Mayo,27,NYG,LB,11,2,0,0,0,0,0,1,0,0,0,0,0.0,29,18,11,2,0,0,
1006,Duke Shelley,24,CHI,DB,11,2,0,0,0,0,1,0,0,0,0,0,0.0,16,9,7,0,0,0,
1007,Justin Watson,24,TAM,WR,11,2,0,0,0,0,0,0,0,0,0,0,1.0,7,4,3,1,1,0,
1008,Olamide Zaccheaus,23,ATL,WR,11,2,0,0,0,0,0,0,0,0,0,0,0.0,2,2,0,0,0,0,
1009,Marcus Davenport,24,NOR,DE,11,1,0,0,0,0,2,0,0,0,0,0,1.5,21,12,9,3,8,0,
1010,Demetrius Flannigan-Fowles,24,SFO,DB,11,1,0,0,0,0,0,0,0,0,0,0,0.0,9,6,3,0,0,0,
1011,Davontae Harris,25,2TM,DB,11,2,0,0,0,0,1,1,0,0,0,0,0.0,14,13,1,0,0,0,
1011,Davontae Harris,25,DEN,DB,7,1,0,0,0,0,0,0,0,0,0,0,0.0,4,4,0,0,0,0,
1011,Davontae Harris,25,BAL,DB,4,1,0,0,0,0,1,1,0,0,0,0,0.0,10,9,1,0,0,0,
1012,Jahleel Addae,30,LAC,DB,11,0,1,3,0,3,2,0,0,0,0,0,0.5,21,13,8,0,1,0,
1013,Genard Avery,25,PHI,LB,11,0,0,0,0,0,1,0,0,0,0,0,1.5,12,6,6,2,7,0,
1014,Markus Bailey,23,CIN,LB,11,0,0,0,0,0,1,0,0,0,0,0,0.0,1,1,0,0,0,0,
1015,Deon Bush,27,CHI,DB,11,0,1,10,0,10,2,0,0,0,0,0,0.0,5,5,0,0,0,0,
1016,Anthony Chickillo,28,DEN,DE,11,0,0,0,0,0,1,0,0,0,0,0,1.0,11,7,4,1,1,0,
1017,Leki Fotu,22,ARI,DT,11,0,0,0,0,0,0,0,0,0,0,0,1.0,11,6,5,4,3,0,
1018,John Jenkins,31,CHI,DT,11,0,0,0,0,0,1,0,0,0,0,0,0.0,21,7,14,0,1,0,
1019,Sherrick McManis,33,CHI,DB,11,0,1,0,0,0,1,1,0,1,0,0,0.0,12,11,1,0,0,0,
1020,Henry Mondeaux,25,PIT,DT,11,0,0,0,0,0,0,0,0,0,0,0,0.0,5,3,2,1,2,0,
1021,Jared Norris,27,WAS,LB,11,0,0,0,0,0,0,0,0,0,0,0,0.0,3,3,0,0,0,0,
1022,Dorian O'Daniel,26,KAN,LB,11,0,0,0,0,0,0,0,0,0,0,0,1.0,9,7,2,1,1,0,
1023,Alex Okafor,29,KAN,DE,11,0,0,0,0,0,0,1,0,0,0,0,3.0,16,9,7,1,10,0,
1024,Jachai Polite,23,LAR,LB,11,0,0,0,0,0,0,0,0,0,0,0,1.0,4,3,1,1,1,0,
1025,Joe Reed,22,LAC,WR,11,0,0,0,0,0,0,0,0,1,0,0,0.0,3,1,2,0,0,0,
1026,Diontae Spencer,28,DEN,WR,11,0,0,0,0,0,0,0,2,2,0,0,0.0,0,0,0,0,0,0,
1027,D.J. Swearinger,29,NOR,DB,11,0,0,0,0,0,1,0,0,0,0,0,0.0,14,13,1,0,0,0,
1028,Dwayne Washington,26,NOR,RB,11,0,0,0,0,0,0,0,0,0,0,0,0.0,2,2,0,0,0,0,
1029,Jayon Brown,25,TEN,RILB,10,10,1,0,0,0,8,2,0,0,0,0,1.0,76,45,31,5,2,0,
1030,Joe Burrow,24,CIN,QB,10,10,0,0,0,0,0,0,9,4,-27,0,0.0,0,0,0,0,0,0,
1031,Bryce Callahan,29,DEN,RCB,10,10,2,0,0,0,5,0,0,1,0,0,0.0,42,36,6,1,0,0,
1032,Austin Ekeler,25,LAC,RB,10,10,0,0,0,0,0,0,1,1,0,0,0.0,0,0,0,0,0,0,
1033,Damien Harris,23,NWE,RB,10,10,0,0,0,0,0,0,1,2,0,0,0.0,0,0,0,0,0,0,
1034,Bradley Roby,28,HOU,LCB,10,10,1,0,0,0,7,0,0,1,0,0,0.0,37,33,4,2,0,0,
1035,Leighton Vander Esch,23,DAL,MLB,10,10,0,0,0,0,0,1,0,1,0,0,1.0,60,32,28,1,1,0,
1036,Isaiah Wynn,25,NWE,LT,10,10,0,0,0,0,0,0,0,1,0,0,0.0,0,0,0,0,0,0,
1037,P.J. Hall,25,HOU,RDE,10,9,0,0,0,0,0,0,0,0,0,0,1.0,34,18,16,2,2,0,
1038,Trent Murphy,30,BUF,LDE,10,9,0,0,0,0,0,0,0,0,0,0,2.0,19,15,4,3,6,0,
1039,Tua Tagovailoa,22,MIA,QB,10,9,0,0,0,0,0,0,1,1,0,0,0.0,0,0,0,0,0,0,
1040,Mitchell Trubisky,26,CHI,QB,10,9,0,0,0,0,0,0,6,3,-1,0,0.0,0,0,0,0,0,0,
1041,Sammy Watkins,27,KAN,WR,10,9,0,0,0,0,0,1,1,0,0,0,0.0,0,0,0,0,0,0,
1042,Anthony Brown,27,DAL,LCB,10,8,2,14,0,14,3,0,0,1,29,1,1.0,39,32,7,1,1,0,
1043,Avonte Maddox,24,PHI,LCB,10,8,0,0,0,0,3,0,0,0,0,0,0.0,40,36,4,1,0,0,
1044,Nick Mullens,25,SFO,QB,10,8,0,0,0,0,0,0,6,1,0,0,0.0,0,0,0,0,0,0,
1045,D.J. Reed,24,SEA,RCB,10,8,2,21,0,20,7,0,1,2,0,0,0.0,62,46,16,2,0,0,
1046,Geoff Swaim,27,TEN,WR,10,8,0,0,0,0,0,0,0,0,0,0,0.0,1,0,1,0,0,0,
1047,Myles Gaskin,23,MIA,RB,10,7,0,0,0,0,0,0,2,0,0,0,0.0,0,0,0,0,0,0,
1048,Ashtyn Davis,24,NYJ,SS,10,6,0,0,0,0,1,0,0,1,0,0,0.0,36,25,11,1,0,0,
1049,Kamal Martin,22,GNB,RILB,10,6,0,0,0,0,0,0,0,0,0,0,1.0,24,17,7,3,1,0,
1050,Kris Boyd,24,MIN,DB,10,5,0,0,0,0,2,1,0,0,0,0,0.0,34,24,10,1,0,0,
1051,Matt Milano,26,BUF,LLB,10,5,1,0,0,0,3,0,0,0,0,0,3.5,45,35,10,4,9,0,
1052,Ty Sambrailo,28,TEN,LT,10,5,0,0,0,0,0,0,0,1,0,0,0.0,0,0,0,0,0,0,
1053,Anthony Averett,26,BAL,DB,10,4,0,0,0,0,7,0,0,0,0,0,0.0,27,22,5,0,0,0,
1054,Nnamdi Madubuike,23,BAL,DT,10,3,0,0,0,0,0,0,0,0,0,0,1.0,19,11,8,2,2,0,
1055,Will Parks,26,2TM,DB,10,3,0,0,0,0,0,0,0,0,0,0,1.0,31,27,4,3,1,0,
1055,Will Parks,26,PHI,DB,6,3,0,0,0,0,0,0,0,0,0,0,0.0,13,11,2,2,0,0,
1055,Will Parks,26,DEN,DB,4,0,0,0,0,0,0,0,0,0,0,0,1.0,18,16,2,1,1,0,
1056,Tyrel Dodson,22,BUF,LB,10,2,0,0,0,0,2,0,0,0,0,0,1.0,22,13,9,2,0,0,
1057,Bryce Hager,28,NYJ,LB,10,2,0,0,0,0,1,0,0,0,0,0,0.5,23,14,9,1,1,0,
1058,Justin Hamilton,27,DAL,DT,10,2,0,0,0,0,0,0,0,0,0,0,0.0,10,3,7,0,1,0,
1059,Dontrelle Inman,31,WAS,WR,10,2,0,0,0,0,0,0,1,0,0,0,0.0,0,0,0,0,0,0,
1060,Daniel Thomas,22,JAX,S,10,2,1,53,0,53,2,0,0,0,0,0,0.0,18,16,2,0,0,0,
1061,Isaiah Buggs,24,PIT,DT,10,1,0,0,0,0,0,0,0,0,0,0,0.0,11,7,4,0,1,0,
1062,Da'Shawn Hand,25,DET,DE,10,1,0,0,0,0,0,1,0,0,0,0,0.0,19,12,7,1,0,0,
1063,Carlos Hyde,30,SEA,RB,10,1,0,0,0,0,0,0,1,1,0,0,0.0,0,0,0,0,0,0,
1064,Robert Jackson,27,CLE,DB,10,1,0,0,0,0,1,0,0,0,0,0,0.0,6,6,0,0,0,0,
1065,McTelvin Agim,23,DEN,DT,10,0,0,0,0,0,1,0,0,0,0,0,0.0,8,2,6,0,0,0,
1066,Vic Beasley,28,2TM,DE,10,0,0,0,0,0,0,1,0,0,0,0,0.0,4,3,1,1,0,0,
1066,Vic Beasley,28,TEN,DE,5,0,0,0,0,0,0,1,0,0,0,0,0.0,3,2,1,1,0,0,
1066,Vic Beasley,28,LVR,DE,5,0,0,0,0,0,0,0,0,0,0,0,0.0,1,1,0,0,0,0,
1067,Shilique Calhoun,28,NWE,DE,10,0,0,0,0,0,0,2,0,0,0,0,2.0,18,13,5,1,3,0,
1068,Tyrie Cleveland,23,DEN,WR,10,0,0,0,0,0,0,0,0,0,0,0,0.0,2,1,1,0,0,0,
1069,Matt Dickerson,25,TEN,DT,10,0,0,0,0,0,0,0,0,0,0,0,0.0,10,4,6,0,1,0,
1070,D.J. Foster,27,ARI,WR,10,0,0,0,0,0,0,0,0,0,0,0,0.0,3,1,2,0,0,0,
1071,Rasheem Green,23,SEA,DE,10,0,0,0,0,0,0,0,0,1,0,0,2.0,10,7,3,2,6,0,
1072,Raven Greene,25,GNB,DB,10,0,1,17,0,17,5,1,0,0,0,0,1.5,44,28,16,1,3,0,
1073,Randy Gregory,28,DAL,DE,10,0,0,0,0,0,1,3,0,0,0,0,3.5,21,15,6,4,12,0,
1074,Nate Hall,24,HOU,LB,10,0,0,0,0,0,0,1,0,0,0,0,2.0,11,6,5,1,2,0,
1075,Justin Hardee,26,NOR,WR,10,0,0,0,0,0,0,0,0,0,0,0,0.0,8,6,2,0,0,0,
1076,Peter Kalambayi,25,HOU,LB,10,0,0,0,0,0,0,0,0,0,0,0,0.0,2,0,2,0,0,0,
1077,Marcus Kemp,25,KAN,WR,10,0,0,0,0,0,0,0,0,0,0,0,0.0,3,2,1,0,0,0,
1078,Jaydon Mickens,26,TAM,WR,10,0,0,0,0,0,0,0,0,0,0,0,0.0,2,2,0,0,0,0,
1079,Doug Middleton,27,JAX,DB,10,0,0,0,0,0,0,0,0,0,0,0,0.0,9,4,5,0,0,0,
1080,Bryan Mone,25,SEA,DT,10,0,0,0,0,0,0,0,0,0,0,0,0.5,9,3,6,1,2,1,
1081,Damontre Moore,28,SEA,DE,10,0,0,0,0,0,0,1,0,0,0,0,1.0,9,6,3,1,7,0,
1082,Larrell Murchison,23,TEN,DT,10,0,0,0,0,0,0,0,0,0,0,0,0.0,5,1,4,1,0,0,
1083,Ogbonnia Okoronkwo,25,LAR,LB,10,0,0,0,0,0,1,0,0,0,0,0,1.0,12,8,4,1,3,0,
1084,C.J. Prosise,26,HOU,RB,10,0,0,0,0,0,0,0,1,0,0,0,0.0,0,0,0,0,0,0,
1085,Damarious Randall,28,SEA,DB,10,0,0,0,0,0,0,0,0,0,0,0,0.0,3,1,2,0,0,0,
1086,Tremon Smith,24,IND,DB,10,0,0,0,0,0,0,0,0,0,0,0,0.0,2,2,0,0,0,0,
1087,Stantley Thomas-Oliver,22,CAR,CB,10,0,0,0,0,0,0,0,0,0,0,0,0.0,7,6,1,0,0,0,
1088,Ke'Shawn Vaughn,23,TAM,RB,10,0,0,0,0,0,0,0,1,1,0,0,0.0,0,0,0,0,0,0,
1089,Jihad Ward,26,BAL,DE,10,0,0,0,0,0,2,0,0,0,0,0,3.0,16,7,9,4,8,0,
1090,Kristian Welch,22,BAL,LB,10,0,0,0,0,0,0,0,0,0,0,0,0.0,5,3,2,0,0,0,
1091,Trayveon Williams,23,CIN,RB,10,0,0,0,0,0,0,0,1,0,0,0,0.0,0,0,0,0,0,0,
1092,Nick Boyle,27,BAL,TE,9,9,0,0,0,0,0,0,0,1,0,0,0.0,0,0,0,0,0,0,
1093,Chris Harris Jr.,31,LAC,DB,9,9,1,51,0,51,2,0,0,0,0,0,0.5,37,25,12,1,1,0,
1094,Micah Kiser,25,LAR,LILB,9,9,0,0,0,0,3,1,0,0,0,0,0.0,77,44,33,0,1,0,
1095,Corey Peters,32,ARI,NT,9,9,0,0,0,0,1,0,0,0,0,0,2.0,15,10,5,3,4,0,
1096,Jordan Phillips,28,ARI,RDT,9,9,0,0,0,0,1,2,0,1,0,0,2.0,11,10,1,1,3,0,
1097,Isaac Seumalo,27,PHI,LG,9,9,0,0,0,0,0,0,0,1,0,0,0.0,0,0,0,0,0,0,
1098,Stephen Weatherly,26,CAR,RDE,9,9,0,0,0,0,0,0,0,0,0,0,0.0,17,7,10,1,3,0,
1099,Gardner Minshew II,24,JAX,QB,9,8,0,0,0,0,0,0,5,1,1,0,0.0,0,0,0,0,0,0,
1100,Damon Arnette,24,LVR,CB,9,7,0,0,0,0,2,0,0,0,0,0,0.0,25,21,4,1,0,0,
1101,Ryan Fitzpatrick,38,MIA,QB,9,7,0,0,0,0,0,0,2,1,0,0,0.0,0,0,0,0,0,0,
1102,Nick Foles,31,CHI,QB,9,7,0,0,0,0,0,0,2,2,0,0,0.0,0,0,0,0,0,0,
1103,Brian Poole,28,NYJ,CB,9,7,2,15,0,13,7,0,0,0,0,0,1.0,44,34,10,2,2,0,
1104,Kamalei Correa,26,2TM,RLB,9,6,0,0,0,0,1,0,0,0,0,0,0.0,9,5,4,0,2,0,
1104,Kamalei Correa,26,TEN,LB,3,0,0,0,0,0,0,0,0,0,0,0,0.0,2,1,1,0,2,0,
1104,Kamalei Correa,26,JAX,RLB,6,6,0,0,0,0,1,0,0,0,0,0,0.0,7,4,3,0,0,0,
1105,Sidney Jones,24,JAX,RCB,9,6,2,1,0,1,9,1,0,0,0,0,0.0,26,21,5,0,0,0,
1106,Jeff Okudah,21,DET,RCB,9,6,1,36,0,36,2,0,0,0,0,0,0.0,47,41,6,4,0,0,
1107,L'Jarius Sneed,23,KAN,DB,9,6,3,42,0,39,7,0,0,0,0,0,2.0,41,31,10,2,3,0,
1108,Daniel Ekuale,26,JAX,DT,9,5,0,0,0,0,0,0,0,0,0,0,1.0,13,6,7,1,1,0,
1109,Taylor Rapp,23,LAR,SS,9,5,1,0,0,0,3,1,0,0,0,0,0.0,44,32,12,1,0,0,
1110,Joe Dahl,27,DET,G,9,4,0,0,0,0,0,0,1,0,-6,0,0.0,0,0,0,0,0,0,
1111,Justin Jackson,24,LAC,RB,9,4,0,0,0,0,0,0,0,0,0,0,0.0,3,1,2,0,0,0,
1112,Daryl Worley,25,2TM,DB,9,5,0,0,0,0,3,0,0,0,0,0,0.0,22,17,5,0,0,0,
1112,Daryl Worley,25,DAL,DB,7,4,0,0,0,0,1,0,0,0,0,0,0.0,14,12,2,0,0,0,
1112,Daryl Worley,25,LVR,DB,2,1,0,0,0,0,2,0,0,0,0,0,0.0,8,5,3,0,0,0,
1113,Joe Giles-Harris,23,JAX,LB,9,3,0,0,0,0,0,0,0,0,0,0,1.0,20,10,10,2,5,0,
1114,Josh Norman,33,BUF,DB,9,3,1,16,1,16,4,1,0,2,7,0,0.0,24,21,3,2,0,0,
1115,Jacob Phillips,21,CLE,LB,9,3,0,0,0,0,1,0,0,0,0,0,0.0,25,15,10,1,1,0,
1116,Jeremy Reaves,24,WAS,DB,9,3,1,0,0,0,2,0,0,0,0,0,1.0,25,15,10,1,1,0,
1117,Jabaal Sheard,31,NYG,DE,9,3,0,0,0,0,0,1,0,0,0,0,1.5,19,10,9,2,4,0,
1118,Le'Veon Bell,28,KAN,RB,9,2,0,0,0,0,0,0,1,0,0,0,0.0,0,0,0,0,0,0,
1119,Deonte Harty,23,NOR,WR,9,2,0,0,0,0,0,0,3,0,0,0,0.0,0,0,0,0,0,0,
1120,Sean Lee,34,DAL,LB,9,2,0,0,0,0,0,0,0,0,0,0,0.0,20,11,9,0,1,0,
1121,Malcolm Perry,23,MIA,WR,9,2,0,0,0,0,0,0,1,1,0,0,0.0,0,0,0,0,0,0,
1122,River Cracraft,26,SFO,WR,9,1,0,0,0,0,0,0,0,0,0,0,0.0,1,1,0,0,0,0,
1123,Mike Ford,25,DET,DB,9,1,0,0,0,0,1,0,0,0,0,0,0.0,12,9,3,0,0,0,
1124,Rashard Lawrence,22,ARI,DT,9,1,0,0,0,0,0,0,0,0,0,0,0.0,9,7,2,1,0,0,
1125,Cre'von LeBlanc,26,PHI,DB,9,1,0,0,0,0,2,1,0,1,6,0,1.0,22,19,3,1,1,0,
1126,Josh Uche,22,NWE,LB,9,1,0,0,0,0,0,0,0,0,0,0,1.0,9,7,2,2,7,0,
1127,Matthew Adams,25,IND,LB,9,0,0,0,0,0,0,0,0,0,0,0,0.0,2,1,1,0,0,0,
1128,Ryan Anderson,26,WAS,LB,9,0,0,0,0,0,0,0,0,0,0,0,0.0,9,6,3,1,0,0,
1129,Ben Banogu,24,IND,LB,9,0,0,0,0,0,0,0,0,0,0,0,0.0,6,2,4,0,0,0,
1130,Cortez Broughton,24,LAC,DT,9,0,0,0,0,0,1,0,0,0,0,0,0.0,4,0,4,0,0,0,
1131,Myles Bryant,22,NWE,CB,9,0,1,0,0,0,1,0,0,0,0,0,0.0,12,9,3,0,0,0,
1132,Austin Cutting,24,MIN,LS,9,0,0,0,0,0,0,0,0,0,0,0,0.0,1,1,0,0,0,0,
1133,Tyler Hall,22,ATL,CB,9,0,0,0,0,0,0,0,0,0,0,0,0.0,6,4,2,0,0,0,
1134,Madre Harper,23,NYG,CB,9,0,0,0,0,0,0,0,0,1,0,0,0.0,5,5,0,0,0,0,
1135,KhaDarel Hodge,25,CLE,WR,9,0,0,0,0,0,0,0,0,0,0,0,0.0,1,1,0,0,0,0,
1136,Travis Homer,22,SEA,RB,9,0,0,0,0,0,0,0,0,0,0,0,0.0,3,3,0,0,0,0,
1137,Austin Larkin,25,CAR,DE,9,0,0,0,0,0,0,0,0,0,0,0,0.0,12,5,7,1,0,0,
1138,Dallin Leavitt,26,LVR,DB,9,0,0,0,0,0,2,0,0,0,0,0,0.0,10,4,6,0,0,0,
1139,James Lynch,21,MIN,DT,9,0,0,0,0,0,0,0,0,0,0,0,1.0,3,2,1,1,1,0,
1140,Jovante Moffatt,24,CLE,S,9,0,0,0,0,0,0,0,0,0,0,0,0.0,1,0,1,0,0,0,
1141,K.J. Osborn,23,MIN,WR,9,0,0,0,0,0,0,0,2,1,0,0,0.0,3,2,1,0,0,0,
1142,Malcolm Roach,22,NOR,DT,9,0,0,0,0,0,0,0,0,0,0,0,0.0,16,7,9,2,2,0,
1143,Kenny Robinson Jr.,21,CAR,S,9,0,0,0,0,0,0,0,0,0,0,0,0.0,1,0,1,0,0,0,
1144,Michael Thomas,30,HOU,DB,9,0,0,0,0,0,0,0,0,0,0,0,0.0,16,8,8,0,0,0,
1145,Derrek Tuszka,23,DEN,DE,9,0,0,0,0,0,0,0,0,0,0,0,0.0,6,4,2,1,0,0,
1146,Josh Watson,24,DEN,LB,9,0,0,0,0,0,0,0,0,0,0,0,0.0,5,5,0,0,0,0,
1147,Ken Webster,24,SFO,DB,9,0,0,0,0,0,0,1,1,0,0,0,0.0,6,5,1,0,0,0,
1148,Jordan Willis,25,2TM,LB,9,0,0,0,0,0,0,0,0,1,0,0,2.5,13,7,6,2,5,0,
1148,Jordan Willis,25,NYJ,LB,2,0,0,0,0,0,0,0,0,1,0,0,0.0,0,0,0,0,0,0,
1148,Jordan Willis,25,SFO,LB,7,0,0,0,0,0,0,0,0,0,0,0,2.5,13,7,6,2,5,0,
1149,Jadeveon Clowney,27,TEN,LOLB,8,8,0,0,0,0,4,1,0,0,0,0,0.0,19,14,5,4,6,0,
1150,C.J. Henderson,22,JAX,LCB,8,8,1,22,0,22,6,1,0,0,0,0,0.0,36,27,9,0,0,0,
1151,Bobby Massie,31,CHI,RT,8,8,0,0,0,0,0,0,0,1,0,0,0.0,0,0,0,0,0,0,
1152,Raheem Mostert,28,SFO,RB,8,8,0,0,0,0,0,0,1,0,0,0,0.0,0,0,0,0,0,0,
1153,Bryce Hall,23,NYJ,LCB,8,7,1,20,0,20,3,0,0,0,0,0,0.0,36,33,3,1,0,0,
1154,Josh Hines-Allen,23,JAX,LDE,8,7,0,0,0,0,1,0,0,0,0,0,2.5,13,7,6,2,11,0,
1155,Chidobe Awuzie,25,DAL,DB,8,6,1,0,0,0,5,0,0,1,0,0,0.0,38,29,9,0,0,0,
1156,Darqueze Dennard,29,ATL,CB,8,6,1,0,0,0,5,0,0,0,0,0,0.0,36,28,8,2,0,0,
1157,Roy Robertson-Harris,27,CHI,LDE,8,6,0,0,0,0,0,0,0,0,0,0,0.0,10,7,3,1,5,0,
1158,Alex Smith,36,WAS,QB,8,6,0,0,0,0,0,0,2,2,-4,0,0.0,0,0,0,0,0,0,AP CPoY-1
1159,Bruce Miller,33,JAX,FB,8,5,0,0,0,0,0,1,0,0,0,0,0.0,2,2,0,0,0,0,
1160,Keke Coutee,23,HOU,WR,8,4,0,0,0,0,0,0,4,0,0,0,0.0,0,0,0,0,0,0,
1161,Terez Hall,24,NWE,MLB,8,4,0,0,0,0,2,0,0,0,0,0,0.0,50,33,17,0,0,0,
1162,Eric Saubert,26,JAX,TE,8,4,0,0,0,0,0,0,0,0,0,0,0.0,2,1,1,0,0,0,
1163,K'Waun Williams,29,SFO,DB,8,4,0,0,0,0,4,1,0,0,0,0,2.0,22,17,5,5,2,0,
1164,Chris Jones,25,MIN,DB,8,3,0,0,0,0,0,0,0,0,0,0,0.0,19,18,1,0,0,0,
1165,Jamar Taylor,30,SFO,DB,8,3,2,8,0,8,3,0,0,0,0,0,1.0,22,20,2,2,2,0,
1166,Kalen Ballage,25,LAC,RB,8,2,0,0,0,0,0,0,1,1,0,0,0.0,0,0,0,0,0,0,
1167,Tevin Coleman,27,SFO,RB,8,1,0,0,0,0,0,0,0,0,0,0,0.0,1,1,0,0,0,0,
1168,Rudy Ford,26,PHI,DB,8,1,0,0,0,0,0,0,0,0,0,0,0.0,15,13,2,1,0,0,
1169,Thakarius Keyes,23,KAN,DB,8,1,0,0,0,0,0,0,0,0,0,0,0.0,8,7,1,0,0,0,
1170,Cassius Marsh,28,3TM,DE,8,1,0,0,0,0,0,1,0,0,0,0,0.0,16,14,2,0,1,0,
1170,Cassius Marsh,28,JAX,DE,4,1,0,0,0,0,0,0,0,0,0,0,0.0,9,7,2,0,1,0,
1170,Cassius Marsh,28,IND,DE,3,0,0,0,0,0,0,1,0,0,0,0,0.0,5,5,0,0,0,0,
1170,Cassius Marsh,28,PIT,DE,1,0,0,0,0,0,0,0,0,0,0,0,0.0,2,2,0,0,0,0,
1171,Derick Roberson,25,TEN,DE,8,1,0,0,0,0,1,1,0,0,0,0,0.0,9,5,4,0,2,0,
1172,Josh Adams,24,NYJ,RB,8,0,0,0,0,0,0,0,0,0,0,0,0.0,3,2,1,0,0,0,
1173,Montravius Adams,25,GNB,DT,8,0,0,0,0,0,0,0,0,0,0,0,0.0,11,6,5,2,0,0,
1174,JJ Arcega-Whiteside,24,PHI,WR,8,0,0,0,0,0,0,0,0,1,0,1,0.0,0,0,0,0,0,0,
1175,Geno Atkins,32,CIN,DT,8,0,0,0,0,0,0,0,0,0,0,0,0.0,1,1,0,0,1,0,
1176,Henry Black,23,GNB,S,8,0,0,0,0,0,0,1,0,1,0,0,0.0,8,6,2,0,0,0,
1177,Tim Boyle,26,GNB,QB,8,0,0,0,0,0,0,0,1,1,0,0,0.0,0,0,0,0,0,0,
1178,Nathan Cottrell,24,JAX,RB,8,0,0,0,0,0,0,0,0,0,0,0,0.0,5,3,2,0,0,0,
1179,Marlon Davidson,22,ATL,DE,8,0,0,0,0,0,1,0,0,0,0,0,0.0,8,2,6,0,0,0,
1180,Jayrone Elliott,29,PIT,LB,8,0,0,0,0,0,0,0,0,0,0,0,1.0,7,5,2,2,1,0,
1181,Jonathan Garvin,21,GNB,DE,8,0,0,0,0,0,0,0,0,0,0,0,0.0,5,2,3,0,0,0,
1182,Luke Gifford,25,DAL,LB,8,0,0,0,0,0,0,0,0,0,0,0,0.0,6,4,2,0,0,0,
1183,Jamycal Hasty,24,SFO,RB,8,0,0,0,0,0,0,0,1,0,0,0,0.0,2,2,0,0,0,0,
1184,Alijah Holder,24,DEN,DB,8,0,0,0,0,0,0,0,0,0,0,0,0.0,7,5,2,0,0,0,
1185,Terrell Lewis,22,LAR,LB,8,0,0,0,0,0,0,0,0,0,0,0,2.0,5,3,2,2,4,0,
1186,John Lovett,24,GNB,TE,8,0,0,0,0,0,0,0,0,0,0,0,0.0,4,3,1,0,0,0,
1187,Aaron Lynch,27,JAX,DE,8,0,0,0,0,0,1,0,0,0,0,0,1.0,6,5,1,1,3,0,
1188,Isaiah Mack,24,2TM,DT,8,0,0,0,0,0,0,0,0,0,0,0,0.0,3,1,2,0,1,0,
1188,Isaiah Mack,24,TEN,DT,6,0,0,0,0,0,0,0,0,0,0,0,0.0,2,1,1,0,1,0,
1188,Isaiah Mack,24,NWE,DT,2,0,0,0,0,0,0,0,0,0,0,0,0.0,1,0,1,0,0,0,
1189,Tony McRae,27,DET,DB,8,0,0,0,0,0,0,0,0,0,0,0,0.0,4,4,0,0,0,0,
1190,Devine Ozigbo,24,JAX,RB,8,0,0,0,0,0,0,0,0,0,0,0,0.0,2,1,1,0,0,0,
1191,Steven Parker,25,DAL,DB,8,0,0,0,0,0,0,0,0,0,0,0,0.0,8,5,3,0,0,0,
1192,Amik Robertson,22,LVR,CB,8,0,0,0,0,0,0,0,0,0,0,0,0.0,4,3,1,0,0,0,
1193,A'Shawn Robinson,25,LAR,DT,8,0,0,0,0,0,1,0,0,0,0,0,0.0,12,6,6,0,1,0,
1194,Darrius Shepherd,25,GNB,WR,8,0,0,0,0,0,0,0,1,0,0,0,0.0,0,0,0,0,0,0,
1195,Chris Smith,28,LVR,DE,8,0,0,0,0,0,0,0,0,0,0,0,1.0,5,4,1,0,4,0,
1196,Jason Strowbridge,24,MIA,DE,8,0,0,0,0,0,0,0,0,0,0,0,0.0,3,1,2,1,0,0,
1197,Tedric Thompson,25,KAN,DB,8,0,0,0,0,0,0,0,2,1,0,0,0.0,13,11,2,0,0,0,
1198,Casey Toohill,24,WAS,DE,8,0,0,0,0,0,0,0,0,0,0,0,0.0,2,0,2,0,1,0,
1199,Broderick Washington Jr.,24,BAL,DT,8,0,0,0,0,0,0,0,0,0,0,0,0.0,2,0,2,0,0,0,
1200,Sylvester Williams,32,DEN,DE,8,0,0,0,0,0,2,0,0,0,0,0,0.0,9,4,5,0,0,0,
1201,Jabari Zuniga,23,NYJ,DE,8,0,0,0,0,0,0,0,0,0,0,0,0.0,5,3,2,0,0,0,
1202,A.J. Bouye,29,DEN,LCB,7,7,0,0,0,0,6,0,0,0,0,0,0.0,23,21,2,0,0,0,
1203,Landon Collins,26,WAS,SS,7,7,1,1,0,1,1,1,0,0,0,0,2.0,41,24,17,3,1,0,
1204,Nathan Gerry,25,PHI,LLB,7,7,0,0,0,0,2,0,0,0,0,0,1.0,57,32,25,4,2,0,
1205,Melvin Ingram,31,LAC,RDE,7,7,1,0,0,0,2,0,0,0,0,0,0.0,10,5,5,0,5,0,
1206,Bradley McDougald,30,NYJ,SS,7,7,0,0,0,0,3,0,0,1,-2,0,0.0,36,23,13,0,0,0,
1207,Dontari Poe,30,DAL,NT,7,7,0,0,0,0,0,0,0,0,0,0,0.0,7,3,4,0,0,0,
1208,Jaquiski Tartt,28,SFO,SS,7,7,1,16,0,16,4,0,0,0,0,0,0.0,30,20,10,1,0,0,
1209,Dwayne Haskins,23,WAS,QB,7,6,0,0,0,0,0,0,6,2,-7,0,0.0,0,0,0,0,0,0,
1210,Trey Flowers,27,DET,LDE,7,5,0,0,0,0,1,2,0,1,4,0,2.0,22,12,10,3,3,0,
1211,Tashawn Bower,25,NWE,DE,7,3,0,0,0,0,1,0,0,0,0,0,0.0,11,9,2,1,0,0,
1212,Kyle Phillips,23,NYJ,DE,7,3,0,0,0,0,0,0,0,0,0,0,0.0,11,7,4,3,1,0,
1213,James Ferentz,31,NWE,C,7,2,0,0,0,0,0,0,1,0,-5,0,0.0,0,0,0,0,0,0,
1214,Michael Jacquet,23,PHI,DB,7,2,0,0,0,0,3,1,0,0,0,0,1.0,18,12,6,0,1,0,
1215,Jeremy Cox,24,DEN,RB,7,1,0,0,0,0,0,0,0,0,0,0,0.0,3,1,2,0,0,0,
1216,Rodney Smith,24,CAR,RB,7,1,0,0,0,0,0,0,1,1,0,0,0.0,0,0,0,0,0,0,
1217,Teair Tart,23,TEN,DT,7,1,0,0,0,0,1,0,0,0,0,0,0.0,5,2,3,1,2,0,
1218,Nick Thurman,25,NWE,DE,7,1,0,0,0,0,0,0,0,0,0,0,0.0,10,6,4,1,0,0,
1219,Eli Ankou,26,DAL,DT,7,0,0,0,0,0,0,0,0,0,0,0,0.0,5,1,4,0,0,0,
1220,Alex Barrett,26,SFO,DE,7,0,0,0,0,0,0,0,0,0,0,0,0.0,5,0,5,0,2,0,
1221,Beau Brinkley,30,TEN,TE,7,0,0,0,0,0,0,0,1,0,0,0,0.0,0,0,0,0,0,0,
1222,Andrew Brown,25,2TM,DT,7,0,0,0,0,0,0,0,0,0,0,0,1.0,3,1,2,1,1,0,
1222,Andrew Brown,25,CIN,DT,4,0,0,0,0,0,0,0,0,0,0,0,1.0,2,1,1,1,1,0,
1222,Andrew Brown,25,HOU,DT,3,0,0,0,0,0,0,0,0,0,0,0,0.0,1,0,1,0,0,0,
1223,Terrell Burgess,22,LAR,S,7,0,0,0,0,0,1,0,0,0,0,0,0.0,8,7,1,0,0,0,
1224,Taco Charlton,26,KAN,DE,7,0,0,0,0,0,0,1,0,0,0,0,2.0,7,4,3,1,4,0,
1225,Carlos Davis,24,PIT,DT,7,0,0,0,0,0,0,0,0,0,0,0,0.0,6,4,2,1,0,0,
1226,Thomas Davis,37,WAS,LB,7,0,0,0,0,0,1,0,0,0,0,0,0.0,6,5,1,0,0,0,
1227,Andrew DePaola,33,MIN,LS,7,0,0,0,0,0,0,0,0,1,0,0,0.0,1,1,0,0,0,0,
1228,Kyle Emanuel,29,HOU,LB,7,0,0,0,0,0,0,0,0,0,0,0,0.0,3,1,2,0,0,0,
1229,Cullen Gillaspia,25,HOU,RB,7,0,0,0,0,0,0,0,0,0,0,0,0.0,3,0,3,0,0,0,
1230,Trevis Gipson,23,CHI,DE,7,0,0,0,0,0,0,0,0,0,0,0,0.0,5,1,4,0,3,0,
1231,T.Y. McGill,28,PHI,DT,7,0,0,0,0,0,0,0,0,0,0,0,0.5,9,3,6,1,3,0,
1232,Kahlil McKenzie,23,CIN,DT,7,0,0,0,0,0,0,0,0,0,0,0,0.0,8,4,4,1,0,0,
1233,Senorise Perry,29,TEN,RB,7,0,0,0,0,0,0,0,0,0,0,0,0.0,3,2,1,0,0,0,
1234,J.R. Reed,24,LAR,S,7,0,0,0,0,0,0,0,0,0,0,0,0.0,2,0,2,0,0,0,
1235,Caraun Reid,29,JAX,DT,7,0,0,0,0,0,0,0,0,0,0,0,0.0,5,3,2,0,0,0,
1236,Hassan Ridgeway,26,PHI,DT,7,0,0,0,0,0,0,0,0,0,0,0,1.0,11,9,2,2,1,0,
1237,Vyncint Smith,24,NYJ,WR,7,0,0,0,0,0,0,0,0,0,0,0,0.0,3,1,2,0,0,0,
1238,Kemoko Turay,25,IND,LB,7,0,0,0,0,0,0,0,0,0,0,0,1.0,4,3,1,1,3,0,
1239,Quincy Williams,24,JAX,LB,7,0,0,0,0,0,1,1,0,0,0,0,0.0,11,5,6,1,0,0,
1240,Geron Christian,24,WAS,LT,6,6,0,0,0,0,0,0,1,1,0,0,0.0,0,0,0,0,0,0,
1241,Quinton Dunbar,28,SEA,RCB,6,6,1,0,0,0,5,0,0,0,0,0,0.0,30,28,2,2,0,0,
1242,Jimmy Garoppolo,29,SFO,QB,6,6,0,0,0,0,0,0,2,0,0,0,0.0,0,0,0,0,0,0,
1243,Joe Mixon,24,CIN,RB,6,6,0,0,0,0,0,0,1,0,0,0,0.0,0,0,0,0,0,0,
1244,Mike Purcell,29,DEN,NT,6,6,0,0,0,0,0,0,0,0,0,0,1.0,15,10,5,2,1,0,
1245,Desmond Trufant,30,DET,LCB,6,6,1,0,0,0,4,0,0,0,0,0,1.0,20,16,4,1,1,0,
1246,Breon Borders,25,TEN,LCB,6,5,1,0,0,0,5,0,0,0,0,0,0.0,27,22,5,1,0,0,
1247,Domata Peko,36,ARI,DE,6,5,0,0,0,0,0,0,0,0,0,0,0.0,16,6,10,0,0,0,
1248,Brandon Copeland,29,NWE,LB,6,4,0,0,0,0,0,0,0,0,0,0,0.0,12,6,6,1,0,0,
1249,Xavier McKinney,22,NYG,S,6,4,1,0,0,0,1,0,0,0,0,0,0.0,25,14,11,1,0,0,
1250,C.J. Beathard,27,SFO,QB,6,2,0,0,0,0,0,0,3,0,0,0,0.0,0,0,0,0,0,0,
1251,Adrian Colbert,27,NYG,DB,6,2,0,0,0,0,0,0,0,0,0,0,0.0,13,9,4,1,0,0,
1252,Trevon Coley,26,ARI,DT,6,2,0,0,0,0,0,0,0,0,0,0,1.0,14,9,5,3,2,0,
1253,Kristian Fulton,22,TEN,CB,6,2,1,44,0,44,1,0,0,0,0,0,1.0,16,14,2,1,1,0,
1254,Grayland Arnold,23,PHI,CB,6,1,0,0,0,0,1,0,0,0,0,0,0.0,11,6,5,1,0,0,
1255,Austin Bryant,24,DET,DE,6,1,0,0,0,0,0,0,0,0,0,0,0.0,17,12,5,1,1,0,
1256,Corey Liuget,30,HOU,NT,6,1,0,0,0,0,0,0,0,0,0,0,1.0,4,2,2,2,2,0,
1257,Steven Mitchell,26,HOU,WR,6,1,0,0,0,0,0,0,0,0,0,0,0.0,1,1,0,0,0,0,
1258,Curtis Riley,28,2TM,DB,6,1,0,0,0,0,0,0,0,0,0,0,0.0,10,7,3,0,0,0,
1258,Curtis Riley,28,ARI,DB,4,1,0,0,0,0,0,0,0,0,0,0,0.0,9,7,2,0,0,0,
1258,Curtis Riley,28,MIN,DB,2,0,0,0,0,0,0,0,0,0,0,0,0.0,1,0,1,0,0,0,
1259,Saivion Smith,23,DAL,DB,6,1,0,0,0,0,0,0,0,0,0,0,0.0,3,2,1,0,0,0,
1260,Kevin Strong,24,DET,DT,6,1,0,0,0,0,0,0,0,0,0,0,1.0,15,10,5,1,2,0,
1261,Kenjon Barner,31,TAM,RB,6,0,0,0,0,0,0,0,0,0,0,0,0.0,1,1,0,0,0,0,
1262,B.J. Bello,26,LAC,LB,6,0,0,0,0,0,0,0,0,0,0,0,0.0,7,5,2,0,0,0,
1263,Jonathan Bullard,27,SEA,DE,6,0,0,0,0,0,0,0,0,0,0,0,0.0,8,2,6,0,2,0,
1264,Jack Cichy,25,TAM,LB,6,0,0,0,0,0,0,0,0,0,0,0,0.0,2,1,1,0,0,0,
1265,Dylan Cole,26,HOU,LB,6,0,0,0,0,0,0,0,0,0,0,0,0.0,6,3,3,0,0,0,
1266,Ken Crawley,27,NOR,DB,6,0,1,-1,0,-1,1,0,1,1,0,0,0.0,1,1,0,0,0,0,
1267,Jalen Davis,24,CIN,DB,6,0,0,0,0,0,0,0,0,0,0,0,0.0,4,3,1,0,0,0,
1268,Khalil Dorsey,22,BAL,CB,6,0,0,0,0,0,0,0,0,0,0,0,0.0,2,2,0,0,0,0,
1269,Ted Ginn Jr.,35,CHI,WR,6,0,0,0,0,0,0,0,1,1,0,0,0.0,0,0,0,0,0,0,
1270,Damon Harrison,32,SEA,DT,6,0,0,0,0,0,0,1,0,0,0,0,0.0,9,3,6,0,0,0,
1271,Benito Jones,23,MIA,DT,6,0,0,0,0,0,0,0,0,0,0,0,0.0,2,1,1,1,0,0,
1272,Dalton Keene,21,NWE,TE,6,0,0,0,0,0,0,0,1,0,0,0,0.0,0,0,0,0,0,0,
1273,Jordan Kunaszyk,24,WAS,LB,6,0,0,0,0,0,0,0,0,0,0,0,0.0,3,2,1,0,0,0,
1274,Niko Lalos,23,NYG,DE,6,0,1,0,0,0,1,0,0,1,0,0,0.0,6,2,4,0,0,0,
1275,Jessie Lemonier,23,LAC,DE,6,0,0,0,0,0,0,0,0,0,0,0,0.0,2,1,1,0,2,0,
1276,Stanley Morgan Jr.,24,CIN,WR,6,0,0,0,0,0,0,0,0,0,0,0,0.0,3,1,2,0,0,0,
1277,Julian Okwara,23,DET,LB,6,0,0,0,0,0,0,0,0,0,0,0,0.0,3,1,2,1,0,0,
1278,Troymaine Pope,27,LAC,RB,6,0,0,0,0,0,0,0,0,1,0,0,0.0,0,0,0,0,0,0,
1279,Aldrick Rosas,26,JAX,K,6,0,0,0,0,0,0,0,1,1,0,0,0.0,0,0,0,0,0,0,
1280,Josiah Scott,21,JAX,CB,6,0,0,0,0,0,0,0,0,0,0,0,0.0,11,10,1,1,0,0,
1281,Akeem Spence,29,NWE,DT,6,0,0,0,0,0,0,0,0,0,0,0,0.0,9,3,6,0,0,0,
1282,Malik Turner,24,DAL,WR,6,0,0,0,0,0,0,0,0,0,0,0,0.0,1,1,0,0,0,0,
1283,Brandon Williams,28,NYG,DB,6,0,0,0,0,0,0,0,0,0,0,0,0.0,1,1,0,0,0,0,
1284,Raequan Williams,23,PHI,DT,6,0,0,0,0,0,0,0,0,0,0,0,1.0,5,3,2,1,1,0,
1285,Tramon Williams,37,BAL,DB,6,0,0,0,0,0,1,0,0,0,0,0,0.0,14,10,4,0,2,0,
1286,Billy Winn,31,GNB,DT,6,0,0,0,0,0,2,0,0,0,0,0,0.0,6,2,4,0,0,0,
1287,Brandon Allen,28,CIN,QB,5,5,0,0,0,0,0,0,1,0,0,0,0.0,0,0,0,0,0,0,
1288,Devin Bush Jr.,22,PIT,LILB,5,5,0,0,0,0,3,0,0,0,0,0,1.0,26,16,10,0,2,0,
1289,Lorenzo Carter,25,NYG,LOLB,5,5,0,0,0,0,1,0,0,0,0,0,1.0,15,11,4,2,4,0,
1290,Mike Glennon,31,JAX,QB,5,5,0,0,0,0,0,0,2,0,0,0,0.0,0,0,0,0,0,0,
1291,Davon Godchaux,26,MIA,NT,5,5,0,0,0,0,0,0,0,0,0,0,0.0,16,10,6,1,2,0,
1292,Trysten Hill,22,DAL,DT,5,5,0,0,0,0,0,0,0,0,0,0,0.0,11,6,5,1,3,0,
1293,Abry Jones,29,JAX,RDT,5,5,0,0,0,0,0,0,0,0,0,0,0.0,8,4,4,0,0,0,
1294,Chandler Jones,30,ARI,LOLB,5,5,0,0,0,0,0,0,0,1,0,0,1.0,11,5,6,1,7,0,
1295,Dak Prescott,27,DAL,QB,5,5,0,0,0,0,0,0,3,0,0,0,0.0,0,0,0,0,0,0,
1296,D.J. Reader,26,CIN,LDT,5,5,0,0,0,0,2,0,0,0,0,0,0.0,19,8,11,1,1,0,
1297,Richard Sherman,32,SFO,LCB,5,5,1,18,0,18,1,0,0,0,0,0,0.0,18,16,2,1,0,0,
1298,Vita Vea,25,TAM,NT,5,5,0,0,0,0,0,0,0,0,0,0,2.0,10,6,4,3,3,0,
1299,Joe Flacco,35,NYJ,QB,5,4,0,0,0,0,0,0,1,1,-6,0,0.0,0,0,0,0,0,0,
1300,Greg Mabin,26,JAX,DB,5,4,0,0,0,0,3,0,0,0,0,0,0.0,21,20,1,0,0,0,
1301,Jalen Thompson,22,ARI,FS,5,4,0,0,0,0,1,0,0,0,0,0,0.0,19,16,3,0,0,0,
1302,Dennis Daley,24,CAR,T,5,3,0,0,0,0,0,0,0,1,0,0,0.0,0,0,0,0,0,0,
1303,Jordan Howard,26,MIA,RB,5,3,0,0,0,0,0,0,1,0,0,0,0.0,0,0,0,0,0,0,
1304,Ryan Lewis,26,NYG,DB,5,3,0,0,0,0,1,0,0,0,0,0,0.0,13,11,2,0,0,0,
1305,Dominique Dafney,23,GNB,TE,5,2,0,0,0,0,0,0,0,0,0,0,0.0,2,2,0,0,0,0,
1306,Dane Jackson,24,BUF,CB,5,2,1,6,0,6,5,0,0,1,0,0,0.0,15,13,2,1,0,0,
1307,Cameron Lewis,23,BUF,DB,5,2,0,0,0,0,0,0,0,0,0,0,0.0,7,5,2,0,0,0,
1308,Jake Butt,25,DEN,TE,5,1,0,0,0,0,0,0,0,0,0,0,0.0,1,1,0,0,0,0,
1309,D.J. Hayden,30,JAX,DB,5,1,0,0,0,0,1,0,0,0,0,0,0.0,18,15,3,1,1,0,
1310,Dante Pettis,25,SFO,WR,5,1,0,0,0,0,0,0,1,0,0,0,0.0,0,0,0,0,0,0,
1311,Otaro Alaka,24,BAL,LB,5,0,0,0,0,0,0,0,0,0,0,0,0.0,1,0,1,0,0,0,
1312,LeVante Bellamy,24,DEN,RB,5,0,0,0,0,0,0,0,0,0,0,0,0.0,2,2,0,0,0,0,
1313,Jordan Brailford,25,MIN,LB,5,0,0,0,0,0,0,1,0,1,0,0,0.0,2,2,0,0,1,0,
1314,T.J. Brunson,23,NYG,LB,5,0,0,0,0,0,0,0,0,0,0,0,0.0,3,2,1,0,0,0,
1315,Ibraheim Campbell,28,IND,DB,5,0,0,0,0,0,0,0,0,0,0,0,0.0,1,0,1,0,0,0,
1316,Noah Dawkins,23,NYJ,LB,5,0,0,0,0,0,0,0,0,0,0,0,0.0,1,1,0,0,0,0,
1317,Darrynton Evans,22,TEN,RB,5,0,0,0,0,0,0,0,0,0,0,0,0.0,1,1,0,0,0,0,
1318,Bennie Fowler,29,NOR,WR,5,0,0,0,0,0,0,0,0,1,0,0,0.0,1,1,0,0,0,0,
1319,Woodrow Hamilton,28,CAR,DT,5,0,0,0,0,0,0,0,0,1,0,0,0.0,3,2,1,0,0,0,
1320,Dontrell Hilliard,25,CLE,RB,5,0,0,0,0,0,0,0,0,0,0,0,0.0,1,1,0,0,0,0,
1321,Deon Lacey,30,BUF,LB,5,0,0,0,0,0,0,0,0,0,0,0,0.0,1,0,1,0,0,0,
1322,Cole Luke,25,WAS,DB,5,0,0,0,0,0,0,0,0,0,0,0,0.0,1,0,1,0,0,0,
1323,Kai Nacua,25,SFO,DB,5,0,0,0,0,0,0,0,0,0,0,0,0.0,1,1,0,0,0,0,
1324,Mark Nzeocha,30,SFO,LB,5,0,0,0,0,0,0,0,0,0,0,0,0.0,1,1,0,0,0,0,
1325,Kareem Orr,23,TEN,DB,5,0,0,0,0,0,0,0,0,1,8,0,0.0,7,5,2,0,0,0,
1326,Artavis Pierce,24,CHI,RB,5,0,0,0,0,0,0,0,0,0,0,0,0.0,2,1,1,0,0,0,
1327,Damion Ratley,25,NYG,WR,5,0,0,0,0,0,0,0,1,0,0,0,0.0,0,0,0,0,0,0,
1328,Reggie Robinson II,23,DAL,CB,5,0,0,0,0,0,0,1,0,0,0,0,0.0,1,1,0,0,0,0,
1329,Daniel Ross,27,2TM,DT,5,0,0,0,0,0,0,0,0,0,0,0,0.0,8,4,4,1,0,0,
1329,Daniel Ross,27,LVR,DT,3,0,0,0,0,0,0,0,0,0,0,0,0.0,5,3,2,0,0,0,
1329,Daniel Ross,27,JAX,DT,2,0,0,0,0,0,0,0,0,0,0,0,0.0,3,1,2,1,0,0,
1330,Deadrin Senat,26,ATL,DT,5,0,0,0,0,0,0,0,0,1,0,0,0.0,4,2,2,0,0,0,
1331,Dan Skipper,26,DET,T,5,0,0,0,0,0,0,0,0,0,0,0,0.0,1,0,1,0,0,0,
1332,Chris Streveler,25,ARI,QB,5,0,0,0,0,0,0,0,1,0,0,0,0.0,0,0,0,0,0,0,
1333,Chad Wheeler,26,SEA,C,5,0,0,0,0,0,0,0,0,1,0,0,0.0,0,0,0,0,0,0,
1334,Jonathan Williams,26,DET,RB,5,0,0,0,0,0,0,0,1,0,0,0,0.0,0,0,0,0,0,0,
1335,Kyle Allen,24,WAS,QB,4,4,0,0,0,0,0,0,1,0,0,0,0.0,0,0,0,0,0,0,
1336,Damontae Kazee,27,ATL,DB,4,4,0,0,0,0,0,1,0,0,0,0,0.0,20,17,3,0,0,0,
1337,Takkarist McKinley,25,ATL,DE,4,4,0,0,0,0,1,0,0,0,0,0,1.0,8,5,3,1,7,0,
1338,Benardrick McKinney,28,HOU,LB,4,4,0,0,0,0,1,0,0,0,0,0,0.0,37,19,18,1,0,0,
1339,Rashard Robinson,25,DAL,DB,4,3,0,0,0,0,0,0,0,0,0,0,0.0,20,13,7,0,0,0,
1340,Oshane Ximines,24,NYG,DE,4,3,0,0,0,0,0,0,0,0,0,0,0.0,5,4,1,1,3,0,
1341,Robert Foster,26,WAS,WR,4,2,0,0,0,0,0,0,0,0,0,0,0.0,1,0,1,0,0,0,
1342,Darius Harris,24,KAN,LB,4,2,0,0,0,0,1,0,0,1,15,0,0.0,14,11,3,0,0,0,
1343,Trent Harris,25,NYG,DT,4,2,0,0,0,0,0,0,0,0,0,0,0.5,5,1,4,0,1,0,
1344,Holton Hill,23,MIN,DB,4,2,0,0,0,0,3,0,0,0,0,0,1.0,24,19,5,0,0,0,
1345,Mike Hughes,23,MIN,DB,4,2,0,0,0,0,1,0,0,0,0,0,0.0,13,9,4,0,0,0,
1346,Colt McCoy,34,NYG,QB,4,2,0,0,0,0,0,0,1,0,0,0,0.0,0,0,0,0,0,0,
1347,Tuzar Skipper,25,TEN,LB,4,2,0,0,0,0,0,0,0,0,0,0,0.0,5,4,1,0,0,0,
1348,Terrell Bonds,24,BAL,DB,4,1,0,0,0,0,0,0,0,0,0,0,0.0,6,6,0,0,0,0,
1349,Blake Cashman,24,NYJ,LB,4,1,0,0,0,0,0,0,0,0,0,0,0.0,6,4,2,0,0,0,
1350,Robert Griffin III,30,BAL,QB,4,1,0,0,0,0,0,0,1,0,0,0,0.0,0,0,0,0,0,0,
1351,Blake Lynch,23,MIN,LB,4,1,0,0,0,0,1,0,0,0,0,0,0.0,12,8,4,0,0,0,
1352,Netane Muti,21,DEN,G,4,1,0,0,0,0,0,0,0,0,0,0,0.0,1,1,0,0,0,0,
1353,Wyatt Ray,24,TEN,LB,4,1,0,0,0,0,0,0,0,0,0,0,1.0,2,2,0,1,1,0,
1354,P.J. Walker,25,CAR,QB,4,1,0,0,0,0,0,0,1,1,-1,0,0.0,0,0,0,0,0,0,
1355,Tavon Austin,30,GNB,WR,4,0,0,0,0,0,0,0,1,0,0,0,0.0,0,0,0,0,0,0,
1356,Joe Bachie,22,PHI,LB,4,0,0,0,0,0,0,0,0,0,0,0,0.0,2,1,1,0,0,0,
1357,Antoine Brooks Jr.,23,PIT,S,4,0,0,0,0,0,0,0,0,0,0,0,0.0,2,1,1,0,0,0,
1358,James Burgess,26,GNB,LB,4,0,0,0,0,0,0,0,0,0,0,0,0.0,3,3,0,0,0,0,
1359,Deante Burton,26,DAL,WR,4,0,0,0,0,0,0,0,0,0,0,0,0.0,3,2,1,0,0,0,
1360,Cole Christiansen,23,LAC,LB,4,0,0,0,0,0,0,0,0,0,0,0,0.0,2,1,1,0,0,0,
1361,Johnathan Cyprien,30,SFO,DB,4,0,0,0,0,0,0,1,0,0,0,0,0.0,2,1,1,0,0,0,
1362,Darrion Daniels,23,SFO,DT,4,0,0,0,0,0,0,0,0,0,0,0,0.0,4,2,2,0,0,0,
1363,Sheldon Day,26,IND,DT,4,0,0,0,0,0,1,0,0,0,0,0,0.0,2,1,1,0,0,0,
1364,Seth Devalve,27,ARI,TE,4,0,0,0,0,0,0,0,0,1,0,0,0.0,1,1,0,0,0,0,
1365,Mark Fields II,24,2TM,DB,4,0,0,0,0,0,0,0,0,0,0,0,0.0,2,2,0,0,0,0,
1365,Mark Fields II,24,MIN,DB,2,0,0,0,0,0,0,0,0,0,0,0,0.0,1,1,0,0,0,0,
1365,Mark Fields II,24,HOU,DB,2,0,0,0,0,0,0,0,0,0,0,0,0.0,1,1,0,0,0,0,
1366,Blaine Gabbert,31,TAM,QB,4,0,0,0,0,0,0,0,1,1,0,0,0.0,0,0,0,0,0,0,
1367,Ulysees Gilbert,23,PIT,LB,4,0,0,0,0,0,0,0,0,0,0,0,0.0,5,3,2,0,0,0,
1368,Frank Herron,26,DET,DT,4,0,0,0,0,0,1,0,0,0,0,0,0.0,5,4,1,1,0,0,
1369,George Iloka,30,MIN,DB,4,0,0,0,0,0,0,0,0,0,0,0,0.0,6,5,1,1,0,0,
1370,Bennett Jackson,29,NYJ,DB,4,0,0,0,0,0,0,0,0,0,0,0,0.0,1,1,0,0,0,0,
1371,Craig James,24,PHI,DB,4,0,0,0,0,0,0,0,0,1,0,0,0.0,2,2,0,0,0,0,
1372,Herb Miller,23,TAM,DB,4,0,1,2,0,2,1,0,0,0,0,0,0.0,5,5,0,0,0,0,
1373,Anthony Rush,24,SEA,DT,4,0,0,0,0,0,0,0,0,0,0,0,0.5,5,1,4,0,1,0,
1374,Javin White,23,LVR,LB,4,0,0,0,0,0,0,0,0,0,0,0,0.0,4,3,1,1,0,0,
1375,Jace Whittaker,25,ARI,DB,4,0,0,0,0,0,0,0,0,0,0,0,0.0,4,4,0,0,0,0,
1376,Eddie Yarbrough,27,MIN,DE,4,0,0,0,0,0,0,0,0,0,0,0,0.0,8,5,3,0,1,0,
1377,Jurrell Casey,31,DEN,DT,3,3,0,0,0,0,3,0,0,0,0,0,0.0,14,7,7,1,2,0,
1378,Jake Luton,24,JAX,QB,3,3,0,0,0,0,0,0,2,1,0,0,0.0,0,0,0,0,0,0,
1379,Kawann Short,31,CAR,DT,3,3,0,0,0,0,0,0,0,0,0,0,0.0,6,3,3,0,1,0,
1380,Adoree' Jackson,25,TEN,DB,3,2,0,0,0,0,0,0,0,0,0,0,0.0,12,9,3,0,0,0,
1381,Leon Jacobs,25,JAX,LB,3,2,0,0,0,0,0,0,0,0,0,0,0.0,3,3,0,1,0,0,
1382,Josh Mauro,29,ARI,DE,3,2,0,0,0,0,0,0,0,0,0,0,1.0,5,3,2,1,1,0,
1383,Luq Barcoo,22,JAX,CB,3,1,0,0,0,0,1,0,0,0,0,0,0.0,10,7,3,1,0,0,
1384,Carl Davis,28,NWE,DT,3,1,0,0,0,0,0,0,0,0,0,0,0.0,3,3,0,1,0,0,
1385,Ben DiNucci,24,DAL,QB,3,1,0,0,0,0,0,0,4,0,-9,0,0.0,0,0,0,0,0,0,
1386,Charlie Heck,24,HOU,T,3,1,0,0,0,0,0,0,1,0,0,0,0.0,0,0,0,0,0,0,
1387,Chad Henne,35,KAN,QB,3,1,0,0,0,0,0,0,2,1,-1,0,0.0,0,0,0,0,0,0,
1388,Brett Rypien,24,DEN,QB,3,1,0,0,0,0,0,0,1,0,0,0,0.0,0,0,0,0,0,0,
1389,Khalen Saunders,24,KAN,DT,3,1,0,0,0,0,0,0,0,0,0,0,0.0,3,3,0,0,0,0,
1390,Jaylen Watkins,29,LAC,DB,3,1,0,0,0,0,0,0,0,0,0,0,0.0,8,8,0,0,0,0,
1391,Quincy Wilson,24,NYJ,DB,3,1,0,0,0,0,0,0,0,0,0,0,0.0,1,1,0,1,0,0,
1392,Auzoyah Alufohai,24,HOU,DT,3,0,0,0,0,0,0,0,0,0,0,0,0.0,1,0,1,0,0,0,
1393,Rashod Berry,24,NWE,TE,3,0,0,0,0,0,0,0,0,0,0,0,0.0,1,1,0,0,0,0,
1394,Brandon Carr,34,DAL,DB,3,0,0,0,0,0,0,0,0,0,0,0,0.0,1,1,0,0,0,0,
1395,Ron'Dell Carter,23,DAL,DE,3,0,0,0,0,0,0,0,0,0,0,0,0.0,1,0,1,0,0,0,
1396,Sean Chandler,24,NYG,DB,3,0,0,0,0,0,0,0,0,0,0,0,0.0,1,1,0,0,0,0,
1397,Anthony Chesley,25,HOU,DB,3,0,0,0,0,0,0,0,0,0,0,0,0.0,1,1,0,0,0,0,
1398,Xavier Crawford,25,CHI,DB,3,0,0,0,0,0,0,0,0,0,0,0,0.0,4,2,2,0,0,0,
1399,Michael Dogbe,24,ARI,DE,3,0,0,0,0,0,0,0,0,0,0,0,1.0,1,1,0,1,1,0,
1400,Sharif Finch,25,NYJ,LB,3,0,0,0,0,0,0,0,0,0,0,0,0.0,1,0,1,0,0,0,
1401,Dwayne Harris,33,CHI,WR,3,0,0,0,0,0,0,0,1,0,0,0,0.0,0,0,0,0,0,0,
1402,J.T. Hassell,25,NYJ,LB,3,0,0,0,0,0,0,0,0,0,0,0,0.0,1,1,0,0,0,0,
1403,Nate Holley,26,MIA,DB,3,0,0,0,0,0,0,0,0,0,0,0,0.0,3,2,1,0,0,0,
1404,Matthew Ioannidis,26,WAS,DT,3,0,0,0,0,0,0,0,0,0,0,0,1.5,7,5,2,2,4,0,
1405,Joe Jackson,24,CLE,DE,3,0,0,0,0,0,0,0,0,1,0,0,0.0,5,2,3,0,0,0,
1406,Timmy Jernigan,28,JAX,DT,3,0,0,0,0,0,0,0,0,0,0,0,0.0,1,0,1,0,1,0,
1407,Jeremiah Ledbetter,26,TAM,DE,3,0,0,0,0,0,0,0,0,0,0,0,1.0,3,2,1,1,2,0,
1408,Dylan Mabin,23,MIN,DB,3,0,0,0,0,0,0,0,0,0,0,0,0.0,2,1,1,0,0,0,
1409,Daniel McCullers,28,CHI,DT,3,0,0,0,0,0,0,0,0,0,0,0,0.0,8,3,5,0,0,0,
1410,Chris Moore,27,BAL,WR,3,0,0,0,0,0,0,0,0,0,0,0,0.0,2,2,0,0,0,0,
1411,Kyle Nelson,34,SFO,LS,3,0,0,0,0,0,0,0,0,0,0,0,0.0,1,1,0,0,0,0,
1412,Nate Orchard,27,WAS,DE,3,0,0,0,0,0,0,0,0,0,0,0,0.0,2,0,2,0,0,0,
1413,Joe Ostman,25,PHI,DE,3,0,0,0,0,0,0,0,0,0,0,0,0.0,1,1,0,0,0,0,
1414,Tanzel Smart,26,NYJ,DT,3,0,0,0,0,0,0,0,0,0,0,0,0.0,3,2,1,0,0,0,
1415,Terrance Smith,27,ARI,LB,3,0,0,0,0,0,0,0,0,0,0,0,0.0,2,0,2,0,0,0,
1416,Neiko Thorpe,30,SEA,DB,3,0,0,0,0,0,0,0,0,0,0,0,0.0,1,1,0,0,0,0,
1417,T.J. Yeldon,27,BUF,RB,3,0,0,0,0,0,0,0,1,1,0,0,0.0,0,0,0,0,0,0,
1418,Anthony Barr,28,MIN,LB,2,2,0,0,0,0,0,0,0,0,0,0,0.0,6,6,0,0,0,0,
1419,Nick Bosa,23,SFO,DE,2,2,0,0,0,0,0,1,0,0,0,0,0.0,6,3,3,0,1,0,
1420,Malik Hooker,24,IND,DB,2,2,0,0,0,0,0,0,0,0,0,0,0.0,7,5,2,0,0,0,
1421,Bruce Irvin,33,SEA,LB,2,2,0,0,0,0,0,0,0,0,0,0,0.0,5,4,1,1,3,0,
1422,Solomon Thomas,25,SFO,DE,2,2,0,0,0,0,0,0,0,0,0,0,0.0,2,0,2,0,0,0,
1423,Deandre Baker,23,KAN,DB,2,1,0,0,0,0,1,0,0,0,0,0,1.0,5,4,1,1,1,0,
1424,Parnell Motley,23,DEN,CB,2,1,0,0,0,0,1,0,0,1,5,0,0.0,8,5,3,0,0,0,
1425,Alec Ogletree,29,NYJ,LB,2,1,0,0,0,0,0,0,0,0,0,0,0.0,3,3,0,3,0,0,
1426,Brooks Reed,33,TEN,LB,2,1,0,0,0,0,0,0,0,0,0,0,1.0,4,3,1,1,1,0,
1427,Cordrea Tankersley,27,MIN,DB,2,1,0,0,0,0,0,0,0,0,0,0,0.0,2,2,0,0,0,0,
1428,Freedom Akinmoladun,24,CIN,DE,2,0,0,0,0,0,0,0,0,0,0,0,0.0,2,1,1,0,0,0,
1429,Eli Apple,25,CAR,DB,2,0,0,0,0,0,0,0,0,0,0,0,0.0,4,3,1,0,0,0,
1430,Marquise Blair,23,SEA,DB,2,0,0,0,0,0,0,1,0,0,0,0,0.0,8,5,3,0,0,0,
1431,Reggie Bonnafon,24,CAR,RB,2,0,0,0,0,0,0,0,0,0,0,0,0.0,1,1,0,0,0,0,
1432,Blake Countess,27,PHI,DB,2,0,0,0,0,0,0,0,0,0,0,0,0.0,3,3,0,0,0,0,
1433,Dane Cruikshank,25,TEN,DB,2,0,1,13,0,13,1,0,0,0,0,0,0.0,1,0,1,0,0,0,
1434,Khalil Davis,24,TAM,DT,2,0,0,0,0,0,0,0,0,0,0,0,0.0,2,1,1,0,2,0,
1435,Kai Forbath,33,LAR,K,2,0,0,0,0,0,0,0,0,0,0,0,0.0,1,1,0,0,0,0,
1436,Joe Gaziano,24,LAC,DE,2,0,0,0,0,0,0,0,0,0,0,0,0.0,1,0,1,0,1,0,
1437,Marcus Gilchrist,32,BAL,DB,2,0,0,0,0,0,0,0,0,0,0,0,0.0,3,3,0,0,0,0,
1438,Ryan Glasgow,27,NOR,DT,2,0,0,0,0,0,0,0,0,0,0,0,0.0,3,2,1,0,0,0,
1439,Nate Hairston,26,NYJ,DB,2,0,0,0,0,0,0,0,0,0,0,0,0.0,6,5,1,1,0,0,
1440,Tae Hayes,23,MIA,DB,2,0,0,0,0,0,0,0,0,0,0,0,0.0,3,2,1,0,0,0,
1441,Lano Hill,25,SEA,DB,2,0,0,0,0,0,0,0,0,0,0,0,0.0,10,8,2,1,0,0,
1442,Tyler Huntley,22,BAL,QB,2,0,0,0,0,0,0,0,0,1,0,0,0.0,0,0,0,0,0,0,
1443,David Irving,27,LVR,DT,2,0,0,0,0,0,0,0,0,0,0,0,0.0,4,2,2,0,0,0,
1444,Ty Johnson,23,DET,RB,2,0,0,0,0,0,0,0,0,0,0,0,0.0,1,0,1,0,0,0,
1445,Clay Johnston,24,CAR,LB,2,0,0,0,0,0,0,0,0,0,0,0,0.0,1,0,1,0,0,0,
1446,Keandre Jones,23,CIN,LB,2,0,0,0,0,0,0,0,0,0,0,0,0.0,1,0,1,0,0,0,
1447,Darron Lee,26,BUF,LB,2,0,0,0,0,0,0,0,0,0,0,0,0.0,1,1,0,0,0,0,
1448,Cameron Malveaux,26,CLE,DE,2,0,0,0,0,0,0,1,0,0,0,0,0.0,4,4,0,0,0,0,
1449,Jared Mayden,22,SFO,S,2,0,0,0,0,0,0,0,0,0,0,0,0.0,1,1,0,0,0,0,
1450,Bobby Price,22,DET,DB,2,0,0,0,0,0,0,0,0,0,0,0,0.0,1,1,0,0,0,0,
1451,Stanford Samuels,21,GNB,CB,2,0,0,0,0,0,0,0,0,0,0,0,0.0,3,3,0,0,0,0,
1452,Kevon Seymour,27,PHI,DB,2,0,0,0,0,0,0,0,0,0,0,0,0.0,8,6,2,0,0,0,
1453,Brady Sheldon,27,NYJ,LB,2,0,0,0,0,0,0,0,0,0,0,0,0.0,1,0,1,0,0,0,
1454,Rashad Smith,23,PHI,LB,2,0,0,0,0,0,0,0,0,0,0,0,0.0,3,2,1,0,0,0,
1455,Josh Thomas,24,BUF,DB,2,0,0,0,0,0,0,0,0,0,0,0,0.0,1,1,0,0,0,0,
1456,Kevin Toliver,25,DEN,DB,2,0,0,0,0,0,0,0,0,0,0,0,0.0,3,2,1,0,0,0,
1457,Dee Virgin,27,DET,DB,2,0,0,0,0,0,0,0,0,0,0,0,0.0,1,1,0,0,0,0,
1458,Joe Webb,34,NYG,WR,2,0,0,0,0,0,0,0,0,0,0,0,0.0,1,1,0,0,0,0,
1459,Dede Westbrook,27,JAX,WR,2,0,0,0,0,0,0,0,1,0,0,0,0.0,0,0,0,0,0,0,
1460,Chris Westry,23,DAL,DB,2,0,0,0,0,0,0,0,0,0,0,0,0.0,1,1,0,0,0,0,
1461,Jarren Williams,23,NYG,CB,2,0,0,0,0,0,0,0,0,0,0,0,0.0,1,0,1,0,0,0,
1462,Trevor Williams,27,PHI,DB,2,0,0,0,0,0,1,0,0,0,0,0,0.0,3,2,1,0,0,0,
1463,Robert Windsor,23,IND,DT,2,0,0,0,0,0,0,0,0,0,0,0,0.0,2,2,0,0,0,0,
1464,Tavon Young,26,BAL,DB,2,0,0,0,0,0,0,0,0,0,0,0,0.0,2,2,0,0,0,0,
1465,Brian Allen,27,SFO,DB,1,1,0,0,0,0,0,0,0,0,0,0,0.0,3,3,0,0,0,0,
1466,Brian Hoyer,35,NWE,QB,1,1,0,0,0,0,0,0,1,0,0,0,0.0,0,0,0,0,0,0,
1467,Kevin Rader,25,PIT,TE,1,1,0,0,0,0,0,0,0,0,0,0,0.0,3,2,1,0,0,0,
1468,Drue Tranquill,25,LAC,LB,1,1,0,0,0,0,0,0,0,0,0,0,0.0,1,1,0,0,0,0,
1469,Tim Ward,23,KAN,DE,1,1,0,0,0,0,0,0,0,0,0,0,1.0,5,5,0,1,2,0,
1470,Tramaine Brock,32,DET,DB,1,0,0,0,0,0,0,0,0,0,0,0,0.0,5,5,0,0,0,0,
1471,Brandin Bryant,27,BUF,DT,1,0,0,0,0,0,0,0,0,0,0,0,0.0,1,1,0,0,0,0,
1472,Jamal Carter,26,ATL,DB,1,0,0,0,0,0,0,0,0,0,0,0,0.0,5,4,1,0,0,0,
1473,Kameron Cline,22,IND,DT,1,0,0,0,0,0,0,0,0,0,0,0,0.0,2,1,1,0,0,0,
1474,Omari Cobb,23,KAN,LB,1,0,0,0,0,0,0,0,0,0,0,0,0.0,1,1,0,0,0,0,
1475,Matt Cole,24,SFO,WR,1,0,0,0,0,0,0,0,0,0,0,0,0.0,2,1,1,0,0,0,
1476,Marquise Copeland,23,LAR,DT,1,0,0,0,0,0,0,0,0,0,0,0,0.0,1,1,0,0,0,0,
1477,Bryan Cox Jr.,26,BUF,DE,1,0,0,0,0,0,0,0,0,0,0,0,0.0,1,1,0,0,0,0,
1478,Aaron Crawford,23,BAL,DT,1,0,0,0,0,0,0,0,0,0,0,0,0.0,1,0,1,0,0,0,
1479,Dee Ford,29,SFO,LB,1,0,0,0,0,0,0,0,0,0,0,0,0.0,3,1,2,0,0,0,
1480,Grant Haley,24,NOR,DB,1,0,1,0,0,0,1,0,0,0,0,0,0.0,6,5,1,0,1,0,
1481,Demone Harris,25,KAN,DE,1,0,0,0,0,0,0,0,0,0,0,0,0.0,3,1,2,0,0,0,
1482,Michael Jackson,23,NWE,DB,1,0,0,0,0,0,0,0,0,0,0,0,0.0,1,1,0,0,0,0,
1483,Datone Jones,30,LVR,DE,1,0,0,0,0,0,0,0,0,0,0,0,0.0,2,2,0,0,0,0,
1484,Devaroe Lawrence,28,WAS,DT,1,0,0,0,0,0,0,0,0,0,0,0,0.0,1,1,0,0,0,0,
1485,Mike Love,26,BUF,DE,1,0,0,0,0,0,0,0,0,0,0,0,0.0,2,2,0,1,0,0,
1486,Jordan Miller,23,ATL,DB,1,0,0,0,0,0,0,0,0,0,0,0,0.0,1,1,0,0,0,0,
1487,Alexander Myres,24,DET,DB,1,0,0,0,0,0,1,0,0,0,0,0,0.0,5,5,0,0,0,0,
1488,Walter Palmore,24,DAL,DT,1,0,0,0,0,0,0,0,0,0,0,0,0.0,1,0,1,0,1,0,
1489,Geno Smith,30,SEA,QB,1,0,0,0,0,0,0,0,1,0,-6,0,0.0,0,0,0,0,0,0,
1490,Nate Sudfeld,27,PHI,QB,1,0,0,0,0,0,0,0,1,0,-4,0,0.0,0,0,0,0,0,0,
1491,Stephen Sullivan,24,SEA,TE,1,0,0,0,0,0,0,0,0,0,0,0,0.0,1,0,1,0,0,0,
1492,Pita Taumoepenu,26,ATL,LB,1,0,0,0,0,0,0,0,0,0,0,0,0.0,2,2,0,0,0,0,
1493,Eric Tomlinson,28,NYG,TE,1,0,0,0,0,0,0,0,0,0,0,0,0.0,1,1,0,0,0,0,
1494,Reggie Walker,24,ARI,LB,1,0,0,0,0,0,0,0,0,0,0,0,0.0,1,1,0,0,0,0,
