Player ID,Player,Age,Team,Pos,G,GS,Int,Yds,IntTD,Lng,PD,FF,Fmb,FR,Yds.1,FRTD,Sk,Comb,Solo,Ast,TFL,QBHits,Sfty
,Jonathan Allen,25,WAS,RDT,16,16,0,0,0,0,0,0,0,1,0,0,2.0,63,36,27,3,14,1
135964.0,Josh Allen,24,BUF,QB,16,16,0,0,0,0,0,0,9,1,-2,0,0.0,0,0,0,0,0,0
518190.0,Adrian Amos,27,GNB,SS,16,16,2,47,0,24,9,0,0,0,0,0,2.0,83,65,18,4,3,0
,Arik Armstead,27,SFO,LDE,16,16,0,0,0,0,3,0,0,0,0,0,3.5,49,29,20,6,13,0
3919512.0,Jessie Bates III,23,CIN,FS,16,16,3,12,0,12,15,1,0,0,0,0,0.0,109,78,31,2,1,0
,Kelvin Beachum,31,ARI,RT,16,16,0,0,0,0,0,0,0,1,0,0,0.0,0,0,0,0,0,0
549807.0,Vonn Bell,26,CIN,SS,16,16,0,0,0,0,5,3,0,2,65,0,0.0,114,67,47,3,4,0
,Joel Bitonio,29,CLE,LG,16,16,0,0,0,0,0,0,0,0,0,0,0.0,1,1,0,0,0,0
500892.0,Tre Boston,28,CAR,FS,16,16,1,0,0,0,4,1,0,2,0,0,1.0,95,61,34,3,2,0
,Bradley Bozeman,26,BAL,LG,16,16,0,0,0,0,0,0,0,1,0,0,0.0,0,0,0,0,0,0
3116729.0,Garrett Bradbury,25,MIN,C,16,16,0,0,0,0,0,0,1,2,-12,0,0.0,0,0,0,0,0,0
,Tom Brady,43,TAM,QB,16,16,0,0,0,0,0,0,4,3,-6,0,0.0,0,0,0,0,0,0
,Malcolm Butler,30,TEN,RCB,16,16,4,111,0,68,14,0,0,0,0,0,0.0,100,86,14,1,0,0
512368.0,Kevin Byard,27,TEN,FS,16,16,1,0,0,0,7,1,0,0,0,0,0.0,111,79,32,1,1,0
238241.0,Josh Bynes,31,CIN,LLB,16,16,0,0,0,0,2,0,0,1,0,0,1.0,99,53,46,5,2,0
545451.0,De'Vondre Campbell,27,ARI,LILB,16,16,0,0,0,0,3,1,0,0,0,0,2.0,99,69,30,7,2,0
484080.0,Derek Carr,29,LVR,QB,16,16,0,0,0,0,0,0,11,0,-6,0,0.0,0,0,0,0,0,0
,Robbie Chosen,27,CAR,WR,16,16,0,0,0,0,0,0,1,0,0,0,0.0,0,0,0,0,0,0
547019.0,Chuck Clark,25,BAL,SS,16,16,1,0,0,0,4,2,1,3,66,1,1.5,96,57,39,3,4,0
3116449.0,L.J. Collier,25,SEA,DE,16,16,0,0,0,0,2,0,0,0,0,0,3.0,22,16,6,4,7,0
552068.0,Austin Corbett,25,LAR,RG,16,16,0,0,0,0,0,0,0,1,0,0,0.0,0,0,0,0,0,0
238910.0,Kirk Cousins,32,MIN,QB,16,16,0,0,0,0,0,0,9,1,-1,0,0.0,0,0,0,0,0,0
3916655.0,Maxx Crosby,23,LVR,RDE,16,16,0,0,0,0,1,0,0,1,0,0,7.0,39,20,19,14,13,0
549972.0,Zach Cunningham,26,HOU,LILB,16,16,0,0,0,0,2,1,0,0,0,0,3.0,164,106,58,7,4,0
,Lloyd Cushenberry III,23,DEN,C,16,16,0,0,0,0,0,0,2,1,-7,0,0.0,0,0,0,0,0,0
530289.0,Ronald Darby,26,WAS,RCB/LCB,16,16,0,0,0,0,16,0,0,1,0,0,0.0,55,43,12,1,0,0
501847.0,Lavonte David,30,TAM,RILB,16,16,1,-5,0,-5,6,3,0,2,0,0,1.5,117,82,35,12,3,0
237801.0,Demario Davis,31,NOR,MLB,16,16,0,0,0,0,5,0,0,0,0,0,4.0,119,73,46,10,12,0
549775.0,Dion Dawkins,26,BUF,LT,16,16,0,0,0,0,0,0,0,1,0,0,0.0,0,0,0,0,0,0
511265.0,Quandre Diggs,27,SEA,FS,16,16,5,57,0,32,10,0,0,0,0,0,0.0,64,42,22,0,0,0
,Aaron Donald,29,LAR,DT,16,16,0,0,0,0,1,4,0,1,0,0,13.5,45,27,18,14,28,0
3929846.0,DeShon Elliott,23,BAL,FS,16,16,0,0,0,0,4,2,0,0,0,0,2.5,80,51,29,3,5,0
3126349.0,Rashaan Evans,25,TEN,LILB,16,16,0,0,0,0,5,0,0,1,25,0,0.5,96,59,37,1,4,0
3925345.0,Minkah Fitzpatrick,24,PIT,FS,16,16,4,77,1,37,11,1,0,1,-1,0,0.0,79,60,19,1,0,0
,Leonard Floyd,28,LAR,ROLB,16,16,0,0,0,0,1,1,0,2,0,0,10.5,55,31,24,11,19,0
3125114.0,Poona Ford,25,SEA,NT,16,16,0,0,0,0,0,1,0,0,0,0,2.0,40,25,15,8,9,0
501214.0,Kyle Fuller,28,CHI,LCB,16,16,1,5,0,5,8,1,0,0,0,0,0.0,65,52,13,0,0,0
378713.0,Tashaun Gipson,30,CHI,SS,16,16,2,10,0,9,7,0,0,1,0,0,0.0,66,48,18,0,0,0
191442.0,Brandon Graham,32,PHI,RDE,16,16,0,0,0,0,0,2,0,1,0,0,8.0,46,35,11,13,16,0
232120.0,Rob Gronkowski,31,TAM,TE,16,16,0,0,0,0,0,0,1,0,0,0,0.0,0,0,0,0,0,0
,Johnathan Hankins,28,LVR,LDT,16,16,0,0,0,0,0,0,0,1,0,0,1.0,48,27,21,1,4,0
551319.0,Vernon Hargreaves III,25,HOU,RCB,16,16,1,0,0,0,7,0,0,0,0,0,0.0,72,61,11,1,0,0
483118.0,Duron Harmon,29,DET,FS,16,16,2,22,0,21,5,0,0,0,0,0,0.0,73,54,19,0,1,0
,Anthony Harris,29,MIN,FS,16,16,0,0,0,0,7,0,0,0,0,0,0.0,104,58,46,2,0,0
,Rob Havenstein,28,LAR,RT,16,16,0,0,0,0,0,0,0,1,0,0,0.0,0,0,0,0,0,0
232295.0,Derrick Henry,26,TEN,RB,16,16,0,0,0,0,0,0,3,1,0,0,0.0,0,0,0,0,0,0
552674.0,Neville Hewitt,27,NYJ,RILB,16,16,0,0,0,0,4,1,0,1,17,0,2.0,134,91,43,6,4,0
501935.0,Jordan Hicks,28,ARI,RILB,16,16,1,6,0,6,4,0,0,0,0,0,0.0,118,78,40,11,1,0
504595.0,Troy Hill,29,LAR,LCB,16,16,3,119,2,84,10,1,0,2,20,1,0.0,77,55,22,1,0,0
4036133.0,T.J. Hockenson,23,DET,TE,16,16,0,0,0,0,0,0,1,0,0,0,0.0,0,0,0,0,0,0
501689.0,DeAndre Hopkins,28,ARI,WR,16,16,0,0,0,0,0,0,3,0,0,0,0.0,0,0,0,0,0,0
,Justin Houston,31,IND,LDE,16,16,0,0,0,0,0,1,0,2,0,0,8.0,25,19,6,8,12,2
535503.0,Xavien Howard,27,MIA,RCB,16,16,10,77,0,29,20,1,0,0,0,0,0.0,51,40,11,1,0,0
238347.0,Rodney Hudson,31,LVR,C,16,16,0,0,0,0,0,0,0,1,0,0,0.0,0,0,0,0,0,0
,Eddie Jackson,27,CHI,FS,16,16,0,0,0,0,5,3,0,1,8,1,0.0,82,63,19,1,0,0
237207.0,Kareem Jackson,32,DEN,SS,16,16,1,13,0,13,4,0,0,2,2,0,0.0,89,67,22,1,0,0
,Grady Jarrett,27,ATL,LDT,16,16,0,0,0,0,0,0,0,1,0,0,4.0,52,27,25,8,21,0
173998.0,Malcolm Jenkins,33,NOR,SS,16,16,3,58,0,48,10,1,0,1,0,0,2.5,91,69,22,7,6,0
,Ryan Jensen,29,TAM,C,16,16,0,0,0,0,0,0,1,0,0,0,0.0,0,0,0,0,0,0
545427.0,Josey Jewell,26,DEN,RILB,16,16,0,0,0,0,4,0,0,0,0,0,2.0,113,67,46,5,5,0
,Alexander Johnson,29,DEN,LILB,16,16,0,0,0,0,2,2,0,0,0,0,1.0,124,72,52,4,5,0
,Jaleel Johnson,26,MIN,RDT,16,16,0,0,0,0,0,0,0,0,0,0,1.5,44,22,22,3,2,0
158481.0,John Johnson,25,LAR,FS,16,16,1,0,0,0,8,0,0,0,0,0,0.0,105,73,32,2,0,0
,DaQuan Jones,29,TEN,NT,16,16,0,0,0,0,0,1,0,0,0,0,2.0,49,29,20,4,6,0
534432.0,Deion Jones,26,ATL,LLB,16,16,2,84,1,67,6,1,0,1,0,0,4.5,106,73,33,9,10,0
238235.0,Cameron Jordan,31,NOR,LDE,16,16,0,0,0,0,3,1,0,0,0,0,7.5,51,34,17,11,16,0
238495.0,Linval Joseph,32,LAC,RDT,16,16,0,0,0,0,0,0,0,0,0,0,0.0,62,33,29,3,2,0
,Sebastian Joseph-Day,25,LAR,NT,16,16,0,0,0,0,3,1,0,0,0,0,1.0,55,35,20,1,4,0
,Ted Karras,27,MIA,C,16,16,0,0,0,0,0,0,2,0,0,0,0.0,0,0,0,0,0,0
,Jason Kelce,33,PHI,C,16,16,0,0,0,0,0,0,1,2,0,0,0.0,0,0,0,0,0,0
,Dennis Kelly,30,TEN,RT,16,16,0,0,0,0,0,0,0,1,0,0,0.0,0,0,0,0,0,0
3122793.0,Harold Landry,24,TEN,ROLB,16,16,1,0,0,0,5,0,0,0,0,0,5.5,69,46,23,10,16,0
483473.0,Charles Leno Jr.,29,CHI,LT,16,16,0,0,0,0,0,0,0,1,0,0,0.0,0,0,0,0,0,0
515181.0,Tyler Lockett,28,SEA,WR,16,16,0,0,0,0,0,0,1,0,0,0,0.0,0,0,0,0,0,0
533317.0,Dean Lowry,26,GNB,LDE,16,16,0,0,0,0,2,0,0,0,0,0,3.0,36,14,22,2,4,0
482263.0,Khalil Mack,29,CHI,LOLB,16,16,1,33,0,33,3,3,0,2,0,0,9.0,50,29,21,11,13,1
535291.0,Blake Martinez,26,NYG,LILB,16,16,1,2,0,2,5,2,0,1,0,0,3.0,151,86,65,9,6,0
535922.0,Marcus Maye,27,NYJ,FS,16,16,2,0,0,0,11,2,0,1,0,0,2.0,88,52,36,4,2,0
550373.0,Baker Mayfield,25,CLE,QB,16,16,0,0,0,0,0,0,8,2,-15,0,0.0,0,0,0,0,0,0
176928.0,Devin McCourty,33,NWE,FS,16,16,2,62,1,43,6,0,0,0,0,0,0.0,68,45,23,2,0,0
3917331.0,Erik McCoy,23,NOR,C,16,16,0,0,0,0,0,0,1,0,0,0,0.0,0,0,0,0,0,0
4033748.0,Connor McGovern,27,NYJ,C,16,16,0,0,0,0,0,0,0,1,0,0,0.0,0,0,0,0,0,0
4047650.0,D.K. Metcalf,23,SEA,WR,16,16,0,0,0,0,0,0,1,0,0,0,0.0,0,0,0,0,0,0
504762.0,Terrance Mitchell,28,CLE,RCB,16,16,0,0,0,0,13,3,0,0,0,0,0.0,65,54,11,2,0,0
4035458.0,Trayvon Mullen,23,LVR,LCB/RCB,16,16,2,0,0,0,14,0,0,0,0,0,0.0,64,56,8,2,0,0
4241394.0,Kenneth Murray,22,LAC,RLB,16,16,0,0,0,0,3,0,0,0,0,0,1.0,107,68,39,5,1,0
3917315.0,Kyler Murray,23,ARI,QB,16,16,0,0,0,0,0,0,9,2,-3,0,0.0,0,0,0,0,0,0
3117922.0,Bilal Nichols,24,CHI,NT,16,16,1,7,0,7,3,0,0,0,0,0,5.0,40,16,24,7,13,0
4039303.0,Ed Oliver,23,BUF,RDT,16,16,0,0,0,0,3,1,0,0,0,0,3.0,33,23,10,6,6,0
,Michael Onwenu,23,NWE,RT,16,16,0,0,0,0,0,0,0,2,0,0,0.0,0,0,0,0,0,0
,Daron Payne,23,WAS,LDT,16,16,1,0,0,0,4,3,0,1,0,0,3.0,54,27,27,7,8,0
382702.0,Patrick Peterson,30,ARI,LCB,16,16,3,7,0,7,8,0,0,0,0,0,0.0,61,52,9,0,0,0
501559.0,Adrian Phillips,28,NWE,SS,16,16,2,5,0,5,4,0,0,0,0,0,1.0,109,76,33,7,1,0
482895.0,Jason Pierre-Paul,31,TAM,LOLB,16,16,2,15,0,15,6,4,0,2,0,0,9.5,55,34,21,7,14,0
482550.0,Jordan Poyer,29,BUF,SS,16,16,2,14,0,14,5,2,0,0,0,0,2.0,124,91,33,4,4,0
4242207.0,Patrick Queen,21,BAL,LILB,16,16,1,0,0,0,2,2,0,2,53,1,3.0,106,66,40,9,10,0
,Jarran Reed,28,SEA,DT,16,16,0,0,0,0,1,1,0,0,0,0,6.5,38,20,18,5,14,0
480766.0,Xavier Rhodes,30,IND,RCB,16,16,2,44,1,44,12,0,0,0,0,0,0.0,42,35,7,0,0,0
,Sheldon Richardson,30,CLE,LDT,16,16,0,0,0,0,3,1,0,0,0,0,4.5,64,35,29,5,10,0
,Philip Rivers,39,IND,QB,16,16,0,0,0,0,0,0,2,0,0,0,0.0,0,0,0,0,0,0
184825.0,Cam Robinson,25,JAX,LT,16,16,0,0,0,0,0,0,0,1,0,0,0.0,0,0,0,0,0,0
144994.0,Aaron Rodgers,37,GNB,QB,16,16,0,0,0,0,0,0,4,1,-13,0,0.0,0,0,0,0,0,0
146254.0,Matt Ryan,35,ATL,QB,16,16,0,0,0,0,0,0,6,1,-3,0,0.0,0,0,0,0,0,0
534828.0,Joe Schobert,27,JAX,MLB,16,16,3,45,1,43,4,2,0,0,0,0,2.5,141,84,57,6,6,0
530458.0,Justin Simmons,27,DEN,FS,16,16,5,90,0,46,9,0,0,1,18,0,0.0,96,77,19,3,0,0
,John Simon,30,NWE,RDE,16,16,0,0,0,0,3,0,0,0,0,0,2.0,53,34,19,4,4,0
4040761.0,Devin Singletary,23,BUF,RB,16,16,0,0,0,0,0,0,1,0,0,0,0.0,0,0,0,0,0,0
381403.0,Aldon Smith,31,DAL,RDE,16,16,0,0,0,0,2,0,0,2,78,1,5.0,48,31,17,5,14,0
,Harrison Smith,31,MIN,SS,16,16,5,33,0,16,10,0,0,0,0,0,0.5,89,54,35,2,5,0
550965.0,Jaylon Smith,25,DAL,RLB,16,16,1,43,0,43,5,0,0,2,21,0,1.5,154,89,65,5,4,0
3915189.0,Roquan Smith,23,CHI,LILB,16,16,2,16,0,11,7,1,1,1,0,0,4.0,139,98,41,18,6,0
,Za'Darius Smith,28,GNB,ROLB,16,16,0,0,0,0,2,4,0,2,0,0,12.5,52,35,17,12,23,0
183518.0,Matthew Stafford,32,DET,QB,16,16,0,0,0,0,0,0,2,1,-1,0,0.0,0,0,0,0,0,0
,Shamar Stephen,29,MIN,LDT,16,16,0,0,0,0,0,0,0,0,0,0,0.5,34,20,14,2,3,0
,Grover Stewart,27,IND,RDT,16,16,0,0,0,0,1,0,0,0,0,0,0.5,53,40,13,6,5,0
175300.0,Ndamukong Suh,33,TAM,LDE,16,16,0,0,0,0,2,1,0,0,0,0,6.0,44,27,17,9,19,0
3134690.0,Montez Sweat,24,WAS,RDE,16,16,1,15,1,15,6,2,0,0,0,0,9.0,45,28,17,12,20,0
232059.0,Ryan Tannehill,32,TEN,QB,16,16,0,0,0,0,0,0,6,3,-19,0,0.0,0,0,0,0,0,0
535761.0,Dalvin Tomlinson,26,NYG,NT,16,16,0,0,0,0,4,0,0,0,0,0,3.5,49,25,24,8,10,0
,J.C. Tretter,29,CLE,C,16,16,0,0,0,0,0,0,2,0,-6,0,0.0,0,0,0,0,0,0
382902.0,Danny Trevathan,30,CHI,RILB,16,16,0,0,0,0,5,1,0,0,0,0,1.0,113,67,46,3,2,0
189532.0,Alejandro Villanueva,32,PIT,LT,16,16,0,0,0,0,0,0,0,1,0,0,0.0,0,0,0,0,0,0
382945.0,Bobby Wagner,30,SEA,RILB,16,16,0,0,0,0,8,0,0,1,0,0,3.0,138,81,57,7,11,0
546837.0,Anthony Walker,25,IND,MLB,16,16,1,11,0,11,5,0,0,1,0,0,0.0,92,65,27,2,1,0
3138826.0,Fred Warner,24,SFO,MLB,16,16,2,3,0,3,6,1,0,2,0,0,1.0,125,79,46,5,7,0
3122840.0,Deshaun Watson,25,HOU,QB,16,16,0,0,0,0,0,0,8,2,-13,0,0.0,0,0,0,0,0,0
242228.0,J.J. Watt,31,HOU,LDE,16,16,1,19,1,19,7,2,0,1,0,0,5.0,52,36,16,14,17,0
3895798.0,Jordan Whitehead,23,TAM,FS,16,16,2,2,0,2,4,1,0,1,0,0,2.0,74,53,21,9,3,0
238093.0,Russell Wilson,32,SEA,QB,16,16,0,0,0,0,0,0,7,0,-18,0,0.0,0,0,0,0,0,0
4034790.0,Antoine Winfield Jr.,22,TAM,SS,16,16,1,16,0,16,6,2,0,1,0,0,3.0,94,64,30,1,4,0
500234.0,Robert Woods,28,LAR,WR,16,16,0,0,0,0,0,0,2,0,0,0,0.0,0,0,0,0,0,0
,K.J. Wright,31,SEA,ROLB,16,16,1,7,0,7,10,1,0,2,0,0,2.0,86,60,26,11,3,0
482711.0,Jonathan Bostic,29,WAS,MLB,16,15,1,0,0,0,3,0,0,0,0,0,3.0,118,61,57,6,6,0
,Derrick Brown,22,CAR,RDT/LDT,16,15,0,0,0,0,4,0,0,0,0,0,2.0,34,21,13,8,12,0
,Jesse Davis,29,MIA,LT/RT,16,15,0,0,0,0,0,0,0,2,0,0,0.0,0,0,0,0,0,0
,Tyeler Davison,28,ATL,RDT,16,15,0,0,0,0,0,0,0,0,0,0,0.5,36,15,21,2,2,0
3676819.0,Jeff Gladney,24,MIN,RCB,16,15,0,0,0,0,3,1,0,0,0,0,0.0,81,63,18,7,1,0
480882.0,Jimmy Graham,34,CHI,TE,16,15,0,0,0,0,0,0,1,0,0,0,0.0,0,0,0,0,0,0
,Kyle Juszczyk,29,SFO,FB,16,15,0,0,0,0,0,0,1,0,0,0,0.0,0,0,0,0,0,0
536740.0,Tanoh Kpassagnon,26,KAN,LDE,16,15,0,0,0,0,3,0,0,0,0,0,1.0,28,20,8,2,4,0
531751.0,DeMarcus Lawrence,28,DAL,DE,16,15,0,0,0,0,2,4,0,1,0,0,6.5,58,34,24,11,10,0
4035483.0,Dexter Lawrence,23,NYG,LDE,16,15,0,0,0,0,2,0,0,0,0,0,4.0,53,30,23,6,10,0
512522.0,Bobby McCain,27,MIA,SS,16,15,1,19,0,19,5,0,0,0,0,0,0.0,46,39,7,0,2,0
3116175.0,Amani Oruwariye,24,DET,RCB,16,15,1,0,0,0,7,0,0,0,0,0,0.0,53,45,8,1,0,0
3116724.0,Germaine Pratt,24,CIN,MLB,16,15,0,0,0,0,2,0,0,0,0,0,0.0,89,55,34,5,0,0
483131.0,Logan Ryan,29,NYG,FS,16,15,1,15,0,15,9,3,0,2,0,0,1.0,94,68,26,1,4,0
3916945.0,Darius Slayton,23,NYG,WR,16,15,0,0,0,0,0,0,1,0,0,0,0.0,0,0,0,0,0,0
479692.0,Andrew Thomas,21,NYG,LT,16,15,0,0,0,0,0,0,0,1,0,0,0.0,0,0,0,0,0,0
480239.0,Logan Thomas,29,WAS,TE,16,15,0,0,0,0,0,0,0,1,0,0,0.0,0,0,0,0,0,0
535329.0,Shaq Thompson,26,CAR,LLB,16,15,0,0,0,0,5,2,0,1,0,0,0.0,114,64,50,6,2,0
513727.0,Darren Waller,28,LVR,TE,16,15,0,0,0,0,0,0,2,0,0,0,0.0,0,0,0,0,0,0
552233.0,Eric Wilson,26,MIN,RLB,16,15,3,23,0,16,8,1,0,2,7,0,3.0,122,62,60,8,9,0
515818.0,Damiere Byrd,27,NWE,WR,16,14,0,0,0,0,0,0,3,0,0,0,0.0,0,0,0,0,0,0
4368147.0,Christian Covington,27,CIN,RDT,16,14,0,0,0,0,0,0,0,0,0,0,0.0,39,14,25,0,1,0
551120.0,Michael Davis,25,LAC,LCB/RCB,16,14,3,86,1,78,14,0,0,0,0,0,0.0,64,48,16,2,0,0
547055.0,Samson Ebukam,25,LAR,LOLB,16,14,0,0,0,0,1,1,0,0,0,0,4.5,31,18,13,3,7,0
550117.0,Evan Engram,26,NYG,TE,16,14,0,0,0,0,0,0,1,0,0,0,0.0,0,0,0,0,0,0
531131.0,Adam Gotsis,28,JAX,RDE,16,14,0,0,0,0,3,1,0,0,0,0,0.0,37,18,19,4,3,0
4239993.0,Tee Higgins,21,CIN,WR,16,14,0,0,0,0,0,0,1,0,0,0,0.0,0,0,0,0,0,0
,Kerry Hyder,29,SFO,RDE,16,14,0,0,0,0,0,0,0,1,14,0,8.5,49,30,19,10,18,0
,Justin Jefferson,21,MIN,WR,16,14,0,0,0,0,0,0,1,0,0,0,0.0,0,0,0,0,0,0
4241463.0,Jerry Jeudy,21,DEN,WR,16,14,0,0,0,0,0,0,2,0,0,0,0.0,0,0,0,0,0,0
4241389.0,CeeDee Lamb,21,DAL,WR,16,14,0,0,0,0,0,0,2,1,0,0,0.0,0,0,0,0,0,0
,Kenny Moore,25,IND,LCB,16,14,4,45,1,29,13,1,0,0,0,0,2.0,80,68,12,4,3,0
516284.0,Eric Rowe,28,MIA,FS,16,14,2,26,0,22,11,0,0,1,0,0,0.0,91,66,25,1,2,0
3117256.0,Dalton Schultz,24,DAL,TE,16,14,0,0,0,0,0,0,1,1,0,0,0.0,0,0,0,0,0,0
3120348.0,JuJu Smith-Schuster,24,PIT,WR,16,14,0,0,0,0,0,0,3,2,0,0,0.0,0,0,0,0,0,0
3915834.0,Terence Steele,23,DAL,RT,16,14,0,0,0,0,0,0,0,1,0,0,0.0,0,0,0,0,0,0
3932423.0,Miles Boykin,24,BAL,WR,16,13,0,0,0,0,0,0,0,0,0,0,0.0,2,2,0,0,0,0
,Chris Herndon,24,NYJ,TE,16,13,0,0,0,0,0,0,2,0,0,0,0.0,0,0,0,0,0,0
,Christian Jones,29,DET,LLB,16,13,0,0,0,0,1,0,0,0,0,0,0.0,57,32,25,2,1,0
,Sean Murphy-Bunting,23,TAM,RCB,16,13,1,0,0,0,3,1,0,1,3,0,0.0,70,53,17,3,1,0
,Malik Reed,24,DEN,LOLB,16,13,0,0,0,0,1,1,0,0,0,0,8.0,53,34,19,8,17,0
559694.0,Josh Reynolds,25,LAR,WR,16,13,0,0,0,0,0,0,2,2,-2,0,0.0,0,0,0,0,0,0
3127310.0,Drew Sample,24,CIN,TE,16,13,0,0,0,0,0,0,1,0,0,0,0.0,0,0,0,0,0,0
,Preston Smith,28,GNB,LOLB,16,13,0,0,0,0,3,0,0,1,14,1,4.0,42,29,13,7,11,0
189985.0,Luke Stocker,32,ATL,TE,16,13,0,0,0,0,0,0,0,0,0,0,0.0,2,1,1,0,0,0
,Tyrell Adams,28,HOU,RILB,16,12,0,0,0,0,4,2,0,1,0,0,2.0,125,76,49,5,3,0
4040965.0,Raekwon Davis,23,MIA,NT,16,12,0,0,0,0,0,0,0,0,0,0,0.0,40,19,21,1,1,0
3127292.0,Will Dissly,24,SEA,TE,16,12,0,0,0,0,0,0,0,0,0,0,0.0,1,0,1,0,0,0
,William Gholston,29,TAM,RDE,16,12,0,0,0,0,2,0,0,1,1,0,3.0,44,24,20,8,20,0
3122160.0,Tre Herndon,24,JAX,LCB,16,12,0,0,0,0,5,0,0,0,0,0,1.0,76,64,12,4,2,0
,Emmanuel Ogbah,27,MIA,RDE,16,12,0,0,0,0,5,3,0,1,0,0,9.0,42,25,17,6,21,0
3915437.0,Isaiah Oliver,24,ATL,RCB,16,12,0,0,0,0,6,1,0,0,0,0,1.0,70,51,19,4,2,0
4243257.0,John Penisini,23,DET,RDT,16,12,0,0,0,0,0,0,0,1,0,0,1.0,35,19,16,4,0,0
549962.0,Marquez Valdes-Scantling,26,GNB,WR,16,12,0,0,0,0,0,0,1,0,0,0,0.0,0,0,0,0,0,0
531014.0,Leonard Williams,26,NYG,DT,16,12,0,0,0,0,1,0,0,1,0,0,11.5,57,29,28,14,30,0
3915507.0,Jerome Baker,24,MIA,RILB,16,11,0,0,0,0,3,2,0,0,0,0,7.0,112,70,42,7,11,0
4242154.0,Kamren Curl,21,WAS,SS,16,11,3,88,1,76,4,0,0,0,0,0,2.0,88,63,25,4,5,0
4243537.0,Gabriel Davis,21,BUF,WR,16,11,0,0,0,0,0,0,1,1,0,0,0.0,0,0,0,0,0,0
,J.C. Jackson,25,NWE,LCB,16,11,9,80,0,30,14,0,0,3,0,0,0.0,40,34,6,1,0,0
559737.0,Jakob Johnson,26,NWE,FB,16,11,0,0,0,0,0,0,1,0,0,0,0.0,0,0,0,0,0,0
3121003.0,Taron Johnson,24,BUF,DB,16,11,1,51,1,51,7,1,0,0,0,0,1.0,94,70,24,5,3,0
480706.0,A.J. Klein,29,BUF,LLB,16,11,0,0,0,0,4,2,0,1,0,0,5.0,75,53,22,5,9,0
550034.0,Carl Lawson,25,CIN,RDE,16,11,0,0,0,0,0,2,0,0,0,0,5.5,36,18,18,4,32,0
176929.0,Jason McCourty,33,NWE,LCB,16,11,0,0,0,0,3,0,0,0,0,0,0.0,42,30,12,0,0,0
383095.0,Steven Means,30,ATL,LDE,16,11,0,0,0,0,0,2,0,0,0,0,3.0,38,21,17,3,6,0
,Rakeem Nunez-Roches,27,TAM,NT,16,11,0,0,0,0,0,0,0,0,0,0,0.0,20,7,13,0,3,0
3894830.0,Michael Ojemudia,23,DEN,LCB,16,11,0,0,0,0,6,4,0,0,0,0,0.0,62,55,7,1,0,0
536179.0,Haason Reddick,26,ARI,LOLB,16,11,0,0,0,0,4,6,0,0,0,0,12.5,63,43,20,15,16,0
484058.0,Alex Singleton,27,PHI,LLB,16,11,1,30,1,30,1,0,0,2,1,0,2.0,120,75,45,5,7,0
3863182.0,Jerry Tillery,24,LAC,DE,16,11,0,0,0,0,2,2,0,1,0,0,3.0,30,19,11,3,14,0
4279030.0,Andrew Van Ginkel,25,MIA,LOLB,16,11,0,0,0,0,4,3,0,1,78,1,5.5,48,29,19,7,10,0
534596.0,Carlos Watkins,27,HOU,LOLB,16,11,0,0,0,0,3,0,0,1,0,0,2.0,27,17,10,4,2,0
500890.0,Giovani Bernard,29,CIN,RB,16,10,0,0,0,0,0,0,1,0,0,0,0.0,0,0,0,0,0,0
559702.0,Cam Sims,24,WAS,WR,16,10,0,0,0,0,0,0,1,2,0,0,0.0,4,4,0,0,0,0
3124849.0,Chandon Sullivan,24,GNB,DB,16,10,1,7,1,7,6,0,0,0,0,0,0.0,41,32,9,0,0,0
3124587.0,Jahlani Tavai,24,DET,MLB,16,10,0,0,0,0,0,2,0,1,0,0,0.0,58,32,26,2,1,0
,Greg Ward,25,PHI,WR,16,10,0,0,0,0,0,0,2,0,0,0,0.0,0,0,0,0,0,0
4239833.0,Darious Williams,27,LAR,DB,16,10,4,21,0,19,14,0,0,0,0,0,0.0,44,37,7,1,0,0
3122797.0,Isaac Yiadom,24,NYG,RCB,16,10,0,0,0,0,5,1,0,0,0,0,0.5,46,29,17,0,1,0
546305.0,Alex Anzalone,26,NOR,MLB,16,9,0,0,0,0,0,0,0,0,0,0,0.0,41,22,19,3,0,0
550679.0,Tarell Basham,26,NYJ,LOLB,16,9,0,0,0,0,1,3,0,0,0,0,3.5,36,19,17,5,13,0
511849.0,Angelo Blackson,28,ARI,NT,16,9,0,0,0,0,0,0,0,0,0,0,2.5,24,15,9,4,8,0
,Jack Crawford,32,TEN,DE,16,9,0,0,0,0,0,1,0,0,0,0,2.0,28,20,8,3,10,0
3120303.0,Ross Dwelley,25,SFO,TE,16,9,0,0,0,0,0,0,0,0,0,0,0.0,2,2,0,0,0,0
3932430.0,Jalen Guyton,23,LAC,WR,16,9,0,0,0,0,0,0,0,1,0,0,0.0,1,1,0,0,0,0
4258595.0,Cole Kmet,21,CHI,TE,16,9,0,0,0,0,0,0,1,0,0,0,0.0,0,0,0,0,0,0
4040655.0,Darnell Mooney,23,CHI,WR,16,9,0,0,0,0,0,0,1,1,0,0,0.0,0,0,0,0,0,0
,Romeo Okwara,25,DET,RDE,16,9,0,0,0,0,1,3,0,1,0,0,10.0,44,32,12,11,18,1
546314.0,Demarcus Robinson,26,KAN,WR,16,9,0,0,0,0,0,0,2,0,0,0,0.0,0,0,0,0,0,0
3115974.0,Chase Winovich,25,NWE,LDE,16,9,1,0,0,0,2,1,0,0,0,0,5.5,48,33,15,6,12,0
,Henry Anderson,29,NYJ,LDE,16,8,0,0,0,0,0,0,0,0,0,0,0.5,42,19,23,4,3,0
,Alex Bars,25,CHI,RG,16,8,0,0,0,0,0,0,1,0,0,0,0.0,0,0,0,0,0,0
559553.0,Taven Bryan,24,JAX,LDT,16,8,0,0,0,0,0,0,0,0,0,0,0.5,18,10,8,3,6,0
3122593.0,Devante Downs,25,NYG,LB,16,8,0,0,0,0,1,0,1,1,0,0,0.0,33,25,8,0,1,0
4259804.0,Willie Gay Jr.,22,KAN,RLB,16,8,0,0,0,0,3,1,0,0,0,0,1.0,39,29,10,3,1,0
4035004.0,Mecole Hardman,22,KAN,WR,16,8,0,0,0,0,0,0,2,0,0,0,0.0,0,0,0,0,0,0
482594.0,Taysom Hill,30,NOR,QB/WR,16,8,0,0,0,0,0,0,10,3,-8,0,0.0,0,0,0,0,0,0
4039278.0,Tarvarius Moore,24,SFO,SS,16,8,0,0,0,0,1,1,0,1,3,0,0.0,52,37,15,1,0,0
,Zach Sieler,25,MIA,LDE,16,8,0,0,0,0,0,0,0,0,0,0,3.5,48,30,18,11,11,0
237315.0,Ian Thomas,24,CAR,TE,16,8,0,0,0,0,0,0,1,0,0,0,0.0,0,0,0,0,0,0
3917909.0,Juan Thornhill,25,KAN,FS,16,8,1,20,0,20,3,0,0,0,0,0,0.0,41,33,8,0,1,0
,Brent Urban,29,CHI,DT,16,8,0,0,0,0,1,0,0,0,0,0,2.5,36,17,19,2,4,0
3116152.0,Troy Apke,25,WAS,FS,16,7,0,0,0,0,2,0,0,0,0,0,0.0,35,25,10,0,0,0
550810.0,Jermaine Carter Jr.,25,CAR,MLB,16,7,0,0,0,0,1,0,0,1,19,0,0.0,46,21,25,2,0,0
3129253.0,Gerald Everett,26,LAR,TE,16,7,0,0,0,0,0,0,1,0,0,0,0.0,0,0,0,0,0,0
,Jonathan Jones,27,NWE,DB,16,7,2,0,0,0,6,1,0,0,0,0,0.0,74,60,14,0,1,0
515882.0,J.D. McKissic,27,WAS,RB,16,7,0,0,0,0,0,0,3,0,0,0,0.0,0,0,0,0,0,0
3116177.0,Troy Reeder,26,LAR,LILB,16,7,0,0,0,0,2,0,0,0,0,0,3.0,81,53,28,5,4,0
4035462.0,Isaiah Simmons,22,ARI,LB,16,7,1,12,0,12,2,1,0,1,0,0,2.0,54,43,11,4,3,0
188558.0,Keith Smith,28,ATL,FB,16,7,0,0,0,0,0,0,0,1,0,0,0.0,8,2,6,0,0,0
546087.0,Dawuane Smoot,25,JAX,LDE,16,7,0,0,0,0,0,2,0,0,0,0,5.5,25,21,4,5,17,0
,Deatrich Wise Jr.,26,NWE,LDE,16,7,0,0,0,0,0,0,0,1,0,1,2.5,49,27,22,2,11,0
4046692.0,Chase Claypool,22,PIT,WR,16,6,0,0,0,0,0,0,3,1,0,0,0.0,6,2,4,0,0,0
550049.0,Gus Edwards,25,BAL,RB,16,6,0,0,0,0,0,1,1,0,0,0,0.0,0,0,0,0,0,0
4040615.0,Malik Harrison,22,BAL,RILB,16,6,0,0,0,0,1,0,0,0,0,0,0.0,44,26,18,1,0,0
4046675.0,Julian Love,22,NYG,DB,16,6,1,13,0,13,3,0,0,0,0,0,0.0,64,47,17,1,0,0
380707.0,Anthony Miller,26,CHI,WR,16,6,0,0,0,0,0,0,2,2,0,0,0.0,0,0,0,0,0,0
,David Moore,25,SEA,WR,16,6,0,0,0,0,0,0,1,2,0,0,0.0,0,0,0,0,0,0
3124702.0,Nik Needham,24,MIA,DB,16,6,2,1,0,1,7,0,0,0,0,0,1.0,58,36,22,1,1,0
535756.0,Reggie Ragland,27,DET,MLB,16,6,0,0,0,0,1,1,0,0,0,0,1.0,52,30,22,4,3,0
3135321.0,Hunter Renfrow,25,LVR,WR,16,6,0,0,0,0,0,0,2,0,0,0,0.0,1,1,0,0,0,0
550963.0,Isaac Rochell,25,LAC,RDE,16,6,0,0,0,0,1,0,0,0,0,0,2.5,29,17,12,1,3,1
535889.0,Jeremy Sprinkle,26,WAS,TE,16,6,0,0,0,0,0,0,0,0,0,0,0.0,6,5,1,0,0,0
546544.0,Cameron Sutton,25,PIT,DB,16,6,1,0,0,0,8,3,0,1,0,0,1.0,30,27,3,1,0,0
4243009.0,Mykal Walker,23,ATL,RLB,16,6,0,0,0,0,1,1,0,0,0,0,0.0,45,31,14,1,2,0
3125962.0,Kenny Young,26,LAR,RILB,16,6,1,79,1,79,2,0,0,1,0,0,1.0,52,31,21,3,2,0
3919117.0,Azeez Al-Shaair,23,SFO,LLB,16,5,1,0,0,0,2,1,0,0,0,0,0.0,35,22,13,1,1,0
,Dan Arnold,25,ARI,TE,16,5,0,0,0,0,0,0,2,1,0,0,0.0,0,0,0,0,0,0
,Will Harris,25,DET,SS,16,5,0,0,0,0,1,0,0,0,0,0,0.0,35,26,9,0,0,0
4037333.0,Alex Highsmith,23,PIT,ROLB,16,5,1,2,0,2,1,0,0,0,0,0,2.0,48,30,18,5,6,0
3125404.0,Jacob Hollister,27,SEA,TE,16,5,0,0,0,0,0,0,0,0,0,0,0.0,3,0,3,0,0,0
552745.0,Kareem Hunt,25,CLE,RB,16,5,0,0,0,0,0,0,2,5,-2,0,0.0,0,0,0,0,0,0
,Lonnie Johnson Jr.,25,HOU,DB,16,5,0,0,0,0,0,0,0,0,0,0,0.0,76,56,20,1,3,0
3120508.0,Jimmy Moreland,25,WAS,DB,16,5,1,32,0,32,1,1,0,0,0,0,0.5,44,33,11,1,2,0
4035611.0,Gabe Nabers,23,LAC,FB,16,5,0,0,0,0,0,0,0,1,0,0,0.0,5,3,2,0,0,0
,Allen Bailey,31,ATL,DE,16,4,0,0,0,0,0,0,0,0,0,0,1.5,15,8,7,2,5,0
3117135.0,Keion Crossen,24,HOU,DB,16,4,0,0,0,0,5,0,0,0,0,0,0.0,46,33,13,0,0,0
546308.0,Marcell Harris,26,SFO,DB,16,4,0,0,0,0,3,2,0,2,0,0,0.0,37,27,10,0,0,0
3917668.0,Alec Ingold,24,LVR,FB,16,4,0,0,0,0,0,0,0,1,0,0,0.0,1,1,0,0,0,0
517315.0,Quinton Jefferson,27,BUF,DT,16,4,0,0,0,0,1,1,0,1,0,0,3.0,23,14,9,3,6,0
113882.0,Brandon Jones,22,MIA,S,16,4,0,0,0,0,1,1,0,0,0,0,1.0,62,41,21,3,1,0
545630.0,Tyquan Lewis,25,IND,DE,16,4,0,0,0,0,2,0,0,0,0,0,4.0,24,19,5,8,6,0
3121423.0,Raekwon McMillan,25,LVR,LB,16,4,0,0,0,0,1,1,0,0,0,0,0.0,27,17,10,1,0,0
549838.0,Boston Scott,25,PHI,RB,16,4,0,0,0,0,0,0,2,0,0,0,0.0,0,0,0,0,0,0
245913.0,Stephen Anderson,27,LAC,TE,16,3,0,0,0,0,0,0,0,0,0,0,0.0,5,3,2,0,0,0
4242205.0,K'Lavon Chaisson,21,JAX,LB,16,3,0,0,0,0,1,0,0,0,0,0,1.0,19,12,7,3,9,0
,Tyrone Crawford,31,DAL,DE,16,3,0,0,0,0,0,0,0,0,0,0,2.0,14,7,7,2,4,0
3924364.0,Rashad Fenton,23,KAN,DB,16,3,1,31,0,31,7,0,0,0,0,0,0.0,35,27,8,1,0,0
4036134.0,Amani Hooker,22,TEN,DB,16,3,4,11,0,6,8,0,0,0,0,0,0.0,51,35,16,1,0,0
,Nick Keizer,25,KAN,TE,16,3,0,0,0,0,0,0,1,0,0,0,0.0,4,2,2,0,0,0
,Barkevious Mingo,30,CHI,LB,16,3,0,0,0,0,2,0,0,0,0,0,2.5,35,23,12,3,5,0
532092.0,Cordarrelle Patterson,29,CHI,WR,16,3,0,0,0,0,0,0,0,1,0,0,0.0,4,3,1,0,0,0
4035072.0,Benny Snell Jr.,22,PIT,RB,16,3,0,0,0,0,0,0,2,2,0,0,0.0,5,3,2,0,0,0
,Tavierre Thomas,24,CLE,DB,16,3,0,0,0,0,0,1,0,1,0,0,1.0,30,29,1,2,1,0
3928979.0,Dorance Armstrong Jr.,23,DAL,DE,16,2,0,0,0,0,2,1,0,1,0,0,0.0,33,21,12,1,1,0
550025.0,Peyton Barber,26,WAS,RB,16,2,0,0,0,0,0,0,0,0,0,0,0.0,2,0,2,0,0,0
3926229.0,Cody Barton,24,SEA,LB,16,2,0,0,0,0,0,2,0,0,0,0,0.0,35,24,11,0,0,0
553165.0,Chris Board,25,BAL,LB,16,2,0,0,0,0,1,1,0,0,0,0,2.5,31,20,11,2,5,0
545554.0,Tyus Bowser,25,BAL,LB,16,2,3,53,0,25,5,0,0,0,0,0,2.0,34,17,17,4,14,0
3116158.0,Jason Cabinda,24,DET,LB,16,2,0,0,0,0,0,0,0,0,0,0,0.0,7,3,4,0,0,0
,Stephen Carlson,24,CLE,TE,16,2,0,0,0,0,0,0,0,0,0,0,0.0,9,7,2,0,0,0
3915486.0,Tyler Conklin,25,MIN,TE,16,2,0,0,0,0,0,0,1,0,0,0,0.0,2,2,0,0,0,0
4283230.0,Akeem Davis-Gaither,23,CIN,LB,16,2,1,0,0,0,3,0,0,0,0,0,0.5,31,20,11,0,2,0
3119195.0,Chase Edmonds,24,ARI,RB,16,2,0,0,0,0,0,0,2,1,0,0,0.0,0,0,0,0,0,0
534809.0,Alex Erickson,28,CIN,WR,16,2,0,0,0,0,0,0,2,0,0,0,0.0,0,0,0,0,0,0
517611.0,Matthias Farley,28,NYJ,DB,16,2,0,0,0,0,3,0,0,0,0,0,0.0,24,13,11,0,1,0
,Morgan Fox,26,LAR,DB,16,2,0,0,0,0,2,1,0,1,0,0,6.0,27,21,6,8,9,0
3124005.0,Zaire Franklin,24,IND,LB,16,2,0,0,0,0,0,0,0,0,0,0,0.0,19,14,5,0,0,0
552330.0,DaeSean Hamilton,25,DEN,WR,16,2,0,0,0,0,0,0,1,1,0,0,0.0,0,0,0,0,0,0
540210.0,Mack Hollins,27,MIA,WR,16,2,0,0,0,0,0,0,1,0,0,0,0.0,3,1,2,0,0,0
4046525.0,Khaleke Hudson,23,WAS,S,16,2,0,0,0,0,0,0,0,0,0,0,0.0,14,8,6,2,1,0
4242516.0,Noah Igbinoghene,21,MIA,CB,16,2,0,0,0,0,2,0,0,2,5,0,0.0,13,11,2,0,0,0
3916925.0,Kerryon Johnson,23,DET,RB,16,2,0,0,0,0,0,0,1,0,0,0,0.0,0,0,0,0,0,0
3728262.0,Ray-Ray McCloud,24,PIT,WR,16,2,0,0,0,0,0,0,2,0,0,0,0.0,1,1,0,0,0,0
3843945.0,Foster Moreau,23,LVR,TE,16,2,0,0,0,0,0,0,0,0,0,0,0.0,1,0,1,0,0,0
537101.0,Sharrod Neasman,29,ATL,DB,16,2,0,0,0,0,0,0,1,0,0,0,1.0,27,19,8,2,1,0
3916148.0,Tony Pollard,23,DAL,RB,16,2,0,0,0,0,0,0,0,0,0,0,0.0,1,1,0,0,0,0
482565.0,Levine Toilolo,29,NYG,TE,16,2,0,0,0,0,0,0,0,1,0,0,0.0,3,3,0,0,0,0
,Brandon Zylstra,27,CAR,WR,16,2,0,0,0,0,0,0,0,1,0,1,0.0,0,0,0,0,0,0
3122866.0,Devontae Booker,28,LVR,RB,16,1,0,0,0,0,0,0,1,1,0,0,0.0,2,1,1,0,0,0
,Daniel Brown,28,NYJ,WR,16,1,0,0,0,0,0,0,0,0,0,0,0.0,5,4,1,0,0,0
3121409.0,Noah Brown,24,DAL,WR,16,1,0,0,0,0,0,0,0,0,0,0,0.0,2,1,1,0,0,0
548173.0,Pharoh Cooper,25,CAR,WR,16,1,0,0,0,0,0,0,1,0,0,0,0.0,0,0,0,0,0,0
534247.0,Sean Davis,27,PIT,DB,16,1,0,0,0,0,1,0,0,1,0,0,0.0,12,11,1,0,0,0
,Samuel Eguavoen,27,MIA,LB,16,1,0,0,0,0,1,0,0,0,0,0,0.0,9,5,4,1,0,0
550052.0,Corn Elder,26,CAR,DB,16,1,0,0,0,0,3,1,0,0,0,0,0.0,40,28,12,1,0,0
4039052.0,Jordan Elliott,23,CLE,DT,16,1,0,0,0,0,0,0,0,0,0,0,0.0,15,6,9,0,0,0
3125403.0,Brian Hill,25,ATL,RB,16,1,0,0,0,0,0,0,2,1,0,0,0.0,4,3,1,0,0,0
530441.0,J.P. Holtz,27,CHI,TE,16,1,0,0,0,0,0,0,0,0,0,0,0.0,5,4,1,0,0,0
237333.0,Ryan Kerrigan,32,WAS,DE,16,1,0,0,0,0,1,0,0,1,6,0,5.5,17,9,8,5,6,0
481964.0,Kevin Minter,30,TAM,LB,16,1,0,0,0,0,1,0,0,0,0,0,0.0,15,10,5,0,0,0
530979.0,Fabian Moreau,26,WAS,DB,16,1,2,0,0,0,3,0,0,0,0,0,0.0,9,7,2,0,0,0
550664.0,Johnny Mundt,26,LAR,TE,16,1,0,0,0,0,0,0,0,0,0,0,0.0,3,2,1,0,0,0
,Anthony Nelson,23,TAM,DE,16,1,0,0,0,0,1,0,0,0,0,0,1.0,18,11,7,2,7,0
,Efe Obada,28,CAR,DE,16,1,0,0,0,0,0,1,0,2,54,0,5.5,18,10,8,4,15,0
3116389.0,Samaje Perine,25,CIN,RB,16,1,0,0,0,0,0,0,0,0,0,0,0.0,3,2,1,0,0,0
549826.0,Billy Price,26,CIN,C,16,1,0,0,0,0,0,0,1,0,0,0,0.0,0,0,0,0,0,0
,Brandon Rusnak,25,JAX,DB,16,1,0,0,0,0,0,0,0,0,0,0,0.0,24,15,9,0,0,0
3929956.0,Tim Settle,23,WAS,DT,16,1,0,0,0,0,0,0,0,0,0,0,5.0,19,12,7,5,7,0
382612.0,Damion Square,31,LAC,DE,16,1,0,0,0,0,0,0,0,0,0,0,1.0,20,9,11,1,2,0
3126489.0,Taylor Stallworth,25,IND,DT,16,1,0,0,0,0,0,0,0,1,0,0,0.5,12,5,7,1,1,0
3116431.0,Ty Summers,25,GNB,LB,16,1,0,0,0,0,1,0,0,0,0,0,0.0,39,27,12,0,0,0
4034950.0,Freddie Swain,22,SEA,WR,16,1,0,0,0,0,0,0,0,2,0,0,0.0,2,2,0,0,0,0
4036651.0,Kindle Vildor,23,CHI,CB,16,1,0,0,0,0,1,0,0,0,0,0,0.0,17,13,4,0,0,0
3122136.0,Armani Watts,24,KAN,DB,16,1,0,0,0,0,1,0,0,0,0,0,0.0,17,15,2,0,0,0
,Tershawn Wharton,22,KAN,DE,16,1,0,0,0,0,0,1,1,1,-3,0,2.0,27,14,13,4,4,0
514508.0,Ameer Abdullah,27,MIN,RB,16,0,0,0,0,0,0,0,0,0,0,0,0.0,2,2,0,0,0,0
512091.0,Andrew Adams,28,TAM,DB,16,0,0,0,0,0,0,0,0,0,0,0,0.0,2,1,1,0,0,0
238199.0,Bryan Anger,32,HOU,P,16,0,0,0,0,0,0,0,0,0,0,0,0.0,1,1,0,0,0,0
,Jake Bailey,23,NWE,P,16,0,0,0,0,0,0,0,0,0,0,0,0.0,2,1,1,0,0,0
383433.0,Tyler Bass,23,BUF,K,16,0,0,0,0,0,0,0,0,0,0,0,0.0,1,1,0,0,0,0
232942.0,Nick Bellore,31,SEA,LB,16,0,0,0,0,0,0,0,0,1,0,0,0.0,14,11,3,0,0,0
380404.0,Justin Bethel,30,NWE,DB,16,0,0,0,0,0,0,0,0,0,0,0,0.0,14,13,1,0,0,0
3126002.0,Christian Blake,24,ATL,WR,16,0,0,0,0,0,0,0,0,0,0,0,0.0,3,2,1,0,0,0
,Jacob Bobenmoyer,23,DEN,LS,16,0,0,0,0,0,0,0,0,1,0,0,0.0,3,2,1,0,0,0
4039396.0,Corey Bojorquez,24,BUF,P,16,0,0,0,0,0,0,0,0,0,0,0,0.0,1,1,0,0,0,0
3139033.0,Mike Boone,25,MIN,RB,16,0,0,0,0,0,0,1,0,0,0,0,0.0,5,4,1,0,0,0
,Hunter Bradley,26,GNB,LS,16,0,0,0,0,0,0,0,0,0,0,0,0.0,1,0,1,0,0,0
4040537.0,Aaron Brewer,30,ARI,LS,16,0,0,0,0,0,0,0,0,1,0,0,0.0,0,0,0,0,0,0
,Malcolm Brown,27,LAR,RB,16,0,0,0,0,0,0,0,1,0,0,0,0.0,1,1,0,0,0,0
549968.0,Oren Burks,25,GNB,LB,16,0,0,0,0,0,0,2,0,0,0,0,0.0,21,14,7,1,0,0
3886816.0,Ben Burr-Kirven,23,SEA,LB,16,0,0,0,0,0,0,0,0,0,0,0,0.0,8,7,1,1,0,0
551558.0,Harrison Butker,25,KAN,K,16,0,0,0,0,0,0,0,0,0,0,0,0.0,1,1,0,0,0,0
,Kameron Canaday,27,PIT,LS,16,0,0,0,0,0,0,0,0,0,0,0,0.0,2,1,1,0,0,0
,Derek Carrier,30,LVR,TE,16,0,0,0,0,0,0,0,0,0,0,0,0.0,7,3,4,0,0,0
,AJ Cole III,25,LVR,P,16,0,0,0,0,0,0,0,1,1,-7,0,0.0,0,0,0,0,0,0
145297.0,Mason Crosby,36,GNB,K,16,0,0,0,0,0,0,0,0,0,0,0,0.0,1,1,0,0,0,0
3929851.0,Michael Dickson,24,SEA,P,16,0,0,0,0,0,0,0,0,0,0,0,0.0,1,1,0,0,0,0
514471.0,Riley Dixon,27,NYG,P,16,0,0,0,0,0,0,0,0,0,0,0,0.0,5,5,0,0,0,0
,Nick Dzubnar,29,TEN,LB,16,0,0,0,0,0,0,0,0,0,0,0,0.0,14,7,7,0,0,0
,Nate Ebner,32,NYG,DB,16,0,0,0,0,0,1,0,0,0,0,0,0.0,8,6,2,0,0,0
,Mike Edwards,24,TAM,DB,16,0,2,67,0,37,5,0,1,1,31,0,0.0,11,6,5,0,0,0
549513.0,Jake Elliott,25,PHI,K,16,0,0,0,0,0,0,0,0,0,0,0,0.0,1,1,0,0,0,0
108539.0,Blake Ferguson,23,MIA,LS,16,0,0,0,0,0,0,0,0,0,0,0,0.0,2,1,1,0,0,0
,Reid Ferguson,26,BUF,LS,16,0,0,0,0,0,0,0,0,0,0,0,0.0,2,2,0,0,0,0
3916370.0,Jack Fox,24,DET,P,16,0,0,0,0,0,0,0,0,1,0,0,0.0,1,1,0,0,0,0
3122672.0,Royce Freeman,24,DEN,RB,16,0,0,0,0,0,0,0,0,0,0,0,0.0,2,2,0,0,0,0
3127294.0,Greg Gaines,24,LAR,DT,16,0,0,0,0,0,0,0,0,1,0,0,1.5,18,9,9,1,3,0
173647.0,Graham Gano,33,NYG,K,16,0,0,0,0,0,0,0,0,0,0,0,0.0,1,0,1,0,0,0
3936185.0,Jamie Gillan,23,CLE,P,16,0,0,0,0,0,0,0,1,0,0,0,0.0,0,0,0,0,0,0
,C.J. Goodwin,30,DAL,DB,16,0,0,0,0,0,0,0,0,0,0,0,0.0,9,6,3,0,0,0
,Jaeden Graham,25,ATL,TE,16,0,0,0,0,0,0,0,0,0,0,0,0.0,3,1,2,0,0,0
559660.0,J.T. Gray,24,NOR,DB,16,0,0,0,0,0,1,0,0,2,0,0,0.0,8,8,0,0,0,0
,Antonio Hamilton,27,KAN,DB,16,0,0,0,0,0,1,0,0,0,0,0,0.0,12,9,3,0,1,0
135376.0,Clark Harris,36,CIN,TE,16,0,0,0,0,0,0,0,0,0,0,0,0.0,1,1,0,0,0,0
,Josh Harris,31,ATL,DB,16,0,0,0,0,0,0,0,0,0,0,0,0.0,1,0,1,0,0,0
4035290.0,Myles Hartsfield,23,CAR,DB,16,0,0,0,0,0,1,0,0,2,0,0,0.0,14,9,5,1,0,0
537030.0,Thomas Hennessy,26,NYJ,LS,16,0,0,0,0,0,0,0,0,0,0,0,0.0,5,3,2,0,0,0
170470.0,B.J. Hill,25,NYG,DT,16,0,0,0,0,0,1,0,0,0,0,0,1.0,32,15,17,2,3,0
3122678.0,Justin Hollins,24,LAR,LB,16,0,0,0,0,0,1,1,0,0,0,0,3.0,28,18,10,3,5,0
480761.0,Dustin Hopkins,30,WAS,K,16,0,0,0,0,0,0,0,0,0,0,0,0.0,1,1,0,0,0,0
516397.0,DeAndre Houston-Carson,27,CHI,DB,16,0,1,0,0,0,3,0,0,1,0,0,0.0,15,12,3,0,0,0
,Charley Hughlett,30,CLE,LS,16,0,0,0,0,0,0,0,0,0,0,0,0.0,1,1,0,0,0,0
3124779.0,Joel Iyiegbuniwe,25,CHI,LB,16,0,0,0,0,0,1,0,0,0,0,0,0.0,12,9,3,0,0,0
,J.J. Jansen,34,CAR,LS,16,0,0,0,0,0,0,0,0,0,0,0,0.0,1,0,1,0,0,0
3930066.0,Van Jefferson,24,LAR,WR,16,0,0,0,0,0,0,0,1,0,-11,0,0.0,1,0,1,0,0,0
,Austin Johnson,26,NYG,NT,16,0,0,0,0,0,1,1,0,0,0,0,1.0,18,8,10,2,1,0
3139602.0,D'Ernest Johnson,24,CLE,RB,16,0,0,0,0,0,0,0,1,1,0,0,0.0,0,0,0,0,0,0
4039029.0,Khalid Kareem,22,CIN,DE,16,0,0,0,0,0,0,0,0,0,0,0,1.0,19,9,10,1,2,0
,Casey Kreiter,30,NYG,LS,16,0,0,0,0,0,0,0,0,0,0,0,0.0,1,1,0,0,0,0
,L.P. Ladouceur,39,DAL,DE,16,0,0,0,0,0,0,0,1,0,-11,0,0.0,0,0,0,0,0,0
503566.0,Patrick Laird,25,MIA,RB,16,0,0,0,0,0,0,0,1,0,0,0,0.0,1,1,0,0,0,0
4046719.0,Justin Layne,22,PIT,DB,16,0,0,0,0,0,0,0,0,0,0,0,0.0,22,13,9,0,0,0
482840.0,Dion Lewis,30,NYG,RB,16,0,0,0,0,0,0,0,3,0,0,0,0.0,0,0,0,0,0,0
518248.0,Ty Long,27,LAC,P,16,0,0,0,0,0,0,0,0,0,0,0,0.0,4,3,1,0,0,0
,Rick Lovato,28,PHI,LS,16,0,0,0,0,0,0,0,0,0,0,0,0.0,6,1,5,0,0,0
4035239.0,Braden Mann,23,NYJ,P,16,0,0,0,0,0,0,0,0,0,0,0,0.0,4,4,0,0,0,0
,Sam Martin,30,DEN,P,16,0,0,0,0,0,0,0,1,1,-12,0,0.0,0,0,0,0,0,0
534341.0,Tyler Matakevich,28,BUF,LB,16,0,0,0,0,0,2,0,0,0,0,0,0.0,23,12,11,0,0,0
3928931.0,Ross Matiscik,24,JAX,LB,16,0,0,0,0,0,0,0,0,0,0,0,0.0,2,1,1,0,0,0
,Cole Mazza,25,LAC,LS,16,0,0,0,0,0,0,0,0,0,0,0,0.0,4,1,3,0,0,0
,Al-Quadin Muhammad,25,IND,DE,16,0,0,0,0,0,0,1,0,0,0,0,2.0,23,19,4,2,6,0
,Don Muhlbach,39,DET,LS,16,0,0,0,0,0,0,0,1,0,0,0,0.0,1,0,1,0,0,0
547582.0,Calvin Munson,26,MIA,LB,16,0,0,0,0,0,0,0,0,0,0,0,0.0,9,6,3,0,0,0
,Jason Myers,29,SEA,K,16,0,0,0,0,0,0,0,0,0,0,0,0.0,2,1,1,0,0,0
3127335.0,Ryan Nall,25,CHI,RB,16,0,0,0,0,0,0,0,0,0,0,0,0.0,4,3,1,0,0,0
552287.0,Siran Neal,26,BUF,DB,16,0,0,0,0,0,1,0,0,0,0,0,0.0,13,9,4,0,1,0
536062.0,Pat O'Connor,27,TAM,DE,16,0,0,0,0,0,0,0,0,0,0,0,1.0,4,3,1,1,1,0
548895.0,George Odum,27,IND,DB,16,0,0,0,0,0,0,1,0,0,0,0,0.0,21,14,7,0,0,0
4259252.0,James Pierre,24,PIT,CB,16,0,0,0,0,0,0,0,0,0,0,0,0.0,10,7,3,1,0,0
534595.0,Bradley Pinion,26,TAM,P,16,0,0,0,0,0,0,0,0,0,0,0,0.0,1,1,0,0,0,0
546549.0,Jalen Reeves-Maybin,25,DET,LB,16,0,0,0,0,0,0,0,0,0,0,0,0.0,10,9,1,0,0,0
,LaRoy Reynolds,30,ATL,LB,16,0,0,0,0,0,1,1,0,1,0,0,0.0,12,7,5,0,0,0
,Luke Rhodes,28,IND,LB,16,0,0,0,0,0,0,0,0,0,0,0,0.0,3,3,0,0,0,0
170456.0,Jordan Richards,27,BAL,DB,16,0,0,0,0,0,0,0,0,0,0,0,0.0,4,3,1,0,0,0
184902.0,Craig Robertson,32,NOR,LB,16,0,0,0,0,0,0,1,0,0,0,0,0.0,7,7,0,0,0,0
506126.0,Cairo Santos,29,CHI,K,16,0,0,0,0,0,0,0,0,0,0,0,0.0,1,1,0,0,0,0
,Patrick Scales,32,CHI,LS,16,0,0,0,0,0,0,0,0,0,0,0,0.0,1,1,0,0,0,0
153167.0,Matthew Slater,35,NWE,WR,16,0,0,0,0,0,0,0,0,0,0,0,0.0,7,3,4,0,0,0
3124084.0,Joey Slye,24,CAR,K,16,0,0,0,0,0,0,0,0,0,0,0,0.0,2,2,0,0,0,0
,Ryan Smith,27,TAM,DB,16,0,0,0,0,0,0,0,0,0,0,0,0.0,4,4,0,0,0,0
,Julian Stanford,30,CAR,LB,16,0,0,0,0,0,0,0,0,0,0,0,0.0,10,4,6,0,0,0
3116679.0,M.J. Stewart,25,CLE,DB,16,0,2,51,0,30,3,0,0,0,0,0,1.0,22,18,4,2,1,0
,Nick Sundberg,33,WAS,LS,16,0,0,0,0,0,0,0,0,0,0,0,0.0,1,1,0,0,0,0
,Zach Triner,29,TAM,LS,16,0,0,0,0,0,0,0,0,0,0,0,0.0,2,2,0,0,0,0
377938.0,Justin Tucker,31,BAL,K,16,0,0,0,0,0,0,0,0,0,0,0,0.0,1,1,0,0,0,0
3134315.0,Jacob Tuioti-Mariner,24,ATL,DT,16,0,0,0,0,0,2,1,0,3,1,0,1.0,31,24,7,1,5,0
,Zeke Turner,24,ARI,DB,16,0,0,0,0,0,0,0,0,0,0,0,0.0,14,4,10,0,0,0
546229.0,Tanner Vallejo,26,ARI,LB,16,0,0,0,0,0,0,0,0,0,0,0,1.0,26,18,8,0,2,0
3128685.0,Armon Watts,24,MIN,DT,16,0,0,0,0,0,0,0,0,0,0,0,0.5,31,12,19,0,2,0
377859.0,Tress Way,30,WAS,P,16,0,0,0,0,0,0,0,0,0,0,0,0.0,1,1,0,0,0,0
3119317.0,Nsimba Webster,24,LAR,WR,16,0,0,0,0,0,0,0,3,2,0,0,0.0,12,9,3,0,0,0
,Jon Weeks,34,HOU,LS,16,0,0,0,0,0,0,0,0,0,0,0,0.0,1,1,0,0,0,0
,Kyle Wilber,31,LVR,LB,16,0,0,0,0,0,0,0,0,1,0,0,0.0,12,7,5,0,0,0
559594.0,Darrel Williams,25,KAN,RB,16,0,0,0,0,0,0,0,0,1,0,0,0.0,0,0,0,0,0,0
,Cedrick Wilson Jr.,25,DAL,WR,16,0,0,0,0,0,0,1,0,0,0,0,0.0,1,1,0,0,0,0
,James Winchester,31,KAN,LS,16,0,0,0,0,0,0,0,0,0,0,0,0.0,3,2,1,0,0,0
4035685.0,Mitch Wishnowsky,28,SFO,P,16,0,0,0,0,0,0,0,0,0,0,0,0.0,4,3,1,0,0,0
3895429.0,Jaire Alexander,23,GNB,LCB,15,15,1,-4,0,-4,13,1,0,0,0,0,1.0,51,40,11,2,1,1
3127287.0,Budda Baker,24,ARI,SS,15,15,2,90,0,90,6,1,0,0,0,0,2.0,118,90,28,7,3,0
515515.0,Shaquil Barrett,28,TAM,ROLB,15,15,0,0,0,0,3,2,0,0,0,0,8.0,57,43,14,11,16,1
515862.0,James Bradberry,27,NYG,LCB,15,15,3,19,0,19,18,2,0,1,0,0,0.0,54,44,10,0,0,0
511614.0,Teddy Bridgewater,28,CAR,QB,15,15,0,0,0,0,0,0,6,1,-7,0,0.0,0,0,0,0,0,0
481978.0,Michael Brockers,30,LAR,DE,15,15,0,0,0,0,0,0,0,0,0,0,5.0,51,21,30,5,10,0
4043169.0,Jeremy Chinn,22,CAR,RLB,15,15,1,0,0,0,5,2,0,2,45,2,1.0,117,68,49,2,5,0
511704.0,Frank Clark,27,KAN,RDE,15,15,0,0,0,0,2,0,0,1,14,0,6.0,29,21,8,8,15,0
,Fletcher Cox,30,PHI,RDT,15,15,0,0,0,0,1,1,0,0,0,0,6.5,41,28,13,9,9,0
3929950.0,Tremaine Edmunds,22,BUF,MLB,15,15,0,0,0,0,3,0,0,0,0,0,2.0,119,77,42,4,3,0
549811.0,Ezekiel Elliott,25,DAL,RB,15,15,0,0,0,0,0,0,6,2,0,0,0.0,0,0,0,0,0,0
547401.0,Jared Goff,26,LAR,QB,15,15,0,0,0,0,0,0,7,1,0,0,0.0,0,0,0,0,0,0
,Todd Gurley,26,ATL,RB,15,15,0,0,0,0,0,0,2,2,0,0,0.0,0,0,0,0,0,0
550879.0,Trey Hendrickson,26,NOR,RDE,15,15,0,0,0,0,1,1,0,0,0,0,13.5,25,22,3,12,25,0
4038941.0,Justin Herbert,22,LAC,QB,15,15,0,0,0,0,0,0,8,3,-12,0,0.0,0,0,0,0,0,0
235682.0,Cameron Heyward,31,PIT,DT,15,15,1,0,0,0,3,0,0,0,0,0,4.0,54,30,24,7,19,0
,Akiem Hicks,31,CHI,DE/DT,15,15,0,0,0,0,1,0,0,1,4,0,3.5,49,30,19,7,21,0
3116406.0,Tyreek Hill,26,KAN,WR,15,15,0,0,0,0,0,1,1,0,0,0,0.0,0,0,0,0,0,0
,Trey Hopkins,28,CIN,C,15,15,0,0,0,0,0,0,0,1,0,0,0.0,0,0,0,0,0,0
183258.0,Jerry Hughes,32,BUF,LDE/RDE,15,15,1,-3,0,-3,3,2,0,2,21,1,4.5,29,19,10,4,11,0
3126356.0,Marlon Humphrey,24,BAL,LCB,15,15,1,8,0,8,11,8,0,0,0,0,2.5,82,70,12,4,4,1
480441.0,Micah Hyde,30,BUF,FS,15,15,1,33,0,33,5,0,1,0,0,0,0.0,70,48,22,1,0,0
4047365.0,Josh Jacobs,22,LVR,RB,15,15,0,0,0,0,0,0,2,0,0,0,0.0,0,0,0,0,0,0
530397.0,Rayshawn Jenkins,26,LAC,SS,15,15,2,23,0,23,4,0,0,0,0,0,1.0,84,58,26,4,1,0
377964.0,Travis Kelce,31,KAN,TE,15,15,0,0,0,0,0,0,1,0,0,0,0.0,0,0,0,0,0,0
3139477.0,Patrick Mahomes,25,KAN,QB,15,15,0,0,0,0,0,0,5,2,-10,0,0.0,0,0,0,0,0,0
504168.0,Tyrann Mathieu,28,KAN,SS/RLB,15,15,6,70,1,25,9,0,0,1,-2,0,0.0,62,48,14,3,2,0
3121422.0,Terry McLaurin,25,WAS,WR,15,15,0,0,0,0,0,0,1,0,0,0,0.0,0,0,0,0,0,0
534427.0,Jalen Mills,26,PHI,FS,15,15,1,5,0,5,3,1,0,0,0,0,1.5,74,59,15,4,5,0
546871.0,Steven Nelson,27,PIT,RCB,15,15,2,3,0,3,9,0,0,1,0,0,0.0,48,43,5,2,0,0
232016.0,Cam Newton,31,NWE,QB,15,15,0,0,0,0,0,0,6,3,-29,0,0.0,0,0,0,0,0,0
3122930.0,Derrick Nnadi,24,KAN,RDT,15,15,0,0,0,0,0,0,0,0,0,0,0.0,47,23,24,0,1,0
533322.0,Ifeadi Odenigbo,26,MIN,LDE/RDE,15,15,0,0,0,0,0,0,0,0,0,0,3.5,35,16,19,3,15,1
551905.0,Larry Ogunjobi,26,CLE,RDT,15,15,0,0,0,0,0,1,0,0,0,0,2.5,46,23,23,5,6,0
,David Onyemata,28,NOR,LDT,15,15,1,3,0,3,2,0,0,0,0,0,6.5,44,20,24,10,16,0
,Justin Pugh,30,ARI,LG,15,15,0,0,0,0,0,0,0,0,0,0,0.0,1,1,0,0,0,0
546810.0,Jalen Ramsey,26,LAR,RCB,15,15,1,2,0,2,9,0,0,0,0,0,0.0,44,36,8,2,1,0
,Riley Reiff,32,MIN,LT,15,15,0,0,0,0,0,0,0,2,0,0,0.0,0,0,0,0,0,0
3925357.0,Calvin Ridley,26,ATL,WR,15,15,0,0,0,0,0,0,1,0,0,0,0.0,0,0,0,0,0,0
,Ben Roethlisberger,38,PIT,QB,15,15,0,0,0,0,0,0,5,2,-13,0,0.0,0,0,0,0,0,0
3915419.0,Darnell Savage Jr.,23,GNB,FS,15,15,4,13,0,9,12,0,0,1,0,0,1.0,75,56,19,3,2,0
4035369.0,Jeffery Simmons,23,TEN,DT,15,15,0,0,0,0,5,1,0,3,0,0,3.0,49,24,25,3,14,0
517634.0,Stephon Tuitt,27,PIT,DE,15,15,0,0,0,0,3,2,0,0,0,0,11.0,45,33,12,10,25,0
546866.0,T.J. Watt,26,PIT,LOLB,15,15,1,0,0,0,7,2,0,0,0,0,15.0,53,43,10,23,41,0
4035434.0,Devin White,22,TAM,LILB,15,15,0,0,0,0,4,1,0,1,2,0,9.0,140,97,43,15,16,0
545680.0,Xavier Woods,25,DAL,FS,15,15,0,0,0,0,1,0,0,0,0,0,0.0,72,48,24,2,1,0
4241986.0,Chase Young,21,WAS,LDE,15,15,0,0,0,0,4,4,0,3,57,1,7.5,44,32,12,10,12,0
3912028.0,Nasir Adderley,23,LAC,FS,15,14,1,39,0,39,3,0,0,1,1,0,0.0,69,58,11,0,1,0
4035661.0,Julian Blackmon,22,IND,FS,15,14,2,19,0,15,6,1,0,0,0,0,0.0,42,35,7,3,0,0
530870.0,DeForest Buckner,26,IND,LDT,15,14,0,0,0,0,3,2,0,1,0,0,9.5,58,37,21,10,26,1
4035631.0,Brian Burns,22,CAR,LDE,15,14,0,0,0,0,4,3,0,0,0,0,9.0,58,35,23,8,21,0
120142.0,Frank Gore,37,NYJ,RB,15,14,0,0,0,0,0,0,1,0,0,0,0.0,0,0,0,0,0,0
517229.0,Jarvis Landry,28,CLE,WR,15,14,0,0,0,0,0,0,2,3,6,0,0.0,0,0,0,0,0,0
186421.0,David Montgomery,23,CHI,RB,15,14,0,0,0,0,0,0,1,0,0,0,0.0,0,0,0,0,0,0
,D.J. Moore,23,CAR,WR,15,14,0,0,0,0,0,1,0,1,1,0,0.0,0,0,0,0,0,0
551326.0,Keanu Neal,25,ATL,FS,15,14,1,0,0,0,2,0,0,1,0,0,1.0,100,76,24,9,3,0
,Foyesade Oluokun,25,ATL,MLB,15,14,2,65,0,51,4,4,1,1,0,0,3.0,117,78,39,4,9,0
3115962.0,Jabrill Peppers,25,NYG,SS,15,14,1,6,0,6,11,1,0,1,0,0,2.5,91,57,34,8,3,0
512039.0,Darius Slay,29,PHI,RCB,15,14,1,25,0,25,6,0,0,0,0,0,0.0,59,53,6,2,0,0
535744.0,Kenyan Drake,26,ARI,RB,15,13,0,0,0,0,0,0,3,1,0,0,0.0,0,0,0,0,0,0
,C.J. Gardner-Johnson,23,NOR,DB,15,13,1,3,0,3,13,0,0,0,0,0,1.0,66,52,14,5,4,0
3932905.0,Diontae Johnson,24,PIT,WR,15,13,0,0,0,0,0,0,2,2,4,0,0.0,0,0,0,0,0,0
546713.0,Jourdan Lewis,25,DAL,DB,15,13,0,0,0,0,2,0,0,1,0,0,2.0,59,40,19,7,1,0
,Pernell McPhee,32,BAL,LOLB,15,13,0,0,0,0,1,0,0,0,0,0,3.0,34,26,8,3,15,0
,Robert Quinn,30,CHI,ROLB,15,13,0,0,0,0,0,3,0,1,0,0,2.0,20,14,6,0,6,0
4242335.0,Jonathan Taylor,21,IND,RB,15,13,0,0,0,0,0,0,1,0,0,0,0.0,0,0,0,0,0,0
,Mike Davis,27,CAR,RB,15,12,0,0,0,0,0,0,1,0,0,0,0.0,0,0,0,0,0,0
3124067.0,Terrell Edmunds,23,PIT,SS,15,12,2,11,0,7,8,0,0,0,0,0,1.0,68,46,22,1,1,0
534695.0,Cooper Kupp,27,LAR,WR,15,12,0,0,0,0,0,0,1,0,0,0,0.0,0,0,0,0,0,0
,Matt Skura,27,BAL,C,15,12,0,0,0,0,0,0,4,0,-27,0,0.0,0,0,0,0,0,0
,Kaden Smith,23,NYG,TE,15,12,0,0,0,0,0,0,1,1,0,0,0.0,0,0,0,0,0,0
3138834.0,Sione Takitaki,25,CLE,RLB,15,12,1,50,1,50,1,0,0,0,0,0,1.0,67,41,26,2,2,0
,C.J. Ham,27,MIN,FB,15,11,0,0,0,0,0,0,0,0,0,0,0.0,6,5,1,0,0,0
,Javon Hargrave,27,PHI,LDT,15,11,0,0,0,0,1,0,0,1,0,0,4.5,38,16,22,5,8,0
381492.0,Daniel Sorensen,30,KAN,SS/FS,15,11,3,67,1,50,5,2,0,0,0,0,0.0,91,68,23,2,4,0
,Mike Williams,26,LAC,WR,15,11,1,0,0,0,1,0,0,1,0,0,0.0,0,0,0,0,0,0
174183.0,Tyson Alualu,33,PIT,NT,15,10,0,0,0,0,5,1,0,0,0,0,2.0,38,17,21,4,5,0
546633.0,Wayne Gallman,26,NYG,RB,15,10,0,0,0,0,0,0,1,1,0,0,0.0,0,0,0,0,0,0
514218.0,Melvin Gordon,27,DEN,RB,15,10,0,0,0,0,0,0,4,0,-15,0,0.0,0,0,0,0,0,0
551298.0,Alvin Kamara,25,NOR,RB,15,10,0,0,0,0,0,0,1,3,0,0,0.0,0,0,0,0,0,0
,Jordan Mailata,23,PHI,LT,15,10,0,0,0,0,0,1,0,1,0,0,0.0,0,0,0,0,0,0
533627.0,Patrick Ricard,26,BAL,FB,15,10,0,0,0,0,0,0,1,0,0,0,0.0,0,0,0,0,0,0
4040774.0,Harrison Bryant,22,CLE,TE,15,9,0,0,0,0,0,0,2,0,0,0,0.0,0,0,0,0,0,0
516329.0,Eric Ebron,27,PIT,TE,15,9,0,0,0,0,0,0,1,0,0,0,0.0,0,0,0,0,0,0
3917340.0,Kingsley Keke,24,GNB,RDE,15,9,0,0,0,0,2,1,0,0,0,0,4.0,21,12,9,3,8,0
4035407.0,Bravvion Roy,24,CAR,LDT,15,9,0,0,0,0,0,0,0,0,0,0,1.0,29,13,16,2,5,0
546650.0,Tyler Boyd,26,CIN,WR,15,8,0,0,0,0,0,0,1,0,0,0,0.0,0,0,0,0,0,0
546678.0,Folorunso Fatukasi,25,NYJ,NT,15,8,0,0,0,0,2,1,0,1,2,0,2.0,42,22,20,6,5,0
,Mario Addison,33,BUF,RDE,15,7,0,0,0,0,4,0,0,0,0,0,5.0,30,21,9,7,8,0
3122154.0,Khari Blasingame,24,TEN,FB,15,7,0,0,0,0,0,0,0,0,0,0,0.0,3,2,1,0,0,0
4038999.0,Byron Murphy,22,ARI,RCB,15,7,0,0,0,0,8,0,0,2,3,0,2.0,51,40,11,3,2,0
383847.0,Latavius Murray,30,NOR,RB,15,7,0,0,0,0,0,0,1,0,0,0,0.0,0,0,0,0,0,0
500244.0,Nickell Robey-Coleman,28,PHI,LCB,15,7,0,0,0,0,1,1,0,1,0,0,0.0,44,37,7,2,0,0
517347.0,Darian Thompson,27,DAL,SS,15,7,1,3,0,3,1,1,0,0,0,0,0.0,43,30,13,0,1,0
545814.0,Tracy Walker,25,DET,SS,15,7,0,0,0,0,4,0,0,0,0,0,1.0,87,64,23,5,2,0
,Mo Alie-Cox,27,IND,TE,15,6,0,0,0,0,0,0,1,0,0,0,0.0,0,0,0,0,0,0
382341.0,Ryan Griffin,30,NYJ,TE,15,6,0,0,0,0,0,0,0,0,0,0,0.0,5,3,2,0,0,0
,Malik Jackson,30,PHI,LDT,15,6,0,0,0,0,2,0,0,1,0,0,2.5,28,15,13,6,13,0
,Adam Trautman,23,NOR,TE,15,6,0,0,0,0,0,0,0,0,0,0,0.0,1,1,0,0,0,0
545589.0,Cethan Carter,25,CIN,TE,15,5,0,0,0,0,0,0,0,0,0,0,0.0,10,6,4,0,0,0
102588.0,Jared Cook,33,NOR,TE,15,5,0,0,0,0,0,0,1,0,0,0,0.0,0,0,0,0,0,0
,Demetrius Harris,29,CHI,TE,15,5,0,0,0,0,0,1,0,0,0,0,0.0,3,2,1,0,0,0
3140643.0,Ben Niemann,25,KAN,LB,15,5,0,0,0,0,0,1,0,2,0,0,1.0,44,29,15,3,3,0
3929865.0,Charles Omenihu,23,HOU,DE,15,5,0,0,0,0,2,0,0,0,0,0,4.0,17,11,6,5,16,0
3121427.0,Curtis Samuel,24,CAR,WR,15,5,0,0,0,0,0,0,1,1,0,0,0.0,0,0,0,0,0,0
135668.0,Michael Burton,28,NOR,RB,15,4,0,0,0,0,0,0,0,0,0,0,0.0,1,1,0,0,0,0
531984.0,Adam Butler,26,NWE,DT,15,4,0,0,0,0,2,0,0,0,0,0,4.0,34,18,16,6,7,0
513146.0,Chris Conley,28,JAX,WR,15,4,0,0,0,0,0,0,1,0,0,0,0.0,0,0,0,0,0,0
4046523.0,Rashan Gary,23,GNB,DE,15,4,0,0,0,0,1,0,0,1,1,0,5.0,35,19,16,5,11,0
,J.C. Hassenauer,25,PIT,C,15,4,0,0,0,0,0,0,1,0,-4,0,0.0,0,0,0,0,0,0
4040715.0,Jalen Hurts,22,PHI,QB,15,4,0,0,0,0,0,0,9,3,-12,0,0.0,0,0,0,0,0,0
505600.0,Dean Marlowe,28,BUF,DB,15,4,2,39,0,23,3,0,0,1,0,0,1.5,22,16,6,2,2,0
236612.0,Malcolm Smith,31,CLE,LB,15,4,1,2,0,2,2,1,0,0,0,0,1.0,72,49,23,3,1,0
183297.0,Joe Thomas,29,DAL,LB,15,4,0,0,0,0,2,0,0,0,0,0,0.0,48,30,18,3,2,0
3917657.0,Zack Baun,24,NOR,LB,15,3,0,0,0,0,0,0,0,0,0,0,0.0,12,7,5,1,0,0
546828.0,Tyler Lancaster,26,GNB,DT,15,3,0,0,0,0,1,0,0,0,0,0,0.0,23,8,15,0,0,0
,Kalif Raymond,26,TEN,WR,15,3,0,0,0,0,0,0,0,0,0,0,0.0,2,1,1,0,0,0
3917852.0,Sheldrick Redwine,24,CLE,DB,15,3,1,8,0,8,1,0,0,0,0,0,0.5,27,19,8,0,1,0
4035463.0,K'Von Wallace,23,PHI,S,15,3,0,0,0,0,0,0,0,1,0,0,0.0,21,15,6,0,0,0
534576.0,P.J. Williams,27,NOR,DB,15,3,1,30,0,30,2,0,0,2,0,0,0.0,40,31,9,0,0,0
,T.J. Carrie,30,IND,DB,15,2,2,47,1,47,8,0,1,1,25,0,0.0,32,25,7,1,0,0
188285.0,Adrian Clayborn,32,CLE,DE,15,2,0,0,0,0,1,1,0,0,0,0,3.5,12,6,6,3,7,0
,John Franklin-Myers,24,NYJ,DT,15,2,0,0,0,0,2,0,0,2,0,0,3.0,19,8,11,5,13,0
3116726.0,Kentavius Street,24,SFO,DE,15,2,0,0,0,0,0,0,0,0,0,0,0.0,11,5,6,1,0,0
546552.0,Kendal Vickers,25,LVR,DE,15,2,0,0,0,0,0,0,0,0,0,0,2.0,10,5,5,3,3,0
531204.0,Nick Vigil,27,LAC,LB,15,2,0,0,0,0,1,1,0,2,44,0,2.0,50,29,21,3,0,0
381682.0,Tavon Wilson,30,IND,DB,15,2,0,0,0,0,1,0,0,1,0,0,0.0,26,23,3,2,0,0
3126081.0,Olasunkanmi Adeniyi,23,PIT,LB,15,1,0,0,0,0,0,1,0,0,0,0,0.0,16,11,5,1,0,0
4038557.0,Ross Blacklock,22,HOU,DT,15,1,0,0,0,0,0,0,0,0,0,0,0.0,14,10,4,1,2,0
4241985.0,J.K. Dobbins,22,BAL,RB,15,1,0,0,0,0,0,0,2,2,0,0,0.0,0,0,0,0,0,0
4039413.0,Alohi Gilman,23,LAC,S,15,1,0,0,0,0,0,0,0,0,0,0,0.0,7,5,2,0,1,0
549470.0,Kamu Grugier-Hill,26,MIA,LB,15,1,0,0,0,0,0,0,0,1,0,0,1.0,28,21,7,1,2,0
,Anthony Levine,33,BAL,DB,15,1,0,0,0,0,0,0,0,2,1,0,0.0,7,4,3,0,0,0
4259493.0,Keisean Nixon,23,LVR,DB,15,1,0,0,0,0,0,0,2,0,0,0,0.0,14,9,5,0,1,0
559559.0,Brandon Powell,25,ATL,WR,15,1,0,0,0,0,0,0,2,0,0,0,0.0,1,1,0,0,0,0
3122168.0,Trent Sherfield,24,ARI,WR,15,1,0,0,0,0,0,0,0,3,0,0,0.0,9,6,3,0,0,0
,Malik Taylor,25,GNB,WR,15,1,0,0,0,0,0,0,0,0,0,0,0.0,3,2,1,0,0,0
547166.0,Vincent Taylor,26,CLE,DT,15,1,0,0,0,0,0,0,0,1,0,0,0.0,12,9,3,2,1,0
4038902.0,Shaun Bradley,23,PHI,LB,15,0,0,0,0,0,0,0,0,0,0,0,0.0,15,9,6,1,0,0
,Cam Brown,22,NYG,LB,15,0,0,0,0,0,0,1,0,0,0,0,0.0,12,8,4,0,3,0
546845.0,Corey Clement,26,PHI,RB,15,0,0,0,0,0,0,0,0,0,0,0,0.0,5,4,1,0,0,0
,Morgan Cox,34,BAL,LS,15,0,0,0,0,0,0,0,0,0,0,0,0.0,2,1,1,0,0,0
,Jordan Dangerfield,30,PIT,DB,15,0,0,0,0,0,0,0,0,0,0,0,0.0,10,9,1,0,0,0
4038815.0,Rico Dowdle,22,DAL,RB,15,0,0,0,0,0,0,0,0,0,0,0,0.0,4,1,3,0,0,0
,Mario Edwards,26,CHI,DE,15,0,0,0,0,0,1,0,0,0,0,0,4.0,17,11,6,6,7,0
3124890.0,Kaden Elliss,25,NOR,LB,15,0,0,0,0,0,0,0,0,0,0,0,0.0,5,4,1,0,0,0
550490.0,Jordan Evans,25,CIN,LB,15,0,1,0,0,0,1,0,0,1,0,0,2.0,11,5,6,2,2,0
531445.0,Kavon Frazier,26,MIA,DB,15,0,0,0,0,0,0,0,0,0,0,0,0.0,6,5,1,0,0,0
140616.0,Stephen Gostkowski,36,TEN,K,15,0,0,0,0,0,0,0,0,0,0,0,0.0,1,1,0,0,0,0
3918310.0,Carl Granderson,24,NOR,DE,15,0,0,0,0,0,1,2,0,0,0,0,5.0,14,11,3,3,9,0
559639.0,Marquis Haynes,27,CAR,LB,15,0,0,0,0,0,1,1,0,2,1,0,4.0,18,15,3,4,5,0
3915522.0,K.J. Hill,23,LAC,CB,15,0,0,0,0,0,0,0,1,0,0,0,0.0,0,0,0,0,0,0
481142.0,Darryl Johnson,23,BUF,DE,15,0,0,0,0,0,0,0,0,0,0,0,1.0,14,11,3,3,3,0
3116105.0,Joshua Kalu,25,TEN,DB,15,0,0,0,0,0,0,1,0,0,0,0,0.0,16,12,4,0,0,0
513665.0,Miles Killebrew,27,DET,DB,15,0,0,0,0,0,0,0,0,0,0,0,0.0,12,10,2,0,0,0
549297.0,Younghoe Koo,26,ATL,K,15,0,0,0,0,0,0,0,0,0,0,0,0.0,1,0,1,0,0,0
,P.J. Locke,23,DEN,DB,15,0,0,0,0,0,0,0,0,0,0,0,0.0,3,2,1,0,0,0
482164.0,Brandon McManus,29,DEN,K,15,0,0,0,0,0,0,0,0,0,0,0,0.0,1,1,0,0,0,0
4046537.0,Josh Metellus,22,MIN,S,15,0,0,0,0,0,0,0,0,2,0,0,0.0,9,8,1,0,0,0
186392.0,Andre Roberts,32,BUF,WR,15,0,0,0,0,0,0,0,3,0,0,0,0.0,0,0,0,0,0,0
3116179.0,Nick Scott,25,LAR,DB,15,0,0,0,0,0,0,0,0,0,0,0,0.0,16,11,5,0,0,0
498990.0,Vernon Scott,23,GNB,S,15,0,0,0,0,0,0,0,0,0,0,0,1.0,13,11,2,2,1,0
,E.J. Speed,25,IND,LB,15,0,0,0,0,0,0,0,0,0,0,0,0.0,9,7,2,0,0,0
517561.0,Charles Washington,27,ARI,DB,15,0,0,0,0,0,1,1,0,0,0,0,0.0,12,7,5,0,0,0
550016.0,Jordan Wilkins,26,IND,RB,15,0,0,0,0,0,0,0,0,0,0,0,0.0,2,2,0,0,0,0
4035286.0,Joejuan Williams,23,NWE,DB,15,0,0,0,0,0,2,0,0,0,0,0,0.0,18,12,6,0,0,0
,Brandon Wilson,26,CIN,RB,15,0,0,0,0,0,0,1,0,0,0,0,0.0,13,9,4,0,0,0
3886376.0,Josh Woods,24,CHI,LB,15,0,0,0,0,0,0,0,0,1,0,0,0.0,14,9,5,0,0,0
382312.0,Blidi Wreh-Wilson,31,ATL,DB,15,0,3,26,0,23,4,0,0,0,0,0,0.0,9,6,3,1,0,0
520581.0,Davante Adams,28,GNB,WR,14,14,0,0,0,0,0,0,1,0,0,0,0.0,0,0,0,0,0,0
3116733.0,Bradley Chubb,24,DEN,ROLB,14,14,0,0,0,0,0,1,0,0,0,0,7.5,42,26,16,9,19,0
,Mason Cole,24,ARI,C,14,14,0,0,0,0,0,0,0,1,0,0,0.0,0,0,0,0,0,0
,Jamie Collins,31,DET,RLB/MLB,14,14,1,1,0,1,6,3,0,1,0,0,1.0,101,55,46,6,3,0
3116593.0,Dalvin Cook,25,MIN,RB,14,14,0,0,0,0,0,0,5,1,0,0,0.0,0,0,0,0,0,0
3916922.0,Byron Cowart,24,NWE,RDT,14,14,0,0,0,0,1,0,0,0,0,0,1.0,27,14,13,3,3,0
3916923.0,Carlton Davis,24,TAM,LCB,14,14,4,42,0,34,18,0,0,0,0,0,0.0,68,52,16,3,0,0
547021.0,Kendall Fuller,25,WAS,LCB/RCB,14,14,4,0,0,0,11,0,0,0,0,0,0.0,50,38,12,1,0,0
3122132.0,Myles Garrett,25,CLE,LDE,14,14,0,0,0,0,2,4,0,2,0,0,12.0,48,33,15,10,18,0
511204.0,B.J. Goodson,27,CLE,MLB,14,14,2,7,0,7,6,0,0,1,0,0,0.5,91,59,32,2,3,0
,Lawrence Guy,30,NWE,LDT,14,14,0,0,0,0,0,0,0,1,0,0,2.0,57,37,20,4,7,0
232013.0,Joe Haden,31,PIT,LCB,14,14,2,38,1,24,12,0,0,0,0,0,0.0,52,44,8,2,0,0
500828.0,Anthony Hitchens,28,KAN,LLB,14,14,0,0,0,0,1,0,0,0,0,0,0.0,78,44,34,2,4,0
547604.0,Myles Jack,25,JAX,LLB,14,14,1,0,0,0,5,1,0,2,16,0,1.0,118,72,46,6,2,0
553531.0,William Jackson III,28,CIN,RCB,14,14,1,30,0,30,11,0,0,0,0,0,0.0,45,38,7,1,0,0
139082.0,Aaron Jones,26,GNB,RB,14,14,0,0,0,0,0,0,2,1,0,0,0.0,0,0,0,0,0,0
120249.0,Byron Jones,28,MIA,LCB,14,14,2,15,0,15,4,1,1,0,0,0,0.0,37,28,9,0,0,0
,D.J. Jones,25,SFO,RDT,14,14,0,0,0,0,1,0,0,0,0,0,3.0,20,14,6,7,3,0
,Daniel Jones,23,NYG,QB,14,14,0,0,0,0,0,0,10,3,-5,0,0.0,0,0,0,0,0,0
3121421.0,Marshon Lattimore,24,NOR,RCB,14,14,2,13,0,13,11,0,0,0,0,0,0.0,62,52,10,2,0,0
,Shaquille Leonard,25,IND,LLB,14,14,0,0,0,0,7,3,1,2,3,0,3.0,132,86,46,7,3,0
535320.0,Cory Littleton,27,LVR,RLB,14,14,0,0,0,0,0,0,0,0,0,0,0.0,82,56,26,4,0,0
,Mitch Morse,28,BUF,C,14,14,0,0,0,0,0,0,0,1,0,0,0.0,0,0,0,0,0,0
530737.0,Eric Murray,26,HOU,FS,14,14,0,0,0,0,2,1,0,0,0,0,2.0,71,47,24,2,4,0
513059.0,Marcus Peters,27,BAL,RCB,14,14,4,17,0,12,9,4,1,2,-3,0,1.0,52,46,6,1,1,0
,Ethan Pocic,25,SEA,C,14,14,0,0,0,0,0,0,0,1,0,0,0.0,0,0,0,0,0,0
3128689.0,Frank Ragnow,24,DET,C,14,14,0,0,0,0,0,0,1,1,-5,0,0.0,0,0,0,0,0,0
4052042.0,James Robinson,22,JAX,RB,14,14,0,0,0,0,0,0,3,1,0,0,0.0,0,0,0,0,0,0
191151.0,Andrew Sendejo,33,CLE,FS,14,14,0,0,0,0,2,1,0,0,0,0,0.0,67,51,16,0,0,0
,Braden Smith,24,IND,RT,14,14,0,0,0,0,0,0,0,1,0,0,0.0,0,0,0,0,0,0
,AJ Terrell,22,ATL,LCB,14,14,1,0,0,0,7,3,0,0,0,0,0.0,74,61,13,3,1,0
502568.0,Jimmie Ward,29,SFO,FS,14,14,0,0,0,0,4,2,0,0,0,0,0.0,73,45,28,0,1,0
545878.0,Tre'Davious White,25,BUF,LCB/RCB,14,14,3,28,0,28,11,1,0,2,-1,0,1.5,57,44,13,2,3,0
,Cody Whitehair,28,CHI,C/LG,14,14,0,0,0,0,0,0,1,0,0,0,0.0,0,0,0,0,0,0
,Marcus Williams,24,NOR,FS,14,14,3,37,0,20,7,0,0,0,0,0,0.0,59,39,20,0,0,0
377669.0,Vince Williams,31,PIT,RILB,14,14,0,0,0,0,0,0,0,2,0,0,3.0,70,47,23,14,4,0
3929835.0,Khari Willis,24,IND,SS,14,14,2,93,1,50,6,1,0,0,0,0,2.0,85,65,20,3,4,0
501550.0,Keenan Allen,28,LAC,WR,14,13,0,0,0,0,0,0,3,0,0,0,0.0,0,0,0,0,0,0
531361.0,Denico Autry,30,IND,RDE,14,13,0,0,0,0,0,0,0,0,0,0,7.5,33,20,13,9,10,0
,Dante Fowler,26,ATL,RDE,14,13,0,0,0,0,1,1,0,0,0,0,3.0,23,12,11,4,8,0
382862.0,Casey Hayward,31,LAC,RCB,14,13,1,9,0,9,8,0,0,0,0,0,0.0,41,36,5,0,0,0
3843769.0,Donte Jackson,25,CAR,LCB,14,13,3,110,0,66,11,0,0,0,0,0,0.0,34,22,12,1,0,0
3912550.0,Ronald Jones II,23,TAM,RB,14,13,0,0,0,0,0,0,2,0,0,0,0.0,0,0,0,0,0,0
,Matt Judon,28,BAL,ROLB,14,13,0,0,0,0,2,0,0,0,0,0,6.0,50,32,18,9,21,1
502463.0,Kyle Van Noy,29,MIA,ROLB/RILB,14,13,0,0,0,0,6,2,0,2,28,0,6.0,69,46,23,10,10,0
,Olivier Vernon,30,CLE,RDE,14,13,0,0,0,0,3,1,0,1,0,0,9.0,36,24,12,12,16,1
4037361.0,Charvarius Ward,24,KAN,LCB,14,13,0,0,0,0,6,0,0,0,0,0,1.0,51,38,13,1,3,0
,Nick Williams,30,DET,DT/DE,14,13,0,0,0,0,2,0,0,0,0,0,1.0,23,12,11,2,3,0
165275.0,A.J. Brown,23,TEN,WR,14,12,0,0,0,0,0,0,2,0,0,0,0.0,0,0,0,0,0,0
163202.0,Corey Davis,25,TEN,WR,14,12,0,0,0,0,0,0,1,0,0,0,0.0,0,0,0,0,0,0
474860.0,Jack Doyle,30,IND,TE,14,12,0,0,0,0,0,0,1,0,0,0,0.0,0,0,0,0,0,0
3916273.0,Erik Harris,30,LVR,FS,14,12,0,0,0,0,5,1,0,0,0,0,0.0,61,44,17,1,1,0
4259491.0,Javon Kinlaw,23,SFO,LDT,14,12,1,27,1,27,4,0,0,0,0,0,1.5,33,15,18,3,4,0
3728266.0,Christian Wilkins,25,MIA,LDE,14,12,1,8,0,8,5,0,0,1,0,0,1.5,47,28,19,4,3,0
3943270.0,Rasul Douglas,25,CAR,RCB,14,11,0,0,0,0,9,0,0,0,0,0,0.0,62,50,12,1,0,0
482654.0,Dre Kirkpatrick,31,ARI,RCB,14,11,3,13,0,13,7,0,0,0,0,0,0.0,56,53,3,0,0,0
,Nicholas Morrow,25,LVR,LLB,14,11,1,6,0,6,9,1,0,1,0,0,3.0,78,62,16,8,6,0
511615.0,DeVante Parker,27,MIA,WR,14,11,0,0,0,0,0,0,1,0,0,0,0.0,0,0,0,0,0,0
,DeShawn Williams,28,DEN,NT,14,11,1,1,0,1,3,0,0,0,0,0,2.0,37,20,17,4,6,0
4360294.0,Antonio Gibson,22,WAS,RB,14,10,0,0,0,0,0,0,1,0,0,0,0.0,0,0,0,0,0,0
3895856.0,Christian Kirk,24,ARI,WR,14,10,0,0,0,0,0,0,1,0,0,0,0.0,0,0,0,0,0,0
3128451.0,Tre'Quan Smith,24,NOR,WR,14,10,0,0,0,0,0,0,1,2,0,0,0.0,0,0,0,0,0,0
545228.0,Donovan Wilson,25,DAL,SS,14,10,2,5,0,5,3,3,0,2,0,0,3.5,71,48,23,2,3,0
,Vernon Butler,26,BUF,LDT,14,9,0,0,0,0,1,1,0,0,0,0,0.0,18,9,9,5,2,0
3892883.0,Neville Gallimore,23,DAL,NT,14,9,0,0,0,0,1,0,0,0,0,0,0.5,28,11,17,4,4,0
4047839.0,N'Keal Harry,23,NWE,WR,14,9,0,0,0,0,0,0,1,0,0,0,0.0,0,0,0,0,0,0
3121414.0,Jalyn Holmes,24,MIN,LDE,14,9,0,0,0,0,2,0,0,0,0,0,0.0,36,16,20,2,4,0
505047.0,Nevin Lawson,29,LVR,RCB,14,9,0,0,0,0,4,2,0,1,0,0,1.0,61,47,14,1,1,0
3916433.0,Jakobi Meyers,24,NWE,WR,14,9,0,0,0,0,0,0,1,0,0,0,0.0,0,0,0,0,0,0
385316.0,Tahir Whitehead,30,CAR,MLB,14,9,1,0,0,0,1,0,0,1,10,0,0.0,51,27,24,0,1,0
,L.J. Fort,30,BAL,RILB,14,8,0,0,0,0,2,1,0,2,24,1,0.0,53,32,21,2,1,0
534504.0,Karl Joseph,27,CLE,SS,14,8,1,49,0,49,4,0,1,2,0,0,0.0,67,46,21,2,0,0
,Patrick Mekari,23,BAL,C,14,8,0,0,0,0,0,0,1,0,0,0,0.0,0,0,0,0,0,0
3117253.0,Bobby Okereke,24,IND,RLB,14,8,1,7,0,7,6,0,0,2,11,0,0.0,72,57,15,4,1,0
4046679.0,Troy Pride Jr.,22,CAR,RCB,14,8,0,0,0,0,2,0,0,0,0,0,0.0,42,27,15,1,0,0
,Derek Wolfe,30,BAL,RDE,14,8,0,0,0,0,2,0,0,1,0,0,1.0,51,19,32,6,4,0
3873935.0,Jamel Dean,24,TAM,DB,14,7,1,32,1,32,7,0,0,0,0,0,0.0,62,51,11,2,0,0
,Kyle Dugger,24,NWE,DB,14,7,0,0,0,0,0,0,0,0,0,0,0.0,64,43,21,1,0,0
380697.0,Josh Hill,30,NOR,TE,14,7,0,0,0,0,0,0,1,0,0,0,0.0,0,0,0,0,0,0
,Shaq Lawson,26,MIA,LOLB,14,7,0,0,0,0,1,1,0,1,36,1,4.0,32,17,15,4,18,0
,Antwaun Woods,27,DAL,DT,14,7,0,0,0,0,0,0,0,0,0,0,1.0,23,7,16,1,2,0
4043130.0,Jordyn Brooks,23,SEA,LB,14,6,0,0,0,0,2,0,0,0,0,0,0.0,57,35,22,2,0,0
501084.0,Lamarcus Joyner,30,LVR,LLB,14,6,0,0,0,0,5,0,0,0,0,0,0.0,66,53,13,6,0,0
512845.0,Harvey Langi,28,NYJ,LILB,14,6,0,0,0,0,1,0,0,1,0,0,0.0,60,37,23,0,1,0
,Isaiah Wright,23,WAS,WR,14,6,0,0,0,0,0,0,3,2,0,0,0.0,2,1,1,0,0,0
,Ugo Amadi,23,SEA,DB,14,5,0,0,0,0,7,1,0,0,0,0,0.0,54,47,7,4,0,0
3139368.0,Marcus Epps,24,PHI,DB,14,5,2,0,0,0,4,0,0,0,0,0,0.0,47,35,12,0,0,0
,Senio Kelemete,30,HOU,LG,14,5,0,0,0,0,0,0,0,1,0,0,0.0,0,0,0,0,0,0
524841.0,Carl Nassib,27,LVR,LDE,14,5,1,23,0,23,5,0,0,0,0,0,2.5,28,17,11,5,9,0
177359.0,Emmanuel Sanders,33,NOR,WR,14,5,0,0,0,0,0,0,1,0,0,0,0.0,0,0,0,0,0,0
4037633.0,Amani Bledsoe,22,CIN,DE,14,4,0,0,0,0,2,0,0,0,0,0,0.0,17,6,11,0,0,0
532700.0,C.J. Board,27,NYG,WR,14,4,0,0,0,0,0,0,0,0,0,0,0.0,2,1,1,0,0,0
,Tevaughn Campbell,27,LAC,DB,14,4,1,6,1,6,3,1,0,0,0,0,0.0,22,16,6,0,1,0
551315.0,Jarrad Davis,26,DET,LB,14,4,0,0,0,0,0,2,0,0,0,0,0.5,46,25,21,1,4,0
,Sam Franklin,24,CAR,LB,14,4,0,0,0,0,1,0,0,0,0,0,1.0,23,15,8,1,1,0
514493.0,Jakeem Grant,28,MIA,WR,14,4,0,0,0,0,0,0,2,1,0,0,0.0,0,0,0,0,0,0
3925350.0,Anfernee Jennings,23,NWE,LB,14,4,0,0,0,0,0,0,0,0,0,0,0.0,20,10,10,0,1,0
517027.0,Richard Rodgers,28,PHI,TE,14,4,0,0,0,0,0,0,0,0,0,0,0.0,2,0,2,0,0,0
3912553.0,Porter Gustin,23,CLE,DE,14,3,0,0,0,0,0,0,0,0,0,0,0.0,30,13,17,2,2,0
559698.0,Shaun Dion Hamilton,25,WAS,LB,14,3,0,0,0,0,0,0,0,0,0,0,0.0,21,14,7,2,1,0
533286.0,Andy Janovich,27,CLE,RB,14,3,0,0,0,0,0,0,0,0,0,0,0.0,3,1,2,0,0,0
501163.0,Dontae Johnson,29,SFO,DB,14,3,0,0,0,0,3,0,0,0,0,0,1.0,23,17,6,1,2,0
,Nathan Shepherd,27,NYJ,DT,14,3,0,0,0,0,0,0,0,0,0,0,2.5,17,8,9,3,8,0
3693166.0,Josh Sweat,23,PHI,DE,14,3,0,0,0,0,2,3,0,0,0,0,6.0,38,24,14,9,12,0
536136.0,Jamaal Williams,25,GNB,RB,14,3,0,0,0,0,0,0,0,0,0,0,0.0,2,2,0,0,0,0
553708.0,Jamal Agnew,25,DET,WR,14,2,0,0,0,0,0,0,2,0,0,0,0.0,4,4,0,0,0,0
,Marcus Allen,24,PIT,DB,14,2,0,0,0,0,0,0,0,0,0,0,0.0,30,19,11,2,2,0
3116365.0,Mark Andrews,25,BAL,TE,14,2,0,0,0,0,0,0,2,0,0,0,0.0,0,0,0,0,0,0
501076.0,Terrence Brooks,28,NWE,DB,14,2,0,0,0,0,0,0,0,0,0,0,0.0,23,16,7,0,1,0
4034766.0,Carter Coughlin,23,NYG,LB,14,2,0,0,0,0,0,0,0,0,0,0,1.0,17,13,4,2,2,0
537577.0,Dare Ogunbowale,26,JAX,RB,14,2,0,0,0,0,0,0,0,0,0,0,0.0,10,8,2,0,0,0
4038849.0,D.J. Wonnum,23,MIN,DE,14,2,0,0,0,0,1,1,0,0,0,0,3.0,24,16,8,5,9,0
4240585.0,A.J. Epenesa,22,BUF,DE,14,1,0,0,0,0,1,0,0,0,0,0,1.0,14,11,3,3,4,0
3122766.0,Jaylon Ferguson,25,BAL,DE,14,1,0,0,0,0,1,0,0,1,0,0,2.0,30,21,9,7,5,0
4259170.0,Harrison Hand,22,MIN,CB,14,1,1,4,0,4,3,0,0,0,0,0,0.0,17,14,3,0,0,0
3916676.0,Ka'dar Hollman,26,GNB,DB,14,1,0,0,0,0,3,0,0,0,0,0,0.0,10,7,3,0,0,0
3138764.0,Jacob Martin,25,HOU,DE,14,1,0,0,0,0,1,1,0,1,0,0,3.0,20,13,7,3,3,0
4036275.0,Sean McKeon,23,DAL,TE,14,1,0,0,0,0,0,0,0,0,0,0,0.0,1,0,1,0,0,0
535280.0,Hardy Nickerson,26,MIN,LB,14,1,1,5,0,5,1,2,0,0,0,0,0.0,14,9,5,0,0,0
,Mike Pennel,29,KAN,DT,14,1,0,0,0,0,0,0,0,0,0,0,0.0,29,13,16,0,1,0
4254276.0,Alton Robinson,22,SEA,DE,14,1,0,0,0,0,0,1,0,0,0,0,4.0,22,13,9,5,4,0
3116721.0,Jaylen Samuels,24,PIT,RB,14,1,0,0,0,0,0,0,0,0,0,0,0.0,1,1,0,0,0,0
531973.0,Mason Schreck,27,CIN,TE,14,1,0,0,0,0,0,0,0,0,0,0,0.0,1,1,0,0,0,0
4361606.0,Darwin Thompson,23,KAN,RB,14,1,0,0,0,0,0,0,0,0,0,0,0.0,2,2,0,0,0,0
,Nick Westbrook-Ikhine,23,TEN,WR,14,1,0,0,0,0,0,0,0,0,0,0,0.0,3,3,0,0,0,0
547842.0,Chad Beebe,26,MIN,WR,14,0,0,0,0,0,0,0,2,0,0,0,0.0,2,2,0,0,0,0
,Trenton Cannon,26,CAR,RB,14,0,0,0,0,0,0,0,0,0,0,0,0.0,6,5,1,0,0,0
3929637.0,Dan Chisena,23,MIN,WR,14,0,0,0,0,0,0,0,0,1,0,0,0.0,6,6,0,0,0,0
3121538.0,Ryan Connelly,25,MIN,LB,14,0,0,0,0,0,0,0,0,0,0,0,0.0,6,6,0,0,0,0
559659.0,Logan Cooke,25,JAX,P,14,0,0,0,0,0,0,0,0,0,0,0,0.0,1,1,0,0,0,0
,Jamil Douglas,28,TEN,G,14,0,0,0,0,0,0,0,1,0,0,0,0.0,1,1,0,0,0,0
3914613.0,Emeke Egbule,24,LAC,LB,14,0,0,0,0,0,0,0,0,0,0,0,0.0,7,4,3,0,1,0
,Dennis Gardeck,26,ARI,LB,14,0,0,0,0,0,0,0,0,1,0,0,7.0,16,14,2,7,10,0
4039505.0,Reggie Gilliam,23,BUF,FB,14,0,0,0,0,0,0,1,0,0,0,0,0.0,2,2,0,0,0,0
551186.0,Shaquem Griffin,25,SEA,LB,14,0,0,0,0,0,1,0,0,0,0,0,1.0,9,6,3,1,3,0
,Buddy Howell,24,HOU,RB,14,0,0,0,0,0,0,0,0,0,0,0,0.0,2,2,0,0,0,0
4039375.0,Bryce Huff,22,NYJ,LB,14,0,0,0,0,0,1,0,0,0,0,0,2.0,16,12,4,4,4,0
3141066.0,Danny Johnson,25,WAS,DB,14,0,0,0,0,0,0,0,0,0,0,0,0.0,4,3,1,0,0,0
,Isaiah Johnson,25,LVR,DB,14,0,0,0,0,0,4,0,0,0,0,0,0.0,13,7,6,0,0,0
3672862.0,Jaquan Johnson,25,BUF,DB,14,0,0,0,0,0,0,0,0,0,0,0,0.0,4,3,1,0,0,0
533313.0,Joseph Jones,26,DEN,LB,14,0,0,0,0,0,0,0,0,0,0,0,0.0,3,1,2,0,0,0
3910544.0,Joshua Kelley,23,LAC,RB,14,0,0,0,0,0,0,0,2,0,0,0,0.0,1,1,0,0,0,0
3843843.0,Arden Key,24,LVR,DE,14,0,0,0,0,0,2,0,0,0,0,0,0.0,15,10,5,2,11,0
,Christopher Milton,28,TEN,DB,14,0,0,0,0,0,0,0,0,0,0,0,0.0,3,3,0,0,0,0
517182.0,Elijhaa Penny,27,NYG,RB,14,0,0,0,0,0,0,0,0,0,0,0,0.0,7,2,5,0,0,0
3123969.0,Ito Smith,25,ATL,RB,14,0,0,0,0,0,0,0,1,0,0,0,0.0,0,0,0,0,0,0
3686690.0,James Smith-Williams,23,WAS,DE,14,0,0,0,0,0,0,0,0,0,0,0,0.5,10,8,2,3,2,0
102256.0,Mike Thomas,26,CIN,WR,14,0,0,0,0,0,0,0,1,0,0,0,0.0,1,1,0,0,0,0
,James Vaughters,27,CHI,LB,14,0,0,0,0,0,0,0,0,0,0,0,1.5,22,15,7,2,2,0
478469.0,Jonathan Ward,23,ARI,RB,14,0,0,0,0,0,0,0,0,0,0,0,0.0,7,3,4,0,0,0
480696.0,James White,28,NWE,RB,14,0,0,0,0,0,0,0,1,1,0,0,0.0,0,0,0,0,0,0
4035020.0,Charlie Woerner,23,SFO,TE,14,0,0,0,0,0,0,0,0,0,0,0,0.0,2,1,1,0,0,0
3728305.0,Johnathan Abram,24,LVR,SS,13,13,2,29,0,24,6,0,0,1,0,0,0.0,86,60,26,3,4,0
3116187.0,Ja'Whaun Bentley,24,NWE,LLB,13,13,0,0,0,0,2,0,0,0,0,0,1.5,91,50,41,3,3,0
,Malcom Brown,26,NOR,RDT,13,13,0,0,0,0,0,0,0,0,0,0,1.0,27,9,18,3,2,0
3122752.0,Kenny Clark,25,GNB,NT,13,13,0,0,0,0,0,0,0,0,0,0,2.0,42,28,14,3,6,0
,Brandon Dunn,28,HOU,NT,13,13,0,0,0,0,0,0,0,1,0,0,0.0,26,12,14,0,3,0
3121416.0,Sam Hubbard,25,CIN,LDE/RDE,13,13,0,0,0,0,3,1,0,0,0,0,2.0,62,33,29,5,11,0
,Jackrabbit Jenkins,32,NOR,LCB,13,13,3,53,1,36,12,0,0,0,0,0,0.0,55,44,11,2,0,0
,Jaylon Johnson,21,CHI,RCB,13,13,0,0,0,0,15,0,0,0,0,0,0.0,44,34,10,1,0,0
185208.0,Josh Jones,26,JAX,SS,13,13,1,0,0,0,1,0,0,0,0,0,0.0,83,59,24,0,0,0
3924327.0,Drew Lock,24,DEN,QB,13,13,0,0,0,0,0,0,8,5,-5,0,0.0,0,0,0,0,0,0
,Shaq Mason,27,NWE,RG,13,13,0,0,0,0,0,0,0,1,0,0,0.0,0,0,0,0,0,0
380978.0,Rodney McLeod,30,PHI,SS,13,13,1,21,0,21,7,0,0,2,50,1,0.0,66,43,23,3,0,0
,Andrus Peat,27,NOR,LG,13,13,0,0,0,0,0,0,0,1,0,0,0.0,0,0,0,0,0,0
,Maurkice Pouncey,31,PIT,C,13,13,0,0,0,0,0,0,1,0,0,0,0.0,0,0,0,0,0,0
3931399.0,Justin Reid,23,HOU,SS,13,13,0,0,0,0,4,0,0,0,0,0,2.0,83,62,21,6,4,0
481808.0,Kenny Vaccaro,29,TEN,SS,13,13,0,0,0,0,5,0,0,1,53,0,1.0,83,62,21,6,1,0
,Greg Van Roten,30,NYJ,RG,13,13,0,0,0,0,0,0,0,0,0,0,0.0,1,1,0,0,0,0
517126.0,Jason Verrett,29,SFO,LCB,13,13,2,0,0,0,7,0,0,0,0,0,0.0,60,50,10,2,0,0
4040982.0,Quinnen Williams,23,NYJ,RDE,13,13,0,0,0,0,3,2,0,0,0,0,7.0,55,32,23,10,14,0
545478.0,Damien Wilson,27,KAN,MLB,13,13,0,0,0,0,1,1,0,0,0,0,0.0,73,46,27,3,0,0
511294.0,Juston Burris,27,CAR,SS,13,12,1,0,0,0,4,0,0,0,0,0,0.0,53,34,19,3,1,0
,Justin Jones,24,LAC,LDT,13,12,0,0,0,0,0,0,0,0,0,0,1.0,34,19,15,5,4,0
,Whitney Mercilus,30,HOU,LOLB,13,12,0,0,0,0,1,0,1,1,0,0,4.0,21,12,9,5,7,0
4241475.0,Henry Ruggs III,21,LVR,WR,13,12,0,0,0,0,0,0,2,1,0,0,0.0,0,0,0,0,0,0
546653.0,James Conner,25,PIT,RB,13,11,0,0,0,0,0,0,2,2,0,0,0.0,0,0,0,0,0,0
3916903.0,Dre Greenlaw,23,SFO,RLB/LLB,13,11,0,0,0,0,1,0,0,0,0,0,1.0,86,61,25,7,2,0
501664.0,Kevin Pierre-Louis,29,WAS,RLB,13,11,0,0,0,0,2,1,0,0,0,0,1.0,56,36,20,3,2,0
538490.0,Elandon Roberts,26,MIA,LILB,13,11,0,0,0,0,0,1,0,1,0,0,1.5,61,33,28,8,4,0
,Mackensie Alexander,27,CIN,RLB,13,10,1,21,0,21,6,0,0,0,0,0,0.0,47,32,15,1,0,0
4035817.0,Krys Barnes,22,GNB,RILB/LILB,13,10,0,0,0,0,0,1,0,0,0,0,1.0,80,49,31,5,1,0
559724.0,Derek Barnett,24,PHI,LDE,13,10,0,0,0,0,0,0,0,0,0,0,5.5,34,21,13,6,16,0
513672.0,LeShaun Sims,27,CIN,LCB,13,10,1,0,0,0,4,0,0,0,0,0,0.0,52,38,14,0,0,0
530869.0,Pharaoh Brown,26,HOU,TE,13,9,0,0,0,0,0,0,0,0,0,0,0.0,2,2,0,0,0,0
,Benson Mayowa,29,SEA,LOLB,13,9,0,0,0,0,3,2,0,1,13,0,6.0,24,19,5,7,9,0
3925358.0,Kendall Sheffield,24,ATL,LCB,13,9,0,0,0,0,3,1,0,0,0,0,0.0,51,37,14,0,0,0
3139522.0,Travis Fulgham,25,PHI,WR,13,8,0,0,0,0,0,0,0,1,0,0,0.0,0,0,0,0,0,0
3915525.0,Dre'Mont Jones,23,DEN,RDE,13,8,0,0,0,0,2,0,0,0,0,0,6.5,41,26,15,7,11,0
545886.0,Duke Riley,26,PHI,RLB,13,8,1,7,0,7,1,1,0,0,0,0,0.5,55,30,25,2,1,0
511422.0,Willie Snead,28,BAL,WR,13,8,0,0,0,0,0,0,1,0,0,0,0.0,0,0,0,0,0,0
4040983.0,Mack Wilson,22,CLE,LLB,13,8,0,0,0,0,2,0,0,0,0,0,0.0,39,24,15,1,0,0
3910229.0,Rock Ya-Sin,24,IND,LCB,13,8,1,0,0,0,7,1,0,0,0,0,0.0,45,36,9,0,0,0
545502.0,Zach Allen,23,ARI,LDT,13,7,0,0,0,0,3,0,0,0,0,0,2.0,35,20,15,5,6,0
4040980.0,Irv Smith Jr.,22,MIN,TE,13,7,0,0,0,0,0,0,0,0,0,0,0.0,1,1,0,0,0,0
546244.0,Rashard Higgins,26,CLE,WR,13,6,0,0,0,0,0,0,3,2,-22,0,0.0,0,0,0,0,0,0
,Kevin Johnson,28,CLE,RCB,13,6,0,0,0,0,3,1,0,1,0,0,0.5,35,22,13,0,3,0
517587.0,Denzel Perryman,28,LAC,DB,13,6,0,0,0,0,1,1,0,0,0,0,1.0,48,25,23,3,2,0
4240021.0,Cam Akers,21,LAR,RB,13,5,0,0,0,0,0,0,1,0,0,0,0.0,0,0,0,0,0,0
,Jeremiah Attaochu,27,DEN,OLB,13,5,0,0,0,0,0,1,0,0,0,0,5.0,31,24,7,6,9,0
,Jeff Heath,29,LVR,FS,13,5,3,89,0,47,4,0,0,0,0,0,0.0,37,28,9,1,1,0
,Donald Parham,23,LAC,TE,13,5,0,0,0,0,0,0,0,1,0,0,0.0,0,0,0,0,0,0
380279.0,Chris Banjo,30,ARI,FS,13,4,0,0,0,0,1,0,0,0,0,0,0.0,48,34,14,1,1,0
503955.0,Trey Burton,29,IND,TE,13,4,0,0,0,0,0,0,0,0,0,0,0.0,2,1,1,0,0,0
4371737.0,Chris Claybrooks,23,JAX,CB,13,4,0,0,0,0,3,0,1,0,0,0,0.0,39,33,6,1,0,0
4240380.0,KJ Hamler,21,DEN,WR,13,4,0,0,0,0,0,0,2,0,0,0,0.0,0,0,0,0,0,0
480499.0,Devon Kennard,29,ARI,LB,13,4,0,0,0,0,0,0,0,0,0,0,3.0,19,15,4,5,9,0
,Zach Kerr,30,CAR,DT,13,4,0,0,0,0,2,1,0,0,0,0,2.0,32,11,21,2,9,0
3121344.0,Ryan Neal,25,SEA,DB,13,4,2,1,0,1,5,0,0,0,0,0,0.0,44,33,11,3,0,1
3120358.0,Uchenna Nwosu,24,LAC,LB,13,4,0,0,0,0,2,0,0,0,0,0,4.5,33,20,13,5,11,0
4259545.0,D'Andre Swift,21,DET,RB,13,4,0,0,0,0,0,0,3,0,0,0,0.0,0,0,0,0,0,0
3859100.0,Deionte Thompson,23,ARI,FS,13,4,0,0,0,0,3,0,0,0,0,0,0.0,27,18,9,0,1,0
546814.0,DeMarcus Walker,26,DEN,DE,13,4,0,0,0,0,0,1,0,0,0,0,4.5,18,9,9,3,5,0
3918331.0,Andrew Wingard,24,JAX,DB,13,4,2,31,0,19,5,0,0,1,17,0,0.0,50,35,15,3,0,0
,Justin Ellis,30,BAL,DT,13,3,0,0,0,0,1,0,0,0,0,0,0.0,17,6,11,0,0,0
559752.0,Leonard Fournette,25,TAM,RB,13,3,0,0,0,0,0,0,0,1,0,0,0.0,0,0,0,0,0,0
3127273.0,Frankie Luvu,24,NYJ,LB,13,3,0,0,0,0,1,1,0,0,0,0,2.0,25,17,8,3,3,1
4036416.0,Byron Pringle,27,KAN,WR,13,3,0,0,0,0,0,0,0,0,0,0,0.0,2,2,0,0,0,0
3886601.0,Shy Tuttle,25,NOR,DT,13,3,0,0,0,0,2,0,0,0,0,0,0.0,28,17,11,2,1,0
,Dakota Allen,25,JAX,LB,13,2,0,0,0,0,0,0,0,0,0,0,0.0,18,12,6,3,1,0
4035793.0,Quintez Cephus,22,DET,WR,13,2,0,0,0,0,0,0,0,0,0,0,0.0,1,1,0,0,0,0
3914328.0,Andy Isabella,24,ARI,WR,13,2,0,0,0,0,0,0,1,1,0,0,0.0,0,0,0,0,0,0
,Gunner Olszewski,24,NWE,WR,13,2,0,0,0,0,0,0,1,1,0,0,0.0,2,1,1,0,0,0
,Adarius Taylor,30,CAR,LB,13,2,0,0,0,0,0,0,0,0,0,0,0.0,19,10,9,1,0,0
,Tony Brown,25,CIN,DB,13,1,0,0,0,0,1,0,0,0,0,0,0.0,13,7,6,2,0,0
,John Cominsky,25,ATL,DE,13,1,0,0,0,0,0,0,0,1,3,0,1.0,28,14,14,3,3,0
,Michael Danna,23,KAN,DE,13,1,0,0,0,0,0,0,0,0,0,0,2.5,25,16,9,4,6,0
547620.0,Kylie Fitts,26,ARI,LB,13,1,0,0,0,0,0,1,0,0,0,0,0.0,9,5,4,0,1,0
3929641.0,Kevin Givens,23,SFO,DT,13,1,0,0,0,0,1,0,0,1,0,0,1.0,19,14,5,5,3,0
3916409.0,Jonathan Greenard,23,HOU,LB,13,1,0,0,0,0,1,0,0,0,0,0,1.0,19,10,9,2,3,0
177099.0,Charles Harris,25,ATL,DE,13,1,0,0,0,0,2,0,0,0,0,0,3.0,18,8,10,3,5,0
,Dion Jordan,30,SFO,DE,13,1,0,0,0,0,1,1,0,1,0,0,3.0,17,11,6,3,5,0
3127274.0,Hercules Mata'afa,25,MIN,DE,13,1,0,0,0,0,0,0,0,0,0,0,2.5,24,12,12,3,6,0
,Jamal Perry,26,MIA,DB,13,1,0,0,0,0,1,0,0,0,0,0,0.0,26,16,10,0,0,0
531409.0,Will Redmond,27,GNB,DB,13,1,0,0,0,0,1,0,0,0,0,0,0.0,28,21,7,0,2,0
3929653.0,John Reid,24,HOU,CB,13,1,0,0,0,0,1,0,0,0,0,0,0.0,13,11,2,0,0,0
237733.0,Anthony Sherman,32,KAN,RB,13,1,0,0,0,0,0,0,0,0,0,0,0.0,1,1,0,0,0,0
4035019.0,Javon Wims,26,CHI,WR,13,1,0,0,0,0,0,0,0,0,0,0,0.0,1,0,1,0,0,0
535151.0,Chris Wormley,27,PIT,DE,13,1,0,0,0,0,0,0,0,0,0,0,1.0,8,3,5,1,3,0
480369.0,Daren Bates,30,TEN,LB,13,0,0,0,0,0,0,0,0,0,0,0,0.0,8,6,2,0,0,0
3932336.0,Francis Bernard,25,DAL,LB,13,0,0,0,0,0,0,0,0,0,0,0,0.0,6,2,4,0,0,0
536731.0,Austin Calitro,26,DEN,LB,13,0,0,0,0,0,0,0,0,0,0,0,0.0,3,3,0,0,0,0
118214.0,Cody Davis,31,NWE,DB,13,0,0,0,0,0,0,0,0,0,0,0,0.0,9,4,5,0,0,0
3131775.0,Tae Davis,24,CLE,LB,13,0,0,0,0,0,1,0,0,0,0,0,0.0,7,7,0,0,0,0
,Ashton Dulin,23,IND,WR,13,0,0,0,0,0,0,0,1,0,0,0,0.0,7,4,3,0,0,0
547014.0,Brandon Facyson,26,LAC,DB,13,0,0,0,0,0,0,1,0,0,0,0,0.0,16,13,3,0,0,0
546066.0,Clayton Fejedelem,27,MIA,DB,13,0,0,0,0,0,0,1,0,1,0,0,0.0,10,6,4,0,0,0
3929928.0,Jordan Glasgow,24,IND,LB,13,0,0,0,0,0,0,0,0,0,0,0,0.0,9,6,3,0,0,0
3917546.0,Penny Hart,24,SEA,WR,13,0,0,0,0,0,0,0,0,0,0,0,0.0,5,4,1,0,0,0
3821576.0,Malik Jefferson,24,LAC,LB,13,0,0,0,0,0,0,0,0,0,0,0,0.0,5,3,2,0,0,0
233336.0,Taiwan Jones,32,BUF,RB,13,0,0,0,0,0,0,0,0,0,0,0,0.0,6,5,1,0,0,0
3916209.0,Xavier Jones,23,LAR,RB,13,0,0,0,0,0,0,0,0,0,0,0,0.0,3,2,1,0,0,0
157876.0,Brett Kern,34,TEN,P,13,0,0,0,0,0,0,0,0,1,0,0,0.0,0,0,0,0,0,0
3728310.0,Natrez Patrick,23,LAR,LB,13,0,0,0,0,0,0,0,0,0,0,0,0.0,3,2,1,0,0,0
531791.0,Jalen Richard,27,LVR,RB,13,0,0,0,0,0,0,0,1,0,0,0,0.0,0,0,0,0,0,0
,Edmond Robinson,28,ATL,LB,13,0,0,0,0,0,0,0,0,0,0,0,0.0,15,8,7,0,1,0
4044540.0,Isaiah Rodgers,22,IND,CB,13,0,0,0,0,0,0,0,0,0,0,0,0.0,7,5,2,0,0,0
3125816.0,Linden Stephens,25,SEA,DB,13,0,0,0,0,0,0,0,0,0,0,0,0.0,3,3,0,0,0,0
379277.0,Shawn Williams,29,CIN,DB,13,0,0,0,0,0,1,0,0,0,0,0,0.0,16,12,4,0,0,0
559592.0,Jamal Adams,25,SEA,SS,12,12,0,0,0,0,3,1,0,0,0,0,9.5,83,59,24,11,14,0
500800.0,Ricardo Allen,29,ATL,SS,12,12,2,29,0,19,5,0,0,0,0,0,0.0,25,18,7,1,0,0
,Drew Brees,41,NOR,QB,12,12,0,0,0,0,0,0,6,2,0,0,0.0,0,0,0,0,0,0
161106.0,Calais Campbell,34,BAL,LDE,12,12,0,0,0,0,6,0,0,0,0,0,4.0,28,18,10,5,10,0
3919596.0,Chris Carson,26,SEA,RB,12,12,0,0,0,0,0,0,1,0,0,0,0.0,0,0,0,0,0,0
3128720.0,Nick Chubb,25,CLE,RB,12,12,0,0,0,0,0,0,1,0,0,0,0.0,0,0,0,0,0,0
3912547.0,Sam Darnold,23,NYJ,QB,12,12,0,0,0,0,0,0,4,0,0,0,0.0,0,0,0,0,0,0
3121544.0,T.J. Edwards,24,PHI,MLB,12,12,1,13,0,13,1,2,0,0,0,0,2.0,70,37,33,5,2,0
,Jordan Fuller,22,LAR,SS,12,12,3,45,0,37,5,0,0,0,0,0,0.0,60,42,18,0,0,0
3116165.0,Chris Godwin,24,TAM,WR,12,12,0,0,0,0,0,0,1,0,0,0,0.0,0,0,0,0,0,0
551183.0,Shaquill Griffin,25,SEA,LCB,12,12,3,20,0,16,12,0,0,0,0,0,0.0,63,53,10,2,0,0
3122920.0,Ryan Izzo,25,NWE,TE,12,12,0,0,0,0,0,0,1,0,0,0,0.0,0,0,0,0,0,0
,Jordan Jenkins,26,NYJ,ROLB/LOLB,12,12,0,0,0,0,1,1,0,0,0,0,2.0,32,15,17,3,6,0
,David Johnson,29,HOU,RB,12,12,0,0,0,0,0,0,2,1,0,0,0.0,0,0,0,0,0,0
518146.0,Nick Kwiatkoski,27,LVR,MLB,12,12,1,9,0,9,4,1,0,0,0,0,1.0,81,53,28,3,2,0
385438.0,Kyle Rudolph,31,MIN,TE,12,12,0,0,0,0,0,0,1,1,0,0,0.0,0,0,0,0,0,0
513065.0,Danny Shelton,27,DET,LDT,12,12,0,0,0,0,1,0,0,0,0,0,1.0,37,15,22,2,4,0
3133440.0,Levi Wallace,25,BUF,RCB/LCB,12,12,2,0,0,0,8,0,0,0,0,0,0.0,48,34,14,1,1,0
3915535.0,Denzel Ward,23,CLE,LCB,12,12,2,0,0,0,18,1,0,0,0,0,0.0,46,38,8,1,1,0
515607.0,Carson Wentz,28,PHI,QB,12,12,0,0,0,0,0,0,10,4,-17,0,0.0,0,0,0,0,0,0
530699.0,Jarrod Wilson,26,JAX,FS,12,12,1,48,0,48,3,0,0,0,0,0,0.0,69,45,24,2,0,0
4360438.0,Brandon Aiyuk,22,SFO,WR,12,11,0,0,0,0,0,0,0,1,5,0,0.0,0,0,0,0,0,0
,Maliek Collins,25,LVR,RDT,12,11,0,0,0,0,0,0,0,0,0,0,0.0,15,8,7,0,1,0
4040966.0,Trevon Diggs,22,DAL,RCB,12,11,3,43,0,33,14,1,0,0,0,0,1.0,58,49,9,1,0,0
4045163.0,Miles Sanders,23,PHI,RB,12,11,0,0,0,0,0,0,4,1,7,0,0.0,0,0,0,0,0,0
549808.0,Joey Bosa,25,LAC,LDE,12,10,0,0,0,0,1,0,0,1,0,0,7.5,39,29,10,15,27,0
4038987.0,Doug Costin,23,JAX,RDT,12,9,0,0,0,0,2,0,0,1,0,0,0.0,32,12,20,3,1,0
514580.0,Kyler Fackrell,29,NYG,ROLB/LOLB,12,9,1,46,1,46,2,1,0,0,0,0,4.0,34,23,11,7,10,0
550319.0,Darrell Daniels,26,ARI,TE,12,8,0,0,0,0,0,1,0,0,0,0,0.0,1,1,0,0,0,0
559725.0,Emmanuel Moseley,24,SFO,RCB,12,8,1,51,0,51,9,0,0,0,0,0,0.0,47,34,13,0,0,0
545930.0,Darius Phillips,25,CIN,LCB,12,8,1,21,0,21,12,2,0,0,0,0,0.0,38,30,8,2,2,0
,Tyre Phillips,23,BAL,RG,12,8,0,0,0,0,0,0,0,1,13,0,0.0,0,0,0,0,0,0
547259.0,Tre Flowers,25,SEA,RCB,12,7,0,0,0,0,2,1,0,0,0,0,0.0,47,37,10,1,0,0
4259594.0,Yetur Gross-Matos,22,CAR,RDE,12,7,0,0,0,0,0,1,0,0,0,0,2.5,24,9,15,2,6,0
3930086.0,Dawson Knox,24,BUF,TE,12,7,0,0,0,0,0,0,2,0,0,0,0.0,0,0,0,0,0,0
3129446.0,Robert Spillane,25,PIT,LILB,12,7,1,33,1,33,4,0,0,1,0,0,2.0,45,39,6,4,3,0
536202.0,Mike Hilton,26,PIT,DB,12,6,3,5,0,8,7,1,0,2,22,0,3.0,51,42,9,8,5,0
4242973.0,Darnay Holmes,22,NYG,DB,12,5,1,0,0,0,5,0,0,1,0,0,0.5,30,23,7,0,2,0
,James Hurst,29,NOR,T,12,5,0,0,0,0,0,0,0,1,0,0,0.0,0,0,0,0,0,0
,Josh Jackson,24,GNB,RCB,12,5,0,0,0,0,2,0,0,0,0,0,0.0,26,21,5,1,0,0
183771.0,Patrick Robinson,33,NOR,DB,12,4,2,0,0,0,4,0,0,0,0,0,0.0,14,11,3,1,0,0
4037216.0,Essang Bassey,22,DEN,CB,12,3,1,26,0,26,2,0,0,1,0,0,0.0,23,21,2,3,0,0
3117255.0,Harrison Phillips,24,BUF,DT,12,3,0,0,0,0,0,0,0,1,0,0,0.0,18,11,7,0,4,0
233733.0,Buster Skrine,31,CHI,DB,12,3,0,0,0,0,3,1,0,0,0,0,0.0,66,52,14,1,0,0
519517.0,Tye Smith,27,TEN,DB,12,3,0,5,0,5,1,0,0,0,0,0,0.0,15,11,4,1,0,0
,Jeff Wilson,25,SFO,RB,12,3,0,0,0,0,0,0,2,1,0,0,0.0,0,0,0,0,0,0
482733.0,Ross Cockrell,29,TAM,DB,12,2,0,0,0,0,1,0,0,0,0,0,0.0,11,9,2,1,1,0
4240631.0,DeeJay Dallas,22,SEA,RB,12,2,0,0,0,0,0,0,0,0,0,0,0.0,2,1,1,0,0,0
482466.0,Phillip Gaines,29,HOU,DB,12,2,0,0,0,0,1,0,0,0,0,0,0.0,24,18,6,0,0,0
3858276.0,Jaylinn Hawkins,23,ATL,S,12,2,0,0,0,0,0,0,0,0,0,0,0.5,13,8,5,0,1,0
,Steven Sims,23,WAS,WR,12,2,0,0,0,0,0,0,4,2,0,0,0.0,0,0,0,0,0,0
,Logan Wilson,24,CIN,LB,12,2,2,0,0,0,3,0,0,0,0,0,1.0,33,23,10,4,2,0
3139456.0,Cameron Batson,25,TEN,WR,12,1,0,0,0,0,0,0,1,1,-5,0,0.0,0,0,0,0,0,0
549314.0,Matt Breida,25,MIA,RB,12,1,0,0,0,0,0,0,2,1,0,0,0.0,2,1,1,0,0,0
,William Compton,31,TEN,LB,12,1,0,0,0,0,0,0,0,1,0,0,0.0,18,9,9,0,0,0
559554.0,Duke Dawson,24,DEN,DB,12,1,0,0,0,0,0,0,0,0,0,0,0.0,8,2,6,0,0,0
534657.0,Kevin Peterson,26,ARI,DB,12,1,0,0,0,0,1,0,0,1,0,0,0.0,6,3,3,0,0,0
530381.0,Sheldon Rankins,26,NOR,DT,12,1,0,0,0,0,1,0,0,0,0,0,1.5,20,13,7,3,9,0
3932442.0,Equanimeous St. Brown,24,GNB,WR,12,1,0,0,0,0,0,0,0,0,0,0,0.0,1,1,0,0,0,0
4360645.0,Davion Taylor,22,PHI,LB,12,1,0,0,0,0,0,0,0,0,0,0,0.0,10,7,3,0,0,0
,Cam Gill,23,TAM,LB,12,0,0,0,0,0,0,0,0,0,0,0,0.0,6,4,2,0,0,0
,Justice Hill,23,BAL,RB,12,0,0,0,0,0,0,1,0,0,0,0,0.0,9,6,3,0,0,0
4040901.0,Juju Hughes,22,LAR,DB,12,0,0,0,0,0,0,0,0,0,0,0,0.0,3,1,2,0,0,0
,Justin March,27,DAL,LB,12,0,0,0,0,0,0,0,0,0,0,0,0.0,4,3,1,0,0,0
3116602.0,Trey Marshall,24,DEN,DB,12,0,0,0,0,0,0,0,0,0,0,0,0.0,6,5,1,0,0,0
3128745.0,C.J. Moore,25,DET,DB,12,0,0,0,0,0,0,0,0,0,0,0,0.0,7,4,3,0,0,0
,Taybor Pepper,26,SFO,LS,12,0,0,0,0,0,0,0,0,0,0,0,0.0,2,1,1,0,0,0
4037468.0,Shaquille Quarterman,23,JAX,LB,12,0,0,0,0,0,0,0,0,0,0,0,0.0,6,4,2,0,0,0
3128675.0,Randy Ramsey,25,GNB,DE,12,0,0,0,0,0,0,0,0,0,0,0,0.0,11,5,6,0,0,0
,Andre Smith,23,BUF,LB,12,0,0,0,0,0,0,1,0,0,0,0,0.0,9,8,1,1,0,0
550766.0,Joe Walker,28,SFO,LB,12,0,0,0,0,0,0,0,0,0,0,0,0.0,6,5,1,0,0,0
514234.0,Derek Watt,28,PIT,FB,12,0,0,0,0,0,0,0,0,0,0,0,0.0,8,5,3,1,0,1
,Justin Zimmer,28,BUF,DT,12,0,0,0,0,0,0,1,0,0,0,0,1.0,21,13,8,3,7,0
501680.0,Bashaud Breeland,28,KAN,RCB,11,11,2,29,0,29,9,1,0,1,0,0,0.0,38,30,8,1,0,0
149877.0,Mike Daniels,31,CIN,LDT,11,11,0,0,0,0,0,0,0,0,0,0,0.0,17,7,10,1,1,0
517448.0,Bud Dupree,27,PIT,ROLB,11,11,0,0,0,0,2,2,0,0,0,0,8.0,31,23,8,8,15,0
3728258.0,Clelin Ferrell,23,LVR,LDE,11,11,0,0,0,0,3,2,0,0,0,0,2.0,27,18,9,3,10,0
483176.0,Stephon Gilmore,30,NWE,RCB,11,11,1,15,0,15,3,1,0,0,0,0,0.0,37,30,7,1,0,0
548251.0,Shelby Harris,29,DEN,LDE,11,11,0,0,0,0,7,1,0,0,0,0,2.5,32,20,12,4,11,0
500349.0,Eric Kendricks,28,MIN,MLB,11,11,3,0,0,0,6,0,0,0,0,0,0.0,107,69,38,4,1,0
504352.0,Kevin King,25,GNB,RCB,11,11,0,0,0,0,5,1,0,1,48,0,0.0,57,45,12,0,1,0
500831.0,Christian Kirksey,28,GNB,LILB,11,11,2,18,0,10,4,0,0,0,0,0,2.0,77,46,31,2,2,0
4241802.0,Jalen Reagor,21,PHI,WR,11,11,0,0,0,0,0,0,2,1,0,0,0.0,0,0,0,0,0,0
3930021.0,Blessuan Austin,24,NYJ,RCB,11,10,0,0,0,0,4,1,0,0,0,0,0.0,63,50,13,3,1,0
4035385.0,Cameron Dantzler,22,MIN,LCB,11,10,2,0,0,0,4,1,0,1,0,0,0.0,46,36,10,3,0,0
3116689.0,Cole Holcomb,24,WAS,LLB,11,10,1,0,0,0,1,0,0,0,0,0,2.5,72,45,27,6,4,0
4039254.0,Kyzir White,24,LAC,LLB,11,10,0,0,0,0,3,0,0,0,0,0,0.5,77,50,27,4,3,0
183253.0,Andy Dalton,33,DAL,QB,11,9,0,0,0,0,0,0,2,0,-2,0,0.0,0,0,0,0,0,0
379061.0,Mark Ingram,31,BAL,RB,11,9,0,0,0,0,0,0,0,2,0,0,0.0,0,0,0,0,0,0
3859006.0,Ronnie Harrison,23,CLE,SS,11,7,1,47,1,47,7,0,0,1,0,0,1.0,38,24,14,0,1,0
3122899.0,Richie James,25,SFO,WR,11,7,0,0,0,0,0,0,2,0,0,0,0.0,0,0,0,0,0,0
546636.0,Jayron Kearse,26,DET,SS,11,7,0,0,0,0,2,1,0,0,0,0,0.0,59,41,18,0,1,0
3915171.0,Tae Crowder,23,NYG,RILB,11,6,0,0,0,0,1,0,0,1,43,1,1.0,57,34,23,3,3,0
,Todd Davis,28,MIN,LB,11,6,0,0,0,0,2,0,0,0,0,0,1.0,35,16,19,2,1,0
517480.0,Deshazor Everett,28,WAS,FS,11,6,0,0,0,0,4,1,0,0,0,0,0.0,31,23,8,0,0,0
,DaVon Hamilton,23,JAX,LDT,11,6,0,0,0,0,1,0,0,1,0,0,1.0,30,14,16,2,5,0
,Justin Coleman,27,DET,DB,11,5,0,0,0,0,1,0,0,0,0,0,0.0,30,22,8,3,0,0
512905.0,Troy Dye,24,MIN,LLB,11,5,0,0,0,0,2,0,0,0,0,0,0.0,28,13,15,0,1,0
513050.0,Marvin Hall,27,DET,WR,11,5,0,0,0,0,0,0,0,0,0,0,0.0,1,1,0,0,0,0
,Duke Johnson,27,HOU,RB,11,5,0,0,0,0,0,0,3,1,0,0,0.0,0,0,0,0,0,0
3916144.0,Arthur Maulet,27,NYJ,SS,11,5,1,20,0,20,5,0,0,0,0,0,1.0,29,23,6,0,1,0
3128746.0,A.J. Moore,25,HOU,DB,11,5,0,0,0,0,1,1,0,0,0,0,1.0,35,21,14,1,2,0
503276.0,Darryl Roberts,30,DET,DB,11,5,1,6,0,6,6,0,0,0,0,0,0.0,39,34,5,1,0,0
121123.0,Jimmy Smith,32,BAL,DB,11,5,0,0,0,0,1,0,0,1,4,0,1.0,27,23,4,2,1,0
499085.0,MyCole Pruitt,28,TEN,TE,11,4,0,0,0,0,0,0,0,1,3,1,0.0,0,0,0,0,0,0
,Brennan Scarlett,27,HOU,ROLB,11,4,0,0,0,0,0,0,0,0,0,0,0.0,28,18,10,0,1,0
3122630.0,Ahkello Witherspoon,25,SFO,DB,11,4,1,0,0,0,4,0,0,0,0,0,0.0,20,17,3,1,0,0
4035170.0,Marquez Callaway,22,NOR,WR,11,3,0,0,0,0,0,0,0,2,0,0,0.0,1,1,0,0,0,0
,Vinny Curry,32,PHI,DE,11,3,0,0,0,0,0,0,0,1,0,0,3.0,16,12,4,3,10,0
,Maurice Hurst Jr.,25,LVR,DT,11,3,0,0,0,0,1,0,0,0,0,0,0.5,27,14,13,1,6,0
,Chris Jackson,22,TEN,S,11,3,0,0,0,0,1,0,0,0,0,0,0.0,24,14,10,1,0,0
541150.0,Marcus Johnson,26,IND,WR,11,3,0,0,0,0,0,1,0,0,0,0,0.0,1,1,0,0,0,0
4243250.0,Javelin Guidry,22,NYJ,CB,11,2,0,0,0,0,0,4,0,0,0,0,0.0,22,15,7,0,1,0
532253.0,David Mayo,27,NYG,LB,11,2,0,0,0,0,0,1,0,0,0,0,0.0,29,18,11,2,0,0
3916126.0,Duke Shelley,24,CHI,DB,11,2,0,0,0,0,1,0,0,0,0,0,0.0,16,9,7,0,0,0
3117892.0,Justin Watson,24,TAM,WR,11,2,0,0,0,0,0,0,0,0,0,0,1.0,7,4,3,1,1,0
3917914.0,Olamide Zaccheaus,23,ATL,WR,11,2,0,0,0,0,0,0,0,0,0,0,0.0,2,2,0,0,0,0
3124058.0,Marcus Davenport,24,NOR,DE,11,1,0,0,0,0,2,0,0,0,0,0,1.5,21,12,9,3,8,0
3931424.0,Demetrius Flannigan-Fowles,24,SFO,DB,11,1,0,0,0,0,0,0,0,0,0,0,0.0,9,6,3,0,0,0
383478.0,Jahleel Addae,30,LAC,DB,11,0,1,3,0,3,2,0,0,0,0,0,0.5,21,13,8,0,1,0
3126204.0,Genard Avery,25,PHI,LB,11,0,0,0,0,0,1,0,0,0,0,0,1.5,12,6,6,2,7,0
3917992.0,Markus Bailey,23,CIN,LB,11,0,0,0,0,0,1,0,0,0,0,0,0.0,1,1,0,0,0,0
530311.0,Deon Bush,27,CHI,DB,11,0,1,10,0,10,2,0,0,0,0,0,0.0,5,5,0,0,0,0
,Anthony Chickillo,28,DEN,DE,11,0,0,0,0,0,1,0,0,0,0,0,1.0,11,7,4,1,1,0
4035666.0,Leki Fotu,22,ARI,DT,11,0,0,0,0,0,0,0,0,0,0,0,1.0,11,6,5,4,3,0
,John Jenkins,31,CHI,DT,11,0,0,0,0,0,1,0,0,0,0,0,0.0,21,7,14,0,1,0
188189.0,Sherrick McManis,33,CHI,DB,11,0,1,0,0,0,1,1,0,1,0,0,0.0,12,11,1,0,0,0
3122690.0,Henry Mondeaux,25,PIT,DT,11,0,0,0,0,0,0,0,0,0,0,0,0.0,5,3,2,1,2,0
,Jared Norris,27,WAS,LB,11,0,0,0,0,0,0,0,0,0,0,0,0.0,3,3,0,0,0,0
546638.0,Dorian O'Daniel,26,KAN,LB,11,0,0,0,0,0,0,0,0,0,0,0,1.0,9,7,2,1,1,0
,Alex Okafor,29,KAN,DE,11,0,0,0,0,0,0,1,0,0,0,0,3.0,16,9,7,1,10,0
4034967.0,Jachai Polite,23,LAR,LB,11,0,0,0,0,0,0,0,0,0,0,0,1.0,4,3,1,1,1,0
4037591.0,Joe Reed,22,LAC,WR,11,0,0,0,0,0,0,0,0,1,0,0,0.0,3,1,2,0,0,0
500093.0,Diontae Spencer,28,DEN,WR,11,0,0,0,0,0,0,0,2,2,0,0,0.0,0,0,0,0,0,0
483193.0,D.J. Swearinger,29,NOR,DB,11,0,0,0,0,0,1,0,0,0,0,0,0.0,14,13,1,0,0,0
542080.0,Dwayne Washington,26,NOR,RB,11,0,0,0,0,0,0,0,0,0,0,0,0.0,2,2,0,0,0,0
547597.0,Jayon Brown,25,TEN,RILB,10,10,1,0,0,0,8,2,0,0,0,0,1.0,76,45,31,5,2,0
3915511.0,Joe Burrow,24,CIN,QB,10,10,0,0,0,0,0,0,9,4,-27,0,0.0,0,0,0,0,0,0
503427.0,Bryce Callahan,29,DEN,RCB,10,10,2,0,0,0,5,0,0,1,0,0,0.0,42,36,6,1,0,0
,Austin Ekeler,25,LAC,RB,10,10,0,0,0,0,0,0,1,1,0,0,0.0,0,0,0,0,0,0
3925347.0,Damien Harris,23,NWE,RB,10,10,0,0,0,0,0,0,1,2,0,0,0.0,0,0,0,0,0,0
503313.0,Bradley Roby,28,HOU,LCB,10,10,1,0,0,0,7,0,0,1,0,0,0.0,37,33,4,2,0,0
3138677.0,Leighton Vander Esch,23,DAL,MLB,10,10,0,0,0,0,0,1,0,1,0,0,1.0,60,32,28,1,1,0
3128713.0,Isaiah Wynn,25,NWE,LT,10,10,0,0,0,0,0,0,0,1,0,0,0.0,0,0,0,0,0,0
,P.J. Hall,25,HOU,RDE,10,9,0,0,0,0,0,0,0,0,0,0,1.0,34,18,16,2,2,0
482592.0,Trent Murphy,30,BUF,LDE,10,9,0,0,0,0,0,0,0,0,0,0,2.0,19,15,4,3,6,0
4241479.0,Tua Tagovailoa,22,MIA,QB,10,9,0,0,0,0,0,0,1,1,0,0,0.0,0,0,0,0,0,0
,Mitchell Trubisky,26,CHI,QB,10,9,0,0,0,0,0,0,6,3,-1,0,0.0,0,0,0,0,0,0
512839.0,Sammy Watkins,27,KAN,WR,10,9,0,0,0,0,0,1,1,0,0,0,0.0,0,0,0,0,0,0
,Anthony Brown,27,DAL,LCB,10,8,2,14,0,14,3,0,0,1,29,1,1.0,39,32,7,1,1,0
3123938.0,Avonte Maddox,24,PHI,LCB,10,8,0,0,0,0,3,0,0,0,0,0,0.0,40,36,4,1,0,0
552880.0,Nick Mullens,25,SFO,QB,10,8,0,0,0,0,0,0,6,1,0,0,0.0,0,0,0,0,0,0
3139387.0,D.J. Reed,24,SEA,RCB,10,8,2,21,0,20,7,0,1,2,0,0,0.0,62,46,16,2,0,0
547337.0,Geoff Swaim,27,TEN,WR,10,8,0,0,0,0,0,0,0,0,0,0,0.0,1,0,1,0,0,0
3886818.0,Myles Gaskin,23,MIA,RB,10,7,0,0,0,0,0,0,2,0,0,0,0.0,0,0,0,0,0,0
3858271.0,Ashtyn Davis,24,NYJ,SS,10,6,0,0,0,0,1,0,0,1,0,0,0.0,36,25,11,1,0,0
4034781.0,Kamal Martin,22,GNB,RILB,10,6,0,0,0,0,0,0,0,0,0,0,1.0,24,17,7,3,1,0
3929845.0,Kris Boyd,24,MIN,DB,10,5,0,0,0,0,2,1,0,0,0,0,0.0,34,24,10,1,0,0
547239.0,Matt Milano,26,BUF,LLB,10,5,1,0,0,0,3,0,0,0,0,0,3.5,45,35,10,4,9,0
502892.0,Ty Sambrailo,28,TEN,LT,10,5,0,0,0,0,0,0,0,1,0,0,0.0,0,0,0,0,0,0
551289.0,Anthony Averett,26,BAL,DB,10,4,0,0,0,0,7,0,0,0,0,0,0.0,27,22,5,0,0,0
,Nnamdi Madubuike,23,BAL,DT,10,3,0,0,0,0,0,0,0,0,0,0,1.0,19,11,8,2,2,0
4035232.0,Tyrel Dodson,22,BUF,LB,10,2,0,0,0,0,2,0,0,0,0,0,1.0,22,13,9,2,0,0
502264.0,Bryce Hager,28,NYJ,LB,10,2,0,0,0,0,1,0,0,0,0,0,0.5,23,14,9,1,1,0
116180.0,Justin Hamilton,27,DAL,DT,10,2,0,0,0,0,0,0,0,0,0,0,0.0,10,3,7,0,1,0
236790.0,Dontrelle Inman,31,WAS,WR,10,2,0,0,0,0,0,0,1,0,0,0,0.0,0,0,0,0,0,0
487957.0,Daniel Thomas,22,JAX,S,10,2,1,53,0,53,2,0,0,0,0,0,0.0,18,16,2,0,0,0
4241451.0,Isaiah Buggs,24,PIT,DT,10,1,0,0,0,0,0,0,0,0,0,0,0.0,11,7,4,0,1,0
3126352.0,Da'Shawn Hand,25,DET,DE,10,1,0,0,0,0,0,1,0,0,0,0,0.0,19,12,7,1,0,0
503303.0,Carlos Hyde,30,SEA,RB,10,1,0,0,0,0,0,0,1,1,0,0,0.0,0,0,0,0,0,0
,Robert Jackson,27,CLE,DB,10,1,0,0,0,0,1,0,0,0,0,0,0.0,6,6,0,0,0,0
4035566.0,McTelvin Agim,23,DEN,DT,10,0,0,0,0,0,1,0,0,0,0,0,0.0,8,2,6,0,0,0
512701.0,Shilique Calhoun,28,NWE,DE,10,0,0,0,0,0,0,2,0,0,0,0,2.0,18,13,5,1,3,0
4034964.0,Tyrie Cleveland,23,DEN,WR,10,0,0,0,0,0,0,0,0,0,0,0,0.0,2,1,1,0,0,0
3134316.0,Matt Dickerson,25,TEN,DT,10,0,0,0,0,0,0,0,0,0,0,0,0.0,10,4,6,0,1,0
485670.0,D.J. Foster,27,ARI,WR,10,0,0,0,0,0,0,0,0,0,0,0,0.0,3,1,2,0,0,0
3912562.0,Rasheem Green,23,SEA,DE,10,0,0,0,0,0,0,0,0,1,0,0,2.0,10,7,3,2,6,0
549212.0,Raven Greene,25,GNB,DB,10,0,1,17,0,17,5,1,0,0,0,0,1.5,44,28,16,1,3,0
545598.0,Randy Gregory,28,DAL,DE,10,0,0,0,0,0,1,3,0,0,0,0,3.5,21,15,6,4,12,0
3116134.0,Nate Hall,24,HOU,LB,10,0,0,0,0,0,0,1,0,0,0,0,2.0,11,6,5,1,2,0
530669.0,Justin Hardee,26,NOR,WR,10,0,0,0,0,0,0,0,0,0,0,0,0.0,8,6,2,0,0,0
546472.0,Peter Kalambayi,25,HOU,LB,10,0,0,0,0,0,0,0,0,0,0,0,0.0,2,0,2,0,0,0
547195.0,Marcus Kemp,25,KAN,WR,10,0,0,0,0,0,0,0,0,0,0,0,0.0,3,2,1,0,0,0
535324.0,Jaydon Mickens,26,TAM,WR,10,0,0,0,0,0,0,0,0,0,0,0,0.0,2,2,0,0,0,0
,Doug Middleton,27,JAX,DB,10,0,0,0,0,0,0,0,0,0,0,0,0.0,9,4,5,0,0,0
3115979.0,Bryan Mone,25,SEA,DT,10,0,0,0,0,0,0,0,0,0,0,0,0.5,9,3,6,1,2,1
500563.0,Damontre Moore,28,SEA,DE,10,0,0,0,0,0,0,1,0,0,0,0,1.0,9,6,3,1,7,0
4240123.0,Larrell Murchison,23,TEN,DT,10,0,0,0,0,0,0,0,0,0,0,0,0.0,5,1,4,1,0,0
550497.0,Ogbonnia Okoronkwo,25,LAR,LB,10,0,0,0,0,0,1,0,0,0,0,0,1.0,12,8,4,1,3,0
535958.0,C.J. Prosise,26,HOU,RB,10,0,0,0,0,0,0,0,1,0,0,0,0.0,0,0,0,0,0,0
546460.0,Damarious Randall,28,SEA,DB,10,0,0,0,0,0,0,0,0,0,0,0,0.0,3,1,2,0,0,0
3134448.0,Tremon Smith,24,IND,DB,10,0,0,0,0,0,0,0,0,0,0,0,0.0,2,2,0,0,0,0
,Stantley Thomas-Oliver,22,CAR,CB,10,0,0,0,0,0,0,0,0,0,0,0,0.0,7,6,1,0,0,0
3917612.0,Ke'Shawn Vaughn,23,TAM,RB,10,0,0,0,0,0,0,0,1,1,0,0,0.0,0,0,0,0,0,0
,Jihad Ward,26,BAL,DE,10,0,0,0,0,0,2,0,0,0,0,0,3.0,16,7,9,4,8,0
4036153.0,Kristian Welch,22,BAL,LB,10,0,0,0,0,0,0,0,0,0,0,0,0.0,5,3,2,0,0,0
4035222.0,Trayveon Williams,23,CIN,RB,10,0,0,0,0,0,0,0,1,0,0,0,0.0,0,0,0,0,0,0
511854.0,Nick Boyle,27,BAL,TE,9,9,0,0,0,0,0,0,0,1,0,0,0.0,0,0,0,0,0,0
,Chris Harris Jr.,31,LAC,DB,9,9,1,51,0,51,2,0,0,0,0,0,0.5,37,25,12,1,1,0
548057.0,Micah Kiser,25,LAR,LILB,9,9,0,0,0,0,3,1,0,0,0,0,0.0,77,44,33,0,1,0
188623.0,Corey Peters,32,ARI,NT,9,9,0,0,0,0,1,0,0,0,0,0,2.0,15,10,5,3,4,0
,Jordan Phillips,28,ARI,RDT,9,9,0,0,0,0,1,2,0,1,0,0,2.0,11,10,1,1,3,0
,Isaac Seumalo,27,PHI,LG,9,9,0,0,0,0,0,0,0,1,0,0,0.0,0,0,0,0,0,0
532004.0,Stephen Weatherly,26,CAR,RDE,9,9,0,0,0,0,0,0,0,0,0,0,0.0,17,7,10,1,3,0
,Gardner Minshew II,24,JAX,QB,9,8,0,0,0,0,0,0,5,1,1,0,0.0,0,0,0,0,0,0
3915506.0,Damon Arnette,24,LVR,CB,9,7,0,0,0,0,2,0,0,0,0,0,0.0,25,21,4,1,0,0
,Ryan Fitzpatrick,38,MIA,QB,9,7,0,0,0,0,0,0,2,1,0,0,0.0,0,0,0,0,0,0
238803.0,Nick Foles,31,CHI,QB,9,7,0,0,0,0,0,0,2,2,0,0,0.0,0,0,0,0,0,0
535927.0,Brian Poole,28,NYJ,CB,9,7,2,15,0,13,7,0,0,0,0,0,1.0,44,34,10,2,2,0
3127299.0,Sidney Jones,24,JAX,RCB,9,6,2,1,0,1,9,1,0,0,0,0,0.0,26,21,5,0,0,0
,Jeff Okudah,21,DET,RCB,9,6,1,36,0,36,2,0,0,0,0,0,0.0,47,41,6,4,0,0
4040432.0,L'Jarius Sneed,23,KAN,DB,9,6,3,42,0,39,7,0,0,0,0,0,2.0,41,31,10,2,3,0
550627.0,Daniel Ekuale,26,JAX,DT,9,5,0,0,0,0,0,0,0,0,0,0,1.0,13,6,7,1,1,0
4039007.0,Taylor Rapp,23,LAR,SS,9,5,1,0,0,0,3,1,0,0,0,0,0.0,44,32,12,1,0,0
,Joe Dahl,27,DET,G,9,4,0,0,0,0,0,0,1,0,-6,0,0.0,0,0,0,0,0,0
,Justin Jackson,24,LAC,RB,9,4,0,0,0,0,0,0,0,0,0,0,0.0,3,1,2,0,0,0
3917797.0,Joe Giles-Harris,23,JAX,LB,9,3,0,0,0,0,0,0,0,0,0,0,1.0,20,10,10,2,5,0
388279.0,Josh Norman,33,BUF,DB,9,3,1,16,1,16,4,1,0,2,7,0,0.0,24,21,3,2,0,0
4242206.0,Jacob Phillips,21,CLE,LB,9,3,0,0,0,0,1,0,0,0,0,0,0.0,25,15,10,1,1,0
3125248.0,Jeremy Reaves,24,WAS,DB,9,3,1,0,0,0,2,0,0,0,0,0,1.0,25,15,10,1,1,0
,Jabaal Sheard,31,NYG,DE,9,3,0,0,0,0,0,1,0,0,0,0,1.5,19,10,9,2,4,0
503183.0,Le'Veon Bell,28,KAN,RB,9,2,0,0,0,0,0,0,1,0,0,0,0.0,0,0,0,0,0,0
,Deonte Harty,23,NOR,WR,9,2,0,0,0,0,0,0,3,0,0,0,0.0,0,0,0,0,0,0
183133.0,Sean Lee,34,DAL,LB,9,2,0,0,0,0,0,0,0,0,0,0,0.0,20,11,9,0,1,0
4039436.0,Malcolm Perry,23,MIA,WR,9,2,0,0,0,0,0,0,1,1,0,0,0.0,0,0,0,0,0,0
550624.0,River Cracraft,26,SFO,WR,9,1,0,0,0,0,0,0,0,0,0,0,0.0,1,1,0,0,0,0
238875.0,Mike Ford,25,DET,DB,9,1,0,0,0,0,1,0,0,0,0,0,0.0,12,9,3,0,0,0
4035452.0,Rashard Lawrence,22,ARI,DT,9,1,0,0,0,0,0,0,0,0,0,0,0.0,9,7,2,1,0,0
,Cre'von LeBlanc,26,PHI,DB,9,1,0,0,0,0,2,1,0,1,6,0,1.0,22,19,3,1,1,0
4046528.0,Josh Uche,22,NWE,LB,9,1,0,0,0,0,0,0,0,0,0,0,1.0,9,7,2,2,7,0
3126179.0,Matthew Adams,25,IND,LB,9,0,0,0,0,0,0,0,0,0,0,0,0.0,2,1,1,0,0,0
173315.0,Ryan Anderson,26,WAS,LB,9,0,0,0,0,0,0,0,0,0,0,0,0.0,9,6,3,1,0,0
3124970.0,Ben Banogu,24,IND,LB,9,0,0,0,0,0,0,0,0,0,0,0,0.0,6,2,4,0,0,0
3139036.0,Cortez Broughton,24,LAC,DT,9,0,0,0,0,0,1,0,0,0,0,0,0.0,4,0,4,0,0,0
4039010.0,Myles Bryant,22,NWE,CB,9,0,1,0,0,0,1,0,0,0,0,0,0.0,12,9,3,0,0,0
4038201.0,Austin Cutting,24,MIN,LS,9,0,0,0,0,0,0,0,0,0,0,0,0.0,1,1,0,0,0,0
4048718.0,Tyler Hall,22,ATL,CB,9,0,0,0,0,0,0,0,0,0,0,0,0.0,6,4,2,0,0,0
4038440.0,Madre Harper,23,NYG,CB,9,0,0,0,0,0,0,0,0,1,0,0,0.0,5,5,0,0,0,0
,KhaDarel Hodge,25,CLE,WR,9,0,0,0,0,0,0,0,0,0,0,0,0.0,1,1,0,0,0,0
4037457.0,Travis Homer,22,SEA,RB,9,0,0,0,0,0,0,0,0,0,0,0,0.0,3,3,0,0,0,0
4035726.0,Austin Larkin,25,CAR,DE,9,0,0,0,0,0,0,0,0,0,0,0,0.0,12,5,7,1,0,0
551046.0,Dallin Leavitt,26,LVR,DB,9,0,0,0,0,0,2,0,0,0,0,0,0.0,10,4,6,0,0,0
514950.0,James Lynch,21,MIN,DT,9,0,0,0,0,0,0,0,0,0,0,0,1.0,3,2,1,1,1,0
3914450.0,Jovante Moffatt,24,CLE,S,9,0,0,0,0,0,0,0,0,0,0,0,0.0,1,0,1,0,0,0
3916566.0,K.J. Osborn,23,MIN,WR,9,0,0,0,0,0,0,0,2,1,0,0,0.0,3,2,1,0,0,0
4039064.0,Malcolm Roach,22,NOR,DT,9,0,0,0,0,0,0,0,0,0,0,0,0.0,16,7,9,2,2,0
4385460.0,Kenny Robinson Jr.,21,CAR,S,9,0,0,0,0,0,0,0,0,0,0,0,0.0,1,0,1,0,0,0
,Michael Thomas,30,HOU,DB,9,0,0,0,0,0,0,0,0,0,0,0,0.0,16,8,8,0,0,0
,Derrek Tuszka,23,DEN,DE,9,0,0,0,0,0,0,0,0,0,0,0,0.0,6,4,2,1,0,0
3124520.0,Josh Watson,24,DEN,LB,9,0,0,0,0,0,0,0,0,0,0,0,0.0,5,5,0,0,0,0
3128743.0,Ken Webster,24,SFO,DB,9,0,0,0,0,0,0,1,1,0,0,0,0.0,6,5,1,0,0,0
,Jadeveon Clowney,27,TEN,LOLB,8,8,0,0,0,0,4,1,0,0,0,0,0.0,19,14,5,4,6,0
,C.J. Henderson,22,JAX,LCB,8,8,1,22,0,22,6,1,0,0,0,0,0.0,36,27,9,0,0,0
,Bobby Massie,31,CHI,RT,8,8,0,0,0,0,0,0,0,1,0,0,0.0,0,0,0,0,0,0
514200.0,Raheem Mostert,28,SFO,RB,8,8,0,0,0,0,0,0,1,0,0,0,0.0,0,0,0,0,0,0
4037584.0,Bryce Hall,23,NYJ,LCB,8,7,1,20,0,20,3,0,0,0,0,0,0.0,36,33,3,1,0,0
,Josh Hines-Allen,23,JAX,LDE,8,7,0,0,0,0,1,0,0,0,0,0,2.5,13,7,6,2,11,0
550668.0,Chidobe Awuzie,25,DAL,DB,8,6,1,0,0,0,5,0,0,1,0,0,0.0,38,29,9,0,0,0
503189.0,Darqueze Dennard,29,ATL,CB,8,6,1,0,0,0,5,0,0,0,0,0,0.0,36,28,8,2,0,0
,Roy Robertson-Harris,27,CHI,LDE,8,6,0,0,0,0,0,0,0,0,0,0,0.0,10,7,3,1,5,0
,Alex Smith,36,WAS,QB,8,6,0,0,0,0,0,0,2,2,-4,0,0.0,0,0,0,0,0,0
184728.0,Bruce Miller,33,JAX,FB,8,5,0,0,0,0,0,1,0,0,0,0,0.0,2,2,0,0,0,0
3915823.0,Keke Coutee,23,HOU,WR,8,4,0,0,0,0,0,0,4,0,0,0,0.0,0,0,0,0,0,0
3924319.0,Terez Hall,24,NWE,MLB,8,4,0,0,0,0,2,0,0,0,0,0,0.0,50,33,17,0,0,0
,Eric Saubert,26,JAX,TE,8,4,0,0,0,0,0,0,0,0,0,0,0.0,2,1,1,0,0,0
502416.0,K'Waun Williams,29,SFO,DB,8,4,0,0,0,0,4,1,0,0,0,0,2.0,22,17,5,5,2,0
238877.0,Jamar Taylor,30,SFO,DB,8,3,2,8,0,8,3,0,0,0,0,0,1.0,22,20,2,2,2,0
3128774.0,Kalen Ballage,25,LAC,RB,8,2,0,0,0,0,0,0,1,1,0,0,0.0,0,0,0,0,0,0
535801.0,Tevin Coleman,27,SFO,RB,8,1,0,0,0,0,0,0,0,0,0,0,0.0,1,1,0,0,0,0
550024.0,Rudy Ford,26,PHI,DB,8,1,0,0,0,0,0,0,0,0,0,0,0.0,15,13,2,1,0,0
4040652.0,Thakarius Keyes,23,KAN,DB,8,1,0,0,0,0,0,0,0,0,0,0,0.0,8,7,1,0,0,0
,Derick Roberson,25,TEN,DE,8,1,0,0,0,0,1,1,0,0,0,0,0.0,9,5,4,0,2,0
189254.0,Josh Adams,24,NYJ,RB,8,0,0,0,0,0,0,0,0,0,0,0,0.0,3,2,1,0,0,0
550017.0,Montravius Adams,25,GNB,DT,8,0,0,0,0,0,0,0,0,0,0,0,0.0,11,6,5,2,0,0
3931397.0,JJ Arcega-Whiteside,24,PHI,WR,8,0,0,0,0,0,0,0,0,1,0,1,0.0,0,0,0,0,0,0
,Geno Atkins,32,CIN,DT,8,0,0,0,0,0,0,0,0,0,0,0,0.0,1,1,0,0,1,0
3928920.0,Henry Black,23,GNB,S,8,0,0,0,0,0,0,1,0,1,0,0,0.0,8,6,2,0,0,0
546675.0,Tim Boyle,26,GNB,QB,8,0,0,0,0,0,0,0,1,1,0,0,0.0,0,0,0,0,0,0
3917812.0,Nathan Cottrell,24,JAX,RB,8,0,0,0,0,0,0,0,0,0,0,0,0.0,5,3,2,0,0,0
4035494.0,Marlon Davidson,22,ATL,DE,8,0,0,0,0,0,1,0,0,0,0,0,0.0,8,2,6,0,0,0
504623.0,Jayrone Elliott,29,PIT,LB,8,0,0,0,0,0,0,0,0,0,0,0,1.0,7,5,2,2,1,0
4240655.0,Jonathan Garvin,21,GNB,DE,8,0,0,0,0,0,0,0,0,0,0,0,0.0,5,2,3,0,0,0
3116097.0,Luke Gifford,25,DAL,LB,8,0,0,0,0,0,0,0,0,0,0,0,0.0,6,4,2,0,0,0
,Jamycal Hasty,24,SFO,RB,8,0,0,0,0,0,0,0,1,0,0,0,0.0,2,2,0,0,0,0
3117249.0,Alijah Holder,24,DEN,DB,8,0,0,0,0,0,0,0,0,0,0,0,0.0,7,5,2,0,0,0
4040968.0,Terrell Lewis,22,LAR,LB,8,0,0,0,0,0,0,0,0,0,0,0,2.0,5,3,2,2,4,0
,John Lovett,24,GNB,TE,8,0,0,0,0,0,0,0,0,0,0,0,0.0,4,3,1,0,0,0
,Aaron Lynch,27,JAX,DE,8,0,0,0,0,0,1,0,0,0,0,0,1.0,6,5,1,1,3,0
530075.0,Tony McRae,27,DET,DB,8,0,0,0,0,0,0,0,0,0,0,0,0.0,4,4,0,0,0,0
3699935.0,Devine Ozigbo,24,JAX,RB,8,0,0,0,0,0,0,0,0,0,0,0,0.0,2,1,1,0,0,0
,Steven Parker,25,DAL,DB,8,0,0,0,0,0,0,0,0,0,0,0,0.0,8,5,3,0,0,0
4239694.0,Amik Robertson,22,LVR,CB,8,0,0,0,0,0,0,0,0,0,0,0,0.0,4,3,1,0,0,0
,A'Shawn Robinson,25,LAR,DT,8,0,0,0,0,0,1,0,0,0,0,0,0.0,12,6,6,0,1,0
3120588.0,Darrius Shepherd,25,GNB,WR,8,0,0,0,0,0,0,0,1,0,0,0,0.0,0,0,0,0,0,0
,Chris Smith,28,LVR,DE,8,0,0,0,0,0,0,0,0,0,0,0,1.0,5,4,1,0,4,0
3895843.0,Jason Strowbridge,24,MIA,DE,8,0,0,0,0,0,0,0,0,0,0,0,0.0,3,1,2,1,0,0
550285.0,Tedric Thompson,25,KAN,DB,8,0,0,0,0,0,0,0,2,1,0,0,0.0,13,11,2,0,0,0
3931408.0,Casey Toohill,24,WAS,DE,8,0,0,0,0,0,0,0,0,0,0,0,0.0,2,0,2,0,1,0
3915837.0,Broderick Washington Jr.,24,BAL,DT,8,0,0,0,0,0,0,0,0,0,0,0,0.0,2,0,2,0,0,0
516348.0,Sylvester Williams,32,DEN,DE,8,0,0,0,0,0,2,0,0,0,0,0,0.0,9,4,5,0,0,0
3915123.0,Jabari Zuniga,23,NYJ,DE,8,0,0,0,0,0,0,0,0,0,0,0,0.0,5,3,2,0,0,0
488074.0,A.J. Bouye,29,DEN,LCB,7,7,0,0,0,0,6,0,0,0,0,0,0.0,23,21,2,0,0,0
535742.0,Landon Collins,26,WAS,SS,7,7,1,1,0,1,1,1,0,0,0,0,2.0,41,24,17,3,1,0
545594.0,Nathan Gerry,25,PHI,LLB,7,7,0,0,0,0,2,0,0,0,0,0,1.0,57,32,25,4,2,0
243365.0,Melvin Ingram,31,LAC,RDE,7,7,1,0,0,0,2,0,0,0,0,0,0.0,10,5,5,0,5,0
480798.0,Bradley McDougald,30,NYJ,SS,7,7,0,0,0,0,3,0,0,1,-2,0,0.0,36,23,13,0,0,0
,Dontari Poe,30,DAL,NT,7,7,0,0,0,0,0,0,0,0,0,0,0.0,7,3,4,0,0,0
499937.0,Jaquiski Tartt,28,SFO,SS,7,7,1,16,0,16,4,0,0,0,0,0,0.0,30,20,10,1,0,0
4040616.0,Dwayne Haskins,23,WAS,QB,7,6,0,0,0,0,0,0,6,2,-7,0,0.0,0,0,0,0,0,0
,Trey Flowers,27,DET,LDE,7,5,0,0,0,0,1,2,0,1,4,0,2.0,22,12,10,3,3,0
545887.0,Tashawn Bower,25,NWE,DE,7,3,0,0,0,0,1,0,0,0,0,0,0.0,11,9,2,1,0,0
145623.0,Kyle Phillips,23,NYJ,DE,7,3,0,0,0,0,0,0,0,0,0,0,0.0,11,7,4,3,1,0
,James Ferentz,31,NWE,C,7,2,0,0,0,0,0,0,1,0,-5,0,0.0,0,0,0,0,0,0
3917576.0,Michael Jacquet,23,PHI,DB,7,2,0,0,0,0,3,1,0,0,0,0,1.0,18,12,6,0,1,0
3914534.0,Jeremy Cox,24,DEN,RB,7,1,0,0,0,0,0,0,0,0,0,0,0.0,3,1,2,0,0,0
480779.0,Rodney Smith,24,CAR,RB,7,1,0,0,0,0,0,0,1,1,0,0,0.0,0,0,0,0,0,0
4374269.0,Teair Tart,23,TEN,DT,7,1,0,0,0,0,1,0,0,0,0,0,0.0,5,2,3,1,2,0
545548.0,Nick Thurman,25,NWE,DE,7,1,0,0,0,0,0,0,0,0,0,0,0.0,10,6,4,1,0,0
544169.0,Eli Ankou,26,DAL,DT,7,0,0,0,0,0,0,0,0,0,0,0,0.0,5,1,4,0,0,0
534385.0,Alex Barrett,26,SFO,DE,7,0,0,0,0,0,0,0,0,0,0,0,0.0,5,0,5,0,2,0
,Beau Brinkley,30,TEN,TE,7,0,0,0,0,0,0,0,1,0,0,0,0.0,0,0,0,0,0,0
4035663.0,Terrell Burgess,22,LAR,S,7,0,0,0,0,0,1,0,0,0,0,0,0.0,8,7,1,0,0,0
546716.0,Taco Charlton,26,KAN,DE,7,0,0,0,0,0,0,1,0,0,0,0,2.0,7,4,3,1,4,0
,Carlos Davis,24,PIT,DT,7,0,0,0,0,0,0,0,0,0,0,0,0.0,6,4,2,1,0,0
,Thomas Davis,37,WAS,LB,7,0,0,0,0,0,1,0,0,0,0,0,0.0,6,5,1,0,0,0
176916.0,Andrew DePaola,33,MIN,LS,7,0,0,0,0,0,0,0,0,1,0,0,0.0,1,1,0,0,0,0
,Kyle Emanuel,29,HOU,LB,7,0,0,0,0,0,0,0,0,0,0,0,0.0,3,1,2,0,0,0
3122143.0,Cullen Gillaspia,25,HOU,RB,7,0,0,0,0,0,0,0,0,0,0,0,0.0,3,0,3,0,0,0
3917016.0,Trevis Gipson,23,CHI,DE,7,0,0,0,0,0,0,0,0,0,0,0,0.0,5,1,4,0,3,0
,T.Y. McGill,28,PHI,DT,7,0,0,0,0,0,0,0,0,0,0,0,0.5,9,3,6,1,3,0
,Kahlil McKenzie,23,CIN,DT,7,0,0,0,0,0,0,0,0,0,0,0,0.0,8,4,4,1,0,0
500375.0,Senorise Perry,29,TEN,RB,7,0,0,0,0,0,0,0,0,0,0,0,0.0,3,2,1,0,0,0
3917012.0,J.R. Reed,24,LAR,S,7,0,0,0,0,0,0,0,0,0,0,0,0.0,2,0,2,0,0,0
,Caraun Reid,29,JAX,DT,7,0,0,0,0,0,0,0,0,0,0,0,0.0,5,3,2,0,0,0
,Hassan Ridgeway,26,PHI,DT,7,0,0,0,0,0,0,0,0,0,0,0,1.0,11,9,2,2,1,0
,Vyncint Smith,24,NYJ,WR,7,0,0,0,0,0,0,0,0,0,0,0,0.0,3,1,2,0,0,0
547564.0,Kemoko Turay,25,IND,LB,7,0,0,0,0,0,0,0,0,0,0,0,1.0,4,3,1,1,3,0
,Quincy Williams,24,JAX,LB,7,0,0,0,0,0,1,1,0,0,0,0,0.0,11,5,6,1,0,0
3916414.0,Geron Christian,24,WAS,LT,6,6,0,0,0,0,0,0,1,1,0,0,0.0,0,0,0,0,0,0
503960.0,Quinton Dunbar,28,SEA,RCB,6,6,1,0,0,0,5,0,0,0,0,0,0.0,30,28,2,2,0,0
499514.0,Jimmy Garoppolo,29,SFO,QB,6,6,0,0,0,0,0,0,2,0,0,0,0.0,0,0,0,0,0,0
3116385.0,Joe Mixon,24,CIN,RB,6,6,0,0,0,0,0,0,1,0,0,0,0.0,0,0,0,0,0,0
,Mike Purcell,29,DEN,NT,6,6,0,0,0,0,0,0,0,0,0,0,1.0,15,10,5,2,1,0
482597.0,Desmond Trufant,30,DET,LCB,6,6,1,0,0,0,4,0,0,0,0,0,1.0,20,16,4,1,1,0
548032.0,Breon Borders,25,TEN,LCB,6,5,1,0,0,0,5,0,0,0,0,0,0.0,27,22,5,1,0,0
,Domata Peko,36,ARI,DE,6,5,0,0,0,0,0,0,0,0,0,0,0.0,16,6,10,0,0,0
,Brandon Copeland,29,NWE,LB,6,4,0,0,0,0,0,0,0,0,0,0,0.0,12,6,6,1,0,0
4241470.0,Xavier McKinney,22,NYG,S,6,4,1,0,0,0,1,0,0,0,0,0,0.0,25,14,11,1,0,0
535844.0,C.J. Beathard,27,SFO,QB,6,2,0,0,0,0,0,0,3,0,0,0,0.0,0,0,0,0,0,0
531058.0,Adrian Colbert,27,NYG,DB,6,2,0,0,0,0,0,0,0,0,0,0,0.0,13,9,4,1,0,0
537390.0,Trevon Coley,26,ARI,DT,6,2,0,0,0,0,0,0,0,0,0,0,1.0,14,9,5,3,2,0
4035433.0,Kristian Fulton,22,TEN,CB,6,2,1,44,0,44,1,0,0,0,0,0,1.0,16,14,2,1,1,0
4035389.0,Grayland Arnold,23,PHI,CB,6,1,0,0,0,0,1,0,0,0,0,0,0.0,11,6,5,1,0,0
3728253.0,Austin Bryant,24,DET,DE,6,1,0,0,0,0,0,0,0,0,0,0,0.0,17,12,5,1,1,0
,Corey Liuget,30,HOU,NT,6,1,0,0,0,0,0,0,0,0,0,0,1.0,4,2,2,2,2,0
,Steven Mitchell,26,HOU,WR,6,1,0,0,0,0,0,0,0,0,0,0,0.0,1,1,0,0,0,0
4035425.0,Saivion Smith,23,DAL,DB,6,1,0,0,0,0,0,0,0,0,0,0,0.0,3,2,1,0,0,0
,Kevin Strong,24,DET,DT,6,1,0,0,0,0,0,0,0,0,0,0,1.0,15,10,5,1,2,0
379309.0,Kenjon Barner,31,TAM,RB,6,0,0,0,0,0,0,0,0,0,0,0,0.0,1,1,0,0,0,0
530632.0,B.J. Bello,26,LAC,LB,6,0,0,0,0,0,0,0,0,0,0,0,0.0,7,5,2,0,0,0
,Jonathan Bullard,27,SEA,DE,6,0,0,0,0,0,0,0,0,0,0,0,0.0,8,2,6,0,2,0
546844.0,Jack Cichy,25,TAM,LB,6,0,0,0,0,0,0,0,0,0,0,0,0.0,2,1,1,0,0,0
538092.0,Dylan Cole,26,HOU,LB,6,0,0,0,0,0,0,0,0,0,0,0,0.0,6,3,3,0,0,0
535765.0,Ken Crawley,27,NOR,DB,6,0,1,-1,0,-1,1,0,1,1,0,0,0.0,1,1,0,0,0,0
,Jalen Davis,24,CIN,DB,6,0,0,0,0,0,0,0,0,0,0,0,0.0,4,3,1,0,0,0
4027919.0,Khalil Dorsey,22,BAL,CB,6,0,0,0,0,0,0,0,0,0,0,0,0.0,2,2,0,0,0,0
156844.0,Ted Ginn Jr.,35,CHI,WR,6,0,0,0,0,0,0,0,1,1,0,0,0.0,0,0,0,0,0,0
,Damon Harrison,32,SEA,DT,6,0,0,0,0,0,0,1,0,0,0,0,0.0,9,3,6,0,0,0
4035299.0,Benito Jones,23,MIA,DT,6,0,0,0,0,0,0,0,0,0,0,0,0.0,2,1,1,1,0,0
547486.0,Dalton Keene,21,NWE,TE,6,0,0,0,0,0,0,0,1,0,0,0,0.0,0,0,0,0,0,0
4035866.0,Jordan Kunaszyk,24,WAS,LB,6,0,0,0,0,0,0,0,0,0,0,0,0.0,3,2,1,0,0,0
,Niko Lalos,23,NYG,DE,6,0,1,0,0,0,1,0,0,1,0,0,0.0,6,2,4,0,0,0
4365493.0,Jessie Lemonier,23,LAC,DE,6,0,0,0,0,0,0,0,0,0,0,0,0.0,2,1,1,0,2,0
3699902.0,Stanley Morgan Jr.,24,CIN,WR,6,0,0,0,0,0,0,0,0,0,0,0,0.0,3,1,2,0,0,0
4046690.0,Julian Okwara,23,DET,LB,6,0,0,0,0,0,0,0,0,0,0,0,0.0,3,1,2,1,0,0
537205.0,Troymaine Pope,27,LAC,RB,6,0,0,0,0,0,0,0,0,1,0,0,0.0,0,0,0,0,0,0
,Aldrick Rosas,26,JAX,K,6,0,0,0,0,0,0,0,1,1,0,0,0.0,0,0,0,0,0,0
4241977.0,Josiah Scott,21,JAX,CB,6,0,0,0,0,0,0,0,0,0,0,0,0.0,11,10,1,1,0,0
,Akeem Spence,29,NWE,DT,6,0,0,0,0,0,0,0,0,0,0,0,0.0,9,3,6,0,0,0
3115928.0,Malik Turner,24,DAL,WR,6,0,0,0,0,0,0,0,0,0,0,0,0.0,1,1,0,0,0,0
3929834.0,Raequan Williams,23,PHI,DT,6,0,0,0,0,0,0,0,0,0,0,0,1.0,5,3,2,1,1,0
,Tramon Williams,37,BAL,DB,6,0,0,0,0,0,1,0,0,0,0,0,0.0,14,10,4,0,2,0
,Billy Winn,31,GNB,DT,6,0,0,0,0,0,2,0,0,0,0,0,0.0,6,2,4,0,0,0
149612.0,Brandon Allen,28,CIN,QB,5,5,0,0,0,0,0,0,1,0,0,0,0.0,0,0,0,0,0,0
,Devin Bush Jr.,22,PIT,LILB,5,5,0,0,0,0,3,0,0,0,0,0,1.0,26,16,10,0,2,0
3128715.0,Lorenzo Carter,25,NYG,LOLB,5,5,0,0,0,0,1,0,0,0,0,0,1.0,15,11,4,2,4,0
381967.0,Mike Glennon,31,JAX,QB,5,5,0,0,0,0,0,0,2,0,0,0,0.0,0,0,0,0,0,0
559602.0,Davon Godchaux,26,MIA,NT,5,5,0,0,0,0,0,0,0,0,0,0,0.0,16,10,6,1,2,0
4042141.0,Trysten Hill,22,DAL,DT,5,5,0,0,0,0,0,0,0,0,0,0,0.0,11,6,5,1,3,0
,Abry Jones,29,JAX,RDT,5,5,0,0,0,0,0,0,0,0,0,0,0.0,8,4,4,0,0,0
,Chandler Jones,30,ARI,LOLB,5,5,0,0,0,0,0,0,0,1,0,0,1.0,11,5,6,1,7,0
512030.0,Dak Prescott,27,DAL,QB,5,5,0,0,0,0,0,0,3,0,0,0,0.0,0,0,0,0,0,0
,D.J. Reader,26,CIN,LDT,5,5,0,0,0,0,2,0,0,0,0,0,0.0,19,8,11,1,1,0
190539.0,Richard Sherman,32,SFO,LCB,5,5,1,18,0,18,1,0,0,0,0,0,0.0,18,16,2,1,0,0
3134362.0,Vita Vea,25,TAM,NT,5,5,0,0,0,0,0,0,0,0,0,0,2.0,10,6,4,3,3,0
146278.0,Joe Flacco,35,NYJ,QB,5,4,0,0,0,0,0,0,1,1,-6,0,0.0,0,0,0,0,0,0
535839.0,Greg Mabin,26,JAX,DB,5,4,0,0,0,0,3,0,0,0,0,0,0.0,21,20,1,0,0,0
,Jalen Thompson,22,ARI,FS,5,4,0,0,0,0,1,0,0,0,0,0,0.0,19,16,3,0,0,0
,Dennis Daley,24,CAR,T,5,3,0,0,0,0,0,0,0,1,0,0,0.0,0,0,0,0,0,0
552904.0,Jordan Howard,26,MIA,RB,5,3,0,0,0,0,0,0,1,0,0,0,0.0,0,0,0,0,0,0
383444.0,Ryan Lewis,26,NYG,DB,5,3,0,0,0,0,1,0,0,0,0,0,0.0,13,11,2,0,0,0
4036129.0,Dominique Dafney,23,GNB,TE,5,2,0,0,0,0,0,0,0,0,0,0,0.0,2,2,0,0,0,0
3895791.0,Dane Jackson,24,BUF,CB,5,2,1,6,0,6,5,0,0,1,0,0,0.0,15,13,2,1,0,0
,Cameron Lewis,23,BUF,DB,5,2,0,0,0,0,0,0,0,0,0,0,0.0,7,5,2,0,0,0
546731.0,Jake Butt,25,DEN,TE,5,1,0,0,0,0,0,0,0,0,0,0,0.0,1,1,0,0,0,0
512467.0,D.J. Hayden,30,JAX,DB,5,1,0,0,0,0,1,0,0,0,0,0,0.0,18,15,3,1,1,0
3127306.0,Dante Pettis,25,SFO,WR,5,1,0,0,0,0,0,0,1,0,0,0,0.0,0,0,0,0,0,0
3122141.0,Otaro Alaka,24,BAL,LB,5,0,0,0,0,0,0,0,0,0,0,0,0.0,1,0,1,0,0,0
3916721.0,LeVante Bellamy,24,DEN,RB,5,0,0,0,0,0,0,0,0,0,0,0,0.0,2,2,0,0,0,0
3122420.0,Jordan Brailford,25,MIN,LB,5,0,0,0,0,0,0,1,0,1,0,0,0.0,2,2,0,0,1,0
4038811.0,T.J. Brunson,23,NYG,LB,5,0,0,0,0,0,0,0,0,0,0,0,0.0,3,2,1,0,0,0
500400.0,Ibraheim Campbell,28,IND,DB,5,0,0,0,0,0,0,0,0,0,0,0,0.0,1,0,1,0,0,0
3911689.0,Noah Dawkins,23,NYJ,LB,5,0,0,0,0,0,0,0,0,0,0,0,0.0,1,1,0,0,0,0
4036431.0,Darrynton Evans,22,TEN,RB,5,0,0,0,0,0,0,0,0,0,0,0,0.0,1,1,0,0,0,0
,Bennie Fowler,29,NOR,WR,5,0,0,0,0,0,0,0,0,1,0,0,0.0,1,1,0,0,0,0
,Woodrow Hamilton,28,CAR,DT,5,0,0,0,0,0,0,0,0,1,0,0,0.0,3,2,1,0,0,0
3126246.0,Dontrell Hilliard,25,CLE,RB,5,0,0,0,0,0,0,0,0,0,0,0,0.0,1,1,0,0,0,0
,Deon Lacey,30,BUF,LB,5,0,0,0,0,0,0,0,0,0,0,0,0.0,1,0,1,0,0,0
550952.0,Cole Luke,25,WAS,DB,5,0,0,0,0,0,0,0,0,0,0,0,0.0,1,0,1,0,0,0
551049.0,Kai Nacua,25,SFO,DB,5,0,0,0,0,0,0,0,0,0,0,0,0.0,1,1,0,0,0,0
516312.0,Mark Nzeocha,30,SFO,LB,5,0,0,0,0,0,0,0,0,0,0,0,0.0,1,1,0,0,0,0
3675805.0,Kareem Orr,23,TEN,DB,5,0,0,0,0,0,0,0,0,1,8,0,0.0,7,5,2,0,0,0
4042808.0,Artavis Pierce,24,CHI,RB,5,0,0,0,0,0,0,0,0,0,0,0,0.0,2,1,1,0,0,0
3895857.0,Damion Ratley,25,NYG,WR,5,0,0,0,0,0,0,0,1,0,0,0,0.0,0,0,0,0,0,0
3917006.0,Reggie Robinson II,23,DAL,CB,5,0,0,0,0,0,0,1,0,0,0,0,0.0,1,1,0,0,0,0
549799.0,Deadrin Senat,26,ATL,DT,5,0,0,0,0,0,0,0,0,1,0,0,0.0,4,2,2,0,0,0
,Dan Skipper,26,DET,T,5,0,0,0,0,0,0,0,0,0,0,0,0.0,1,0,1,0,0,0
545477.0,Chris Streveler,25,ARI,QB,5,0,0,0,0,0,0,0,1,0,0,0,0.0,0,0,0,0,0,0
,Chad Wheeler,26,SEA,C,5,0,0,0,0,0,0,0,0,1,0,0,0.0,0,0,0,0,0,0
,Jonathan Williams,26,DET,RB,5,0,0,0,0,0,0,0,1,0,0,0,0.0,0,0,0,0,0,0
559681.0,Kyle Allen,24,WAS,QB,4,4,0,0,0,0,0,0,1,0,0,0,0.0,0,0,0,0,0,0
534370.0,Damontae Kazee,27,ATL,DB,4,4,0,0,0,0,0,1,0,0,0,0,0.0,20,17,3,0,0,0
3152371.0,Takkarist McKinley,25,ATL,DE,4,4,0,0,0,0,1,0,0,0,0,0,1.0,8,5,3,1,7,0
,Benardrick McKinney,28,HOU,LB,4,4,0,0,0,0,1,0,0,0,0,0,0.0,37,19,18,1,0,0
545879.0,Rashard Robinson,25,DAL,DB,4,3,0,0,0,0,0,0,0,0,0,0,0.0,20,13,7,0,0,0
3123233.0,Oshane Ximines,24,NYG,DE,4,3,0,0,0,0,0,0,0,0,0,0,0.0,5,4,1,1,3,0
551293.0,Robert Foster,26,WAS,WR,4,2,0,0,0,0,0,0,0,0,0,0,0.0,1,0,1,0,0,0
3122906.0,Darius Harris,24,KAN,LB,4,2,0,0,0,0,1,0,0,1,15,0,0.0,14,11,3,0,0,0
3123054.0,Trent Harris,25,NYG,DT,4,2,0,0,0,0,0,0,0,0,0,0,0.5,5,1,4,0,1,0
3929847.0,Holton Hill,23,MIN,DB,4,2,0,0,0,0,3,0,0,0,0,0,1.0,24,19,5,0,0,0
,Mike Hughes,23,MIN,DB,4,2,0,0,0,0,1,0,0,0,0,0,0.0,13,9,4,0,0,0
175772.0,Colt McCoy,34,NYG,QB,4,2,0,0,0,0,0,0,1,0,0,0,0.0,0,0,0,0,0,0
4039521.0,Tuzar Skipper,25,TEN,LB,4,2,0,0,0,0,0,0,0,0,0,0,0.0,5,4,1,0,0,0
3147988.0,Terrell Bonds,24,BAL,DB,4,1,0,0,0,0,0,0,0,0,0,0,0.0,6,6,0,0,0,0
3728281.0,Blake Cashman,24,NYJ,LB,4,1,0,0,0,0,0,0,0,0,0,0,0.0,6,4,2,0,0,0
378497.0,Robert Griffin III,30,BAL,QB,4,1,0,0,0,0,0,0,1,0,0,0,0.0,0,0,0,0,0,0
3892773.0,Blake Lynch,23,MIN,LB,4,1,0,0,0,0,1,0,0,0,0,0,0.0,12,8,4,0,0,0
,Netane Muti,21,DEN,G,4,1,0,0,0,0,0,0,0,0,0,0,0.0,1,1,0,0,0,0
3915285.0,Wyatt Ray,24,TEN,LB,4,1,0,0,0,0,0,0,0,0,0,0,1.0,2,2,0,1,1,0
549759.0,P.J. Walker,25,CAR,QB,4,1,0,0,0,0,0,0,1,1,-1,0,0.0,0,0,0,0,0,0
487982.0,Tavon Austin,30,GNB,WR,4,0,0,0,0,0,0,0,1,0,0,0,0.0,0,0,0,0,0,0
4036507.0,Joe Bachie,22,PHI,LB,4,0,0,0,0,0,0,0,0,0,0,0,0.0,2,1,1,0,0,0
4036213.0,Antoine Brooks Jr.,23,PIT,S,4,0,0,0,0,0,0,0,0,0,0,0,0.0,2,1,1,0,0,0
,James Burgess,26,GNB,LB,4,0,0,0,0,0,0,0,0,0,0,0,0.0,3,3,0,0,0,0
534604.0,Deante Burton,26,DAL,WR,4,0,0,0,0,0,0,0,0,0,0,0,0.0,3,2,1,0,0,0
4036959.0,Cole Christiansen,23,LAC,LB,4,0,0,0,0,0,0,0,0,0,0,0,0.0,2,1,1,0,0,0
481367.0,Johnathan Cyprien,30,SFO,DB,4,0,0,0,0,0,0,1,0,0,0,0,0.0,2,1,1,0,0,0
3919607.0,Darrion Daniels,23,SFO,DT,4,0,0,0,0,0,0,0,0,0,0,0,0.0,4,2,2,0,0,0
,Sheldon Day,26,IND,DT,4,0,0,0,0,0,1,0,0,0,0,0,0.0,2,1,1,0,0,0
,Seth Devalve,27,ARI,TE,4,0,0,0,0,0,0,0,0,1,0,0,0.0,1,1,0,0,0,0
381364.0,Blaine Gabbert,31,TAM,QB,4,0,0,0,0,0,0,0,1,1,0,0,0.0,0,0,0,0,0,0
,Ulysees Gilbert,23,PIT,LB,4,0,0,0,0,0,0,0,0,0,0,0,0.0,5,3,2,0,0,0
545907.0,Frank Herron,26,DET,DT,4,0,0,0,0,0,1,0,0,0,0,0,0.0,5,4,1,1,0,0
378312.0,George Iloka,30,MIN,DB,4,0,0,0,0,0,0,0,0,0,0,0,0.0,6,5,1,1,0,0
500914.0,Bennett Jackson,29,NYJ,DB,4,0,0,0,0,0,0,0,0,0,0,0,0.0,1,1,0,0,0,0
3116058.0,Craig James,24,PHI,DB,4,0,0,0,0,0,0,0,0,1,0,0,0.0,2,2,0,0,0,0
3919107.0,Herb Miller,23,TAM,DB,4,0,1,2,0,2,1,0,0,0,0,0,0.0,5,5,0,0,0,0
4239817.0,Anthony Rush,24,SEA,DT,4,0,0,0,0,0,0,0,0,0,0,0,0.5,5,1,4,0,1,0
3921709.0,Javin White,23,LVR,LB,4,0,0,0,0,0,0,0,0,0,0,0,0.0,4,3,1,1,0,0
3821572.0,Jace Whittaker,25,ARI,DB,4,0,0,0,0,0,0,0,0,0,0,0,0.0,4,4,0,0,0,0
,Eddie Yarbrough,27,MIN,DE,4,0,0,0,0,0,0,0,0,0,0,0,0.0,8,5,3,0,1,0
379398.0,Jurrell Casey,31,DEN,DT,3,3,0,0,0,0,3,0,0,0,0,0,0.0,14,7,7,1,2,0
3124900.0,Jake Luton,24,JAX,QB,3,3,0,0,0,0,0,0,2,1,0,0,0.0,0,0,0,0,0,0
382047.0,Kawann Short,31,CAR,DT,3,3,0,0,0,0,0,0,0,0,0,0,0.0,6,3,3,0,1,0
3120347.0,Adoree' Jackson,25,TEN,DB,3,2,0,0,0,0,0,0,0,0,0,0,0.0,12,9,3,0,0,0
546852.0,Leon Jacobs,25,JAX,LB,3,2,0,0,0,0,0,0,0,0,0,0,0.0,3,3,0,1,0,0
482591.0,Josh Mauro,29,ARI,DE,3,2,0,0,0,0,0,0,0,0,0,0,1.0,5,3,2,1,1,0
,Luq Barcoo,22,JAX,CB,3,1,0,0,0,0,1,0,0,0,0,0,0.0,10,7,3,1,0,0
131187.0,Carl Davis,28,NWE,DT,3,1,0,0,0,0,0,0,0,0,0,0,0.0,3,3,0,1,0,0
,Ben DiNucci,24,DAL,QB,3,1,0,0,0,0,0,0,4,0,-9,0,0.0,0,0,0,0,0,0
,Charlie Heck,24,HOU,T,3,1,0,0,0,0,0,0,1,0,0,0,0.0,0,0,0,0,0,0
160898.0,Chad Henne,35,KAN,QB,3,1,0,0,0,0,0,0,2,1,-1,0,0.0,0,0,0,0,0,0
3722362.0,Brett Rypien,24,DEN,QB,3,1,0,0,0,0,0,0,1,0,0,0,0.0,0,0,0,0,0,0
3121634.0,Khalen Saunders,24,KAN,DT,3,1,0,0,0,0,0,0,0,0,0,0,0.0,3,3,0,0,0,0
503982.0,Jaylen Watkins,29,LAC,DB,3,1,0,0,0,0,0,0,0,0,0,0,0.0,8,8,0,0,0,0
3121660.0,Quincy Wilson,24,NYJ,DB,3,1,0,0,0,0,0,0,0,0,0,0,0.0,1,1,0,1,0,0
,Auzoyah Alufohai,24,HOU,DT,3,0,0,0,0,0,0,0,0,0,0,0,0.0,1,0,1,0,0,0
3915508.0,Rashod Berry,24,NWE,TE,3,0,0,0,0,0,0,0,0,0,0,0,0.0,1,1,0,0,0,0
,Brandon Carr,34,DAL,DB,3,0,0,0,0,0,0,0,0,0,0,0,0.0,1,1,0,0,0,0
3930024.0,Ron'Dell Carter,23,DAL,DE,3,0,0,0,0,0,0,0,0,0,0,0,0.0,1,0,1,0,0,0
3138733.0,Sean Chandler,24,NYG,DB,3,0,0,0,0,0,0,0,0,0,0,0,0.0,1,1,0,0,0,0
3910754.0,Anthony Chesley,25,HOU,DB,3,0,0,0,0,0,0,0,0,0,0,0,0.0,1,1,0,0,0,0
3860287.0,Xavier Crawford,25,CHI,DB,3,0,0,0,0,0,0,0,0,0,0,0,0.0,4,2,2,0,0,0
3138765.0,Michael Dogbe,24,ARI,DE,3,0,0,0,0,0,0,0,0,0,0,0,1.0,1,1,0,1,1,0
549784.0,Sharif Finch,25,NYJ,LB,3,0,0,0,0,0,0,0,0,0,0,0,0.0,1,0,1,0,0,0
184622.0,Dwayne Harris,33,CHI,WR,3,0,0,0,0,0,0,0,1,0,0,0,0.0,0,0,0,0,0,0
,J.T. Hassell,25,NYJ,LB,3,0,0,0,0,0,0,0,0,0,0,0,0.0,1,1,0,0,0,0
550247.0,Nate Holley,26,MIA,DB,3,0,0,0,0,0,0,0,0,0,0,0,0.0,3,2,1,0,0,0
,Matthew Ioannidis,26,WAS,DT,3,0,0,0,0,0,0,0,0,0,0,0,1.5,7,5,2,2,4,0
,Joe Jackson,24,CLE,DE,3,0,0,0,0,0,0,0,0,1,0,0,0.0,5,2,3,0,0,0
,Timmy Jernigan,28,JAX,DT,3,0,0,0,0,0,0,0,0,0,0,0,0.0,1,0,1,0,1,0
3892689.0,Jeremiah Ledbetter,26,TAM,DE,3,0,0,0,0,0,0,0,0,0,0,0,1.0,3,2,1,1,2,0
3909365.0,Dylan Mabin,23,MIN,DB,3,0,0,0,0,0,0,0,0,0,0,0,0.0,2,1,1,0,0,0
,Daniel McCullers,28,CHI,DT,3,0,0,0,0,0,0,0,0,0,0,0,0.0,8,3,5,0,0,0
,Chris Moore,27,BAL,WR,3,0,0,0,0,0,0,0,0,0,0,0,0.0,2,2,0,0,0,0
184977.0,Kyle Nelson,34,SFO,LS,3,0,0,0,0,0,0,0,0,0,0,0,0.0,1,1,0,0,0,0
,Nate Orchard,27,WAS,DE,3,0,0,0,0,0,0,0,0,0,0,0,0.0,2,0,2,0,0,0
546528.0,Joe Ostman,25,PHI,DE,3,0,0,0,0,0,0,0,0,0,0,0,0.0,1,1,0,0,0,0
545772.0,Tanzel Smart,26,NYJ,DT,3,0,0,0,0,0,0,0,0,0,0,0,0.0,3,2,1,0,0,0
186656.0,Terrance Smith,27,ARI,LB,3,0,0,0,0,0,0,0,0,0,0,0,0.0,2,0,2,0,0,0
382671.0,Neiko Thorpe,30,SEA,DB,3,0,0,0,0,0,0,0,0,0,0,0,0.0,1,1,0,0,0,0
534409.0,T.J. Yeldon,27,BUF,RB,3,0,0,0,0,0,0,0,1,1,0,0,0.0,0,0,0,0,0,0
500338.0,Anthony Barr,28,MIN,LB,2,2,0,0,0,0,0,0,0,0,0,0,0.0,6,6,0,0,0,0
4040605.0,Nick Bosa,23,SFO,DE,2,2,0,0,0,0,0,1,0,0,0,0,0.0,6,3,3,0,1,0
3121415.0,Malik Hooker,24,IND,DB,2,2,0,0,0,0,0,0,0,0,0,0,0.0,7,5,2,0,0,0
,Bruce Irvin,33,SEA,LB,2,2,0,0,0,0,0,0,0,0,0,0,0.0,5,4,1,1,3,0
235814.0,Solomon Thomas,25,SFO,DE,2,2,0,0,0,0,0,0,0,0,0,0,0.0,2,0,2,0,0,0
3915163.0,Deandre Baker,23,KAN,DB,2,1,0,0,0,0,1,0,0,0,0,0,1.0,5,4,1,1,1,0
4037647.0,Parnell Motley,23,DEN,CB,2,1,0,0,0,0,1,0,0,1,5,0,0.0,8,5,3,0,0,0
504007.0,Alec Ogletree,29,NYJ,LB,2,1,0,0,0,0,0,0,0,0,0,0,0.0,3,3,0,3,0,0
,Brooks Reed,33,TEN,LB,2,1,0,0,0,0,0,0,0,0,0,0,1.0,4,3,1,1,1,0
546642.0,Cordrea Tankersley,27,MIN,DB,2,1,0,0,0,0,0,0,0,0,0,0,0.0,2,2,0,0,0,0
3116082.0,Freedom Akinmoladun,24,CIN,DE,2,0,0,0,0,0,0,0,0,0,0,0,0.0,2,1,1,0,0,0
545623.0,Eli Apple,25,CAR,DB,2,0,0,0,0,0,0,0,0,0,0,0,0.0,4,3,1,0,0,0
4243244.0,Marquise Blair,23,SEA,DB,2,0,0,0,0,0,0,1,0,0,0,0,0.0,8,5,3,0,0,0
3116642.0,Reggie Bonnafon,24,CAR,RB,2,0,0,0,0,0,0,0,0,0,0,0,0.0,1,1,0,0,0,0
511691.0,Blake Countess,27,PHI,DB,2,0,0,0,0,0,0,0,0,0,0,0,0.0,3,3,0,0,0,0
3931422.0,Dane Cruikshank,25,TEN,DB,2,0,1,13,0,13,1,0,0,0,0,0,0.0,1,0,1,0,0,0
3699530.0,Khalil Davis,24,TAM,DT,2,0,0,0,0,0,0,0,0,0,0,0,0.0,2,1,1,0,2,0
187955.0,Kai Forbath,33,LAR,K,2,0,0,0,0,0,0,0,0,0,0,0,0.0,1,1,0,0,0,0
3915990.0,Joe Gaziano,24,LAC,DE,2,0,0,0,0,0,0,0,0,0,0,0,0.0,1,0,1,0,1,0
238203.0,Marcus Gilchrist,32,BAL,DB,2,0,0,0,0,0,0,0,0,0,0,0,0.0,3,3,0,0,0,0
234275.0,Ryan Glasgow,27,NOR,DT,2,0,0,0,0,0,0,0,0,0,0,0,0.0,3,2,1,0,0,0
534270.0,Nate Hairston,26,NYJ,DB,2,0,0,0,0,0,0,0,0,0,0,0,0.0,6,5,1,1,0,0
3917147.0,Tae Hayes,23,MIA,DB,2,0,0,0,0,0,0,0,0,0,0,0,0.0,3,2,1,0,0,0
,Lano Hill,25,SEA,DB,2,0,0,0,0,0,0,0,0,0,0,0,0.0,10,8,2,1,0,0
4035671.0,Tyler Huntley,22,BAL,QB,2,0,0,0,0,0,0,0,0,1,0,0,0.0,0,0,0,0,0,0
511957.0,David Irving,27,LVR,DT,2,0,0,0,0,0,0,0,0,0,0,0,0.0,4,2,2,0,0,0
3915411.0,Ty Johnson,23,DET,RB,2,0,0,0,0,0,0,0,0,0,0,0,0.0,1,0,1,0,0,0
3928928.0,Clay Johnston,24,CAR,LB,2,0,0,0,0,0,0,0,0,0,0,0,0.0,1,0,1,0,0,0
4040621.0,Keandre Jones,23,CIN,LB,2,0,0,0,0,0,0,0,0,0,0,0,0.0,1,0,1,0,0,0
549817.0,Darron Lee,26,BUF,LB,2,0,0,0,0,0,0,0,0,0,0,0,0.0,1,1,0,0,0,0
536523.0,Cameron Malveaux,26,CLE,DE,2,0,0,0,0,0,0,1,0,0,0,0,0.0,4,4,0,0,0,0
4040975.0,Jared Mayden,22,SFO,S,2,0,0,0,0,0,0,0,0,0,0,0,0.0,1,1,0,0,0,0
4030779.0,Bobby Price,22,DET,DB,2,0,0,0,0,0,0,0,0,0,0,0,0.0,1,1,0,0,0,0
,Stanford Samuels,21,GNB,CB,2,0,0,0,0,0,0,0,0,0,0,0,0.0,3,3,0,0,0,0
530991.0,Kevon Seymour,27,PHI,DB,2,0,0,0,0,0,0,0,0,0,0,0,0.0,8,6,2,0,0,0
,Brady Sheldon,27,NYJ,LB,2,0,0,0,0,0,0,0,0,0,0,0,0.0,1,0,1,0,0,0
4040762.0,Rashad Smith,23,PHI,LB,2,0,0,0,0,0,0,0,0,0,0,0,0.0,3,2,1,0,0,0
236466.0,Josh Thomas,24,BUF,DB,2,0,0,0,0,0,0,0,0,0,0,0,0.0,1,1,0,0,0,0
,Kevin Toliver,25,DEN,DB,2,0,0,0,0,0,0,0,0,0,0,0,0.0,3,2,1,0,0,0
,Dee Virgin,27,DET,DB,2,0,0,0,0,0,0,0,0,0,0,0,0.0,1,1,0,0,0,0
173642.0,Joe Webb,34,NYG,WR,2,0,0,0,0,0,0,0,0,0,0,0,0.0,1,1,0,0,0,0
3892889.0,Dede Westbrook,27,JAX,WR,2,0,0,0,0,0,0,0,1,0,0,0,0.0,0,0,0,0,0,0
3915255.0,Chris Westry,23,DAL,DB,2,0,0,0,0,0,0,0,0,0,0,0,0.0,1,1,0,0,0,0
4362507.0,Jarren Williams,23,NYG,CB,2,0,0,0,0,0,0,0,0,0,0,0,0.0,1,0,1,0,0,0
,Trevor Williams,27,PHI,DB,2,0,0,0,0,0,1,0,0,0,0,0,0.0,3,2,1,0,0,0
3929658.0,Robert Windsor,23,IND,DT,2,0,0,0,0,0,0,0,0,0,0,0,0.0,2,2,0,0,0,0
534336.0,Tavon Young,26,BAL,DB,2,0,0,0,0,0,0,0,0,0,0,0,0.0,2,2,0,0,0,0
,Brian Allen,27,SFO,DB,1,1,0,0,0,0,0,0,0,0,0,0,0.0,3,3,0,0,0,0
160772.0,Brian Hoyer,35,NWE,QB,1,1,0,0,0,0,0,0,1,0,0,0,0.0,0,0,0,0,0,0
549199.0,Kevin Rader,25,PIT,TE,1,1,0,0,0,0,0,0,0,0,0,0,0.0,3,2,1,0,0,0
3129310.0,Drue Tranquill,25,LAC,LB,1,1,0,0,0,0,0,0,0,0,0,0,0.0,1,1,0,0,0,0
3914553.0,Tim Ward,23,KAN,DE,1,1,0,0,0,0,0,0,0,0,0,0,1.0,5,5,0,1,2,0
377733.0,Tramaine Brock,32,DET,DB,1,0,0,0,0,0,0,0,0,0,0,0,0.0,5,5,0,0,0,0
,Brandin Bryant,27,BUF,DT,1,0,0,0,0,0,0,0,0,0,0,0,0.0,1,1,0,0,0,0
550048.0,Jamal Carter,26,ATL,DB,1,0,0,0,0,0,0,0,0,0,0,0,0.0,5,4,1,0,0,0
4041572.0,Kameron Cline,22,IND,DT,1,0,0,0,0,0,0,0,0,0,0,0,0.0,2,1,1,0,0,0
4043618.0,Omari Cobb,23,KAN,LB,1,0,0,0,0,0,0,0,0,0,0,0,0.0,1,1,0,0,0,0
,Matt Cole,24,SFO,WR,1,0,0,0,0,0,0,0,0,0,0,0,0.0,2,1,1,0,0,0
3914150.0,Marquise Copeland,23,LAR,DT,1,0,0,0,0,0,0,0,0,0,0,0,0.0,1,1,0,0,0,0
,Bryan Cox Jr.,26,BUF,DE,1,0,0,0,0,0,0,0,0,0,0,0,0.0,1,1,0,0,0,0
240565.0,Aaron Crawford,23,BAL,DT,1,0,0,0,0,0,0,0,0,0,0,0,0.0,1,0,1,0,0,0
480378.0,Dee Ford,29,SFO,LB,1,0,0,0,0,0,0,0,0,0,0,0,0.0,3,1,2,0,0,0
3116166.0,Grant Haley,24,NOR,DB,1,0,1,0,0,0,1,0,0,0,0,0,0.0,6,5,1,0,1,0
550994.0,Demone Harris,25,KAN,DE,1,0,0,0,0,0,0,0,0,0,0,0,0.0,3,1,2,0,0,0
,Michael Jackson,23,NWE,DB,1,0,0,0,0,0,0,0,0,0,0,0,0.0,1,1,0,0,0,0
380732.0,Datone Jones,30,LVR,DE,1,0,0,0,0,0,0,0,0,0,0,0,0.0,2,2,0,0,0,0
3121581.0,Devaroe Lawrence,28,WAS,DT,1,0,0,0,0,0,0,0,0,0,0,0,0.0,1,1,0,0,0,0
189804.0,Mike Love,26,BUF,DE,1,0,0,0,0,0,0,0,0,0,0,0,0.0,2,2,0,1,0,0
,Jordan Miller,23,ATL,DB,1,0,0,0,0,0,0,0,0,0,0,0,0.0,1,1,0,0,0,0
4039292.0,Alexander Myres,24,DET,DB,1,0,0,0,0,0,1,0,0,0,0,0,0.0,5,5,0,0,0,0
4241221.0,Walter Palmore,24,DAL,DT,1,0,0,0,0,0,0,0,0,0,0,0,0.0,1,0,1,0,1,0
488025.0,Geno Smith,30,SEA,QB,1,0,0,0,0,0,0,0,1,0,-6,0,0.0,0,0,0,0,0,0
535825.0,Nate Sudfeld,27,PHI,QB,1,0,0,0,0,0,0,0,1,0,-4,0,0.0,0,0,0,0,0,0
4035426.0,Stephen Sullivan,24,SEA,TE,1,0,0,0,0,0,0,0,0,0,0,0,0.0,1,0,1,0,0,0
551348.0,Pita Taumoepenu,26,ATL,LB,1,0,0,0,0,0,0,0,0,0,0,0,0.0,2,2,0,0,0,0
500711.0,Eric Tomlinson,28,NYG,TE,1,0,0,0,0,0,0,0,0,0,0,0,0.0,1,1,0,0,0,0
173871.0,Reggie Walker,24,ARI,LB,1,0,0,0,0,0,0,0,0,0,0,0,0.0,1,1,0,0,0,0
