Unnamed: 0_level_0,Unnamed: 1_level_0,Unnamed: 2_level_0,Unnamed: 3_level_0,Unnamed: 4_level_0,Unnamed: 5_level_0,Unnamed: 6_level_0,Def Interceptions,Def Interceptions,Def Interceptions,Def Interceptions,Def Interceptions,Fumbles,Fumbles,Fumbles,Fumbles,Fumbles,Unnamed: 17_level_0,Tackles,Tackles,Tackles,Tackles,Tackles,Unnamed: 23_level_0,Unnamed: 24_level_0
Rk,Player,Age,Team,Pos,G,GS,Int,Yds,IntTD,Lng,PD,FF,Fmb,FR,Yds,FRTD,Sk,Comb,Solo,Ast,TFL,QBHits,Sfty,Awards
1,Sam Adams,33,CIN,LDT,16,16,0,0,0,0,0.0,0,0,0,0,0,2.0,14.0,10.0,4.0,4.0,3.0,0,
2,Jared Allen,24,KAN,RDE,16,16,1,3,0,3,10.0,5,1,6,24,0,7.5,76.0,64.0,12.0,15.0,15.0,0,
3,Will Allen,24,TAM,FS,16,16,0,0,0,0,1.0,0,0,0,0,0,0.0,77.0,56.0,21.0,3.0,2.0,0,
4,O.J. Atogwe,25,STL,FS,16,16,3,8,0,7,10.0,5,0,1,0,0,1.0,75.0,66.0,9.0,0.0,1.0,0,
5,Akin Ayodele,27,DAL,RILB,16,16,2,2,0,2,4.0,0,1,2,2,0,1.0,84.0,64.0,20.0,6.0,2.0,0,
6,Champ Bailey,28,DEN,LCB,16,16,10,162,1,70,21.0,0,0,1,4,0,0.0,86.0,74.0,12.0,5.0,0.0,0,"PB,AP-1,AP DPoY-2"
7,Ronde Barber,31,TAM,RCB,16,16,3,103,2,66,16.0,2,0,0,0,0,0.0,100.0,85.0,15.0,5.0,1.0,0,"PB,AP-2"
8,Tiki Barber,31,NYG,RB,16,16,0,0,0,0,0.0,0,3,1,0,0,0.0,0.0,0.0,0.0,0.0,0.0,0,PB
9,Alex Barron,24,STL,RT,16,16,0,0,0,0,0.0,0,0,1,0,0,0.0,0.0,0.0,0.0,0.0,0.0,0,
10,Anthony Becht,29,TAM,TE,16,16,0,0,0,0,0.0,0,1,0,0,0,0.0,0.0,0.0,0.0,0.0,0.0,0,
11,Matt Birk,30,MIN,C,16,16,0,0,0,0,0.0,0,0,1,0,0,0.0,0.0,0.0,0.0,0.0,0.0,0,PB
12,Dre' Bly,29,DET,RCB,16,16,3,13,0,8,18.0,4,0,1,5,0,0.0,59.0,51.0,8.0,1.0,1.0,0,
13,Anquan Boldin,26,ARI,WR,16,16,0,0,0,0,0.0,0,1,0,0,0,0.0,0.0,0.0,0.0,0.0,0.0,0,PB
14,Tom Brady,29,NWE,QB,16,16,0,0,0,0,0.0,0,12,1,-2,0,0.0,0.0,0.0,0.0,0.0,0.0,0,
15,Drew Brees,27,NOR,QB,16,16,0,0,0,0,0.0,0,8,1,-3,0,0.0,0.0,0.0,0.0,0.0,0.0,0,"PB,AP-1,AP MVP-2,AP OPoY-2,AP CPoY-2"
16,Lance Briggs,26,CHI,RLB,16,16,2,18,0,18,9.0,4,0,1,0,0,1.0,134.0,113.0,21.0,11.0,2.0,0,"PB,AP-2"
17,Raheem Brock,28,IND,RDT,16,16,0,0,0,0,2.0,3,0,3,0,0,3.0,48.0,34.0,14.0,2.0,9.0,0,
18,Keith Brooking,31,ATL,MLB/LLB,16,16,0,0,0,0,1.0,0,0,1,0,0,2.5,138.0,97.0,41.0,4.0,4.0,0,
19,Derrick Brooks,33,TAM,RLB,16,16,3,51,1,21,4.0,0,0,0,0,0,0.0,121.0,96.0,25.0,4.0,0.0,0,PB
20,Alex Brown,27,CHI,RDE,16,16,2,22,0,18,4.0,3,0,2,0,0,7.0,47.0,41.0,6.0,9.0,13.0,0,
21,Sheldon Brown,27,PHI,RCB,16,16,1,70,1,70,11.0,0,0,0,0,0,0.0,52.0,37.0,15.0,3.0,1.0,0,
22,Marc Bulger,29,STL,QB,16,16,0,0,0,0,0.0,0,6,1,-6,0,0.0,0.0,0.0,0.0,0.0,0.0,0,PB
23,Josh Bullocks,23,NOR,FS,16,16,2,14,0,14,7.0,1,0,0,0,0,0.0,72.0,57.0,15.0,0.0,1.0,0,
24,Keith Bulluck,29,TEN,RLB,16,16,1,0,0,0,8.0,2,0,1,17,1,2.5,144.0,100.0,44.0,4.0,2.0,0,
25,Derrick Burgess,28,OAK,RDE,16,16,0,0,0,0,1.0,1,0,0,0,0,11.0,51.0,43.0,8.0,10.0,13.0,0,PB
26,Chris Canty,24,DAL,RDE,16,16,0,0,0,0,1.0,0,0,0,0,0,1.0,33.0,24.0,9.0,2.0,4.0,0,
27,Vernon Carey,25,MIA,RT,16,16,0,0,0,0,0.0,0,0,3,0,0,0.0,0.0,0.0,0.0,0.0,0.0,0,
28,Cooper Carlisle,29,DEN,RG,16,16,0,0,0,0,0.0,0,0,2,0,0,0.0,0.0,0.0,0.0,0.0,0.0,0,
29,David Carr,27,HOU,QB,16,16,0,0,0,0,0.0,0,16,5,-4,0,0.0,0.0,0.0,0.0,0.0,0.0,0,
30,Andre Carter,27,WAS,RDE,16,16,0,0,0,0,2.0,0,0,0,0,0,6.0,56.0,47.0,9.0,12.0,14.0,0,
31,Kevin Carter,33,MIA,LDE,16,16,0,0,0,0,0.0,0,0,2,0,0,5.5,45.0,28.0,17.0,5.0,9.0,0,
32,Chris Chambers,28,MIA,WR,16,16,0,0,0,0,0.0,0,0,1,5,0,0.0,0.0,0.0,0.0,0.0,0.0,0,
33,Corey Chavous,30,STL,SS,16,16,1,17,0,17,8.0,0,0,2,0,0,1.0,86.0,77.0,9.0,4.0,3.0,0,
34,Nate Clements,27,BUF,RCB,16,16,3,80,1,58,20.0,1,0,2,18,0,0.0,71.0,55.0,16.0,0.0,0.0,0,
35,Barry Cofield,22,NYG,LDT,16,16,0,0,0,0,3.0,0,0,0,0,0,1.5,44.0,32.0,12.0,5.0,3.0,0,
36,Laveranues Coles,29,NYJ,WR,16,16,0,0,0,0,0.0,0,1,1,13,0,0.0,0.0,0.0,0.0,0.0,0.0,0,
37,Nick Collins,23,GNB,FS,16,16,3,68,1,55,14.0,2,0,0,0,0,0.0,82.0,67.0,15.0,2.0,0.0,0,
38,Marc Colombo,28,DAL,RT,16,16,0,0,0,0,0.0,0,0,1,0,0,0.0,0.0,0.0,0.0,0.0,0.0,0,
39,Chris Cooley,24,WAS,TE,16,16,0,0,0,0,0.0,0,0,1,0,0,0.0,0.0,0.0,0.0,0.0,0.0,0,
40,Jerricho Cotchery,24,NYJ,WR,16,16,0,0,0,0,0.0,0,0,2,0,0,0.0,0.0,0.0,0.0,0.0,0.0,0,
41,Chris Crocker,26,ATL,FS,16,16,1,28,0,28,8.0,0,0,0,0,0,1.0,50.0,44.0,6.0,3.0,1.0,0,
42,Alge Crumpler,29,ATL,TE,16,16,0,0,0,0,0.0,0,0,1,0,0,0.0,0.0,0.0,0.0,0.0,0.0,0,PB
43,Jason David,24,IND,RCB,16,16,2,16,0,16,9.0,0,0,1,5,0,0.0,55.0,48.0,7.0,1.0,0.0,0,
44,Anthony Davis,26,TAM,LT,16,16,0,0,0,0,0.0,0,0,1,0,0,0.0,0.0,0.0,0.0,0.0,0.0,0,
45,Brian Dawkins,33,PHI,FS,16,16,4,38,0,38,14.0,5,0,0,0,0,1.0,98.0,76.0,22.0,5.0,5.0,0,"PB,AP-1"
46,Will Demps,27,NYG,FS,16,16,2,30,0,29,7.0,1,0,2,0,0,1.0,100.0,74.0,26.0,3.0,0.0,0,
47,Darnell Dockett,25,ARI,RDT,16,16,1,-1,0,-1,2.0,1,0,2,5,0,2.0,51.0,37.0,14.0,5.0,7.0,0,
48,Marques Douglas,29,SFO,RDT/NT,16,16,0,0,0,0,1.0,2,0,1,0,0,3.0,61.0,47.0,14.0,7.0,3.0,0,
49,Chris Draft,30,CAR,MLB,16,16,0,0,0,0,2.0,2,0,2,8,0,5.5,110.0,82.0,28.0,10.0,7.0,0,
50,Donald Driver,31,GNB,WR,16,16,0,0,0,0,0.0,0,1,1,0,0,0.0,0.0,0.0,0.0,0.0,0.0,0,PB
51,Warrick Dunn,31,ATL,RB,16,16,0,0,0,0,0.0,0,1,2,0,0,0.0,0.0,0.0,0.0,0.0,0.0,0,
52,Donnie Edwards,33,SDG,RILB,16,16,3,11,0,8,8.0,2,1,1,0,0,2.5,143.0,99.0,44.0,4.0,5.0,0,
53,Ron Edwards,27,KAN,LDT,16,16,0,0,0,0,1.0,0,0,0,0,0,2.5,20.0,15.0,5.0,3.0,4.0,0,
54,Shaun Ellis,29,NYJ,LDE,16,16,0,0,0,0,3.0,1,0,0,0,0,5.0,58.0,37.0,21.0,4.0,4.0,0,
55,Jahri Evans,23,NOR,RG,16,16,0,0,0,0,0.0,0,0,2,1,0,0.0,0.0,0.0,0.0,0.0,0.0,0,
56,Jeff Faine,25,NOR,C,16,16,0,0,0,0,,0,1,1,0,0,0.0,,,,,,0,
57,Alan Faneca,30,PIT,LG,16,16,0,0,0,0,0.0,0,0,2,0,0,0.0,0.0,0.0,0.0,0.0,0.0,0,"PB,AP-1"
58,James Farrior,31,PIT,LILB,16,16,1,1,0,1,6.0,2,0,1,0,0,4.0,128.0,85.0,43.0,9.0,7.0,0,
59,Brett Favre,37,GNB,QB,16,16,0,0,0,0,0.0,0,8,2,-9,0,0.0,,,,,,0,
60,Jason Ferguson,32,DAL,NT,16,16,0,0,0,0,1.0,0,0,0,0,0,0.0,46.0,32.0,14.0,2.0,1.0,0,
61,Bryce Fisher,29,SEA,LDE,16,16,0,0,0,0,0.0,0,0,1,0,0,4.0,46.0,37.0,9.0,7.0,8.0,0,
62,London Fletcher,31,BUF,MLB,16,16,4,30,1,17,14.0,0,0,1,5,1,2.0,146.0,101.0,45.0,9.0,3.0,0,
63,Drayton Florence,26,SDG,RCB,16,16,3,24,0,23,16.0,0,0,0,0,0,0.0,66.0,54.0,12.0,1.0,0.0,0,
64,Mike Flynn,32,BAL,C,16,16,0,0,0,0,0.0,0,0,1,0,0,0.0,0.0,0.0,0.0,0.0,0.0,0,
65,Larry Foote,26,PIT,RILB,16,16,1,11,0,11,3.0,2,0,1,0,0,4.0,91.0,62.0,29.0,5.0,4.0,0,
66,Melvin Fowler,27,BUF,C,16,16,0,0,0,0,0.0,0,1,1,0,0,0.0,0.0,0.0,0.0,0.0,0.0,0,
67,Dwight Freeney,26,IND,RDE,16,16,0,0,0,0,2.0,4,0,0,0,0,5.5,29.0,26.0,3.0,4.0,9.0,0,
68,Scott Fujita,27,NOR,LLB,16,16,2,19,0,19,7.0,1,0,0,0,0,3.5,96.0,64.0,32.0,6.0,8.0,0,
69,Wayne Gandy,35,ATL,LT,16,16,0,0,0,0,0.0,0,0,1,0,0,0.0,0.0,0.0,0.0,0.0,0.0,0,
70,Roberto Garza,27,CHI,RG,16,16,0,0,0,0,,0,0,1,0,0,0.0,0.0,0.0,0.0,0.0,0.0,0,
71,Antonio Gates,26,SDG,TE,16,16,0,0,0,0,0.0,0,0,1,4,0,0.0,0.0,0.0,0.0,0.0,0.0,0,"PB,AP-1"
72,Tarik Glenn,30,IND,LT,16,16,0,0,0,0,0.0,0,0,1,0,0,0.0,0.0,0.0,0.0,0.0,0.0,0,PB
73,La'Roi Glover,32,STL,LDT,16,16,0,0,0,0,0.0,0,0,1,0,0,5.5,43.0,38.0,5.0,9.0,7.0,0,
74,Mike Goff,30,SDG,RG,16,16,0,0,0,0,0.0,0,0,1,0,0,0.0,0.0,0.0,0.0,0.0,0.0,0,
75,Frank Gore,23,SFO,RB,16,16,0,0,0,0,0.0,0,6,0,0,0,0.0,0.0,0.0,0.0,0.0,0.0,0,"PB,AP-2"
76,Charles Grant,28,NOR,LDE,16,16,0,0,0,0,5.0,3,0,2,0,0,6.0,65.0,50.0,15.0,6.0,18.0,0,
77,Deon Grant,27,JAX,FS,16,16,2,25,0,24,8.0,0,0,1,6,0,0.0,60.0,53.0,7.0,0.0,0.0,0,
78,Morlon Greenwood,28,HOU,RLB,16,16,1,0,0,0,3.0,2,0,3,15,0,1.0,111.0,85.0,26.0,5.0,1.0,0,
79,Kelly Gregg,30,BAL,LDT,16,16,0,0,0,0,2.0,1,0,3,59,0,3.5,62.0,41.0,21.0,6.0,5.0,0,
80,Robert Griffith,36,ARI,FS,16,16,3,30,0,23,10.0,1,0,1,0,0,0.0,80.0,61.0,19.0,1.0,0.0,0,
81,Jordan Gross,26,CAR,LT,16,16,0,0,0,0,0.0,0,0,1,0,0,0.0,0.0,0.0,0.0,0.0,0.0,0,
82,Rex Grossman,26,CHI,QB,16,16,0,0,0,0,0.0,0,8,2,-4,0,0.0,0.0,0.0,0.0,0.0,0.0,0,
83,Andre Gurode,28,DAL,C,16,16,0,0,0,0,,0,1,0,0,0,0.0,,,,,,0,PB
84,Tamba Hali,23,KAN,LDE,16,16,1,-9,0,-9,4.0,5,0,1,0,0,8.0,62.0,44.0,18.0,10.0,7.0,0,
85,DeAngelo Hall,23,ATL,LCB,16,16,4,131,1,60,16.0,0,1,1,25,0,0.0,58.0,51.0,7.0,3.0,0.0,0,PB
86,Ben Hamilton,29,DEN,LG,16,16,0,0,0,0,0.0,0,0,0,0,0,0.0,1.0,1.0,0.0,0.0,0.0,0,
87,Ken Hamlin,25,SEA,FS,16,16,3,63,0,37,11.0,1,0,0,0,0,2.0,96.0,75.0,21.0,1.0,1.0,0,
88,Al Harris,32,GNB,RCB,16,16,3,39,0,34,17.0,0,0,0,0,0,0.0,41.0,35.0,6.0,0.0,0.0,0,
89,Kwame Harris,24,SFO,RT,16,16,0,0,0,0,0.0,0,0,1,0,0,0.0,0.0,0.0,0.0,0.0,0.0,0,
90,Marvin Harrison,34,IND,WR,16,16,0,0,0,0,0.0,0,1,0,0,0,0.0,,,,,,0,"PB,AP-1"
91,A.J. Hawk,22,GNB,RLB,16,16,2,31,0,25,7.0,1,0,2,0,0,3.5,121.0,84.0,37.0,6.0,7.0,0,AP DRoY-3
92,E.J. Henderson,26,MIN,RLB,16,16,2,48,1,45,4.0,1,0,2,2,0,3.0,110.0,77.0,33.0,8.0,7.0,0,
93,John Henderson,27,JAX,RDT,16,16,0,0,0,0,6.0,0,0,0,0,0,3.5,51.0,38.0,13.0,8.0,6.0,0,"PB,AP-2"
94,Anthony Henry,30,DAL,RCB,16,16,2,41,0,37,21.0,0,0,0,0,0,0.0,81.0,73.0,8.0,0.0,0.0,0,
95,Kelly Herndon,30,SEA,LCB,16,16,1,0,0,0,16.0,1,0,1,61,1,0.0,68.0,50.0,18.0,5.0,0.0,0,
96,Renaldo Hill,28,MIA,FS,16,16,2,33,0,21,9.0,0,0,1,48,1,0.0,86.0,64.0,22.0,2.0,0.0,0,
97,Victor Hobson,26,NYJ,RLB,16,16,1,9,0,9,2.0,1,0,2,32,1,6.0,100.0,66.0,34.0,7.0,13.0,0,
98,Warrick Holdman,31,WAS,RLB,16,16,0,0,0,0,2.0,0,0,0,0,0,1.0,69.0,53.0,16.0,4.0,2.0,0,
99,Vonnie Holliday,31,MIA,RDT,16,16,0,0,0,0,1.0,0,0,1,0,0,7.0,65.0,45.0,20.0,8.0,12.0,0,
100,Torry Holt,30,STL,WR,16,16,0,0,0,0,0.0,0,2,0,0,0,0.0,0.0,0.0,0.0,0.0,0.0,0,"PB,AP-2"
101,Chris Hope,26,TEN,SS,16,16,5,105,1,61,15.0,0,0,1,0,0,0.0,121.0,89.0,32.0,3.0,0.0,0,
102,Chris Hovan,28,TAM,LDT,16,16,0,0,0,0,0.0,0,0,1,0,0,2.0,52.0,40.0,12.0,9.0,7.0,0,
103,Darren Howard,30,PHI,RDE/LDE,16,16,0,0,0,0,4.0,2,0,1,0,0,5.0,35.0,23.0,12.0,7.0,7.0,0,
104,Michael Huff,23,OAK,SS,16,16,0,0,0,0,1.0,0,0,0,0,0,0.0,78.0,65.0,13.0,5.0,0.0,1,
105,Richie Incognito,23,STL,C,16,16,0,0,0,0,0.0,0,1,1,-8,0,0.0,0.0,0.0,0.0,0.0,0.0,0,
106,Jamaal Jackson,26,PHI,C,16,16,0,0,0,0,0.0,0,1,0,-16,0,0.0,0.0,0.0,0.0,0.0,0.0,0,
107,Steven Jackson,23,STL,RB,16,16,0,0,0,0,0.0,0,4,2,0,0,0.0,0.0,0.0,0.0,0.0,0.0,0,"PB,AP-2,AP OPoY-4"
108,Bradie James,25,DAL,LILB,16,16,1,15,1,15,9.0,2,0,2,0,0,0.0,103.0,66.0,37.0,2.0,0.0,0,
109,Edgerrin James,28,ARI,RB,16,16,0,0,0,0,0.0,0,3,0,0,0,0.0,0.0,0.0,0.0,0.0,0.0,0,
110,Tory James,33,CIN,RCB,16,16,4,44,0,28,14.0,0,0,0,0,0,0.0,43.0,34.0,9.0,0.0,0.0,0,
111,Quentin Jammer,27,SDG,LCB,16,16,4,57,0,35,18.0,0,0,0,0,0,0.0,78.0,71.0,7.0,0.0,0.0,0,
112,Kris Jenkins,27,CAR,RDT,16,16,0,0,0,0,1.0,0,0,0,0,0,3.0,41.0,32.0,9.0,4.0,7.0,0,PB
113,Michael Jenkins,24,ATL,WR,16,16,0,0,0,0,0.0,0,0,1,0,0,0.0,0.0,0.0,0.0,0.0,0.0,0,
114,Andre Johnson,25,HOU,WR,16,16,0,0,0,0,0.0,0,1,0,0,0,0.0,0.0,0.0,0.0,0.0,0.0,0,"PB,AP-2"
115,Chad Johnson,28,CIN,WR,16,16,0,0,0,0,0.0,0,1,1,0,0,0.0,0.0,0.0,0.0,0.0,0.0,0,"PB,AP-1"
116,Keyshawn Johnson,34,CAR,WR,16,16,0,0,0,0,0.0,0,1,0,0,0,0.0,0.0,0.0,0.0,0.0,0.0,0,
117,Landon Johnson,25,CIN,RLB,16,16,1,2,0,2,4.0,3,0,0,0,0,0.5,113.0,78.0,35.0,2.0,2.0,0,
118,Larry Johnson,27,KAN,RB,16,16,0,0,0,0,0.0,0,2,1,0,0,0.0,0.0,0.0,0.0,0.0,0.0,0,"PB,AP-1"
119,Julius Jones,25,DAL,RB,16,16,0,0,0,0,0.0,0,1,3,0,0,0.0,0.0,0.0,0.0,0.0,0.0,0,
120,Sean Jones,24,CLE,SS,16,16,5,46,0,19,16.0,0,0,1,-3,0,0.5,111.0,71.0,40.0,3.0,7.0,0,
121,Thomas Jones,28,CHI,RB,16,16,0,0,0,0,0.0,0,1,0,0,0,0.0,0.0,0.0,0.0,0.0,0.0,0,
122,Cato June,27,IND,RLB,16,16,3,14,0,8,4.0,1,0,1,0,0,1.0,142.0,96.0,46.0,6.0,3.0,0,
123,Aaron Kampman,27,GNB,LDE,16,16,0,0,0,0,0.0,3,0,1,0,0,15.5,89.0,59.0,30.0,13.0,30.0,0,"PB,AP-2"
124,Brett Keisel,28,PIT,RDE,16,16,0,0,0,0,4.0,0,0,1,1,0,5.5,56.0,38.0,18.0,6.0,10.0,0,
125,Tommy Kelly,26,OAK,RDT,16,16,0,0,0,0,2.0,1,0,0,0,0,3.5,68.0,54.0,14.0,9.0,6.0,0,
126,Chris Kelsay,27,BUF,LDE,16,16,0,0,0,0,2.0,1,0,1,0,0,5.5,62.0,41.0,21.0,7.0,12.0,0,
127,Jimmy Kennedy,27,STL,RDT,16,16,0,0,0,0,1.0,1,0,2,0,0,1.0,40.0,31.0,9.0,5.0,1.0,0,
128,Jon Kitna,34,DET,QB,16,16,0,0,0,0,0.0,0,11,0,-10,0,0.0,0.0,0.0,0.0,0.0,0.0,0,
129,Sammy Knight,31,KAN,SS,16,16,1,27,0,27,4.0,0,0,0,5,0,2.0,84.0,75.0,9.0,4.0,2.0,0,
130,Dan Koppen,27,NWE,C,16,16,0,0,0,0,0.0,0,0,3,0,0,0.0,0.0,0.0,0.0,0.0,0.0,0,
131,Kenard Lang,31,DEN,LDE,16,16,0,0,0,0,1.0,1,0,0,0,0,6.0,36.0,28.0,8.0,6.0,11.0,0,
132,Ty Law,32,KAN,LCB,16,16,4,11,0,16,9.0,3,0,0,0,0,1.0,69.0,64.0,5.0,3.0,1.0,0,
133,Paris Lenon,29,DET,MLB/LLB,16,16,1,0,0,0,3.0,0,0,2,10,0,0.0,71.0,51.0,20.0,2.0,3.0,0,
134,Jamal Lewis,27,BAL,RB,16,16,0,0,0,0,0.0,0,4,1,0,0,0.0,0.0,0.0,0.0,0.0,0.0,0,
135,Matt Light,28,NWE,LT,16,16,0,0,0,0,0.0,0,0,1,0,0,0.0,0.0,0.0,0.0,0.0,0.0,0,PB
136,Leonard Little,32,STL,LDE,16,16,0,0,0,0,2.0,6,0,0,0,0,13.0,60.0,57.0,3.0,14.0,24.0,0,
137,J.P. Losman,25,BUF,QB,16,16,0,0,0,0,0.0,0,13,4,-22,0,0.0,0.0,0.0,0.0,0.0,0.0,0,
138,John Lynch,35,DEN,FS,16,16,0,0,0,0,5.0,2,0,1,7,0,0.0,84.0,59.0,25.0,3.0,2.0,0,PB
139,Nick Mangold,22,NYJ,C,16,16,0,0,0,0,0.0,0,1,0,-7,0,0.0,0.0,0.0,0.0,0.0,0.0,0,
140,Eli Manning,25,NYG,QB,16,16,0,0,0,0,0.0,0,9,1,-3,0,0.0,,,,,,0,
141,Peyton Manning,30,IND,QB,16,16,0,0,0,0,0.0,0,2,0,0,0,0.0,,,,,,0,"PB,AP-2,AP MVP-3,AP OPoY-3"
142,Marquand Manuel,27,GNB,SS,16,16,1,29,1,29,3.0,0,0,0,0,0,0.0,81.0,62.0,19.0,2.0,0.0,0,
143,Vince Manuwai,26,JAX,LG,16,16,0,0,0,0,0.0,0,0,1,0,0,0.0,0.0,0.0,0.0,0.0,0.0,0,
144,Rashean Mathis,26,JAX,LCB,16,16,8,146,0,55,21.0,0,0,0,0,0,0.0,63.0,56.0,7.0,4.0,0.0,0,"PB,AP-1"
145,Robert Mathis,25,IND,LDE,16,16,0,0,0,0,4.0,4,0,2,0,0,9.5,65.0,50.0,15.0,13.0,12.0,0,
146,Kevin Mawae,35,TEN,C,16,16,0,0,0,0,,0,1,0,-11,0,0.0,,,,,,0,
147,Chris McAlister,29,BAL,LCB,16,16,6,121,2,60,22.0,0,0,2,0,0,0.0,47.0,43.0,4.0,3.0,0.0,0,PB
148,Todd McClure,29,ATL,C,16,16,0,0,0,0,0.0,0,0,1,0,0,0.0,0.0,0.0,0.0,0.0,0.0,0,
149,Mike McKenzie,30,NOR,LCB,16,16,2,54,0,54,10.0,0,0,0,0,0,0.0,33.0,28.0,5.0,2.0,0.0,0,
150,Steve McNair,33,BAL,QB,16,16,0,0,0,0,0.0,0,7,3,-21,0,0.0,0.0,0.0,0.0,0.0,0.0,0,
151,Marcus McNeill,23,SDG,LT,16,16,0,0,0,0,0.0,0,0,1,0,0,0.0,0.0,0.0,0.0,0.0,0.0,0,"PB,AP ORoY-4"
152,Heath Miller,24,PIT,TE,16,16,0,0,0,0,0.0,0,0,1,0,0,0.0,0.0,0.0,0.0,0.0,0.0,0,
153,Lawyer Milloy,33,ATL,SS,16,16,0,0,0,0,5.0,0,0,0,0,0,2.0,98.0,72.0,26.0,6.0,5.0,0,
154,Mike Minter,32,CAR,FS,16,16,1,3,0,3,5.0,0,0,1,0,0,0.0,83.0,59.0,24.0,0.0,2.0,0,
155,Kawika Mitchell,27,KAN,MLB,16,16,1,23,0,23,3.0,0,0,1,0,0,1.5,104.0,82.0,22.0,5.0,5.0,0,
156,Kirk Morrison,24,OAK,MLB,16,16,2,32,0,31,5.0,1,0,1,35,1,1.0,128.0,102.0,26.0,14.0,1.0,0,
157,Eric Moulds,33,HOU,WR,16,16,0,0,0,0,0.0,0,1,0,0,0,0.0,,,,,,0,
158,Muhsin Muhammad,33,CHI,WR,16,16,0,0,0,0,0.0,0,1,0,0,0,0.0,0.0,0.0,0.0,0.0,0.0,0,
159,Michael Myers,30,DEN,LDT,16,16,0,0,0,0,2.0,1,0,2,11,0,2.0,57.0,37.0,20.0,7.0,3.0,0,
160,Terence Newman,28,DAL,LCB,16,16,1,12,0,12,12.0,0,1,0,0,0,0.0,63.0,53.0,10.0,1.0,0.0,0,
161,Haloti Ngata,22,BAL,RDT,16,16,1,60,0,60,2.0,0,0,0,0,0,1.0,31.0,13.0,18.0,2.0,3.0,0,
162,Carson Palmer,27,CIN,QB,16,16,0,0,0,0,0.0,0,15,2,-9,0,0.0,0.0,0.0,0.0,0.0,0.0,0,"PB,AP CPoY-3"
163,Willie Parker,26,PIT,RB,16,16,0,0,0,0,0.0,0,7,0,0,0,0.0,0.0,0.0,0.0,0.0,0.0,0,PB
164,Mike Patterson,23,PHI,LDT,16,16,0,0,0,0,3.0,0,0,3,98,1,1.5,52.0,38.0,14.0,7.0,5.0,0,
165,Chad Pennington,30,NYJ,QB,16,16,0,0,0,0,0.0,0,7,1,-3,0,0.0,0.0,0.0,0.0,0.0,0.0,0,AP CPoY-1
166,Julius Peppers,26,CAR,LDE,16,16,0,0,0,0,6.0,3,0,2,0,0,13.0,58.0,49.0,9.0,18.0,17.0,0,"PB,AP-1"
167,Jason Peters,24,BUF,LT/RT,16,16,0,0,0,0,,0,0,1,0,0,0.0,0.0,0.0,0.0,0.0,0.0,0,
168,Julian Peterson,28,SEA,RLB,16,16,1,-4,0,-4,6.0,1,0,1,25,0,10.0,89.0,71.0,18.0,13.0,14.0,0,PB
169,Jermaine Phillips,27,TAM,SS,16,16,2,45,0,29,9.0,5,0,1,17,0,1.0,108.0,88.0,20.0,4.0,4.0,0,
170,Ryan Pickett,27,GNB,RDT,16,16,0,0,0,0,5.0,0,0,1,0,0,0.0,64.0,31.0,33.0,1.0,2.0,0,
171,Antonio Pierce,28,NYG,MLB,16,16,1,6,0,6,9.0,1,0,2,0,0,1.0,139.0,109.0,30.0,10.0,3.0,0,PB
172,Chester Pitts,27,HOU,LG,16,16,0,0,0,0,0.0,0,0,3,0,0,0.0,0.0,0.0,0.0,0.0,0.0,0,
173,Trevor Pryce,31,BAL,LDE,16,16,0,0,0,0,3.0,2,0,0,0,0,13.0,46.0,36.0,10.0,12.0,23.0,0,AP DPoY-5
174,Dominic Raiola,28,DET,C,16,16,0,0,0,0,0.0,0,0,1,0,0,0.0,0.0,0.0,0.0,0.0,0.0,0,
175,Antwaan Randle El,27,WAS,WR,16,16,0,0,0,0,0.0,0,2,1,0,0,0.0,0.0,0.0,0.0,0.0,0.0,0,
176,Cory Redding,26,DET,RDT/LDE,16,16,0,0,0,0,0.0,2,0,1,2,0,8.0,48.0,38.0,10.0,12.0,10.0,0,
177,Ed Reed,28,BAL,FS,16,16,5,70,1,37,9.0,1,0,1,32,0,0.0,60.0,52.0,8.0,5.0,0.0,1,"PB,AP-1"
178,Dominic Rhodes,27,IND,RB,16,16,0,0,0,0,0.0,0,3,0,0,0,0.0,0.0,0.0,0.0,0.0,0.0,0,
179,Kerry Rhodes,24,NYJ,FS,16,16,4,46,0,25,13.0,3,0,1,4,0,5.0,99.0,75.0,24.0,4.0,4.0,0,AP-2
180,Marco Rivera,34,DAL,RG,16,16,0,0,0,0,0.0,0,0,1,0,0,0.0,0.0,0.0,0.0,0.0,0.0,0,
181,Philip Rivers,25,SDG,QB,16,16,0,0,0,0,0.0,0,8,4,-25,0,0.0,0.0,0.0,0.0,0.0,0.0,0,PB
182,Fred Robbins,29,NYG,RDT,16,16,2,12,0,11,3.0,0,0,3,67,0,5.5,46.0,31.0,15.0,11.0,13.0,0,
183,Dewayne Robertson,25,NYJ,LDT,16,16,0,0,0,0,0.0,1,0,1,0,0,2.5,62.0,37.0,25.0,4.0,6.0,0,
184,Bryan Robinson,32,CIN,LDE,16,16,0,0,0,0,2.0,0,0,0,0,0,3.0,42.0,29.0,13.0,2.0,7.0,0,
185,Dunta Robinson,24,HOU,LCB,16,16,2,9,1,9,12.0,1,0,0,0,0,0.0,83.0,70.0,13.0,4.0,1.0,0,
186,Antrel Rolle,24,ARI,LCB,16,16,1,23,0,23,11.0,2,0,0,0,0,0.0,87.0,80.0,7.0,2.0,0.0,0,
187,Samari Rolle,30,BAL,RCB,16,16,3,60,0,44,10.0,0,0,0,0,0,1.0,52.0,48.0,4.0,4.0,2.0,0,
188,DeMeco Ryans,22,HOU,MLB,16,16,1,16,0,16,7.0,1,0,1,0,0,3.5,156.0,126.0,30.0,13.0,9.0,0,AP DRoY-1
189,Warren Sapp,34,OAK,LDT,16,16,0,0,0,0,2.0,1,0,0,0,0,10.0,47.0,32.0,15.0,13.0,17.0,0,
190,Aaron Schobel,29,BUF,RDE,16,16,0,0,0,0,3.0,4,0,1,0,0,14.0,53.0,35.0,18.0,12.0,22.0,0,"PB,AP-2"
191,Stuart Schweigert,25,OAK,FS,16,16,0,0,0,0,4.0,0,0,1,0,0,0.0,107.0,86.0,21.0,0.0,0.0,0,
192,Bart Scott,26,BAL,RLB/LILB,16,16,2,31,0,24,9.0,0,0,0,0,0,9.5,103.0,78.0,25.0,12.0,20.0,0,"PB,AP-2"
193,Kevin Shaffer,26,CLE,LT,16,16,0,0,0,0,0.0,0,0,1,0,0,0.0,0.0,0.0,0.0,0.0,0.0,0,
194,Darren Sharper,31,MIN,SS,16,16,4,10,0,10,9.0,1,0,0,0,0,1.0,68.0,52.0,16.0,2.0,1.0,0,
195,Ernie Sims,22,DET,RLB,16,16,0,0,0,0,1.0,1,0,1,0,0,0.5,125.0,82.0,43.0,4.0,0.0,0,
196,Justin Smiley,25,SFO,RG,16,16,0,0,0,0,0.0,0,0,1,0,0,0.0,0.0,0.0,0.0,0.0,0.0,0,
197,Aaron Smith,30,PIT,LDE,16,16,0,0,0,0,2.0,1,0,1,0,0,4.5,64.0,46.0,18.0,4.0,7.0,0,
198,Alex Smith,22,SFO,QB,16,16,0,0,0,0,0.0,0,10,2,-3,0,0.0,0.0,0.0,0.0,0.0,0.0,0,
199,Daryl Smith,24,JAX,MLB,16,16,1,4,0,4,7.0,1,0,0,0,0,3.0,89.0,73.0,16.0,8.0,4.0,0,
200,Justin Smith,27,CIN,RDE,16,16,0,0,0,0,3.0,1,0,2,0,0,7.5,80.0,49.0,31.0,8.0,19.0,0,
201,Marvel Smith,28,PIT,LT,16,16,0,0,0,0,0.0,0,0,1,0,0,0.0,0.0,0.0,0.0,0.0,0.0,0,
202,Rod Smith,36,DEN,WR,16,16,0,0,0,0,0.0,0,2,1,0,0,0.0,0.0,0.0,0.0,0.0,0.0,0,
203,Marcus Spears,23,DAL,LDE,16,16,0,0,0,0,3.0,0,0,0,0,0,1.0,45.0,29.0,16.0,3.0,3.0,0,
204,Paul Spicer,31,JAX,RDE/LDE,16,16,0,0,0,0,4.0,0,0,0,0,0,3.0,47.0,41.0,6.0,10.0,9.0,0,
205,Greg Spires,32,TAM,LDE,16,16,0,0,0,0,3.0,0,0,0,0,0,5.0,51.0,33.0,18.0,6.0,10.0,0,
206,Eric Steinbach,26,CIN,LG,16,16,0,0,0,0,0.0,0,0,2,0,0,0.0,0.0,0.0,0.0,0.0,0.0,0,
207,Jon Stinchcomb,27,NOR,RT,16,16,0,0,0,0,0.0,0,0,1,0,0,0.0,0.0,0.0,0.0,0.0,0.0,0,
208,Patrick Surtain,30,KAN,RCB,16,16,1,0,0,0,6.0,3,0,1,19,0,1.0,68.0,60.0,8.0,4.0,0.0,0,
209,Lofa Tatupu,24,SEA,MLB,16,16,1,19,0,19,7.0,2,0,1,0,0,1.5,123.0,93.0,30.0,5.0,4.0,0,PB
210,Jason Taylor,32,MIA,RDE,16,16,2,71,2,51,11.0,9,0,2,33,0,13.5,62.0,42.0,20.0,12.0,14.0,0,"PB,AP-1,AP DPoY-1"
211,Sean Taylor,23,WAS,FS,16,16,1,25,0,25,7.0,3,0,0,0,0,0.0,114.0,89.0,25.0,1.0,1.0,0,PB
212,Travis Taylor,28,MIN,WR,16,16,0,0,0,0,0.0,0,2,2,-1,0,0.0,0.0,0.0,0.0,0.0,0.0,0,
213,Adalius Thomas,29,BAL,LLB/ROLB,16,16,1,7,0,7,7.0,0,0,1,57,1,11.0,83.0,64.0,19.0,14.0,24.0,1,"PB,AP-1"
214,Bryan Thomas,27,NYJ,RDE,16,16,0,0,0,0,0.0,1,0,1,0,0,8.5,77.0,58.0,19.0,11.0,12.0,0,
215,Zach Thomas,33,MIA,MLB,16,16,1,-4,0,-4,8.0,2,0,0,0,0,3.0,165.0,103.0,62.0,7.0,3.0,0,"PB,AP-1"
216,Lamont Thompson,28,TEN,FS,16,16,3,14,0,11,8.0,0,0,2,19,0,0.0,73.0,55.0,18.0,1.0,1.0,0,
217,LaDainian Tomlinson,27,SDG,RB,16,16,0,0,0,0,0.0,0,2,1,0,0,0.0,,,,,,0,"PB,AP-1,AP MVP-1,AP OPoY-1"
218,Larry Tripplett,27,BUF,LDT,16,16,0,0,0,0,3.0,1,0,1,0,0,2.5,33.0,19.0,14.0,2.0,10.0,0,
219,Jeremiah Trotter,29,PHI,MLB,16,16,1,17,0,17,4.0,1,0,0,0,0,0.0,113.0,88.0,25.0,3.0,0.0,0,
220,Brian Urlacher,28,CHI,MLB,16,16,3,38,0,36,9.0,1,0,1,0,0,0.0,142.0,93.0,49.0,11.0,8.0,0,"PB,AP-1,AP DPoY-4"
221,Kyle Vanden Bosch,28,TEN,LDE,16,16,0,0,0,0,1.0,1,0,0,0,0,6.5,75.0,54.0,21.0,9.0,24.0,0,
222,Michael Vick,26,ATL,QB,16,16,0,0,0,0,0.0,0,9,3,-4,0,0.0,0.0,0.0,0.0,0.0,0.0,0,
223,Jonathan Vilma,24,NYJ,MLB,16,16,1,0,0,0,4.0,0,0,1,12,0,0.0,117.0,69.0,48.0,2.0,2.0,0,
224,Kimo von Oelhoffen,35,NYJ,RDT,16,16,0,0,0,0,1.0,0,0,0,0,0,1.0,28.0,17.0,11.0,2.0,1.0,0,
225,Mike Vrabel,31,NWE,ROLB/RILB,16,16,3,0,0,2,4.0,3,0,1,0,0,4.5,89.0,54.0,35.0,1.0,6.0,0,
226,DeMarcus Ware,24,DAL,ROLB,16,16,1,41,1,41,6.0,5,0,1,69,1,11.5,73.0,59.0,14.0,12.0,18.0,0,"PB,AP-2"
227,Ted Washington,38,CLE,NT,16,16,0,0,0,0,0.0,0,0,0,0,0,0.0,52.0,43.0,9.0,4.0,1.0,0,
228,Reggie Wayne,28,IND,WR,16,16,0,0,0,0,0.0,0,1,0,0,0,0.0,0.0,0.0,0.0,0.0,0.0,0,PB
229,Scott Wells,25,GNB,C,16,16,0,0,0,0,0.0,0,4,0,-7,0,0.0,0.0,0.0,0.0,0.0,0.0,0,
230,Jamal Williams,30,SDG,NT,16,16,0,0,0,0,2.0,0,0,0,0,0,2.0,69.0,49.0,20.0,4.0,2.0,0,"PB,AP-1"
231,Kevin Williams,26,MIN,RDT,16,16,0,0,0,0,6.0,0,0,3,0,1,5.0,36.0,28.0,8.0,11.0,12.0,0,"PB,AP-1"
232,Madieu Williams,25,CIN,FS,16,16,3,33,0,25,13.0,2,0,0,0,0,0.0,90.0,68.0,22.0,4.0,2.0,0,
233,Mario Williams,21,HOU,RDE,16,16,0,0,0,0,4.0,1,0,1,0,0,4.5,47.0,35.0,12.0,7.0,7.0,0,AP DRoY-5
234,Pat Williams,34,MIN,LDT,16,16,0,0,0,0,3.0,1,0,0,0,0,1.0,44.0,37.0,7.0,9.0,2.0,0,PB
235,Roy Williams,26,DAL,SS,16,16,5,33,0,27,14.0,0,0,2,0,0,0.0,63.0,53.0,10.0,2.0,1.0,0,PB
236,Roy Williams,25,DET,WR,16,16,0,0,0,0,0.0,0,2,0,0,0,0.0,0.0,0.0,0.0,0.0,0.0,0,PB
237,Adrian Wilson,27,ARI,SS,16,16,4,146,1,99,10.0,4,0,2,99,1,5.0,84.0,76.0,8.0,12.0,8.0,0,"PB,AP-2"
238,Antoine Winfield,29,MIN,LCB,16,16,4,33,1,26,14.0,0,0,1,0,0,0.0,98.0,84.0,14.0,7.0,3.0,0,
239,Kellen Winslow,23,CLE,TE,16,16,0,0,0,0,0.0,0,1,0,0,0,0.0,0.0,0.0,0.0,0.0,0.0,0,AP CPoY-4
240,Grant Wistrom,30,SEA,RDE,16,16,0,0,0,0,2.0,1,0,1,0,0,4.0,37.0,30.0,7.0,7.0,4.0,0,
241,Will Witherspoon,26,STL,MLB,16,16,0,0,0,0,9.0,3,0,1,0,0,3.0,116.0,102.0,14.0,8.0,5.0,0,
242,Charles Woodson,30,GNB,LCB,16,16,8,61,1,23,20.0,3,0,1,0,0,1.0,62.0,51.0,11.0,1.0,1.0,0,
243,Brian Young,29,NOR,LDT,16,16,0,0,0,0,1.0,0,0,1,0,0,5.5,46.0,35.0,11.0,8.0,16.0,0,
244,Bryant Young,34,SFO,LDE,16,16,0,0,0,0,1.0,1,0,0,0,0,5.5,52.0,41.0,11.0,5.0,10.0,0,
245,Mike Alstott,33,TAM,FB,16,15,0,0,0,0,0.0,0,1,0,0,0,0.0,0.0,0.0,0.0,0.0,0.0,0,
246,Eric Barton,29,NYJ,LLB,16,15,0,0,0,0,2.0,1,0,0,0,0,4.5,100.0,72.0,28.0,6.0,4.0,0,
247,Arnaz Battle,26,SFO,WR,16,15,0,0,0,0,0.0,0,2,0,0,0,0.0,1.0,1.0,0.0,0.0,0.0,0,
248,Drew Bennett,28,TEN,WR,16,15,0,0,0,0,0.0,0,2,1,0,0,0.0,0.0,0.0,0.0,0.0,0.0,0,
249,Rocky Bernard,27,SEA,RDT,16,15,0,0,0,0,1.0,2,0,1,0,0,3.5,37.0,25.0,12.0,8.0,4.0,0,
250,Jordan Black,26,KAN,LT,16,15,0,0,0,0,0.0,0,0,1,0,0,0.0,0.0,0.0,0.0,0.0,0.0,0,
251,Rosevelt Colvin,29,NWE,LOLB,16,15,0,0,0,0,3.0,1,0,1,0,0,8.5,55.0,43.0,12.0,11.0,27.0,0,
252,Phillip Daniels,33,WAS,LDE,16,15,1,0,0,0,4.0,1,0,0,0,0,3.0,37.0,24.0,13.0,2.0,3.0,0,
253,Lee Evans,25,BUF,WR,16,15,0,0,0,0,0.0,0,1,0,0,0,0.0,0.0,0.0,0.0,0.0,0.0,0,
254,Terrence Holt,26,DET,FS,16,15,3,8,0,7,4.0,1,0,1,0,0,0.5,77.0,51.0,26.0,0.0,2.0,0,
255,Thomas Howard,23,OAK,RLB,16,15,0,0,0,0,2.0,0,0,0,0,0,0.0,110.0,88.0,22.0,6.0,1.0,0,
256,Grady Jackson,33,ATL,LDT,16,15,0,0,0,0,2.0,1,0,0,0,0,0.0,36.0,31.0,5.0,12.0,1.0,0,
257,Rudi Johnson,27,CIN,RB,16,15,0,0,0,0,0.0,0,6,2,0,0,0.0,,,,,,0,
258,Derrick Mason,32,BAL,WR,16,15,0,0,0,0,0.0,0,1,1,0,0,0.0,,,,,,0,
259,Chike Okeafor,30,ARI,LDE,16,15,0,0,0,0,6.0,2,0,2,0,0,8.5,54.0,42.0,12.0,11.0,18.0,0,
260,Peerless Price,30,BUF,WR,16,15,0,0,0,0,0.0,0,1,0,0,0,0.0,0.0,0.0,0.0,0.0,0.0,0,
261,Robert Royal,27,BUF,TE,16,15,0,0,0,0,0.0,0,0,2,0,0,0.0,0.0,0.0,0.0,0.0,0.0,0,
262,Richard Seymour,27,NWE,RDE,16,15,1,0,0,0,8.0,0,0,1,0,0,4.0,41.0,23.0,18.0,9.0,12.0,0,"PB,AP-2"
263,Scott Shanle,27,NOR,RLB,16,15,0,0,0,0,1.0,1,0,0,0,0,4.0,99.0,74.0,25.0,6.0,5.0,0,
264,Ko Simpson,23,BUF,FS,16,15,2,76,0,76,4.0,1,0,0,0,0,1.0,77.0,51.0,26.0,1.0,1.0,0,
265,Peter Sirmon,29,TEN,MLB,16,15,1,13,0,13,4.0,0,0,0,0,0,0.5,88.0,60.0,28.0,5.0,1.0,0,
266,Terrell Suggs,24,BAL,RDE/LOLB,16,15,0,0,0,0,7.0,3,0,2,0,0,9.5,65.0,47.0,18.0,15.0,15.0,0,PB
267,Kenechi Udeze,23,MIN,RDE,16,15,0,0,0,0,0.0,0,0,1,0,0,0.0,29.0,19.0,10.0,7.0,4.0,0,
268,Darwin Walker,29,PHI,RDT,16,15,1,6,0,6,4.0,1,0,0,0,0,6.0,36.0,27.0,9.0,6.0,10.0,0,
269,D.J. Williams,24,DEN,LLB,16,15,0,0,0,0,2.0,1,0,0,0,0,1.0,76.0,59.0,17.0,4.0,4.0,0,
270,Kamerion Wimbley,23,CLE,ROLB,16,15,0,0,0,0,0.0,1,0,3,1,0,11.0,62.0,44.0,18.0,13.0,26.0,0,AP DRoY-4
271,Jason Witten,24,DAL,TE,16,15,0,0,0,0,0.0,0,0,0,0,0,0.0,1.0,1.0,0.0,0.0,0.0,0,PB
272,Stephen Alexander,31,DEN,TE,16,14,0,0,0,0,0.0,0,0,1,0,0,0.0,0.0,0.0,0.0,0.0,0.0,0,
273,Chris Baker,27,NYJ,TE,16,14,0,0,0,0,0.0,0,0,1,0,0,0.0,0.0,0.0,0.0,0.0,0.0,0,
274,Kendrell Bell,28,KAN,RLB,16,14,0,0,0,0,0.0,0,0,0,0,0,1.0,49.0,43.0,6.0,7.0,2.0,0,
275,Reche Caldwell,27,NWE,WR,16,14,0,0,0,0,0.0,0,2,1,8,0,0.0,0.0,0.0,0.0,0.0,0.0,0,
276,Brandon Chillar,24,STL,LLB,16,14,0,0,0,0,1.0,1,0,0,0,0,2.0,61.0,60.0,1.0,8.0,6.0,0,
277,Trent Cole,24,PHI,LDE/RDE,16,14,1,19,1,19,3.0,1,0,1,1,0,8.0,62.0,43.0,19.0,12.0,16.0,0,
278,Channing Crowder,23,MIA,LLB,16,14,0,0,0,0,4.0,1,0,0,0,0,1.0,104.0,61.0,43.0,3.0,5.0,0,
279,Chartric Darby,31,SEA,LDT,16,14,0,0,0,0,0.0,0,0,0,0,0,3.5,37.0,28.0,9.0,8.0,7.0,0,
280,Bubba Franks,28,GNB,TE,16,14,0,0,0,0,0.0,0,2,0,0,0,0.0,0.0,0.0,0.0,0.0,0.0,0,
281,Mike Furrey,29,DET,WR,16,14,0,0,0,0,0.0,0,1,0,0,0,0.0,0.0,0.0,0.0,0.0,0.0,0,
282,Joey Galloway,35,TAM,WR,16,14,0,0,0,0,0.0,0,0,1,0,0,0.0,0.0,0.0,0.0,0.0,0.0,0,
283,Dawan Landry,24,BAL,SS,16,14,5,101,1,37,11.0,0,0,0,0,0,3.0,69.0,48.0,21.0,4.0,3.0,0,AP DRoY-5
284,Danieal Manning,24,CHI,FS,16,14,2,26,0,15,7.0,4,0,1,0,0,0.0,70.0,53.0,17.0,0.0,0.0,0,
285,Melvin Oliver,23,SFO,RDE,16,14,0,0,0,0,0.0,0,0,1,12,1,1.0,43.0,35.0,8.0,2.0,3.0,0,
286,Reggie Williams,23,JAX,WR,16,14,0,0,0,0,0.0,0,1,2,0,0,0.0,0.0,0.0,0.0,0.0,0.0,0,
287,Michael Boley,24,ATL,LLB,16,13,2,44,0,40,7.0,1,0,3,0,0,3.0,88.0,69.0,19.0,7.0,3.0,0,
288,Tyler Brayton,27,OAK,LDE,16,13,0,0,0,0,1.0,1,0,0,0,0,0.0,43.0,34.0,9.0,1.0,0.0,0,
289,Erik Coleman,24,NYJ,SS,16,13,1,3,0,3,4.0,0,0,0,0,0,0.0,101.0,70.0,31.0,3.0,1.0,0,
290,Chauncey Davis,23,ATL,LDE,16,13,1,41,0,41,2.0,0,0,1,0,0,1.0,38.0,29.0,9.0,3.0,2.0,0,
291,Corey Dillon,32,NWE,RB,16,13,0,0,0,0,0.0,0,2,0,0,0,0.0,,,,,,0,
292,George Foster,26,DEN,RT,16,13,0,0,0,0,0.0,0,0,1,0,0,0.0,0.0,0.0,0.0,0.0,0.0,0,
293,Kabeer Gbaja-Biamila,29,GNB,RDE,16,13,0,0,0,0,0.0,2,0,0,0,0,6.0,40.0,28.0,12.0,7.0,17.0,0,
294,Kedric Golston,23,WAS,RDT,16,13,0,0,0,0,3.0,0,0,1,0,0,0.5,44.0,34.0,10.0,3.0,2.0,0,
295,Orlando Huff,28,ARI,RLB,16,13,0,0,0,0,4.0,1,0,0,0,0,0.0,70.0,58.0,12.0,2.0,0.0,0,
296,Dhani Jones,28,PHI,LLB,16,13,0,0,0,0,6.0,0,0,0,0,0,0.5,76.0,55.0,21.0,4.0,3.0,0,
297,Ma'ake Kemoeatu,27,CAR,LDT,16,13,0,0,0,0,1.0,0,0,0,0,0,0.0,34.0,26.0,8.0,2.0,0.0,0,
298,Darrion Scott,25,MIN,LDE,16,13,0,0,0,0,2.0,1,0,0,0,0,5.5,46.0,25.0,21.0,4.0,6.0,0,
299,Mark Simoneau,29,NOR,MLB,16,13,1,0,0,0,1.0,0,0,0,0,0,1.0,62.0,34.0,28.0,2.0,4.0,0,
300,David Thornton,28,TEN,LLB,16,13,0,0,0,0,5.0,2,0,0,0,0,0.0,109.0,87.0,22.0,4.0,1.0,0,
301,Boss Bailey,27,DET,LLB,16,12,0,0,0,0,2.0,0,0,0,0,0,1.0,67.0,51.0,16.0,3.0,1.0,0,
302,Brad Hoover,30,CAR,FB,16,12,0,0,0,0,0.0,0,2,1,0,0,0.0,9.0,9.0,0.0,0.0,0.0,0,
303,Manny Lawson,22,SFO,LLB/LOLB,16,12,1,0,0,0,2.0,0,0,2,0,0,2.5,57.0,47.0,10.0,4.0,4.0,0,
304,Brady Poppinga,27,GNB,LLB,16,12,1,21,0,21,5.0,2,0,0,0,0,1.0,61.0,45.0,16.0,2.0,2.0,0,
305,Deshea Townsend,31,PIT,RCB,16,12,2,6,0,6,11.0,2,0,0,0,0,2.0,41.0,37.0,4.0,4.0,1.0,0,
306,Ernest Wilford,27,JAX,WR,16,12,0,0,0,0,0.0,0,1,0,0,0,0.0,,,,,,0,
307,Courtney Anderson,26,OAK,TE,16,11,0,0,0,0,0.0,0,1,1,0,0,0.0,0.0,0.0,0.0,0.0,0.0,0,
308,Yeremiah Bell,28,MIA,SS,16,11,0,0,0,0,12.0,3,0,2,0,0,2.0,70.0,46.0,24.0,1.0,3.0,0,
309,Juran Bolden,32,TAM,LCB,16,11,1,27,0,27,11.0,0,0,1,0,0,1.0,63.0,53.0,10.0,1.0,1.0,0,
310,Jim Finn,30,NYG,FB,16,11,0,0,0,0,0.0,0,0,2,0,0,0.0,0.0,0.0,0.0,0.0,0.0,0,
311,Justin Griffith,26,ATL,FB,16,11,0,0,0,0,0.0,0,3,0,0,0,0.0,,,,,,0,
312,Anthony McFarland,29,2TM,LDT,16,16,0,0,0,0,0.0,0,0,1,0,0,2.5,40.0,28.0,12.0,7.0,4.0,0,
312,Anthony McFarland,29,TAM,RDT,5,5,0,0,0,0,0.0,0,0,0,0,0,0.0,8.0,6.0,2.0,1.0,2.0,0,
312,Anthony McFarland,29,IND,LDT,11,11,0,0,0,0,0.0,0,0,1,0,0,2.5,32.0,22.0,10.0,6.0,2.0,0,
313,Brandon Moore,27,SFO,RLB/ROLB,16,11,0,0,0,0,2.0,2,0,0,0,0,6.5,93.0,63.0,30.0,10.0,12.0,0,
314,Lorenzo Neal,36,SDG,FB,16,11,0,0,0,0,0.0,0,2,1,0,0,0.0,0.0,0.0,0.0,0.0,0.0,0,"PB,AP-1"
315,Shantee Orr,25,HOU,LLB,16,11,0,0,0,0,1.0,0,0,1,19,0,1.5,32.0,28.0,4.0,3.0,2.0,0,
316,Jake Plummer,32,DEN,QB,16,11,0,0,0,0,0.0,0,7,1,-5,0,0.0,0.0,0.0,0.0,0.0,0.0,0,
317,Mark Roman,29,SFO,SS,16,11,1,27,0,27,7.0,1,0,1,0,0,1.0,59.0,47.0,12.0,3.0,1.0,0,
318,Ike Taylor,26,PIT,LCB,16,11,2,34,0,34,12.0,0,0,1,0,0,0.0,69.0,61.0,8.0,2.0,1.0,0,
319,Corey Williams,26,GNB,LDT,16,11,0,0,0,0,3.0,0,0,1,0,0,7.0,34.0,26.0,8.0,9.0,11.0,0,
320,Kyle Williams,23,BUF,RDT,16,11,0,0,0,0,0.0,0,0,0,0,0,0.0,53.0,33.0,20.0,4.0,3.0,0,
321,Jacques Cesaire,26,SDG,LDE,16,10,0,0,0,0,1.0,1,0,0,0,0,4.0,37.0,27.0,10.0,6.0,6.0,0,
322,Kalimba Edwards,27,DET,RDE,16,10,0,0,0,0,1.0,1,0,3,3,0,3.0,37.0,25.0,12.0,4.0,6.0,0,
323,Nick Greisen,27,JAX,RLB,16,10,1,6,0,6,3.0,0,0,1,1,0,0.0,34.0,31.0,3.0,6.0,1.0,0,
324,Tye Hill,24,STL,LCB,16,10,3,20,0,14,6.0,0,0,1,2,0,0.0,56.0,53.0,3.0,2.0,0.0,0,
325,R.W. McQuarters,30,NYG,LCB,16,10,2,67,1,27,8.0,1,0,0,0,0,1.0,56.0,51.0,5.0,0.0,1.0,0,
326,Tony Romo,26,DAL,QB,16,10,0,0,0,0,0.0,0,9,3,-20,0,0.0,0.0,0.0,0.0,0.0,0.0,0,PB
327,Mack Strong,35,SEA,FB,16,10,0,0,0,0,0.0,0,2,0,0,0,0.0,0.0,0.0,0.0,0.0,0.0,0,PB
328,Demorrio Williams,26,ATL,RLB,16,10,1,9,0,9,3.0,2,0,1,54,1,1.0,93.0,59.0,34.0,6.0,3.0,0,
329,Randal Williams,28,OAK,TE,16,10,0,0,0,0,0.0,0,2,0,0,0,0.0,1.0,1.0,0.0,0.0,0.0,0,
330,Kris Wilson,25,KAN,FB,16,10,0,0,0,0,0.0,0,0,1,0,0,0.0,1.0,1.0,0.0,0.0,0.0,0,
331,Ladell Betts,27,WAS,RB,16,9,0,0,0,0,0.0,0,6,0,0,0,0.0,0.0,0.0,0.0,0.0,0.0,0,
332,Troy Brown,35,NWE,WR,16,9,0,0,0,0,0.0,0,0,0,0,0,0.0,1.0,1.0,0.0,0.0,0.0,0,
333,Sean Considine,24,PHI,SS,16,9,1,12,0,12,5.0,1,0,2,0,0,1.5,86.0,60.0,26.0,2.0,2.0,0,
334,Zack Crockett,34,OAK,FB,16,9,0,0,0,0,0.0,0,2,0,-7,0,0.0,0.0,0.0,0.0,0.0,0.0,0,
335,Madison Hedgecock,25,STL,FB,16,9,0,0,0,0,0.0,0,0,0,0,0,0.0,10.0,9.0,1.0,0.0,0.0,0,
336,Johnathan Joseph,22,CIN,LCB,16,9,0,0,0,0,20.0,1,0,2,7,0,0.0,57.0,45.0,12.0,0.0,1.0,0,AP DRoY-5
337,Mathias Kiwanuka,23,NYG,RDE,16,9,2,44,0,32,4.0,2,1,0,0,0,4.0,53.0,44.0,9.0,6.0,9.0,0,
338,Keith Lewis,25,SFO,FS,16,9,2,24,0,24,4.0,1,0,1,23,0,1.0,77.0,60.0,17.0,4.0,2.0,0,
339,Bryant McFadden,25,PIT,RCB,16,9,3,39,0,39,12.0,0,0,3,0,0,0.0,54.0,47.0,7.0,0.0,0.0,0,
340,Donnie Spragan,30,MIA,RLB,16,9,0,0,0,0,3.0,0,0,1,0,0,1.5,50.0,28.0,22.0,1.0,1.0,0,
341,Jeff Ulbrich,29,SFO,RILB,16,9,0,0,0,0,0.0,0,0,0,0,0,0.0,64.0,46.0,18.0,3.0,0.0,0,
342,Fred Wakefield,28,ARI,TE,16,9,0,0,0,0,0.0,0,1,1,0,0,0.0,1.0,1.0,0.0,0.0,0.0,0,
343,Kenny Wright,29,WAS,LCB,16,9,1,0,0,0,13.0,0,0,0,0,0,0.0,39.0,32.0,7.0,0.0,0.0,0,
344,Mike Adams,25,SFO,FS,16,8,0,0,0,0,3.0,0,0,0,0,0,0.0,65.0,54.0,11.0,1.0,2.0,0,
345,Michael Boulware,25,SEA,SS,16,8,2,1,0,1,6.0,1,0,1,32,0,0.0,40.0,32.0,8.0,1.0,0.0,0,
346,Reggie Bush,21,NOR,RB,16,8,0,0,0,0,0.0,0,2,1,0,0,0.0,0.0,0.0,0.0,0.0,0.0,0,AP ORoY-5
347,Tim Carter,27,NYG,WR,16,8,0,0,0,0,0.0,0,1,1,0,1,0.0,0.0,0.0,0.0,0.0,0.0,0,
348,Kendyl Jacox,31,MIA,LG,16,8,0,0,0,0,0.0,0,0,1,0,0,0.0,0.0,0.0,0.0,0.0,0.0,0,
349,Bryant Johnson,25,ARI,WR,16,8,0,0,0,0,0.0,0,1,0,0,0,0.0,0.0,0.0,0.0,0.0,0.0,0,
350,Richard Marshall,22,CAR,RCB,16,8,3,59,1,30,15.0,2,1,4,25,0,1.0,82.0,69.0,13.0,6.0,0.0,0,
351,Rob Meier,29,JAX,LDE,16,8,0,0,0,0,0.0,0,0,1,0,0,5.0,29.0,24.0,5.0,7.0,7.0,0,
352,Maurice Morris,27,SEA,RB,16,8,0,0,0,0,0.0,0,1,0,0,0,0.0,0.0,0.0,0.0,0.0,0.0,0,
353,Ovie Mughelli,26,BAL,FB,16,8,0,0,0,0,0.0,0,1,0,0,0,0.0,14.0,11.0,3.0,0.0,0.0,0,AP-2
354,Brodney Pool,22,CLE,FS,16,8,1,0,0,0,8.0,1,0,2,0,0,1.0,70.0,56.0,14.0,4.0,1.0,0,
355,Antonio Smith,25,ARI,RDE,16,8,0,0,0,0,0.0,0,0,2,4,1,2.5,25.0,15.0,10.0,5.0,5.0,0,
356,Randy Starks,23,TEN,RDT,16,8,0,0,0,0,0.0,0,0,2,26,0,3.0,40.0,25.0,15.0,6.0,4.0,0,
357,Thomas Tapeh,26,PHI,FB,16,8,0,0,0,0,0.0,0,0,2,0,0,0.0,3.0,1.0,2.0,0.0,0.0,0,
358,Leon Washington,24,NYJ,RB,16,8,0,0,0,0,0.0,0,3,1,0,0,0.0,0.0,0.0,0.0,0.0,0.0,0,
359,Dewayne White,27,TAM,RDE,16,8,0,0,0,0,7.0,2,0,3,2,0,5.0,43.0,33.0,10.0,9.0,15.0,0,
360,Adam Archuleta,29,WAS,SS,16,7,0,0,0,0,1.0,0,0,0,0,0,1.0,60.0,49.0,11.0,2.0,1.0,0,
361,Nate Burleson,25,SEA,WR,16,7,0,0,0,0,0.0,0,2,2,0,0,0.0,4.0,3.0,1.0,0.0,0.0,0,
362,Patrick Crayton,27,DAL,WR,16,7,0,0,0,0,0.0,0,1,0,0,0,0.0,,,,,,0,
363,Vincent Jackson,23,SDG,WR,16,7,0,0,0,0,0.0,0,0,0,0,0,0.0,1.0,0.0,1.0,0.0,0.0,0,
364,Justin McCareins,28,NYJ,WR,16,7,0,0,0,0,0.0,0,1,0,0,0,0.0,2.0,2.0,0.0,0.0,0.0,0,
365,Caleb Miller,26,CIN,MLB,16,7,0,0,0,0,3.0,0,0,1,0,0,1.0,101.0,66.0,35.0,3.0,2.0,0,
366,Gerald Sensabaugh,23,JAX,SS,16,7,2,8,0,8,4.0,1,0,1,0,0,0.0,44.0,37.0,7.0,2.0,0.0,0,
367,Billy Bajema,24,SFO,TE,16,6,0,0,0,0,0.0,0,0,0,0,0,0.0,1.0,0.0,1.0,0.0,0.0,0,
368,Jason Craft,30,NOR,RCB,16,6,1,0,0,0,5.0,0,0,0,0,0,0.0,47.0,43.0,4.0,0.0,0.0,0,
369,Justin Fargas,26,OAK,RB,16,6,0,0,0,0,0.0,0,1,2,-7,0,0.0,1.0,1.0,0.0,0.0,0.0,0,
370,Vernon Fox,27,WAS,SS,16,6,1,-4,0,-4,3.0,0,0,0,0,0,0.0,53.0,45.0,8.0,1.0,0.0,0,
371,Steve Heiden,30,CLE,TE,16,6,0,0,0,0,0.0,0,0,1,0,0,0.0,0.0,0.0,0.0,0.0,0.0,0,
372,Chris Liwienski,31,ARI,LG,16,6,0,0,0,0,0.0,0,0,1,0,0,0.0,0.0,0.0,0.0,0.0,0.0,0,
373,Steve McKinney,31,HOU,RG,16,6,0,0,0,0,0.0,0,0,1,0,0,0.0,0.0,0.0,0.0,0.0,0.0,0,
374,Allen Rossum,31,ATL,RCB,16,6,0,0,0,0,2.0,0,2,0,0,0,0.0,48.0,42.0,6.0,4.0,1.0,0,
375,Mike Sellers,31,WAS,FB,16,6,0,0,0,0,0.0,0,1,0,0,0,0.0,14.0,8.0,6.0,0.0,0.0,0,
376,Alshermond Singleton,31,DAL,LOLB,16,6,0,0,0,0,0.0,1,0,0,0,0,1.0,25.0,18.0,7.0,1.0,0.0,0,
377,Tully Banta-Cain,26,NWE,ROLB,16,5,0,0,0,0,0.0,1,0,0,0,0,5.5,42.0,30.0,12.0,5.0,10.0,0,
378,Hank Baskett,24,PHI,WR,16,5,0,0,0,0,0.0,0,0,0,0,0,0.0,2.0,2.0,0.0,0.0,0.0,0,
379,Dexter Coakley,34,STL,RLB,16,5,2,0,0,0,4.0,0,0,0,0,0,0.0,45.0,42.0,3.0,1.0,1.0,0,
380,Domonique Foxworth,23,DEN,SS,16,5,1,45,0,45,6.0,1,0,0,0,0,0.0,61.0,48.0,13.0,1.0,1.0,0,
381,Simon Fraser,23,CLE,LDE,16,5,0,0,0,0,4.0,1,0,0,0,0,4.5,36.0,22.0,14.0,3.0,5.0,0,
382,Omar Gaither,22,PHI,RLB,16,5,1,16,0,16,3.0,0,0,0,0,0,1.0,64.0,51.0,13.0,1.0,1.0,0,
383,Dexter McCleon,33,HOU,CB,16,5,1,19,0,19,1.0,1,0,0,0,0,0.0,29.0,22.0,7.0,0.0,0.0,0,
384,Calvin Pace,26,ARI,LLB,16,5,0,0,0,0,1.0,2,0,0,0,0,1.0,31.0,27.0,4.0,2.0,1.0,0,
385,Barrett Ruud,23,TAM,MLB,16,5,0,0,0,0,0.0,0,0,0,0,0,0.0,57.0,37.0,20.0,1.0,0.0,0,
386,James Sanders,23,NWE,SS,16,5,1,21,0,21,1.0,0,0,0,0,0,1.0,43.0,26.0,17.0,1.0,2.0,0,
387,Roddy White,25,ATL,WR,16,5,0,0,0,0,0.0,0,1,0,0,0,0.0,0.0,0.0,0.0,0.0,0.0,0,
388,Colin Branch,26,CAR,DB,16,4,1,0,0,0,1.0,0,0,0,0,0,0.0,19.0,14.0,5.0,0.0,0.0,0,
389,Ralph Brown,28,CLE,DB,16,4,0,0,0,0,8.0,0,0,0,0,0,0.0,36.0,33.0,3.0,0.0,1.0,0,
390,Drew Coleman,23,NYJ,DB,16,4,0,0,0,0,2.0,0,0,0,0,0,1.0,33.0,23.0,10.0,2.0,1.0,0,
391,Stephen Cooper,27,SDG,LB,16,4,0,0,0,0,2.0,1,0,0,0,0,2.5,54.0,31.0,23.0,3.0,4.0,0,
392,Curome Cox,25,DEN,DB,16,4,1,0,0,0,5.0,0,0,1,11,0,0.0,27.0,21.0,6.0,0.0,0.0,0,
393,Keyaron Fox,24,KAN,LB,16,4,0,0,0,0,1.0,0,0,0,0,0,1.0,52.0,44.0,8.0,3.0,2.0,0,
394,Jarvis Green,27,NWE,DE,16,4,0,0,0,0,1.0,3,0,1,0,0,7.5,33.0,25.0,8.0,3.0,10.0,0,
395,Santonio Holmes,22,PIT,WR,16,4,0,0,0,0,0.0,0,5,1,0,0,0.0,0.0,0.0,0.0,0.0,0.0,0,
396,Justin Miller,22,NYJ,DB,16,4,0,0,0,0,6.0,1,1,2,0,0,0.0,53.0,46.0,7.0,1.0,0.0,0,"PB,AP-2"
397,Carlos Polk,29,SDG,LB,16,4,0,0,0,0,0.0,0,0,0,0,0,2.0,45.0,35.0,10.0,3.0,0.0,0,
398,Matt Schobel,28,PHI,TE,16,4,0,0,0,0,0.0,0,1,1,0,0,0.0,0.0,0.0,0.0,0.0,0.0,0,
399,Visanthe Shiancoe,26,NYG,TE,16,4,0,0,0,0,0.0,0,1,1,0,0,0.0,0.0,0.0,0.0,0.0,0.0,0,
400,Anthony Smith,23,PIT,DB,16,4,2,40,0,20,5.0,0,0,0,0,0,0.0,34.0,25.0,9.0,0.0,0.0,0,
401,Matt Stewart,27,CLE,LB,16,4,0,0,0,0,0.0,0,0,0,0,0,1.0,20.0,17.0,3.0,3.0,1.0,0,
402,Mike Wright,24,NWE,DT,16,4,0,0,0,0,0.0,1,0,2,0,0,1.0,34.0,26.0,8.0,3.0,2.0,0,
403,Tyrone Carter,30,PIT,DB,16,3,0,0,0,0,2.0,1,0,1,0,0,2.0,43.0,31.0,12.0,3.0,2.0,0,
404,Torrie Cox,26,TAM,DB,16,3,0,0,0,0,3.0,0,0,1,0,0,0.0,31.0,26.0,5.0,0.0,0.0,0,
405,Heath Evans,28,NWE,FB,16,3,0,0,0,0,0.0,0,1,1,0,0,0.0,1.0,0.0,1.0,0.0,0.0,0,
406,Bryan Gilmore,28,SFO,WR,16,3,0,0,0,0,0.0,0,1,0,0,0,0.0,5.0,4.0,1.0,0.0,0.0,0,
407,John Gilmore,27,CHI,TE,16,3,0,0,0,0,0.0,0,0,0,0,0,0.0,1.0,1.0,0.0,0.0,0.0,0,
408,William Joseph,27,NYG,DT,16,3,0,0,0,0,2.0,1,0,0,0,0,2.0,21.0,13.0,8.0,3.0,5.0,0,
409,ReShard Lee,26,OAK,RB,16,3,0,0,0,0,0.0,0,1,0,0,0,0.0,4.0,4.0,0.0,0.0,0.0,0,
410,Damione Lewis,28,CAR,DT,16,3,0,0,0,0,3.0,1,0,0,0,0,4.5,17.0,13.0,4.0,5.0,7.0,0,
411,Greg Lewis,26,PHI,WR,16,3,0,0,0,0,0.0,0,1,0,0,0,0.0,4.0,3.0,1.0,0.0,0.0,0,
412,Jon McGraw,27,DET,DB,16,3,0,0,0,0,2.0,1,0,1,0,0,0.0,44.0,34.0,10.0,1.0,0.0,0,
413,Michael Pittman,31,TAM,RB,16,3,0,0,0,0,0.0,0,2,1,0,0,0.0,0.0,0.0,0.0,0.0,0.0,0,
414,Sean Ryan,26,NYJ,TE,16,3,0,0,0,0,0.0,0,1,0,0,0,0.0,0.0,0.0,0.0,0.0,0.0,0,
415,Brad Smith,23,NYJ,WR/QB,16,3,0,0,0,0,0.0,0,1,2,-7,0,0.0,10.0,9.0,1.0,0.0,0.0,0,
416,Tony Stewart,27,CIN,TE,16,3,0,0,0,0,0.0,0,0,2,0,0,0.0,14.0,8.0,6.0,0.0,0.0,0,
417,Quinn Sypniewski,24,BAL,TE,16,3,0,0,0,0,0.0,0,0,0,0,0,0.0,1.0,1.0,0.0,0.0,0.0,0,
418,Dontarrious Thomas,26,MIN,LB,16,3,0,0,0,0,0.0,0,0,0,0,0,1.0,32.0,21.0,11.0,1.0,1.0,0,
419,Kiwaukee Thomas,29,BUF,DB,16,3,0,0,0,0,5.0,0,0,0,0,0,0.0,50.0,39.0,11.0,1.0,1.0,0,
420,Reggie Torbor,25,NYG,LB,16,3,0,0,0,0,1.0,1,0,0,0,0,1.0,30.0,23.0,7.0,2.0,3.0,0,
421,Stephen Tulloch,21,TEN,LB,16,3,1,0,0,0,3.0,0,0,1,0,0,0.5,54.0,32.0,22.0,5.0,1.0,0,
422,Jermaine Wiggins,31,MIN,TE,16,3,0,0,0,0,0.0,0,1,1,0,0,0.0,0.0,0.0,0.0,0.0,0.0,0,
423,Leon Williams,23,CLE,LB,16,3,0,0,0,0,3.0,1,0,0,0,0,1.0,42.0,29.0,13.0,2.0,3.0,0,
424,James Anderson,23,CAR,LB,16,2,0,0,0,0,3.0,2,0,0,0,0,2.0,21.0,18.0,3.0,0.0,2.0,0,
425,Greg Blue,24,MIN,DB,16,2,0,0,0,0,0.0,0,0,0,0,0,0.0,14.0,12.0,2.0,2.0,0.0,0,
426,Chris Carr,23,OAK,DB,16,2,1,100,1,100,2.0,2,2,1,0,0,0.0,18.0,12.0,6.0,0.0,0.0,0,
427,Rashied Davis,27,CHI,WR,16,2,0,0,0,0,0.0,0,1,0,0,0,0.0,6.0,5.0,1.0,0.0,0.0,0,
428,Cortland Finnegan,22,TEN,DB,16,2,0,0,0,0,7.0,1,0,2,92,1,2.0,70.0,55.0,15.0,2.0,2.0,0,
429,Aaron Francisco,23,ARI,DB,16,2,2,61,0,44,3.0,0,0,0,0,0,0.0,49.0,41.0,8.0,1.0,0.0,0,
430,Kelly Jennings,24,SEA,DB,16,2,1,0,0,0,6.0,1,0,0,0,0,0.0,43.0,38.0,5.0,0.0,1.0,0,
431,Jarret Johnson,25,BAL,LB,16,2,0,0,0,0,2.0,0,0,0,0,0,1.5,23.0,17.0,6.0,3.0,5.0,0,
432,Rocky McIntosh,24,WAS,LB,16,2,0,0,0,0,0.0,0,0,0,0,0,0.0,28.0,24.0,4.0,2.0,0.0,0,
433,Richard Owens,26,MIN,TE,16,2,0,0,0,0,0.0,0,0,1,0,0,0.0,4.0,3.0,1.0,0.0,0.0,0,
434,Jarrad Page,22,KAN,DB,16,2,3,30,0,30,8.0,0,0,1,0,0,1.0,35.0,30.0,5.0,1.0,2.0,0,
435,Stanford Routt,23,OAK,DB,16,2,1,6,0,6,2.0,0,0,0,0,0,0.0,22.0,22.0,0.0,0.0,0.0,0,
436,Terdell Sands,27,OAK,DT,16,2,1,5,0,5,4.0,0,0,0,0,0,1.0,41.0,30.0,11.0,5.0,2.0,0,
437,Adam Seward,24,CAR,LB,16,2,0,0,0,0,0.0,0,0,0,0,0,0.0,25.0,21.0,4.0,1.0,1.0,0,
438,Jason Simmons,30,HOU,DB,16,2,1,11,0,11,1.0,0,0,0,0,0,0.0,46.0,39.0,7.0,0.0,0.0,0,
439,Anthony Thomas,29,BUF,RB,16,2,0,0,0,0,0.0,0,1,1,0,0,0.0,0.0,0.0,0.0,0.0,0.0,0,
440,Chaun Thompson,26,CLE,LB,16,2,0,0,0,0,0.0,0,0,0,0,0,2.0,32.0,24.0,8.0,3.0,3.0,0,
441,Bobby Wade,25,TEN,WR,16,2,0,0,0,0,0.0,0,2,0,0,0,0.0,,,,,,0,
442,Al Wallace,32,CAR,DE,16,2,0,0,0,0,1.0,0,0,0,0,0,3.0,25.0,19.0,6.0,3.0,7.0,0,
443,Lenny Walls,27,KAN,DB,16,2,0,0,0,0,4.0,0,0,0,0,0,0.0,27.0,26.0,1.0,0.0,0.0,0,
444,Kevin Walter,25,HOU,WR,16,2,0,0,0,0,0.0,0,1,0,0,0,0.0,8.0,8.0,0.0,0.0,0.0,0,
445,Wes Welker,25,MIA,WR,16,2,0,0,0,0,0.0,0,3,1,0,0,0.0,0.0,0.0,0.0,0.0,0.0,0,
446,Ronyell Whitaker,27,MIN,DB,16,2,0,0,0,0,1.0,0,0,0,0,0,0.0,24.0,21.0,3.0,0.0,0.0,0,
447,Gerris Wilkinson,23,NYG,LB,16,2,0,0,0,0,1.0,2,0,0,0,0,0.0,30.0,24.0,6.0,3.0,0.0,0,
448,Eugene Amano,24,TEN,G,16,1,0,0,0,0,0.0,0,0,1,0,0,0.0,0.0,0.0,0.0,0.0,0.0,0,
449,Mark Anderson,23,CHI,DE,16,1,0,0,0,0,2.0,4,0,1,0,0,12.0,28.0,23.0,5.0,9.0,9.0,0,AP DRoY-2
450,Brendon Ayanbadejo,30,CHI,LB,16,1,0,0,0,0,0.0,1,0,3,2,0,0.0,26.0,23.0,3.0,1.0,0.0,0,PB
451,Jonathan Babineaux,25,ATL,DT,16,1,1,6,0,6,3.0,1,0,1,0,0,1.0,29.0,24.0,5.0,7.0,2.0,0,
452,Ron Bartell,24,STL,DB,16,1,3,63,1,38,8.0,0,0,0,0,0,0.0,29.0,28.0,1.0,5.0,2.0,0,
453,Darryl Blackstock,23,ARI,LB,16,1,0,0,0,0,1.0,0,0,1,0,0,0.0,18.0,17.0,1.0,1.0,0.0,0,
454,Colby Bockwoldt,25,TEN,LB,16,1,0,0,0,0,0.0,0,0,1,0,0,1.0,23.0,14.0,9.0,1.0,0.0,0,
455,Rocky Boiman,26,IND,LB,16,1,1,0,0,0,2.0,1,0,0,0,0,0.0,24.0,18.0,6.0,0.0,0.0,0,
456,Correll Buckhalter,28,PHI,RB,16,1,0,0,0,0,0.0,0,2,2,0,0,0.0,0.0,0.0,0.0,0.0,0.0,0,AP CPoY-6
457,Josh Cribbs,23,CLE,WR,16,1,0,0,0,0,0.0,0,3,1,0,0,0.0,12.0,10.0,2.0,0.0,0.0,0,
458,Kevin Curtis,28,STL,WR,16,1,0,0,0,0,0.0,0,1,0,0,0,0.0,,,,,,0,
459,Andre' Davis,27,BUF,WR,16,1,0,0,0,0,0.0,0,0,0,0,0,0.0,16.0,13.0,3.0,0.0,0.0,0,
460,John Engelberger,30,DEN,DE,16,1,0,0,0,0,4.0,2,0,1,0,0,1.0,31.0,24.0,7.0,3.0,1.0,0,
461,Todd Fordham,33,CAR,T,16,1,0,0,0,0,0.0,0,0,0,0,0,0.0,1.0,1.0,0.0,0.0,0.0,0,
462,Derrick Gibson,27,OAK,DB,16,1,0,0,0,0,0.0,0,0,0,0,0,0.0,11.0,8.0,3.0,0.0,0.0,0,
463,Aaron Glenn,34,DAL,DB,16,1,1,7,0,7,7.0,0,0,0,0,0,0.0,22.0,20.0,2.0,0.0,0.0,0,
464,Bobby Hamilton,35,NYJ,DE,16,1,0,0,0,0,1.0,0,0,1,0,0,0.0,30.0,19.0,11.0,1.0,0.0,0,
465,Joselio Hanson,25,PHI,DB,16,1,0,0,0,0,13.0,0,0,0,0,0,0.0,35.0,26.0,9.0,1.0,0.0,0,
466,Clinton Hart,29,SDG,DB,16,1,3,37,0,22,8.0,1,1,1,0,0,0.0,49.0,40.0,9.0,1.0,0.0,0,
467,Chris Hoke,30,PIT,DT,16,1,0,0,0,0,0.0,0,0,0,0,0,0.0,17.0,12.0,5.0,2.0,0.0,0,
468,Maurice Jones-Drew,21,JAX,RB,16,1,0,0,0,0,0.0,0,1,0,0,0,0.0,0.0,0.0,0.0,0.0,0.0,0,AP ORoY-2
469,Brad Kassell,26,NYJ,LB,16,1,0,0,0,0,1.0,0,1,0,0,0,0.0,33.0,23.0,10.0,0.0,0.0,0,
470,Quintin Mikell,26,PHI,DB,16,1,0,0,0,0,1.0,1,0,0,0,0,0.0,42.0,31.0,11.0,1.0,0.0,0,
471,Juqua Parker,28,PHI,DE,16,1,0,0,0,0,4.0,1,0,0,0,0,6.0,26.0,19.0,7.0,5.0,10.0,0,
472,Roscoe Parrish,24,BUF,WR,16,1,0,0,0,0,0.0,0,2,0,0,0,0.0,0.0,0.0,0.0,0.0,0.0,0,
473,Domata Peko,22,CIN,DT,16,1,0,0,0,0,0.0,2,0,0,0,0,2.5,43.0,21.0,22.0,2.0,5.0,0,
474,Scott Starks,23,JAX,DB,16,1,1,55,1,55,1.0,2,0,0,0,0,0.0,31.0,23.0,8.0,2.0,0.0,0,
475,David Tyree,26,NYG,WR,16,1,0,0,0,0,0.0,0,0,0,0,0,0.0,13.0,11.0,2.0,0.0,0.0,0,
476,Demetrin Veal,25,DEN,DE,16,1,0,0,0,0,2.0,1,0,0,0,0,1.5,32.0,20.0,12.0,3.0,6.0,0,
477,Lawrence Vickers,23,CLE,FB,16,1,0,0,0,0,0.0,0,0,0,0,0,0.0,6.0,5.0,1.0,0.0,0.0,0,
478,Coy Wire,28,BUF,DB,16,1,0,0,0,0,0.0,0,0,1,0,0,0.0,25.0,14.0,11.0,1.0,0.0,0,
479,Blue Adams,27,TAM,DB,16,0,0,0,0,0,0.0,1,0,0,0,0,0.0,19.0,18.0,1.0,0.0,0.0,0,
480,Joseph Addai,23,IND,RB,16,0,0,0,0,0,0.0,0,2,0,-2,0,0.0,0.0,0.0,0.0,0.0,0.0,0,
481,David Akers,32,PHI,K,16,0,0,0,0,0,0.0,0,0,0,0,0,0.0,2.0,2.0,0.0,0.0,0.0,0,
482,Ethan Albright,35,WAS,LS,16,0,0,0,0,0,0.0,0,0,0,0,0,0.0,2.0,2.0,0.0,0.0,0.0,0,
483,Jason Allen,23,MIA,DB,16,0,1,7,0,7,2.0,0,0,0,0,0,0.0,20.0,15.0,5.0,0.0,0.0,0,
484,J.J. Arrington,23,ARI,RB,16,0,0,0,0,0,0.0,0,1,0,0,0,0.0,3.0,1.0,2.0,0.0,0.0,0,
485,Jason Baker,28,CAR,P,16,0,0,0,0,0,0.0,0,0,0,0,0,0.0,1.0,1.0,0.0,0.0,0.0,0,
486,Josh Bidwell,30,TAM,P,16,0,0,0,0,0,0.0,0,0,0,0,0,0.0,1.0,1.0,0.0,0.0,0.0,0,
487,Ryon Bingham,25,SDG,DT,16,0,0,0,0,0,0.0,0,0,0,0,0,1.5,15.0,5.0,10.0,1.0,2.0,0,
488,David Binn,34,SDG,LS,16,0,0,0,0,0,0.0,0,0,1,0,0,0.0,5.0,4.0,1.0,0.0,0.0,0,PB
489,Rob Bironas,28,TEN,K,16,0,0,0,0,0,0.0,0,0,0,0,0,0.0,3.0,3.0,0.0,0.0,0.0,0,
490,Chase Blackburn,23,NYG,LB,16,0,0,0,0,0,0.0,0,0,0,0,0,0.0,16.0,14.0,2.0,0.0,0.0,0,
491,David Bowens,29,MIA,DE,16,0,0,0,0,0,1.0,0,0,2,4,0,5.0,20.0,13.0,7.0,5.0,5.0,0,
492,Josh Brown,27,SEA,K,16,0,0,0,0,0,0.0,0,0,0,0,0,0.0,2.0,2.0,0.0,0.0,0.0,0,
493,Matt Bryant,31,TAM,K,16,0,0,0,0,0,0.0,0,0,0,0,0,0.0,2.0,1.0,1.0,0.0,0.0,0,
494,Kevin Burnett,24,DAL,LB,16,0,1,39,1,39,2.0,2,0,0,0,0,1.0,40.0,29.0,11.0,2.0,1.0,0,
495,Jarrett Bush,22,GNB,DB,16,0,0,0,0,0,0.0,0,0,0,0,0,0.0,10.0,9.0,1.0,0.0,0.0,0,
496,Rock Cartwright,27,WAS,FB,16,0,0,0,0,0,0.0,0,1,0,0,0,0.0,14.0,11.0,3.0,0.0,0.0,0,
497,Antoine Cash,24,TAM,LB,16,0,0,0,0,0,0.0,0,0,0,0,0,0.0,10.0,9.0,1.0,0.0,0.0,0,
498,Matt Chatham,29,NYJ,LB,16,0,0,0,0,0,0.0,0,0,0,0,0,0.0,29.0,16.0,13.0,1.0,0.0,0,
499,Vinny Ciurciu,26,CAR,LB,16,0,0,0,0,0,0.0,0,0,0,0,0,0.0,18.0,11.0,7.0,0.0,0.0,0,
500,Danny Clark,29,NOR,LB,16,0,0,0,0,0,0.0,0,0,0,0,0,0.0,29.0,23.0,6.0,4.0,0.0,0,
501,Kenyon Coleman,27,DAL,DE,16,0,0,0,0,0,2.0,1,0,0,0,0,4.0,31.0,26.0,5.0,4.0,5.0,0,
502,Dustin Colquitt,24,KAN,P,16,0,0,0,0,0,0.0,0,2,1,-20,0,0.0,2.0,2.0,0.0,0.0,0.0,0,
503,Jarrod Cooper,28,OAK,DB,16,0,0,0,0,0,0.0,0,0,0,0,0,0.0,12.0,11.0,1.0,0.0,0.0,0,
504,Antonio Cromartie,22,SDG,DB,16,0,0,0,0,0,5.0,0,1,0,0,0,0.0,24.0,20.0,4.0,0.0,0.0,0,
505,Donte Curry,28,DET,LB,16,0,0,0,0,0,0.0,0,0,1,0,0,0.0,18.0,14.0,4.0,0.0,0.0,0,
506,Rob Davis,38,GNB,LS,16,0,0,0,0,0,0.0,1,0,0,0,0,0.0,6.0,5.0,1.0,0.0,0.0,0,
507,Phil Dawson,31,CLE,K,16,0,0,0,0,0,0.0,0,0,0,0,0,0.0,2.0,2.0,0.0,0.0,0.0,0,
508,James Dearth,30,NYJ,LS,16,0,0,0,0,0,0.0,0,0,0,0,0,0.0,2.0,2.0,0.0,0.0,0.0,0,
509,John Denney,28,MIA,LS,16,0,0,0,0,0,0.0,0,0,1,0,0,0.0,5.0,4.0,1.0,0.0,0.0,0,
510,Ryan Denney,29,BUF,DE,16,0,0,0,0,0,5.0,2,0,1,0,0,6.0,54.0,38.0,16.0,7.0,7.0,0,
511,Tim Dobbins,24,SDG,LB,16,0,0,0,0,0,0.0,0,0,1,0,1,0.0,19.0,16.0,3.0,0.0,0.0,0,
512,Paul Ernster,24,DEN,P,16,0,0,0,0,0,0.0,0,0,0,0,0,0.0,3.0,3.0,0.0,0.0,0.0,0,
513,Demetric Evans,27,WAS,DE,16,0,0,0,0,0,1.0,1,0,0,0,0,2.0,16.0,14.0,2.0,4.0,1.0,0,
514,Troy Evans,29,HOU,LB,16,0,0,0,0,0,0.0,0,0,0,0,0,0.0,14.0,11.0,3.0,0.0,0.0,0,
515,Heath Farwell,24,MIN,LB,16,0,0,0,0,0,0.0,0,0,1,0,0,0.0,27.0,21.0,6.0,0.0,0.0,0,
516,Jay Feely,30,NYG,K,16,0,0,0,0,0,0.0,0,0,0,0,0,0.0,2.0,2.0,0.0,0.0,0.0,0,
517,Jason Fisk,34,STL,DT,16,0,0,0,0,0,0.0,0,0,0,0,0,0.0,30.0,28.0,2.0,3.0,1.0,0,
518,Ryan Fowler,24,DAL,LB,16,0,0,0,0,0,0.0,0,0,0,0,0,0.0,30.0,24.0,6.0,1.0,0.0,0,
519,Derrick Frost,26,WAS,P,16,0,0,0,0,0,0.0,0,0,0,0,0,0.0,2.0,2.0,0.0,0.0,0.0,0,
520,Vincent Fuller,24,TEN,DB,16,0,0,0,0,0,2.0,1,0,0,0,0,0.0,24.0,20.0,4.0,1.0,2.0,0,
521,Kendall Gammon,38,KAN,LS,16,0,0,0,0,0,0.0,0,0,0,0,0,0.0,3.0,2.0,1.0,0.0,0.0,0,
522,Robert Geathers,23,CIN,DE,16,0,0,0,0,0,0.0,0,0,0,0,0,10.5,42.0,28.0,14.0,13.0,17.0,0,
523,Tony Gilbert,27,JAX,LB,16,0,0,0,0,0,0.0,0,0,0,0,0,1.0,23.0,19.0,4.0,0.0,1.0,0,
524,Stephen Gostkowski,22,NWE,K,16,0,0,0,0,0,0.0,0,0,0,0,0,0.0,2.0,1.0,1.0,0.0,0.0,0,
525,Robbie Gould,24,CHI,K,16,0,0,0,0,0,0.0,0,0,0,0,0,0.0,2.0,1.0,1.0,0.0,0.0,0,"PB,AP-1"
526,Ben Graham,33,NYJ,P,16,0,0,0,0,0,0.0,0,1,0,-8,0,0.0,1.0,1.0,0.0,0.0,0.0,0,
527,Earnest Graham,26,TAM,RB,16,0,0,0,0,0,0.0,0,0,0,0,0,0.0,17.0,15.0,2.0,0.0,0.0,0,
528,Shayne Graham,29,CIN,K,16,0,0,0,0,0,0.0,0,0,0,0,0,0.0,1.0,1.0,0.0,0.0,0.0,0,
529,Louis Green,27,DEN,LB,16,0,0,0,0,0,0.0,1,0,1,0,0,0.0,8.0,6.0,2.0,0.0,0.0,0,
530,Jabari Greer,24,BUF,DB,16,0,0,0,0,0,1.0,0,0,0,0,0,0.0,23.0,18.0,5.0,1.0,0.0,0,
531,Kris Griffin,25,KAN,LB,16,0,0,0,0,0,0.0,0,0,1,0,0,0.0,16.0,13.0,3.0,0.0,0.0,0,
532,Derek Hagan,22,MIA,WR,16,0,0,0,0,0,0.0,0,0,0,0,0,0.0,4.0,1.0,3.0,0.0,0.0,0,
533,Mario Haggan,26,BUF,LB,16,0,0,0,0,0,0.0,1,0,0,0,0,0.0,18.0,14.0,4.0,0.0,0.0,0,
534,Karl Hankton,36,CAR,WR,16,0,0,0,0,0,0.0,0,0,1,0,0,0.0,11.0,8.0,3.0,0.0,0.0,0,
535,Jason Hanson,36,DET,K,16,0,0,0,0,0,0.0,0,0,0,0,0,0.0,2.0,2.0,0.0,0.0,0.0,0,
536,Anttaj Hawthorne,25,OAK,DT,16,0,0,0,0,0,0.0,0,0,0,0,0,0.0,13.0,10.0,3.0,0.0,0.0,0,
537,Will Heller,25,SEA,TE,16,0,0,0,0,0,0.0,0,0,0,0,0,0.0,4.0,3.0,1.0,0.0,0.0,0,
538,Craig Hentrich,35,TEN,P,16,0,0,0,0,0,0.0,0,0,0,0,0,0.0,2.0,2.0,0.0,0.0,0.0,0,
539,Noah Herron,24,GNB,RB,16,0,0,0,0,0,0.0,0,2,0,0,0,0.0,9.0,8.0,1.0,0.0,0.0,0,
540,Devin Hester,24,CHI,PR,16,0,0,0,0,0,0.0,0,8,2,0,0,0.0,9.0,9.0,0.0,0.0,0.0,0,"PB,AP-1"
541,Eric Hicks,30,KAN,DE,16,0,0,0,0,0,0.0,0,0,0,0,0,0.0,7.0,2.0,5.0,0.0,0.0,0,
542,Maurice Hicks,28,SFO,RB,16,0,0,0,0,0,0.0,0,2,1,0,0,0.0,16.0,13.0,3.0,0.0,0.0,0,
543,Ike Hilliard,30,TAM,WR,16,0,0,0,0,0,0.0,0,3,3,0,0,0.0,0.0,0.0,0.0,0.0,0.0,0,
544,Nathan Hodel,29,ARI,TE,16,0,0,0,0,0,0.0,0,0,0,0,0,0.0,4.0,4.0,0.0,0.0,0.0,0,
545,Kevin Houser,29,NOR,LS,16,0,0,0,0,0,0.0,0,0,0,0,0,0.0,3.0,3.0,0.0,0.0,0.0,0,
546,Marcus Hudson,24,SFO,DB,16,0,0,0,0,0,1.0,1,0,1,0,0,0.0,15.0,12.0,3.0,0.0,0.0,0,
547,Larry Izzo,32,NWE,LB,16,0,0,0,0,0,0.0,0,0,0,0,0,0.0,14.0,11.0,3.0,0.0,0.0,0,
548,Sebastian Janikowski,28,OAK,K,16,0,0,0,0,0,0.0,0,0,0,0,0,0.0,3.0,3.0,0.0,0.0,0.0,0,
549,Brian Jennings,30,SFO,LS,16,0,0,0,0,0,0.0,0,0,0,0,0,0.0,6.0,4.0,2.0,0.0,0.0,0,
550,Ade Jimoh,26,WAS,DB,16,0,0,0,0,0,3.0,0,0,1,0,0,0.0,19.0,14.0,5.0,0.0,0.0,0,
551,Dirk Johnson,31,PHI,P,16,0,0,0,0,0,0.0,0,0,1,0,0,0.0,1.0,1.0,0.0,0.0,0.0,0,
552,Donnie Jones,26,MIA,P,16,0,0,0,0,0,0.0,0,1,1,-10,0,0.0,1.0,1.0,0.0,0.0,0.0,0,
553,Herana-Daze Jones,24,CIN,DB,16,0,0,0,0,0,0.0,1,0,0,0,0,0.0,22.0,14.0,8.0,0.0,0.0,0,
554,Nate Kaeding,24,SDG,K,16,0,0,0,0,0,0.0,0,0,0,0,0,0.0,5.0,5.0,0.0,0.0,0.0,0,"PB,AP-2"
555,Matt Katula,24,BAL,LS,16,0,0,0,0,0,0.0,0,0,0,0,0,0.0,2.0,1.0,1.0,0.0,0.0,0,
556,Ethan Kilmer,23,CIN,WR,16,0,1,52,1,52,1.0,0,0,1,0,0,0.0,19.0,14.0,5.0,0.0,0.0,0,
557,Travis Kirschke,32,PIT,DE,16,0,0,0,0,0,0.0,0,0,0,0,0,2.0,14.0,8.0,6.0,2.0,3.0,0,
558,Chris Kluwe,25,MIN,P,16,0,0,0,0,0,0.0,0,0,1,0,0,0.0,0.0,0.0,0.0,0.0,0.0,0,
559,Sam Koch,24,BAL,P,16,0,0,0,0,0,0.0,0,0,0,0,0,0.0,2.0,2.0,0.0,0.0,0.0,0,
560,Michael Koenen,24,ATL,P,16,0,0,0,0,0,0.0,0,0,0,0,0,0.0,6.0,6.0,0.0,0.0,0.0,0,
561,Niko Koutouvides,25,SEA,LB,16,0,0,0,0,0,0.0,0,0,0,0,0,0.0,15.0,12.0,3.0,0.0,1.0,0,
562,Ryan Kuehl,34,NYG,DT,16,0,0,0,0,0,0.0,0,0,0,0,0,0.0,2.0,2.0,0.0,0.0,0.0,0,
563,Jason Kyle,34,CAR,LB,16,0,0,0,0,0,0.0,0,0,0,0,0,0.0,3.0,3.0,0.0,0.0,0.0,0,
564,L.P. Ladouceur,25,DAL,DE,16,0,0,0,0,0,0.0,0,0,0,0,0,0.0,3.0,3.0,0.0,0.0,0.0,0,
565,Mike Leach,30,DEN,LS,16,0,0,0,0,0,0.0,0,0,0,0,0,0.0,6.0,5.0,1.0,0.0,0.0,0,
566,Shane Lechler,30,OAK,P,16,0,0,0,0,0,0.0,0,0,0,0,0,0.0,3.0,3.0,0.0,0.0,0.0,0,
567,Andy Lee,24,SFO,P,16,0,0,0,0,0,0.0,0,0,0,0,0,0.0,2.0,1.0,1.0,0.0,0.0,0,
568,Rian Lindell,29,BUF,K,16,0,0,0,0,0,0.0,0,0,0,0,0,0.0,2.0,2.0,0.0,0.0,0.0,0,
569,Cullen Loeffler,25,MIN,LS,16,0,0,0,0,0,0.0,0,1,0,0,0,0.0,3.0,3.0,0.0,0.0,0.0,0,
570,Ryan Longwell,32,MIN,K,16,0,0,0,0,0,0.0,0,0,0,0,0,0.0,1.0,1.0,0.0,0.0,0.0,0,
571,Dane Looker,30,STL,WR,16,0,0,0,0,0,0.0,0,1,0,0,0,0.0,7.0,7.0,0.0,0.0,0.0,0,
572,Omare Lowe,28,ATL,DB,16,0,0,0,0,0,0.0,1,0,1,0,0,0.0,25.0,23.0,2.0,1.0,0.0,0,
573,Calvin Lowry,23,TEN,DB,16,0,0,0,0,0,2.0,1,0,0,0,0,0.0,13.0,11.0,2.0,0.0,0.0,0,
574,Wesly Mallard,28,TAM,LB,16,0,0,0,0,0,0.0,0,0,1,4,0,0.0,12.0,12.0,0.0,0.0,0.0,0,
575,Olindo Mare,33,MIA,K,16,0,0,0,0,0,0.0,0,0,0,0,0,0.0,2.0,2.0,0.0,0.0,0.0,0,
576,Jamie Martin,36,NOR,QB,16,0,0,0,0,0,0.0,0,3,0,0,0,0.0,,,,,,0,
577,Chris Massey,27,STL,RB,16,0,0,0,0,0,0.0,0,0,1,0,0,0.0,4.0,4.0,0.0,0.0,0.0,0,
578,Brad Maynard,32,CHI,P,16,0,0,0,0,0,0.0,0,0,0,0,0,0.0,3.0,3.0,0.0,0.0,0.0,0,
579,Mat McBriar,27,DAL,P,16,0,0,0,0,0,0.0,0,1,0,-27,0,0.0,,,,,,0,"PB,AP-2"
580,Kevin McCadam,27,CAR,DB,16,0,0,0,0,0,0.0,0,0,0,0,0,0.0,13.0,10.0,3.0,0.0,0.0,0,
581,Shaun McDonald,25,STL,WR,16,0,0,0,0,0,0.0,0,2,0,0,0,0.0,,,,,,0,
582,Billy McMullen,26,MIN,WR,16,0,0,0,0,0,0.0,0,0,1,0,1,0.0,1.0,1.0,0.0,0.0,0.0,0,
583,Terrence Melton,29,NOR,LB,16,0,0,0,0,0,0.0,0,0,1,0,0,0.0,24.0,17.0,7.0,1.0,0.0,0,
584,Hanik Milligan,27,ARI,DB,16,0,0,0,0,0,1.0,0,0,0,0,0,0.0,15.0,13.0,2.0,0.0,0.0,0,
585,Travis Minor,27,MIA,RB,16,0,0,0,0,0,0.0,0,0,0,0,0,0.0,14.0,10.0,4.0,0.0,0.0,0,
586,Mewelde Moore,24,MIN,RB,16,0,0,0,0,0,0.0,0,3,3,6,0,0.0,,,,,,0,
587,Kindal Moorehead,28,CAR,DT,16,0,0,0,0,0,0.0,0,0,0,0,0,0.5,13.0,10.0,3.0,0.0,1.0,0,
588,Brian Moorman,30,BUF,P,16,0,0,0,0,0,0.0,0,1,0,-11,0,0.0,,,,,,0,"PB,AP-1"
589,Sean Morey,30,PIT,WR,16,0,0,0,0,0,0.0,0,1,0,0,0,0.0,17.0,14.0,3.0,0.0,0.0,0,
590,Don Muhlbach,25,DET,LS,16,0,0,0,0,0,0.0,0,0,0,0,0,0.0,1.0,1.0,0.0,0.0,0.0,0,
591,Joe Nedney,33,SFO,K,16,0,0,0,0,0,0.0,0,0,0,0,0,0.0,2.0,2.0,0.0,0.0,0.0,0,
592,Donnie Nickey,26,TEN,DB,16,0,0,0,0,0,0.0,0,1,0,-2,0,0.0,12.0,7.0,5.0,0.0,0.0,0,
593,Mike Nugent,24,NYJ,K,16,0,0,0,0,0,0.0,0,0,1,-3,0,0.0,4.0,1.0,3.0,0.0,0.0,0,
594,Evan Oglesby,25,BAL,DB,16,0,0,0,0,0,3.0,0,0,0,0,0,0.0,16.0,14.0,2.0,0.0,0.0,0,
595,Kassim Osgood,26,SDG,WR,16,0,0,0,0,0,0.0,0,0,0,0,0,0.0,9.0,7.0,2.0,0.0,0.0,0,PB
596,Lonie Paxton,28,NWE,LS,16,0,0,0,0,0,0.0,0,0,0,0,0,0.0,2.0,1.0,1.0,0.0,0.0,0,
597,Karl Paymah,24,DEN,DB,16,0,0,0,0,0,2.0,0,0,1,0,0,0.0,26.0,23.0,3.0,0.0,0.0,0,
598,Kalvin Pearson,28,TAM,DB,16,0,0,0,0,0,1.0,1,0,0,0,0,0.0,36.0,30.0,6.0,2.0,0.0,0,
599,Adrian Peterson,27,CHI,RB,16,0,0,0,0,0,0.0,0,2,1,0,0,0.0,19.0,15.0,4.0,0.0,0.0,0,
600,Bryan Pittman,29,HOU,LS,16,0,0,0,0,0,0.0,0,0,0,0,0,0.0,3.0,2.0,1.0,0.0,0.0,0,
601,Scott Player,37,ARI,P,16,0,0,0,0,0,0.0,0,0,0,0,0,0.0,1.0,1.0,0.0,0.0,0.0,0,
602,Bernard Pollard,22,KAN,DB,16,0,0,0,0,0,1.0,1,0,1,0,0,0.0,11.0,11.0,0.0,0.0,0.0,0,
603,Ryan Pontbriand,27,CLE,LS,16,0,0,0,0,0,0.0,0,0,0,0,0,0.0,4.0,2.0,2.0,0.0,0.0,0,
604,Jeff Posey,31,WAS,LB,16,0,0,0,0,0,0.0,0,0,0,0,0,0.0,4.0,3.0,1.0,0.0,0.0,0,
605,Neil Rackers,30,ARI,K,16,0,0,0,0,0,0.0,0,0,0,0,0,0.0,5.0,5.0,0.0,0.0,0.0,0,
606,Keiwan Ratliff,25,CIN,DB,16,0,0,0,0,0,2.0,0,1,0,0,0,0.0,19.0,14.0,5.0,0.0,1.0,0,
607,Dave Rayner,24,GNB,K,16,0,0,0,0,0,0.0,0,0,0,0,0,0.0,6.0,5.0,1.0,0.0,0.0,0,
608,Jeff Reed,27,PIT,K,16,0,0,0,0,0,0.0,0,0,0,0,0,0.0,2.0,2.0,0.0,0.0,0.0,0,
609,Ike Reese,33,ATL,LB,16,0,0,0,0,0,0.0,0,0,0,0,0,0.0,17.0,13.0,4.0,2.0,1.0,0,
610,Michael Robinson,23,SFO,FB,16,0,0,0,0,0,0.0,0,0,0,0,0,0.0,14.0,12.0,2.0,0.0,0.0,0,
611,Matt Roth,24,MIA,DE,16,0,0,0,0,0,0.0,3,0,1,0,0,3.5,37.0,24.0,13.0,4.0,2.0,0,
612,Jon Ryan,25,GNB,P,16,0,0,0,0,0,0.0,0,0,0,0,0,0.0,1.0,0.0,1.0,0.0,0.0,0,
613,Matt Schaub,25,ATL,QB,16,0,0,0,0,0,0.0,0,1,1,-11,0,0.0,1.0,1.0,0.0,0.0,0.0,0,
614,Mike Schneck,29,BUF,LS,16,0,0,0,0,0,0.0,0,0,0,0,0,0.0,3.0,3.0,0.0,0.0,0.0,0,
615,Mike Scifres,26,SDG,P,16,0,0,0,0,0,0.0,0,1,1,0,0,0.0,0.0,0.0,0.0,0.0,0.0,0,
616,Josh Scobee,24,JAX,K,16,0,0,0,0,0,0.0,0,0,0,0,0,0.0,4.0,2.0,2.0,0.0,0.0,0,
617,Ryan Sims,26,KAN,DT,16,0,0,0,0,0,0.0,0,0,0,0,0,0.0,7.0,4.0,3.0,1.0,0.0,0,
618,Keith Smith,26,DET,DB,16,0,0,0,0,0,1.0,0,0,2,0,0,0.0,22.0,20.0,2.0,0.0,0.0,0,
619,Raonall Smith,28,STL,LB,16,0,0,0,0,0,0.0,0,0,1,0,0,1.5,31.0,23.0,8.0,2.0,4.0,0,
620,Justin Snow,30,IND,LS,16,0,0,0,0,0,0.0,0,0,0,0,0,0.0,3.0,2.0,1.0,0.0,0.0,0,
621,Chad Stanley,30,HOU,P,16,0,0,0,0,0,0.0,0,1,1,-9,0,0.0,0.0,0.0,0.0,0.0,0.0,0,
622,Gary Stills,32,BAL,DE,16,0,0,0,0,0,0.0,1,0,2,0,0,0.0,26.0,24.0,2.0,0.0,0.0,0,
623,Matt Stover,38,BAL,K,16,0,0,0,0,0,0.0,0,0,0,0,0,0.0,1.0,1.0,0.0,0.0,0.0,0,AP-2
624,Boone Stutz,24,ATL,LS,16,0,0,0,0,0,0.0,0,0,0,0,0,0.0,1.0,1.0,0.0,0.0,0.0,0,
625,Darryl Tapp,22,SEA,DE,16,0,1,25,1,25,1.0,1,0,0,0,0,3.0,36.0,25.0,11.0,6.0,9.0,0,
626,Robert Thomas,26,OAK,LB,16,0,0,0,0,0,1.0,1,0,1,0,0,0.0,36.0,27.0,9.0,6.0,0.0,0,
627,James Thrash,31,WAS,WR,16,0,0,0,0,0,0.0,0,0,0,0,0,0.0,10.0,6.0,4.0,0.0,0.0,0,
628,Matt Turk,38,STL,P,16,0,0,0,0,0,0.0,0,1,1,0,0,0.0,0.0,0.0,0.0,0.0,0.0,0,
629,Lawrence Tynes,28,KAN,K,16,0,0,0,0,0,0.0,0,0,0,0,0,0.0,2.0,2.0,0.0,0.0,0.0,0,
630,Mason Unck,26,CLE,LB,16,0,0,0,0,0,0.0,0,0,0,0,0,0.0,13.0,11.0,2.0,1.0,0.0,0,
631,Greg Warren,25,PIT,LS,16,0,0,0,0,0,0.0,0,0,0,0,0,0.0,3.0,3.0,0.0,0.0,0.0,0,
632,Rashad Washington,26,NYJ,DB,16,0,0,0,0,0,0.0,0,0,0,0,0,0.5,35.0,25.0,10.0,0.0,1.0,0,
633,Kenny Watson,28,CIN,RB,16,0,0,0,0,0,0.0,0,0,2,8,0,0.0,10.0,8.0,2.0,0.0,0.0,0,
634,Steve Weatherford,24,NOR,P,16,0,0,0,0,0,0.0,0,0,0,0,0,0.0,2.0,2.0,0.0,0.0,0.0,0,
635,Matt Wilhelm,25,SDG,LB,16,0,0,0,0,0,3.0,0,0,0,0,0,0.0,26.0,19.0,7.0,0.0,0.0,0,
636,Jeff Wilkins,34,STL,K,16,0,0,0,0,0,0.0,0,0,0,0,0,0.0,1.0,1.0,0.0,0.0,0.0,0,
637,Marcus Wilkins,26,CIN,LB,16,0,0,0,0,0,0.0,0,0,0,0,0,0.0,15.0,9.0,6.0,0.0,0.0,0,
638,Jimmy Williams,27,SEA,DB,16,0,0,0,0,0,2.0,0,0,1,0,0,0.0,18.0,15.0,3.0,1.0,0.0,0,
639,Cameron Worrell,27,CHI,DB,16,0,0,0,0,0,0.0,1,0,3,0,0,1.0,22.0,20.0,2.0,1.0,1.0,0,
640,Joe Zelenka,30,JAX,LS,16,0,0,0,0,0,0.0,0,0,0,0,0,0.0,2.0,2.0,0.0,0.0,0.0,0,
641,Will Allen,28,MIA,LCB,15,15,1,11,0,11,11.0,1,0,3,1,0,1.0,57.0,43.0,14.0,3.0,3.0,0,
642,Nnamdi Asomugha,25,OAK,LCB,15,15,8,59,1,24,19.0,1,0,0,0,0,1.0,51.0,48.0,3.0,3.0,0.0,0,AP-2
643,Khalif Barnes,24,JAX,LT,15,15,0,0,0,0,0.0,0,0,0,0,0,0.0,1.0,1.0,0.0,0.0,0.0,0,
644,Nick Barnett,25,GNB,MLB,15,15,2,3,0,3,8.0,0,0,1,0,0,2.0,105.0,61.0,44.0,6.0,6.0,0,
645,Jacob Bell,25,TEN,LG,15,15,0,0,0,0,,0,0,2,-8,0,0.0,0.0,0.0,0.0,0.0,0.0,0,
646,C.C. Brown,23,HOU,FS,15,15,1,0,0,0,5.0,1,0,1,0,0,1.0,77.0,67.0,10.0,1.0,2.0,0,
647,Jammal Brown,25,NOR,LT,15,15,0,0,0,0,0.0,0,0,1,0,0,0.0,0.0,0.0,0.0,0.0,0.0,0,"PB,AP-1"
648,Plaxico Burress,29,NYG,WR,15,15,0,0,0,0,0.0,0,2,0,0,0,0.0,0.0,0.0,0.0,0.0,0.0,0,
649,Roderick Coleman,30,ATL,RDT,15,15,0,0,0,0,6.0,1,0,3,9,0,6.0,26.0,20.0,6.0,7.0,13.0,0,
650,Andre Dyson,27,NYJ,LCB,15,15,4,-3,0,0,8.0,0,0,0,0,0,0.0,62.0,51.0,11.0,1.0,0.0,0,
651,Glenn Earl,25,HOU,SS,15,15,1,2,0,2,4.0,1,0,0,0,0,2.0,74.0,60.0,14.0,5.0,2.0,0,
652,Ebenezer Ekuban,30,DEN,RDE,15,15,0,0,0,0,0.0,1,0,0,0,0,7.0,63.0,48.0,15.0,9.0,10.0,0,
653,Ian Gold,28,DEN,RLB,15,15,0,0,0,0,4.0,1,0,0,0,0,0.0,91.0,70.0,21.0,4.0,4.0,0,
654,Tony Gonzalez,30,KAN,TE,15,15,0,0,0,0,0.0,0,1,0,0,0,0.0,0.0,0.0,0.0,0.0,0.0,0,"PB,AP-2"
655,Clark Haggans,29,PIT,LOLB,15,15,1,0,0,0,4.0,2,0,1,0,0,6.0,77.0,52.0,25.0,9.0,9.0,0,
656,Casey Hampton,29,PIT,NT,15,15,0,0,0,0,1.0,1,0,0,0,0,0.0,46.0,31.0,15.0,3.0,1.0,0,PB
657,Nick Harper,32,IND,LCB,15,15,3,18,0,19,9.0,0,0,0,0,0,0.0,75.0,58.0,17.0,2.0,0.0,0,
658,Walt Harris,32,SFO,RCB,15,15,8,84,1,42,20.0,4,1,2,0,0,1.0,63.0,52.0,11.0,2.0,0.0,0,PB
659,LeRoy Hill,24,SEA,LLB,15,15,0,0,0,0,2.0,1,0,1,4,0,2.0,92.0,70.0,22.0,2.0,2.0,0,
660,Adam Jones,23,TEN,RCB,15,15,4,130,1,83,12.0,1,4,2,1,0,1.0,63.0,51.0,12.0,1.0,1.0,0,
661,Terrence Kiel,26,SDG,SS,15,15,0,0,0,0,2.0,1,0,1,6,0,0.0,54.0,38.0,16.0,2.0,0.0,0,
662,Lemar Marshall,30,WAS,MLB,15,15,0,0,0,0,3.0,0,0,1,0,0,1.5,104.0,70.0,34.0,2.0,5.0,1,
663,Kareem McKenzie,27,NYG,RT,15,15,0,0,0,0,0.0,0,0,2,0,0,0.0,0.0,0.0,0.0,0.0,0.0,0,
664,Shaun O'Hara,29,NYG,C,15,15,0,0,0,0,0.0,0,1,0,-9,0,0.0,0.0,0.0,0.0,0.0,0.0,0,
665,James Reed,29,KAN,RDT,15,15,0,0,0,0,2.0,0,0,0,0,0,1.0,37.0,30.0,7.0,3.0,8.0,0,
666,Ben Roethlisberger,24,PIT,QB,15,15,0,0,0,0,0.0,0,5,0,-1,0,0.0,0.0,0.0,0.0,0.0,0.0,0,
667,Carlos Rogers,25,WAS,RCB,15,15,1,0,0,0,17.0,1,0,0,0,0,0.0,80.0,68.0,12.0,4.0,0.0,0,
668,Asante Samuel,25,NWE,LCB/RCB,15,15,10,120,0,33,24.0,1,0,0,0,0,0.0,64.0,59.0,5.0,5.0,0.0,0,
669,Jeremy Shockey,26,NYG,TE,15,15,0,0,0,0,0.0,0,0,1,0,0,0.0,0.0,0.0,0.0,0.0,0.0,0,PB
670,Chester Taylor,27,MIN,RB,15,15,0,0,0,0,0.0,0,5,1,0,0,0.0,0.0,0.0,0.0,0.0,0.0,0,
671,Fred Taylor,30,JAX,RB,15,15,0,0,0,0,0.0,0,3,0,0,0,0.0,,,,,,0,
672,John Thornton,30,CIN,RDT,15,15,0,0,0,0,3.0,1,0,1,0,0,2.0,43.0,28.0,15.0,5.0,2.0,0,
673,Marcus Trufant,26,SEA,RCB,15,15,1,0,0,0,11.0,2,0,0,0,0,0.0,68.0,60.0,8.0,1.0,0.0,0,
674,Ben Utecht,25,IND,TE,15,15,0,0,0,0,0.0,0,1,0,0,0,0.0,,,,,,0,
675,Gerard Warren,28,DEN,RDT,15,15,0,0,0,0,3.0,0,0,0,0,0,2.5,30.0,22.0,8.0,6.0,6.0,0,
676,Ty Warren,25,NWE,LDE,15,15,0,0,0,0,2.0,1,0,1,0,0,7.5,84.0,56.0,28.0,11.0,13.0,1,
677,Anthony Weaver,26,HOU,LDE,15,15,1,21,0,21,6.0,0,0,1,0,0,1.0,35.0,26.0,9.0,5.0,4.0,0,
678,Brian Williams,27,JAX,RCB,15,15,1,4,0,4,10.0,1,0,0,0,0,0.0,56.0,48.0,8.0,0.0,0.0,0,
679,Al Wilson,29,DEN,MLB,15,15,0,0,0,0,4.0,1,0,0,0,0,1.0,102.0,79.0,23.0,5.0,2.0,0,"PB,AP-2"
680,Gibril Wilson,25,NYG,SS,15,15,2,25,0,25,10.0,3,0,2,0,0,0.0,103.0,77.0,26.0,2.0,4.0,0,
681,Bernard Berrian,26,CHI,WR,15,14,0,0,0,0,0.0,0,2,0,0,0,0.0,0.0,0.0,0.0,0.0,0.0,0,
682,Tedy Bruschi,33,NWE,RILB/LILB,15,14,1,8,0,8,7.0,0,0,2,0,0,1.5,112.0,53.0,59.0,3.0,4.0,0,
683,Andre' Goodman,28,MIA,RCB,15,14,0,0,0,0,9.0,1,0,2,64,0,0.0,42.0,27.0,15.0,2.0,0.0,0,
684,Reynaldo Hill,24,TEN,LCB,15,14,2,20,0,11,5.0,0,0,0,0,0,0.0,56.0,39.0,17.0,1.0,0.0,0,
685,Brad Johnson,38,MIN,QB,15,14,0,0,0,0,0.0,0,9,1,-9,0,0.0,0.0,0.0,0.0,0.0,0.0,0,
686,Terrence McGee,26,BUF,LCB,15,14,0,0,0,0,11.0,1,2,1,68,1,0.0,77.0,64.0,13.0,3.0,0.0,0,
687,Ephraim Salaam,30,HOU,LT,15,14,0,0,0,0,0.0,0,0,1,0,0,0.0,0.0,0.0,0.0,0.0,0.0,0,
688,Dwight Smith,28,MIN,FS,15,14,4,81,0,47,7.0,1,0,1,5,0,1.0,79.0,63.0,16.0,4.0,2.0,0,
689,Brian Westbrook,27,PHI,RB,15,14,0,0,0,0,0.0,0,2,0,0,0,0.0,0.0,0.0,0.0,0.0,0.0,0,
690,Donte Whitner,21,BUF,SS,15,14,1,10,0,10,5.0,0,0,0,0,0,0.0,106.0,68.0,38.0,2.0,0.0,0,
691,Darrent Williams,24,DEN,RCB,15,14,4,37,1,31,9.0,1,3,3,12,0,0.0,86.0,75.0,11.0,3.0,0.0,0,
692,Chris Gamble,23,CAR,LCB,15,13,3,31,1,18,13.0,0,2,1,0,0,1.0,66.0,53.0,13.0,5.0,1.0,0,
693,Eric Ghiaciuc,25,CIN,C,15,13,0,0,0,0,0.0,0,0,2,0,0,0.0,0.0,0.0,0.0,0.0,0.0,0,
694,Hunter Hillenmeyer,26,CHI,LLB,15,13,0,0,0,0,2.0,0,0,1,0,0,0.0,49.0,36.0,13.0,3.0,1.0,0,
695,Deuce McAllister,28,NOR,RB,15,13,0,0,0,0,0.0,0,3,2,4,1,0.0,0.0,0.0,0.0,0.0,0.0,0,AP CPoY-6
696,Jeremy Trueblood,23,TAM,RT,15,13,0,0,0,0,,0,0,1,0,0,0.0,0.0,0.0,0.0,0.0,0.0,0,
697,Vince Young,23,TEN,QB,15,13,0,0,0,0,0.0,0,12,4,-8,0,0.0,0.0,0.0,0.0,0.0,0.0,0,"PB,AP ORoY-1"
698,Gilbert Gardner,24,IND,LLB,15,12,0,0,0,0,4.0,0,0,0,0,0,0.0,61.0,41.0,20.0,4.0,4.0,0,
699,Brandon Lloyd,25,WAS,WR,15,12,0,0,0,0,0.0,0,1,0,0,0,0.0,,,,,,0,
700,Bobby McCray,25,JAX,LDE/RDE,15,12,0,0,0,0,1.0,2,0,0,0,0,10.0,35.0,30.0,5.0,11.0,15.0,0,
701,Robaire Smith,29,TEN,LDT,15,12,0,0,0,0,2.0,0,0,0,0,0,0.5,48.0,32.0,16.0,3.0,1.0,0,
702,Sam Williams,26,OAK,LLB,15,12,0,0,0,0,1.0,0,0,1,30,1,1.0,44.0,38.0,6.0,5.0,2.0,0,
703,Cedrick Wilson,28,PIT,WR,15,12,0,0,0,0,0.0,0,2,1,-7,0,0.0,0.0,0.0,0.0,0.0,0.0,0,
704,Ryan Nece,27,TAM,LLB,15,11,0,0,0,0,2.0,0,0,0,0,0,1.5,65.0,46.0,19.0,6.0,4.0,0,
705,Na'il Diggs,28,CAR,RLB,15,10,0,0,0,0,3.0,0,0,0,0,0,0.0,61.0,45.0,16.0,4.0,0.0,0,
706,Ben Leber,28,MIN,LLB,15,10,1,0,0,0,5.0,3,0,2,0,1,3.0,48.0,36.0,12.0,5.0,2.0,0,
707,Matt McCoy,24,PHI,RLB,15,10,0,0,0,0,3.0,3,0,0,0,0,2.0,69.0,57.0,12.0,4.0,3.0,0,
708,Justin Peelle,27,MIA,TE,15,10,0,0,0,0,0.0,0,0,0,0,0,0.0,1.0,1.0,0.0,0.0,0.0,0,
709,Ellis Hobbs,23,NWE,RCB,15,9,2,79,0,70,6.0,0,0,1,5,0,0.0,46.0,39.0,7.0,1.0,0.0,0,
710,Deuce Lutui,23,ARI,RG,15,9,0,0,0,0,0.0,0,0,1,0,0,0.0,0.0,0.0,0.0,0.0,0.0,0,
711,Jordan Babineaux,24,SEA,SS,15,8,1,20,0,20,4.0,0,0,0,0,0,0.0,55.0,43.0,12.0,0.0,1.0,0,
712,Eric Green,24,ARI,RCB,15,8,0,0,0,0,12.0,1,0,1,0,0,0.0,44.0,41.0,3.0,1.0,1.0,0,
713,Daniel Bullocks,23,DET,SS,15,7,0,0,0,0,3.0,1,0,0,0,0,1.0,75.0,55.0,20.0,1.0,1.0,0,
714,Ian Scott,25,CHI,RDT,15,7,0,0,0,0,6.0,1,0,1,0,0,0.0,23.0,16.0,7.0,2.0,1.0,0,
715,Keith Davis,28,DAL,FS,15,6,0,0,0,0,0.0,0,0,0,0,0,0.0,35.0,24.0,11.0,0.0,0.0,0,
716,Ricky Manning,26,CHI,RCB,15,6,5,113,1,54,10.0,1,0,2,0,0,2.0,53.0,43.0,10.0,2.0,0.0,0,
717,Tim Anderson,26,BUF,RDT,15,5,0,0,0,0,0.0,0,0,0,0,0,0.0,32.0,20.0,12.0,2.0,2.0,0,
718,Jason Dunn,33,KAN,TE,15,5,0,0,0,0,0.0,0,0,1,0,0,0.0,0.0,0.0,0.0,0.0,0.0,0,
719,Rob Morris,31,IND,LLB,15,5,0,0,0,0,0.0,0,0,0,0,0,0.0,56.0,43.0,13.0,3.0,1.0,0,
720,Marcus Pollard,34,DET,TE,15,5,0,0,0,0,0.0,0,0,0,0,0,0.0,2.0,2.0,0.0,0.0,0.0,0,
721,Terrance Copper,24,NOR,WR,15,4,0,0,0,0,0.0,0,2,1,0,0,0.0,3.0,3.0,0.0,0.0,0.0,0,
722,Jason Babin,26,HOU,DE,15,3,0,0,0,0,0.0,0,0,0,0,0,5.0,26.0,19.0,7.0,6.0,8.0,0,
723,Mike Bell,23,DEN,RB,15,3,0,0,0,0,0.0,0,1,0,0,0,0.0,,,,,,0,
724,Colin Cole,26,GNB,DT,15,3,0,0,0,0,0.0,1,0,0,0,0,1.0,38.0,28.0,10.0,3.0,1.0,0,
725,N.D. Kalu,31,HOU,DE,15,3,0,0,0,0,1.0,0,0,0,0,0,2.0,21.0,16.0,5.0,4.0,8.0,0,
726,David Thomas,23,NWE,TE,15,3,0,0,0,0,0.0,0,0,0,0,0,0.0,2.0,1.0,1.0,0.0,0.0,0,
727,Troy Walters,30,ARI,WR,15,3,0,0,0,0,0.0,0,3,1,0,0,0.0,2.0,2.0,0.0,0.0,0.0,0,
728,Paul Carrington,24,ATL,DE,15,2,0,0,0,0,1.0,1,0,0,0,0,3.0,42.0,33.0,9.0,1.0,5.0,0,
729,Ray Edwards,21,MIN,DE,15,2,0,0,0,0,2.0,0,0,0,0,0,3.0,10.0,7.0,3.0,2.0,9.0,0,
730,Adam Goldberg,26,STL,G,15,2,0,0,0,0,0.0,0,0,0,0,0,0.0,1.0,1.0,0.0,0.0,0.0,0,
731,Sam Hurd,21,DAL,WR,15,2,0,0,0,0,0.0,0,0,2,0,0,0.0,15.0,12.0,3.0,0.0,0.0,0,
732,Donald Lee,26,GNB,TE,15,2,0,0,0,0,0.0,0,0,0,0,0,0.0,12.0,12.0,0.0,0.0,0.0,0,
733,Michael Lehan,27,MIA,DB,15,2,0,0,0,0,2.0,0,0,0,0,0,0.0,19.0,16.0,3.0,1.0,0.0,0,
734,Isaac Sopoaga,25,SFO,DT,15,2,0,0,0,0,3.0,1,0,1,0,0,1.5,22.0,17.0,5.0,3.0,3.0,0,
735,Jason Bell,28,NYG,DB,15,1,1,-7,0,-7,3.0,0,0,0,0,0,0.0,23.0,20.0,3.0,0.0,0.0,0,
736,Kevin Faulk,30,NWE,RB,15,1,0,0,0,0,0.0,0,2,1,0,0,0.0,0.0,0.0,0.0,0.0,0.0,0,
737,Marques Harris,25,SDG,LB,15,1,0,0,0,0,3.0,1,0,2,0,1,3.0,24.0,14.0,10.0,3.0,4.0,0,
738,Kelvin Hayden,23,IND,DB,15,1,0,0,0,0,1.0,0,0,1,26,1,0.0,40.0,33.0,7.0,0.0,0.0,0,
739,Antwan Lake,27,NOR,DE,15,1,0,0,0,0,2.0,0,0,0,0,0,1.0,9.0,8.0,1.0,2.0,7.0,0,
740,Jim Leonhard,24,BUF,DB,15,1,0,0,0,0,0.0,0,2,1,0,0,0.0,18.0,14.0,4.0,1.0,0.0,0,
741,John Madsen,23,OAK,WR,15,1,0,0,0,0,0.0,0,0,0,0,0,0.0,1.0,1.0,0.0,0.0,0.0,0,
742,Brandon Marshall,22,DEN,WR,15,1,0,0,0,0,0.0,0,1,0,0,0,0.0,6.0,6.0,0.0,0.0,0.0,0,
743,Gerome Sapp,25,BAL,DB,15,1,0,1,0,1,1.0,0,0,0,0,0,0.0,17.0,15.0,2.0,0.0,0.0,0,
744,Chad Williams,27,SFO,DB,15,1,1,43,0,43,1.0,0,0,0,0,0,2.5,30.0,26.0,4.0,7.0,6.0,0,
745,Renaldo Wynn,32,WAS,DE,15,1,0,0,0,0,0.0,0,0,0,0,0,0.0,15.0,14.0,1.0,1.0,1.0,0,
746,Keith Adams,27,MIA,LB,15,0,0,0,0,0,0.0,1,0,0,0,0,0.0,6.0,4.0,2.0,0.0,0.0,0,
747,Sam Aiken,26,BUF,WR,15,0,0,0,0,0,0.0,0,0,1,0,0,0.0,6.0,5.0,1.0,0.0,0.0,0,
748,Ken Amato,29,TEN,LS,15,0,0,0,0,0,0.0,0,0,0,0,0,0.0,5.0,3.0,2.0,1.0,0.0,0,
749,Willie Andrews,23,NWE,DB,15,0,0,0,0,0,0.0,0,0,0,0,0,0.0,16.0,9.0,7.0,0.0,0.0,0,
750,Jordan Beck,23,ATL,LB,15,0,0,0,0,0,0.0,0,0,0,0,0,0.0,13.0,11.0,2.0,0.0,0.0,0,
751,Dee Brown,28,KAN,RB,15,0,0,0,0,0,0.0,0,1,1,0,0,0.0,13.0,11.0,2.0,0.0,0.0,0,
752,Brodrick Bunkley,23,PHI,DT,15,0,0,0,0,0,0.0,0,0,0,0,0,0.0,9.0,6.0,3.0,1.0,1.0,0,
753,Keith Burns,34,DEN,LB,15,0,0,0,0,0,0.0,1,0,0,0,0,0.0,11.0,10.0,1.0,0.0,0.0,0,
754,Casey Cramer,24,TEN,RB-TE,15,0,0,0,0,0,0.0,0,0,2,0,0,0.0,14.0,8.0,6.0,0.0,1.0,0,
755,Stephen Davis,32,STL,RB,15,0,0,0,0,0,0.0,0,1,0,0,0,0.0,0.0,0.0,0.0,0.0,0.0,0,
756,Abram Elam,25,DAL,DB,15,0,0,0,0,0,0.0,1,0,1,1,0,0.0,14.0,13.0,1.0,0.0,0.0,0,
757,Steve Gleason,29,NOR,DB,15,0,0,0,0,0,0.0,0,0,0,0,0,0.0,18.0,17.0,1.0,0.0,0.0,0,
758,Boomer Grigsby,25,KAN,LB,15,0,0,0,0,0,0.0,0,0,0,0,0,0.0,14.0,14.0,0.0,0.0,0.0,0,
759,Dante Hall,28,KAN,WR,15,0,0,0,0,0,0.0,0,2,0,0,0,0.0,,,,,,0,
760,Tyoka Jackson,35,DET,DT,15,0,0,0,0,0,0.0,0,0,0,0,0,2.0,12.0,8.0,4.0,2.0,3.0,0,
761,Brandon Jacobs,24,NYG,RB,15,0,0,0,0,0,0.0,0,2,0,0,0,0.0,7.0,6.0,1.0,0.0,0.0,0,
762,Adam Jennings,24,ATL,WR,15,0,0,0,0,0,0.0,0,0,1,0,0,0.0,4.0,3.0,1.0,0.0,0.0,0,
763,Fred McCrary,34,ATL,FB,15,0,0,0,0,0,0.0,0,0,0,0,0,0.0,2.0,2.0,0.0,0.0,0.0,0,
764,Chad Morton,29,NYG,RB,15,0,0,0,0,0,0.0,0,2,0,0,0,0.0,1.0,1.0,0.0,0.0,0.0,0,
765,Ronnie Prude,24,BAL,DB,15,0,2,66,1,54,5.0,0,0,0,0,0,0.0,9.0,8.0,1.0,0.0,0.0,0,
766,Derek Rackley,29,SEA,TE,15,0,0,0,0,0,0.0,0,0,0,0,0,0.0,2.0,2.0,0.0,0.0,0.0,0,
767,Jay Ratliff,25,DAL,NT,15,0,0,0,0,0,1.0,1,0,3,0,0,4.0,21.0,12.0,9.0,3.0,6.0,0,
768,Darrell Reid,24,IND,DE,15,0,0,0,0,0,0.0,0,0,0,0,0,0.0,35.0,26.0,9.0,5.0,1.0,0,
769,Marcel Shipp,28,ARI,RB,15,0,0,0,0,0,0.0,0,0,1,0,0,0.0,8.0,8.0,0.0,0.0,0.0,0,
770,Eric Smith,23,NYJ,DB,15,0,2,1,0,1,2.0,0,0,0,0,0,0.0,29.0,20.0,9.0,1.0,1.0,0,
771,Terrence Wilkins,31,IND,WR,15,0,0,0,0,0,0.0,0,3,0,0,0,0.0,1.0,1.0,0.0,0.0,0.0,0,
772,Claude Wroten,23,STL,DT,15,0,0,0,0,0,0.0,0,0,0,0,0,1.0,15.0,11.0,4.0,3.0,2.0,0,
773,Dexter Wynn,25,2TM,DB,15,0,0,0,0,0,0.0,0,4,1,0,0,0.0,18.0,12.0,6.0,0.0,0.0,0,
773,Dexter Wynn,25,PHI,DB,6,0,0,0,0,0,0.0,0,3,1,0,0,0.0,8.0,6.0,2.0,0.0,0.0,0,
773,Dexter Wynn,25,HOU,DB,9,0,0,0,0,0,0.0,0,1,0,0,0,0.0,10.0,6.0,4.0,0.0,0.0,0,
774,Antoine Bethea,22,IND,SS,14,14,1,38,0,38,5.0,0,0,0,0,0,0.0,90.0,66.0,24.0,0.0,0.0,0,
775,Gary Brackett,26,IND,MLB,14,14,0,0,0,0,2.0,3,0,0,0,0,0.0,122.0,87.0,35.0,4.0,1.0,0,
776,Fakhir Brown,29,STL,RCB,14,14,3,17,0,20,10.0,2,0,0,0,0,1.0,67.0,63.0,4.0,1.0,1.0,0,
777,Andra Davis,28,CLE,LILB,14,14,2,19,0,19,3.0,1,0,0,0,0,1.0,103.0,78.0,25.0,6.0,5.0,0,
778,Thomas Davis,23,CAR,LLB,14,14,0,0,0,0,5.0,2,0,0,0,0,1.5,90.0,71.0,19.0,4.0,8.0,0,
779,DeShaun Foster,26,CAR,RB,14,14,0,0,0,0,0.0,0,4,2,2,0,0.0,1.0,1.0,0.0,0.0,0.0,0,
780,Ahman Green,29,GNB,RB,14,14,0,0,0,0,0.0,0,4,1,0,0,0.0,0.0,0.0,0.0,0.0,0.0,0,
781,Cornelius Griffin,30,WAS,LDT,14,14,0,0,0,0,2.0,1,0,0,0,0,1.0,50.0,39.0,11.0,2.0,3.0,0,
782,Napoleon Harris,27,MIN,MLB,14,14,3,20,0,11,4.0,1,0,0,0,0,2.5,59.0,42.0,17.0,5.0,5.0,0,
783,Jeff Hartings,34,PIT,C,14,14,0,0,0,0,,0,0,1,0,0,0.0,0.0,0.0,0.0,0.0,0.0,0,
784,Gerald Hayes,26,ARI,MLB,14,14,3,24,0,24,6.0,0,0,2,19,0,1.0,93.0,79.0,14.0,5.0,2.0,0,
785,Ray Lewis,31,BAL,MLB/RILB,14,14,2,27,0,27,8.0,1,0,1,0,0,5.0,103.0,80.0,23.0,8.0,9.0,0,AP DPoY-5
786,Marlon McCree,29,SDG,FS,14,14,1,0,0,0,5.0,0,0,1,79,1,1.0,59.0,42.0,17.0,3.0,1.0,0,
787,Willis McGahee,25,BUF,RB,14,14,0,0,0,0,0.0,0,4,1,0,0,0.0,0.0,0.0,0.0,0.0,0.0,0,
788,Alvin McKinley,28,CLE,RDE,14,14,0,0,0,0,0.0,0,0,0,0,0,1.0,45.0,30.0,15.0,4.0,5.0,0,
789,Santana Moss,27,WAS,WR,14,14,0,0,0,0,0.0,0,2,2,0,0,0.0,0.0,0.0,0.0,0.0,0.0,0,
790,Jonathan Ogden,32,BAL,LT,14,14,0,0,0,0,0.0,0,0,1,0,0,0.0,0.0,0.0,0.0,0.0,0.0,0,"PB,AP-2"
791,Adewale Ogunleye,29,CHI,LDE,14,14,0,0,0,0,2.0,1,0,3,0,0,6.5,43.0,29.0,14.0,8.0,14.0,0,
792,Shaun Phillips,25,SDG,ROLB/LOLB,14,14,0,0,0,0,8.0,4,0,2,0,0,11.5,65.0,44.0,21.0,12.0,15.0,0,
793,Joey Porter,29,PIT,ROLB,14,14,2,49,1,42,5.0,0,0,0,0,0,7.0,55.0,40.0,15.0,10.0,10.0,0,
794,Mike Rucker,31,CAR,RDE,14,14,0,0,0,0,0.0,1,0,0,0,0,5.0,39.0,25.0,14.0,9.0,11.0,1,
795,Steve Smith Sr.,27,CAR,WR,14,14,0,0,0,0,0.0,0,2,0,0,0,0.0,0.0,0.0,0.0,0.0,0.0,0,PB
796,Will Smith,25,NOR,RDE,14,14,0,0,0,0,3.0,3,0,1,0,0,10.5,52.0,33.0,19.0,11.0,17.0,0,PB
797,David Stewart,24,TEN,RT,14,14,0,0,0,0,0.0,0,0,1,0,0,0.0,0.0,0.0,0.0,0.0,0.0,0,
798,Charles Tillman,25,CHI,LCB,14,14,5,32,0,13,14.0,1,0,1,40,1,0.0,81.0,69.0,12.0,5.0,1.0,0,
799,Keith Traylor,37,MIA,LDT,14,14,0,0,0,0,2.0,1,0,0,0,0,4.0,36.0,28.0,8.0,6.0,4.0,0,
800,Hines Ward,30,PIT,WR,14,14,0,0,0,0,0.0,0,2,0,0,0,0.0,0.0,0.0,0.0,0.0,0.0,0,
801,Fabian Washington,23,OAK,RCB,14,14,4,4,0,7,15.0,0,0,0,0,0,0.0,40.0,39.0,1.0,0.0,0.0,0,
802,Marcus Washington,29,WAS,LLB,14,14,0,0,0,0,8.0,2,0,2,6,0,2.5,88.0,59.0,29.0,4.0,9.0,0,
803,Brian Waters,29,KAN,LG,14,14,0,0,0,0,0.0,0,0,0,0,0,0.0,1.0,1.0,0.0,0.0,0.0,0,PB
804,Greg Wesley,28,KAN,FS,14,14,3,39,0,29,7.0,1,0,0,0,0,0.0,69.0,64.0,5.0,2.0,2.0,0,
805,Cadillac Williams,24,TAM,RB,14,14,0,0,0,0,0.0,0,3,0,0,0,0.0,0.0,0.0,0.0,0.0,0.0,0,
806,Deion Branch,27,SEA,WR,14,13,0,0,0,0,0.0,0,0,1,0,0,0.0,0.0,0.0,0.0,0.0,0.0,0,
807,Travis Henry,28,TEN,RB,14,13,0,0,0,0,0.0,0,3,2,0,0,0.0,0.0,0.0,0.0,0.0,0.0,0,AP CPoY-6
808,Willie McGinest,35,CLE,LOLB,14,13,1,0,0,0,2.0,0,0,1,0,0,4.0,45.0,36.0,9.0,8.0,10.0,0,
809,Jason Spitz,24,GNB,RG,14,13,0,0,0,0,0.0,0,0,1,0,0,0.0,0.0,0.0,0.0,0.0,0.0,0,
810,Nathan Vasher,25,CHI,RCB,14,13,3,11,0,7,8.0,0,0,0,0,0,0.0,45.0,33.0,12.0,0.0,1.0,0,
811,Alvis Whitted,32,OAK,WR,14,13,0,0,0,0,0.0,0,1,0,0,0,0.0,0.0,0.0,0.0,0.0,0.0,0,
812,Owen Daniels,24,HOU,TE,14,12,0,0,0,0,0.0,0,0,0,0,0,0.0,2.0,2.0,0.0,0.0,0.0,0,
813,Reuben Droughns,28,CLE,RB,14,12,0,0,0,0,0.0,0,5,1,0,0,0.0,0.0,0.0,0.0,0.0,0.0,0,
814,Artrell Hawkins,30,NWE,FS,14,12,1,0,0,0,3.0,2,0,1,0,0,0.0,73.0,54.0,19.0,1.0,1.0,0,
815,Daven Holly,24,CLE,RCB,14,12,5,127,1,57,10.0,0,0,1,40,1,0.0,58.0,55.0,3.0,3.0,0.0,0,
816,Bo Scaife,25,TEN,TE,14,12,0,0,0,0,0.0,0,1,0,0,0,0.0,0.0,0.0,0.0,0.0,0.0,0,
817,Clint Ingram,23,JAX,LLB,14,11,1,0,0,0,3.0,0,0,0,0,0,1.5,71.0,55.0,16.0,3.0,3.0,0,
818,Greg Jennings,23,GNB,WR,14,11,0,0,0,0,0.0,0,1,0,0,0,0.0,0.0,0.0,0.0,0.0,0.0,0,
819,Keenan McCardell,36,SDG,WR,14,11,0,0,0,0,0.0,0,2,0,0,0,0.0,0.0,0.0,0.0,0.0,0.0,0,
820,Fred Smoot,27,MIN,RCB,14,11,1,47,1,47,5.0,2,0,1,29,0,0.0,63.0,59.0,4.0,4.0,0.0,0,
821,Karlos Dansby,25,ARI,LLB,14,10,0,0,0,0,3.0,1,0,1,0,0,8.0,82.0,69.0,13.0,14.0,9.0,0,
822,Tank Johnson,25,CHI,RDT,14,10,0,0,0,0,1.0,1,0,0,0,0,3.5,26.0,22.0,4.0,5.0,10.0,1,
823,Daimon Shelton,34,BUF,FB,14,10,0,0,0,0,0.0,0,0,0,0,0,0.0,2.0,1.0,1.0,0.0,0.0,0,
824,Jared DeVries,30,DET,LDE,14,9,0,0,0,0,1.0,0,0,0,0,0,0.0,23.0,16.0,7.0,3.0,3.0,0,
825,William Henderson,35,GNB,FB,14,9,0,0,0,0,0.0,0,0,0,0,0,0.0,3.0,2.0,1.0,0.0,0.0,0,
826,Chad Scott,32,NWE,LCB,14,9,2,32,0,32,4.0,0,0,0,0,0,0.0,46.0,37.0,9.0,1.0,0.0,0,
827,Pat Watkins,24,DAL,FS,14,9,3,45,0,24,7.0,1,0,1,53,0,0.0,38.0,30.0,8.0,0.0,0.0,0,
828,Marlin Jackson,23,IND,FS,14,8,1,24,0,24,5.0,0,0,0,0,0,0.0,87.0,64.0,23.0,1.0,1.0,0,
829,Wali Lundy,23,HOU,RB,14,8,0,0,0,0,0.0,0,1,0,0,0,0.0,0.0,0.0,0.0,0.0,0.0,0,
830,Adam Bergen,23,ARI,TE,14,7,0,0,0,0,0.0,0,2,1,1,0,0.0,0.0,0.0,0.0,0.0,0.0,0,
831,Keith Ellison,22,BUF,LLB,14,7,1,7,0,7,2.0,0,0,1,0,0,1.0,65.0,33.0,32.0,6.0,0.0,0,
832,Cedric Griffin,24,MIN,RCB,14,7,2,4,0,4,10.0,2,0,1,-4,0,0.0,43.0,38.0,5.0,0.0,0.0,0,
833,Ahmard Hall,27,TEN,FB,14,7,0,0,0,0,0.0,0,1,0,0,0,0.0,4.0,3.0,1.0,0.0,0.0,0,
834,Kyle Johnson,28,DEN,FB,14,7,0,0,0,0,0.0,0,0,0,0,0,0.0,3.0,2.0,1.0,0.0,0.0,0,
835,Kevin Kaesviharn,30,CIN,SS,14,7,6,24,0,22,9.0,1,0,0,0,0,4.0,64.0,49.0,15.0,4.0,7.0,0,
836,David Macklin,28,ARI,RCB,14,7,1,56,0,56,5.0,0,0,0,0,0,0.0,34.0,33.0,1.0,2.0,0.0,0,
837,Moran Norris,28,SFO,FB,14,7,0,0,0,0,0.0,0,0,0,0,0,0.0,3.0,1.0,2.0,0.0,0.0,0,
838,Alex Smith,24,TAM,TE,14,7,0,0,0,0,0.0,0,1,0,0,0,0.0,0.0,0.0,0.0,0.0,0.0,0,
839,Travares Tillman,29,MIA,SS,14,7,0,0,0,0,3.0,1,0,0,0,0,0.0,47.0,30.0,17.0,1.0,0.0,0,
840,Michael Lewis,26,PHI,SS,14,6,2,105,1,84,9.0,1,0,0,0,0,2.0,58.0,43.0,15.0,3.0,3.0,0,
841,Daniel Wilcox,29,BAL,TE,14,6,0,0,0,0,0.0,0,2,0,0,0,0.0,12.0,11.0,1.0,0.0,0.0,0,
842,Anthony Adams,26,SFO,LDT,14,5,0,0,0,0,1.0,0,0,0,0,0,2.0,20.0,12.0,8.0,1.0,6.0,0,
843,Cullen Jenkins,25,GNB,RDE,14,5,0,0,0,0,1.0,0,0,2,0,0,6.5,32.0,23.0,9.0,7.0,14.0,0,
844,Cory Schlesinger,34,DET,FB,14,5,0,0,0,0,0.0,0,0,1,0,0,0.0,2.0,2.0,0.0,0.0,0.0,0,
845,Phillip Buchanon,26,2TM,DB,14,4,2,0,0,0,7.0,0,0,1,0,0,0.0,26.0,22.0,4.0,0.0,0.0,0,
845,Phillip Buchanon,26,HOU,DB,4,0,0,0,0,0,1.0,0,0,0,0,0,0.0,2.0,2.0,0.0,0.0,0.0,0,
845,Phillip Buchanon,26,TAM,DB,10,4,2,0,0,0,6.0,0,0,1,0,0,0.0,24.0,20.0,4.0,0.0,0.0,0,
846,Matt Jones,23,JAX,WR,14,4,0,0,0,0,0.0,0,1,0,0,0,0.0,0.0,0.0,0.0,0.0,0.0,0,
847,Darnell Dinkins,29,CLE,TE,14,2,0,0,0,0,0.0,0,1,0,0,0,0.0,3.0,3.0,0.0,0.0,0.0,0,
848,Anthony Hargrove,23,2TM,DE,14,2,0,0,0,0,0.0,0,0,0,0,0,1.5,,,,,,0,
848,Anthony Hargrove,23,STL,DE,4,2,0,0,0,0,0.0,0,0,0,0,0,0.5,,,,,,0,
848,Anthony Hargrove,23,BUF,DE,10,0,0,0,0,0,0.0,0,0,0,0,0,1.0,,,,,,0,
849,Eddie Jackson,26,MIA,DB,14,2,0,0,0,0,1.0,0,0,1,0,0,0.0,11.0,6.0,5.0,0.0,0.0,0,
850,Jeff Zgonina,36,MIA,DT,14,2,0,0,0,0,1.0,0,0,1,0,0,0.0,33.0,18.0,15.0,2.0,0.0,0,
851,Khary Campbell,27,WAS,LB,14,1,0,0,0,0,0.0,2,0,1,0,0,0.0,24.0,19.0,5.0,0.0,0.0,0,
852,Rodney Leisle,25,NOR,DT,14,1,0,0,0,0,0.0,0,0,1,0,0,0.0,16.0,8.0,8.0,1.0,1.0,0,
853,Josh Mallard,27,ATL,DE,14,1,0,0,0,0,2.0,1,0,1,0,0,4.0,16.0,15.0,1.0,6.0,10.0,0,
854,Matt Ware,24,ARI,DB,14,1,0,0,0,0,2.0,1,0,0,0,0,0.0,19.0,17.0,2.0,0.0,0.0,0,
855,Eric Alexander,24,NWE,LB,14,0,0,0,0,0,0.0,0,0,0,0,0,0.0,14.0,12.0,2.0,0.0,0.0,0,
856,Obafemi Ayanbadejo,31,ARI,RB,14,0,0,0,0,0,0.0,0,1,0,0,0,0.0,9.0,8.0,1.0,0.0,0.0,0,
857,Kevin Bentley,27,SEA,LB,14,0,0,0,0,0,3.0,1,0,1,0,0,0.0,27.0,19.0,8.0,1.0,0.0,0,
858,James Butler,24,NYG,DB,14,0,0,0,0,0,4.0,0,0,0,0,0,0.0,27.0,24.0,3.0,0.0,0.0,0,
859,Jerome Carter,24,STL,DB,14,0,2,39,0,36,2.0,0,0,0,0,0,0.0,25.0,24.0,1.0,2.0,1.0,0,
860,Patrick Chukwurah,27,DEN,LB,14,0,0,0,0,0,1.0,1,0,0,0,0,4.5,26.0,19.0,7.0,4.0,6.0,0,
861,Tyrone Culver,23,GNB,DB,14,0,0,0,0,0,1.0,0,0,0,0,0,0.0,9.0,7.0,2.0,0.0,0.0,0,
862,Kevin Dockery,22,NYG,DB,14,0,2,100,1,96,8.0,0,0,0,0,0,0.0,35.0,29.0,6.0,0.0,0.0,0,
863,Eddie Drummond,26,DET,WR,14,0,0,0,0,0,0.0,0,4,2,0,0,0.0,2.0,2.0,0.0,0.0,0.0,0,
864,Aubrayo Franklin,26,BAL,DT,14,0,0,0,0,0,1.0,0,0,0,0,0,0.0,17.0,14.0,3.0,2.0,1.0,0,
865,Rod Gardner,29,KAN,WR,14,0,0,0,0,0,0.0,0,0,0,0,0,0.0,5.0,5.0,0.0,0.0,0.0,0,
866,Steve Gregory,23,SDG,DB,14,0,0,0,0,0,1.0,0,0,1,0,0,0.0,12.0,8.0,4.0,0.0,0.0,0,
867,Jason Hatcher,24,DAL,DE,14,0,0,0,0,0,0.0,0,0,0,0,0,2.5,19.0,14.0,5.0,4.0,4.0,0,
868,Jason Hunter,23,GNB,DE,14,0,0,0,0,0,0.0,0,0,0,0,0,0.0,8.0,6.0,2.0,0.0,0.0,0,
869,Spencer Johnson,25,MIN,DT,14,0,0,0,0,0,0.0,0,0,0,0,0,0.0,15.0,11.0,4.0,1.0,2.0,0,
870,Freddy Keiaho,24,IND,LB,14,0,0,0,0,0,0.0,2,0,0,0,0,0.0,25.0,19.0,6.0,0.0,0.0,0,
871,Clint Kriewaldt,30,PIT,LB,14,0,1,12,0,12,1.0,0,0,0,0,0,0.0,18.0,13.0,5.0,0.0,0.0,0,
872,John Leake,25,ATL,LB,14,0,0,0,0,0,0.0,0,0,0,0,0,0.0,9.0,7.0,2.0,0.0,0.0,0,
873,Laurence Maroney,21,NWE,RB,14,0,0,0,0,0,0.0,0,1,0,0,0,0.0,0.0,0.0,0.0,0.0,0.0,0,
874,Jerome McDougle,28,PHI,DE,14,0,0,0,0,0,2.0,0,0,0,0,0,1.0,13.0,11.0,2.0,0.0,2.0,0,
875,Jerious Norwood,23,ATL,RB,14,0,0,0,0,0,0.0,0,0,0,0,0,0.0,3.0,3.0,0.0,0.0,0.0,0,
876,Montell Owens,22,JAX,RB,14,0,0,0,0,0,0.0,0,0,0,0,0,0.0,6.0,6.0,0.0,0.0,0.0,0,
877,Derreck Robinson,24,SDG,DE,14,0,0,0,0,0,3.0,0,0,0,0,0,1.5,14.0,9.0,5.0,1.0,2.0,0,
878,Bo Schobel,25,IND,DE,14,0,0,0,0,0,0.0,0,0,0,0,0,0.5,23.0,17.0,6.0,0.0,2.0,0,
879,Josh Thomas,25,IND,DE,14,0,0,0,0,0,0.0,0,0,1,0,0,1.0,21.0,14.0,7.0,0.0,5.0,0,
880,Tracy White,25,GNB,LB,14,0,0,0,0,0,0.0,0,0,0,0,0,0.0,11.0,11.0,0.0,0.0,0.0,0,
881,Jamie Winborn,27,TAM,LB,14,0,0,0,0,0,0.0,1,0,0,0,0,0.0,13.0,9.0,4.0,0.0,0.0,0,
882,LeVar Woods,28,2TM,LB,14,0,0,0,0,0,0.0,1,0,2,1,0,0.0,19.0,18.0,1.0,1.0,1.0,0,
882,LeVar Woods,28,DET,LB,7,0,0,0,0,0,0.0,1,0,1,0,0,0.0,13.0,13.0,0.0,1.0,1.0,0,
882,LeVar Woods,28,TEN,LB,7,0,0,0,0,0,0.0,0,0,1,1,0,0.0,6.0,5.0,1.0,0.0,0.0,0,
883,Todd Yoder,28,WAS,TE,14,0,0,0,0,0,0.0,0,0,0,0,0,0.0,3.0,2.0,1.0,0.0,0.0,0,
884,Tatum Bell,25,DEN,RB,13,13,0,0,0,0,0.0,0,5,2,0,0,0.0,0.0,0.0,0.0,0.0,0.0,0,
885,Jake Delhomme,31,CAR,QB,13,13,0,0,0,0,0.0,0,6,0,0,0,0.0,,,,,,0,
886,Charlie Frye,25,CLE,QB,13,13,0,0,0,0,0.0,0,8,0,-6,0,0.0,,,,,,0,
887,Randall Godfrey,33,SDG,LILB,13,13,0,0,0,0,2.0,2,0,0,0,0,4.0,58.0,42.0,16.0,7.0,4.0,0,
888,D'Qwell Jackson,23,CLE,RILB,13,13,0,0,0,0,0.0,0,0,0,0,0,0.0,94.0,61.0,33.0,2.0,2.0,0,
889,Darrell Jackson,28,SEA,WR,13,13,0,0,0,0,0.0,0,1,0,0,0,0.0,0.0,0.0,0.0,0.0,0.0,0,
890,Steve Neal,30,NWE,RG,13,13,0,0,0,0,0.0,0,0,0,0,0,0.0,1.0,1.0,0.0,0.0,0.0,0,
891,Igor Olshansky,24,SDG,RDE,13,13,0,0,0,0,1.0,0,0,1,0,0,1.5,33.0,19.0,14.0,3.0,8.0,0,
892,Troy Polamalu,25,PIT,SS,13,13,3,51,0,49,8.0,1,0,0,0,0,1.0,77.0,57.0,20.0,6.0,2.0,0,PB
893,Lito Sheppard,25,PHI,LCB,13,13,6,157,1,102,19.0,0,0,1,0,0,0.0,30.0,25.0,5.0,0.0,0.0,0,PB
894,Shawntae Spencer,24,SFO,LCB,13,13,1,0,0,0,9.0,2,0,2,11,0,2.0,61.0,53.0,8.0,2.0,1.0,0,
895,Fred Thomas,33,NOR,RCB,13,13,1,9,0,9,11.0,2,0,0,0,0,0.0,57.0,50.0,7.0,1.0,1.0,0,
896,Ben Watson,26,NWE,TE,13,13,0,0,0,0,0.0,0,3,1,0,0,0.0,0.0,0.0,0.0,0.0,0.0,0,
897,Vince Wilfork,25,NWE,NT,13,13,0,0,0,0,1.0,0,0,1,0,0,1.0,51.0,41.0,10.0,1.0,4.0,0,
898,Milford Brown,26,ARI,LG,13,12,0,0,0,0,,0,0,2,0,0,0.0,0.0,0.0,0.0,0.0,0.0,0,
899,Ronnie Brown,25,MIA,RB,13,12,0,0,0,0,0.0,0,4,0,-16,0,0.0,0.0,0.0,0.0,0.0,0.0,0,
900,Ryan Clark,27,PIT,FS,13,12,1,-1,0,-1,4.0,0,0,3,5,0,0.0,72.0,48.0,24.0,1.0,0.0,0,
901,Derrick Johnson,24,KAN,LLB,13,12,0,0,0,0,2.0,1,0,2,0,0,4.5,76.0,58.0,18.0,7.0,5.0,0,
902,Ken Lucas,27,CAR,RCB/LCB,13,12,3,13,0,13,10.0,0,0,0,0,0,0.0,45.0,31.0,14.0,0.0,0.0,0,
903,Derek Smith,31,SFO,MLB/LILB,13,12,0,0,0,0,0.0,1,0,0,0,0,0.0,69.0,51.0,18.0,1.0,0.0,0,
904,Bruce Gradkowski,23,TAM,QB,13,11,0,0,0,0,0.0,0,11,3,-2,0,0.0,0.0,0.0,0.0,0.0,0.0,0,
905,Travis LaBoy,25,TEN,RDE,13,11,0,0,0,0,1.0,1,0,0,0,0,3.5,32.0,22.0,10.0,8.0,8.0,0,
906,Ronald Fields,25,SFO,LDT,13,9,0,0,0,0,1.0,0,0,0,0,0,0.0,28.0,20.0,8.0,3.0,1.0,0,
907,Eric Johnson,27,SFO,TE,13,9,0,0,0,0,0.0,0,0,1,0,0,0.0,,,,,,0,
908,Omar Stoutmire,32,NOR,SS,13,9,2,10,0,10,7.0,0,0,0,0,0,0.0,55.0,43.0,12.0,1.0,0.0,0,
909,Joe Jurevicius,32,CLE,WR,13,8,0,0,0,0,0.0,0,0,1,0,0,0.0,0.0,0.0,0.0,0.0,0.0,0,
910,Ellis Wyms,27,TAM,RDT,13,8,0,0,0,0,0.0,0,0,0,0,0,5.0,30.0,19.0,11.0,5.0,7.0,0,
911,Marcus Bell,27,DET,LDT,13,7,0,0,0,0,0.0,1,0,1,0,0,1.0,40.0,23.0,17.0,3.0,4.0,0,
912,Dennis Northcutt,29,CLE,WR,13,6,0,0,0,0,0.0,0,1,0,0,0,0.0,0.0,0.0,0.0,0.0,0.0,0,
913,Hank Poteat,29,2TM,DB,13,7,0,0,0,0,4.0,0,0,1,4,0,0.0,35.0,25.0,10.0,0.0,0.0,0,
913,Hank Poteat,29,NWE,DB,2,1,0,0,0,0,1.0,0,0,0,0,0,0.0,3.0,2.0,1.0,0.0,0.0,0,
913,Hank Poteat,29,NYJ,RCB,11,6,0,0,0,0,3.0,0,0,1,4,0,0.0,32.0,23.0,9.0,0.0,0.0,0,
914,B.J. Askew,26,NYJ,FB,13,5,0,0,0,0,0.0,0,0,0,0,0,0.0,11.0,5.0,6.0,0.0,0.0,0,
915,Brandon Green,26,STL,RDE,13,5,0,0,0,0,1.0,0,0,0,0,0,0.5,24.0,19.0,5.0,5.0,2.0,0,
916,Jimmy Williams,22,ATL,RCB,13,5,0,0,0,0,1.0,0,0,0,0,0,0.0,33.0,27.0,6.0,4.0,1.0,0,
917,Joe Salave'a,31,WAS,DT,13,4,0,0,0,0,0.0,0,0,0,0,0,0.0,18.0,14.0,4.0,2.0,0.0,0,
918,Stanley Wilson,24,DET,DB,13,4,0,0,0,0,5.0,0,0,0,0,0,0.0,38.0,25.0,13.0,0.0,0.0,0,
919,David Barrett,29,NYJ,DB,13,3,3,0,0,0,6.0,2,0,0,0,0,0.0,36.0,23.0,13.0,0.0,0.0,0,
920,Nick Eason,26,CLE,DT,13,3,0,0,0,0,1.0,1,0,0,0,0,0.0,24.0,16.0,8.0,0.0,3.0,0,
921,Ruvell Martin,24,GNB,WR,13,3,0,0,0,0,0.0,0,0,0,0,0,0.0,1.0,1.0,0.0,0.0,0.0,0,
922,Jason Wright,24,CLE,RB,13,3,0,0,0,0,0.0,0,1,0,0,0,0.0,2.0,1.0,1.0,0.0,0.0,0,
923,Jamar Fletcher,27,DET,DB,13,2,3,122,1,88,6.0,0,0,1,3,0,0.0,37.0,35.0,2.0,2.0,0.0,0,
924,Vernand Morency,26,GNB,RB,13,2,0,0,0,0,0.0,0,2,0,0,0,0.0,7.0,5.0,2.0,0.0,0.0,0,
925,DeAngelo Williams,23,CAR,RB,13,2,0,0,0,0,0.0,0,1,1,0,0,0.0,0.0,0.0,0.0,0.0,0.0,0,
926,Shawn Barber,31,PHI,LB,13,1,0,0,0,0,9.0,1,0,1,0,0,0.0,50.0,33.0,17.0,4.0,1.0,0,
927,Bobby Carpenter,23,DAL,LB,13,1,0,0,0,0,1.0,0,0,0,0,0,1.5,22.0,15.0,7.0,1.0,3.0,0,
928,Sammy Davis,26,SFO,DB,13,1,0,0,0,0,7.0,0,0,0,0,0,0.0,30.0,23.0,7.0,0.0,0.0,0,
929,Israel Idonije,26,CHI,DE,13,1,0,0,0,0,1.0,0,0,2,0,0,0.0,19.0,13.0,6.0,2.0,0.0,0,
930,Gabe Reid,29,CHI,TE,13,1,0,0,0,0,0.0,0,0,0,0,0,0.0,2.0,2.0,0.0,0.0,0.0,0,
931,Darrell Shropshire,23,ATL,DT,13,1,0,0,0,0,4.0,0,0,0,0,0,1.0,14.0,11.0,3.0,1.0,3.0,0,
932,Jimmy Wilkerson,25,KAN,DE,13,1,0,0,0,0,2.0,0,0,0,0,0,0.0,24.0,19.0,5.0,3.0,1.0,0,
933,Charlie Anderson,25,HOU,LB,13,0,0,0,0,0,1.0,0,0,0,0,0,0.0,16.0,13.0,3.0,0.0,0.0,0,
934,Ricky Brown,23,OAK,LB,13,0,0,0,0,0,0.0,0,0,0,0,0,0.0,8.0,7.0,1.0,0.0,0.0,0,
935,Oliver Celestin,25,SEA,DB,13,0,0,0,0,0,0.0,0,0,1,0,0,0.0,9.0,8.0,1.0,0.0,0.0,0,
936,Chris Cooper,29,ARI,DE,13,0,0,0,0,0,4.0,0,0,1,0,0,2.0,21.0,14.0,7.0,1.0,4.0,0,
937,Jorge Cordova,25,JAX,LB,13,0,0,0,0,0,1.0,0,0,0,0,0,0.0,8.0,5.0,3.0,0.0,0.0,0,
938,Najeh Davenport,27,PIT,RB,13,0,0,0,0,0,0.0,0,2,1,0,0,0.0,4.0,2.0,2.0,0.0,0.0,0,
939,Russell Davis,31,SEA,DT,13,0,0,0,0,0,0.0,0,0,1,0,0,3.0,30.0,24.0,6.0,3.0,3.0,0,
940,Elvis Dumervil,22,DEN,DE,13,0,0,0,0,0,1.0,1,0,3,13,0,8.5,17.0,14.0,3.0,4.0,8.0,0,
941,Russ Hochstein,29,NWE,C,13,0,0,0,0,0,0.0,0,0,1,0,0,0.0,0.0,0.0,0.0,0.0,0.0,0,
942,Corey Ivy,29,BAL,DB,13,0,1,0,0,0,5.0,2,1,0,0,0,2.0,28.0,26.0,2.0,1.0,3.0,0,
943,Isaiah Kacyvenski,29,2TM,LB,13,0,0,0,0,0,0.0,0,0,0,0,0,0.0,9.0,8.0,1.0,0.0,0.0,0,
943,Isaiah Kacyvenski,29,SEA,LB,3,0,0,0,0,0,0.0,0,0,0,0,0,0.0,3.0,3.0,0.0,0.0,0.0,0,
943,Isaiah Kacyvenski,29,STL,LB,10,0,0,0,0,0,0.0,0,0,0,0,0,0.0,6.0,5.0,1.0,0.0,0.0,0,
944,Anthony Madison,25,PIT,DB,13,0,0,0,0,0,0.0,0,0,0,0,0,0.0,12.0,10.0,2.0,0.0,0.0,0,
945,Jayme Mitchell,22,MIN,DE,13,0,0,0,0,0,0.0,1,0,0,0,0,3.0,9.0,5.0,4.0,1.0,3.0,0,
946,Dave Moore,37,TAM,TE,13,0,0,0,0,0,0.0,0,1,0,0,0,0.0,1.0,0.0,1.0,0.0,0.0,0,PB
947,Rashad Moore,27,NYJ,DT,13,0,0,0,0,0,0.0,1,0,0,0,0,0.0,17.0,12.0,5.0,0.0,1.0,0,
948,Alvin Pearman,24,JAX,RB,13,0,0,0,0,0,0.0,0,2,1,0,0,0.0,2.0,2.0,0.0,0.0,0.0,0,
949,Jacques Reeves,24,DAL,DB,13,0,0,0,0,0,1.0,0,0,0,0,0,0.0,14.0,11.0,3.0,0.0,0.0,0,
950,Shaun Smith,25,CIN,DT,13,0,0,0,0,0,1.0,0,0,0,0,0,0.0,10.0,6.0,4.0,0.0,1.0,0,
951,Joe Tafoya,28,SEA,DE,13,0,0,0,0,0,1.0,0,0,1,0,0,0.0,12.0,8.0,4.0,0.0,0.0,0,
952,Michael Turner,24,SDG,RB,13,0,0,0,0,0,0.0,0,0,0,0,0,0.0,3.0,3.0,0.0,0.0,0.0,0,
953,Adam Vinatieri,34,IND,K,13,0,0,0,0,0,0.0,0,0,0,0,0,0.0,4.0,2.0,2.0,0.0,0.0,0,
954,Dante Wesley,27,CHI,DB,13,0,0,0,0,0,0.0,0,1,0,0,0,0.0,10.0,9.0,1.0,1.0,0.0,0,
955,Brandon Williams,22,SFO,WR,13,0,0,0,0,0,0.0,0,1,0,0,0,0.0,,,,,,0,
956,Rod Wilson,25,CHI,DB,13,0,0,0,0,0,0.0,0,0,0,0,0,0.0,21.0,18.0,3.0,1.0,0.0,0,
957,Angelo Crowell,25,BUF,RLB,12,12,2,0,0,0,7.0,1,0,0,0,0,2.0,84.0,58.0,26.0,3.0,2.0,0,
958,Carlos Emmons,33,NYG,LLB/RLB,12,12,0,0,0,0,2.0,0,0,0,0,0,1.0,62.0,49.0,13.0,2.0,1.0,0,
959,Matt Hasselbeck,31,SEA,QB,12,12,0,0,0,0,0.0,0,3,2,-3,0,0.0,0.0,0.0,0.0,0.0,0.0,0,
960,Kevin Jones,24,DET,RB,12,12,0,0,0,0,0.0,0,5,1,0,0,0.0,0.0,0.0,0.0,0.0,0.0,0,
961,Sam Madison,32,NYG,RCB,12,12,2,28,0,24,10.0,0,0,1,0,0,0.0,39.0,33.0,6.0,1.0,0.0,0,
962,Shawne Merriman,22,SDG,LOLB/ROLB,12,12,1,10,0,10,8.0,4,0,1,0,0,17.0,63.0,49.0,14.0,15.0,17.0,0,"PB,AP-1,AP DPoY-3"
963,Shelton Quarles,35,TAM,MLB,12,12,0,0,0,0,2.0,3,0,0,0,0,2.5,106.0,68.0,38.0,7.0,6.0,0,
964,Brian Russell,28,CLE,FS,12,12,1,6,0,6,4.0,1,0,0,0,0,0.0,52.0,43.0,9.0,0.0,0.0,0,
965,Hollis Thomas,32,NOR,RDT,12,12,0,0,0,0,2.0,0,0,1,0,0,3.5,43.0,35.0,8.0,6.0,6.0,0,
966,Shaun Williams,30,CAR,SS,12,12,2,1,0,1,4.0,1,0,0,0,0,0.0,73.0,60.0,13.0,4.0,0.0,0,
967,Daniel Graham,28,NWE,TE,12,11,0,0,0,0,0.0,0,1,0,0,0,0.0,0.0,0.0,0.0,0.0,0.0,0,
968,Tommie Harris,23,CHI,LDT,12,11,0,0,0,0,0.0,0,0,1,17,0,5.0,28.0,22.0,6.0,5.0,12.0,0,PB
969,Dexter Jackson,29,CIN,SS,12,11,1,46,0,46,4.0,0,0,1,0,0,1.0,55.0,39.0,16.0,4.0,3.0,0,
970,Matt Leinart,23,ARI,QB,12,11,0,0,0,0,0.0,0,8,2,-13,0,0.0,0.0,0.0,0.0,0.0,0.0,0,
971,Takeo Spikes,30,BUF,LLB,12,11,0,0,0,0,3.0,1,0,0,0,0,1.0,70.0,43.0,27.0,1.0,0.0,0,
972,Corey Webster,24,NYG,LCB,12,10,1,0,0,0,12.0,2,0,1,4,0,1.0,43.0,38.0,5.0,1.0,0.0,0,
973,Victor Adeyanju,23,STL,RDE,12,9,0,0,0,0,1.0,0,0,2,89,1,1.0,42.0,37.0,5.0,3.0,2.0,0,
974,Michael Clayton,24,TAM,WR,12,9,0,0,0,0,0.0,0,2,0,0,0,0.0,0.0,0.0,0.0,0.0,0.0,0,
975,Rashad Jeanty,23,CIN,LLB,12,9,0,0,0,0,2.0,1,0,1,0,0,0.0,60.0,39.0,21.0,2.0,2.0,0,
976,Anthony Maddox,28,HOU,RDT,12,9,0,0,0,0,0.0,1,0,1,47,1,2.0,37.0,24.0,13.0,4.0,1.0,0,
977,Andrew Walter,24,OAK,QB,12,8,0,0,0,0,0.0,0,13,3,-20,0,0.0,0.0,0.0,0.0,0.0,0.0,0,
978,Deltha O'Neal,29,CIN,LCB,12,7,1,42,0,42,10.0,0,0,1,0,0,0.0,37.0,30.0,7.0,1.0,0.0,0,
979,Travis Daniels,24,MIA,RCB,12,6,1,-2,0,-2,2.0,0,0,0,0,0,0.0,36.0,25.0,11.0,0.0,0.0,0,
980,Todd Johnson,28,CHI,SS,12,6,0,0,0,0,3.0,1,0,0,0,0,0.0,33.0,26.0,7.0,0.0,0.0,0,
981,Derrick Wimbush,26,JAX,FB,12,6,0,0,0,0,0.0,0,0,0,0,0,0.0,1.0,1.0,0.0,0.0,0.0,0,
982,Doug Gabriel,26,NWE,WR,12,5,0,0,0,0,0.0,0,1,0,0,0,0.0,0.0,0.0,0.0,0.0,0.0,0,
983,Oliver Hoyte,22,DAL,FB,12,5,0,0,0,0,0.0,1,0,0,0,0,0.0,5.0,4.0,1.0,0.0,0.0,0,
984,Gabe Watson,23,ARI,LDT,12,5,0,0,0,0,0.0,0,0,1,0,0,1.0,16.0,12.0,4.0,0.0,1.0,0,
985,Alfonso Boone,30,CHI,DT,12,4,0,0,0,0,0.0,0,0,0,0,0,2.0,26.0,22.0,4.0,6.0,3.0,0,
986,Sammy Morris,29,MIA,RB,12,4,0,0,0,0,0.0,0,4,1,0,0,0.0,8.0,8.0,0.0,0.0,0.0,0,
987,Kevan Barlow,27,NYJ,RB,12,3,0,0,0,0,0.0,0,1,1,0,0,0.0,0.0,0.0,0.0,0.0,0.0,0,
988,Patrick Dendy,24,GNB,DB,12,3,3,37,1,30,6.0,0,0,0,0,0,0.0,37.0,32.0,5.0,0.0,0.0,0,
989,Justin Green,24,BAL,FB,12,3,0,0,0,0,0.0,0,0,0,0,0,0.0,5.0,5.0,0.0,0.0,0.0,0,
990,Willie Whitehead,33,NOR,DT,12,3,0,0,0,0,0.0,0,0,0,0,0,1.0,13.0,9.0,4.0,2.0,1.0,0,
991,Tony Brown,26,TEN,DT,12,2,0,0,0,0,0.0,0,1,2,33,1,1.5,33.0,23.0,10.0,4.0,5.0,0,
992,Bhawoh Jue,27,SDG,DB,12,2,0,0,0,0,5.0,0,0,0,0,0,0.0,15.0,9.0,6.0,0.0,0.0,0,
993,Tyrone Poole,34,OAK,DB,12,2,1,0,0,0,4.0,0,0,0,0,0,1.0,15.0,14.0,1.0,0.0,1.0,0,
994,Matt Giordano,24,IND,DB,12,1,1,0,0,0,2.0,0,0,0,0,0,0.0,25.0,20.0,5.0,0.0,0.0,0,
995,Cortez Hankton,25,JAX,WR,12,1,0,0,0,0,0.0,0,0,0,0,0,0.0,1.0,1.0,0.0,0.0,0.0,0,
996,Jamal Jones,25,NOR,WR,12,1,0,0,0,0,0.0,0,0,1,0,0,0.0,9.0,7.0,2.0,0.0,0.0,0,
997,Reno Mahe,26,PHI,RB,12,1,0,0,0,0,0.0,0,4,0,0,0,0.0,3.0,2.0,1.0,0.0,0.0,0,
998,Artose Pinner,28,MIN,RB,12,1,0,0,0,0,0.0,0,1,0,0,0,0.0,3.0,3.0,0.0,0.0,0.0,0,
999,Aaron Stecker,31,NOR,RB,12,1,0,0,0,0,0.0,0,0,0,0,0,0.0,9.0,7.0,2.0,0.0,0.0,0,
1000,Rodney Bailey,27,PIT,DE,12,0,0,0,0,0,1.0,0,0,0,0,0,0.0,9.0,3.0,6.0,2.0,1.0,0,
1001,Anthony Cannon,21,DET,LB,12,0,0,0,0,0,0.0,0,0,0,0,0,0.0,10.0,8.0,2.0,0.0,0.0,0,
1002,Don Davis,34,NWE,LB,12,0,0,0,0,0,0.0,0,0,0,0,0,0.0,11.0,7.0,4.0,0.0,0.0,0,
1003,John DiGiorgio,23,BUF,LB,12,0,0,0,0,0,0.0,0,0,0,0,0,0.0,8.0,7.0,1.0,0.0,0.0,0,
1004,Isaiah Ekejiuba,25,OAK,LB,12,0,0,0,0,0,0.0,0,0,0,0,0,0.0,5.0,5.0,0.0,1.0,0.0,0,
1005,Malcom Floyd,25,SDG,WR,12,0,0,0,0,0,0.0,0,0,0,0,0,0.0,1.0,1.0,0.0,0.0,0.0,0,
1006,DeJuan Groce,26,NOR,DB,12,0,0,0,0,0,0.0,1,0,0,0,0,0.0,17.0,16.0,1.0,2.0,0.0,0,
1007,Brian Iwuh,22,JAX,LB,12,0,0,0,0,0,0.0,0,0,0,0,0,0.0,13.0,10.0,3.0,0.0,0.0,0,
1008,Julian Jenkins,23,TAM,DE,12,0,0,0,0,0,0.0,0,0,0,0,0,0.0,9.0,6.0,3.0,1.0,0.0,0,
1009,Ross Kolodziej,28,MIN,DT,12,0,0,0,0,0,0.0,0,0,0,0,0,0.0,5.0,5.0,0.0,1.0,0.0,0,
1010,Ryan LaCasse,23,IND,LB,12,0,0,0,0,0,0.0,0,0,0,0,0,0.0,10.0,6.0,4.0,0.0,0.0,0,
1011,Mike Logan,32,PIT,DB,12,0,0,0,0,0,0.0,0,0,0,0,0,0.0,14.0,12.0,2.0,0.0,2.0,0,
1012,Jereme Perry,25,CLE,DB,12,0,0,0,0,0,5.0,0,0,1,1,0,0.0,18.0,16.0,2.0,0.0,0.0,0,
1013,Courtney Roby,23,TEN,WR,12,0,0,0,0,0,0.0,0,0,0,0,0,0.0,4.0,3.0,1.0,0.0,0.0,0,
1014,Josh Scobey,27,SEA,RB,12,0,0,0,0,0,0.0,0,0,0,0,0,0.0,12.0,11.0,1.0,0.0,0.0,0,
1015,Jason Short,28,PHI,LB,12,0,0,0,0,0,0.0,0,0,0,0,0,0.0,4.0,4.0,0.0,0.0,0.0,0,
1016,Musa Smith,24,BAL,RB,12,0,0,0,0,0,0.0,0,1,2,0,0,0.0,4.0,4.0,0.0,0.0,0.0,0,
1017,Nick Sorensen,28,JAX,DB,12,0,0,0,0,0,0.0,0,0,0,0,0,0.0,7.0,6.0,1.0,0.0,0.0,0,
1018,Cody Spencer,25,NYJ,LB,12,0,0,0,0,0,0.0,0,0,0,0,0,0.0,13.0,10.0,3.0,0.0,0.0,0,
1019,Rian Wallace,24,PIT,LB,12,0,1,30,1,30,1.0,0,0,0,0,0,0.0,10.0,6.0,4.0,0.0,0.0,0,
1020,Marcellus Wiley,32,JAX,DE,12,0,0,0,0,0,3.0,0,0,0,0,0,0.0,13.0,8.0,5.0,4.0,1.0,0,
1021,Kendrick Clancy,28,ARI,LDT,11,11,0,0,0,0,0.0,1,0,0,0,0,1.0,29.0,25.0,4.0,2.0,0.0,0,
1022,Joey Harrington,28,MIA,QB,11,11,0,0,0,0,0.0,0,4,2,-3,0,0.0,0.0,0.0,0.0,0.0,0.0,0,
1023,Marcus Stroud,28,JAX,LDT,11,11,0,0,0,0,1.0,0,0,0,0,0,2.5,21.0,19.0,2.0,3.0,5.0,0,
1024,Pisa Tinoisamoa,25,STL,RLB,11,11,0,0,0,0,1.0,0,0,1,0,0,2.0,36.0,29.0,7.0,5.0,4.0,0,
1025,Osi Umenyiora,25,NYG,RDE,11,11,0,0,0,0,2.0,1,0,0,0,0,6.0,31.0,24.0,7.0,8.0,7.0,0,
1026,Demarcus Faggins,27,HOU,RCB,11,10,2,0,0,0,10.0,1,0,2,58,1,1.0,30.0,27.0,3.0,2.0,1.0,0,
1027,David Garrard,28,JAX,QB,11,10,0,0,0,0,0.0,0,4,1,-16,0,0.0,0.0,0.0,0.0,0.0,0.0,0,
1028,Albert Haynesworth,25,TEN,RDT,11,10,0,0,0,0,2.0,0,0,0,0,0,2.0,30.0,23.0,7.0,3.0,5.0,0,
1029,Junior Seau,37,NWE,LILB,11,10,0,0,0,0,1.0,0,0,0,0,0,1.0,69.0,39.0,30.0,5.0,4.0,0,
1030,Brian Simmons,31,CIN,MLB,11,8,2,5,0,5,5.0,1,0,1,0,0,0.0,61.0,34.0,27.0,1.0,3.0,0,
1031,Chris Harris,24,CHI,SS,11,7,2,19,0,16,5.0,0,0,0,0,0,0.0,53.0,44.0,9.0,2.0,0.0,0,
1032,Jameel Cook,27,HOU,FB,11,6,0,0,0,0,0.0,0,2,0,0,0,0.0,5.0,4.0,1.0,0.0,0.0,0,
1033,Ron Dayne,28,HOU,RB,11,6,0,0,0,0,0.0,0,1,0,0,0,0.0,,,,,,0,
1034,Ryan O'Callaghan,23,NWE,RT,11,6,0,0,0,0,,0,0,1,0,0,0.0,0.0,0.0,0.0,0.0,0.0,0,
1035,Jerramy Stevens,27,SEA,TE,11,6,0,0,0,0,0.0,0,1,0,0,0,0.0,0.0,0.0,0.0,0.0,0.0,0,
1036,Ahmad Brooks,22,CIN,MLB,11,5,0,0,0,0,2.0,0,0,0,0,0,1.0,31.0,21.0,10.0,2.0,2.0,0,
1037,Vonta Leach,25,HOU,RB,11,4,0,0,0,0,0.0,0,0,0,0,0,0.0,2.0,2.0,0.0,0.0,0.0,0,
1038,Jay Bellamy,34,NOR,DB,11,3,0,0,0,0,1.0,0,0,0,0,0,0.0,16.0,12.0,4.0,1.0,0.0,0,
1039,Thomas Johnson,25,HOU,DT,11,3,0,0,0,0,0.0,0,0,0,0,0,0.0,21.0,16.0,5.0,1.0,4.0,0,
1040,Casey Fitzsimmons,26,DET,TE,11,2,0,0,0,0,0.0,0,0,0,0,0,0.0,6.0,6.0,0.0,0.0,0.0,0,
1041,Bethel Johnson,27,MIN,WR,11,2,0,0,0,0,0.0,0,1,0,0,0,0.0,,,,,,0,
1042,Alex Lewis,25,DET,LB,11,2,0,0,0,0,2.0,1,0,0,0,0,0.0,48.0,37.0,11.0,1.0,2.0,0,
1043,Antwan Peek,27,HOU,LB,11,2,0,0,0,0,1.0,2,0,0,0,0,1.0,18.0,14.0,4.0,1.0,2.0,0,
1044,Justin Bannan,27,BAL,DT,11,1,0,0,0,0,0.0,1,0,0,0,0,0.0,15.0,13.0,2.0,0.0,1.0,0,
1045,James Harrison,28,PIT,LB,11,1,0,0,0,0,0.0,0,0,0,0,0,0.0,20.0,14.0,6.0,1.0,2.0,0,
1046,Lance Johnstone,33,OAK,DE,11,1,0,0,0,0,0.0,0,0,0,0,0,2.0,16.0,12.0,4.0,2.0,4.0,0,
1047,Ethan Kelley,26,CLE,DT,11,1,0,0,0,0,0.0,0,0,0,0,0,0.0,17.0,13.0,4.0,1.0,1.0,0,
1048,Cecil Sapp,28,DEN,RB,11,1,0,0,0,0,0.0,0,0,1,0,0,0.0,6.0,4.0,2.0,0.0,0.0,0,
1049,Frank Walker,26,NYG,DB,11,1,0,0,0,0,0.0,0,0,0,0,0,0.0,13.0,10.0,3.0,1.0,0.0,0,
1050,Dee Webb,22,JAX,DB,11,1,1,1,0,1,2.0,0,1,0,0,0,0.0,17.0,15.0,2.0,0.0,0.0,0,
1051,Hamza Abdullah,23,DEN,DB,11,0,0,0,0,0,0.0,1,0,0,0,0,0.0,12.0,9.0,3.0,0.0,0.0,0,
1052,Mike Bartrum,36,PHI,LS,11,0,0,0,0,0,0.0,0,1,0,-11,0,0.0,4.0,2.0,2.0,0.0,0.0,0,
1053,Michael Bennett,28,KAN,RB,11,0,0,0,0,0,0.0,0,1,1,0,0,0.0,0.0,0.0,0.0,0.0,0.0,0,
1054,Andre Frazier,24,CIN,LB,11,0,0,0,0,0,1.0,0,0,0,0,0,0.0,13.0,8.0,5.0,0.0,1.0,0,
1055,Nick Goings,28,CAR,RB,11,0,0,0,0,0,0.0,0,0,0,0,0,0.0,10.0,10.0,0.0,0.0,0.0,0,
1056,Glenn Holt,22,CIN,WR,11,0,0,0,0,0,0.0,0,0,0,0,0,0.0,2.0,1.0,1.0,0.0,0.0,0,
1057,Nate Jackson,27,DEN,WR,11,0,0,0,0,0,0.0,0,0,0,0,0,0.0,4.0,3.0,1.0,0.0,0.0,0,
1058,Tim Jennings,23,IND,DB,11,0,0,0,0,0,0.0,0,0,0,0,0,0.0,7.0,7.0,0.0,0.0,0.0,0,
1059,Eric King,24,TEN,DB,11,0,0,0,0,0,0.0,0,0,0,0,0,0.0,4.0,3.0,1.0,0.0,0.0,0,
1060,Tony McDaniel,21,JAX,DT,11,0,0,0,0,0,2.0,0,0,0,0,0,1.0,16.0,11.0,5.0,0.0,2.0,0,
1061,Mike Montgomery,23,GNB,DT,11,0,0,0,0,0,1.0,0,0,0,0,0,1.5,18.0,10.0,8.0,0.0,5.0,0,
1062,Derrick Pope,24,MIA,LB,11,0,0,0,0,0,0.0,0,0,0,0,0,0.0,12.0,9.0,3.0,0.0,0.0,0,
1063,Sam Rayburn,26,PHI,DT,11,0,0,0,0,0,0.0,0,0,0,0,0,0.0,12.0,10.0,2.0,1.0,0.0,0,
1064,Benny Sapp,25,KAN,DB,11,0,0,0,0,0,0.0,0,0,0,0,0,0.0,17.0,16.0,1.0,2.0,0.0,0,
1065,A.J. Schable,22,ARI,DE,11,0,0,0,0,0,0.0,0,0,1,0,0,0.0,10.0,8.0,2.0,0.0,1.0,0,
1066,Craig Terrill,26,SEA,DT,11,0,0,0,0,0,0.0,0,0,1,5,0,3.0,18.0,12.0,6.0,4.0,4.0,0,
1067,Adam Treu,32,OAK,LS,11,0,0,0,0,0,0.0,0,0,0,0,0,0.0,1.0,1.0,0.0,0.0,0.0,0,
1068,Stephen Williams,25,KAN,DT,11,0,0,0,0,0,0.0,0,0,1,3,0,0.0,4.0,4.0,0.0,0.0,0.0,0,
1069,Cory Withrow,31,SDG,C,11,0,0,0,0,0,0.0,0,1,0,0,0,0.0,,,,,,0,
1070,Shaun Alexander,29,SEA,RB,10,10,0,0,0,0,0.0,0,6,2,0,0,0.0,0.0,0.0,0.0,0.0,0.0,0,
1071,Bertrand Berry,31,ARI,RDE,10,10,0,0,0,0,2.0,3,0,1,0,0,6.0,23.0,20.0,3.0,8.0,7.0,0,
1072,Fernando Bryant,29,DET,LCB,10,10,0,0,0,0,6.0,0,0,1,0,0,0.0,45.0,36.0,9.0,3.0,0.0,0,
1073,Donovin Darius,31,JAX,SS,10,10,0,0,0,0,3.0,0,0,0,0,0,0.0,48.0,39.0,9.0,1.0,0.0,0,
1074,Nick Ferguson,32,DEN,SS,10,10,1,0,0,0,4.0,1,0,0,0,0,0.0,36.0,28.0,8.0,0.0,0.0,0,
1075,Rodney Harrison,34,NWE,SS,10,10,1,2,0,2,3.0,1,0,1,0,0,1.0,50.0,35.0,15.0,0.0,3.0,0,
1076,Marcus Johnson,22,MIN,RT,10,10,0,0,0,0,0.0,0,0,1,0,0,0.0,0.0,0.0,0.0,0.0,0.0,0,
1077,Donovan McNabb,30,PHI,QB,10,10,0,0,0,0,0.0,0,3,1,-3,0,0.0,0.0,0.0,0.0,0.0,0.0,0,
1078,Mark Brunell,36,WAS,QB,10,9,0,0,0,0,0.0,0,5,1,-8,0,0.0,0.0,0.0,0.0,0.0,0.0,0,
1079,Luis Castillo,23,SDG,LDE,10,9,1,1,0,1,1.0,0,0,1,0,0,7.0,37.0,28.0,9.0,7.0,7.0,0,
1080,Kenoy Kennedy,29,DET,SS,10,9,2,17,0,17,2.0,1,0,1,0,0,1.0,66.0,46.0,20.0,3.0,0.0,0,
1081,Ben Troupe,24,TEN,TE,10,9,0,0,0,0,0.0,0,0,2,0,0,0.0,1.0,1.0,0.0,0.0,0.0,0,
1082,Vernon Davis,22,SFO,TE,10,8,0,0,0,0,0.0,0,1,1,0,0,0.0,0.0,0.0,0.0,0.0,0.0,0,
1083,Damon Huard,33,KAN,QB,10,8,0,0,0,0,0.0,0,9,1,-22,0,0.0,0.0,0.0,0.0,0.0,0.0,0,
1084,Roderick Hood,25,PHI,CB,10,5,0,0,0,0,3.0,0,0,1,0,0,1.0,21.0,17.0,4.0,1.0,1.0,0,
1085,Tony Parrish,31,2TM,DB,10,5,0,0,0,0,0.0,0,0,0,0,0,0.0,22.0,18.0,4.0,0.0,0.0,0,
1085,Tony Parrish,31,SFO,SS,9,5,0,0,0,0,0.0,0,0,0,0,0,0.0,21.0,17.0,4.0,0.0,0.0,0,
1085,Tony Parrish,31,DAL,DB,1,0,0,0,0,0,0.0,0,0,0,0,0,0.0,1.0,1.0,0.0,0.0,0.0,0,
1086,Terry Cousin,31,JAX,DB,10,4,1,16,0,16,5.0,0,0,0,0,0,0.0,35.0,28.0,7.0,0.0,1.0,0,
1087,Billy Miller,29,NOR,TE,10,3,0,0,0,0,0.0,0,1,0,0,0,0.0,,,,,,0,
1088,Marcus Robinson,31,MIN,WR,10,3,0,0,0,0,0.0,0,2,0,0,0,0.0,,,,,,0,
1089,Paul Smith,28,STL,RB,10,3,0,0,0,0,0.0,0,0,0,0,0,0.0,5.0,5.0,0.0,0.0,0.0,0,
1090,Johnnie Morant,25,OAK,WR,10,2,0,0,0,0,0.0,0,2,0,0,0,0.0,,,,,,0,
1091,Wesley Britt,25,NWE,T,10,1,0,0,0,0,0.0,0,0,0,0,0,0.0,1.0,0.0,1.0,0.0,0.0,0,
1092,Jerome Harrison,23,CLE,RB,10,1,0,0,0,0,0.0,0,1,0,0,0,0.0,,,,,,0,
1093,Jesse Mahelona,23,TEN,DT,10,1,0,0,0,0,0.0,0,0,0,0,0,1.0,20.0,16.0,4.0,1.0,2.0,0,
1094,Dexter Reid,25,IND,DB,10,1,0,0,0,0,2.0,0,0,0,0,0,0.0,11.0,11.0,0.0,0.0,0.0,0,
1095,T.J. Slaughter,29,SFO,LB,10,1,0,0,0,0,0.0,0,0,0,0,0,0.0,16.0,11.0,5.0,1.0,2.0,0,
1096,Andre Woolfolk,26,TEN,DB,10,1,0,0,0,0,0.0,0,0,0,0,0,0.0,9.0,6.0,3.0,1.0,0.0,0,
1097,Adrian Awasom,23,NYG,DE,10,0,0,0,0,0,0.0,0,0,0,0,0,1.0,12.0,10.0,2.0,1.0,1.0,0,
1098,Dave Ball,25,NYJ,DE,10,0,0,0,0,0,2.0,0,0,0,0,0,0.0,6.0,5.0,1.0,0.0,2.0,0,
1099,Mark Bradley,24,CHI,WR,10,0,0,0,0,0,0.0,0,0,0,0,0,0.0,2.0,1.0,1.0,0.0,0.0,0,
1100,Rod Davis,25,2TM,LB,10,0,0,0,0,0,0.0,0,0,1,0,0,0.0,13.0,10.0,3.0,0.0,0.0,0,
1100,Rod Davis,25,CAR,LB,1,0,0,0,0,0,0.0,0,0,0,0,0,0.0,1.0,1.0,0.0,0.0,0.0,0,
1100,Rod Davis,25,MIN,LB,9,0,0,0,0,0,0.0,0,0,1,0,0,0.0,12.0,9.0,3.0,0.0,0.0,0,
1101,Reed Doughty,24,WAS,DB,10,0,0,0,0,0,0.0,0,0,0,0,0,0.0,14.0,11.0,3.0,0.0,0.0,0,
1102,T.J. Duckett,25,WAS,RB,10,0,0,0,0,0,0.0,0,1,0,0,0,0.0,,,,,,0,
1103,Justin Hamilton,24,CLE,RB,10,0,0,0,0,0,0.0,0,0,0,0,0,0.0,15.0,13.0,2.0,1.0,0.0,0,
1104,Will Hunter,27,MIN,DB,10,0,0,0,0,0,0.0,0,0,0,0,0,0.0,7.0,6.0,1.0,0.0,0.0,0,
1105,Dan Klecko,25,IND,DT,10,0,0,0,0,0,0.0,0,0,0,0,0,0.0,11.0,9.0,2.0,0.0,0.0,0,
1106,Michael Lewis,35,NOR,WR,10,0,0,0,0,0,0.0,0,3,1,0,0,0.0,6.0,5.0,1.0,0.0,0.0,0,
1107,David McMillan,25,CLE,DE,10,0,0,0,0,0,0.0,0,0,0,0,0,0.0,4.0,2.0,2.0,0.0,0.0,0,
1108,Keith O'Neil,26,IND,LB,10,0,0,0,0,0,0.0,0,0,0,0,0,0.0,15.0,14.0,1.0,0.0,0.0,0,
1109,DaShon Polk,29,HOU,LB,10,0,0,0,0,0,0.0,0,0,0,0,0,0.0,13.0,8.0,5.0,0.0,1.0,0,
1110,Ben Taylor,28,GNB,LB,10,0,0,0,0,0,0.0,0,0,0,0,0,0.0,12.0,11.0,1.0,0.0,0.0,0,
1111,Jeff Webb,24,KAN,WR,10,0,0,0,0,0,0.0,0,0,0,0,0,0.0,6.0,5.0,1.0,0.0,0.0,0,
1112,Marquis Weeks,26,SEA,RB,10,0,0,0,0,0,0.0,0,0,0,0,0,0.0,9.0,7.0,2.0,0.0,0.0,0,
1113,Dan Wilkinson,33,MIA,DT,10,0,0,0,0,0,3.0,1,0,0,0,0,0.0,14.0,10.0,4.0,0.0,0.0,0,
1114,Kailee Wong,30,HOU,LB,10,0,0,0,0,0,0.0,0,0,0,0,0,0.0,12.0,9.0,3.0,0.0,0.0,0,
1115,Leigh Bodden,25,CLE,LCB,9,9,2,48,0,35,13.0,1,0,0,0,0,0.0,31.0,27.0,4.0,0.0,1.0,0,
1116,Greg Ellis,31,DAL,LOLB,9,9,1,-1,0,-1,3.0,3,0,0,0,0,4.5,31.0,24.0,7.0,3.0,7.0,0,
1117,Travis Fisher,27,STL,LCB,9,9,0,0,0,0,1.0,0,0,0,0,0,0.0,30.0,29.0,1.0,0.0,1.0,0,
1118,Patrick Kerney,30,ATL,RDE,9,9,0,0,0,0,2.0,2,0,0,0,0,4.5,21.0,18.0,3.0,3.0,6.0,0,
1119,Luke Petitgout,30,NYG,LT,9,9,0,0,0,0,0.0,0,0,1,0,0,0.0,0.0,0.0,0.0,0.0,0.0,0,
1120,Orpheus Roye,33,CLE,LDE,9,9,0,0,0,0,1.0,0,0,0,0,0,1.0,32.0,26.0,6.0,2.0,4.0,0,
1121,Brandon Short,29,NYG,RLB,9,9,0,0,0,0,2.0,2,0,0,0,0,2.0,45.0,38.0,7.0,4.0,1.0,0,
1122,Michael Strahan,35,NYG,LDE,9,9,0,0,0,0,3.0,0,0,0,0,0,3.0,38.0,28.0,10.0,5.0,8.0,0,
1123,Zach Wiegert,34,HOU,RT,9,9,0,0,0,0,0.0,0,0,1,0,0,0.0,0.0,0.0,0.0,0.0,0.0,0,
1124,Travis Johnson,24,HOU,LDT,9,8,0,0,0,0,1.0,0,0,0,0,0,0.0,14.0,11.0,3.0,2.0,0.0,0,
1125,LaMont Jordan,28,OAK,RB,9,8,0,0,0,0,0.0,0,1,0,0,0,0.0,,,,,,0,
1126,Shawn Springs,31,WAS,LCB,9,8,1,4,0,4,9.0,1,0,0,0,0,0.0,38.0,35.0,3.0,2.0,0.0,0,
1127,Lewis Sanders,28,HOU,RCB,9,7,0,0,0,0,6.0,0,0,0,0,0,0.0,43.0,35.0,8.0,0.0,0.0,0,
1128,Troy Vincent,36,2TM,DB,9,4,0,0,0,0,0.0,0,0,0,0,0,0.0,22.0,14.0,8.0,0.0,1.0,0,
1128,Troy Vincent,36,BUF,DB,1,1,0,0,0,0,0.0,0,0,0,0,0,0.0,1.0,1.0,0.0,0.0,0.0,0,
1128,Troy Vincent,36,WAS,DB,8,3,0,0,0,0,0.0,0,0,0,0,0,0.0,21.0,13.0,8.0,0.0,1.0,0,
1129,Corey Bradford,31,DET,WR,9,2,0,0,0,0,0.0,0,1,0,0,0,0.0,1.0,1.0,0.0,0.0,0.0,0,
1130,Tim Dwight,31,NYJ,WR,9,2,0,0,0,0,0.0,0,1,1,0,0,0.0,0.0,0.0,0.0,0.0,0.0,0,
1131,Devale Ellis,22,DET,WR,9,2,0,0,0,0,0.0,0,1,0,0,0,0.0,1.0,1.0,0.0,0.0,0.0,0,
1132,David Anderson,23,HOU,WR,9,0,0,0,0,0,0.0,0,0,0,0,0,0.0,2.0,2.0,0.0,0.0,0.0,0,
1133,Miles Austin,22,DAL,WR,9,0,0,0,0,0,0.0,0,3,1,0,0,0.0,5.0,5.0,0.0,0.0,0.0,0,
1134,Dwaine Carpenter,30,STL,DB,9,0,0,0,0,0,0.0,0,0,1,0,0,0.0,4.0,4.0,0.0,0.0,0.0,0,
1135,Jason Glenn,27,MIN,LB,9,0,0,0,0,0,0.0,0,0,1,0,0,0.0,8.0,6.0,2.0,0.0,0.0,0,
1136,Roderick Green,24,SFO,LB,9,0,0,0,0,0,0.0,0,0,0,0,0,4.5,12.0,8.0,4.0,4.0,7.0,0,
1137,Tyjuan Hagler,25,IND,LB,9,0,0,0,0,0,0.0,0,0,0,0,0,0.0,7.0,3.0,4.0,0.0,0.0,0,
1138,Dennis Haley,24,BAL,LB,9,0,0,0,0,0,2.0,0,0,0,0,0,0.0,13.0,6.0,7.0,1.0,1.0,0,
1139,Jovan Haye,24,TAM,DT,9,0,0,0,0,0,0.0,0,0,0,0,0,0.0,17.0,11.0,6.0,0.0,2.0,0,
1140,Leon Joe,25,CHI,LB,9,0,0,0,0,0,0.0,0,0,0,0,0,0.0,10.0,6.0,4.0,0.0,0.0,0,
1141,John Kuhn,24,PIT,FB,9,0,0,0,0,0,0.0,0,0,0,0,0,0.0,4.0,3.0,1.0,0.0,0.0,0,
1142,Ryan Neufeld,31,BUF,TE,9,0,0,0,0,0,0.0,0,0,0,0,0,0.0,2.0,1.0,1.0,0.0,0.0,0,
1143,Rich Scanlon,26,KAN,LB,9,0,0,0,0,0,0.0,0,0,0,0,0,0.0,9.0,7.0,2.0,0.0,0.0,0,
1144,Bryan Scott,25,NOR,DB,9,0,0,0,0,0,0.0,1,0,0,0,0,0.0,16.0,13.0,3.0,2.0,0.0,0,
1145,Jonas Seawright,24,NYG,DT,9,0,0,0,0,0,0.0,0,0,0,0,0,0.0,1.0,1.0,0.0,0.0,0.0,0,
1146,Eric Shelton,23,CAR,RB,9,0,0,0,0,0,0.0,0,0,0,0,0,0.0,1.0,1.0,0.0,0.0,0.0,0,
1147,Robert Tate,33,ARI,DB,9,0,0,0,0,0,0.0,0,0,0,0,0,0.0,8.0,8.0,0.0,0.0,0.0,0,
1148,Aaron Brooks,30,OAK,QB,8,8,0,0,0,0,0.0,0,5,2,-9,0,0.0,0.0,0.0,0.0,0.0,0.0,0,
1149,Trent Green,36,KAN,QB,8,8,0,0,0,0,0.0,0,5,0,-8,0,0.0,0.0,0.0,0.0,0.0,0.0,0,
1150,Orlando Pace,31,STL,LT,8,8,0,0,0,0,,0,0,1,0,0,0.0,0.0,0.0,0.0,0.0,0.0,0,
1151,Simeon Rice,32,TAM,RDE,8,8,0,0,0,0,1.0,4,0,0,0,0,2.0,20.0,16.0,4.0,4.0,5.0,0,
1152,Robbie Tobeck,36,SEA,C,8,8,0,0,0,0,0.0,0,0,0,0,0,0.0,1.0,1.0,0.0,0.0,0.0,0,
1153,John Abraham,28,ATL,RDE,8,7,0,0,0,0,1.0,4,0,0,0,0,4.0,24.0,21.0,3.0,3.0,5.0,0,
1154,Clinton Portis,25,WAS,RB,8,7,0,0,0,0,0.0,0,0,2,0,0,0.0,,,,,,0,
1155,Jason Webster,29,ATL,RCB,8,7,2,-2,0,3,5.0,1,0,0,0,0,0.0,50.0,40.0,10.0,0.0,0.0,0,
1156,Jeff Garcia,36,PHI,QB,8,6,0,0,0,0,0.0,0,6,2,-7,0,0.0,0.0,0.0,0.0,0.0,0.0,0,AP CPoY-5
1157,Ed Hartwell,28,ATL,MLB,8,6,0,0,0,0,0.0,1,0,0,0,0,1.0,40.0,30.0,10.0,0.0,1.0,0,
1158,Seneca Wallace,26,SEA,QB,8,4,0,0,0,0,0.0,0,5,1,-2,0,0.0,0.0,0.0,0.0,0.0,0.0,0,
1159,Jason Avant,23,PHI,WR,8,3,0,0,0,0,0.0,0,1,0,0,0,0.0,4.0,4.0,0.0,0.0,0.0,0,
1160,Monty Beisel,28,ARI,LB,8,2,1,11,0,11,1.0,0,0,0,0,0,0.0,20.0,18.0,2.0,1.0,0.0,0,
1161,Lional Dalton,31,HOU,DT,8,2,0,0,0,0,0.0,0,0,0,0,0,1.0,19.0,14.0,5.0,3.0,1.0,0,
1162,Derrick Strait,26,3TM,DB,8,2,0,0,0,0,0.0,0,0,0,0,0,0.0,15.0,13.0,2.0,0.0,0.0,0,
1162,Derrick Strait,26,NYJ,DB,5,2,0,0,0,0,0.0,0,0,0,0,0,0.0,11.0,10.0,1.0,0.0,0.0,0,
1162,Derrick Strait,26,CHI,DB,1,0,0,0,0,0,0.0,0,0,0,0,0,0.0,1.0,0.0,1.0,0.0,0.0,0,
1162,Derrick Strait,26,CAR,DB,2,0,0,0,0,0,0.0,0,0,0,0,0,0.0,3.0,3.0,0.0,0.0,0.0,0,
1163,Charlie Batch,32,PIT,QB,8,1,0,0,0,0,0.0,0,1,0,-3,0,0.0,,,,,,0,
1164,Samkon Gado,24,HOU,RB,8,1,0,0,0,0,0.0,0,1,0,0,0,0.0,,,,,,0,
1165,Charles Gordon,22,MIN,DB,8,1,0,0,0,0,0.0,0,1,2,0,0,0.0,14.0,13.0,1.0,1.0,0.0,0,
1166,Abdul Hodge,24,GNB,LB,8,1,0,0,0,0,2.0,0,0,1,29,1,0.0,10.0,8.0,2.0,0.0,0.0,0,
1167,Corey Smith,27,DET,DE,8,1,0,0,0,0,0.0,2,0,0,0,0,2.0,12.0,8.0,4.0,4.0,2.0,0,
1168,Mike Smith,25,BAL,LB,8,1,0,0,0,0,0.0,0,0,0,0,0,0.0,3.0,2.0,1.0,0.0,0.0,0,
1169,Sam Brandon,27,DEN,DB,8,0,0,0,0,0,1.0,1,0,0,0,0,0.0,14.0,11.0,3.0,0.0,0.0,0,
1170,Chad Brown,36,PIT,LB,8,0,0,0,0,0,0.0,0,0,0,0,0,1.0,8.0,4.0,4.0,2.0,2.0,0,
1171,Dwan Edwards,25,BAL,DT,8,0,0,0,0,0,1.0,0,0,0,0,0,0.0,7.0,7.0,0.0,1.0,0.0,0,
1172,Tony Fisher,27,STL,RB,8,0,0,0,0,0,0.0,0,0,0,0,0,0.0,4.0,4.0,0.0,0.0,0.0,0,
1173,Justin Gage,25,CHI,WR,8,0,0,0,0,0,0.0,0,1,0,0,0,0.0,0.0,0.0,0.0,0.0,0.0,0,
1174,Lance Laury,24,SEA,LB,8,0,0,0,0,0,0.0,0,0,0,0,0,0.0,11.0,8.0,3.0,0.0,0.0,0,
1175,Derrick Martin,21,BAL,DB,8,0,0,0,0,0,0.0,0,0,0,0,0,0.0,5.0,4.0,1.0,0.0,0.0,0,
1176,Kevin Mathis,32,ATL,DB,8,0,0,0,0,0,4.0,1,0,0,0,0,1.0,23.0,21.0,2.0,2.0,1.0,0,
1177,Jim Maxwell,25,MIA,LB,8,0,0,0,0,0,0.0,0,0,0,0,0,0.0,4.0,2.0,2.0,0.0,0.0,0,
1178,Corey Mays,23,NWE,LB,8,0,0,0,0,0,0.0,0,0,0,0,0,0.0,9.0,6.0,3.0,0.0,0.0,0,
1179,Ryan Moats,24,PHI,RB,8,0,0,0,0,0,0.0,0,0,1,0,0,0.0,5.0,4.0,1.0,0.0,0.0,0,
1180,Josh Parry,28,SEA,RB,8,0,0,0,0,0,0.0,0,0,0,0,0,0.0,6.0,5.0,1.0,0.0,0.0,0,
1181,Charlie Peprah,23,GNB,DB,8,0,0,0,0,0,0.0,0,0,0,0,0,0.0,3.0,2.0,1.0,0.0,0.0,0,
1182,Cleveland Pinkney,29,DET,DT,8,0,0,0,0,0,0.0,0,0,0,0,0,0.0,8.0,6.0,2.0,1.0,2.0,0,
1183,Dedrick Roper,25,PHI,LB,8,0,0,0,0,0,0.0,0,0,0,0,0,0.0,5.0,2.0,3.0,0.0,0.0,0,
1184,Nate Salley,22,CAR,DB,8,0,0,0,0,0,0.0,0,0,0,0,0,0.0,4.0,4.0,0.0,0.0,0.0,0,
1185,Antwain Spann,23,NWE,DB,8,0,0,0,0,0,0.0,0,0,0,0,0,0.0,7.0,3.0,4.0,0.0,0.0,0,
1186,Derrick Ward,26,NYG,RB,8,0,0,0,0,0,0.0,0,1,1,0,0,0.0,3.0,3.0,0.0,0.0,0.0,0,
1187,Pierre Woods,24,NWE,LB,8,0,0,0,0,0,0.0,0,0,0,0,0,0.0,13.0,12.0,1.0,0.0,0.0,0,
1188,Jason Campbell,24,WAS,QB,7,7,0,0,0,0,0.0,0,1,1,0,0,0.0,0.0,0.0,0.0,0.0,0.0,0,
1189,James Hall,29,DET,RDE,7,7,0,0,0,0,0.0,1,0,0,0,0,5.0,25.0,17.0,8.0,3.0,7.0,0,
1190,Kyle Turley,31,KAN,RT,7,7,0,0,0,0,0.0,0,0,1,0,0,0.0,0.0,0.0,0.0,0.0,0.0,0,
1191,Mark Setterstrom,22,STL,LG,7,6,0,0,0,0,0.0,0,0,0,0,0,0.0,1.0,0.0,1.0,0.0,0.0,0,
1192,Jon Bradley,25,TAM,DT,7,3,0,0,0,0,0.0,0,0,0,0,0,0.0,9.0,4.0,5.0,0.0,2.0,0,
1193,Brad Cieslak,24,BUF,TE,7,2,0,0,0,0,0.0,0,0,0,0,0,0.0,2.0,1.0,1.0,0.0,0.0,0,
1194,Arnold Harrison,24,PIT,LB,7,2,0,0,0,0,1.0,0,0,0,0,0,0.0,16.0,15.0,1.0,3.0,0.0,0,
1195,Christian Morton,25,CAR,DB,7,2,1,8,0,8,2.0,0,0,0,0,0,0.0,11.0,8.0,3.0,0.0,0.0,0,
1196,Lance Schulters,31,ATL,DB,7,1,0,0,0,0,0.0,0,0,0,0,0,0.0,9.0,8.0,1.0,0.0,0.0,0,
1197,Jamal Brooks,30,STL,LB,7,0,0,0,0,0,0.0,0,0,0,0,0,0.0,2.0,2.0,0.0,0.0,0.0,0,
1198,John Busing,23,CIN,DB,7,0,0,0,0,0,0.0,0,0,0,0,0,0.0,4.0,3.0,1.0,0.0,0.0,0,
1199,Jerametrius Butler,28,STL,DB,7,0,0,0,0,0,0.0,0,0,1,0,0,0.0,5.0,5.0,0.0,2.0,1.0,0,
1200,Brian Calhoun,22,DET,RB,7,0,0,0,0,0,0.0,0,1,1,0,0,0.0,1.0,1.0,0.0,0.0,0.0,0,
1201,Curtis DeLoatch,25,NOR,DB,7,0,0,0,0,0,0.0,0,0,0,0,0,0.0,9.0,8.0,1.0,0.0,0.0,0,
1202,Parys Haralson,22,SFO,LB,7,0,0,0,0,0,0.0,0,0,0,0,0,0.0,4.0,4.0,0.0,0.0,1.0,0,
1203,Kay-Jay Harris,27,STL,RB,7,0,0,0,0,0,0.0,0,0,0,0,0,0.0,5.0,4.0,1.0,0.0,0.0,0,
1204,Michael Hawkins,23,CLE,DB,7,0,0,0,0,0,0.0,0,0,0,0,0,0.0,1.0,1.0,0.0,0.0,0.0,0,
1205,Verron Haynes,27,PIT,RB,7,0,0,0,0,0,0.0,0,1,0,0,0,0.0,3.0,2.0,1.0,0.0,0.0,0,
1206,Tory Humphrey,23,GNB,TE,7,0,0,0,0,0,0.0,0,0,0,0,0,0.0,4.0,4.0,0.0,0.0,0.0,0,
1207,Brandon Jamison,25,2TM,LB,7,0,0,0,0,0,0.0,0,0,0,0,0,0.0,3.0,2.0,1.0,0.0,0.0,0,
1207,Brandon Jamison,25,ATL,LB,3,0,0,0,0,0,0.0,0,0,0,0,0,0.0,1.0,1.0,0.0,0.0,0.0,0,
1207,Brandon Jamison,25,CAR,LB,4,0,0,0,0,0,0.0,0,0,0,0,0,0.0,2.0,1.0,1.0,0.0,0.0,0,
1208,Darrell McClover,25,CHI,LB,7,0,0,0,0,0,0.0,0,0,0,0,0,0.0,8.0,7.0,1.0,0.0,0.0,0,
1209,Eric Moore,25,2TM,DE,7,0,0,0,0,0,0.0,0,0,0,0,0,0.0,7.0,6.0,1.0,1.0,0.0,0,
1209,Eric Moore,25,NOR,DE,4,0,0,0,0,0,0.0,0,0,0,0,0,0.0,5.0,4.0,1.0,1.0,0.0,0,
1209,Eric Moore,25,STL,DE,3,0,0,0,0,0,0.0,0,0,0,0,0,0.0,2.0,2.0,0.0,0.0,0.0,0,
1210,Kenneth Pettway,24,JAX,DE,7,0,0,0,0,0,0.0,0,0,0,0,0,2.0,5.0,5.0,0.0,1.0,2.0,0,
1211,Derrick Ross,23,KAN,RB,7,0,0,0,0,0,0.0,0,1,0,0,0,0.0,7.0,7.0,0.0,0.0,0.0,0,
1212,Mike Rumph,27,WAS,DB,7,0,0,0,0,0,4.0,0,0,0,0,0,0.0,11.0,9.0,2.0,0.0,0.0,0,
1213,Edell Shepherd,26,HOU,WR,7,0,0,0,0,0,0.0,0,2,0,0,0,0.0,,,,,,0,
1214,Tyson Thompson,25,DAL,RB,7,0,0,0,0,0,0.0,0,0,0,0,0,0.0,2.0,0.0,2.0,0.0,0.0,0,
1215,Drew Bledsoe,34,DAL,QB,6,6,0,0,0,0,0.0,0,3,1,0,0,0.0,,,,,,0,
1216,Mike Brown,28,CHI,SS,6,6,0,0,0,0,1.0,1,0,1,3,1,0.0,24.0,19.0,5.0,1.0,0.0,0,
1217,Byron Leftwich,26,JAX,QB,6,6,0,0,0,0,0.0,0,2,1,-5,0,0.0,0.0,0.0,0.0,0.0,0.0,0,
1218,Tutan Reyes,29,BUF,LG,6,6,0,0,0,0,0.0,0,0,1,0,0,0.0,0.0,0.0,0.0,0.0,0.0,0,
1219,Shaun Rogers,27,DET,RDT,6,6,0,0,0,0,0.0,0,0,1,0,0,3.0,20.0,19.0,1.0,7.0,6.0,0,
1220,Kevin Sampson,25,KAN,RT,6,6,0,0,0,0,0.0,0,0,1,0,0,0.0,0.0,0.0,0.0,0.0,0.0,0,
1221,LaVar Arrington,28,NYG,LLB,6,5,0,0,0,0,3.0,0,0,0,0,0,1.0,16.0,14.0,2.0,1.0,1.0,1,
1222,Shaun Cody,23,DET,LDT,6,5,0,0,0,0,0.0,0,0,0,0,0,0.0,11.0,7.0,4.0,1.0,0.0,0,
1223,Kurt Warner,35,ARI,QB,6,5,0,0,0,0,0.0,0,10,3,-12,0,0.0,0.0,0.0,0.0,0.0,0.0,0,
1224,Mike Doss,25,IND,DB,6,4,2,47,0,31,5.0,0,0,0,0,0,0.0,37.0,31.0,6.0,2.0,1.0,0,
1225,Aveion Cason,27,DET,RB,6,2,0,0,0,0,0.0,0,0,0,0,0,0.0,1.0,1.0,0.0,0.0,0.0,0,
1226,Sean Conover,22,TEN,DE,6,2,0,0,0,0,1.0,0,0,0,0,0,0.0,9.0,5.0,4.0,1.0,0.0,0,
1227,Hannibal Navies,29,SFO,LB,6,2,0,0,0,0,0.0,0,0,0,0,0,0.0,18.0,12.0,6.0,0.0,0.0,0,
1228,Chris Perry,25,CIN,RB,6,1,0,0,0,0,0.0,0,2,1,0,0,0.0,0.0,0.0,0.0,0.0,0.0,0,
1229,Zac Alcorn,23,GNB,TE,6,0,0,0,0,0,0.0,0,0,0,0,0,0.0,3.0,1.0,2.0,0.0,0.0,0,
1230,Shaun Bodiford,24,2TM,WR,6,0,0,0,0,0,0.0,0,0,0,0,0,0.0,3.0,3.0,0.0,0.0,0.0,0,
1230,Shaun Bodiford,24,DET,WR,3,0,0,0,0,0,0.0,0,0,0,0,0,0.0,1.0,1.0,0.0,0.0,0.0,0,
1230,Shaun Bodiford,24,GNB,WR,3,0,0,0,0,0,0.0,0,0,0,0,0,0.0,2.0,2.0,0.0,0.0,0.0,0,
1231,Matt Cassel,24,NWE,QB,6,0,0,0,0,0,0.0,0,1,0,0,0,0.0,,,,,,0,
1232,Brian Clark,23,DEN,WR,6,0,0,0,0,0,0.0,0,2,0,0,0,0.0,,,,,,0,
1233,Torrance Daniels,25,PHI,LB,6,0,0,0,0,0,0.0,0,0,0,0,0,0.0,5.0,5.0,0.0,0.0,0.0,0,
1234,Damane Duckett,25,SFO,DT,6,0,0,0,0,0,1.0,0,0,0,0,0,0.0,3.0,2.0,1.0,0.0,0.0,0,
1235,Alfred Fincher,23,NOR,LB,6,0,0,0,0,0,0.0,0,0,0,0,0,0.0,9.0,6.0,3.0,0.0,0.0,0,
1236,Jamaal Fudge,23,JAX,DB,6,0,0,0,0,0,0.0,0,0,0,0,0,0.0,4.0,4.0,0.0,0.0,0.0,0,
1237,Brian Griese,31,CHI,QB,6,0,0,0,0,0,0.0,0,1,0,0,0,0.0,,,,,,0,
1238,Quentin Harris,29,DEN,DB,6,0,0,0,0,0,0.0,0,0,0,0,0,0.0,4.0,3.0,1.0,0.0,0.0,0,
1239,Brent Hawkins,23,JAX,DE,6,0,0,0,0,0,0.0,0,0,0,0,0,2.0,9.0,7.0,2.0,2.0,4.0,0,
1240,Reggie Howard,29,CAR,DB,6,0,0,0,0,0,0.0,0,0,0,0,0,0.0,5.0,4.0,1.0,0.0,0.0,0,
1241,Kevin Huntley,24,OAK,DT,6,0,0,0,0,0,0.0,0,0,1,0,0,2.5,10.0,6.0,4.0,2.0,3.0,0,
1242,Johnny Jolly,23,GNB,DT,6,0,0,0,0,0,1.0,0,0,0,0,0,0.0,4.0,4.0,0.0,0.0,0.0,0,
1243,Brandon McKinney,23,SDG,DT,6,0,0,0,0,0,1.0,0,0,0,0,0,0.0,2.0,2.0,0.0,0.0,0.0,0,
1244,Nick Novak,25,WAS,K,6,0,0,0,0,0,0.0,0,0,0,0,0,0.0,1.0,1.0,0.0,0.0,0.0,0,
1245,Willie Ponder,26,STL,WR,6,0,0,0,0,0,0.0,0,1,1,0,0,0.0,1.0,1.0,0.0,0.0,0.0,0,
1246,LaJuan Ramsey,22,PHI,DT,6,0,1,-12,0,-12,1.0,0,0,0,0,0,0.0,5.0,5.0,0.0,0.0,1.0,0,
1247,J.R. Reed,24,STL,DB,6,0,0,0,0,0,0.0,0,0,0,0,0,0.0,5.0,4.0,1.0,0.0,0.0,0,
1248,T.J. Rushing,23,IND,DB,6,0,0,0,0,0,0.0,0,0,0,0,0,0.0,2.0,2.0,0.0,0.0,0.0,0,
1249,Guss Scott,25,2TM,DB,6,0,0,0,0,0,0.0,0,0,0,0,0,0.0,19.0,13.0,6.0,2.0,0.0,0,
1249,Guss Scott,25,HOU,DB,5,0,0,0,0,0,0.0,0,0,0,0,0,0.0,17.0,12.0,5.0,2.0,0.0,0,
1249,Guss Scott,25,NWE,DB,1,0,0,0,0,0,0.0,0,0,0,0,0,0.0,2.0,1.0,1.0,0.0,0.0,0,
1250,Josh Stamer,29,BUF,LB,6,0,0,0,0,0,0.0,0,0,0,0,0,0.0,5.0,5.0,0.0,1.0,0.0,0,
1251,Justin Tuck,23,NYG,DE,6,0,0,0,0,0,0.0,0,0,0,0,0,0.0,10.0,6.0,4.0,0.0,3.0,0,
1252,Jay Cutler,23,DEN,QB,5,5,0,0,0,0,0.0,0,8,3,-8,0,0.0,0.0,0.0,0.0,0.0,0.0,0,
1253,Roman Harper,24,NOR,SS,5,5,0,0,0,0,3.0,1,0,0,0,0,1.0,27.0,25.0,2.0,1.0,2.0,0,
1254,Mike Peterson,30,JAX,MLB,5,5,1,15,0,15,1.0,0,0,0,0,0,0.0,32.0,22.0,10.0,3.0,1.0,0,
1255,Montae Reagor,29,IND,LDT,5,5,0,0,0,0,1.0,1,0,1,0,0,1.0,11.0,9.0,2.0,1.0,4.0,0,
1256,Alex Stepanovich,25,ARI,C,5,5,0,0,0,0,0.0,0,0,1,0,0,0.0,0.0,0.0,0.0,0.0,0.0,0,
1257,Derek Anderson,23,CLE,QB,5,3,0,0,0,0,0.0,0,2,0,0,0,0.0,0.0,0.0,0.0,0.0,0.0,0,
1258,Chris Brown,25,TEN,RB,5,3,0,0,0,0,0.0,0,1,1,0,0,0.0,0.0,0.0,0.0,0.0,0.0,0,
1259,Ronnie Cruz,25,KAN,RB,5,3,0,0,0,0,0.0,0,0,1,0,0,0.0,1.0,0.0,1.0,0.0,0.0,0,
1260,Seth Payne,31,HOU,DT,5,2,0,0,0,0,0.0,1,0,0,0,0,1.0,12.0,10.0,2.0,1.0,1.0,0,
1261,Marcus Tubbs,25,SEA,DT,5,2,0,0,0,0,0.0,0,0,0,0,0,0.5,7.0,4.0,3.0,1.0,2.0,0,
1262,Josh Cooper,26,NOR,DE,5,1,0,0,0,0,1.0,0,0,0,0,0,1.0,10.0,8.0,2.0,2.0,5.0,0,
1263,D.D. Lewis,27,SEA,LB,5,1,0,0,0,0,0.0,1,0,0,0,0,1.0,9.0,8.0,1.0,2.0,0.0,0,
1264,Anthony Montgomery,22,WAS,NT,5,1,0,0,0,0,0.0,0,0,0,0,0,0.5,9.0,6.0,3.0,0.0,0.0,0,
1265,Kelley Washington,27,CIN,WR,5,1,0,0,0,0,0.0,0,0,0,0,0,0.0,2.0,2.0,0.0,0.0,0.0,0,
1266,Rashad Baker,24,NWE,DB,5,0,0,0,0,0,0.0,0,0,0,0,0,0.0,2.0,1.0,1.0,0.0,0.0,0,
1267,Atari Bigby,25,GNB,DB,5,0,0,0,0,0,0.0,0,0,0,0,0,0.0,2.0,1.0,1.0,0.0,0.0,0,
1268,Kyle Boller,25,BAL,QB,5,0,0,0,0,0,0.0,0,3,2,-12,0,0.0,0.0,0.0,0.0,0.0,0.0,0,
1269,Matt Bowen,30,BUF,DB,5,0,0,0,0,0,0.0,0,0,0,0,0,0.0,2.0,2.0,0.0,0.0,0.0,0,
1270,Greg Brooks,26,CIN,DB,5,0,0,0,0,0,0.0,0,0,0,0,0,0.0,1.0,0.0,1.0,0.0,0.0,0,
1271,Jon Dorenbos,26,PHI,LS,5,0,0,0,0,0,0.0,0,0,0,0,0,0.0,1.0,1.0,0.0,0.0,0.0,0,
1272,Ciatrick Fason,24,MIN,RB,5,0,0,0,0,0,0.0,0,0,0,0,0,0.0,2.0,2.0,0.0,0.0,0.0,0,
1273,Chidi Iwuoma,28,2TM,DB,5,0,0,0,0,0,0.0,0,0,0,0,0,0.0,4.0,3.0,1.0,0.0,0.0,0,
1273,Chidi Iwuoma,28,PIT,DB,2,0,0,0,0,0,0.0,0,0,0,0,0,0.0,3.0,2.0,1.0,0.0,0.0,0,
1273,Chidi Iwuoma,28,NWE,DB,3,0,0,0,0,0,0.0,0,0,0,0,0,0.0,1.0,1.0,0.0,0.0,0.0,0,
1274,T.J. Jackson,23,ATL,DT,5,0,0,0,0,0,0.0,0,0,0,0,0,1.0,5.0,4.0,1.0,2.0,1.0,0,
1275,Derrick Johnson,24,2TM,DB,5,0,0,0,0,0,0.0,0,0,0,0,0,0.0,3.0,3.0,0.0,0.0,0.0,0,
1275,Derrick Johnson,24,HOU,DB,3,0,0,0,0,0,0.0,0,0,0,0,0,0.0,2.0,2.0,0.0,0.0,0.0,0,
1275,Derrick Johnson,24,ATL,DB,2,0,0,0,0,0,0.0,0,0,0,0,0,0.0,1.0,1.0,0.0,0.0,0.0,0,
1276,Bennie Joppru,26,SEA,TE,5,0,0,0,0,0,0.0,0,0,0,0,0,0.0,2.0,2.0,0.0,0.0,0.0,0,
1277,John McCargo,23,BUF,DT,5,0,0,0,0,0,1.0,0,0,0,0,0,0.0,6.0,5.0,1.0,1.0,0.0,0,
1278,C.J. Mosley,23,NYJ,DT,5,0,0,0,0,0,0.0,0,0,0,0,0,1.0,7.0,6.0,1.0,1.0,1.0,0,
1279,John Owens,26,NOR,TE,5,0,0,0,0,0,0.0,0,0,0,0,0,0.0,1.0,1.0,0.0,0.0,0.0,0,
1280,Antonio Perkins,24,CLE,DB,5,0,0,0,0,0,0.0,0,0,0,0,0,0.0,2.0,2.0,0.0,0.0,0.0,0,
1281,Ryan Riddle,25,NYJ,DE,5,0,0,0,0,0,0.0,0,0,0,0,0,0.0,2.0,2.0,0.0,0.0,0.0,0,
1282,Josh Savage,26,TEN,DE,5,0,0,0,0,0,0.0,0,0,0,0,0,0.0,1.0,0.0,1.0,0.0,1.0,0,
1283,Shaud Williams,26,BUF,RB,5,0,0,0,0,0,0.0,0,0,0,0,0,0.0,1.0,1.0,0.0,0.0,0.0,0,
1284,Wallace Wright,22,NYJ,WR,5,0,0,0,0,0,0.0,0,0,0,0,0,0.0,6.0,6.0,0.0,0.0,0.0,0,
1285,Daunte Culpepper,29,MIA,QB,4,4,0,0,0,0,0.0,0,3,1,0,0,0.0,,,,,,0,
1286,Bob Sanders,25,IND,DB,4,4,1,0,0,0,2.0,1,0,0,0,0,0.0,28.0,20.0,8.0,1.0,0.0,0,
1287,Eugene Wilson,26,NWE,DB,4,4,0,0,0,0,2.0,0,0,0,0,0,0.0,24.0,20.0,4.0,0.0,1.0,0,
1288,Anthony Bryant,25,DET,DT,4,3,0,0,0,0,0.0,0,0,1,0,0,0.0,8.0,4.0,4.0,0.0,0.0,0,
1289,Tarvaris Jackson,23,MIN,QB,4,2,0,0,0,0,0.0,0,4,1,0,0,0.0,0.0,0.0,0.0,0.0,0.0,0,
1290,Antwan Odom,25,TEN,DE,4,2,0,0,0,0,0.0,0,0,0,0,0,0.5,9.0,8.0,1.0,2.0,0.0,0,
1291,Tim Rattay,29,TAM,QB,4,2,0,0,0,0,0.0,0,2,1,-1,0,0.0,0.0,0.0,0.0,0.0,0.0,0,
1292,Ahmad Carroll,23,GNB,DB,4,1,0,0,0,0,3.0,0,0,0,0,0,1.0,11.0,9.0,2.0,1.0,1.0,0,
1293,Robert Ferguson,27,GNB,WR,4,1,0,0,0,0,0.0,0,0,0,0,0,0.0,2.0,2.0,0.0,0.0,0.0,0,
1294,Kelvin Kight,24,NWE,WR,4,1,0,0,0,0,0.0,0,0,0,0,0,0.0,3.0,1.0,2.0,0.0,0.0,0,
1295,B.J. Tucker,26,SFO,DB,4,1,0,0,0,0,1.0,0,0,0,0,0,0.0,3.0,3.0,0.0,0.0,0.0,0,
1296,Will Blackmon,22,GNB,DB,4,0,0,0,0,0,0.0,0,0,0,0,0,0.0,1.0,1.0,0.0,0.0,0.0,0,
1297,Michael Bragg,24,KAN,DB,4,0,0,0,0,0,0.0,0,0,0,0,0,0.0,1.0,1.0,0.0,0.0,0.0,0,
1298,Greg Camarillo,24,SDG,WR,4,0,0,0,0,0,0.0,0,0,0,0,0,0.0,3.0,3.0,0.0,0.0,0.0,0,
1299,Chris Claiborne,28,NYG,LB,4,0,0,0,0,0,0.0,0,0,0,0,0,0.0,2.0,1.0,1.0,0.0,0.0,0,
1300,Adimchinobe Echemandu,26,OAK,RB,4,0,0,0,0,0,0.0,0,0,0,0,0,0.0,2.0,1.0,1.0,0.0,0.0,0,
1301,Jonathan Fanene,24,CIN,DE,4,0,0,0,0,0,0.0,0,0,0,0,0,0.0,4.0,4.0,0.0,1.0,0.0,0,
1302,Antonio Garay,27,CHI,DE,4,0,0,0,0,0,0.0,0,0,0,0,0,0.0,3.0,3.0,0.0,1.0,1.0,0,
1303,Carlyle Holiday,25,GNB,WR,4,0,0,0,0,0,0.0,0,0,0,0,0,0.0,2.0,1.0,1.0,0.0,0.0,0,
1304,Jason Jefferson,25,BUF,DT,4,0,0,0,0,0,0.0,0,0,0,0,0,0.0,5.0,0.0,5.0,0.0,0.0,0,
1305,Tim Johnson,28,BAL,LB,4,0,0,0,0,0,0.0,0,0,0,0,0,0.0,4.0,4.0,0.0,0.0,0.0,0,
1306,Nate Jones,24,DAL,DB,4,0,0,0,0,0,0.0,0,0,0,0,0,0.0,9.0,7.0,2.0,0.0,0.0,0,
1307,Cedric Killings,29,HOU,DT,4,0,0,0,0,0,0.0,0,0,0,0,0,0.0,5.0,2.0,3.0,0.0,0.0,0,
1308,Teddy Lehman,25,DET,LB,4,0,0,0,0,0,0.0,0,0,0,0,0,0.0,5.0,4.0,1.0,0.0,0.0,0,
1309,Jonathan Lewis,22,ARI,DT,4,0,0,0,0,0,0.0,0,0,0,0,0,0.0,4.0,3.0,1.0,0.0,0.0,0,
1310,Fred McAfee,38,NOR,RB,4,0,0,0,0,0,0.0,0,0,0,0,0,0.0,4.0,4.0,0.0,0.0,0.0,0,
1311,Corey McIntyre,27,NOR,FB,4,0,0,0,0,0,0.0,0,0,0,0,0,0.0,3.0,3.0,0.0,0.0,0.0,0,
1312,Ray Mickens,33,NWE,DB,4,0,0,0,0,0,0.0,0,0,0,0,0,0.0,2.0,0.0,2.0,0.0,0.0,0,
1313,J'Vonne Parker,24,CLE,DT,4,0,0,0,0,0,0.0,0,0,0,0,0,0.0,4.0,3.0,1.0,1.0,0.0,0,
1314,Robert Reynolds,25,TEN,LB,4,0,0,0,0,0,0.0,0,0,0,0,0,0.0,5.0,4.0,1.0,0.0,0.0,0,
1315,David Richardson,25,JAX,DB,4,0,0,0,0,0,0.0,0,0,0,0,0,0.0,2.0,2.0,0.0,0.0,0.0,0,
1316,Sage Rosenfels,28,HOU,QB,4,0,0,0,0,0,0.0,0,0,0,0,0,0.0,1.0,1.0,0.0,0.0,0.0,0,
1317,Cory Ross,24,BAL,RB,4,0,0,0,0,0,0.0,0,1,0,0,0,0.0,,,,,,0,
1318,Anthony Schlegel,25,NYJ,LB,4,0,0,0,0,0,0.0,0,0,0,0,0,0.0,1.0,1.0,0.0,0.0,0.0,0,
1319,Chris Taylor,23,HOU,RB,4,0,0,0,0,0,0.0,0,0,1,0,0,0.0,3.0,3.0,0.0,0.0,0.0,0,
1320,Ken Walter,34,NWE,P,4,0,0,0,0,0,0.0,0,0,0,0,0,0.0,1.0,0.0,1.0,0.0,0.0,0,
1321,Gary Baxter,28,CLE,DB,3,3,1,10,0,10,4.0,0,0,0,0,0,0.0,21.0,16.0,5.0,0.0,0.0,0,
1322,Donald Strickland,26,SFO,DB,3,3,0,0,0,0,0.0,0,0,0,0,0,0.0,4.0,3.0,1.0,0.0,0.0,0,
1323,Chris Weinke,34,CAR,QB,3,3,0,0,0,0,0.0,0,2,1,-2,0,0.0,0.0,0.0,0.0,0.0,0.0,0,
1324,Chris Kemoeatu,23,PIT,G,3,2,0,0,0,0,0.0,0,0,1,0,0,0.0,0.0,0.0,0.0,0.0,0.0,0,
1325,Nate Webster,29,DEN,LB,3,2,0,0,0,0,0.0,0,0,0,0,0,0.0,11.0,8.0,3.0,0.0,0.0,0,
1326,Ashton Youboty,22,BUF,DB,3,1,0,0,0,0,0.0,0,0,0,0,0,0.0,3.0,0.0,3.0,0.0,0.0,0,
1327,Jon Alston,23,STL,LB,3,0,0,0,0,0,0.0,0,0,0,0,0,0.0,1.0,1.0,0.0,0.0,0.0,0,
1328,Charles Bennett,23,TAM,LB,3,0,0,0,0,0,0.0,0,0,0,0,0,0.0,2.0,1.0,1.0,0.0,1.0,0,
1329,Dion Byrum,23,CAR,DB,3,0,0,0,0,0,1.0,1,0,0,0,0,0.0,9.0,8.0,1.0,0.0,0.0,0,
1330,Steve Cargile,24,DEN,DB,3,0,0,0,0,0,0.0,0,0,0,0,0,0.0,4.0,4.0,0.0,0.0,0.0,0,
1331,Ricardo Colclough,23,PIT,DB,3,0,0,0,0,0,0.0,0,1,0,0,0,0.0,3.0,2.0,1.0,0.0,0.0,0,
1332,Marcus Coleman,32,DAL,DB,3,0,0,0,0,0,0.0,0,0,0,0,0,0.0,1.0,1.0,0.0,0.0,0.0,0,
1333,James Darling,32,ARI,LB,3,0,0,0,0,0,0.0,0,0,0,0,0,0.0,2.0,1.0,1.0,0.0,0.0,0,
1334,Diamond Ferri,25,ARI,DB,3,0,0,0,0,0,0.0,0,0,0,0,0,0.0,1.0,1.0,0.0,0.0,0.0,0,
1335,Randall Gay,24,NWE,DB,3,0,0,0,0,0,0.0,0,0,0,0,0,0.0,2.0,2.0,0.0,0.0,0.0,0,
1336,Akbar Gbaja-Biamila,27,SDG,DE,3,0,0,0,0,0,0.0,0,0,0,0,0,0.0,1.0,1.0,0.0,0.0,1.0,0,
1337,Darrell Hunter,23,ARI,DB,3,0,0,0,0,0,0.0,0,0,0,0,0,0.0,2.0,2.0,0.0,0.0,0.0,0,
1338,Von Hutchins,25,HOU,DB,3,0,0,0,0,0,1.0,0,0,0,0,0,0.0,6.0,4.0,2.0,0.0,0.0,0,
1339,Brandon Johnson,23,ARI,LB,3,0,0,0,0,0,0.0,0,0,0,0,0,0.0,2.0,2.0,0.0,0.0,0.0,0,
1340,Langston Moore,25,ARI,DT,3,0,0,0,0,0,0.0,0,0,0,0,0,0.0,2.0,2.0,0.0,1.0,1.0,0,
1341,Ryan Myers,26,NYJ,LB,3,0,0,0,0,0,0.0,0,0,0,0,0,0.0,1.0,0.0,1.0,0.0,0.0,0,
1342,Damien Nash,24,DEN,RB,3,0,0,0,0,0,0.0,0,0,1,0,0,0.0,,,,,,0,
1343,Cam Newton,24,ATL,DB,3,0,0,0,0,0,0.0,0,0,0,0,0,0.0,1.0,1.0,0.0,0.0,0.0,0,
1344,Rob Ninkovich,22,NOR,DE,3,0,0,0,0,0,1.0,0,0,0,0,0,0.0,4.0,2.0,2.0,0.0,0.0,0,
1345,Patrick Pass,28,NWE,FB,3,0,0,0,0,0,0.0,0,1,0,0,0,0.0,1.0,1.0,0.0,0.0,0.0,0,
1346,Bruce Perry,25,PHI,RB,3,0,0,0,0,0,0.0,0,0,0,0,0,0.0,1.0,1.0,0.0,0.0,0.0,0,
1347,Kenny Peterson,28,DEN,DE,3,0,0,0,0,0,0.0,0,0,0,0,0,0.0,1.0,0.0,1.0,0.0,0.0,0,
1348,DeQuincy Scott,28,TEN,DT,3,0,0,0,0,0,1.0,0,0,0,0,0,0.0,5.0,2.0,3.0,1.0,0.0,0,
1349,Tyson Smith,25,NYG,LB,3,0,0,0,0,0,0.0,0,0,0,0,0,0.0,4.0,3.0,1.0,0.0,0.0,0,
1350,Montavious Stanley,25,JAX,DT,3,0,0,0,0,0,0.0,1,0,0,0,0,0.5,4.0,3.0,1.0,0.0,0.0,0,
1351,Duane Starks,32,OAK,DB,3,0,0,0,0,0,0.0,0,0,0,0,0,0.0,3.0,3.0,0.0,0.0,0.0,0,
1352,Jamie Thompson,23,NYJ,DB,3,0,0,0,0,0,0.0,0,0,0,0,0,0.0,1.0,1.0,0.0,0.0,0.0,0,
1353,Jamar Williams,22,CHI,LB,3,0,0,0,0,0,1.0,0,0,0,0,0,0.0,2.0,2.0,0.0,0.0,0.0,0,
1354,Renaud Williams,25,SFO,LB,3,0,0,0,0,0,0.0,0,0,0,0,0,0.0,2.0,2.0,0.0,0.0,0.0,0,
1355,Erasmus James,24,MIN,DE,2,2,0,0,0,0,0.0,0,0,0,0,0,0.0,2.0,2.0,0.0,1.0,0.0,0,
1356,Jevon Kearse,30,PHI,DE,2,2,0,0,0,0,1.0,1,0,0,0,0,3.5,4.0,3.0,1.0,2.0,3.0,0,
1357,Brian Kelly,30,TAM,DB,2,2,0,0,0,0,0.0,0,0,0,0,0,0.0,12.0,11.0,1.0,0.0,0.0,0,
1358,Grant Irons,27,OAK,DE,2,1,0,0,0,0,0.0,0,0,0,0,0,0.0,5.0,4.0,1.0,2.0,0.0,0,
1359,David Pollack,24,CIN,LB,2,1,0,0,0,0,0.0,0,0,0,0,0,0.0,1.0,0.0,1.0,0.0,0.0,0,
1360,Kenderick Allen,28,GNB,DT,2,0,0,0,0,0,0.0,0,0,0,0,0,0.0,2.0,2.0,0.0,0.0,0.0,0,
1361,Alex Bannister,27,BAL,WR,2,0,0,0,0,0,0.0,0,0,0,0,0,0.0,2.0,2.0,0.0,0.0,0.0,0,
1362,Taye Biddle,23,CAR,WR,2,0,0,0,0,0,0.0,0,0,0,0,0,0.0,2.0,1.0,1.0,0.0,0.0,0,
1363,Ryan Boschetti,25,WAS,DT,2,0,0,0,0,0,0.0,0,0,0,0,0,0.0,4.0,4.0,0.0,0.0,0.0,0,
1364,Nehemiah Broughton,24,WAS,FB,2,0,0,0,0,0,0.0,0,0,0,0,0,0.0,2.0,2.0,0.0,0.0,0.0,0,
1365,Curry Burns,25,WAS,DB,2,0,0,0,0,0,0.0,0,0,0,0,0,0.0,1.0,1.0,0.0,0.0,0.0,0,
1366,Kellen Clemens,23,NYJ,QB,2,0,0,0,0,0,0.0,0,1,0,0,0,0.0,,,,,,0,
1367,Dan Cody,25,BAL,LB,2,0,0,0,0,0,0.0,0,0,0,0,0,0.0,1.0,0.0,1.0,0.0,0.0,0,
1368,A.J. Feeley,29,PHI,QB,2,0,0,0,0,0,0.0,0,1,0,0,0,0.0,0.0,0.0,0.0,0.0,0.0,0,
1369,Quinton Ganther,22,TEN,RB,2,0,0,0,0,0,0.0,0,0,0,0,0,0.0,1.0,0.0,1.0,0.0,0.0,0,
1370,Jovon Johnson,23,PIT,DB,2,0,0,0,0,0,0.0,0,0,0,0,0,0.0,2.0,1.0,1.0,0.0,0.0,0,
1371,Norman LeJeune,26,MIA,DB,2,0,0,0,0,0,0.0,0,0,0,0,0,0.0,1.0,1.0,0.0,0.0,0.0,0,
1372,Alfred Malone,24,HOU,DE,2,0,0,0,0,0,0.0,0,0,0,0,0,0.5,2.0,1.0,1.0,0.0,1.0,0,
1373,Tab Perry,24,CIN,WR,2,0,0,0,0,0,0.0,0,0,0,0,0,0.0,2.0,2.0,0.0,0.0,0.0,0,
1374,Aaron Rodgers,23,GNB,QB,2,0,0,0,0,0,0.0,0,1,0,0,0,0.0,,,,,,0,
1375,Richard Seigler,26,PIT,LB,2,0,0,0,0,0,0.0,0,0,0,0,0,0.0,1.0,1.0,0.0,0.0,0.0,0,
1376,James Sims,23,NYG,RB,2,0,0,0,0,0,0.0,0,0,0,0,0,0.0,1.0,1.0,0.0,0.0,0.0,0,
1377,Michael Stone,28,HOU,DB,2,0,0,0,0,0,0.0,0,0,0,0,0,0.0,1.0,0.0,1.0,0.0,0.0,0,
1378,Marques Tuiasosopo,27,OAK,QB,2,0,0,0,0,0,0.0,0,1,0,0,0,0.0,,,,,,0,
1379,Dan Morgan,28,CAR,LB,1,1,0,0,0,0,1.0,0,0,0,0,0,0.0,2.0,0.0,2.0,0.0,0.0,0,
1380,Martin Nance,23,MIN,WR,1,1,0,0,0,0,0.0,0,1,0,0,0,0.0,,,,,,0,
1381,Rob Smith,22,CLE,T-G,1,1,0,0,0,0,0.0,0,0,1,0,0,0.0,0.0,0.0,0.0,0.0,0.0,0,
1382,Roc Alexander,25,HOU,DB,1,0,0,0,0,0,0.0,0,0,0,0,0,0.0,1.0,1.0,0.0,0.0,0.0,0,
1383,Rich Alexis,25,JAX,RB,1,0,0,0,0,0,0.0,0,0,0,0,0,0.0,1.0,1.0,0.0,0.0,0.0,0,
1384,Stephen Bowen,22,DAL,DE,1,0,0,0,0,0,0.0,0,0,0,0,0,1.0,1.0,1.0,0.0,1.0,2.0,0,
1385,Jordan Carstens,25,CAR,DT,1,0,0,0,0,0,0.0,0,0,0,0,0,0.0,2.0,2.0,0.0,0.0,0.0,0,
1386,Earl Cochran,25,HOU,DE,1,0,0,0,0,0,0.0,0,0,0,0,0,0.0,2.0,2.0,0.0,1.0,0.0,0,
1387,Deke Cooper,29,SFO,DB,1,0,0,0,0,0,0.0,0,0,0,0,0,0.0,1.0,1.0,0.0,0.0,0.0,0,
1388,Marquis Cooper,24,SEA,LB,1,0,0,0,0,0,0.0,0,0,0,0,0,0.0,1.0,1.0,0.0,0.0,0.0,0,
1389,Jamin Elliott,27,ATL,WR,1,0,0,0,0,0,0.0,0,0,0,0,0,0.0,1.0,1.0,0.0,0.0,0.0,0,
1390,Fred Evans,23,MIA,DT,1,0,0,0,0,0,0.0,0,0,0,0,0,0.0,2.0,2.0,0.0,1.0,0.0,0,
1391,Therrian Fontenot,24,CLE,DB,1,0,0,0,0,0,0.0,0,0,0,0,0,0.0,1.0,1.0,0.0,0.0,0.0,0,
1392,Dustin Fox,24,PHI,DB,1,0,0,0,0,0,0.0,0,0,0,0,0,0.0,1.0,1.0,0.0,0.0,0.0,0,
1393,Kevin Garrett,26,HOU,DB,1,0,0,0,0,0,0.0,0,0,0,0,0,0.0,1.0,0.0,1.0,0.0,0.0,0,
1394,Trevor Johnson,25,NOR,DE,1,0,0,0,0,0,0.0,0,0,0,0,0,0.0,4.0,3.0,1.0,0.0,0.0,0,
1395,Keith Joseph,25,NOR,RB,1,0,0,0,0,0,0.0,0,0,0,0,0,0.0,2.0,2.0,0.0,0.0,0.0,0,
1396,Andre Lott,27,SDG,DB,1,0,0,0,0,0,0.0,0,0,0,0,0,0.0,2.0,2.0,0.0,0.0,0.0,0,
1397,Brandon McGowan,23,CHI,DB,1,0,0,0,0,0,0.0,0,0,0,0,0,0.0,2.0,1.0,1.0,0.0,0.0,0,
1398,Shirdonya Mitchell,24,MIA,DB,1,0,0,0,0,0,0.0,0,0,0,0,0,0.0,1.0,1.0,0.0,0.0,0.0,0,
1399,Terna Nande,23,TEN,LB,1,0,0,0,0,0,0.0,0,0,0,0,0,0.0,1.0,1.0,0.0,0.0,0.0,0,
1400,Babatunde Oshinowo,23,CLE,DT,1,0,0,0,0,0,0.0,0,0,0,0,0,0.0,2.0,2.0,0.0,0.0,0.0,0,
1401,Robert Pollard,25,SEA,DE,1,0,0,0,0,0,0.0,0,0,0,0,0,0.0,4.0,1.0,3.0,0.0,0.0,0,
1402,Khreem Smith,27,MIN,DE,1,0,0,0,0,0,0.0,0,0,0,0,0,0.0,1.0,1.0,0.0,0.0,0.0,0,
1403,Joe Sykes,24,WAS,DE,1,0,0,0,0,0,0.0,0,0,0,0,0,0.0,1.0,0.0,1.0,0.0,0.0,0,
1404,Jamaine Winborne,26,BAL,DB,1,0,0,0,0,0,0.0,0,0,0,0,0,0.0,1.0,1.0,0.0,0.0,0.0,0,
1405,Pete Hunter,26,SEA,DB,0,0,0,0,0,0,2.0,0,0,0,0,0,0.0,7.0,5.0,2.0,,,0,
