Unnamed: 0_level_0,Unnamed: 1_level_0,Unnamed: 2_level_0,Unnamed: 3_level_0,Unnamed: 4_level_0,Unnamed: 5_level_0,Unnamed: 6_level_0,Def Interceptions,Def Interceptions,Def Interceptions,Def Interceptions,Def Interceptions,Fumbles,Fumbles,Fumbles,Fumbles,Fumbles,Unnamed: 17_level_0,Tackles,Tackles,Tackles,Tackles,Tackles,Unnamed: 23_level_0,Unnamed: 24_level_0
Rk,Player,Age,Team,Pos,G,GS,Int,Yds,IntTD,Lng,PD,FF,Fmb,FR,Yds,FRTD,Sk,Comb,Solo,Ast,TFL,QBHits,Sfty,Awards
1,Kwon Alexander,22,TAM,MLB,16,16,1,38,1,38,7,1,0,1,4,0,3.0,145,108,37,12.0,7.0,0,
2,Lorenzo Alexander,33,BUF,ROLB,16,16,1,28,0,28,6,3,0,0,0,0,12.5,76,56,20,10.0,22.0,0,"PB,AP-2"
3,Robert Alford,28,ATL,LCB,16,16,2,34,1,30,19,0,0,0,0,0,0.0,61,50,11,1.0,0.0,0,
4,Ricardo Allen,25,ATL,SS,16,16,2,3,0,3,3,0,0,0,0,0,0.0,90,61,29,0.0,0.0,0,
5,Geno Atkins,28,CIN,RDT,16,16,0,0,0,0,0,0,0,0,0,0,9.0,32,21,11,13.0,26.0,0,PB
6,Cliff Avril,30,SEA,RDE,16,16,0,0,0,0,3,5,0,0,0,0,11.5,39,20,19,8.0,26.0,0,PB
7,Chris Baker,29,WAS,RDE,16,16,0,0,0,0,2,2,0,0,0,0,3.5,47,29,18,7.0,10.0,0,
8,Anthony Barr,24,MIN,RLB,16,16,0,0,0,0,4,1,0,1,0,0,2.0,70,37,33,3.0,8.0,0,PB
9,Mark Barron,27,LAR,LLB,16,16,2,8,0,7,8,0,0,1,0,0,1.0,118,91,27,7.0,3.0,0,
10,Connor Barwin,30,PHI,RDE,16,16,0,0,0,0,2,1,0,0,0,0,5.0,34,20,14,6.0,10.0,0,
11,Zane Beadles,30,SFO,LG,16,16,0,0,0,0,0,0,0,1,0,0,0.0,0,0,0,0.0,0.0,0,
12,Odell Beckham Jr.,24,NYG,WR,16,16,0,0,0,0,1,0,3,1,0,0,0.0,0,0,0,0.0,0.0,0,"PB,AP-2"
13,Eric Berry,28,KAN,SS,16,16,4,98,2,42,9,1,0,0,0,0,0.0,77,62,15,2.0,0.0,0,"PB,AP-1,AP DPoY-6"
14,Antoine Bethea,32,SFO,SS,16,16,1,0,0,0,3,1,0,1,5,0,0.0,110,95,15,3.0,1.0,0,
15,Blake Bortles,24,JAX,QB,16,16,0,0,0,0,0,0,8,0,-9,0,0.0,0,0,0,0.0,0.0,0,
16,Nigel Bradham,27,PHI,LLB,16,16,1,28,0,28,5,2,0,1,0,0,2.0,102,69,33,10.0,3.0,0,
17,Alan Branch,32,NWE,LDT,16,16,0,0,0,0,3,0,0,0,0,0,1.5,49,26,23,8.0,2.0,0,
18,Drew Brees,37,NOR,QB,16,16,0,0,0,0,0,0,5,1,0,0,0.0,0,0,0,0.0,0.0,0,"PB,AP OPoY-6"
19,Tramaine Brock,28,SFO,LCB,16,16,1,39,0,39,14,1,0,0,0,0,0.0,59,49,10,5.0,0.0,0,
20,Ahmad Brooks,32,SFO,LOLB,16,16,0,0,0,0,4,1,0,0,0,0,6.0,53,41,12,10.0,8.0,0,
21,Preston Brown,24,BUF,RILB,16,16,0,0,0,0,1,1,0,2,0,0,1.0,139,79,60,5.0,3.0,0,
22,Trent Brown,23,SFO,RT,16,16,0,0,0,0,0,0,0,1,0,0,0.0,0,0,0,,,0,
23,Zach Brown,27,BUF,LILB,16,16,1,0,0,0,4,2,0,0,0,0,4.0,149,97,52,11.0,8.0,0,"PB,AP-2"
24,Jermon Bushrod,32,MIA,RG,16,16,0,0,0,0,0,0,0,1,0,0,0.0,0,0,0,0.0,0.0,0,
25,Malcolm Butler,26,NWE,LCB,16,16,4,28,0,21,17,1,0,2,2,0,1.0,63,48,15,1.0,1.0,0,AP-2
26,Calais Campbell,30,ARI,LDE,16,16,1,1,0,1,6,2,0,3,53,1,8.0,53,34,19,12.0,21.0,1,AP-2
27,James Carpenter,27,NYJ,LG,16,16,0,0,0,0,0,0,0,1,0,0,0.0,0,0,0,0.0,0.0,0,
28,Brandon Carr,30,DAL,LCB,16,16,1,0,0,0,9,0,0,0,0,0,0.0,61,53,8,1.0,1.0,0,
29,Nolan Carroll,29,PHI,RCB,16,16,1,0,0,0,11,1,0,0,0,0,0.0,55,41,14,0.0,0.0,0,
30,Patrick Chung,29,NWE,SS,16,16,1,4,0,4,3,0,0,1,0,0,1.0,91,52,39,1.0,1.0,0,
31,Ha Ha Clinton-Dix,24,GNB,FS,16,16,5,75,0,27,7,1,0,0,0,0,0.5,80,62,18,1.0,1.0,0,"PB,AP-2"
32,Ross Cockrell,25,PIT,RCB,16,16,0,0,0,0,14,0,0,1,0,0,0.0,62,47,15,3.0,1.0,0,
33,Landon Collins,22,NYG,SS,16,16,5,72,1,44,13,0,0,1,6,0,4.0,125,100,25,9.0,5.0,0,"PB,AP-1,AP DPoY-3"
34,Kirk Cousins,28,WAS,QB,16,16,0,0,0,0,0,0,9,5,0,0,0.0,0,0,0,0.0,0.0,0,PB
35,Fletcher Cox,26,PHI,LDT,16,16,0,0,0,0,2,1,0,1,0,0,6.5,43,27,16,9.0,14.0,0,PB
36,Michael Crabtree,29,OAK,WR,16,16,0,0,0,0,0,0,2,1,11,0,0.0,0,0,0,,,0,
37,Isaiah Crowell,23,CLE,RB,16,16,0,0,0,0,0,0,2,1,0,0,0.0,1,1,0,0.0,0.0,0,
38,Johnathan Cyprien,26,JAX,SS,16,16,0,0,0,0,4,1,0,1,0,0,1.0,127,96,31,3.0,1.0,0,
39,Andy Dalton,29,CIN,QB,16,16,0,0,0,0,0,0,9,2,-17,0,0.0,0,0,0,0.0,0.0,0,PB
40,Mike Daniels,27,GNB,RDE,16,16,0,0,0,0,1,0,0,1,0,0,4.0,33,25,8,8.0,11.0,0,
41,Lavonte David,26,TAM,RLB,16,16,1,15,1,15,4,4,0,2,53,0,5.0,87,67,20,17.0,8.0,0,AP-2
42,Thomas Davis,33,CAR,RLB,16,16,3,35,0,31,4,1,0,2,46,1,2.5,106,73,33,5.0,5.0,0,PB
43,David DeCastro,26,PIT,RG,16,16,0,0,0,0,0,0,0,1,0,0,0.0,0,0,0,0.0,0.0,0,"PB,AP-2"
44,Aaron Donald,25,LAR,LDT,16,16,0,0,0,0,5,2,0,0,0,0,8.0,47,36,11,17.0,31.0,0,"PB,AP-1,AP DPoY-4"
45,Carlos Dunlap,27,CIN,LDE,16,16,0,0,0,0,15,3,0,0,0,0,8.0,49,30,19,7.0,23.0,0,PB
46,Nick Fairley,28,NOR,RDT,16,16,0,0,0,0,0,0,0,0,0,0,6.5,43,29,14,9.0,22.0,0,
47,Eric Fisher,25,KAN,LT,16,16,0,0,0,0,0,0,1,0,0,0,0.0,0,0,0,,,0,
48,Larry Fitzgerald,33,ARI,WR,16,16,0,0,0,0,0,0,2,0,0,0,0.0,0,0,0,,,0,PB
49,Joe Flacco,31,BAL,QB,16,16,0,0,0,0,0,0,5,2,-2,0,0.0,0,0,0,0.0,0.0,0,
50,Travis Frederick,25,DAL,C,16,16,0,0,0,0,0,0,1,0,0,0,0.0,0,0,0,0.0,0.0,0,"PB,AP-1"
51,Doug Free,32,DAL,RT,16,16,0,0,0,0,0,0,0,2,0,0,0.0,0,0,0,0.0,0.0,0,
52,Devonta Freeman,24,ATL,RB,16,16,0,0,0,0,0,0,1,1,0,0,0.0,0,0,0,0.0,0.0,0,PB
53,Pierre Garcon,30,WAS,WR,16,16,0,0,0,0,0,0,0,1,7,0,0.0,0,0,0,0.0,0.0,0,
54,Tashaun Gipson,26,JAX,FS,16,16,1,30,0,30,2,0,0,0,0,0,0.0,41,34,7,0.0,0.0,0,
55,Mark Glowinski,24,SEA,LG,16,16,0,0,0,0,0,0,0,2,0,0,0.0,0,0,0,0.0,0.0,0,
56,Frank Gore,33,IND,RB,16,16,0,0,0,0,0,0,2,0,0,0,0.0,0,0,0,0.0,0.0,0,
57,Brandon Graham,28,PHI,LDE,16,16,0,0,0,0,1,2,0,1,4,0,5.5,59,41,18,14.0,22.0,0,AP-2
58,Corey Graham,31,BUF,FS,16,16,1,0,0,0,9,0,0,1,0,0,1.0,87,62,25,2.0,1.0,0,
59,Everson Griffen,29,MIN,RDE,16,16,0,0,0,0,1,2,0,3,20,1,8.0,48,36,12,9.0,22.0,0,PB
60,Brent Grimes,33,TAM,RCB,16,16,4,37,1,31,24,1,0,0,0,0,0.0,57,51,6,0.0,0.0,0,
61,Todd Gurley,22,LAR,RB,16,16,0,0,0,0,0,0,2,1,0,0,0.0,0,0,0,0.0,0.0,0,
62,Johnathan Hankins,24,NYG,RDT,16,16,0,0,0,0,0,1,0,0,0,0,3.0,43,29,14,8.0,10.0,0,
63,Vernon Hargreaves III,21,TAM,LCB,16,16,1,0,0,0,9,1,0,0,0,0,0.0,76,68,8,3.0,0.0,0,
64,Damon Harrison,28,NYG,LDT,16,16,0,0,0,0,1,1,0,0,0,0,2.5,86,55,31,6.0,4.0,0,AP-1
65,Akiem Hicks,27,CHI,LDE,16,16,0,0,0,0,2,2,0,1,0,0,7.0,54,36,18,11.0,17.0,0,
66,Jordan Hicks,24,PHI,MLB,16,16,5,41,0,34,11,0,0,1,0,0,1.0,85,58,27,6.0,5.0,0,
67,Anthony Hitchens,24,DAL,MLB,16,16,0,0,0,0,1,0,0,0,0,0,1.5,78,39,39,4.0,5.0,0,
68,George Iloka,26,CIN,FS,16,16,3,21,0,21,7,0,0,0,0,0,0.0,74,49,25,1.0,0.0,0,
69,Melvin Ingram,27,SDG,LOLB,16,16,0,0,0,0,5,5,0,0,0,0,8.0,60,46,14,10.0,19.0,0,
70,Dontrelle Inman,27,SDG,WR,16,16,0,0,0,0,0,0,0,0,0,0,0.0,1,1,0,0.0,0.0,0,
71,Bruce Irvin,29,OAK,LLB,16,16,0,0,0,0,1,6,0,0,0,0,7.0,57,47,10,9.0,25.0,0,
72,Malik Jackson,26,JAX,LDT,16,16,0,0,0,0,4,0,0,1,0,0,6.5,33,28,5,11.0,19.0,0,
73,Ja'Wuan James,24,MIA,RT,16,16,0,0,0,0,0,0,0,1,0,0,0.0,0,0,0,0.0,0.0,0,
74,Malcolm Jenkins,29,PHI,SS,16,16,3,98,2,64,9,0,0,1,0,0,1.0,72,47,25,3.0,3.0,0,
75,John Jerry,30,NYG,RG,16,16,0,0,0,0,0,0,0,1,0,0,0.0,0,0,0,0.0,0.0,0,
76,David Johnson,25,ARI,RB,16,16,0,0,0,0,0,0,5,1,0,0,0.0,0,0,0,0.0,0.0,0,"PB,AP-1,AP OPoY-3"
77,Michael Johnson,29,CIN,RDE,16,16,0,0,0,0,3,0,0,0,0,0,3.5,45,32,13,6.0,10.0,0,
78,Adam Jones,33,CIN,RCB,16,16,1,2,0,2,7,1,3,1,0,0,0.0,66,54,12,0.0,1.0,0,
79,Byron Jones,24,DAL,FS,16,16,1,7,0,7,10,1,0,0,0,0,0.0,88,73,15,3.0,0.0,0,
80,Chandler Jones,26,ARI,LOLB,16,16,0,0,0,0,3,4,0,2,0,0,11.0,49,38,11,15.0,21.0,0,
81,DaQuan Jones,25,TEN,LDE,16,16,0,0,0,0,0,0,0,1,0,1,1.5,26,17,9,2.0,3.0,0,
82,Cameron Jordan,27,NOR,RDE,16,16,0,0,0,0,6,1,0,0,0,0,7.5,58,40,18,17.0,24.0,0,
83,Linval Joseph,28,MIN,RDT,16,16,0,0,0,0,0,3,0,0,0,0,4.0,77,37,40,5.0,17.0,0,PB
84,Jason Kelce,29,PHI,C,16,16,0,0,0,0,0,0,1,1,0,0,0.0,0,0,0,0.0,0.0,0,PB
85,Lance Kendricks,28,LAR,TE,16,16,0,0,0,0,0,0,1,0,0,0,0.0,0,0,0,0.0,0.0,0,
86,Ryan Kerrigan,28,WAS,ROLB,16,16,0,0,0,0,2,2,0,0,0,0,11.0,33,26,7,18.0,24.0,0,PB
87,Christian Kirksey,24,CLE,RILB,16,16,0,0,0,0,3,0,0,0,0,0,2.5,148,96,52,11.0,7.0,0,
88,Jarvis Landry,24,MIA,WR,16,16,0,0,0,0,0,0,2,0,0,0,0.0,1,1,0,0.0,0.0,0,PB
89,Nevin Lawson,25,DET,RCB,16,16,0,0,0,0,9,0,0,0,0,0,0.0,57,46,11,0.0,0.0,0,
90,Corey Liuget,26,SDG,RDE/LDE,16,16,0,0,0,0,3,0,0,1,0,0,0.0,36,28,8,10.0,7.0,0,
91,Star Lotulelei,27,CAR,LDT,16,16,0,0,0,0,1,1,0,0,0,0,4.0,26,14,12,5.0,6.0,0,
92,Dwight Lowery,30,SDG,FS,16,16,1,25,0,25,9,1,0,1,36,1,0.0,60,49,11,1.0,0.0,0,
93,Alex Mack,31,ATL,C,16,16,0,0,0,0,0,0,1,0,-2,0,0.0,0,0,0,0.0,0.0,0,"PB,AP-2"
94,Khalil Mack,25,OAK,RDE,16,16,1,6,1,6,3,5,0,3,1,0,11.0,73,54,19,14.0,26.0,0,"PB,AP-1,AP DPoY-1"
95,Eli Manning,35,NYG,QB,16,16,0,0,0,0,0,0,7,0,0,0,0.0,0,0,0,,,0,
96,Zack Martin,26,DAL,RG,16,16,0,0,0,0,0,0,0,1,0,0,0.0,0,0,0,0.0,0.0,0,"PB,AP-1"
97,Devin McCourty,29,NWE,FS,16,16,1,0,0,0,7,1,0,1,3,0,0.0,83,67,16,1.0,0.0,0,"PB,AP-2"
98,T.J. McDonald,25,LAR,SS,16,16,2,0,0,0,6,0,0,0,0,0,1.0,64,50,14,6.0,4.0,0,
99,Bradley McDougald,26,TAM,FS,16,16,2,32,0,32,10,0,0,1,6,0,0.0,91,79,12,3.0,0.0,0,
100,Benardrick McKinney,24,HOU,RILB,16,16,0,0,0,0,2,1,0,0,0,0,5.0,129,79,50,8.0,11.0,0,AP-2
101,Rodney McLeod,26,PHI,FS,16,16,3,5,0,5,7,1,0,0,0,0,1.0,83,72,11,3.0,0.0,0,
102,John Miller,23,BUF,RG,16,16,0,0,0,0,0,0,0,1,0,0,0.0,0,0,0,0.0,0.0,0,
103,Von Miller,27,DEN,LOLB,16,16,0,0,0,0,3,3,0,0,0,0,13.5,78,62,16,13.0,24.0,0,"PB,AP-1,AP DPoY-2"
104,Jordan Mills,26,BUF,RT,16,16,0,0,0,0,0,0,0,1,0,0,0.0,0,0,0,0.0,0.0,0,
105,Kevin Minter,26,ARI,RILB,16,16,0,0,0,0,2,0,0,0,0,0,3.5,81,59,22,9.0,7.0,0,
106,Mike Mitchell,29,PIT,FS,16,16,1,26,0,26,9,0,0,1,0,0,0.0,77,55,22,0.0,1.0,0,
107,DeMarco Murray,28,TEN,RB,16,16,0,0,0,0,0,0,3,1,0,0,0.0,0,0,0,0.0,0.0,0,PB
108,Jordy Nelson,31,GNB,WR,16,16,0,0,0,0,0,0,1,0,0,0,0.0,0,0,0,,,0,AP CPoY-1
109,Reggie Nelson,33,OAK,FS,16,16,5,74,0,40,12,0,0,1,0,0,0.0,65,50,15,0.0,1.0,0,PB
110,Josh Norman,29,WAS,RCB,16,16,3,38,0,35,19,2,0,0,0,0,0.0,67,52,15,2.0,1.0,0,
111,Emmanuel Ogbah,23,CLE,RDE/LOLB,16,16,0,0,0,0,3,0,0,0,0,0,5.5,53,28,25,8.0,16.0,0,
112,Alec Ogletree,25,LAR,MLB,16,16,2,15,0,8,11,1,0,1,0,0,0.0,136,98,38,9.0,3.0,0,AP-2
113,Russell Okung,28,DEN,LT,16,16,0,0,0,0,0,0,0,1,0,0,0.0,0,0,0,0.0,0.0,0,
114,Brian Orakpo,30,TEN,ROLB,16,16,0,0,0,0,4,1,0,0,0,0,10.5,46,38,8,13.0,19.0,0,PB
115,Matt Paradis,27,DEN,C,16,16,0,0,0,0,0,0,0,1,0,0,0.0,0,0,0,,,0,
116,Ron Parker,29,KAN,FS,16,16,1,1,0,1,12,2,0,0,0,0,0.0,61,52,9,1.0,0.0,0,
117,Jermey Parnell,30,JAX,RT,16,16,0,0,0,0,0,0,0,1,0,0,0.0,0,0,0,0.0,0.0,0,
118,David Parry,24,IND,NT,16,16,0,0,0,0,0,0,0,0,0,0,3.0,47,34,13,4.0,8.0,0,
119,Austin Pasztor,26,CLE,RT,16,16,0,0,0,0,0,0,0,1,0,0,0.0,0,0,0,0.0,0.0,0,
120,Domata Peko,32,CIN,LDT,16,16,0,0,0,0,3,0,0,1,0,0,0.0,37,17,20,2.0,2.0,0,
121,Patrick Peterson,26,ARI,LCB,16,16,3,27,0,25,6,0,1,1,0,0,0.0,51,45,6,1.0,0.0,0,PB
122,Dontari Poe,26,KAN,NT,16,16,0,0,0,0,3,1,0,0,0,0,1.5,27,18,9,1.0,9.0,0,
123,Paul Posluszny,32,JAX,MLB,16,16,1,0,0,0,3,0,0,0,0,0,1.5,133,97,36,8.0,3.0,0,
124,Dak Prescott,23,DAL,QB,16,16,0,0,0,0,0,0,9,3,-3,0,0.0,0,0,0,0.0,0.0,0,"PB,AP MVP-6,AP ORoY-1"
125,Glover Quin,30,DET,FS,16,16,2,0,0,0,5,1,0,0,0,0,0.0,68,55,13,2.0,1.0,0,
126,Jalen Ramsey,22,JAX,RCB,16,16,2,65,1,35,14,1,0,0,0,0,0.0,65,55,10,2.0,1.0,0,AP DRoY-2
127,Philip Rivers,35,SDG,QB,16,16,0,0,0,0,0,0,9,3,-10,0,0.0,0,0,0,,,0,PB
128,Allen Robinson,23,JAX,WR,16,16,0,0,0,0,0,0,1,1,0,0,0.0,0,0,0,0.0,0.0,0,
129,Brian Robison,33,MIN,LDE,16,16,0,0,0,0,1,3,0,0,0,0,7.5,28,18,10,7.0,14.0,0,
130,Aaron Rodgers,33,GNB,QB,16,16,0,0,0,0,0,0,8,1,-3,0,0.0,0,0,0,0.0,0.0,0,"PB,AP MVP-5,AP OPoY-2"
131,Ahtyba Rubin,30,SEA,LDT,16,16,0,0,0,0,1,3,0,0,0,0,1.0,39,25,14,6.0,2.0,0,
132,Matt Ryan,31,ATL,QB,16,16,0,0,0,0,0,0,4,2,-3,0,0.0,0,0,0,0.0,0.0,0,"PB,AP-1,AP MVP-1,AP OPoY-1"
133,Emmanuel Sanders,29,DEN,WR,16,16,0,0,0,0,0,0,1,1,0,0,0.0,0,0,0,0.0,0.0,0,PB
134,Ryan Schraeder,28,ATL,RT,16,16,0,0,0,0,0,0,0,1,0,0,0.0,0,0,0,0.0,0.0,0,
135,Danny Shelton,23,CLE,NT,16,16,0,0,0,0,0,0,0,0,0,0,1.5,59,32,27,2.0,6.0,0,
136,Richard Sherman,28,SEA,LCB,16,16,4,37,0,31,13,0,0,1,14,0,0.0,58,38,20,2.0,0.0,0,PB
137,Kawann Short,27,CAR,RDT,16,16,0,0,0,0,3,1,0,0,0,0,6.0,55,30,25,12.0,17.0,0,
138,Preston Smith,24,WAS,LOLB,16,16,1,22,0,22,3,0,0,0,0,0,4.5,38,22,16,8.0,12.0,0,
139,Telvin Smith,25,JAX,LLB,16,16,2,0,0,0,8,0,0,1,0,0,1.0,119,99,20,14.0,2.0,0,
140,Matthew Stafford,28,DET,QB,16,16,0,0,0,0,0,0,3,1,0,0,0.0,0,0,0,0.0,0.0,0,
141,Shamar Stephen,25,MIN,LDT,16,16,0,0,0,0,0,0,0,1,0,0,0.0,39,17,22,0.0,2.0,0,
142,Darian Stewart,28,DEN,FS,16,16,3,36,0,25,6,1,0,1,28,0,0.0,68,55,13,2.0,2.0,0,PB
143,Ndamukong Suh,29,MIA,LDT,16,16,0,0,0,0,6,0,0,1,0,0,5.0,72,41,31,11.0,17.0,0,"PB,AP-2"
144,Golden Tate,28,DET,WR,16,16,0,0,0,0,0,0,2,1,0,0,0.0,0,0,0,0.0,0.0,0,
145,Devin Taylor,27,DET,LDE,16,16,0,0,0,0,1,1,0,0,0,0,4.5,28,21,7,4.0,10.0,1,
146,Demaryius Thomas,29,DEN,WR,16,16,0,0,0,0,0,0,2,0,0,0,0.0,0,0,0,0.0,0.0,0,PB
147,Joe Thuney,24,NWE,LG,16,16,0,0,0,0,0,0,0,1,0,0,0.0,0,0,0,0.0,0.0,0,
148,Lawrence Timmons,30,PIT,RILB,16,16,2,74,0,58,5,1,0,0,0,0,2.5,114,78,36,5.0,11.0,0,
149,Olivier Vernon,26,NYG,RDE,16,16,0,0,0,0,0,1,0,1,0,0,8.5,64,46,18,17.0,23.0,0,AP-2
150,Bobby Wagner,26,SEA,MLB,16,16,1,9,0,9,3,0,0,1,0,0,4.5,167,85,82,7.0,18.0,0,"PB,AP-1"
151,Erik Walden,31,IND,LOLB,16,16,0,0,0,0,0,3,0,0,0,0,11.0,42,31,11,10.0,17.0,0,
152,Mike Wallace,30,BAL,WR,16,16,0,0,0,0,0,0,1,0,0,0,0.0,0,0,0,0.0,0.0,0,
153,Lardarius Webb,31,BAL,FS,16,16,1,0,0,0,5,0,0,0,0,0,1.0,73,59,14,2.0,1.0,0,
154,Eric Weddle,31,BAL,SS,16,16,4,92,0,53,13,1,0,0,0,0,1.0,89,48,41,1.0,1.0,0,PB
155,Carson Wentz,24,PHI,QB,16,16,0,0,0,0,0,0,14,7,-29,0,0.0,0,0,0,0.0,0.0,0,
156,Cody Whitehair,24,CHI,C,16,16,0,0,0,0,0,0,1,0,-12,0,0.0,0,0,0,0.0,0.0,0,
157,Brandon Williams,27,BAL,NT,16,16,0,0,0,0,1,0,0,0,0,0,1.0,51,34,17,4.0,2.0,0,
158,Leonard Williams,22,NYJ,LDE,16,16,0,0,0,0,0,2,0,0,0,0,7.0,68,36,32,11.0,19.0,0,PB
159,Sylvester Williams,28,DEN,NT,16,16,0,0,0,0,1,0,0,0,0,0,1.0,29,20,9,4.0,5.0,0,
160,Avery Williamson,24,TEN,RILB,16,16,1,0,0,0,1,1,0,0,0,0,2.0,104,73,31,3.0,5.0,0,
161,Russell Wilson,28,SEA,QB,16,16,0,0,0,0,0,0,8,4,-7,0,0.0,0,0,0,0.0,0.0,0,
162,Jameis Winston,22,TAM,QB,16,16,0,0,0,0,0,0,10,3,-21,0,0.0,0,0,0,0.0,0.0,0,
163,Jason Witten,34,DAL,TE,16,16,0,0,0,0,0,0,1,0,0,0,0.0,0,0,0,0.0,0.0,0,
164,K.J. Wright,27,SEA,RLB,16,16,0,0,0,0,5,1,0,1,0,0,4.0,126,72,54,12.0,8.0,0,PB
165,Jeremy Zuttah,30,BAL,C,16,16,0,0,0,0,0,0,0,1,0,0,0.0,0,0,0,0.0,0.0,0,PB
166,Davante Adams,24,GNB,WR,16,15,0,0,0,0,0,0,2,0,0,0,0.0,0,0,0,0.0,0.0,0,
167,Doug Baldwin,28,SEA,WR,16,15,0,0,0,0,0,0,1,0,0,0,0.0,0,0,0,,,0,PB
168,Jairus Byrd,30,NOR,FS,16,15,2,35,0,24,3,0,0,0,0,0,0.0,82,56,26,2.0,0.0,0,
169,Jonathan Casillas,29,NYG,RLB,16,15,0,0,0,0,8,1,0,0,0,0,1.5,96,62,34,5.0,3.0,0,
170,Jared Crick,27,DEN,RDE,16,15,0,0,0,0,6,2,0,0,0,0,3.0,53,32,21,4.0,13.0,0,
171,Demario Davis,27,CLE,LILB,16,15,0,0,0,0,2,1,0,0,0,0,2.0,99,59,40,7.0,5.0,0,
172,Todd Davis,24,DEN,ROLB/LILB,16,15,0,0,0,0,3,1,0,1,1,0,0.5,97,64,33,2.0,4.0,0,
173,Jimmy Graham,30,SEA,TE,16,15,0,0,0,0,0,0,2,0,0,0,0.0,0,0,0,0.0,0.0,0,PB
174,Ladarius Gunter,24,GNB,RCB,16,15,0,0,0,0,12,2,0,0,0,0,0.0,54,50,4,2.0,0.0,0,
175,Chris Harris Jr.,27,DEN,RCB,16,15,2,36,0,36,11,1,0,1,6,0,0.0,63,57,6,1.0,0.0,0,"PB,AP-1"
176,Jerry Hughes,28,BUF,LOLB,16,15,0,0,0,0,3,1,0,0,0,0,6.0,48,31,17,8.0,11.0,0,
177,Timmy Jernigan,24,BAL,LDE,16,15,1,0,0,0,3,0,1,1,1,0,5.0,31,16,15,9.0,11.0,0,
178,Jamie Meder,25,CLE,LDE,16,15,0,0,0,0,1,0,0,0,0,0,1.0,48,26,22,3.0,6.0,0,
179,Yannick Ngakoue,21,JAX,LDE,16,15,1,9,0,9,2,4,0,0,0,0,8.0,23,20,3,6.0,14.0,0,
180,Tracy Porter,30,CHI,LCB,16,15,2,28,0,25,9,1,0,0,0,0,0.0,48,45,3,0.0,0.0,0,
181,Terrelle Pryor,27,CLE,WR,16,15,0,0,0,0,0,0,1,1,0,0,0.0,0,0,0,0.0,0.0,0,
182,Terrance Williams,27,DAL,WR,16,15,0,0,0,0,0,0,1,0,0,0,0.0,0,0,0,,,0,
183,Vonn Bell,22,NOR,DB,16,14,0,0,0,0,4,2,0,1,0,0,1.0,87,61,26,2.0,4.0,0,
184,Chris Clark,31,HOU,RT/LT,16,14,0,0,0,0,0,0,0,1,0,0,0.0,0,0,0,0.0,0.0,0,
185,Maliek Collins,21,DAL,RDT,16,14,0,0,0,0,0,1,0,1,0,0,5.0,23,17,6,5.0,13.0,0,
186,Amari Cooper,22,OAK,WR,16,14,0,0,0,0,0,0,2,0,0,0,0.0,0,0,0,0.0,0.0,0,PB
187,Jack Doyle,26,IND,TE,16,14,0,0,0,0,0,0,1,0,0,0,0.0,2,2,0,0.0,0.0,0,
188,Jermaine Gresham,28,ARI,TE,16,14,0,0,0,0,0,0,1,0,0,0,0.0,0,0,0,0.0,0.0,0,
189,Casey Hayward,27,SDG,RCB,16,14,7,102,1,31,20,0,0,0,0,0,0.0,58,51,7,1.0,0.0,0,"PB,AP-2"
190,Evander Hood,29,WAS,NT,16,14,0,0,0,0,3,1,0,0,0,0,1.0,33,17,16,4.0,6.0,0,
191,Mark Ingram,27,NOR,RB,16,14,0,0,0,0,0,0,2,0,0,0,0.0,0,0,0,,,0,
192,Grady Jarrett,23,ATL,RDE,16,14,0,0,0,0,0,0,0,1,0,0,3.0,48,21,27,4.0,9.0,0,
193,Kelvin Benjamin,25,CAR,WR,16,13,0,0,0,0,0,0,1,0,0,0,0.0,0,0,0,0.0,0.0,0,
194,Malcom Brown,22,NWE,RDT,16,13,0,0,0,0,0,1,0,0,0,0,3.0,50,24,26,4.0,5.0,1,
195,Julian Edelman,30,NWE,WR,16,13,0,0,0,0,0,0,3,0,0,0,0.0,1,1,0,0.0,0.0,0,
196,Mason Foster,27,WAS,RILB,16,13,0,0,0,0,3,1,0,0,0,0,1.0,124,89,35,9.0,5.0,0,
197,Eli Harold,22,SFO,ROLB,16,13,0,0,0,0,0,1,0,1,19,0,3.0,37,23,14,3.0,6.0,0,
198,Ben Ijalana,27,NYJ,RT/LT,16,13,0,0,0,0,0,0,0,1,0,0,0.0,0,0,0,0.0,0.0,0,
199,Jeremy Kerley,28,SFO,WR,16,13,0,0,0,0,0,0,4,0,0,0,0.0,0,0,0,0.0,0.0,0,
200,Tony Lippett,24,MIA,RCB,16,13,4,0,0,0,10,0,0,0,0,0,0.0,67,45,22,1.0,0.0,0,
201,Logan Ryan,25,NWE,RCB,16,13,2,46,0,46,11,1,0,0,0,0,1.0,92,74,18,2.0,3.0,0,
202,Jihad Ward,22,OAK,LDE,16,13,0,0,0,0,0,0,0,1,0,0,0.0,30,16,14,0.0,10.0,0,
203,Terrance West,25,BAL,RB,16,13,0,0,0,0,0,0,2,0,0,0,0.0,0,0,0,0.0,0.0,0,
204,Vic Beasley,24,ATL,LILB,16,12,0,0,0,0,2,6,0,1,21,1,15.5,39,32,7,11.0,16.0,0,"PB,AP-1"
205,Brandin Cooks,23,NOR,WR,16,12,0,0,0,0,0,0,1,0,0,0,0.0,0,0,0,,,0,
206,Harold Jones-Quartey,23,CHI,SS,16,12,1,0,0,0,5,0,0,0,0,0,0.0,78,66,12,2.0,0.0,0,
207,Logan Paulsen,29,CHI,TE,16,12,0,0,0,0,0,0,0,0,0,0,0.0,1,1,0,0.0,0.0,0,
208,Dennis Pitta,31,BAL,TE,16,12,0,0,0,0,0,0,1,0,0,0,0.0,0,0,0,0.0,0.0,0,AP CPoY-3
209,Vincent Rey,29,CIN,LLB,16,12,1,6,0,6,7,0,0,1,10,0,0.0,86,51,35,1.0,0.0,0,
210,Josh Shaw,24,CIN,DB,16,12,1,0,0,0,3,0,0,0,0,0,0.0,56,38,18,0.0,0.0,0,
211,D.J. Swearinger,25,ARI,DB,16,12,3,13,0,12,8,0,0,0,0,0,2.0,66,58,8,5.0,3.0,0,
212,Willie Young,31,CHI,ROLB,16,12,0,0,0,0,2,1,0,0,0,0,7.5,38,21,17,8.0,9.0,0,
213,Andre Branch,27,MIA,RDE,16,11,0,0,0,0,1,2,0,0,0,0,5.5,49,27,22,8.0,12.0,0,
214,Chris Conley,24,KAN,WR,16,11,0,0,0,0,0,0,1,0,0,0,0.0,0,0,0,0.0,0.0,0,
215,Kyle Emanuel,25,SDG,ROLB,16,11,0,0,0,0,1,1,0,1,0,0,0.5,58,36,22,3.0,4.0,0,
216,Demetrius Harris,25,KAN,WR,16,11,0,0,0,0,0,0,1,1,27,1,0.0,4,4,0,0.0,0.0,0,
217,Ryan Hewitt,25,CIN,TE,16,11,0,0,0,0,0,0,0,0,0,0,0.0,2,2,0,0.0,0.0,0,
218,Micah Hyde,26,GNB,DB,16,11,3,11,0,11,9,0,1,2,0,0,1.0,58,47,11,3.0,2.0,0,
219,Chris Jones,22,KAN,RDE,16,11,0,0,0,0,4,0,0,0,0,0,2.0,28,17,11,5.0,10.0,0,
220,Albert McClellan,30,BAL,ROLB,16,11,0,0,0,0,0,0,0,0,0,0,1.0,55,34,21,4.0,2.0,0,
221,Julius Peppers,36,GNB,LOLB,16,11,0,0,0,0,3,2,0,1,0,0,7.5,23,15,8,7.0,12.0,0,
222,Jordan Phillips,24,MIA,RDT,16,11,1,17,0,17,3,0,0,0,0,0,0.5,23,13,10,5.0,3.0,0,
223,Kelvin Sheppard,28,NYG,MLB,16,11,0,0,0,0,2,0,0,0,0,0,0.0,50,30,20,0.0,0.0,0,
224,Daryl Smith,34,TAM,LLB,16,11,1,-5,0,-5,1,0,0,1,0,0,0.0,35,28,7,3.0,0.0,0,
225,Levine Toilolo,25,ATL,TE,16,11,0,0,0,0,0,0,0,0,0,0,0.0,3,2,1,0.0,0.0,0,
226,Cameron Wake,34,MIA,LDE,16,11,1,12,0,12,2,5,0,0,0,0,11.5,29,22,7,6.0,24.0,0,"PB,AP-2,AP CPoY-2"
227,Dan Williams,29,OAK,RDT,16,11,0,0,0,0,1,0,0,0,0,0,0.5,17,11,6,0.0,3.0,0,
228,Daryl Worley,21,CAR,RCB,16,11,1,22,0,22,9,0,0,0,0,0,1.0,88,63,25,2.0,1.0,0,
229,Tavon Young,22,BAL,LCB,16,11,2,22,0,16,8,0,0,1,0,0,0.0,53,44,9,2.0,1.0,0,
230,Frank Zombo,29,KAN,ROLB,16,11,0,0,0,0,2,1,0,0,0,0,1.0,41,30,11,3.0,4.0,0,
231,Jack Crawford,28,DAL,RDE/LDE,16,10,0,0,0,0,0,0,0,0,0,0,3.5,25,12,13,3.0,6.0,0,
232,Anthony Fasano,32,TEN,TE,16,10,0,0,0,0,0,0,0,1,0,0,0.0,0,0,0,0.0,0.0,0,
233,Lawrence Guy,26,BAL,RDE,16,10,0,0,0,0,0,1,0,1,0,0,1.0,28,14,14,5.0,9.0,0,
234,Myles Jack,21,JAX,RLB,16,10,0,0,0,0,2,0,0,0,0,0,0.5,24,18,6,1.0,2.0,0,
235,Brice McCain,30,TEN,DB,16,10,2,33,0,33,10,0,0,0,0,0,0.0,38,31,7,1.0,0.0,0,
236,Tony McDaniel,31,SEA,RDT,16,10,0,0,0,0,3,0,0,1,0,0,0.0,43,20,23,3.0,1.0,0,
237,Adam Thielen,26,MIN,WR,16,10,0,0,0,0,0,0,2,2,0,0,0.0,4,3,1,0.0,0.0,0,
238,Wesley Woodyard,30,TEN,LILB,16,10,1,21,0,21,5,0,0,0,0,0,2.0,57,42,15,6.0,4.0,0,
239,Anthony Brown,23,DAL,RCB,16,9,1,0,0,0,8,1,0,0,0,0,0.0,55,40,15,2.0,0.0,0,
240,Artie Burns,21,PIT,LCB,16,9,3,13,0,9,13,0,0,0,0,0,0.0,65,52,13,2.0,0.0,0,
241,Jamison Crowder,23,WAS,WR,16,9,0,0,0,0,0,0,2,0,0,0,0.0,0,0,0,0.0,0.0,0,
242,Sean Davis,23,PIT,SS,16,9,1,0,0,0,5,0,0,1,0,0,1.5,70,55,15,4.0,4.0,0,
243,William Gay,31,PIT,LCB,16,9,1,0,0,0,7,1,0,0,0,0,1.0,58,42,16,3.0,0.0,0,
244,Chad Greenway,33,MIN,LLB,16,9,1,17,0,17,1,0,0,0,0,0,0.0,41,26,15,2.0,0.0,0,
245,Devon Kennard,25,NYG,LLB,16,9,0,0,0,0,1,1,0,1,0,0,1.0,61,40,21,4.0,5.0,0,
246,Jeremy Lane,26,SEA,DB,16,9,0,0,0,0,3,0,0,0,0,0,0.0,49,36,13,0.0,0.0,0,
247,Rishard Matthews,27,TEN,WR,16,9,0,0,0,0,0,0,1,0,0,0,0.0,0,0,0,,,0,
248,Brandon Myers,31,TAM,TE,16,9,0,0,0,0,0,0,0,0,0,0,0.0,1,1,0,0.0,0.0,0,
249,Brian Poole,24,ATL,DB,16,9,1,24,0,24,9,0,0,2,10,0,1.0,59,43,16,5.0,3.0,0,
250,LeGarrette Blount,30,NWE,RB,16,8,0,0,0,0,0,0,2,0,0,0,0.0,0,0,0,,,0,
251,Corey Brown,25,CAR,WR,16,8,0,0,0,0,0,0,1,0,0,0,0.0,2,2,0,0.0,0.0,0,
252,Brent Celek,31,PHI,TE,16,8,0,0,0,0,0,0,1,1,0,0,0.0,1,1,0,0.0,0.0,0,
253,Robbie Chosen,23,NYJ,WR,16,8,0,0,0,0,0,0,1,0,0,0,0.0,0,0,0,0.0,0.0,0,
254,Ed Dickson,29,CAR,TE,16,8,0,0,0,0,0,0,0,0,0,0,0.0,3,2,1,0.0,0.0,0,
255,Patrick DiMarco,27,ATL,RB,16,8,0,0,0,0,0,0,0,0,0,0,0.0,1,0,1,0.0,0.0,0,
256,Coby Fleener,28,NOR,TE,16,8,0,0,0,0,0,0,2,1,0,0,0.0,0,0,0,0.0,0.0,0,
257,Trey Flowers,23,NWE,RDE,16,8,0,0,0,0,1,0,0,2,-3,0,7.0,45,23,22,8.0,14.0,0,
258,Ted Ginn Jr.,31,CAR,WR,16,8,0,0,0,0,0,0,3,1,0,0,0.0,2,2,0,0.0,0.0,0,
259,Edwin Jackson,25,IND,RILB,16,8,0,0,0,0,0,0,0,0,0,0,2.0,66,47,19,1.0,2.0,0,
260,Wesley Johnson,25,NYJ,C,16,8,0,0,0,0,0,0,1,0,-3,0,0.0,0,0,0,0.0,0.0,0,
261,Bobby McCain,23,MIA,DB,16,8,1,0,0,0,6,1,0,0,0,0,1.0,46,33,13,3.0,2.0,0,
262,Corey Moore,23,HOU,SS,16,8,0,0,0,0,3,0,0,0,0,0,0.0,32,25,7,0.0,0.0,0,
263,Cordarrelle Patterson,25,MIN,WR,16,8,0,0,0,0,0,0,2,0,0,0,0.0,5,4,1,0.0,0.0,0,"PB,AP-1"
264,Shane Ray,23,DEN,LILB,16,8,0,0,0,0,0,1,0,2,18,1,8.0,48,33,15,6.0,21.0,0,
265,Aaron Ripkowski,24,GNB,RB,16,8,0,0,0,0,0,0,0,1,0,0,0.0,2,1,1,0.0,0.0,0,
266,Eugene Sims,30,LAR,RDE,16,8,0,0,0,0,1,0,0,1,0,0,2.5,25,18,7,6.0,5.0,0,
267,Michael Thomas,26,MIA,FS,16,8,0,0,0,0,1,2,0,1,27,0,1.0,58,43,15,3.0,3.0,0,
268,John Wetzel,25,ARI,LT,16,8,0,0,0,0,0,0,0,1,0,0,0.0,0,0,0,0.0,0.0,0,
269,Denico Autry,26,OAK,LDE,16,7,0,0,0,0,2,0,0,2,0,0,2.5,29,21,8,6.0,4.0,0,
270,Brandon Bostick,27,NYJ,TE,16,7,0,0,0,0,0,0,0,0,0,0,0.0,1,1,0,0.0,0.0,0,
271,Kevin Byard,23,TEN,FS,16,7,0,0,0,0,4,0,0,0,0,0,1.0,59,45,14,5.0,5.0,0,
272,Karlos Dansby,35,CIN,LLB,16,7,0,0,0,0,6,0,0,1,0,0,1.0,114,69,45,8.0,2.0,0,
273,MarQueis Gray,27,MIA,TE,16,7,0,0,0,0,0,0,0,1,0,0,0.0,3,1,2,0.0,0.0,0,
274,Tyson Jackson,30,ATL,LOLB,16,7,0,0,0,0,2,0,0,0,0,0,0.0,13,5,8,0.0,1.0,0,
275,Charles Johnson,27,MIN,WR,16,7,0,0,0,0,0,0,0,1,2,0,0.0,1,1,0,0.0,0.0,0,
276,Kyle Juszczyk,25,BAL,RB,16,7,0,0,0,0,0,0,0,0,0,0,0.0,4,3,1,0.0,0.0,0,PB
277,Chris Long,31,NWE,LDE,16,7,0,0,0,0,3,1,0,1,0,0,4.0,35,22,13,7.0,10.0,0,
278,Nick O'Leary,24,BUF,RB,16,7,0,0,0,0,0,0,0,0,0,0,0.0,1,0,1,0.0,0.0,0,
279,Jamize Olawale,27,OAK,RB,16,7,0,0,0,0,0,0,0,0,0,0,0.0,4,4,0,0.0,0.0,0,
280,D.J. Reader,22,HOU,LDE,16,7,0,0,0,0,1,0,0,0,0,0,1.0,22,7,15,2.0,2.0,0,
281,Joe Thomas,25,GNB,LILB,16,7,1,9,0,9,5,0,1,1,6,0,0.0,70,55,15,3.0,2.0,0,
282,Sam Acho,28,CHI,LOLB,16,6,0,0,0,0,1,1,0,0,0,0,1.0,27,18,9,3.0,5.0,0,
283,Kamar Aiken,27,BAL,WR,16,6,0,0,0,0,0,0,0,2,-2,0,0.0,2,2,0,0.0,0.0,0,
284,Matt Asiata,29,MIN,RB,16,6,0,0,0,0,0,0,1,0,0,0,0.0,0,0,0,0.0,0.0,0,
285,Jonathan Babineaux,35,ATL,NT,16,6,0,0,0,0,1,0,0,0,0,0,0.0,22,14,8,3.0,1.0,0,
286,Devontae Booker,24,DEN,RB,16,6,0,0,0,0,0,0,4,2,0,0,0.0,0,0,0,0.0,0.0,0,
287,Garrett Celek,28,SFO,TE,16,6,0,0,0,0,0,1,2,0,0,0,0.0,2,2,0,0.0,0.0,0,
288,Kony Ealy,25,CAR,RDE,16,6,1,7,0,7,3,2,0,0,0,0,5.0,32,19,13,5.0,7.0,0,
289,Jalston Fowler,26,TEN,RB,16,6,0,0,0,0,0,0,0,0,0,0,0.0,2,2,0,0.0,0.0,0,
290,Ricky Jean-Francois,30,WAS,LDE,16,6,0,0,0,0,1,0,0,0,0,0,1.5,32,17,15,3.0,2.0,0,
291,Marqise Lee,25,JAX,WR,16,6,0,0,0,0,0,0,1,0,0,0,0.0,0,0,0,0.0,0.0,0,
292,Keenan Robinson,27,NYG,MLB,16,6,0,0,0,0,7,0,0,0,0,0,0.0,83,54,29,2.0,1.0,0,
293,Nathan Stupar,28,NOR,MLB,16,6,1,0,0,0,2,2,0,2,0,0,1.0,59,49,10,1.0,1.0,0,
294,Deonte Thompson,27,CHI,WR,16,6,0,0,0,0,0,0,1,0,0,0,0.0,1,1,0,0.0,0.0,0,
295,Michael Wilhoite,30,SFO,RILB,16,6,0,0,0,0,2,1,0,1,0,0,0.5,55,44,11,1.0,1.0,0,
296,Damien Wilson,23,DAL,LLB,16,6,0,0,0,0,1,0,0,0,0,0,0.5,34,27,7,4.0,2.0,0,
297,Christian Covington,23,HOU,LDE,16,5,0,0,0,0,1,0,0,0,0,0,1.0,26,16,10,2.0,2.0,0,
298,Leger Douzable,30,BUF,DE,16,5,0,0,0,0,1,0,0,0,0,0,1.5,43,24,19,5.0,7.0,0,
299,Ryan Griffin,26,HOU,TE,16,5,0,0,0,0,0,0,1,0,0,0,0.0,0,0,0,0.0,0.0,0,
300,Neville Hewitt,23,MIA,RLB,16,5,0,0,0,0,1,0,1,1,0,0,1.0,64,40,24,4.0,1.0,0,
301,Cory James,23,OAK,MLB,16,5,0,0,0,0,0,1,0,0,0,0,0.0,48,36,12,3.0,0.0,0,
302,Ricardo Mathews,29,PIT,LDE,16,5,0,0,0,0,0,0,0,0,0,0,1.0,14,8,6,3.0,3.0,0,
303,Sean McGrath,29,SDG,TE,16,5,0,0,0,0,0,1,0,1,0,0,0.0,3,2,1,0.0,0.0,0,
304,Arthur Moats,28,PIT,LOLB,16,5,0,0,0,0,3,0,0,0,0,0,3.5,21,9,12,3.0,7.0,0,
305,Corey Nelson,24,DEN,RILB,16,5,0,0,0,0,5,0,0,1,0,0,0.0,68,47,21,2.0,2.0,0,
306,Hassan Ridgeway,22,IND,LDE,16,5,0,0,0,0,1,0,0,0,0,0,1.5,21,8,13,2.0,5.0,0,
307,A'Shawn Robinson,21,DET,LDT,16,5,0,0,0,0,7,0,0,0,0,0,2.0,30,22,8,6.0,2.0,0,
308,Keith Tandy,27,TAM,SS,16,5,4,28,0,28,9,0,0,1,0,0,0.0,58,47,11,2.0,0.0,0,
309,Steven Terrell,26,SEA,FS,16,5,0,0,0,0,1,0,0,1,0,0,0.0,27,17,10,0.0,0.0,0,
310,Albert Wilson,24,KAN,WR,16,5,0,0,0,0,0,0,0,0,0,0,0.0,2,1,1,0.0,0.0,0,
311,Rafael Bush,29,DET,DB,16,4,2,39,1,39,3,0,0,0,0,0,1.0,53,34,19,2.0,1.0,0,
312,Brandon Coleman,24,NOR,WR,16,4,0,0,0,0,0,0,0,0,0,0,0.0,2,1,1,0.0,0.0,0,
313,James Develin,28,NWE,RB,16,4,0,0,0,0,0,0,0,0,0,0,0.0,1,0,1,0.0,0.0,0,
314,Justin Ellis,26,OAK,DT,16,4,0,0,0,0,0,0,0,0,0,0,0.0,21,15,6,1.0,0.0,0,
315,Duron Harmon,25,NWE,DB,16,4,1,0,0,0,2,1,0,1,0,0,0.0,29,24,5,0.0,0.0,0,
316,Roman Harper,34,NOR,DB,16,4,0,0,0,0,0,0,0,0,0,0,0.0,29,25,4,0.0,1.0,0,
317,Davon House,27,JAX,DB,16,4,0,0,0,0,0,0,0,0,0,0,0.0,17,14,3,0.0,0.0,0,
318,Kelcie McCray,28,SEA,DB,16,4,0,0,0,0,1,0,0,0,0,0,0.0,39,23,16,0.0,0.0,0,
319,Rontez Miles,28,NYJ,DB,16,4,0,0,0,0,0,2,0,0,0,0,0.0,57,34,23,0.0,2.0,0,
320,Antonio Morrison,22,IND,LB,16,4,0,0,0,0,0,0,0,0,0,0,0.0,52,33,19,3.0,1.0,0,
321,Romeo Okwara,21,NYG,DE,16,4,0,0,0,0,2,0,0,0,0,0,1.0,25,12,13,2.0,5.0,0,
322,Bilal Powell,28,NYJ,RB,16,4,0,0,0,0,0,0,1,0,0,0,0.0,0,0,0,0.0,0.0,0,
323,Bradley Roby,24,DEN,DB,16,4,2,102,2,51,8,1,0,0,0,0,1.0,39,34,5,0.0,0.0,0,
324,Joe Schobert,23,CLE,LB,16,4,0,0,0,0,1,0,0,0,0,0,0.5,28,19,9,1.0,3.0,0,
325,Akeem Spence,25,TAM,DT,16,4,0,0,0,0,0,0,0,0,0,0,0.5,19,10,9,2.0,3.0,0,
326,Erik Swoope,24,IND,TE,16,4,0,0,0,0,0,0,0,0,0,0,0.0,4,3,1,0.0,0.0,0,
327,Jaylen Watkins,25,PHI,DB,16,4,0,0,0,0,3,0,0,0,0,0,0.0,32,24,8,0.0,0.0,0,
328,Philip Wheeler,32,ATL,LB,16,4,0,0,0,0,0,0,0,0,0,0,0.0,28,18,10,3.0,2.0,0,
329,James White,24,NWE,RB,16,4,0,0,0,0,0,0,0,1,0,0,0.0,0,0,0,0.0,0.0,0,
330,Vince Williams,27,PIT,LB,16,4,0,0,0,0,0,0,0,0,0,0,2.0,47,37,10,7.0,6.0,0,
331,Beau Allen,25,PHI,DT,16,3,0,0,0,0,0,0,0,1,10,0,0.5,29,15,14,5.0,5.0,0,
332,Johnson Bademosi,26,DET,DB,16,3,1,3,0,3,5,0,0,0,0,0,0.0,22,19,3,1.0,0.0,0,
333,Justin Bethel,26,ARI,DB,16,3,1,66,1,66,6,1,0,1,0,0,0.0,39,37,2,3.0,0.0,0,
334,Max Bullough,24,HOU,LB,16,3,0,0,0,0,0,0,0,0,0,0,0.0,25,19,6,2.0,0.0,0,
335,Aaron Burbridge,23,SFO,WR,16,3,0,0,0,0,0,0,1,0,0,0,0.0,12,9,3,0.0,0.0,0,
336,T.J. Carrie,26,OAK,DB,16,3,1,14,0,14,4,1,0,1,0,0,0.0,25,22,3,0.0,0.0,0,
337,Akeem Dent,29,HOU,LB,16,3,0,0,0,0,0,0,0,0,0,0,0.0,11,9,2,0.0,0.0,0,
338,Markus Golden,25,ARI,LB,16,3,0,0,0,0,1,4,0,0,0,0,12.5,51,41,10,16.0,22.0,0,
339,Justin Hardy,25,ATL,WR,16,3,0,0,0,0,0,0,0,0,0,0,0.0,3,0,3,0.0,0.0,0,
340,Anthony Harris,25,MIN,DB,16,3,0,0,0,0,1,0,0,1,0,0,0.0,41,30,11,0.0,0.0,0,
341,John Kuhn,34,NOR,FB,16,3,0,0,0,0,0,0,0,0,0,0,0.0,1,1,0,0.0,0.0,0,
342,Ricardo Louis,22,CLE,WR,16,3,0,0,0,0,0,1,1,2,1,0,0.0,7,6,1,0.0,0.0,0,
343,Josh McNary,28,IND,LB,16,3,0,0,0,0,0,1,0,0,0,0,0.0,23,13,10,0.0,0.0,0,
344,James O'Shaughnessy,24,KAN,TE,16,3,0,0,0,0,0,0,0,1,0,0,0.0,7,5,2,0.0,0.0,0,
345,LaRoy Reynolds,26,ATL,LB,16,3,0,0,0,0,0,0,0,1,0,0,0.0,30,18,12,0.0,1.0,0,
346,Nickell Robey-Coleman,24,BUF,DB,16,3,2,44,1,41,7,1,0,1,36,1,0.0,35,32,3,2.0,0.0,0,
347,Brian Schwenke,25,TEN,C,16,3,0,0,0,0,0,0,0,1,0,0,0.0,0,0,0,0.0,0.0,0,
348,Anthony Sherman,28,KAN,RB,16,3,0,0,0,0,0,2,0,0,0,0,0.0,9,9,0,0.0,0.0,0,
349,Noah Spence,22,TAM,LB,16,3,0,0,0,0,2,3,0,0,0,0,5.5,22,16,6,2.0,12.0,0,
350,Alterraun Verner,28,TAM,DB,16,3,1,16,0,16,7,0,0,0,0,0,0.0,16,15,1,0.0,0.0,0,
351,Josh Bellamy,27,CHI,WR,16,2,0,0,0,0,0,1,0,0,0,0,0.0,5,4,1,0.0,0.0,0,
352,Tyler Boyd,22,CIN,WR,16,2,0,0,0,0,0,0,1,0,0,0,0.0,0,0,0,0.0,0.0,0,
353,Kenny Clark,21,GNB,NT,16,2,0,0,0,0,2,0,0,2,2,0,0.0,21,13,8,1.0,4.0,0,
354,Tamba Hali,33,KAN,LB,16,2,0,0,0,0,0,0,0,1,0,0,3.5,34,24,10,4.0,9.0,0,
355,Andre Holmes,28,OAK,WR,16,2,0,0,0,0,0,0,0,1,0,0,0.0,9,7,2,0.0,0.0,0,
356,Kerry Hyder,25,DET,DE,16,2,0,0,0,0,1,0,0,1,0,0,8.0,36,23,13,11.0,19.0,0,
357,Christian Jones,25,CHI,LB,16,2,0,0,0,0,1,0,0,0,0,0,0.0,16,10,6,0.0,0.0,0,
358,Dexter McCoil,25,SDG,DB,16,2,1,0,0,0,5,0,0,0,0,0,0.0,25,21,4,0.0,0.0,0,
359,Keith McGill,27,OAK,DB,16,2,0,0,0,0,1,0,0,0,0,0,0.0,22,16,6,1.0,0.0,0,
360,Jalen Mills,22,PHI,DB,16,2,0,0,0,0,7,0,0,0,0,0,0.0,62,52,10,0.0,0.0,0,
361,Jason Spriggs,22,GNB,T,16,2,0,0,0,0,0,0,0,1,0,0,0.0,0,0,0,0.0,0.0,0,
362,Rod Streater,28,SFO,WR,16,2,0,0,0,0,0,0,0,0,0,0,0.0,8,5,3,0.0,0.0,0,
363,Darryl Tapp,32,NOR,DE,16,2,0,0,0,0,0,0,0,1,0,0,0.5,17,12,5,0.0,9.0,0,
364,Cam Thomas,30,LAR,DT,16,2,0,0,0,0,0,0,0,0,0,0,1.0,15,11,4,1.0,3.0,0,
365,Mike Tolbert,31,CAR,RB,16,2,0,0,0,0,0,1,0,0,0,0,0.0,1,1,0,0.0,0.0,0,PB
366,Greg Toler,31,WAS,DB,16,2,0,0,0,0,2,0,0,1,0,0,0.0,18,15,3,0.0,0.0,0,
367,Trevin Wade,27,NYG,DB,16,2,0,0,0,0,3,0,0,2,11,1,0.0,26,24,2,0.0,0.0,0,
368,Derek Watt,24,SDG,FB,16,2,0,0,0,0,0,0,0,0,0,0,0.0,4,3,1,0.0,0.0,0,
369,Ethan Westbrooks,26,LAR,DE,16,2,0,0,0,0,1,0,0,1,77,1,2.0,24,18,6,8.0,11.0,0,
370,Billy Winn,27,DEN,DT,16,2,0,0,0,0,0,0,0,1,4,0,0.0,19,8,11,1.0,0.0,0,
371,Eric Winston,33,CIN,T,16,2,0,0,0,0,0,0,0,1,0,0,0.0,0,0,0,0.0,0.0,0,
372,D.J. Alexander,25,KAN,LB,16,1,0,0,0,0,0,1,0,0,0,0,0.0,17,14,3,1.0,0.0,0,PB
373,Zaire Anderson,24,DEN,LB,16,1,0,0,0,0,0,1,0,0,0,0,0.0,14,9,5,0.0,0.0,0,
374,Antwon Blake,26,TEN,DB,16,1,0,0,0,0,5,0,0,0,0,0,0.0,42,35,7,1.0,0.0,0,
375,Kentrell Brice,22,GNB,DB,16,1,0,0,0,0,1,0,0,1,0,0,0.0,27,23,4,0.0,0.0,0,
376,Rex Burkhead,26,CIN,RB,16,1,0,0,0,0,0,1,1,0,0,0,0.0,12,7,5,0.0,0.0,0,
377,Juston Burris,23,NYJ,DB,16,1,1,0,0,0,5,0,0,0,0,0,0.0,16,13,3,0.0,0.0,0,
378,Brandon Copeland,25,DET,LB,16,1,0,0,0,0,0,1,0,0,0,0,0.0,16,11,5,1.0,1.0,0,
379,Kenyan Drake,22,MIA,RB,16,1,0,0,0,0,0,0,1,0,0,0,0.0,4,2,2,0.0,0.0,0,
380,Shaun Draughn,29,SFO,RB,16,1,0,0,0,0,0,0,1,1,0,0,0.0,4,3,1,0.0,0.0,0,
381,Kasim Edebali,27,NOR,DE,16,1,0,0,0,0,1,0,0,0,0,0,1.0,11,8,3,1.0,2.0,0,
382,Gavin Escobar,25,DAL,TE,16,1,0,0,0,0,0,0,0,0,0,0,0.0,4,3,1,0.0,0.0,0,
383,Dante Fowler,22,JAX,DE,16,1,0,0,0,0,5,0,0,0,0,0,4.0,32,23,9,6.0,11.0,0,
384,Ryan Grant,26,WAS,WR,16,1,0,0,0,0,0,0,0,0,0,0,0.0,1,1,0,0.0,0.0,0,
385,Rodney Gunter,24,ARI,DT,16,1,0,0,0,0,0,0,0,1,0,0,1.5,15,7,8,1.0,3.0,0,
386,Dwayne Harris,29,NYG,WR,16,1,0,0,0,0,0,0,3,1,0,0,0.0,12,8,4,0.0,0.0,0,PB
387,Tyreek Hill,22,KAN,WR,16,1,0,0,0,0,0,0,4,2,0,0,0.0,6,4,2,0.0,0.0,0,"PB,AP-1"
388,Mike Hull,25,MIA,LB,16,1,1,8,0,8,1,0,0,0,0,0,0.0,33,18,15,0.0,0.0,0,
389,Ramon Humber,29,BUF,LB,16,1,0,0,0,0,0,0,0,0,0,0,0.0,17,15,2,0.0,0.0,0,
390,Jeff Janis,25,GNB,WR,16,1,0,0,0,0,0,0,0,0,0,0,0.0,5,5,0,0.0,0.0,0,
391,Jarvis Jenkins,28,2TM,DT,16,1,0,0,0,0,0,0,0,0,0,0,0.0,14,12,2,0.0,1.0,0,
391,Jarvis Jenkins,28,NYJ,DT,9,1,0,0,0,0,0,0,0,0,0,0,0.0,9,7,2,0.0,0.0,0,
391,Jarvis Jenkins,28,KAN,DT,7,0,0,0,0,0,0,0,0,0,0,0,0.0,5,5,0,0.0,1.0,0,
392,Duke Johnson,23,CLE,RB,16,1,0,0,0,0,0,0,2,0,0,0,0.0,0,0,0,0.0,0.0,0,
393,Jonathan Jones,23,NWE,DB,16,1,0,0,0,0,1,1,0,1,0,0,0.0,14,10,4,1.0,1.0,0,
394,Jayron Kearse,22,MIN,DB,16,1,0,0,0,0,0,0,0,1,0,0,0.0,6,4,2,0.0,0.0,0,
395,Cory Littleton,23,LAR,LB,16,1,0,0,0,0,0,0,0,0,0,0,0.0,20,15,5,0.0,0.0,0,
396,Sen'Derrick Marks,29,JAX,DT,16,1,0,0,0,0,1,0,0,1,0,0,3.5,22,18,4,7.0,9.0,0,
397,Cassius Marsh,24,SEA,DE,16,1,0,0,0,0,0,1,0,1,0,0,3.0,22,15,7,5.0,5.0,0,
398,Daniel McCullers,24,PIT,DT,16,1,0,0,0,0,1,0,0,0,0,0,1.0,17,10,7,2.0,5.0,0,
399,Michael Pierce,24,BAL,DT,16,1,0,0,0,0,1,0,0,0,0,0,2.0,35,19,16,5.0,5.0,0,
400,Chris Prosinski,29,CHI,DB,16,1,0,0,0,0,1,0,0,0,0,0,0.0,25,19,6,1.0,0.0,0,
401,Andre Roberts,28,DET,WR,16,1,0,0,0,0,0,0,2,0,0,0,0.0,0,0,0,,,0,
402,Deon Simon,26,NYJ,NT,16,1,0,0,0,0,0,0,0,0,0,0,1.5,23,12,11,2.0,2.0,0,
403,Keith Smith,24,DAL,DB,16,1,0,0,0,0,0,0,0,0,0,0,0.0,5,5,0,0.0,0.0,0,
404,Daniel Sorensen,26,KAN,DB,16,1,3,48,1,48,6,2,0,3,56,0,1.0,63,55,8,4.0,3.0,0,
405,Brandon Williams,29,SEA,TE,16,1,0,0,0,0,0,0,0,0,0,0,0.0,6,4,2,0.0,0.0,0,
406,Roberto Aguayo,22,TAM,K,16,0,0,0,0,0,0,0,0,0,0,0,0.0,1,1,0,0.0,0.0,0,
407,Antonio Andrews,24,TEN,RB,16,0,0,0,0,0,0,0,0,0,0,0,0.0,5,3,2,0.0,0.0,0,
408,Bryan Anger,28,TAM,P,16,0,0,0,0,0,0,0,0,0,0,0,0.0,2,2,0,0.0,0.0,0,
409,George Atkinson,24,CLE,RB,16,0,0,0,0,0,0,0,1,0,0,0,0.0,3,3,0,0.0,0.0,0,
410,Akeem Ayers,27,IND,LB,16,0,1,25,0,25,2,0,0,0,0,0,2.0,21,14,7,1.0,5.0,0,
411,Dan Bailey,28,DAL,K,16,0,0,0,0,0,0,0,0,0,0,0,0.0,2,1,1,0.0,0.0,0,
412,Shaquil Barrett,24,DEN,LB,16,0,0,0,0,0,2,1,0,0,0,0,1.5,36,23,13,4.0,4.0,0,
413,Daren Bates,26,OAK,LB,16,0,0,0,0,0,0,0,0,0,0,0,0.0,12,8,4,0.0,0.0,0,
414,Jordan Berry,25,PIT,P,16,0,0,0,0,0,0,0,1,0,0,0,0.0,0,0,0,,,0,
415,Ronald Blair,23,SFO,DE,16,0,0,0,0,0,0,0,0,0,0,0,3.0,16,11,5,3.0,8.0,0,
416,Bryan Braman,29,PHI,LB,16,0,0,0,0,0,0,0,0,0,0,0,0.0,5,5,0,0.0,0.0,0,
417,Beau Brinkley,26,TEN,TE,16,0,0,0,0,0,0,0,0,0,0,0,0.0,3,3,0,0.0,0.0,0,
418,Malcolm Brown,23,LAR,RB,16,0,0,0,0,0,0,0,1,1,0,0,0.0,2,2,0,0.0,0.0,0,
419,Tank Carder,27,CLE,LB,16,0,0,0,0,0,0,0,0,0,0,0,0.0,5,5,0,0.0,0.0,0,
420,Joe Cardona,24,NWE,LS,16,0,0,0,0,0,0,0,0,0,0,0,0.0,3,1,2,0.0,0.0,0,
421,Dan Carpenter,31,BUF,K,16,0,0,0,0,0,0,0,0,0,0,0,0.0,1,1,0,0.0,0.0,0,
422,Chandler Catanzaro,25,ARI,K,16,0,0,0,0,0,0,0,0,0,0,0,0.0,1,0,1,0.0,0.0,0,
423,Will Clarke,25,CIN,DE,16,0,0,0,0,0,1,0,0,0,0,0,4.0,15,10,5,4.0,6.0,0,
424,Audie Cole,27,MIN,LB,16,0,0,0,0,0,0,0,0,1,0,0,0.0,12,7,5,0.0,0.0,0,
425,Jon Condo,35,OAK,LS,16,0,0,0,0,0,0,0,1,0,0,0,0.0,1,1,0,0.0,0.0,0,
426,Morgan Cox,30,BAL,LS,16,0,0,0,0,0,0,0,1,0,-3,0,0.0,2,1,1,0.0,0.0,0,PB
427,Mason Crosby,32,GNB,K,16,0,0,0,0,0,0,0,0,0,0,0,0.0,1,1,0,0.0,0.0,0,
428,Vinny Curry,28,PHI,DE,16,0,0,0,0,0,0,0,0,0,0,0,2.5,26,18,8,6.0,12.0,0,
429,Matt Darr,24,MIA,P,16,0,0,0,0,0,0,0,2,1,-6,0,0.0,2,1,1,0.0,0.0,0,
430,Sheldon Day,22,JAX,DT,16,0,0,0,0,0,0,0,0,0,0,0,1.0,8,6,2,4.0,1.0,0,
431,John Denney,38,MIA,LS,16,0,0,0,0,0,0,0,0,0,0,0,0.0,1,0,1,0.0,0.0,0,
432,Zak DeOssie,32,NYG,LB,16,0,0,0,0,0,0,0,0,0,0,0,0.0,8,7,1,0.0,0.0,0,
433,Justin Drescher,28,NOR,LS,16,0,0,0,0,0,0,0,0,0,0,0,0.0,1,1,0,0.0,0.0,0,
434,Dominique Easley,24,LAR,DT,16,0,0,0,0,0,1,2,0,0,0,0,3.5,35,24,11,7.0,5.0,0,
435,Nate Ebner,28,NWE,DB,16,0,0,0,0,0,0,1,0,1,0,0,0.0,19,13,6,0.0,0.0,0,AP-2
436,Lac Edwards,24,NYJ,P,16,0,0,0,0,0,0,0,1,0,-29,0,0.0,0,0,0,,,0,
437,Alex Erickson,24,CIN,WR,16,0,0,0,0,0,0,0,3,3,0,0,0.0,0,0,0,,,0,
438,Marwin Evans,23,GNB,DB,16,0,0,0,0,0,0,0,0,0,0,0,0.0,6,5,1,0.0,0.0,0,
439,Deshazor Everett,24,WAS,DB,16,0,1,0,0,0,1,0,0,0,0,0,0.0,12,12,0,0.0,0.0,0,
440,Matthias Farley,24,IND,DB,16,0,0,0,0,0,0,0,0,0,0,0,0.0,11,8,3,0.0,0.0,0,
441,Clayton Fejedelem,23,CIN,DB,16,0,0,0,0,0,0,0,0,0,0,0,0.0,10,7,3,1.0,0.0,0,
442,Josh Ferguson,23,IND,RB,16,0,0,0,0,0,0,0,1,0,0,0,0.0,5,4,1,0.0,0.0,0,
443,Marquis Flowers,24,CIN,LB,16,0,0,0,0,0,0,0,0,1,0,0,0.0,8,8,0,0.0,0.0,0,
444,Nick Folk,32,NYJ,K,16,0,0,0,0,0,0,0,0,0,0,0,0.0,1,1,0,0.0,0.0,0,
445,Andrew Franks,23,MIA,K,16,0,0,0,0,0,0,0,0,0,0,0,0.0,1,1,0,0.0,0.0,0,
446,Nolan Frese,24,SEA,LS,16,0,0,0,0,0,0,1,1,0,-14,0,0.0,3,1,2,0.0,0.0,0,
447,Andrew Gachkar,28,DAL,LB,16,0,0,0,0,0,0,0,0,0,0,0,0.0,11,6,5,1.0,3.0,0,
448,Graham Gano,29,CAR,K,16,0,0,0,0,0,0,0,0,0,0,0,0.0,4,4,0,0.0,0.0,0,
449,Ben Garland,28,ATL,DT,16,0,0,0,0,0,0,0,0,0,0,0,0.0,3,3,0,0.0,0.0,0,
450,Terence Garvin,25,WAS,LB,16,0,0,0,0,0,0,0,0,0,0,0,0.5,16,10,6,0.0,2.0,0,
451,Najee Goode,27,PHI,LB,16,0,0,0,0,0,0,0,0,0,0,0,0.0,10,9,1,0.0,0.0,0,
452,Adam Gotsis,24,DEN,DE,16,0,0,0,0,0,1,0,0,1,0,0,0.0,14,5,9,0.0,3.0,0,
453,Jakeem Grant,24,MIA,WR,16,0,0,0,0,0,0,0,4,3,0,0,0.0,1,1,0,0.0,0.0,0,
454,Bryce Hager,24,LAR,LB,16,0,0,0,0,0,1,0,0,0,0,0,0.0,6,6,0,0.0,2.0,0,
455,Josh Harris,27,ATL,DB,16,0,0,0,0,0,0,0,0,0,0,0,0.0,3,3,0,0.0,0.0,0,
456,Stephen Hauschka,31,SEA,K,16,0,0,0,0,0,0,1,0,0,0,0,0.0,2,2,0,0.0,0.0,0,
457,Jeff Heath,25,DAL,DB,16,0,1,19,0,19,2,0,0,0,0,0,0.0,23,16,7,0.0,0.0,0,
458,Charley Hughlett,26,CLE,LS,16,0,0,0,0,0,0,0,0,0,0,0,0.0,5,3,2,0.0,0.0,0,
459,Danielle Hunter,22,MIN,DE,16,0,0,0,0,0,1,1,0,1,24,1,12.5,56,34,22,11.0,19.0,1,
460,J.J. Jansen,30,CAR,LS,16,0,0,0,0,0,0,0,0,0,0,0,0.0,1,0,1,0.0,0.0,0,
461,Chris Jones,27,DAL,P,16,0,0,0,0,0,0,0,0,0,0,0,0.0,3,2,1,0.0,0.0,0,
462,Donnie Jones,36,PHI,P,16,0,0,0,0,0,0,0,1,1,-14,0,0.0,0,0,0,,,0,
463,Drew Kaser,23,SDG,P,16,0,0,0,0,0,0,0,1,0,-17,0,0.0,1,1,0,0.0,0.0,0,
464,Miles Killebrew,23,DET,DB,16,0,1,7,0,7,1,0,0,0,0,0,0.0,28,23,5,0.0,1.0,0,
465,Brandon King,23,NWE,DB,16,0,0,0,0,0,0,0,0,0,0,0,0.0,10,7,3,0.0,0.0,0,
466,Marquette King,28,OAK,P,16,0,0,0,0,0,0,0,1,2,-3,0,0.0,1,1,0,0.0,0.0,0,AP-2
467,Sam Koch,34,BAL,P,16,0,0,0,0,0,0,0,0,0,0,0,0.0,1,1,0,0.0,0.0,0,
468,L.P. Ladouceur,35,DAL,DE,16,0,0,0,0,0,0,0,0,0,0,0,0.0,2,2,0,0.0,0.0,0,
469,Emmanuel Lamur,27,MIN,LB,16,0,0,0,0,0,0,0,0,0,0,0,0.0,13,5,8,0.0,0.0,0,
470,Shane Lechler,40,HOU,P,16,0,0,0,0,0,0,0,0,0,0,0,0.0,2,1,1,0.0,0.0,0,
471,Anthony Levine,29,BAL,DB,16,0,0,0,0,0,1,0,0,0,0,0,0.0,11,7,4,0.0,1.0,0,
472,Jeff Locke,27,MIN,P,16,0,0,0,0,0,0,0,0,0,0,0,0.0,2,2,0,0.0,0.0,0,
473,Wil Lutz,22,NOR,K,16,0,0,0,0,0,0,0,0,0,0,0,0.0,1,1,0,0.0,0.0,0,
474,Chris Maragos,29,PHI,DB,16,0,0,0,0,0,0,0,0,0,0,0,0.0,12,10,2,0.0,0.0,0,
475,Marc Mariani,29,TEN,WR,16,0,0,0,0,0,0,0,1,1,0,0,0.0,0,0,0,0.0,0.0,0,
476,Tyler Matakevich,24,PIT,LB,16,0,0,0,0,0,0,0,0,0,0,0,0.0,20,16,4,0.0,0.0,0,
477,Pat McAfee,29,IND,P,16,0,0,0,0,0,0,0,0,1,0,0,0.0,0,0,0,0.0,0.0,0,PB
478,Kevin McDermott,26,MIN,LS,16,0,0,0,0,0,0,0,0,0,0,0,0.0,1,1,0,0.0,0.0,0,
479,Sherrick McManis,29,CHI,DB,16,0,0,0,0,0,0,0,0,0,0,0,0.0,16,15,1,0.0,0.0,0,
480,Brandon McManus,25,DEN,K,16,0,0,0,0,0,0,0,0,0,0,0,0.0,3,3,0,0.0,0.0,0,
481,Jake McQuaide,29,LAR,LS,16,0,0,0,0,0,0,0,0,0,0,0,0.0,1,1,0,0.0,0.0,0,PB
482,Jonathan Meeks,27,BUF,DB,16,0,0,0,0,0,1,0,0,1,0,0,0.0,16,12,4,0.0,0.0,0,
483,Barkevious Mingo,26,NWE,LB,16,0,0,0,0,0,0,0,0,0,0,0,0.0,11,9,2,1.0,0.0,0,
484,Thomas Morstead,30,NOR,P,16,0,0,0,0,0,0,0,0,0,0,0,0.0,1,1,0,0.0,0.0,0,
485,Don Muhlbach,35,DET,LS,16,0,0,0,0,0,0,0,0,0,0,0,0.0,3,1,2,0.0,0.0,0,
486,Trent Murphy,26,WAS,LB,16,0,0,0,0,0,1,3,0,1,7,0,9.0,47,29,18,10.0,25.0,0,
487,Eric Murray,22,KAN,DB,16,0,0,0,0,0,0,0,0,1,0,0,0.0,9,9,0,0.0,0.0,0,
488,Jason Myers,25,JAX,K,16,0,0,0,0,0,0,0,0,0,0,0,0.0,1,1,0,0.0,0.0,0,
489,Kyle Nelson,30,SFO,LS,16,0,0,0,0,0,0,0,0,0,0,0,0.0,5,3,2,0.0,0.0,0,
490,Brad Nortman,27,JAX,P,16,0,0,0,0,0,0,0,0,0,0,0,0.0,1,1,0,0.0,0.0,0,
491,Nick Novak,35,HOU,K,16,0,0,0,0,0,0,0,0,0,0,0,0.0,1,1,0,0.0,0.0,0,
492,David Onyemata,24,NOR,DT,16,0,0,0,0,0,0,0,0,0,0,0,0.0,18,11,7,0.0,4.0,0,
493,Matt Overton,31,IND,LS,16,0,0,0,0,0,0,0,1,0,0,0,0.0,1,0,1,0.0,0.0,0,
494,Will Parks,22,DEN,DB,16,0,1,1,0,1,3,0,0,1,0,0,0.0,22,17,5,1.0,0.0,0,
495,Bradley Pinion,22,SFO,P,16,0,0,0,0,0,0,0,0,0,0,0,0.0,1,1,0,0.0,0.0,0,
496,Hayes Pullard,24,JAX,LB,16,0,0,0,0,0,0,0,0,0,0,0,0.0,9,5,4,0.0,0.0,0,
497,Chase Reynolds,29,LAR,RB,16,0,0,0,0,0,0,0,0,0,0,0,0.0,11,10,1,0.0,0.0,0,
498,Jalen Richard,23,OAK,RB,16,0,0,0,0,0,0,0,0,2,-2,0,0.0,0,0,0,0.0,0.0,0,
499,Demarcus Robinson,22,KAN,WR,16,0,0,0,0,0,0,0,0,0,0,0,0.0,4,4,0,0.0,0.0,0,
500,Josh Robinson,25,TAM,DB,16,0,0,0,0,0,0,0,0,0,0,0,0.0,12,12,0,0.0,0.0,0,
501,Jon Ryan,35,SEA,P,16,0,0,0,0,0,0,0,3,2,0,0,0.0,1,0,1,0.0,0.0,0,
502,Garrison Sanborn,31,BUF,LS,16,0,0,0,0,0,0,0,0,0,0,0,0.0,4,1,3,0.0,0.0,0,
503,Cairo Santos,25,KAN,K,16,0,0,0,0,0,0,0,0,0,0,0,0.0,2,2,0,0.0,0.0,0,
504,Patrick Scales,28,CHI,LS,16,0,0,0,0,0,0,0,0,0,0,0,0.0,1,1,0,0.0,0.0,0,
505,Colton Schmidt,26,BUF,P,16,0,0,0,0,0,0,0,1,1,0,0,0.0,2,2,0,0.0,0.0,0,
506,Pat Sims,31,CIN,DT,16,0,0,0,0,0,0,0,0,0,0,0,1.5,37,15,22,5.0,5.0,0,
507,Marcus Smith,24,PHI,LB,16,0,0,0,0,0,0,0,0,0,0,0,2.5,16,12,4,3.0,4.0,0,
508,Darrell Stuckey,29,SDG,DB,16,0,0,0,0,0,0,0,0,1,0,0,0.0,11,10,1,0.0,0.0,0,
509,Adarius Taylor,26,TAM,LB,16,0,0,0,0,0,0,0,0,0,0,0,0.0,9,8,1,,,0,
510,Jordan Taylor,24,DEN,WR,16,0,0,0,0,0,0,0,1,1,0,0,0.0,3,2,1,0.0,0.0,0,
511,Chris Thompson,26,WAS,RB,16,0,0,0,0,0,0,0,2,2,0,0,0.0,0,0,0,0.0,0.0,0,
512,Carson Tinker,27,JAX,LS,16,0,0,0,0,0,0,0,0,0,0,0,0.0,2,1,1,0.0,0.0,0,
513,Jordan Todman,26,IND,RB,16,0,0,0,0,0,0,0,0,0,0,0,0.0,7,5,2,0.0,0.0,0,
514,Fitzgerald Toussaint,26,PIT,RB,16,0,0,0,0,0,0,0,0,0,0,0,0.0,3,2,1,0.0,0.0,0,
515,Justin Trattou,28,MIN,DE,16,0,0,0,0,0,0,0,0,0,0,0,0.0,4,3,1,0.0,0.0,0,
516,Brent Urban,25,BAL,DE,16,0,0,0,0,0,2,0,0,0,0,0,2.0,10,7,3,3.0,2.0,0,
517,Destiny Vaeao,22,PHI,DT,16,0,0,0,0,0,0,1,0,0,0,0,2.0,15,9,6,1.0,3.0,0,
518,Nick Vigil,23,CIN,LB,16,0,0,0,0,0,1,0,0,0,0,0,0.0,21,15,6,0.0,0.0,0,
519,Greg Warren,35,PIT,LS,16,0,0,0,0,0,0,0,0,1,0,0,0.0,0,0,0,0.0,0.0,0,
520,Dekoda Watson,28,DEN,LB,16,0,0,0,0,0,0,1,0,0,0,0,1.0,17,13,4,1.0,0.0,0,
521,Eric Weems,31,ATL,WR,16,0,0,0,0,0,0,0,0,0,0,0,0.0,15,9,6,0.0,0.0,0,
522,Fozzy Whittaker,27,CAR,RB,16,0,0,0,0,0,0,0,1,0,0,0,0.0,3,3,0,0.0,0.0,0,
523,Tourek Williams,25,SDG,LB,16,0,0,0,0,0,1,0,0,0,0,0,1.0,21,13,8,1.0,0.0,0,
524,Jarrod Wilson,22,JAX,DB,16,0,0,0,0,0,0,0,0,0,0,0,0.0,8,6,2,0.0,0.0,0,
525,James Winchester,27,KAN,LS,16,0,0,0,0,0,0,0,0,1,0,0,0.0,2,2,0,0.0,0.0,0,
526,Brad Wing,25,NYG,P,16,0,0,0,0,0,0,0,0,0,0,0,0.0,1,1,0,0.0,0.0,0,
527,Greg Zuerlein,29,LAR,K,16,0,0,0,0,0,0,0,0,0,0,0,0.0,1,0,1,0.0,0.0,0,
528,Isa Abdul-Quddus,27,MIA,SS,15,15,2,16,0,9,5,0,0,0,0,0,1.0,78,50,28,2.0,5.0,0,
529,Mike Adams,35,IND,SS,15,15,2,56,0,56,2,2,0,2,0,0,0.0,79,62,17,1.0,2.0,0,
530,Kiko Alonso,26,MIA,MLB,15,15,2,70,1,60,4,1,0,4,2,0,0.0,115,69,46,5.0,6.0,0,
531,David Amerson,25,OAK,LCB,15,15,2,0,0,0,16,0,0,0,0,0,0.0,64,56,8,1.0,0.0,0,
532,Tavon Austin,26,LAR,WR,15,15,0,0,0,0,0,0,5,2,0,0,0.0,0,0,0,0.0,0.0,0,
533,Sam Bradford,29,MIN,QB,15,15,0,0,0,0,0,0,10,3,-6,0,0.0,0,0,0,0.0,0.0,0,
534,Justin Britt,25,SEA,C,15,15,0,0,0,0,0,0,1,0,0,0,0.0,0,0,0,,,0,
535,Kenny Britt,28,LAR,WR,15,15,0,0,0,0,0,0,2,0,0,0,0.0,0,0,0,0.0,0.0,0,
536,DeForest Buckner,22,SFO,LDE,15,15,0,0,0,0,1,0,0,2,0,0,6.0,73,43,30,7.0,18.0,0,
537,Morgan Burnett,27,GNB,SS,15,15,2,19,0,19,9,0,0,1,35,0,3.0,93,70,23,3.0,4.0,0,
538,Derek Carr,25,OAK,QB,15,15,0,0,0,0,0,0,5,0,-11,0,0.0,0,0,0,,,0,"PB,AP MVP-3,AP OPoY-6"
539,Jurrell Casey,27,TEN,RDE,15,15,0,0,0,0,5,0,0,0,0,0,5.0,44,31,13,8.0,18.0,0,PB
540,Kurt Coleman,28,CAR,SS,15,15,4,57,1,37,7,1,0,0,0,0,1.0,95,66,29,1.0,2.0,0,
541,William Compton,27,WAS,LILB,15,15,1,5,0,5,5,1,0,2,0,0,0.0,106,61,45,5.0,2.0,0,
542,Tyeler Davison,24,NOR,LDT,15,15,0,0,0,0,2,0,0,0,0,0,0.0,23,9,14,0.0,1.0,0,
543,Ezekiel Elliott,21,DAL,RB,15,15,0,0,0,0,0,0,5,3,-7,0,0.0,0,0,0,0.0,0.0,0,"PB,AP-1,AP MVP-3,AP OPoY-5,AP ORoY-2"
544,C.J. Fiedorowicz,25,HOU,TE,15,15,0,0,0,0,0,0,1,0,0,0,0.0,0,0,0,,,0,
545,Stephon Gilmore,26,BUF,RCB,15,15,5,135,0,49,12,0,0,0,0,0,0.0,48,42,6,0.0,0.0,0,PB
546,Letroy Guion,29,GNB,NT,15,15,0,0,0,0,1,0,0,0,0,0,0.0,30,20,10,6.0,1.0,0,
547,David Harris,32,NYJ,RILB,15,15,0,0,0,0,2,0,0,0,0,0,0.5,95,63,32,5.0,2.0,0,
548,Joe Hawley,28,TAM,C,15,15,0,0,0,0,0,0,1,0,0,0,0.0,0,0,0,0.0,0.0,0,
549,Mike Iupati,29,ARI,LG,15,15,0,0,0,0,0,0,0,1,0,0,0.0,0,0,0,0.0,0.0,0,
550,Jackrabbit Jenkins,28,NYG,RCB,15,15,3,26,0,23,18,1,1,0,0,0,1.0,49,44,5,5.0,1.0,0,"PB,AP-2"
551,Sean Lee,30,DAL,RLB,15,15,0,0,0,0,1,0,0,1,0,0,0.0,145,93,52,12.0,2.0,0,"PB,AP-1,AP DPoY-5"
552,Andrew Luck,27,IND,QB,15,15,0,0,0,0,0,0,6,3,-11,0,0.0,0,0,0,0.0,0.0,0,
553,Marcus Mariota,23,TEN,QB,15,15,0,0,0,0,0,0,10,2,-22,0,0.0,0,0,0,0.0,0.0,0,
554,Brandon Marshall,32,NYJ,WR,15,15,0,0,0,0,0,1,0,1,0,0,0.0,0,0,0,0.0,0.0,0,
555,Terrell McClain,28,DAL,LDT,15,15,0,0,0,0,0,2,0,0,0,0,2.5,40,21,19,3.0,7.0,0,
556,Gerald McCoy,28,TAM,LDT,15,15,0,0,0,0,5,2,0,2,0,0,7.0,34,26,8,5.0,14.0,0,"PB,AP-2"
557,LeSean McCoy,28,BUF,RB,15,15,0,0,0,0,0,0,3,1,-5,0,0.0,0,0,0,0.0,0.0,0,PB
558,Whitney Mercilus,26,HOU,LOLB,15,15,0,0,0,0,1,1,0,4,7,0,7.5,53,36,17,13.0,22.0,0,AP-2
559,Derrick Morgan,27,TEN,LOLB,15,15,0,0,0,0,1,0,0,0,0,0,9.0,33,24,9,11.0,22.0,0,
560,Steven Nelson,23,KAN,RCB,15,15,0,0,0,0,16,0,0,2,0,0,0.0,65,59,6,4.0,1.0,0,
561,Zach Orr,24,BAL,RILB,15,15,3,23,0,14,5,1,0,2,0,0,0.0,133,92,41,6.0,1.0,0,AP-2
562,Carson Palmer,37,ARI,QB,15,15,0,0,0,0,0,0,14,6,-21,0,0.0,0,0,0,0.0,0.0,0,
563,Marcus Peters,23,KAN,LCB,15,15,6,63,0,28,20,1,0,3,31,0,0.0,45,35,10,0.0,0.0,0,"PB,AP-1"
564,Calvin Pryor,24,NYJ,SS,15,15,0,0,0,0,6,1,0,0,0,0,0.0,62,45,17,4.0,1.0,0,
565,Darrelle Revis,31,NYJ,RCB,15,15,1,51,0,51,5,0,0,0,0,0,0.0,53,43,10,1.0,0.0,0,
566,Craig Robertson,28,NOR,LLB,15,15,1,29,0,29,4,0,0,2,5,0,1.0,115,71,44,6.0,6.0,0,
567,Mohamed Sanu,27,ATL,WR,15,15,0,0,0,0,0,0,1,0,0,0,0.0,0,0,0,0.0,0.0,0,
568,DeShawn Shead,27,SEA,RCB,15,15,1,2,0,2,14,1,0,0,0,0,0.0,81,57,24,0.0,0.0,0,
569,Alex Smith,32,KAN,QB,15,15,0,0,0,0,0,0,7,2,-22,0,0.0,0,0,0,0.0,0.0,0,PB
570,Sean Smith,29,OAK,RCB,15,15,2,27,0,27,11,0,0,0,0,0,0.0,40,33,7,1.0,0.0,0,
571,Terrell Suggs,34,BAL,LOLB,15,15,0,0,0,0,4,3,0,0,0,0,8.0,35,28,7,11.0,16.0,0,
572,Tyrod Taylor,27,BUF,QB,15,15,0,0,0,0,0,0,4,3,-6,0,0.0,0,0,0,0.0,0.0,0,
573,Tahir Whitehead,26,DET,MLB,15,15,0,0,0,0,5,0,0,0,0,0,0.0,132,99,33,3.0,0.0,0,
574,Vince Wilfork,35,HOU,NT,15,15,0,0,0,0,1,0,0,0,0,0,0.0,21,9,12,2.0,3.0,0,
575,Kyle Williams,33,BUF,LDE,15,15,0,0,0,0,0,0,0,0,0,0,5.0,64,42,22,11.0,15.0,0,PB
576,Shawn Williams,25,CIN,SS,15,15,3,14,0,13,5,0,1,0,0,0,1.0,81,59,22,3.0,8.0,0,
577,Nelson Agholor,23,PHI,WR,15,14,0,0,0,0,0,0,1,1,0,0,0.0,0,0,0,0.0,0.0,0,
578,Adrian Amos,23,CHI,FS,15,14,0,0,0,0,4,1,0,1,21,0,0.0,65,57,8,3.0,0.0,0,
579,Dee Ford,25,KAN,LOLB,15,14,0,0,0,0,2,1,0,0,0,0,10.0,38,25,13,12.0,17.0,0,
580,Chris Hogan,29,NWE,WR,15,14,0,0,0,0,0,0,1,0,0,0,0.0,0,0,0,0.0,0.0,0,
581,Tony Jefferson,24,ARI,SS,15,14,0,0,0,0,5,2,0,2,0,0,2.0,96,78,18,13.0,4.0,0,
582,Eric Kendricks,24,MIN,MLB,15,14,1,77,1,77,9,1,0,1,0,0,2.5,109,70,39,9.0,4.0,0,
583,Dre Kirkpatrick,27,CIN,LCB,15,14,3,21,0,21,10,0,0,0,0,0,0.0,46,35,11,0.0,0.0,0,
584,Cam Newton,27,CAR,QB,15,14,0,0,0,0,0,0,3,1,0,0,0.0,0,0,0,0.0,0.0,0,
585,Brock Osweiler,26,HOU,QB,15,14,0,0,0,0,0,0,5,2,-5,0,0.0,0,0,0,0.0,0.0,0,
586,Corey Peters,28,ARI,NT,15,14,0,0,0,0,0,0,0,0,0,0,0.0,21,12,9,4.0,1.0,1,
587,Sheldon Richardson,26,NYJ,LOLB,15,14,0,0,0,0,2,1,0,2,0,0,1.5,62,38,24,13.0,9.0,0,
588,Malcolm Smith,27,OAK,RLB,15,14,1,0,0,0,3,2,0,1,1,0,0.0,103,86,17,3.0,2.0,0,
589,Jamar Taylor,26,CLE,RCB,15,14,3,43,0,29,13,0,0,0,0,0,0.0,57,46,11,0.0,1.0,0,
590,Ricky Wagner,27,BAL,RT,15,14,0,0,0,0,0,0,0,1,0,0,0.0,0,0,0,0.0,0.0,0,
591,Muhammad Wilkerson,27,NYJ,RDE,15,14,0,0,0,0,3,1,0,0,0,0,4.5,58,33,25,10.0,12.0,0,
592,Tavon Wilson,26,DET,SS,15,14,2,23,0,18,2,0,0,2,-2,0,1.0,89,74,15,4.0,1.0,0,
593,Marcus Cooper,26,ARI,RCB,15,13,4,95,1,60,11,0,0,0,0,0,0.0,69,63,6,0.0,0.0,0,
594,Javon Hargrave,23,PIT,NT,15,13,0,0,0,0,0,0,0,1,0,1,2.0,27,18,9,5.0,3.0,0,
595,Jordan Howard,22,CHI,RB,15,13,0,0,0,0,0,0,2,4,0,0,0.0,0,0,0,0.0,0.0,0,PB
596,Deion Jones,22,ATL,RILB,15,13,3,165,2,90,11,1,0,0,0,0,0.0,108,75,33,4.0,2.0,0,AP DRoY-3
597,Paul Kruger,30,NOR,LDE,15,13,0,0,0,0,1,1,0,2,0,0,1.5,25,20,5,6.0,9.0,1,
598,Josh Mauro,25,ARI,RDE,15,13,0,0,0,0,1,0,0,0,0,0,0.0,32,24,8,7.0,3.0,0,
599,T.J. Yeldon,23,JAX,RB,15,13,0,0,0,0,0,0,2,0,0,0,0.0,0,0,0,0.0,0.0,0,
600,Jay Ajayi,23,MIA,RB,15,12,0,0,0,0,0,0,4,2,0,0,0.0,0,0,0,0.0,0.0,0,PB
601,Victor Cruz,30,NYG,WR,15,12,0,0,0,0,0,0,1,0,0,0,0.0,0,0,0,0.0,0.0,0,
602,Gerald Hodges,25,SFO,RILB,15,12,2,27,0,21,2,1,0,1,0,0,3.0,83,55,28,3.0,4.0,0,
603,Michael Thomas,23,NOR,WR,15,12,0,0,0,0,0,0,2,2,10,0,0.0,0,0,0,0.0,0.0,0,
604,A.J. Bouye,25,HOU,RCB,15,11,1,0,0,0,16,0,0,0,0,0,1.0,63,48,15,2.0,1.0,0,
605,Joshua Garnett,22,SFO,RG,15,11,0,0,0,0,0,0,0,3,0,0,0.0,0,0,0,0.0,0.0,0,
606,Andre Hal,24,HOU,FS,15,11,2,36,0,24,7,0,0,0,0,0,1.0,48,32,16,2.0,1.0,0,
607,Adolphus Washington,22,BUF,RDE,15,11,0,0,0,0,1,0,0,0,0,0,2.5,21,12,9,4.0,3.0,0,
608,Tre Boston,24,CAR,FS,15,10,2,29,0,22,7,0,0,0,0,0,2.0,53,38,15,5.0,4.0,0,
609,Cameron Brate,25,TAM,TE,15,10,0,0,0,0,0,0,1,0,0,0,0.0,2,1,1,0.0,0.0,0,
610,Hunter Henry,22,SDG,TE,15,10,0,0,0,0,0,0,1,0,0,0,0.0,0,0,0,0.0,0.0,0,
611,Duke Ihenacho,27,WAS,FS,15,10,0,0,0,0,2,0,0,0,0,0,0.0,66,54,12,4.0,1.0,0,
612,Terence Newman,38,MIN,LCB,15,10,1,0,0,0,8,0,0,0,0,0,0.0,38,33,5,3.0,0.0,0,
613,Earl Watford,26,ARI,RG,15,10,0,0,0,0,0,0,0,3,0,0,0.0,0,0,0,0.0,0.0,0,
614,Abry Jones,25,JAX,RDT,15,9,0,0,0,0,1,0,0,0,0,0,0.0,32,26,6,4.0,0.0,0,
615,Rashaan Melvin,27,IND,LCB,15,9,0,0,0,0,7,2,0,1,0,0,0.0,60,52,8,1.0,0.0,0,
616,Captain Munnerlyn,28,MIN,DB,15,9,0,0,0,0,3,1,0,0,0,0,0.0,55,38,17,2.0,0.0,0,
617,Dominique Rodgers-Cromartie,30,NYG,LCB,15,9,6,28,0,28,21,1,0,0,0,0,1.0,49,41,8,2.0,1.0,0,AP-2
618,Delanie Walker,32,TEN,TE,15,9,0,0,0,0,0,0,1,1,0,0,0.0,0,0,0,0.0,0.0,0,PB
619,Jamie Collins,27,2TM,ROLB,15,14,2,31,0,18,3,2,0,0,0,0,3.0,112,79,33,8.0,8.0,0,
619,Jamie Collins,27,NWE,LLB,7,6,2,31,0,18,3,1,0,0,0,0,1.0,43,31,12,1.0,3.0,0,
619,Jamie Collins,27,CLE,ROLB,8,8,0,0,0,0,0,1,0,0,0,0,2.0,69,48,21,7.0,5.0,0,
620,Mychal Kendricks,26,PHI,RLB,15,8,0,0,0,0,1,0,0,1,15,0,0.0,32,23,9,3.0,3.0,0,
621,Jabaal Sheard,27,NWE,RDE,15,8,0,0,0,0,4,0,0,0,0,0,5.0,33,20,13,7.0,10.0,0,
622,Tyrunn Walker,26,DET,LDT,15,8,0,0,0,0,0,0,0,1,0,0,0.0,26,15,11,4.0,2.0,0,
623,Trae Waynes,24,MIN,DB,15,8,3,4,0,4,11,0,0,0,0,0,0.0,50,42,8,1.0,0.0,0,
624,Anthony Chickillo,24,PIT,LOLB,15,7,0,0,0,0,0,2,0,0,0,0,2.5,29,21,8,5.0,8.0,0,
625,Phillip Dorsett,23,IND,WR,15,7,0,0,0,0,0,0,1,1,-4,0,0.0,0,0,0,0.0,0.0,0,
626,James Harrison,38,PIT,ROLB,15,7,1,0,0,0,1,2,0,0,0,0,5.0,53,39,14,9.0,9.0,0,
627,A.J. Klein,25,CAR,MLB,15,7,0,0,0,0,1,2,0,0,0,0,1.0,31,17,14,2.0,1.0,0,
628,Jerick McKinnon,24,MIN,RB,15,7,0,0,0,0,0,0,0,0,0,0,0.0,1,1,0,0.0,0.0,0,
629,Brooks Reed,29,ATL,LDE,15,7,0,0,0,0,1,1,0,0,0,0,2.0,25,17,8,2.0,7.0,0,
630,Will Blackmon,32,WAS,FS,15,6,1,79,0,79,3,1,0,0,0,0,0.5,41,25,16,0.0,2.0,0,
631,John Brown,26,ARI,WR,15,6,0,0,0,0,0,0,1,0,0,0,0.0,0,0,0,0.0,0.0,0,
632,Ty Montgomery,23,GNB,RB,15,6,0,0,0,0,0,0,2,0,0,0,0.0,0,0,0,0.0,0.0,0,
633,JJ Nelson,24,ARI,WR,15,6,0,0,0,0,0,0,1,0,0,0,0.0,0,0,0,0.0,0.0,0,
634,Jarran Reed,24,SEA,RDT,15,6,0,0,0,0,3,0,0,0,0,0,1.5,34,13,21,1.0,4.0,0,
635,Sean Spence,26,TEN,LILB,15,6,0,0,0,0,3,1,0,0,0,0,3.0,54,37,17,2.0,5.0,0,
636,Daimion Stafford,25,TEN,S,15,6,1,4,0,4,2,0,0,1,0,0,1.0,52,42,10,2.0,2.0,0,
637,Jaquiski Tartt,24,SFO,FS,15,6,0,0,0,0,3,0,0,0,0,0,1.0,61,47,14,4.0,3.0,0,
638,Frank Clark,23,SEA,LDE,15,5,0,0,0,0,0,2,0,1,27,0,10.0,47,25,22,11.0,18.0,0,
639,Ken Crawley,23,NOR,RCB,15,5,0,0,0,0,8,1,0,1,0,0,0.0,43,40,3,2.0,0.0,0,
640,Chris Hairston,27,SDG,LT,15,5,0,0,0,0,0,0,0,1,0,0,0.0,0,0,0,0.0,0.0,0,
641,Mike Purcell,25,SFO,NT,15,5,0,0,0,0,0,1,0,0,0,0,0.0,26,17,9,1.0,0.0,0,
642,Darren Sproles,33,PHI,RB,15,5,0,0,0,0,0,0,1,3,0,0,0.0,1,1,0,0.0,0.0,0,PB
643,Trey Burton,25,PHI,TE,15,4,0,0,0,0,0,1,0,1,0,0,0.0,6,5,1,0.0,0.0,0,
644,T.J. Green,21,IND,DB,15,4,0,0,0,0,2,0,0,0,0,0,0.0,43,32,11,0.0,3.0,0,
645,Chris Hubbard,25,PIT,T,15,4,0,0,0,0,0,0,1,0,-7,0,0.0,0,0,0,,,0,
646,Adam Humphries,23,TAM,WR,15,4,0,0,0,0,0,0,3,2,0,0,0.0,0,0,0,0.0,0.0,0,
647,Datone Jones,26,GNB,DE,15,4,0,0,0,0,2,0,0,0,0,0,1.0,22,17,5,3.0,12.0,0,
648,Zach Line,26,MIN,RB,15,4,0,0,0,0,0,0,0,0,0,0,0.0,2,2,0,0.0,0.0,0,
649,Willie Snead,24,NOR,WR,15,4,0,0,0,0,0,0,2,0,0,0,0.0,1,1,0,0.0,0.0,0,
650,Corey White,26,BUF,DB,15,4,2,0,0,0,4,0,0,0,0,0,0.0,30,22,8,0.0,0.0,0,
651,Cody Davis,27,LAR,DB,15,3,1,29,0,29,3,0,0,0,0,0,0.0,14,9,5,1.0,1.0,0,
652,Darqueze Dennard,25,CIN,DB,15,3,0,0,0,0,1,0,0,0,0,0,0.0,47,32,15,0.0,1.0,0,
653,Jake Fisher,23,CIN,T,15,3,0,0,0,0,0,0,1,0,0,0,0.0,0,0,0,,,0,
654,Tracy Howard,22,CLE,DB,15,3,0,0,0,0,1,0,0,0,0,0,0.0,20,15,5,0.0,0.0,0,
655,Spencer Paysinger,28,MIA,LB,15,3,0,0,0,0,3,0,0,2,0,0,0.0,59,42,17,0.0,2.0,0,
656,Kevon Seymour,23,BUF,DB,15,3,0,0,0,0,3,0,0,0,0,0,0.0,22,20,2,0.0,0.0,0,
657,David Irving,23,DAL,DT,15,2,0,0,0,0,5,4,0,1,0,0,4.0,17,12,5,5.0,15.0,0,
658,Phillip Supernaw,26,TEN,TE,15,2,0,0,0,0,0,0,0,0,0,0,0.0,4,2,2,0.0,0.0,0,
659,Cornelius Washington,27,CHI,LB,15,2,0,0,0,0,1,0,0,0,0,0,2.0,20,14,6,2.0,4.0,0,
660,Peyton Barber,22,TAM,RB,15,1,0,0,0,0,0,0,0,0,0,0,0.0,2,1,1,0.0,0.0,0,
661,Travaris Cadet,27,NOR,RB,15,1,0,0,0,0,0,0,0,0,0,0,0.0,5,3,2,0.0,0.0,0,
662,Dwight Freeney,36,ATL,DE,15,1,0,0,0,0,0,0,0,0,0,0,3.0,10,7,3,4.0,10.0,0,
663,Mike Gillislee,26,BUF,RB,15,1,0,0,0,0,0,0,1,1,0,0,0.0,4,4,0,0.0,0.0,0,
664,Charone Peake,24,NYJ,WR,15,1,0,0,0,0,0,0,0,1,42,1,0.0,4,2,2,0.0,0.0,0,
665,Joshua Perry,22,SDG,LB,15,1,0,0,0,0,0,1,0,0,0,0,0.0,22,16,6,1.0,0.0,0,
666,Jay Prosch,24,HOU,RB,15,1,0,0,0,0,0,0,0,0,0,0,0.0,4,3,1,0.0,0.0,0,
667,Brandon Tate,29,BUF,WR,15,1,0,0,0,0,0,0,0,0,0,0,0.0,1,1,0,0.0,0.0,0,
668,Lucky Whitehead,24,DAL,WR,15,1,0,0,0,0,0,0,3,2,0,0,0.0,0,0,0,0.0,0.0,0,
669,Kyle Wilber,27,DAL,LB,15,1,0,0,0,0,0,1,0,2,0,0,0.0,9,7,2,0.0,0.0,0,
670,Walt Aikens,25,MIA,DB,15,0,0,0,0,0,0,0,0,0,0,0,0.0,7,4,3,0.0,0.0,0,
671,Arrelious Benn,28,JAX,WR,15,0,0,0,0,0,0,0,0,0,0,0,0.0,5,5,0,0.0,0.0,0,
672,Chris Boswell,25,PIT,K,15,0,0,0,0,0,0,0,0,0,0,0,0.0,1,1,0,0.0,0.0,0,
673,Jay Bromley,24,NYG,DT,15,0,0,0,0,0,0,0,0,0,0,0,1.0,14,9,5,2.0,1.0,0,
674,Michael Burton,24,DET,RB,15,0,0,0,0,0,0,0,0,0,0,0,0.0,1,1,0,0.0,0.0,0,
675,B.J. Goodson,23,NYG,LB,15,0,0,0,0,0,0,1,0,0,0,0,0.0,9,5,4,0.0,0.0,0,
676,Johnny Holton,26,OAK,WR,15,0,0,0,0,0,0,0,1,0,0,0,0.0,12,11,1,0.0,0.0,0,
677,Margus Hunt,29,CIN,DE,15,0,0,0,0,0,2,0,0,0,0,0,0.0,17,9,8,2.0,4.0,0,
678,Cullen Jenkins,35,WAS,NT,15,0,0,0,0,0,0,0,0,0,0,0,1.5,16,10,6,5.0,2.0,0,
679,Dontae Johnson,25,SFO,DB,15,0,0,0,0,0,3,0,0,0,0,0,0.0,15,11,4,1.0,2.0,0,
680,Dean Lowry,22,GNB,DE,15,0,0,0,0,0,1,0,0,0,0,0,2.0,8,6,2,3.0,4.0,0,
681,Josh Martin,25,NYJ,LB,15,0,0,0,0,0,0,0,0,0,0,0,0.5,15,8,7,0.0,1.0,0,
682,David Mayo,23,CAR,LB,15,0,0,0,0,0,0,0,0,0,0,0,0.0,19,16,3,1.0,0.0,0,
683,Chris Moore,23,BAL,WR,15,0,0,0,0,0,0,0,1,2,0,1,0.0,4,3,1,0.0,0.0,0,
684,Alex Okafor,25,ARI,DE,15,0,0,0,0,0,0,1,0,1,0,0,3.5,13,10,3,3.0,6.0,0,
685,Bobby Rainey,29,NYG,RB,15,0,0,0,0,0,0,0,1,0,0,0,0.0,6,4,2,0.0,0.0,0,
686,Keith Reaser,25,SFO,DB,15,0,0,0,0,0,5,2,0,0,0,0,0.0,26,23,3,1.0,1.0,0,
687,Paul Richardson,24,SEA,WR,15,0,0,0,0,0,0,0,0,0,0,0,0.0,2,2,0,0.0,0.0,0,
688,Stepfan Taylor,25,ARI,RB,15,0,0,0,0,0,0,0,0,0,0,0,0.0,1,1,0,0.0,0.0,0,
689,Mike Thomas,22,LAR,WR,15,0,0,0,0,0,0,1,1,0,0,0,0.0,6,6,0,0.0,0.0,0,
690,Peyton Thompson,26,JAX,DB,15,0,0,0,0,0,0,0,0,0,0,0,0.0,14,10,4,0.0,1.0,0,
691,Neiko Thorpe,26,SEA,DB,15,0,0,0,0,0,0,0,0,1,0,0,0.0,19,13,6,0.0,0.0,0,
692,Brynden Trawick,27,OAK,DB,15,0,1,0,0,0,1,0,0,0,0,0,0.0,24,16,8,0.0,0.0,0,
693,Robert Turbin,27,IND,RB,15,0,0,0,0,0,0,0,0,0,0,0,0.0,2,0,2,0.0,0.0,0,
694,Damien Williams,24,MIA,RB,15,0,0,0,0,0,0,0,1,1,0,0,0.0,2,2,0,0.0,0.0,0,
695,Maurice Alexander,25,LAR,FS,14,14,2,19,0,19,4,0,0,0,0,0,1.0,50,38,12,1.0,1.0,0,
696,Dwayne Allen,26,IND,TE,14,14,0,0,0,0,0,0,1,0,0,0,0.0,0,0,0,,,0,
697,Joe Berger,34,MIN,C,14,14,0,0,0,0,0,0,0,0,0,0,0.0,1,1,0,0.0,0.0,0,
698,Alex Boone,29,MIN,LG,14,14,0,0,0,0,0,0,0,1,0,0,0.0,0,0,0,,,0,
699,Bashaud Breeland,24,WAS,LCB,14,14,3,32,0,26,11,2,0,0,0,0,1.0,73,62,11,1.0,1.0,0,
700,Michael Brockers,26,LAR,RDT,14,14,0,0,0,0,2,0,0,0,0,0,0.0,19,14,5,1.0,5.0,0,
701,Brandon Brooks,27,PHI,RG,14,14,0,0,0,0,0,0,0,0,0,0,0.0,1,1,0,0.0,0.0,0,
702,Jadeveon Clowney,23,HOU,RDE,14,14,0,0,0,0,2,1,0,0,0,0,6.0,52,40,12,16.0,17.0,0,"PB,AP-2"
703,Tyrone Crawford,27,DAL,LDE/LDT,14,14,0,0,0,0,0,0,0,2,0,0,4.5,28,16,12,8.0,8.0,0,
704,Ronald Darby,22,BUF,LCB,14,14,0,0,0,0,12,0,0,0,0,0,0.0,69,60,9,1.0,1.0,0,
705,Vontae Davis,28,IND,RCB,14,14,1,0,0,0,10,0,0,0,0,0,0.0,37,34,3,0.0,0.0,0,
706,William Gholston,25,TAM,RDE,14,14,0,0,0,0,0,1,0,1,0,0,3.0,49,37,12,9.0,7.0,0,
707,William Hayes,31,LAR,LDE,14,14,0,0,0,0,0,0,0,0,0,0,5.0,43,31,12,10.0,16.0,0,
708,Trumaine Johnson,26,LAR,LCB,14,14,1,0,0,0,11,0,0,1,0,0,0.0,57,47,10,3.0,0.0,0,
709,Jason McCourty,29,TEN,RCB,14,14,2,7,0,6,12,0,0,1,0,0,0.0,69,60,9,0.0,0.0,0,
710,Lamar Miller,25,HOU,RB,14,14,0,0,0,0,0,0,2,2,0,0,0.0,0,0,0,0.0,0.0,0,
711,C.J. Mosley,24,BAL,LILB,14,14,4,40,0,28,8,1,1,0,0,0,0.0,92,56,36,5.0,4.0,0,"PB,AP-2"
712,Keanu Neal,21,ATL,FS,14,14,0,0,0,0,8,5,0,1,0,0,0.0,106,72,34,2.0,0.0,0,
713,Quinton Patton,26,SFO,WR,14,14,0,0,0,0,0,0,1,0,0,0,0.0,0,0,0,0.0,0.0,0,
714,Xavier Rhodes,26,MIN,RCB,14,14,5,133,1,100,11,1,0,0,0,0,0.0,52,44,8,2.0,0.0,0,PB
715,Greg Robinson,24,LAR,LT,14,14,0,0,0,0,0,0,0,1,0,0,0.0,0,0,0,0.0,0.0,0,
716,Ben Roethlisberger,34,PIT,QB,14,14,0,0,0,0,0,0,8,4,-1,0,0.0,0,0,0,0.0,0.0,0,PB
717,Da'Norris Searcy,28,TEN,SS,14,14,1,0,0,0,6,0,0,1,0,0,0.0,40,35,5,2.0,0.0,0,
718,Andrew Sendejo,29,MIN,SS,14,14,2,18,0,16,4,0,1,2,5,0,0.5,69,45,24,0.0,1.0,0,
719,Trevor Siemian,25,DEN,QB,14,14,0,0,0,0,0,0,4,0,-1,0,0.0,0,0,0,0.0,0.0,0,
720,Buster Skrine,27,NYJ,LCB,14,14,1,51,0,51,6,0,1,0,0,0,1.0,47,39,8,1.0,1.0,0,
721,Harrison Smith,27,MIN,FS,14,14,0,0,0,0,2,0,0,2,0,0,2.0,91,69,22,4.0,3.0,0,PB
722,Stephon Tuitt,23,PIT,RDE,14,14,0,0,0,0,3,2,0,0,0,0,4.0,38,29,9,8.0,14.0,0,
723,T.J. Ward,30,DEN,SS,14,14,1,23,0,23,8,3,0,2,0,0,1.0,87,69,18,1.0,5.0,0,
724,Spencer Ware,25,KAN,RB,14,14,0,0,0,0,0,0,4,2,0,0,0.0,0,0,0,,,0,
725,Derek Wolfe,26,DEN,LDE,14,14,0,0,0,0,4,0,0,0,0,0,5.5,51,38,13,4.0,19.0,0,
726,Andrew Adams,24,NYG,FS,14,13,1,19,0,19,5,0,0,0,0,0,0.0,46,31,15,1.0,1.0,0,
727,Matt Forte,31,NYJ,RB,14,13,0,0,0,0,0,0,1,0,0,0,0.0,0,0,0,,,0,
728,Will Fuller,22,HOU,WR,14,13,0,0,0,0,0,0,2,0,0,0,0.0,0,0,0,0.0,0.0,0,
729,Kareem Jackson,28,HOU,DB,14,13,1,42,1,42,4,0,0,0,0,0,0.0,62,51,11,3.0,0.0,0,
730,Jordan Matthews,24,PHI,WR,14,13,0,0,0,0,0,0,1,0,0,0,0.0,0,0,0,0.0,0.0,0,
731,Prince Amukamara,27,JAX,LCB,14,12,0,0,0,0,6,0,0,0,0,0,0.0,49,46,3,1.0,0.0,0,
732,Robert Mathis,35,IND,ROLB,14,12,0,0,0,0,0,3,0,2,14,1,5.0,20,15,5,5.0,5.0,0,
733,Latavius Murray,26,OAK,RB,14,12,0,0,0,0,0,0,2,0,0,0,0.0,0,0,0,,,0,
734,Cedric Ogbuehi,24,CIN,RT,14,12,0,0,0,0,0,0,0,1,0,0,0.0,0,0,0,0.0,0.0,0,
735,Nick Perry,26,GNB,ROLB,14,12,1,0,0,0,4,0,0,0,0,0,11.0,52,35,17,12.0,16.0,0,
736,Shaq Thompson,22,CAR,LLB,14,12,1,12,0,12,5,0,0,2,9,1,0.0,56,39,17,4.0,2.0,0,
737,Eli Apple,21,NYG,LCB,14,11,1,0,0,0,7,1,0,2,0,0,0.0,51,41,10,4.0,0.0,0,
738,Chris Conte,27,TAM,SS,14,11,2,73,1,53,5,0,0,1,10,0,0.0,69,59,10,1.0,0.0,0,
739,Quinton Dial,26,SFO,RDE,14,11,0,0,0,0,2,0,0,0,0,0,0.0,36,24,12,1.0,1.0,0,
740,Ryan Fitzpatrick,34,NYJ,QB,14,11,0,0,0,0,0,0,9,4,-6,0,0.0,0,0,0,0.0,0.0,0,
741,Jordan Jenkins,22,NYJ,ROLB,14,11,0,0,0,0,2,1,0,1,0,0,2.5,41,23,18,2.0,3.0,0,
742,Tyler Kroft,24,CIN,TE,14,11,0,0,0,0,0,0,0,0,0,0,0.0,7,5,2,0.0,0.0,0,
743,Tyson Alualu,29,JAX,RDE,14,10,0,0,0,0,0,1,0,0,0,0,2.5,37,29,8,6.0,6.0,0,
744,Nick Bellore,27,SFO,LILB,14,10,1,4,0,4,5,1,0,1,0,0,1.0,83,60,23,4.0,3.0,0,
745,Cameron Meredith,24,CHI,WR,14,10,0,0,0,0,0,0,3,1,0,0,0.0,0,0,0,0.0,0.0,0,
746,Jake Ryan,24,GNB,LILB,14,10,0,0,0,0,3,0,0,0,0,0,0.0,82,57,25,7.0,3.0,0,
747,Antonio Gates,36,SDG,TE,14,9,0,0,0,0,0,0,1,0,0,0,0.0,0,0,0,0.0,0.0,0,
748,Jarvis Jones,27,PIT,ROLB,14,9,1,20,0,20,3,2,0,1,0,0,1.0,42,29,13,4.0,6.0,0,
749,Travis Benjamin,27,SDG,WR,14,8,0,0,0,0,0,0,5,0,0,0,0.0,0,0,0,0.0,0.0,0,
750,Ibraheim Campbell,24,CLE,SS,14,8,0,0,0,0,0,0,0,0,0,0,0.0,48,34,14,0.0,1.0,0,
751,Lamarcus Joyner,26,LAR,DB,14,8,0,0,0,0,5,1,0,0,0,0,1.0,66,50,16,3.0,2.0,0,
752,B.W. Webb,26,NOR,CB,14,8,1,7,0,7,11,0,0,0,0,0,0.0,28,25,3,0.0,0.0,0,
753,Rashad Johnson,30,TEN,FS,14,7,0,0,0,0,1,1,0,0,0,0,0.0,38,25,13,1.0,0.0,0,
754,Ben Koyack,23,JAX,TE,14,7,0,0,0,0,0,0,0,1,0,0,0.0,1,1,0,0.0,0.0,0,
755,Nick Kwiatkoski,23,CHI,LILB,14,7,0,0,0,0,2,1,0,0,0,0,1.0,44,34,10,3.0,1.0,0,
756,Kyle Van Noy,25,2TM,RLB,14,9,1,0,0,0,3,1,0,0,0,0,1.0,52,32,20,2.0,2.0,0,
756,Kyle Van Noy,25,DET,RLB,7,7,0,0,0,0,1,0,0,0,0,0,0.0,23,21,2,0.0,1.0,0,
756,Kyle Van Noy,25,NWE,LB,7,2,1,0,0,0,2,1,0,0,0,0,1.0,29,11,18,2.0,1.0,0,
757,Briean Boddy-Calhoun,23,CLE,SS,14,6,3,94,1,67,11,0,1,0,0,0,1.0,43,39,4,2.0,1.0,0,
758,Larry Donnell,28,NYG,TE,14,6,0,0,0,0,0,0,1,0,0,0,0.0,0,0,0,0.0,0.0,0,
759,Rey Maualuga,29,CIN,MLB,14,6,1,9,0,9,2,0,0,0,0,0,0.0,27,17,10,0.0,0.0,0,
760,Robert McClain,28,2TM,DB,14,6,0,0,0,0,1,0,0,0,0,0,0.5,39,22,17,2.0,1.0,0,
760,Robert McClain,28,CAR,DB,11,6,0,0,0,0,1,0,0,0,0,0,0.5,38,21,17,2.0,1.0,0,
760,Robert McClain,28,SDG,DB,3,0,0,0,0,0,0,0,0,0,0,0,0.0,1,1,0,0.0,0.0,0,
761,Jordan Norwood,30,DEN,WR,14,6,0,0,0,0,0,0,5,1,0,0,0.0,2,2,0,0.0,0.0,0,
762,Adrian Phillips,24,SDG,SS,14,6,1,22,0,22,3,0,0,0,0,0,0.0,38,25,13,1.0,1.0,0,
763,Rashard Robinson,21,SFO,RCB,14,6,1,0,0,0,8,0,0,0,0,0,0.0,28,25,3,0.0,0.0,0,
764,Donald Butler,28,MIA,LLB,14,5,0,0,0,0,0,0,0,0,0,0,0.0,28,17,11,3.0,0.0,0,
765,Sammie Coates,23,PIT,WR,14,5,0,0,0,0,0,0,0,0,0,0,0.0,7,3,4,0.0,0.0,0,
766,Jason Jones,30,MIA,RDT,14,5,0,0,0,0,2,0,0,1,0,0,3.5,36,22,14,3.0,12.0,0,
767,Nate Allen,29,OAK,DB,14,4,2,5,0,4,3,0,0,0,0,0,0.0,33,24,9,1.0,0.0,0,
768,Shea McClellin,27,NWE,DE,14,4,0,0,0,0,0,0,0,2,69,0,1.0,41,16,25,1.0,3.0,0,
769,Russell Shepard,26,TAM,WR,14,4,0,0,0,0,0,0,0,1,0,0,0.0,2,2,0,0.0,0.0,0,
770,Zach Zenner,25,DET,RB,14,4,0,0,0,0,0,0,1,0,0,0,0.0,3,3,0,0.0,0.0,0,
771,Austin Hooper,22,ATL,TE,14,3,0,0,0,0,0,0,0,0,0,0,0.0,1,0,1,0.0,0.0,0,
772,Karl Klug,28,TEN,DT,14,3,0,0,0,0,1,0,0,0,0,0,1.5,26,13,13,2.0,5.0,0,
773,Carl Nassib,23,CLE,DE,14,3,0,0,0,0,4,0,0,0,0,0,2.5,20,15,5,2.0,7.0,0,
774,Antwione Williams,23,DET,LB,14,3,0,0,0,0,0,0,1,1,0,0,0.0,27,17,10,2.0,1.0,0,
775,Thurston Armbrister,24,DET,LB,14,2,0,0,0,0,0,0,0,0,0,0,0.0,15,14,1,1.0,0.0,0,
776,Alfred Blue,25,HOU,RB,14,2,0,0,0,0,0,0,2,0,0,0,0.0,6,6,0,0.0,0.0,0,
777,Jordan Dangerfield,26,PIT,DB,14,2,0,0,0,0,0,0,0,0,0,0,0.0,16,5,11,1.0,1.0,0,
778,Quinton Dunbar,24,WAS,DB,14,2,1,0,0,0,5,0,1,1,0,0,1.0,26,23,3,1.0,2.0,0,
779,Darius Latham,22,OAK,DT,14,2,0,0,0,0,1,0,0,0,0,0,0.0,17,8,9,1.0,1.0,0,
780,Darius Philon,22,SDG,DT,14,2,0,0,0,0,0,0,0,0,0,0,1.0,11,7,4,0.0,2.0,0,
781,Chester Rogers,22,IND,WR,14,2,0,0,0,0,0,0,2,0,0,0,0.0,0,0,0,0.0,0.0,0,
782,DeAndre Washington,23,OAK,RB,14,2,0,0,0,0,0,0,1,1,0,0,0.0,0,0,0,0.0,0.0,0,
783,Mario Addison,29,CAR,DE,14,1,0,0,0,0,1,2,0,1,0,0,9.5,27,22,5,11.0,15.0,1,
784,Jonathan Bullard,23,CHI,DE,14,1,0,0,0,0,0,0,0,0,0,0,1.0,18,15,3,4.0,2.0,0,
785,C.J. Goodwin,26,ATL,DB,14,1,0,0,0,0,2,0,0,0,0,0,0.0,17,14,3,0.0,0.0,0,
786,Colin Jones,29,CAR,DB,14,1,0,0,0,0,0,0,0,0,0,0,0.0,6,5,1,0.0,0.0,0,
787,Paul Perkins,22,NYG,RB,14,1,0,0,0,0,0,0,1,1,0,0,0.0,4,3,1,0.0,0.0,0,
788,Martrell Spaight,23,WAS,LB,14,1,1,8,0,8,1,0,0,0,0,0,0.0,28,20,8,0.0,0.0,0,
789,Dominique Alexander,21,CLE,LB,14,0,0,0,0,0,0,0,0,1,2,0,0.0,7,3,4,0.0,0.0,0,
790,Houston Bates,25,WAS,LB,14,0,0,0,0,0,0,0,0,0,0,0,0.0,7,5,2,0.0,0.0,0,
791,Brandon Bolden,26,NWE,RB,14,0,0,0,0,0,0,1,0,1,0,0,0.0,4,4,0,0.0,0.0,0,
792,Don Carey,29,DET,DB,14,0,0,0,0,0,0,1,0,0,0,0,0.0,14,12,2,0.0,0.0,0,
793,Chris Carter,27,2TM,LB,14,0,0,0,0,0,0,0,0,0,0,0,0.0,8,5,3,0.0,0.0,0,
793,Chris Carter,27,BAL,LB,5,0,0,0,0,0,0,0,0,0,0,0,0.0,2,2,0,0.0,0.0,0,
793,Chris Carter,27,IND,LB,9,0,0,0,0,0,0,0,0,0,0,0,0.0,6,3,3,0.0,0.0,0,
794,Alan Cross,23,TAM,TE,14,0,0,0,0,0,0,0,0,0,0,0,0.0,2,2,0,0.0,0.0,0,
795,L.J. Fort,26,PIT,LB,14,0,0,0,0,0,0,0,0,0,0,0,0.0,4,3,1,0.0,1.0,0,
796,Mark Herzlich,29,NYG,LB,14,0,0,0,0,0,0,0,0,1,0,0,0.0,7,4,3,0.0,0.0,0,
797,Tom Johnson,32,MIN,DT,14,0,1,4,0,4,1,0,1,0,0,0,2.0,17,11,6,5.0,23.0,0,
798,Matt Judon,24,BAL,LB,14,0,0,0,0,0,2,0,0,1,3,0,4.0,27,12,15,4.0,10.0,0,
799,Chris Lewis-Harris,27,2TM,DB,14,0,1,11,0,11,2,0,0,0,0,0,0.0,5,3,2,0.0,0.0,0,
799,Chris Lewis-Harris,27,CIN,DB,7,0,1,11,0,11,2,0,0,0,0,0,0.0,4,3,1,0.0,0.0,0,
799,Chris Lewis-Harris,27,BAL,DB,7,0,0,0,0,0,0,0,0,0,0,0,0.0,1,0,1,0.0,0.0,0,
800,Bradley Marquez,24,LAR,WR,14,0,0,0,0,0,0,0,0,0,0,0,0.0,5,4,1,0.0,0.0,0,
801,Dewey McDonald,26,SEA,DB,14,0,0,0,0,0,1,0,0,0,0,0,0.0,8,6,2,0.0,0.0,0,
802,Jared Norris,23,CAR,LB,14,0,0,0,0,0,0,0,0,0,0,0,0.0,6,3,3,0.0,0.0,0,
803,Owamagbe Odighizuwa,24,NYG,DE,14,0,0,0,0,0,1,0,0,0,0,0,0.0,3,2,1,0.0,2.0,0,
804,Nate Palmer,27,TEN,LB,14,0,0,0,0,0,0,0,0,0,0,0,0.0,12,7,5,1.0,0.0,0,
805,Eddie Pleasant,28,HOU,DB,14,0,0,0,0,0,5,0,0,0,0,0,0.0,20,16,4,1.0,1.0,0,
806,Ryan Smith,23,TAM,DB,14,0,0,0,0,0,0,0,0,0,0,0,0.0,1,1,0,0.0,0.0,0,
807,Joe Webb,30,CAR,WR,14,0,0,0,0,0,0,0,0,0,0,0,0.0,6,6,0,0.0,0.0,0,
808,Kerry Wynn,25,NYG,DE,14,0,0,0,0,0,0,0,0,1,0,0,0.5,12,6,6,0.0,1.0,0,
809,Ezekiel Ansah,27,DET,RDE,13,13,0,0,0,0,0,0,0,0,0,0,2.0,35,21,14,7.0,15.0,0,
810,James Bradberry,23,CAR,LCB,13,13,2,21,0,5,10,0,0,0,0,0,0.0,59,47,12,3.0,0.0,0,
811,Dez Bryant,28,DAL,WR,13,13,0,0,0,0,0,0,1,0,0,0,0.0,0,0,0,0.0,0.0,0,PB
812,Deone Bucannon,24,ARI,LILB,13,13,0,0,0,0,4,0,0,1,0,0,0.0,91,66,25,5.0,1.0,0,
813,Brian Cushing,29,HOU,LILB,13,13,0,0,0,0,1,0,0,0,0,0,0.0,65,38,27,2.0,2.0,0,
814,Quintin Demps,31,HOU,SS,13,13,6,54,0,19,9,1,0,0,0,0,0.0,55,38,17,1.0,1.0,0,
815,Cameron Erving,24,CLE,C,13,13,0,0,0,0,0,0,1,1,-15,0,0.0,0,0,0,0.0,0.0,0,
816,Marcus Gilchrist,28,NYJ,FS,13,13,2,25,0,25,3,1,0,0,0,0,0.0,55,39,16,1.0,0.0,0,
817,Joe Haden,27,CLE,LCB,13,13,3,9,0,9,11,0,0,0,0,0,0.0,48,37,11,0.0,0.0,0,
818,Dont'a Hightower,26,NWE,MLB,13,13,0,0,0,0,2,1,0,0,0,0,2.5,65,31,34,1.0,8.0,1,"PB,AP-2"
819,Carlos Hyde,26,SFO,RB,13,13,0,0,0,0,0,0,5,2,0,0,0.0,0,0,0,0.0,0.0,0,
820,Charles Johnson,30,CAR,LDE,13,13,0,0,0,0,2,3,0,0,0,0,4.0,26,14,12,2.0,14.0,0,
821,Derrick Johnson,34,KAN,LILB,13,13,1,55,1,55,3,0,0,0,0,0,1.0,90,70,20,8.0,2.0,0,
822,Daniel Kilgore,29,SFO,C,13,13,0,0,0,0,0,0,1,0,0,0,0.0,0,0,0,0.0,0.0,0,
823,Bennie Logan,27,PHI,RDT,13,13,0,0,0,0,0,2,0,1,0,0,2.5,24,16,8,5.0,6.0,0,
824,Byron Maxwell,28,MIA,LCB,13,13,2,29,0,27,15,4,0,0,0,0,0.0,53,43,10,1.0,0.0,0,
825,Haloti Ngata,32,DET,RDT,13,13,0,0,0,0,3,0,0,0,0,0,1.5,22,11,11,0.0,3.0,0,
826,Darius Slay,25,DET,LCB,13,13,2,24,0,13,13,1,0,0,0,0,1.0,44,43,1,1.0,1.0,0,
827,Jonathan Stewart,29,CAR,RB,13,13,0,0,0,0,0,0,3,1,0,0,0.0,0,0,0,0.0,0.0,0,
828,Aqib Talib,30,DEN,LCB,13,13,3,86,1,46,12,0,0,0,0,0,0.0,43,32,11,1.0,1.0,0,"PB,AP-1"
829,Ryan Tannehill,28,MIA,QB,13,13,0,0,0,0,0,0,9,3,-27,0,0.0,0,0,0,0.0,0.0,0,
830,Marshal Yanda,32,BAL,LG/RG,13,13,0,0,0,0,0,0,0,1,0,0,0.0,0,0,0,0.0,0.0,0,"PB,AP-2"
831,Rashad Jennings,31,NYG,RB,13,12,0,0,0,0,0,0,1,1,4,0,0.0,0,0,0,0.0,0.0,0,
832,Ronald Leary,27,DAL,LG,13,12,0,0,0,0,0,0,0,1,0,0,0.0,0,0,0,,,0,
833,Leodis McKelvin,31,PHI,LCB,13,12,2,29,1,29,16,0,0,0,0,0,0.0,43,32,11,0.0,0.0,0,
834,Sterling Moore,26,NOR,RCB,13,12,2,8,0,8,13,0,0,0,0,0,0.0,56,44,12,1.0,0.0,0,
835,Ryan Shazier,24,PIT,LILB,13,12,3,0,0,0,9,3,0,1,0,0,3.5,87,55,32,9.0,7.0,0,PB
836,Josh Sitton,30,CHI,LG,13,12,0,0,0,0,0,0,0,1,0,0,0.0,0,0,0,,,0,PB
837,Melvin Gordon,23,SDG,RB,13,11,0,0,0,0,0,0,2,0,0,0,0.0,0,0,0,,,0,PB
838,Johnathan Joseph,32,HOU,LCB,13,11,0,0,0,0,9,1,0,0,0,0,0.0,45,38,7,0.0,0.0,0,
839,Randall Cobb,26,GNB,WR,13,10,0,0,0,0,0,1,1,2,0,0,0.0,0,0,0,0.0,0.0,0,
840,Quinten Rollins,24,GNB,DB,13,10,1,0,0,0,8,0,0,0,0,0,0.0,41,39,2,0.0,1.0,0,
841,Cre'von LeBlanc,22,CHI,RCB,13,9,2,24,1,24,10,0,0,0,0,0,0.0,44,40,4,0.0,1.0,0,
842,Darron Lee,22,NYJ,LILB,13,9,0,0,0,0,3,0,0,0,0,0,1.0,73,45,28,3.0,3.0,0,
843,Blake Martinez,22,GNB,RILB,13,9,1,4,0,4,4,0,0,0,0,0,1.0,69,47,22,4.0,1.0,0,
844,Mitch Unrein,29,CHI,RDE,13,9,0,0,0,0,0,0,0,0,0,0,1.0,26,12,14,1.0,3.0,0,
845,Ryan Mathews,29,PHI,RB,13,8,0,0,0,0,0,0,3,0,0,0,0.0,0,0,0,0.0,0.0,0,
846,Eli Rogers,24,PIT,WR,13,8,0,0,0,0,0,1,2,0,0,0,0.0,0,0,0,0.0,0.0,0,
847,Korey Toomer,28,SDG,LILB,13,8,0,0,0,0,2,3,0,1,2,0,1.0,75,53,22,5.0,3.0,0,
848,Adrian Clayborn,28,ATL,LDE,13,7,0,0,0,0,0,0,0,1,5,1,4.5,22,19,3,8.0,15.0,0,
849,Robert Golden,26,PIT,SS,13,7,0,0,0,0,1,0,0,1,21,0,0.0,34,20,14,1.0,3.0,0,
850,Kendall Fuller,21,WAS,DB,13,6,0,0,0,0,2,0,0,0,0,0,0.0,42,32,10,2.0,4.0,0,
851,Michael Griffin,31,CAR,FS,13,6,0,0,0,0,0,0,0,0,0,0,0.0,40,27,13,1.0,0.0,0,
852,Chris Jones,26,2TM,DT,13,6,0,0,0,0,0,0,0,0,0,0,0.0,23,16,7,4.0,2.0,0,
852,Chris Jones,26,MIA,DT,7,0,0,0,0,0,0,0,0,0,0,0,0.0,6,4,2,1.0,1.0,0,
852,Chris Jones,26,SFO,RDE,6,6,0,0,0,0,0,0,0,0,0,0,0.0,17,12,5,3.0,1.0,0,
853,Benson Mayowa,25,DAL,RDE,13,6,0,0,0,0,0,1,0,1,0,0,6.0,25,15,10,8.0,9.0,0,
854,Jerraud Powers,29,BAL,DB,13,6,2,1,0,1,5,0,0,0,0,0,1.0,33,26,7,2.0,1.0,0,
855,Khyri Thornton,27,DET,RDT,13,6,0,0,0,0,0,0,0,0,0,0,1.0,19,14,5,2.0,2.0,0,
856,Elandon Roberts,22,NWE,LLB,13,5,0,0,0,0,0,1,0,0,0,0,0.0,45,25,20,2.0,3.0,0,
857,Courtney Upshaw,27,ATL,LB,13,5,0,0,0,0,1,1,0,1,0,0,1.0,24,15,9,1.0,4.0,0,
858,Mario Williams,31,MIA,RDE,13,5,0,0,0,0,1,0,0,0,0,0,1.5,13,9,4,4.0,5.0,0,
859,Kemal Ishmael,25,ATL,DB,13,4,0,0,0,0,2,0,0,0,0,0,0.0,52,32,20,0.0,0.0,0,
860,Za'Darius Smith,24,BAL,DE,13,4,0,0,0,0,1,1,0,0,0,0,1.0,20,10,10,4.0,4.0,0,
861,J.J. Wilcox,25,DAL,DB,13,4,1,8,0,8,6,1,0,0,0,0,0.0,49,37,12,0.0,0.0,0,
862,Justin Simmons,23,DEN,DB,13,3,2,83,0,45,4,0,0,0,0,0,1.0,30,25,5,2.0,1.0,0,
863,Wendell Smallwood,22,PHI,RB,13,3,0,0,0,0,0,0,1,0,0,0,0.0,3,2,1,0.0,0.0,0,
864,Brandon Williams,24,ARI,DB,13,3,0,0,0,0,3,0,0,0,0,0,0.0,26,22,4,0.0,0.0,0,
865,Marcus Williams,25,NYJ,DB,13,3,2,14,0,14,6,1,0,0,0,0,1.0,33,29,4,1.0,1.0,0,
866,Jerell Adams,24,NYG,TE,13,2,0,0,0,0,0,0,1,0,0,0,0.0,0,0,0,,,0,
867,Ben Braunecker,22,CHI,TE,13,2,0,0,0,0,0,0,0,0,0,0,0.0,4,3,1,0.0,0.0,0,
868,Xavier Cooper,25,CLE,DT,13,2,0,0,0,0,0,0,0,0,0,0,0.0,20,11,9,0.0,3.0,0,
869,Dakota Dozier,25,NYJ,G,13,2,0,0,0,0,0,0,0,0,0,0,0.0,1,1,0,0.0,0.0,0,
870,Kenneth Farrow,23,SDG,RB,13,2,0,0,0,0,0,0,2,0,0,0,0.0,0,0,0,0.0,0.0,0,
871,Coty Sensabaugh,28,2TM,DB,13,2,0,0,0,0,0,1,0,0,0,0,0.0,25,22,3,2.0,2.0,0,
871,Coty Sensabaugh,28,LAR,DB,3,2,0,0,0,0,0,1,0,0,0,0,0.0,10,10,0,1.0,1.0,0,
871,Coty Sensabaugh,28,NYG,DB,10,0,0,0,0,0,0,0,0,0,0,0,0.0,15,12,3,1.0,1.0,0,
872,LeShaun Sims,23,TEN,DB,13,2,1,0,0,0,3,0,0,2,0,0,0.0,22,19,3,1.0,0.0,0,
873,Dan Skuta,30,JAX,LB,13,2,0,0,0,0,1,0,0,0,0,0,0.0,18,15,3,3.0,2.0,0,
874,Vincent Valentine,22,NWE,DT,13,2,0,0,0,0,0,0,0,0,0,0,1.0,19,11,8,2.0,2.0,0,
875,James Wright,25,CIN,WR,13,2,0,0,0,0,0,0,0,0,0,0,0.0,11,4,7,0.0,0.0,0,
876,Angelo Blackson,24,TEN,DT,13,1,0,0,0,0,1,0,0,0,0,0,0.0,9,4,5,2.0,2.0,0,
877,Bruce Carter,28,NYJ,LB,13,1,0,0,0,0,1,0,0,0,0,0,0.0,16,9,7,2.0,1.0,0,
878,Roger Lewis,23,NYG,WR,13,1,0,0,0,0,0,1,0,0,0,0,0.0,4,4,0,0.0,0.0,0,
879,Stephen Paea,28,CLE,DT,13,1,0,0,0,0,0,0,0,0,0,0,0.5,12,6,6,0.0,3.0,0,
880,Denard Robinson,26,JAX,WR,13,1,0,0,0,0,0,0,0,1,0,0,0.0,3,3,0,0.0,0.0,0,
881,Frostee Rucker,33,ARI,DE,13,1,0,0,0,0,1,1,0,0,0,0,0.0,13,7,6,2.0,3.0,0,
882,Kenny Wiggins,28,SDG,T,13,1,0,0,0,0,0,0,1,0,0,0,0.0,0,0,0,,,0,
883,Mackensie Alexander,23,MIN,LB,13,0,0,0,0,0,0,0,0,0,0,0,0.0,5,3,2,0.0,0.0,0,
884,Stephen Anderson,23,HOU,TE,13,0,0,0,0,0,0,0,0,0,0,0,0.0,1,1,0,0.0,0.0,0,
885,David Bass,26,TEN,DE,13,0,0,0,0,0,0,0,0,0,0,0,0.0,16,10,6,0.0,0.0,0,
886,Blake Bell,25,SFO,TE,13,0,0,0,0,0,0,0,0,0,0,0,0.0,5,3,2,0.0,0.0,0,
887,Aaron Brewer,26,ARI,LS,13,0,0,0,0,0,0,0,0,0,0,0,0.0,2,2,0,0.0,0.0,0,
888,Reggie Bush,31,BUF,RB,13,0,0,0,0,0,0,0,1,0,0,0,0.0,0,0,0,,,0,
889,Tank Carradine,26,SFO,DE,13,0,0,0,0,0,0,0,0,0,0,0,0.0,18,10,8,,,0,
890,Tevin Coleman,23,ATL,RB,13,0,0,0,0,0,0,0,1,0,0,0,0.0,0,0,0,,,0,
891,Lance Dunbar,26,DAL,RB,13,0,0,0,0,0,0,0,1,1,0,0,0.0,3,0,3,0.0,0.0,0,
892,Justin Durant,31,DAL,LB,13,0,0,0,0,0,3,0,0,0,0,0,1.0,37,24,13,2.0,2.0,0,
893,DeAndre Elliott,24,SEA,DB,13,0,0,0,0,0,0,0,0,0,0,0,0.0,8,5,3,0.0,0.0,0,
894,Kyler Fackrell,25,GNB,LB,13,0,0,0,0,0,1,1,0,0,0,0,2.0,18,16,2,1.0,3.0,0,
895,Bennie Fowler,25,DEN,WR,13,0,0,0,0,0,0,0,0,0,0,0,0.0,5,5,0,0.0,0.0,0,
896,Clark Harris,32,CIN,TE,13,0,0,0,0,0,0,0,0,0,0,0,0.0,6,3,3,0.0,0.0,0,
897,Charles James,26,2TM,DB,13,0,0,0,0,0,1,0,1,0,0,0,0.0,20,17,3,0.0,0.0,0,
897,Charles James,26,HOU,DB,12,0,0,0,0,0,1,0,1,0,0,0,0.0,18,16,2,0.0,0.0,0,
897,Charles James,26,IND,DB,1,0,0,0,0,0,0,0,0,0,0,0,0.0,2,1,1,0.0,0.0,0,
898,Don Jones,26,2TM,DB,13,0,0,0,0,0,0,0,0,0,0,0,0.0,12,9,3,0.0,0.0,0,
898,Don Jones,26,CLE,DB,4,0,0,0,0,0,0,0,0,0,0,0,0.0,1,0,1,0.0,0.0,0,
898,Don Jones,26,HOU,DB,9,0,0,0,0,0,0,0,0,0,0,0,0.0,11,9,2,0.0,0.0,0,
899,Taiwan Jones,28,OAK,RB,13,0,0,0,0,0,0,0,0,1,0,0,0.0,4,3,1,0.0,0.0,0,
900,Kareem Martin,24,ARI,DE,13,0,0,0,0,0,0,1,0,0,0,0,0.0,10,8,2,1.0,1.0,0,
901,Lerentee McCray,26,BUF,LB,13,0,0,0,0,0,0,1,0,0,0,0,0.0,17,9,8,0.0,0.0,0,
902,T.Y. McGill,24,IND,DT,13,0,0,0,0,0,1,1,0,0,0,0,2.0,6,4,2,2.0,9.0,0,
903,Mike Nugent,34,CIN,K,13,0,0,0,0,0,0,0,0,0,0,0,0.0,2,1,1,0.0,0.0,0,
904,Tenny Palepoi,26,SDG,DT,13,0,0,0,0,0,0,0,0,1,0,0,0.0,13,6,7,1.0,7.0,0,
905,Kevin Pierre-Louis,25,SEA,LB,13,0,0,0,0,0,0,0,0,0,0,0,0.0,12,7,5,0.0,1.0,0,
906,Matthew Slater,31,NWE,WR,13,0,0,0,0,0,0,0,2,0,0,0,0.0,6,4,2,0.0,0.0,0,"PB,AP-1"
907,Antonio Smith,35,HOU,DE,13,0,0,0,0,0,0,0,0,0,0,0,0.5,4,3,1,0.0,6.0,0,
908,Cedric Thornton,28,DAL,DT,13,0,0,0,0,0,1,1,0,1,1,0,1.5,22,12,10,4.0,4.0,0,
909,Kayvon Webster,25,DEN,DB,13,0,0,0,0,0,1,0,0,0,0,0,0.0,8,7,1,1.0,0.0,0,
910,Jerel Worthy,26,BUF,DT,13,0,0,0,0,0,0,0,0,0,0,0,0.0,12,5,7,1.0,1.0,0,
911,Anthony Zettel,24,DET,DE,13,0,0,0,0,0,0,0,0,0,0,0,1.0,13,10,3,1.0,1.0,0,
912,Le'Veon Bell,24,PIT,RB,12,12,0,0,0,0,0,0,4,2,4,0,0.0,0,0,0,0.0,0.0,0,"PB,AP-2,AP OPoY-6,AP CPoY-4"
913,Tom Brady,39,NWE,QB,12,12,0,0,0,0,0,0,5,4,-1,0,0.0,0,0,0,0.0,0.0,0,"PB,AP-2,AP MVP-2,AP OPoY-4"
914,Kam Chancellor,28,SEA,SS,12,12,2,5,0,5,8,1,0,0,0,0,0.0,86,51,35,3.0,0.0,0,
915,Barry Church,28,DAL,SS,12,12,2,14,0,14,4,1,0,0,0,0,0.0,85,61,24,2.0,2.0,0,
916,Leonard Floyd,24,CHI,LOLB,12,12,0,0,0,0,2,1,0,1,0,1,7.0,33,23,10,6.0,9.0,1,
917,Jerrell Freeman,30,CHI,LILB,12,12,0,0,0,0,5,0,0,0,0,0,0.0,110,86,24,7.0,2.0,0,
918,D'Qwell Jackson,33,IND,LILB,12,12,0,0,0,0,3,0,0,2,0,0,1.0,78,52,26,5.0,3.0,0,
919,Clinton McDonald,29,TAM,RDT,12,12,0,0,0,0,0,0,0,0,0,0,3.5,36,25,11,6.0,5.0,0,
920,Jason Pierre-Paul,27,NYG,LDE,12,12,0,0,0,0,8,3,0,1,43,1,7.0,53,35,18,7.0,16.0,0,
921,Joey Bosa,21,SDG,LDE,12,11,0,0,0,0,0,1,0,0,0,0,10.5,41,29,12,17.0,21.0,0,AP DRoY-1
922,Colin Kaepernick,29,SFO,QB,12,11,0,0,0,0,0,0,9,3,-4,0,0.0,0,0,0,0.0,0.0,0,
923,Rob Ninkovich,32,NWE,RLB,12,11,0,0,0,0,2,2,0,0,0,0,4.0,32,17,15,3.0,5.0,0,
924,Denzel Perryman,24,SDG,RILB,12,11,1,1,0,1,2,0,0,0,0,0,2.0,72,56,16,8.0,2.0,0,
925,Robert Ayers,31,TAM,LDE,12,10,0,0,0,0,1,1,0,0,0,0,6.5,29,21,8,7.0,19.0,0,
926,Orlando Scandrick,29,DAL,DB,12,10,1,0,0,0,8,3,0,0,0,0,2.0,46,39,7,2.0,2.0,0,
927,Cam Johnson,26,CLE,LOLB,12,9,0,0,0,0,1,2,0,0,0,0,3.0,32,20,12,3.0,6.0,0,
928,Karl Joseph,23,OAK,SS,12,9,1,21,0,21,6,0,0,1,0,0,0.0,60,44,16,1.0,0.0,0,
929,Clay Matthews,30,GNB,ROLB,12,9,0,0,0,0,3,1,0,0,0,0,5.0,24,20,4,9.0,9.0,0,
930,Shareece Wright,29,BAL,LCB,12,9,0,0,0,0,6,0,0,1,0,0,0.0,52,44,8,4.0,0.0,0,
931,Jordan Reed,26,WAS,TE,12,8,0,0,0,0,0,0,1,0,0,0,0.0,0,0,0,,,0,PB
932,Jatavis Brown,22,SDG,LILB,12,7,0,0,0,0,6,2,0,1,0,0,3.5,79,64,15,8.0,3.0,0,
933,Darius Butler,30,IND,FS,12,7,3,19,0,19,7,1,0,0,0,0,0.0,33,27,6,0.0,1.0,0,
934,Glenn Dorsey,31,SFO,NT,12,7,0,0,0,0,0,0,0,0,0,0,1.0,24,20,4,3.0,3.0,0,
935,Tramon Williams,33,CLE,LCB,12,7,1,0,0,0,5,0,1,1,0,0,0.0,36,28,8,1.0,1.0,0,
936,Al Woods,29,TEN,NT,12,7,0,0,0,0,0,0,0,0,0,0,0.0,18,14,4,2.0,0.0,0,
937,Joel Heath,23,HOU,LDE,12,6,0,0,0,0,0,0,0,0,0,0,2.0,8,5,3,2.0,4.0,0,
938,Derrick Kindred,23,CLE,SS,12,5,0,0,0,0,5,0,0,0,0,0,0.0,46,32,14,0.0,0.0,0,
939,Trevor Williams,23,SDG,LCB,12,5,0,0,0,0,5,0,0,1,0,0,0.0,31,26,5,2.0,0.0,0,
940,Danny Amendola,31,NWE,WR,12,4,0,0,0,0,0,0,3,2,0,0,0.0,0,0,0,0.0,0.0,0,
941,Quandre Diggs,23,DET,DB,12,4,0,0,0,0,1,1,0,0,0,0,0.0,44,40,4,2.0,1.0,0,
942,Ra'Shede Hageman,26,ATL,DT,12,4,0,0,0,0,0,0,0,0,0,0,2.0,18,11,7,3.0,5.0,0,
943,Troy Hill,25,LAR,DB,12,4,0,0,0,0,2,0,0,0,0,0,0.0,40,35,5,1.0,0.0,0,
944,Zach Kerr,26,IND,DT,12,4,0,0,0,0,0,0,0,1,0,0,2.5,19,11,8,4.0,6.0,0,
945,Brock Coyle,26,SEA,LB,12,3,0,0,0,0,0,0,0,0,0,0,1.0,16,7,9,1.0,1.0,0,
946,Jeremy Langford,25,CHI,RB,12,3,0,0,0,0,0,0,2,0,0,0,0.0,0,0,0,0.0,0.0,0,
947,Darren Waller,24,BAL,WR,12,3,0,0,0,0,0,0,0,0,0,0,0.0,6,6,0,0.0,0.0,0,
948,Seth Devalve,23,CLE,TE,12,2,0,0,0,0,0,0,0,0,0,0,0.0,1,1,0,0.0,0.0,0,
949,Leon Hall,32,NYG,DB,12,2,1,29,0,29,2,1,0,0,0,0,2.0,31,21,10,2.0,3.0,0,
950,Clay Harbor,29,DET,TE,12,2,0,0,0,0,0,0,0,0,0,0,0.0,2,2,0,0.0,0.0,0,
951,Darryl Morris,26,IND,DB,12,2,1,0,0,0,6,0,0,0,0,0,0.0,35,28,7,0.0,2.0,0,
952,Darryl Roberts,26,NYJ,DB,12,2,0,0,0,0,6,0,1,0,0,0,0.0,21,19,2,0.0,0.0,0,
953,Mike Adams,26,CHI,T,12,1,0,0,0,0,0,0,0,1,0,0,0.0,0,0,0,0.0,0.0,0,
954,Brittan Golden,28,ARI,WR,12,1,0,0,0,0,0,0,1,2,20,0,0.0,3,3,0,0.0,0.0,0,
955,Cody Latimer,24,DEN,WR,12,1,0,0,0,0,0,0,0,0,0,0,0.0,6,6,0,0.0,0.0,0,
956,Tommylee Lewis,24,NOR,WR,12,1,0,0,0,0,0,0,2,1,0,0,0.0,1,1,0,0.0,0.0,0,
957,Stephen Tulloch,31,PHI,LB,12,1,0,0,0,0,0,0,0,0,0,0,0.0,7,7,0,0.0,0.0,0,
958,Paul Worrilow,26,ATL,LB,12,1,0,0,0,0,2,0,0,2,0,0,0.0,21,14,7,1.0,1.0,0,
959,Antonio Allen,28,NYJ,DB,12,0,0,0,0,0,0,0,0,0,0,0,0.0,5,3,2,0.0,0.0,0,
960,Kapri Bibbs,23,DEN,RB,12,0,0,0,0,0,0,0,0,1,0,0,0.0,2,2,0,0.0,0.0,0,
961,Arthur Brown,23,JAX,LB,12,0,0,0,0,0,0,0,0,0,0,0,0.0,3,3,0,0.0,0.0,0,
962,Marcus Burley,26,CLE,DB,12,0,0,0,0,0,1,0,0,0,0,0,0.0,8,6,2,0.0,0.0,0,
963,Stefan Charles,28,DET,DT,12,0,0,0,0,0,0,0,0,0,0,0,0.0,12,7,5,1.0,1.0,0,
964,Kenneth Dixon,22,BAL,RB,12,0,0,0,0,0,0,0,1,1,0,0,0.0,0,0,0,0.0,0.0,0,
965,Tyler Ervin,23,HOU,RB,12,0,0,0,0,0,0,0,3,0,0,0,0.0,4,3,1,0.0,0.0,0,
966,Justin Gilbert,25,PIT,DB,12,0,0,0,0,0,0,0,0,0,0,0,0.0,3,1,2,0.0,0.0,0,
967,Kamu Grugier-Hill,22,PHI,LB,12,0,0,0,0,0,0,0,0,0,0,0,0.0,8,7,1,1.0,0.0,0,
968,Devin Hester,34,BAL,WR,12,0,0,0,0,0,0,0,5,2,0,0,0.0,1,1,0,0.0,0.0,0,
969,Cameron Lynch,23,TAM,LB,12,0,0,0,0,0,0,0,0,0,0,0,0.0,3,2,1,0.0,0.0,0,
970,Brian Peters,28,HOU,LB,12,0,0,0,0,0,0,0,0,0,0,0,0.0,11,7,4,1.0,0.0,0,
971,Kendall Reyes,27,2TM,DE,12,0,0,0,0,0,1,0,0,0,0,0,1.0,20,15,5,3.0,4.0,0,
971,Kendall Reyes,27,WAS,DE,2,0,0,0,0,0,0,0,0,0,0,0,0.0,5,3,2,0.0,0.0,0,
971,Kendall Reyes,27,KAN,DE,10,0,0,0,0,0,1,0,0,0,0,0,1.0,15,12,3,3.0,4.0,0,
972,Edmond Robinson,24,MIN,LB,12,0,0,0,0,0,0,0,0,0,0,0,0.0,2,1,1,0.0,0.0,0,
973,Derron Smith,24,CIN,DB,12,0,0,0,0,0,1,0,0,0,0,0,0.0,8,4,4,0.0,0.0,0,
974,Robenson Therezie,25,ATL,DB,12,0,0,0,0,0,0,0,0,0,0,0,0.0,3,2,1,0.0,0.0,0,
975,De'Anthony Thomas,23,KAN,RB,12,0,0,0,0,0,0,0,0,0,0,0,0.0,3,2,1,0.0,0.0,0,
976,Michael Bennett,31,SEA,LDE,11,11,0,0,0,0,0,0,0,0,0,0,5.0,34,24,10,14.0,19.0,0,PB
977,Vontaze Burfict,26,CIN,RLB,11,11,2,54,0,47,8,1,0,0,0,0,2.0,101,73,28,5.0,4.0,0,
978,Allen Hurns,25,JAX,WR,11,11,0,0,0,0,0,0,1,1,0,0,0.0,0,0,0,0.0,0.0,0,
979,Brandon Marshall,27,DEN,RILB,11,11,0,0,0,0,3,0,0,0,0,0,0.0,52,39,13,2.0,0.0,0,
980,Vance McDonald,26,SFO,WR,11,11,0,0,0,0,0,0,0,0,0,0,0.0,1,0,1,0.0,0.0,0,
981,Perry Riley,28,OAK,MLB,11,11,0,0,0,0,1,2,0,0,0,0,0.0,48,38,10,0.0,0.0,0,
982,Jimmy Smith,28,BAL,RCB,11,11,0,0,0,0,4,0,0,0,0,0,0.0,32,29,3,0.0,0.0,0,
983,Earl Thomas,27,SEA,FS,11,11,2,5,0,5,10,0,0,1,34,1,0.0,48,24,24,0.0,0.0,0,
984,Kenny Vaccaro,25,NOR,SS,11,11,2,30,0,30,5,2,0,1,0,0,1.0,68,51,17,5.0,8.0,0,
985,Ramik Wilson,24,KAN,RILB,11,11,1,6,0,6,3,1,0,2,0,0,0.0,76,61,15,3.0,0.0,0,
986,Bryce Callahan,25,CHI,DB,11,10,0,0,0,0,5,0,0,0,0,0,0.0,32,31,1,0.0,1.0,0,
987,De'Vondre Campbell,23,ATL,ROLB,11,10,1,7,0,7,7,1,0,0,0,0,0.0,48,35,13,5.0,0.0,0,
988,E.J. Gaines,24,LAR,RCB,11,10,0,0,0,0,7,1,0,1,0,0,0.0,56,47,9,0.0,1.0,0,
989,Wes Horton,26,CAR,RDE,11,10,0,0,0,0,0,2,0,2,4,0,2.5,11,3,8,0.0,4.0,0,
990,Jimmie Ward,25,SFO,RCB,11,10,1,8,0,8,12,1,0,1,0,0,1.0,53,43,10,2.0,1.0,0,
991,Perrish Cox,29,TEN,LCB,11,9,3,3,0,3,11,0,0,0,0,0,0.0,42,37,5,0.0,0.0,0,
992,Steve McLendon,30,NYJ,NT,11,9,0,0,0,0,0,1,0,0,0,0,3.5,28,20,8,7.0,6.0,0,
993,Donte Whitner,31,WAS,SS,11,9,0,0,0,0,0,1,0,0,0,0,0.0,66,49,17,0.0,1.0,0,
994,Cobi Hamilton,26,PIT,WR,11,8,0,0,0,0,0,0,0,0,0,0,0.0,1,1,0,0.0,0.0,0,
995,Craig Mager,24,SDG,LCB,11,8,1,8,0,8,4,0,0,1,0,0,0.0,31,20,11,1.0,0.0,0,
996,Damion Square,27,SDG,NT,11,7,0,0,0,0,0,0,0,0,0,0,2.5,13,8,5,4.0,4.0,0,
997,Deon Bush,23,CHI,SS,11,6,0,0,0,0,1,0,0,0,0,0,0.0,22,17,5,0.0,0.0,0,
998,Nick Easton,24,MIN,C,11,5,0,0,0,0,0,0,1,0,-1,0,0.0,0,0,0,0.0,0.0,0,
999,Phillip Gaines,25,KAN,RCB,11,5,1,0,0,0,7,2,0,0,0,0,0.0,44,42,2,1.0,0.0,0,
1000,Andy Janovich,23,DEN,RB,11,5,0,0,0,0,0,0,0,0,0,0,0.0,2,2,0,0.0,0.0,0,
1001,DaVonte Lambert,22,TAM,DE,11,5,0,0,0,0,0,1,0,0,0,0,0.0,14,9,5,0.0,0.0,0,
1002,Rakeem Nunez-Roches,23,KAN,LDE,11,5,0,0,0,0,0,0,0,0,0,0,1.0,23,14,9,5.0,3.0,0,
1003,John Simon,26,HOU,ROLB,11,5,0,0,0,0,2,1,0,0,0,0,3.5,51,32,19,4.0,10.0,0,
1004,Mike Catapano,26,NYJ,DE,11,4,0,0,0,0,0,0,0,0,0,0,0.0,4,3,1,0.0,3.0,0,
1005,John Timu,24,CHI,LB,11,4,0,0,0,0,1,0,0,0,0,0,0.0,19,16,3,4.0,0.0,0,
1006,Su'a Cravens,21,WAS,LB,11,3,1,2,0,2,5,0,0,0,0,0,1.0,34,24,10,4.0,2.0,0,
1007,Lorenzo Mauldin,24,NYJ,LB,11,3,1,0,0,0,2,0,0,0,0,0,2.5,16,7,9,1.0,13.0,0,
1008,Keith Mumphery,24,HOU,WR,11,3,0,0,0,0,0,0,0,0,0,0,0.0,2,1,1,0.0,0.0,0,
1009,Henry Anderson,25,IND,DE,11,2,0,0,0,0,2,0,0,1,0,0,0.0,12,9,3,0.0,5.0,0,
1010,Harry Douglas,32,TEN,WR,11,2,0,0,0,0,0,0,0,1,0,0,0.0,0,0,0,0.0,0.0,0,
1011,D.J. Hayden,26,OAK,DB,11,2,0,0,0,0,6,1,0,0,0,0,0.0,37,32,5,2.0,0.0,0,
1012,Corey Grant,25,JAX,RB,11,1,0,0,0,0,0,0,0,0,0,0,0.0,6,5,1,0.0,0.0,0,
1013,Chris Ivory,28,JAX,RB,11,1,0,0,0,0,0,0,5,3,0,0,0.0,0,0,0,0.0,0.0,0,
1014,Anthony Johnson,23,2TM,DT,11,1,0,0,0,0,0,0,0,0,0,0,0.0,12,6,6,1.0,2.0,0,
1014,Anthony Johnson,23,NWE,DT,4,1,0,0,0,0,0,0,0,0,0,0,0.0,8,5,3,0.0,2.0,0,
1014,Anthony Johnson,23,NYJ,DT,7,0,0,0,0,0,0,0,0,0,0,0,0.0,4,1,3,1.0,0.0,0,
1015,Patrick Onwuasor,24,BAL,LB,11,1,0,0,0,0,0,1,0,0,0,0,0.0,21,9,12,0.0,0.0,0,
1016,Hakeem Valles,24,ARI,TE,11,1,0,0,0,0,0,0,0,0,0,0,0.0,3,3,0,0.0,0.0,0,
1017,Terrence Brooks,24,PHI,DB,11,0,1,6,0,6,1,2,0,0,0,0,0.0,5,4,1,0.0,0.0,0,
1018,Marqui Christian,22,LAR,DB,11,0,0,0,0,0,0,0,0,0,0,0,0.0,2,1,1,0.0,0.0,0,
1019,Alex Collins,22,SEA,RB,11,0,0,0,0,0,0,0,2,1,0,0,0.0,0,0,0,0.0,0.0,0,
1020,Benny Cunningham,26,LAR,RB,11,0,0,0,0,0,0,0,1,2,0,0,0.0,3,3,0,0.0,0.0,0,
1021,Trevor Davis,23,GNB,WR,11,0,0,0,0,0,0,0,2,0,0,0,0.0,0,0,0,,,0,
1022,Jayrone Elliott,25,GNB,LB,11,0,0,0,0,0,0,0,0,0,0,0,1.0,19,14,5,4.0,1.0,0,
1023,Geneo Grissom,24,NWE,LB,11,0,0,0,0,0,0,0,0,0,0,0,0.0,5,2,3,0.0,0.0,0,
1024,Josh Hawkins,23,GNB,DB,11,0,0,0,0,0,1,0,0,0,0,0,0.0,5,5,0,0.0,0.0,0,
1025,Tyrone Holmes,23,CLE,DE,11,0,0,0,0,0,0,0,0,0,0,0,1.0,6,2,4,0.0,1.0,0,
1026,Marqueston Huff,24,BAL,DB,11,0,0,0,0,0,0,0,0,1,0,0,0.0,3,3,0,0.0,0.0,0,
1027,Robert Nelson,26,HOU,DB,11,0,1,0,0,0,2,0,0,1,0,0,0.0,20,17,3,0.0,0.0,0,
1028,Jordan Richards,23,NWE,DB,11,0,0,0,0,0,0,0,0,1,0,0,0.0,3,1,2,0.0,0.0,0,
1029,JaCorey Shepherd,23,SFO,DB,11,0,0,0,0,0,0,0,0,0,0,0,0.0,2,1,1,0.0,0.0,0,
1030,Marcus Sherels,29,MIN,DB,11,0,0,0,0,0,1,0,1,1,0,0,0.0,4,4,0,0.0,0.0,0,
1031,Brandon Spikes,29,BUF,LB,11,0,0,0,0,0,0,0,0,0,0,0,0.0,9,4,5,0.0,0.0,0,
1032,D.J. White,23,KAN,DB,11,0,1,0,0,0,3,0,0,0,0,0,0.0,11,10,1,0.0,0.0,0,
1033,Jonathan Williams,22,BUF,RB,11,0,0,0,0,0,0,0,2,0,0,0,0.0,1,0,1,0.0,0.0,0,
1034,Luke Kuechly,25,CAR,MLB,10,10,1,1,0,16,6,1,0,0,0,0,2.0,102,71,31,6.0,4.0,0,"PB,AP-2"
1035,Tyrann Mathieu,24,ARI,FS,10,10,1,9,0,5,4,1,0,0,0,0,1.0,35,33,2,3.0,1.0,0,
1036,Brandon Mebane,31,SDG,NT,10,10,1,5,0,5,1,0,0,0,0,0,1.0,21,17,4,4.0,3.0,0,
1037,Eric Reid,25,SFO,FS,10,10,1,13,0,13,5,1,0,0,0,0,0.0,62,48,14,0.0,5.0,0,
1038,Case Keenum,28,LAR,QB,10,9,0,0,0,0,0,0,5,3,0,0,0.0,0,0,0,0.0,0.0,0,
1039,Damarious Randall,24,GNB,LCB,10,9,3,91,0,44,9,0,0,0,0,0,0.0,39,35,4,1.0,0.0,0,
1040,DeMarcus Ware,34,DEN,ROLB,10,8,0,0,0,0,1,0,0,0,0,0,4.0,15,9,6,3.0,8.0,0,
1041,Ed Reynolds,25,CLE,FS,10,7,0,0,0,0,1,0,0,0,0,0,1.0,43,30,13,1.0,3.0,0,
1042,Jared Cook,29,GNB,TE,10,5,0,0,0,0,0,0,1,1,0,0,0.0,0,0,0,0.0,0.0,0,
1043,Jacquizz Rodgers,26,TAM,RB,10,5,0,0,0,0,0,0,0,0,0,0,0.0,1,1,0,0.0,0.0,0,
1044,Menelik Watson,28,OAK,RT,10,5,0,0,0,0,0,0,0,1,0,0,0.0,0,0,0,0.0,0.0,0,
1045,Aaron Colvin,25,JAX,DB,10,4,0,0,0,0,0,0,0,0,0,0,1.0,22,18,4,2.0,1.0,0,
1046,Josh Forrest,24,LAR,LB,10,4,0,0,0,0,1,0,0,1,0,0,0.0,9,6,3,2.0,1.0,0,
1047,Leterrius Walton,24,PIT,DT,10,4,0,0,0,0,1,0,0,0,0,0,0.0,8,6,2,2.0,1.0,0,
1048,Stephone Anthony,24,NOR,LB,10,3,0,0,0,0,0,0,0,0,0,0,0.0,16,12,4,3.0,0.0,0,
1049,Bryan Walters,29,JAX,WR,10,3,0,0,0,0,0,0,1,0,0,0,0.0,0,0,0,0.0,0.0,0,
1050,Giovani Bernard,25,CIN,RB,10,2,0,0,0,0,0,0,1,1,0,0,0.0,0,0,0,0.0,0.0,0,
1051,Robert Blanton,27,BUF,DB,10,2,0,0,0,0,0,0,0,0,0,0,0.0,35,27,8,0.0,0.0,0,
1052,Orleans Darkwa,24,NYG,RB,10,2,0,0,0,0,0,0,0,1,0,0,0.0,3,2,1,0.0,0.0,0,
1053,Roosevelt Nix,24,PIT,RB,10,2,0,0,0,0,0,0,0,0,0,0,0.0,8,5,3,0.0,0.0,0,
1054,Jude Adjei-Barimah,24,TAM,DB,10,1,0,0,0,0,2,1,0,0,0,0,2.0,22,22,0,1.0,2.0,0,
1055,Justin Coleman,23,NWE,DB,10,1,0,0,0,0,3,0,0,0,0,0,0.0,8,8,0,0.0,0.0,0,
1056,DuJuan Harris,28,SFO,RB,10,1,0,0,0,0,0,0,2,0,0,0,0.0,0,0,0,0.0,0.0,0,
1057,Demontre Hurst,25,CHI,DB,10,1,1,0,0,0,2,0,0,0,0,0,1.0,14,14,0,1.0,1.0,0,
1058,Cyrus Jones,23,NWE,DB,10,1,0,0,0,0,0,0,5,2,0,0,0.0,7,3,4,0.0,0.0,0,
1059,Shaq Lawson,22,BUF,DE,10,1,0,0,0,0,1,1,0,0,0,0,2.0,13,7,6,3.0,3.0,0,
1060,Kyle Love,30,CAR,DT,10,1,0,0,0,0,0,1,0,1,0,0,1.5,16,8,8,1.0,2.0,0,
1061,Jalin Marshall,21,NYJ,WR,10,1,0,0,0,0,0,0,4,2,0,0,0.0,0,0,0,0.0,0.0,0,
1062,Paul Soliai,33,CAR,DE,10,1,0,0,0,0,0,0,0,1,0,0,0.0,8,4,4,1.0,1.0,0,
1063,Neal Sterling,24,JAX,WR,10,1,0,0,0,0,0,0,0,0,0,0,0.0,1,1,0,0.0,0.0,0,
1064,Kentrell Brothers,23,MIN,LB,10,0,0,0,0,0,0,0,0,0,0,0,0.0,9,9,0,0.0,0.0,0,
1065,Vernon Butler,22,CAR,DT,10,0,0,0,0,0,1,0,0,1,0,0,1.5,13,5,8,2.0,4.0,0,
1066,Shilique Calhoun,24,OAK,DE,10,0,0,0,0,0,1,0,0,0,0,0,0.5,9,8,1,1.0,3.0,0,
1067,Marcus Cromartie,26,SFO,DB,10,0,0,0,0,0,0,0,0,1,0,0,0.0,5,5,0,1.0,0.0,0,
1068,Lavar Edwards,26,2TM,DE,10,0,0,0,0,0,1,0,0,0,0,0,2.0,11,8,3,4.0,3.0,0,
1068,Lavar Edwards,26,CAR,DE,5,0,0,0,0,0,1,0,0,0,0,0,1.0,7,5,2,3.0,1.0,0,
1068,Lavar Edwards,26,IND,DE,5,0,0,0,0,0,0,0,0,0,0,0,1.0,4,3,1,1.0,2.0,0,
1069,Robbie Gould,34,NYG,K,10,0,0,0,0,0,0,0,0,0,0,0,0.0,1,1,0,0.0,0.0,0,
1070,Jonathan Grimes,27,HOU,RB,10,0,0,0,0,0,0,1,0,0,0,0,0.0,7,6,1,0.0,0.0,0,
1071,De'Vante Harris,23,NOR,DB,10,0,0,0,0,0,1,0,1,1,1,0,0.0,12,10,2,0.0,0.0,0,
1072,Maurice Harris,24,WAS,WR,10,0,0,0,0,0,0,0,1,0,0,0,0.0,0,0,0,,,0,
1073,Darrius Heyward-Bey,29,PIT,WR,10,0,0,0,0,0,0,1,0,1,0,0,0.0,3,3,0,0.0,0.0,0,
1074,Matthew Ioannidis,22,WAS,DT,10,0,0,0,0,0,0,0,0,0,0,0,0.0,8,6,2,0.0,0.0,0,
1075,Austin Johnson,22,TEN,NT,10,0,0,0,0,0,1,0,0,0,0,0,0.5,14,7,7,1.0,1.0,0,
1076,Leonard Johnson,26,CAR,DB,10,0,0,0,0,0,1,0,0,0,0,0,1.0,30,22,8,1.0,1.0,0,
1077,Shiloh Keo,29,2TM,DB,10,0,0,0,0,0,0,0,0,3,0,0,0.0,7,7,0,0.0,0.0,0,
1077,Shiloh Keo,29,DEN,DB,3,0,0,0,0,0,0,0,0,2,0,0,0.0,2,2,0,0.0,0.0,0,
1077,Shiloh Keo,29,NOR,DB,7,0,0,0,0,0,0,0,0,1,0,0,0.0,5,5,0,0.0,0.0,0,
1078,Casey Kreiter,26,DEN,LS,10,0,0,0,0,0,0,0,0,0,0,0,0.0,1,1,0,0.0,0.0,0,
1079,Chris Landrum,24,SDG,LB,10,0,0,0,0,0,0,0,0,0,0,0,1.0,4,2,2,1.0,4.0,0,
1080,Sealver Siliga,26,2TM,DT,10,0,0,0,0,0,0,0,0,0,0,0,1.0,10,6,4,1.0,1.0,0,
1080,Sealver Siliga,26,SEA,DT,4,0,0,0,0,0,0,0,0,0,0,0,0.0,5,3,2,0.0,0.0,0,
1080,Sealver Siliga,26,TAM,DT,6,0,0,0,0,0,0,0,0,0,0,0,1.0,5,3,2,1.0,1.0,0,
1081,C.J. Smith,23,PHI,DB,10,0,0,0,0,0,0,0,0,0,0,0,0.0,1,1,0,0.0,0.0,0,
1082,Aaron Wallace,23,TEN,LB,10,0,0,0,0,0,0,0,0,0,0,0,1.0,14,11,3,1.0,2.0,0,
1083,Kerwynn Williams,25,ARI,RB,10,0,0,0,0,0,0,0,0,0,0,0,0.0,5,4,1,0.0,0.0,0,
1084,Nick Williams,26,2TM,DE,10,0,0,0,0,0,0,0,0,0,0,0,0.0,7,6,1,0.0,0.0,0,
1084,Nick Williams,26,KAN,DE,5,0,0,0,0,0,0,0,0,0,0,0,0.0,5,4,1,0.0,0.0,0,
1084,Nick Williams,26,MIA,DE,5,0,0,0,0,0,0,0,0,0,0,0,0.0,2,2,0,0.0,0.0,0,
1085,Clayton Geathers,24,IND,FS,9,9,0,0,0,0,5,1,0,0,0,0,0.0,59,50,9,2.0,0.0,0,
1086,Stacy McGee,26,OAK,LDT,9,9,0,0,0,0,0,2,0,0,0,0,2.5,17,14,3,3.0,3.0,0,
1087,Desmond Trufant,26,ATL,RCB,9,9,1,9,0,9,4,2,0,0,0,0,2.0,31,25,6,1.0,2.0,0,
1088,Eric Wood,30,BUF,C,9,9,0,0,0,0,0,0,1,0,-15,0,0.0,0,0,0,,,0,
1089,Josh Bynes,27,DET,LLB/RLB,9,8,0,0,0,0,4,0,0,0,0,0,0.0,38,26,12,4.0,0.0,0,
1090,Dannell Ellerbe,31,NOR,LLB,9,8,0,0,0,0,2,0,0,0,0,0,4.0,44,34,10,5.0,8.0,0,
1091,Josh Hill,26,NOR,TE,9,8,0,0,0,0,0,0,0,0,0,0,0.0,4,3,1,0.0,0.0,0,
1092,Cody Kessler,23,CLE,QB,9,8,0,0,0,0,0,0,4,2,-12,0,0.0,0,0,0,,,0,
1093,Robert Quinn,26,LAR,RDE,9,8,0,0,0,0,2,2,0,0,0,0,4.0,10,8,2,2.0,6.0,0,
1094,Danny Trevathan,26,CHI,RILB,9,8,0,0,0,0,4,0,0,0,0,0,1.0,66,49,17,1.0,1.0,0,
1095,Jelani Jenkins,24,MIA,RLB,9,7,0,0,0,0,1,0,0,0,0,0,0.0,29,15,14,2.0,0.0,0,
1096,Christine Michael,26,SEA,RB,9,7,0,0,0,0,0,0,2,1,0,0,0.0,0,0,0,0.0,0.0,0,
1097,Eric Rowe,24,NWE,RCB,9,7,1,0,0,0,8,0,0,0,0,0,0.0,26,20,6,0.0,0.0,0,
1098,Earl Mitchell,29,MIA,RDT,9,5,0,0,0,0,0,0,0,0,0,0,0.0,17,11,6,3.0,1.0,0,
1099,Bacarri Rambo,26,MIA,FS,9,5,1,17,0,17,3,0,0,0,0,0,0.0,42,25,17,1.0,1.0,0,
1100,James Starks,30,GNB,RB,9,4,0,0,0,0,0,0,1,1,0,0,0.0,0,0,0,0.0,0.0,0,
1101,DeMarcus Lawrence,24,DAL,DE,9,3,0,0,0,0,0,1,0,0,0,0,1.0,11,8,3,3.0,6.0,0,
1102,Mike Morgan,28,SEA,LB,9,3,1,14,0,14,1,0,0,0,0,0,0.0,12,7,5,2.0,0.0,0,
1103,Julian Stanford,26,NYJ,LB,9,3,0,0,0,0,0,0,0,0,0,0,0.0,22,15,7,1.0,0.0,0,
1104,Danny Vitale,23,CLE,RB,9,3,0,0,0,0,0,0,0,0,0,0,0.0,2,2,0,0.0,0.0,0,
1105,Terrance Smith,23,KAN,LB,9,2,0,0,0,0,0,0,0,0,0,0,0.0,3,2,1,0.0,0.0,0,
1106,Duke Williams,26,BUF,DB,9,2,0,0,0,0,1,0,0,0,0,0,0.0,4,4,0,0.0,0.0,0,
1107,Kenneth Acker,24,KAN,DB,9,1,0,0,0,0,3,0,0,0,0,0,0.0,17,16,1,0.0,0.0,0,
1108,Kamalei Correa,22,BAL,LB,9,1,0,0,0,0,1,1,0,0,0,0,0.0,4,3,1,0.0,0.0,0,
1109,Kevin Dodd,24,TEN,DE,9,1,0,0,0,0,0,0,0,0,0,0,1.0,5,5,0,1.0,2.0,0,
1110,Wallace Gilberry,32,2TM,DE,9,1,0,0,0,0,0,0,0,0,0,0,2.5,15,11,4,3.0,9.0,0,
1110,Wallace Gilberry,32,DET,DE,4,1,0,0,0,0,0,0,0,0,0,0,0.0,5,3,2,0.0,1.0,0,
1110,Wallace Gilberry,32,CIN,DE,5,0,0,0,0,0,0,0,0,0,0,0,2.5,10,8,2,3.0,8.0,0,
1111,John Jenkins,27,2TM,DT,9,1,0,0,0,0,0,0,0,0,0,0,0.0,13,6,7,0.0,0.0,0,
1111,John Jenkins,27,NOR,DT,7,1,0,0,0,0,0,0,0,0,0,0,0.0,10,6,4,0.0,0.0,0,
1111,John Jenkins,27,SEA,DT,2,0,0,0,0,0,0,0,0,0,0,0,0.0,3,0,3,0.0,0.0,0,
1112,Eddie Royal,30,CHI,WR,9,1,0,0,0,0,0,0,2,1,0,0,0.0,0,0,0,0.0,0.0,0,
1113,Laquon Treadwell,21,MIN,WR,9,1,0,0,0,0,0,0,0,0,0,0,0.0,1,1,0,0.0,0.0,0,
1114,Jordan Tripp,25,2TM,LB,9,1,0,0,0,0,0,0,0,0,0,0,0.0,2,2,0,0.0,0.0,0,
1114,Jordan Tripp,25,SEA,LB,7,1,0,0,0,0,0,0,0,0,0,0,0.0,1,1,0,0.0,0.0,0,
1114,Jordan Tripp,25,GNB,LB,2,0,0,0,0,0,0,0,0,0,0,0,0.0,1,1,0,0.0,0.0,0,
1115,Chris Banjo,26,2TM,DB,9,0,0,0,0,0,0,0,0,0,0,0,0.0,7,7,0,0.0,0.0,0,
1115,Chris Banjo,26,GNB,DB,2,0,0,0,0,0,0,0,0,0,0,0,0.0,2,2,0,0.0,0.0,0,
1115,Chris Banjo,26,NOR,DB,7,0,0,0,0,0,0,0,0,0,0,0,0.0,5,5,0,0.0,0.0,0,
1116,Mack Brown,25,WAS,DB,9,0,0,0,0,0,0,0,0,0,0,0,0.0,2,0,2,0.0,2.0,0,
1117,Ryan Davis,27,DAL,LB,9,0,0,0,0,0,0,0,0,1,0,0,0.0,4,1,3,1.0,2.0,0,
1118,Matt Elam,25,BAL,DB,9,0,0,0,0,0,0,0,0,0,0,0,0.0,4,4,0,0.0,0.0,0,
1119,Terrence Fede,25,MIA,DE,9,0,0,0,0,0,0,0,0,1,0,0,0.0,14,6,8,1.0,0.0,0,
1120,Kavon Frazier,22,DAL,DB,9,0,0,0,0,0,0,0,0,0,0,0,0.0,6,4,2,0.0,0.0,0,
1121,Tony Jerod-Eddie,26,SFO,DE,9,0,0,0,0,0,0,0,0,0,0,0,0.0,3,1,2,0.0,0.0,0,
1122,Darius Kilgo,25,DEN,DE,9,0,0,0,0,0,0,0,0,0,0,0,0.0,5,2,3,0.0,1.0,0,
1123,Andy Lee,34,CAR,P,9,0,0,0,0,0,0,0,0,0,0,0,0.0,1,1,0,0.0,0.0,0,
1124,Curt Maggitt,23,IND,LB,9,0,0,0,0,0,0,0,0,0,0,0,0.0,7,3,4,0.0,1.0,0,
1125,Leon McFadden,26,DAL,DB,9,0,0,0,0,0,0,0,0,0,0,0,0.0,8,6,2,0.0,0.0,0,
1126,Pernell McPhee,28,CHI,DE,9,0,0,0,0,0,0,1,0,0,0,0,4.0,16,13,3,5.0,9.0,0,
1127,Sheldon Rankins,22,NOR,DT,9,0,0,0,0,0,0,1,0,0,0,0,4.0,20,15,5,3.0,6.0,0,
1128,Tharold Simon,25,ARI,DB,9,0,0,0,0,0,0,0,0,0,0,0,0.0,6,5,1,0.0,1.0,0,
1129,Shayne Skov,26,SFO,LB,9,0,0,0,0,0,0,0,0,0,0,0,0.0,8,5,3,0.0,0.0,0,
1130,Jahleel Addae,26,SDG,SS,8,8,1,90,1,90,4,0,0,0,0,0,0.0,50,43,7,3.0,0.0,0,
1131,Arthur Jones,30,IND,RDE,8,8,0,0,0,0,0,0,0,0,0,0,0.0,30,15,15,1.0,0.0,0,
1132,Nick Mangold,32,NYJ,C,8,8,0,0,0,0,0,0,1,0,0,0,0.0,0,0,0,,,0,
1133,Doug Martin,27,TAM,RB,8,8,0,0,0,0,0,0,1,1,-2,0,0.0,0,0,0,0.0,0.0,0,
1134,Marcell Dareus,26,BUF,NT,8,7,0,0,0,0,1,0,0,0,0,0,3.5,39,24,15,5.0,4.0,0,
1135,Kellen Davis,31,NYJ,TE,8,7,0,0,0,0,0,1,0,1,0,0,0.0,2,1,1,0.0,0.0,0,
1136,Corbin Bryant,28,BUF,NT,8,6,0,0,0,0,0,0,0,0,0,0,0.0,11,5,6,0.0,0.0,0,
1137,Jalen Collins,23,ATL,RCB,8,6,2,37,0,37,10,0,0,0,0,0,0.0,31,28,3,2.0,0.0,0,
1138,Will Sutton,25,CHI,NT,8,6,0,0,0,0,1,0,0,0,0,0,0.0,15,8,7,0.0,0.0,0,
1139,Arik Armstead,23,SFO,DE,8,4,0,0,0,0,0,1,0,0,0,0,2.5,15,9,6,2.0,4.0,0,
1140,Cody Core,22,CIN,WR,8,4,0,0,0,0,0,0,0,0,0,0,0.0,1,0,1,0.0,0.0,0,
1141,Jaye Howard,28,KAN,DT,8,4,0,0,0,0,0,0,0,0,0,0,1.0,23,18,5,2.0,7.0,0,
1142,Andre Johnson,35,TEN,WR,8,4,0,0,0,0,0,0,0,0,0,0,0.0,1,1,0,,,0,
1143,Sio Moore,26,2TM,LB,8,7,0,0,0,0,1,2,0,0,0,0,0.0,65,50,15,5.0,2.0,0,
1143,Sio Moore,26,IND,LB,4,4,0,0,0,0,0,0,0,0,0,0,0.0,30,25,5,2.0,0.0,0,
1143,Sio Moore,26,ARI,LB,4,3,0,0,0,0,1,2,0,0,0,0,0.0,35,25,10,3.0,2.0,0,
1144,Elvis Dumervil,32,BAL,LB,8,3,0,0,0,0,0,2,0,1,0,0,3.0,11,9,2,1.0,9.0,0,
1145,Landry Jones,27,PIT,QB,8,2,0,0,0,0,0,0,0,2,0,0,0.0,0,0,0,0.0,0.0,0,
1146,Jeremiah Attaochu,23,SDG,LB,8,1,0,0,0,0,0,0,0,0,0,0,2.0,11,10,1,2.0,4.0,0,
1147,Mike Davis,23,SFO,RB,8,1,0,0,0,0,0,0,1,0,0,0,0.0,0,0,0,0.0,0.0,0,
1148,Corey Lemonier,25,CLE,DE,8,1,0,0,0,0,1,1,0,1,0,0,2.0,9,8,1,2.0,2.0,0,
1149,Niles Paul,27,WAS,WR,8,1,0,0,0,0,0,0,0,0,0,0,0.0,2,2,0,0.0,1.0,0,
1150,Joshua Perkins,23,ATL,TE,8,1,0,0,0,0,0,0,0,0,0,0,0.0,3,2,1,0.0,0.0,0,
1151,Juwan Thompson,24,DEN,RB,8,1,0,0,0,0,0,0,0,0,0,0,0.0,1,0,1,0.0,0.0,0,
1152,Xavier Williams,24,ARI,DT,8,1,0,0,0,0,0,0,0,0,0,0,0.0,6,4,2,1.0,0.0,0,
1153,Jonathan Anderson,25,CHI,LB,8,0,0,0,0,0,0,0,0,0,0,0,0.0,7,4,3,0.0,0.0,0,
1154,Sergio Brown,28,BUF,DB,8,0,0,0,0,0,0,0,0,0,0,0,0.0,5,3,2,0.0,0.0,0,
1155,Derek Carrier,26,WAS,TE,8,0,0,0,0,0,0,0,0,0,0,0,0.0,1,0,1,0.0,0.0,0,
1156,Jeremy Cash,24,CAR,DB,8,0,0,0,0,0,0,0,0,0,0,0,0.0,6,5,1,0.0,0.0,0,
1157,Zaviar Gooden,26,2TM,LB,8,0,0,0,0,0,0,0,0,0,0,0,0.0,7,4,3,0.0,0.0,0,
1157,Zaviar Gooden,26,DET,LB,1,0,0,0,0,0,0,0,0,0,0,0,0.0,3,2,1,0.0,0.0,0,
1157,Zaviar Gooden,26,ARI,LB,7,0,0,0,0,0,0,0,0,0,0,0,0.0,4,2,2,0.0,0.0,0,
1158,Rashad Greene,24,JAX,WR,8,0,0,0,0,0,0,0,4,2,0,0,0.0,0,0,0,,,0,
1159,Deiondre' Hall,22,CHI,DB,8,0,1,0,0,0,3,0,0,0,0,0,0.0,9,7,2,0.0,1.0,0,
1160,Temarrick Hemingway,23,LAR,TE,8,0,0,0,0,0,0,0,0,0,0,0,0.0,1,1,0,0.0,0.0,0,
1161,DeAndre Houston-Carson,23,CHI,DB,8,0,0,0,0,0,0,0,0,0,0,0,0.0,2,0,2,0.0,0.0,0,
1162,Akeem Hunt,23,HOU,RB,8,0,0,0,0,0,0,0,2,1,0,0,0.0,7,5,2,0.0,0.0,0,
1163,Josh Johnson,27,JAX,DB,8,0,0,0,0,0,1,0,0,0,0,0,0.5,9,5,4,0.0,1.0,0,
1164,Howard Jones,26,TAM,LB,8,0,0,0,0,0,0,0,0,1,0,0,0.0,3,3,0,0.0,1.0,0,
1165,Joe Kerridge,24,GNB,RB,8,0,0,0,0,0,0,0,0,0,0,0,0.0,1,0,1,0.0,0.0,0,
1166,Jordan Lucas,23,MIA,DB,8,0,0,0,0,0,0,0,0,0,0,0,0.0,2,0,2,0.0,0.0,0,
1167,Nick Marshall,24,NYJ,DB,8,0,0,0,0,0,0,0,0,1,14,0,0.0,5,3,2,0.0,0.0,0,
1168,Gabe Martin,24,ARI,LB,8,0,0,0,0,0,0,0,0,1,-1,0,0.0,4,2,2,0.0,0.0,0,
1169,Michael Mauti,26,NOR,LB,8,0,0,0,0,0,0,1,0,0,0,0,1.0,9,8,1,0.0,1.0,0,
1170,Steven Means,26,PHI,DE,8,0,0,0,0,0,0,1,0,0,0,0,1.0,3,2,1,0.0,0.0,0,
1171,Mike Pennel,25,GNB,DT,8,0,0,0,0,0,1,0,0,0,0,0,0.0,7,5,2,3.0,1.0,0,
1172,Lafayette Pitts,24,MIA,DB,8,0,0,0,0,0,0,0,0,0,0,0,0.0,3,1,2,0.0,0.0,0,
1173,Tyvis Powell,22,SEA,DB,8,0,0,0,0,0,0,0,0,0,0,0,0.0,3,2,1,0.0,0.0,0,
1174,Christian Ringo,24,GNB,DE,8,0,0,0,0,0,0,1,0,0,0,0,0.0,2,2,0,1.0,0.0,0,
1175,Ryan Russell,24,TAM,DE,8,0,0,0,0,0,0,0,0,0,0,0,1.0,4,4,0,1.0,4.0,0,
1176,Robert Thomas,25,NYG,DT,8,0,0,0,0,0,0,0,0,0,0,0,1.0,5,3,2,1.0,1.0,0,
1177,Shamarko Thomas,25,PIT,DB,8,0,0,0,0,0,0,0,0,0,0,0,0.0,7,7,0,0.0,0.0,0,
1178,Morris Claiborne,26,DAL,RCB,7,7,1,27,0,27,5,0,0,1,0,0,0.0,26,24,2,2.0,0.0,0,
1179,Jared Goff,22,LAR,QB,7,7,0,0,0,0,0,0,5,1,0,0,0.0,0,0,0,0.0,0.0,0,
1180,Cameron Heyward,27,PIT,LDE,7,7,0,0,0,0,4,0,0,1,1,0,3.0,21,17,4,4.0,5.0,0,
1181,Matt Jones,23,WAS,RB,7,7,0,0,0,0,0,0,3,2,0,0,0.0,0,0,0,0.0,0.0,0,
1182,Kendall Langford,30,IND,LDE,7,7,0,0,0,0,2,0,0,1,0,0,0.0,10,8,2,2.0,1.0,0,
1183,J.C. Tretter,25,GNB,C,7,7,0,0,0,0,0,0,0,1,0,0,0.0,0,0,0,0.0,0.0,0,
1184,Matt Barkley,26,CHI,QB,7,6,0,0,0,0,0,0,4,1,-7,0,0.0,0,0,0,0.0,0.0,0,
1185,Xavien Howard,23,MIA,RCB,7,6,0,0,0,0,6,1,0,0,0,0,0.0,40,29,11,1.0,0.0,0,
1186,Patrick Robinson,29,IND,LCB,7,6,0,0,0,0,5,1,0,0,0,0,0.0,26,19,7,0.0,0.0,0,
1187,Halapoulivaati Vaitai,23,PHI,RT,7,6,0,0,0,0,0,0,0,1,0,0,0.0,0,0,0,0.0,0.0,0,
1188,Dion Lewis,26,NWE,RB,7,5,0,0,0,0,0,0,1,1,0,0,0.0,0,0,0,0.0,0.0,0,
1189,Aaron Williams,26,BUF,SS,7,5,0,0,0,0,5,0,0,1,53,1,0.0,20,13,7,1.0,0.0,0,
1190,Trent Cole,34,IND,LB,7,4,0,0,0,0,1,0,0,0,0,0,2.0,16,11,5,3.0,4.0,0,
1191,Bud Dupree,23,PIT,LB,7,4,0,0,0,0,1,1,0,0,0,0,4.5,24,19,5,6.0,7.0,0,
1192,Jacoby Glenn,23,CHI,DB,7,3,1,21,0,21,6,1,0,0,0,0,0.0,26,23,3,0.0,0.0,0,
1193,Aaron Lynch,23,SFO,DE,7,3,0,0,0,0,0,0,0,0,0,0,1.5,13,12,1,5.0,6.0,0,
1194,Nat Berhe,25,NYG,DB,7,2,0,0,0,0,1,1,0,0,0,0,0.0,21,17,4,0.0,0.0,0,
1195,Jaron Brown,26,ARI,WR,7,2,0,0,0,0,0,0,0,0,0,0,0.0,1,1,0,0.0,0.0,0,
1196,Josh Huff,25,PHI,WR,7,2,0,0,0,0,0,0,0,0,0,0,0.0,3,2,1,0.0,0.0,0,
1197,Terrance Mitchell,24,KAN,DB,7,2,0,0,0,0,6,0,0,0,0,0,0.0,19,17,2,0.0,0.0,0,
1198,Charles Sims,26,TAM,RB,7,2,0,0,0,0,0,0,1,0,0,0,0.0,0,0,0,0.0,0.0,0,
1199,Adairius Barnes,22,DET,DB,7,1,0,0,0,0,0,0,0,0,0,0,0.0,7,6,1,0.0,1.0,0,
1200,Malcolm Johnson,24,CLE,TE,7,1,0,0,0,0,0,0,1,0,0,0,0.0,0,0,0,,,0,
1201,Will Tukuafu,32,SEA,FB,7,1,0,0,0,0,0,0,0,0,0,0,0.0,1,0,1,0.0,0.0,0,
1202,Drew Butler,27,ARI,P,7,0,0,0,0,0,0,0,1,0,-35,0,0.0,2,1,1,0.0,0.0,0,
1203,Kai Forbath,29,MIN,K,7,0,0,0,0,0,0,0,0,0,0,0,0.0,1,1,0,0.0,0.0,0,
1204,Daniel Lasco,24,NOR,RB,7,0,0,0,0,0,0,0,0,0,0,0,0.0,6,6,0,0.0,0.0,0,
1205,Michael Palardy,24,CAR,P,7,0,0,0,0,0,0,0,0,0,0,0,0.0,1,1,0,0.0,0.0,0,
1206,Caraun Reid,25,SDG,DT,7,0,0,0,0,0,1,0,0,1,61,1,1.0,5,5,0,2.0,2.0,0,
1207,Marcus Roberson,24,BUF,DB,7,0,0,0,0,0,1,0,0,0,0,0,0.0,2,2,0,0.0,0.0,0,
1208,Brennan Scarlett,23,HOU,LB,7,0,0,0,0,0,0,0,0,0,0,0,0.0,13,6,7,1.0,0.0,0,
1209,Al-Hajj Shabazz,24,PIT,DB,7,0,0,0,0,0,0,0,0,0,0,0,0.0,1,1,0,0.0,0.0,0,
1210,Rod Smith,24,DAL,RB,7,0,0,0,0,0,0,0,0,0,0,0,0.0,1,1,0,0.0,0.0,0,
1211,Zach Vigil,25,MIA,LB,7,0,0,0,0,0,0,0,0,0,0,0,0.0,2,2,0,0.0,0.0,0,
1212,Delvin Breaux,27,NOR,LCB,6,6,0,0,0,0,1,0,0,0,0,0,0.0,21,18,3,2.0,0.0,0,
1213,Brandon Flowers,30,SDG,LCB,6,6,1,33,1,33,5,0,0,0,0,0,0.0,28,24,4,6.0,0.0,0,
1214,Reshad Jones,28,MIA,FS,6,6,1,17,0,17,4,0,0,0,0,0,0.5,51,31,20,4.0,0.0,0,
1215,Roy Miller,29,JAX,RDT,6,6,0,0,0,0,0,0,0,0,0,0,0.0,10,10,0,1.0,1.0,0,
1216,Jared Odrick,29,JAX,RDE,6,6,0,0,0,0,1,1,0,0,0,0,1.0,12,9,3,0.0,1.0,0,
1217,Jordan Poyer,25,CLE,FS,6,6,0,0,0,0,2,0,0,0,0,0,0.0,39,29,10,1.0,0.0,0,
1218,Tyvon Branch,30,ARI,DB,6,5,0,0,0,0,4,0,0,0,0,0,0.0,28,25,3,0.0,1.0,0,
1219,Ron Brooks,28,PHI,DB,6,5,0,0,0,0,1,0,0,1,0,0,0.0,14,12,2,0.0,0.0,0,
1220,Eddie Goldman,22,CHI,NT,6,5,0,0,0,0,1,0,0,0,0,0,2.5,18,12,6,2.0,4.0,0,
1221,Brian Hoyer,31,CHI,QB,6,5,0,0,0,0,0,0,3,2,-5,0,0.0,0,0,0,0.0,0.0,0,
1222,Bryce Petty,25,NYJ,QB,6,4,0,0,0,0,0,0,1,1,0,0,0.0,0,0,0,0.0,0.0,0,
1223,Derrick Shelby,27,ATL,DE,6,4,0,0,0,0,1,0,0,0,0,0,0.0,8,6,2,2.0,2.0,0,
1224,A.J. Derby,25,DEN,TE,6,3,0,0,0,0,0,0,1,0,0,0,0.0,0,0,0,,,0,
1225,Alex Ellis,23,JAX,TE,6,3,0,0,0,0,0,0,0,0,0,0,0.0,1,1,0,0.0,0.0,0,
1226,Demetri Goodson,27,GNB,DB,6,3,0,0,0,0,1,0,0,0,0,0,0.0,14,10,4,0.0,0.0,0,
1227,Kevin Johnson,24,HOU,DB,6,3,0,0,0,0,3,0,0,1,53,0,0.0,25,22,3,1.0,0.0,0,
1228,Jimmy Garoppolo,25,NWE,QB,6,2,0,0,0,0,0,0,2,0,-2,0,0.0,0,0,0,0.0,0.0,0,
1229,Javien Elliott,23,TAM,DB,6,1,0,0,0,0,1,0,0,0,0,0,0.0,10,8,2,1.0,0.0,0,
1230,EJ Manuel,26,BUF,QB,6,1,0,0,0,0,0,0,2,1,0,0,0.0,0,0,0,0.0,0.0,0,
1231,Christopher Milton,24,IND,DB,6,1,0,0,0,0,2,0,0,0,0,0,0.0,9,7,2,0.0,0.0,0,
1232,Trovon Reed,26,SDG,DB,6,1,2,6,0,3,3,0,0,0,0,0,0.0,14,14,0,0.0,0.0,0,
1233,C.J. Wilson,29,CHI,DE,6,1,0,0,0,0,0,0,0,0,0,0,1.0,13,9,4,2.0,4.0,0,
1234,Nick Boyle,23,BAL,TE,6,0,0,0,0,0,0,0,0,0,0,0,0.0,2,2,0,0.0,0.0,0,
1235,Carl Bradford,24,2TM,LB,6,0,0,0,0,0,0,0,0,0,0,0,0.0,5,4,1,1.0,1.0,0,
1235,Carl Bradford,24,GNB,LB,4,0,0,0,0,0,0,0,0,0,0,0,0.0,1,0,1,0.0,0.0,0,
1235,Carl Bradford,24,SFO,LB,2,0,0,0,0,0,0,0,0,0,0,0,0.0,4,4,0,1.0,1.0,0,
1236,James Cowser,26,OAK,DE,6,0,0,0,0,0,0,0,0,1,0,0,1.0,9,7,2,1.0,1.0,0,
1237,Ryan Delaire,24,CAR,DE,6,0,0,0,0,0,1,0,0,0,0,0,1.0,6,3,3,1.0,1.0,0,
1238,Lorenzo Doss,22,DEN,DB,6,0,0,0,0,0,2,0,0,0,0,0,0.0,4,4,0,0.0,0.0,0,
1239,Thomas Gafford,33,DEN,LB,6,0,0,0,0,0,0,0,0,0,0,0,0.0,1,1,0,0.0,0.0,0,
1240,Steven Johnson,28,PIT,LB,6,0,0,0,0,0,0,1,0,0,0,0,0.0,6,5,1,0.0,0.0,0,
1241,Deon King,23,2TM,LB,6,0,0,0,0,0,0,0,0,0,0,0,0.0,2,2,0,0.0,0.0,0,
1241,Deon King,23,SDG,LB,2,0,0,0,0,0,0,0,0,0,0,0,0.0,1,1,0,0.0,0.0,0,
1241,Deon King,23,IND,LB,4,0,0,0,0,0,0,0,0,0,0,0,0.0,1,1,0,0.0,0.0,0,
1242,Jake Lampman,23,NOR,WR,6,0,0,0,0,0,0,0,0,0,0,0,0.0,6,6,0,0.0,0.0,0,
1243,Kendrick Lewis,28,BAL,DB,6,0,0,0,0,0,0,1,0,0,0,0,0.0,6,6,0,0.0,0.0,0,
1244,Matt Longacre,25,LAR,DE,6,0,0,0,0,0,0,0,0,0,0,0,0.0,6,4,2,2.0,1.0,0,
1245,Vince Mayle,25,DAL,WR,6,0,0,0,0,0,0,0,0,0,0,0,0.0,2,1,1,0.0,0.0,0,
1246,Dexter McDonald,25,OAK,DB,6,0,0,0,0,0,0,0,0,0,0,0,0.0,1,1,0,0.0,0.0,0,
1247,Dexter McDougle,25,NYJ,DB,6,0,0,0,0,0,0,0,0,0,0,0,0.0,1,1,0,0.0,0.0,0,
1248,Cedric Peerman,30,CIN,RB,6,0,0,0,0,0,0,0,0,0,0,0,0.0,3,2,1,0.0,0.0,0,
1249,Ryan Quigley,26,ARI,P,6,0,0,0,0,0,0,1,0,0,0,0,0.0,2,2,0,0.0,0.0,0,
1250,Chris Smith,24,JAX,DE,6,0,0,0,0,0,0,0,0,0,0,0,1.0,4,4,0,1.0,1.0,0,
1251,C.J. Spiller,29,2TM,RB,6,0,0,0,0,0,0,1,1,1,0,0,0.0,1,1,0,0.0,0.0,0,
1251,C.J. Spiller,29,SEA,RB,2,0,0,0,0,0,0,0,1,1,0,0,0.0,0,0,0,0.0,0.0,0,
1251,C.J. Spiller,29,NYJ,RB,4,0,0,0,0,0,0,1,0,0,0,0,0.0,1,1,0,0.0,0.0,0,
1252,Vinnie Sunseri,25,SFO,DB,6,0,0,0,0,0,0,0,0,0,0,0,0.0,6,4,2,0.0,0.0,0,
1253,Lou Young,25,CAR,DB,6,0,0,0,0,0,0,0,0,0,0,0,0.0,1,1,0,0.0,0.0,0,
1254,Allen Bailey,27,KAN,RDE,5,5,0,0,0,0,0,0,0,0,0,0,0.0,7,5,2,1.0,0.0,0,
1255,Jay Cutler,33,CHI,QB,5,5,0,0,0,0,0,0,6,2,0,0,0.0,0,0,0,0.0,0.0,0,
1256,Breno Giacomini,31,NYJ,RG,5,5,0,0,0,0,0,0,0,1,0,0,0.0,0,0,0,,,0,
1257,Robert Griffin III,26,CLE,QB,5,5,0,0,0,0,0,0,4,1,-18,0,0.0,0,0,0,0.0,0.0,0,
1258,Justin Houston,27,KAN,LOLB,5,5,0,0,0,0,1,1,0,0,0,0,4.0,21,20,1,6.0,6.0,0,
1259,Justin March,23,KAN,RILB,5,5,0,0,0,0,2,0,0,0,0,0,0.0,22,15,7,1.0,0.0,0,
1260,Jonathan Freeny,27,NWE,DE,5,4,0,0,0,0,0,1,0,0,0,0,0.0,10,6,4,1.0,1.0,0,
1261,Erin Henderson,30,NYJ,LB,5,4,0,0,0,0,0,0,0,0,0,0,0.0,21,12,9,1.0,1.0,0,
1262,James Laurinaitis,30,NOR,LB,5,3,0,0,0,0,1,0,0,1,0,0,0.0,17,9,8,0.0,0.0,0,
1263,DeAndre Levy,29,DET,LB,5,3,0,0,0,0,1,0,0,0,0,0,0.0,21,16,5,0.0,1.0,0,
1264,Josh McCown,37,CLE,QB,5,3,0,0,0,0,0,0,7,2,-7,0,0.0,0,0,0,0.0,0.0,0,
1265,Derek Anderson,33,CAR,QB,5,2,0,0,0,0,0,0,1,0,0,0,0.0,0,0,0,,,0,
1266,Blake Countess,23,LAR,DB,5,2,0,0,0,0,0,0,0,0,0,0,1.0,20,12,8,0.0,4.0,0,
1267,Mike Jordan,24,LAR,DB,5,2,0,0,0,0,2,0,0,1,0,0,0.0,20,15,5,1.0,0.0,0,
1268,Dashaun Phillips,25,WAS,DB,5,2,0,0,0,0,0,0,0,1,0,0,0.0,9,5,4,2.0,0.0,0,
1269,Steve Williams,25,SDG,DB,5,2,0,0,0,0,2,0,0,0,0,0,0.0,19,18,1,0.0,0.0,0,
1270,Ifeanyi Momah,27,ARI,WR,5,1,0,0,0,0,0,1,0,1,0,0,0.0,4,4,0,0.0,0.0,0,
1271,Zack Sanchez,23,CAR,DB,5,1,0,0,0,0,0,0,0,0,0,0,0.0,9,5,4,0.0,0.0,0,
1272,Shane Vereen,27,NYG,RB,5,1,0,0,0,0,0,0,2,0,0,0,0.0,0,0,0,0.0,0.0,0,
1273,Channing Ward,24,TAM,DT,5,1,0,0,0,0,0,0,0,0,0,0,0.0,5,1,4,0.0,0.0,0,
1274,Marcus Ball,29,SFO,DB,5,0,0,0,0,0,0,0,0,0,0,0,0.0,4,3,1,0.0,0.0,0,
1275,T.J. Barnes,26,KAN,DT,5,0,0,0,0,0,0,0,0,0,0,0,0.0,1,1,0,0.0,0.0,0,
1276,Sam Barrington,26,NOR,LB,5,0,0,0,0,0,0,0,0,0,0,0,0.0,2,1,1,0.0,0.0,0,
1277,Trevone Boykin,23,SEA,QB,5,0,0,0,0,0,0,0,1,1,0,0,0.0,0,0,0,,,0,
1278,Chykie Brown,30,CIN,DB,5,0,0,0,0,0,0,0,0,0,0,0,0.0,2,2,0,0.0,0.0,0,
1279,Armonty Bryant,26,DET,DE,5,0,0,0,0,0,0,1,0,0,0,0,3.0,5,4,1,3.0,3.0,0,
1280,Deandre Coleman,25,BUF,DE,5,0,0,0,0,0,0,0,0,0,0,0,0.0,3,1,2,0.0,0.0,0,
1281,Pierre Desir,26,SDG,DB,5,0,0,0,0,0,1,0,0,0,0,0,0.0,3,3,0,0.0,0.0,0,
1282,K.J. Dillon,22,HOU,DB,5,0,0,0,0,0,0,0,0,0,0,0,0.0,5,4,1,0.0,0.0,0,
1283,Brian Dixon,26,NOR,DB,5,0,0,0,0,0,0,0,0,0,0,0,0.0,2,2,0,0.0,0.0,0,
1284,Je'Ron Hamm,24,SFO,TE,5,0,0,0,0,0,0,0,0,0,0,0,0.0,2,1,1,0.0,0.0,0,
1285,John Hughes,28,TAM,DT,5,0,0,0,0,0,0,0,0,0,0,0,0.0,6,5,1,0.0,0.0,0,
1286,Robert Nkemdiche,22,ARI,DT,5,0,0,0,0,0,1,0,0,0,0,0,0.0,1,0,1,0.0,1.0,0,
1287,Mark Nzeocha,26,DAL,LB,5,0,0,0,0,0,0,0,0,0,0,0,0.0,3,3,0,0.0,0.0,0,
1288,Ayodeji Olatoye,25,ATL,DB,5,0,0,0,0,0,3,0,0,0,0,0,0.0,4,3,1,,,0,
1289,Leon Orr,24,MIA,DT,5,0,0,0,0,0,0,0,0,0,0,0,0.0,1,1,0,1.0,0.0,0,
1290,Eric Pinkins,25,NYG,DB,5,0,0,0,0,0,0,0,0,0,0,0,0.0,1,0,1,0.0,1.0,0,
1291,KeiVarae Russell,23,CIN,DB,5,0,1,0,0,0,1,0,0,0,0,0,0.0,1,1,0,0.0,0.0,0,
1292,Terron Ward,24,ATL,RB,5,0,0,0,0,0,0,0,0,0,0,0,0.0,1,1,0,0.0,0.0,0,
1293,Julius Warmsley,26,MIA,DE,5,0,0,0,0,0,0,0,0,0,0,0,0.0,8,4,4,0.0,1.0,0,
1294,Gabe Wright,24,CLE,DT,5,0,0,0,0,0,1,0,0,0,0,0,0.0,4,3,1,1.0,1.0,0,
1295,Bene Benwikere,25,CAR,DB,4,4,1,1,0,1,4,0,0,0,0,0,0.0,10,8,2,1.0,0.0,0,
1296,NaVorro Bowman,28,SFO,LB,4,4,1,0,0,0,2,1,0,0,0,0,1.0,35,24,11,4.0,2.0,0,
1297,David Bruton,29,WAS,DB,4,4,0,0,0,0,2,0,0,0,0,0,1.0,28,20,8,1.0,1.0,0,
1298,Antonio Cromartie,32,IND,DB,4,4,0,0,0,0,2,0,0,0,0,0,0.0,14,14,0,0.0,0.0,0,
1299,Jason Verrett,25,SDG,DB,4,4,1,0,0,0,3,0,0,1,0,0,0.0,13,11,2,0.0,0.0,0,
1300,Freddie Bishop,26,NYJ,DE,4,3,0,0,0,0,1,0,0,0,0,0,0.0,9,5,4,2.0,0.0,0,
1301,Justin Forsett,31,DEN,RB,4,3,0,0,0,0,0,0,2,0,0,0,0.0,0,0,0,,,0,
1302,James Ihedigbo,33,BUF,DB,4,3,0,0,0,0,1,0,0,0,0,0,0.0,16,10,6,1.0,0.0,0,
1303,Matt Moore,32,MIA,QB,4,3,0,0,0,0,0,0,1,1,0,0,0.0,0,0,0,,,0,
1304,Sean Weatherspoon,29,ATL,LB,4,3,0,0,0,0,0,0,0,0,0,0,0.0,27,21,6,2.0,0.0,0,
1305,Johnthan Banks,27,2TM,DB,4,2,0,0,0,0,1,0,0,0,0,0,0.0,6,4,2,0.0,0.0,0,
1305,Johnthan Banks,27,DET,DB,2,0,0,0,0,0,0,0,0,0,0,0,0.0,2,2,0,0.0,0.0,0,
1305,Johnthan Banks,27,CHI,DB,2,2,0,0,0,0,1,0,0,0,0,0,0.0,4,2,2,0.0,0.0,0,
1306,Arian Foster,30,MIA,RB,4,2,0,0,0,0,0,0,1,0,0,0,0.0,0,0,0,,,0,
1307,Ben Heeney,24,OAK,LB,4,2,0,0,0,0,0,0,0,0,0,0,0.0,15,13,2,0.0,1.0,0,
1308,Asa Jackson,27,DET,DB,4,2,0,0,0,0,1,0,0,0,0,0,0.0,7,5,2,0.0,0.0,0,
1309,Matt Cassel,34,TEN,QB,4,1,0,0,0,0,0,0,1,1,0,0,0.0,0,0,0,,,0,
1310,Ufomba Kamalu,24,HOU,DE,4,1,0,0,0,0,0,0,0,0,0,0,1.0,5,3,2,2.0,1.0,0,
1311,Ed Stinson,26,ARI,DE,4,1,0,0,0,0,0,0,0,0,0,0,0.0,6,6,0,0.0,1.0,0,
1312,De'Vante Bausby,23,CHI,DB,4,0,0,0,0,0,0,0,0,0,0,0,0.0,12,11,1,0.0,0.0,0,
1313,Maurice Canady,22,BAL,DB,4,0,0,0,0,0,0,0,0,0,0,0,0.0,2,2,0,0.0,0.0,0,
1314,Ryan Carrethers,25,SDG,DT,4,0,0,0,0,0,0,0,0,0,0,0,0.0,5,4,1,0.0,1.0,0,
1315,Chris Davis,26,SFO,DB,4,0,0,0,0,0,0,0,1,0,0,0,0.5,3,1,2,0.0,1.0,0,
1316,Makinton Dorleant,24,GNB,DB,4,0,0,0,0,0,0,0,0,0,0,0,0.0,1,1,0,0.0,0.0,0,
1317,Nick Dzubnar,25,SDG,LB,4,0,0,0,0,0,0,0,0,0,0,0,0.0,6,3,3,0.0,0.0,0,
1318,Morgan Fox,22,LAR,DB,4,0,0,0,0,0,0,1,0,1,0,0,0.0,5,3,2,1.0,2.0,0,
1319,Dashon Goldson,32,ATL,DB,4,0,0,0,0,0,0,0,0,0,0,0,0.0,1,0,1,0.0,0.0,0,
1320,Antonio Hamilton,23,OAK,DB,4,0,0,0,0,0,0,0,0,0,0,0,0.0,4,3,1,0.0,0.0,0,
1321,Erik Harris,26,NOR,DB,4,0,0,0,0,0,0,0,0,0,0,0,0.0,1,1,0,0.0,0.0,0,
1322,Brett Hundley,23,GNB,QB,4,0,0,0,0,0,0,0,1,1,-1,0,0.0,0,0,0,0.0,0.0,0,
1323,Jeron Johnson,28,SEA,DB,4,0,0,0,0,0,0,0,0,0,0,0,0.0,5,2,3,0.0,0.0,0,
1324,Josh Keyes,23,TAM,LB,4,0,0,0,0,0,0,0,0,0,0,0,0.0,3,3,0,0.0,0.0,0,
1325,Anthony Lanier,23,WAS,DE,4,0,0,0,0,0,0,0,0,1,0,0,0.0,0,0,0,0.0,2.0,0,
1326,Doug Middleton,23,NYJ,DB,4,0,0,0,0,0,1,0,0,0,0,0,0.0,6,3,3,0.0,0.0,0,
1327,Damontre Moore,24,SEA,DE,4,0,0,0,0,0,0,0,0,0,0,0,0.5,7,3,4,2.0,1.0,0,
1328,Kalif Raymond,22,DEN,WR,4,0,0,0,0,0,0,0,2,1,0,0,0.0,0,0,0,0.0,0.0,0,
1329,Kalan Reed,23,TEN,DB,4,0,0,0,0,0,0,0,0,0,0,0,0.0,3,2,1,0.0,0.0,0,
1330,Trevor Roach,24,CIN,LB,4,0,0,0,0,0,0,0,0,0,0,0,0.0,1,1,0,0.0,0.0,0,
1331,Jeremy Ross,28,NYJ,WR,4,0,0,0,0,0,0,0,0,1,0,0,0.0,0,0,0,0.0,0.0,0,
1332,Deontae Skinner,26,NYG,LB,4,0,0,0,0,0,0,0,0,0,0,0,0.0,6,6,0,0.0,0.0,0,
1333,Devin Smith,24,NYJ,WR,4,0,0,0,0,0,0,0,0,0,0,0,0.0,2,1,1,0.0,0.0,0,
1334,Brandon Wilds,23,NYJ,RB,4,0,0,0,0,0,0,0,0,1,0,0,0.0,0,0,0,0.0,0.0,0,
1335,DeShawn Williams,24,CIN,DT,4,0,0,0,0,0,0,0,0,0,0,0,0.5,2,1,1,0.0,4.0,0,
1336,Maxx Williams,22,BAL,TE,4,0,0,0,0,0,0,0,0,0,0,0,0.0,1,1,0,0.0,0.0,0,
1337,DeAngelo Hall,33,WAS,DB,3,3,0,0,0,0,1,0,0,0,0,0,0.0,16,10,6,0.0,0.0,0,
1338,Adrian Peterson,31,MIN,RB,3,3,0,0,0,0,0,0,1,0,0,0,0.0,0,0,0,0.0,0.0,0,
1339,Manti Te'o,25,SDG,LB,3,3,0,0,0,0,0,0,0,0,0,0,0.0,17,11,6,2.0,0.0,0,
1340,J.J. Watt,27,HOU,DE,3,3,0,0,0,0,0,0,0,1,0,0,1.5,8,1,7,1.0,5.0,0,
1341,Jacoby Brissett,24,NWE,QB,3,2,0,0,0,0,0,0,3,1,0,0,0.0,0,0,0,0.0,0.0,0,
1342,Paxton Lynch,22,DEN,QB,3,2,0,0,0,0,0,0,2,1,0,0,0.0,0,0,0,0.0,0.0,0,
1343,Koa Misi,29,MIA,LB,3,2,0,0,0,0,0,0,0,0,0,0,0.0,22,11,11,0.0,0.0,0,
1344,Troy Niklas,24,ARI,TE,3,2,0,0,0,0,0,0,0,0,0,0,0.0,1,1,0,0.0,0.0,0,
1345,Tom Savage,26,HOU,QB,3,2,0,0,0,0,0,0,1,0,0,0,0.0,0,0,0,,,0,
1346,Nate Orchard,23,CLE,DE,3,1,0,0,0,0,0,0,0,0,0,0,0.0,4,2,2,0.0,3.0,0,
1347,Lawrence Thomas,23,NYJ,DE,3,1,0,0,0,0,0,0,0,0,0,0,0.0,4,3,1,1.0,0.0,0,
1348,Scott Tolzien,29,IND,QB,3,1,0,0,0,0,0,0,1,1,0,0,0.0,0,0,0,0.0,0.0,0,
1349,Joique Bell,30,DET,RB,3,0,0,0,0,0,0,0,0,0,0,0,0.0,1,1,0,0.0,0.0,0,
1350,Braedon Bowman,22,NYJ,TE,3,0,0,0,0,0,0,0,0,0,0,0,0.0,2,1,1,0.0,0.0,0,
1351,C.B. Bryant,24,ARI,DB,3,0,0,0,0,0,0,0,0,0,0,0,0.0,2,1,1,0.0,0.0,0,
1352,Randy Bullock,27,CIN,K,3,0,0,0,0,0,0,0,0,0,0,0,0.0,1,1,0,0.0,0.0,0,
1353,Chimdi Chekwa,28,MIA,DB,3,0,0,0,0,0,0,0,0,0,0,0,0.0,3,2,1,0.0,0.0,0,
1354,Will Davis,26,BAL,DB,3,0,1,0,0,0,1,0,0,0,0,0,0.0,4,1,3,0.0,0.0,0,
1355,Alani Fua,24,ARI,LB,3,0,0,0,0,0,0,0,0,0,0,0,0.0,1,0,1,0.0,0.0,0,
1356,Shamiel Gary,26,BUF,DB,3,0,0,0,0,0,0,0,0,0,0,0,0.0,1,0,1,0.0,0.0,0,
1357,Quentin Gause,24,DEN,LB,3,0,0,0,0,0,0,0,0,0,0,0,0.0,2,2,0,0.0,0.0,0,
1358,Dwayne Gratz,26,JAX,DB,3,0,0,0,0,0,0,0,0,0,0,0,0.0,5,5,0,0.0,0.0,0,
1359,Branden Jackson,24,OAK,DE,3,0,0,0,0,0,0,0,0,0,0,0,0.0,1,1,0,0.0,0.0,0,
1360,Quinton Jefferson,23,SEA,DT,3,0,0,0,0,0,0,0,0,0,0,0,0.0,1,0,1,0.0,0.0,0,
1361,Isaiah Johnson,24,LAR,DB,3,0,0,0,0,0,0,0,0,0,0,0,0.0,1,1,0,0.0,0.0,0,
1362,Taiwan Jones,23,NYJ,LB,3,0,0,0,0,0,0,0,0,0,0,0,0.0,2,2,0,1.0,0.0,0,
1363,Ronald Martin,23,NYJ,DB,3,0,0,0,0,0,0,0,0,0,0,0,0.0,1,0,1,0.0,0.0,0,
1364,Dezman Moses,27,KAN,LB,3,0,0,0,0,0,0,0,0,0,0,0,0.0,2,1,1,0.0,0.0,0,
1365,Sharrod Neasman,25,ATL,DB,3,0,0,0,0,0,0,0,0,0,0,0,0.0,3,2,1,0.0,0.0,0,
1366,Denzel Rice,23,HOU,DB,3,0,0,0,0,0,0,0,0,0,0,0,0.0,9,6,3,0.0,0.0,0,
1367,Antone Smith,31,TAM,RB,3,0,0,0,0,0,0,0,2,1,0,0,0.0,0,0,0,0.0,0.0,0,
1368,Garrison Smith,25,SEA,DT,3,0,0,0,0,0,0,0,0,0,0,0,0.0,5,1,4,0.0,0.0,0,
1369,Justin Staples,27,TEN,DE,3,0,0,0,0,0,0,0,0,0,0,0,0.0,1,1,0,0.0,0.0,0,
1370,Devon Still,27,HOU,DT,3,0,0,0,0,0,0,0,0,0,0,0,0.0,3,2,1,0.0,0.0,0,
1371,Leonard Wester,23,TAM,T,3,0,0,0,0,0,0,0,0,1,0,0,0.0,0,0,0,,,0,
1372,Frankie Williams,23,IND,DB,3,0,0,0,0,0,0,0,0,0,0,0,0.0,1,1,0,0.0,0.0,0,
1373,Teddy Williams,28,CAR,DB,3,0,1,19,0,19,2,0,0,0,0,0,0.0,6,5,1,0.0,0.0,0,
1374,Wendall Williams,26,HOU,WR,3,0,0,0,0,0,0,0,0,1,-6,0,0.0,0,0,0,0.0,0.0,0,
1375,Scooby Wright III,22,ARI,LB,3,0,0,0,0,0,0,0,0,0,0,0,0.0,2,0,2,0.0,0.0,0,
1376,Kedric Golston,33,WAS,DT,2,2,0,0,0,0,0,0,0,0,0,0,0.0,2,2,0,0.0,1.0,0,
1377,Harlan Miller,22,ARI,DB,2,2,1,52,0,52,1,0,0,0,0,0,0.0,7,5,2,1.0,0.0,0,
1378,P.J. Williams,23,NOR,DB,2,2,0,0,0,0,2,0,0,0,0,0,0.0,7,5,2,0.0,0.0,0,
1379,Woodrow Hamilton,24,NWE,DT,2,1,0,0,0,0,0,0,0,0,0,0,0.0,3,1,2,0.0,0.0,0,
1380,Geno Smith,26,NYJ,QB,2,1,0,0,0,0,0,0,1,0,0,0,0.0,0,0,0,,,0,
1381,Darian Thompson,23,NYG,DB,2,1,0,0,0,0,0,0,0,0,0,0,0.0,7,6,1,0.0,0.0,0,
1382,Mehdi Abdesmad,25,TEN,DE,2,0,0,0,0,0,0,0,0,0,0,0,0.0,1,1,0,0.0,0.0,0,
1383,Bralon Addison,23,CHI,WR,2,0,0,0,0,0,0,0,1,0,0,0,0.0,0,0,0,,,0,
1384,Colt Anderson,31,BUF,DB,2,0,0,0,0,0,0,0,0,0,0,0,0.0,2,2,0,0.0,0.0,0,
1385,Ray-Ray Armstrong,25,SFO,DB,2,0,1,5,0,5,2,0,0,1,0,0,0.0,8,7,1,1.0,0.0,0,
1386,Richard Ash,24,2TM,NT,2,0,0,0,0,0,0,0,0,0,0,0,0.0,6,3,3,1.0,0.0,0,
1386,Richard Ash,24,JAX,NT,1,0,0,0,0,0,0,0,0,0,0,0,0.0,4,1,3,0.0,0.0,0,
1386,Richard Ash,24,DAL,NT,1,0,0,0,0,0,0,0,0,0,0,0,0.0,2,2,0,1.0,0.0,0,
1387,Paul Dawson,23,CIN,LB,2,0,0,0,0,0,0,0,0,0,0,0,0.0,1,1,0,0.0,0.0,0,
1388,Brandon Dunn,24,HOU,DE,2,0,0,0,0,0,0,0,0,0,0,0,0.0,3,3,0,0.0,0.0,0,
1389,Mario Edwards,22,OAK,DE,2,0,0,0,0,0,0,0,0,0,0,0,0.0,2,1,1,0.0,0.0,0,
1390,Josh Evans,25,WAS,DB,2,0,0,0,0,0,0,0,0,0,0,0,0.0,1,0,1,0.0,0.0,0,
1391,Malliciah Goodman,26,ATL,DE,2,0,0,0,0,0,0,0,0,0,0,0,0.0,1,1,0,0.0,0.0,0,
1392,Randy Gregory,24,DAL,DE,2,0,0,0,0,0,0,0,0,0,0,0,1.0,9,8,1,2.0,2.0,0,
1393,Winston Guy,26,IND,DB,2,0,0,0,0,0,0,0,0,0,0,0,0.0,4,3,1,0.0,0.0,0,
1394,Lamarr Houston,29,CHI,DE,2,0,0,0,0,0,0,0,0,0,0,0,0.0,4,2,2,0.0,1.0,0,
1395,Julian Howsare,24,NYJ,LB,2,0,0,0,0,0,0,0,0,0,0,0,0.0,2,2,0,0.0,0.0,0,
1396,Michael Hunter,23,NYG,DB,2,0,0,0,0,0,0,0,0,0,0,0,0.0,4,4,0,0.0,0.0,0,
1397,Toby Johnson,25,MIN,DT,2,0,0,0,0,0,0,0,0,0,0,0,0.0,2,2,0,0.0,1.0,0,
1398,Johnny Maxey,23,PIT,DT,2,0,0,0,0,0,0,0,0,0,0,0,0.0,1,1,0,1.0,0.0,0,
1399,Chris McCain,25,NOR,LB,2,0,0,0,0,0,0,0,0,0,0,0,0.0,1,1,0,0.0,0.0,0,
1400,Patrick Murray,25,CLE,K,2,0,0,0,0,0,0,0,0,0,0,0,0.0,1,1,0,0.0,0.0,0,
1401,Taurean Nixon,25,DEN,DB,2,0,0,0,0,0,0,0,0,0,0,0,0.0,1,1,0,0.0,0.0,0,
1402,Victor Ochi,23,NYJ,LB,2,0,0,0,0,0,0,0,0,0,0,0,0.0,1,0,1,0.0,0.0,0,
1403,MyCole Pruitt,24,CHI,TE,2,0,0,0,0,0,0,0,0,0,0,0,0.0,1,1,0,0.0,0.0,0,
1404,Trevor Reilly,28,MIA,LB,2,0,0,0,0,0,0,0,0,0,0,0,0.0,2,1,1,0.0,0.0,0,
1405,Lynden Trail,25,WAS,DE,2,0,0,0,0,0,1,0,0,0,0,0,0.0,2,1,1,0.0,0.0,0,
1406,Stephen Weatherly,22,MIN,LB,2,0,0,0,0,0,0,0,0,0,0,0,0.0,1,1,0,0.0,0.0,0,
1407,Sam Shields,29,GNB,DB,1,1,0,0,0,0,0,0,0,0,0,0,0.0,3,3,0,0.0,0.0,0,
1408,Brennen Beyer,24,BAL,DE,1,0,0,0,0,0,0,0,0,0,0,0,0.0,3,2,1,0.0,0.0,0,
1409,Crezdon Butler,29,DET,DB,1,0,0,0,0,0,0,0,0,0,0,0,0.0,2,2,0,0.0,0.0,0,
1410,Connor Cook,23,OAK,QB,1,0,0,0,0,0,0,0,2,0,0,0,0.0,0,0,0,,,0,
1411,Travell Dixon,25,CAR,DB,1,0,0,0,0,0,0,0,0,0,0,0,0.0,1,1,0,0.0,0.0,0,
1412,David Fales,26,CHI,QB,1,0,0,0,0,0,0,0,1,0,0,0,0.0,0,0,0,,,0,
1413,Isaac Fruechte,25,MIN,WR,1,0,0,0,0,0,0,0,0,0,0,0,0.0,1,1,0,0.0,0.0,0,
1414,Taylor Hart,25,SFO,DE,1,0,0,0,0,0,0,0,0,0,0,0,0.0,2,1,1,0.0,0.0,0,
1415,Bryson Keeton,23,NYJ,DB,1,0,0,0,0,0,0,0,0,0,0,0,0.0,1,1,0,0.0,0.0,0,
1416,Sean Mannion,24,LAR,QB,1,0,0,0,0,0,0,0,1,0,0,0,0.0,0,0,0,,,0,
1417,Keshawn Martin,26,SFO,WR,1,0,0,0,0,0,0,0,1,0,0,0,0.0,0,0,0,,,0,
1418,Nick Moody,26,WAS,LB,1,0,0,0,0,0,0,0,0,0,0,0,0.0,1,1,0,0.0,0.0,0,
1419,Kyle Peko,23,DEN,DT,1,0,0,0,0,0,0,0,0,0,0,0,0.0,2,2,0,0.0,0.0,0,
1420,Khiry Robinson,27,NYJ,RB,1,0,0,0,0,0,0,0,1,0,0,0,0.0,0,0,0,,,0,
1421,Mykkele Thompson,23,NYG,DB,1,0,0,0,0,0,0,0,0,0,0,0,0.0,1,0,1,0.0,0.0,0,
1422,Larry Webster,26,CAR,DE,1,0,0,0,0,0,0,0,0,0,0,0,0.0,1,1,0,0.0,0.0,0,
1423,Antwaun Woods,23,TEN,DT,1,0,0,0,0,0,0,0,0,0,0,0,0.0,3,2,1,0.0,0.0,0,
