Unnamed: 0_level_0,Unnamed: 1_level_0,Unnamed: 2_level_0,Unnamed: 3_level_0,Unnamed: 4_level_0,Unnamed: 5_level_0,Unnamed: 6_level_0,Def Interceptions,Def Interceptions,Def Interceptions,Def Interceptions,Def Interceptions,Fumbles,Fumbles,Fumbles,Fumbles,Fumbles,Unnamed: 17_level_0,Tackles,Tackles,Tackles,Tackles,Unnamed: 22_level_0,Unnamed: 23_level_0
Rk,Player,Age,Team,Pos,G,GS,Int,Yds,IntTD,Lng,PD,FF,Fmb,FR,Yds,FRTD,Sk,Comb,Solo,Ast,TFL,Sfty,Awards
1,Donnie Abraham,31,NYJ,LCB,16,16,2,66,1,66,13.0,0,0,2,39,1,0.0,53.0,38.0,15.0,3.0,0,
2,Flozell Adams,29,DAL,LT,16,16,0,0,0,0,0.0,0,0,1,0,0,0.0,7.0,6.0,1.0,0.0,0,PB
3,Sam Adams,31,BUF,LDT,16,16,1,0,0,0,3.0,0,0,0,0,0,5.0,42.0,27.0,15.0,11.0,0,PB
4,Brent Alexander,33,NYG,FS/SS,16,16,3,3,0,2,7.0,1,0,2,29,0,2.0,80.0,56.0,24.0,3.0,0,
5,Shaun Alexander,27,SEA,RB,16,16,0,0,0,0,0.0,0,5,2,0,0,0.0,0.0,0.0,0.0,0.0,0,"PB,AP-2"
6,Will Allen,26,NYG,LCB,16,16,1,11,0,11,19.0,1,0,0,0,0,1.0,81.0,75.0,6.0,3.0,0,
7,Akin Ayodele,25,JAX,RLB,16,16,0,0,0,0,3.0,2,0,1,0,0,2.0,93.0,76.0,17.0,2.0,0,
8,Jason Babin,24,HOU,LOLB,16,16,0,0,0,0,5.0,0,0,2,22,0,4.0,63.0,51.0,12.0,13.0,0,
9,Jeff Backus,27,DET,LT,16,16,0,0,0,0,0.0,0,0,1,0,0,0.0,0.0,0.0,0.0,0.0,0,
10,Champ Bailey,26,DEN,LCB,16,16,3,0,0,0,12.0,0,0,0,0,0,0.0,81.0,68.0,13.0,6.0,0,"PB,AP-1"
11,Ronde Barber,29,TAM,RCB,16,16,3,23,0,23,13.0,1,0,2,27,2,3.0,99.0,84.0,15.0,8.0,0,"PB,AP-1"
12,Nick Barnett,23,GNB,MLB,16,16,1,16,0,16,6.0,0,0,1,7,0,3.0,123.0,92.0,31.0,9.0,0,
13,David Barrett,27,NYJ,RCB,16,16,2,14,0,14,13.0,1,0,0,0,0,0.0,78.0,64.0,14.0,6.0,0,
14,Gary Baxter,26,BAL,RCB,16,16,1,33,0,33,13.0,2,1,0,0,0,2.0,88.0,72.0,16.0,3.0,0,
15,Anthony Becht,27,NYJ,TE,16,16,0,0,0,0,0.0,0,0,0,0,0,0.0,2.0,2.0,0.0,0.0,0,
16,Jay Bellamy,32,NOR,SS,16,16,0,0,0,0,1.0,2,0,3,12,0,0.0,92.0,74.0,18.0,3.0,0,
17,Drew Bennett,26,TEN,WR,16,16,0,0,0,0,0.0,0,3,2,0,0,0.0,0.0,0.0,0.0,0.0,0,
18,Bertrand Berry,29,ARI,RDE,16,16,0,0,0,0,4.0,4,0,2,9,0,14.5,48.0,40.0,8.0,14.0,0,"PB,AP-2"
19,Drew Bledsoe,32,BUF,QB,16,16,0,0,0,0,0.0,0,9,2,-56,0,0.0,,,,,0,
20,Kyle Boller,23,BAL,QB,16,16,0,0,0,0,0.0,0,11,4,-5,0,0.0,0.0,0.0,0.0,0.0,0,
21,Tom Brady,27,NWE,QB,16,16,0,0,0,0,0.0,0,7,1,-17,0,0.0,0.0,0.0,0.0,0.0,0,PB
22,Lance Briggs,24,CHI,RLB,16,16,1,38,1,38,10.0,0,0,0,11,0,0.5,127.0,103.0,24.0,7.0,0,
23,Raheem Brock,26,IND,LDE,16,16,0,0,0,0,4.0,1,0,2,0,0,6.5,47.0,36.0,11.0,13.0,0,
24,Keith Brooking,29,ATL,LLB,16,16,3,41,0,27,6.0,2,0,1,4,0,2.5,102.0,86.0,16.0,2.0,0,"PB,AP-2"
25,Aaron Brooks,28,NOR,QB,16,16,0,0,0,0,0.0,0,13,6,-12,0,0.0,0.0,0.0,0.0,0.0,0,
26,Derrick Brooks,31,TAM,RLB,16,16,1,3,0,3,6.0,2,0,0,0,0,3.0,137.0,109.0,28.0,4.0,0,"PB,AP-1"
27,Alex Brown,25,CHI,RDE,16,16,0,0,0,0,9.0,3,0,1,0,0,6.0,56.0,44.0,12.0,10.0,0,
28,Sheldon Brown,25,PHI,RCB,16,16,2,33,0,33,16.0,1,0,0,0,0,3.0,89.0,66.0,23.0,4.0,0,
29,Isaac Bruce,32,STL,WR,16,16,0,0,0,0,0.0,0,5,1,0,0,0.0,0.0,0.0,0.0,0.0,0,
30,Tedy Bruschi,31,NWE,RILB,16,16,3,70,0,36,6.0,2,0,0,0,0,3.5,124.0,78.0,46.0,7.0,0,"PB,AP-2"
31,Ray Buchanan,33,OAK,FS,16,16,1,27,0,27,6.0,1,0,0,0,0,0.0,92.0,66.0,26.0,0.0,0,
32,Keith Bulluck,27,TEN,RLB,16,16,2,25,0,25,13.0,1,0,1,39,1,5.0,152.0,100.0,52.0,9.0,0,
33,Jerametrius Butler,26,STL,LCB,16,16,5,15,0,10,19.0,0,0,1,2,0,0.0,79.0,73.0,6.0,0.0,0,
34,David Carr,25,HOU,QB,16,16,0,0,0,0,0.0,0,10,4,-8,0,0.0,0.0,0.0,0.0,0.0,0,
35,Kevin Carter,31,TEN,LDT,16,16,0,0,0,0,1.0,1,0,1,0,0,6.0,49.0,26.0,23.0,7.0,0,
36,Corey Chavous,28,MIN,SS,16,16,1,0,0,0,6.0,1,0,0,0,0,0.0,81.0,61.0,20.0,2.0,0,
37,Danny Clark,27,OAK,MLB,16,16,0,0,0,0,5.0,1,0,0,0,0,2.0,130.0,99.0,31.0,10.0,0,
38,Nate Clements,25,BUF,RCB,16,16,6,77,1,35,14.0,5,3,2,0,0,0.5,79.0,58.0,21.0,3.0,0,PB
39,Dexter Coakley,32,DAL,RLB,16,16,0,0,0,0,6.0,0,0,1,0,0,0.0,71.0,53.0,18.0,2.0,0,
40,Erik Coleman,22,NYJ,FS,16,16,4,43,0,37,12.0,0,0,1,0,0,2.0,100.0,73.0,27.0,4.0,0,
41,Marco Coleman,35,DEN,LDE,16,16,0,0,0,0,0.0,1,0,1,-2,0,2.5,28.0,21.0,7.0,2.0,0,
42,Laveranues Coles,27,WAS,WR,16,16,0,0,0,0,0.0,0,1,0,0,0,0.0,0.0,0.0,0.0,0.0,0,
43,Daunte Culpepper,27,MIN,QB,16,16,0,0,0,0,0.0,0,9,0,-11,0,0.0,0.0,0.0,0.0,0.0,0,"PB,AP OPoY-2"
44,Chartric Darby,29,TAM,RDT,16,16,0,0,0,0,0.0,1,0,1,0,0,0.0,50.0,40.0,10.0,4.0,0,
45,Donovin Darius,29,JAX,SS,16,16,5,80,0,37,7.0,2,0,4,0,0,0.0,89.0,61.0,28.0,1.0,0,
46,Russell Davis,29,ARI,LDT,16,16,0,0,0,0,3.0,1,0,0,0,0,1.0,50.0,39.0,11.0,4.0,0,
47,Jake Delhomme,29,CAR,QB,16,16,0,0,0,0,0.0,0,12,5,-13,0,0.0,0.0,0.0,0.0,0.0,0,
48,Will Demps,25,BAL,FS,16,16,1,0,0,0,7.0,2,0,2,2,0,2.5,87.0,67.0,20.0,3.0,0,
49,David Diehl,24,NYG,RT,16,16,0,0,0,0,0.0,0,0,2,0,0,0.0,0.0,0.0,0.0,0.0,0,
50,Ryan Diem,25,IND,RT,16,16,0,0,0,0,0.0,0,0,0,0,0,0.0,5.0,3.0,2.0,0.0,0,
51,Warrick Dunn,29,ATL,RB,16,16,0,0,0,0,0.0,0,3,1,0,0,0.0,0.0,0.0,0.0,0.0,0,
52,Andre Dyson,25,TEN,LCB,16,16,6,135,0,44,15.0,0,0,0,0,0,0.0,41.0,35.0,6.0,0.0,0,
53,Donnie Edwards,31,SDG,LILB,16,16,5,49,1,30,14.0,2,0,0,0,0,1.0,152.0,106.0,46.0,2.0,0,"AP-2,AP DPoY-5"
54,Greg Ellis,29,DAL,LDE,16,16,0,0,0,0,9.0,1,0,0,0,0,9.0,59.0,44.0,15.0,10.0,0,
55,James Farrior,29,PIT,LILB,16,16,4,113,1,41,12.0,3,0,3,0,0,3.0,95.0,67.0,28.0,9.0,0,"PB,AP-1,AP DPoY-2"
56,Mario Fatafehi,25,DEN,LDT,16,16,0,0,0,0,3.0,0,0,1,8,0,2.5,21.0,14.0,7.0,4.0,0,
57,Brett Favre,35,GNB,QB,16,16,0,0,0,0,0.0,0,4,1,-8,0,0.0,0.0,0.0,0.0,0.0,0,
58,Larry Fitzgerald,21,ARI,WR,16,16,0,0,0,0,0.0,0,1,1,0,0,0.0,0.0,0.0,0.0,0.0,0,
59,London Fletcher,29,BUF,MLB,16,16,0,0,0,0,4.0,2,0,1,0,0,3.5,144.0,94.0,50.0,10.0,0,
60,Steve Foley,29,SDG,ROLB,16,16,2,4,0,4,12.0,5,0,2,0,0,10.0,65.0,48.0,17.0,10.0,0,
61,Larry Foote,24,PIT,RILB,16,16,1,1,0,1,2.0,1,0,1,0,0,3.0,70.0,53.0,17.0,8.0,0,
62,Dwight Freeney,24,IND,RDE,16,16,0,0,0,0,3.0,4,0,0,0,0,16.0,36.0,33.0,3.0,17.0,0,"PB,AP-1,AP DPoY-3"
63,Scott Fujita,25,KAN,LLB,16,16,0,0,0,0,4.0,0,0,0,0,0,4.5,90.0,67.0,23.0,9.0,0,
64,Chris Gamble,21,CAR,RCB,16,16,6,15,0,13,14.0,1,1,1,0,0,0.0,75.0,69.0,6.0,3.0,0,
65,Aaron Glenn,32,HOU,LCB,16,16,5,40,0,23,14.0,0,2,1,0,0,0.0,64.0,56.0,8.0,0.0,0,
66,La'Roi Glover,30,DAL,RDT,16,16,0,0,0,0,1.0,1,0,0,0,0,7.0,41.0,31.0,10.0,10.0,0,PB
67,Mike Goff,28,SDG,RG,16,16,0,0,0,0,0.0,0,0,2,11,0,0.0,0.0,0.0,0.0,0.0,0,
68,Tony Gonzalez,28,KAN,TE,16,16,0,0,0,0,0.0,0,0,1,0,0,0.0,0.0,0.0,0.0,0.0,0,"PB,AP-2"
69,Charles Grant,26,NOR,LDE,16,16,1,8,0,8,7.0,3,0,1,0,0,10.5,80.0,66.0,14.0,19.0,0,
70,Deon Grant,25,JAX,FS,16,16,2,4,0,4,8.0,0,0,1,0,0,1.0,65.0,50.0,15.0,1.0,0,
71,Michael Green,28,CHI,SS,16,16,2,0,0,0,9.0,2,0,4,3,0,1.5,110.0,86.0,24.0,7.0,0,
72,Trent Green,34,KAN,QB,16,16,0,0,0,0,0.0,0,11,3,-6,0,0.0,0.0,0.0,0.0,0.0,0,
73,Robert Griffith,34,CLE,SS,16,16,1,18,0,18,3.0,0,0,0,0,0,1.0,119.0,92.0,27.0,8.0,0,
74,James Hall,27,DET,RDE,16,16,1,30,0,30,5.0,4,0,1,0,0,11.5,48.0,38.0,10.0,10.0,0,
75,Ben Hamilton,27,DEN,LG,16,16,0,0,0,0,0.0,0,0,1,0,0,0.0,0.0,0.0,0.0,0.0,0,
76,Ken Hamlin,23,SEA,FS,16,16,4,48,0,24,9.0,1,0,0,0,0,2.0,80.0,64.0,16.0,1.0,0,
77,Joey Harrington,26,DET,QB,16,16,0,0,0,0,0.0,0,6,0,-6,0,0.0,0.0,0.0,0.0,0.0,0,
78,Al Harris,30,GNB,RCB,16,16,1,29,0,29,20.0,0,0,0,0,0,0.0,62.0,56.0,6.0,0.0,0,
79,Tommie Harris,21,CHI,LDT,16,16,0,0,0,0,2.0,1,0,0,0,0,3.5,48.0,32.0,16.0,7.0,0,AP DRoY-6
80,Marvin Harrison,32,IND,WR,16,16,0,0,0,0,0.0,0,1,0,0,0,0.0,,,,,0,"PB,AP-2"
81,Rodney Harrison,32,NWE,SS,16,16,2,12,0,12,8.0,3,0,0,0,0,3.0,141.0,96.0,45.0,6.0,0,AP-2
82,Eric Heitmann,24,SFO,LG,16,16,0,0,0,0,0.0,0,0,1,0,0,0.0,0.0,0.0,0.0,0.0,0,
83,John Henderson,25,JAX,RDT,16,16,0,0,0,0,4.0,0,0,1,0,0,5.5,75.0,62.0,13.0,9.0,0,PB
84,Kelly Herndon,28,DEN,RCB,16,16,2,17,0,15,23.0,3,0,1,0,0,1.0,70.0,56.0,14.0,4.0,0,
85,Eric Hicks,28,KAN,LDE,16,16,0,0,0,0,1.0,0,0,0,0,0,5.0,31.0,25.0,6.0,8.0,0,
86,Torry Holt,28,STL,WR,16,16,0,0,0,0,0.0,0,3,3,0,0,0.0,0.0,0.0,0.0,0.0,0,PB
87,Chris Hope,24,PIT,FS,16,16,1,41,0,41,5.0,1,0,0,0,0,0.0,90.0,59.0,31.0,0.0,0,
88,Steve Hutchinson,27,SEA,LG,16,16,0,0,0,0,0.0,0,1,2,0,0,0.0,0.0,0.0,0.0,0.0,0,"PB,AP-2"
89,Darrell Jackson,26,SEA,WR,16,16,0,0,0,0,0.0,0,2,0,0,0,0.0,0.0,0.0,0.0,0.0,0,
90,Edgerrin James,26,IND,RB,16,16,0,0,0,0,0.0,0,6,1,0,0,0.0,0.0,0.0,0.0,0.0,0,"PB,AP-2"
91,Tory James,31,CIN,RCB,16,16,8,66,0,23,13.0,2,0,1,0,0,0.0,63.0,58.0,5.0,2.0,0,PB
92,Quentin Jammer,25,SDG,RCB,16,16,1,12,0,12,10.0,0,0,0,0,0,0.0,62.0,53.0,9.0,1.0,0,
93,Andre Johnson,23,HOU,WR,16,16,0,0,0,0,0.0,0,1,1,0,0,0.0,1.0,0.0,1.0,0.0,0,PB
94,Chad Johnson,26,CIN,WR,16,16,0,0,0,0,0.0,0,1,0,0,0,0.0,0.0,0.0,0.0,0.0,0,PB
95,Keyshawn Johnson,32,DAL,WR,16,16,0,0,0,0,1.0,0,1,1,0,0,0.0,1.0,0.0,1.0,0.0,0,
96,Rudi Johnson,25,CIN,RB,16,16,0,0,0,0,0.0,0,4,0,0,0,0.0,,,,,0,PB
97,Tebucky Jones,30,NOR,FS,16,16,1,55,0,55,4.0,1,0,1,0,0,0.0,102.0,79.0,23.0,0.0,0,
98,Cato June,25,IND,RLB,16,16,2,71,0,71,9.0,0,0,2,-1,0,0.0,110.0,84.0,26.0,6.0,0,
99,Aaron Kampman,25,GNB,LDE,16,16,0,0,0,0,3.0,1,0,1,3,0,4.5,68.0,48.0,20.0,8.0,0,
100,Brian Kelly,28,TAM,LCB,16,16,4,101,0,75,22.0,0,0,1,32,0,0.0,58.0,51.0,7.0,2.0,0,
101,Kenoy Kennedy,27,DEN,SS,16,16,1,21,0,21,9.0,2,0,1,5,0,2.0,88.0,70.0,18.0,3.0,0,
102,Terrence Kiel,24,SDG,SS,16,16,2,31,0,31,10.0,0,0,1,0,0,1.0,97.0,72.0,25.0,3.0,0,
103,Sammy Knight,29,MIA,SS,16,16,4,32,0,32,4.0,2,1,1,0,0,0.0,100.0,54.0,46.0,3.0,1,
104,Dan Koppen,25,NWE,C,16,16,0,0,0,0,0.0,0,1,1,-6,0,0.0,0.0,0.0,0.0,0.0,0,
105,Olin Kreutz,27,CHI,C,16,16,0,0,0,0,0.0,0,1,1,0,0,0.0,0.0,0.0,0.0,0.0,0,PB
106,Ben Leber,26,SDG,LOLB,16,16,0,0,0,0,1.0,0,0,1,25,0,2.0,60.0,49.0,11.0,5.0,0,
107,Teddy Lehman,23,DET,RLB,16,16,1,1,0,1,3.0,1,0,0,0,0,1.0,103.0,76.0,27.0,7.0,0,
108,Kevin Lewis,26,NYG,MLB,16,16,0,0,0,0,3.0,0,0,1,16,0,1.0,91.0,65.0,26.0,4.0,0,
109,Michael Lewis,24,PHI,SS,16,16,1,0,0,0,12.0,2,0,1,0,0,0.0,90.0,76.0,14.0,4.0,0,PB
110,Leonard Little,30,STL,LDE,16,16,0,0,0,0,2.0,1,0,4,66,2,7.0,46.0,38.0,8.0,7.0,0,
111,Chris Liwienski,29,MIN,LG,16,16,0,0,0,0,0.0,0,0,1,0,0,0.0,0.0,0.0,0.0,0.0,0,
112,Ken Lucas,25,SEA,RCB,16,16,6,46,1,25,21.0,1,0,2,3,0,0.0,70.0,62.0,8.0,2.0,0,
113,David Macklin,26,ARI,RCB,16,16,4,18,0,16,16.0,1,0,1,1,0,0.5,75.0,63.0,12.0,1.0,0,
114,Sam Madison,30,MIA,RCB,16,16,0,0,0,0,7.0,3,1,0,4,0,0.0,47.0,34.0,13.0,2.0,0,
115,Peyton Manning,28,IND,QB,16,16,0,0,0,0,0.0,0,5,3,-3,0,0.0,0.0,0.0,0.0,0.0,0,"PB,AP-1,AP MVP-1,AP OPoY-1"
116,Ricky Manning,24,CAR,LCB,16,16,4,46,0,30,9.0,0,1,0,0,0,0.0,66.0,54.0,12.0,2.0,0,
117,Vince Manuwai,24,JAX,LG,16,16,0,0,0,0,0.0,0,1,2,-3,0,0.0,0.0,0.0,0.0,0.0,0,
118,Brock Marion,34,DET,FS,16,16,3,43,0,24,8.0,0,0,0,0,0,0.0,88.0,66.0,22.0,0.0,0,
119,Curtis Martin,31,NYJ,RB,16,16,0,0,0,0,0.0,0,2,2,-9,0,0.0,0.0,0.0,0.0,0.0,0,"PB,AP-1,AP OPoY-4"
120,Derrick Mason,30,TEN,WR,16,16,0,0,0,0,0.0,0,2,2,0,0,0.0,0.0,0.0,0.0,0.0,0,
121,Rashean Mathis,24,JAX,LCB,16,16,5,42,0,21,21.0,1,0,0,0,0,0.0,64.0,54.0,10.0,2.0,0,
122,Justin McCareins,26,NYJ,WR,16,16,0,0,0,0,0.0,0,3,4,0,0,0.0,,,,,0,
123,Todd McClure,27,ATL,C,16,16,0,0,0,0,0.0,0,0,1,0,0,0.0,0.0,0.0,0.0,0.0,0,
124,Andy McCollum,34,STL,C,16,16,0,0,0,0,0.0,0,0,1,0,0,0.0,0.0,0.0,0.0,0.0,0,
125,Willie McGinest,33,NWE,LOLB,16,16,1,27,0,27,6.0,2,0,1,0,0,9.5,51.0,35.0,16.0,7.0,0,
126,Kareem McKenzie,25,NYJ,RT,16,16,0,0,0,0,0.0,0,0,2,0,0,0.0,0.0,0.0,0.0,0.0,0,
127,Seth McKinney,25,MIA,C,16,16,0,0,0,0,0.0,0,0,2,0,0,0.0,0.0,0.0,0.0,0.0,0,
128,Steve McKinney,29,HOU,C,16,16,0,0,0,0,0.0,0,1,0,-7,0,0.0,0.0,0.0,0.0,0.0,0,
129,Bryant McKinnie,25,MIN,LT,16,16,0,0,0,0,0.0,0,0,1,0,0,0.0,0.0,0.0,0.0,0.0,0,
130,Randy McMichael,25,MIA,TE,16,16,0,0,0,0,0.0,0,2,2,0,0,0.0,2.0,1.0,1.0,0.0,0,
131,Brad Meester,27,JAX,C,16,16,0,0,0,0,0.0,0,1,1,-14,0,0.0,0.0,0.0,0.0,0.0,0,
132,Fred Miller,31,TEN,RT,16,16,0,0,0,0,0.0,0,0,1,0,0,0.0,0.0,0.0,0.0,0.0,0,
133,Mike Minter,30,CAR,SS,16,16,0,0,0,0,10.0,3,0,2,0,0,2.0,83.0,63.0,20.0,2.0,0,
134,Eric Moulds,31,BUF,WR,16,16,0,0,0,0,0.0,0,1,0,0,0,0.0,0.0,0.0,0.0,0.0,0,
135,Muhsin Muhammad,31,CAR,WR,16,16,0,0,0,0,0.0,0,3,1,0,0,0.0,,,,,0,"PB,AP-1"
136,Chris Naeole,30,JAX,RG,16,16,0,0,0,0,0.0,0,1,1,0,0,0.0,0.0,0.0,0.0,0.0,0,
137,Tom Nalen,33,DEN,C,16,16,0,0,0,0,0.0,0,1,0,0,0,0.0,0.0,0.0,0.0,0.0,0,
138,Terence Newman,26,DAL,LCB,16,16,4,31,0,21,15.0,2,0,0,0,0,0.0,70.0,66.0,4.0,2.0,0,
139,Dat Nguyen,29,DAL,MLB,16,16,3,19,0,19,5.0,1,0,1,9,0,1.0,107.0,75.0,32.0,2.0,0,
140,Chike Okeafor,28,SEA,LDE,16,16,0,0,0,0,0.0,3,0,0,0,0,8.5,54.0,41.0,13.0,10.0,0,
141,Shane Olivea,23,SDG,RT,16,16,0,0,0,0,0.0,0,0,1,0,0,0.0,0.0,0.0,0.0,0.0,0,
142,Igor Olshansky,22,SDG,RDE,16,16,0,0,0,0,2.0,0,0,0,0,0,1.0,39.0,24.0,15.0,4.0,0,
143,Tony Parrish,29,SFO,SS,16,16,4,64,0,26,8.0,1,0,1,8,0,0.5,88.0,60.0,28.0,2.0,0,
144,Julius Peppers,24,CAR,LDE,16,16,2,143,1,97,9.0,4,0,1,60,1,11.0,65.0,53.0,12.0,9.0,0,"PB,AP-1,AP DPoY-4"
145,Mike Peterson,28,JAX,MLB,16,16,0,0,0,0,1.0,1,0,1,0,0,5.0,126.0,93.0,33.0,9.0,0,
146,Luke Petitgout,28,NYG,LT,16,16,0,0,0,0,0.0,0,0,1,0,0,0.0,0.0,0.0,0.0,0.0,0,
147,Ryan Pickett,25,STL,LDT,16,16,0,0,0,0,2.0,1,0,0,0,0,2.0,46.0,42.0,4.0,5.0,0,
148,Antonio Pierce,26,WAS,MLB,16,16,2,94,1,78,5.0,1,0,2,2,0,1.0,114.0,87.0,27.0,3.0,0,
149,Chester Pitts,25,HOU,LG,16,16,0,0,0,0,0.0,0,0,0,0,0,0.0,1.0,1.0,0.0,0.0,0,
150,Jake Plummer,30,DEN,QB,16,16,0,0,0,0,0.0,0,6,6,-8,0,0.0,0.0,0.0,0.0,0.0,0,
151,Troy Polamalu,23,PIT,SS,16,16,5,58,1,26,14.0,1,0,0,0,0,1.0,97.0,68.0,29.0,4.0,0,"PB,AP-2"
152,Jerry Porter,26,OAK,WR,16,16,0,0,0,0,0.0,0,2,0,0,0,0.0,0.0,0.0,0.0,0.0,0,
153,Casey Rabach,27,BAL,C,16,16,0,0,0,0,0.0,0,1,0,0,0,0.0,0.0,0.0,0.0,0.0,0,
154,Dominic Raiola,26,DET,C,16,16,0,0,0,0,0.0,0,0,1,0,0,0.0,0.0,0.0,0.0,0.0,0,
155,Montae Reagor,27,IND,LDT,16,16,0,0,0,0,2.0,1,0,1,0,0,5.0,43.0,35.0,8.0,11.0,0,
156,Cory Redding,24,DET,LDE,16,16,0,0,0,0,0.0,1,0,2,0,0,3.0,41.0,35.0,6.0,6.0,1,
157,Ed Reed,26,BAL,SS,16,16,9,358,1,106,17.0,3,1,2,44,1,2.0,78.0,64.0,14.0,6.0,0,"PB,AP-1,AP DPoY-1"
158,Simeon Rice,30,TAM,RDE,16,16,0,0,0,0,5.0,1,0,0,0,0,12.0,46.0,39.0,7.0,12.0,0,
159,Tony Richardson,33,KAN,FB,16,16,0,0,0,0,0.0,0,0,2,0,0,0.0,0.0,0.0,0.0,0.0,0,"PB,AP-2"
160,Willie Roaf,34,KAN,LT,16,16,0,0,0,0,,0,0,1,0,0,0.0,,,,,0,"PB,AP-1"
161,Dewayne Robertson,23,NYJ,LDT,16,16,0,0,0,0,0.0,1,0,0,0,0,3.0,53.0,39.0,14.0,6.0,0,
162,Dunta Robinson,22,HOU,RCB,16,16,6,146,0,61,19.0,3,0,0,0,0,3.0,88.0,74.0,14.0,1.0,0,AP DRoY-2
163,Shaun Rogers,25,DET,RDT,16,16,0,0,0,0,5.0,0,0,1,0,0,4.0,68.0,48.0,20.0,12.0,0,"PB,AP-2"
164,Mike Rucker,29,CAR,RDE,16,16,0,0,0,0,5.0,1,0,1,0,0,3.5,38.0,35.0,3.0,7.0,0,
165,Jon Runyan,31,PHI,RT,16,16,0,0,0,0,0.0,0,0,1,0,0,0.0,0.0,0.0,0.0,0.0,0,
166,Brian Russell,26,MIN,FS,16,16,1,41,0,41,7.0,0,0,1,0,0,0.0,82.0,62.0,20.0,1.0,0,
167,Chris Samuels,27,WAS,LT,16,16,0,0,0,0,0.0,0,0,2,0,0,0.0,0.0,0.0,0.0,0.0,0,
168,Warren Sapp,32,OAK,RDT,16,16,0,0,0,0,0.0,0,0,2,0,0,2.5,42.0,31.0,11.0,6.0,0,
169,Aaron Schobel,27,BUF,RDE,16,16,0,0,0,0,4.0,5,0,3,0,0,8.0,73.0,46.0,27.0,9.0,0,
170,Bryan Scott,23,ATL,SS,16,16,1,22,0,22,5.0,1,0,1,1,0,2.5,97.0,86.0,11.0,2.0,0,
171,Jamie Sharper,30,HOU,RILB,16,16,0,0,0,0,9.0,3,0,1,16,1,2.0,139.0,98.0,41.0,10.0,0,
172,Will Shields,33,KAN,RG,16,16,0,0,0,0,0.0,0,0,1,0,0,0.0,0.0,0.0,0.0,0.0,0,"PB,AP-2"
173,Corey Simon,27,PHI,LDT,16,16,0,0,0,0,1.0,0,0,0,0,0,5.5,32.0,26.0,6.0,9.0,0,
174,Brady Smith,31,ATL,RDE,16,16,1,1,0,1,3.0,3,0,2,0,1,6.0,34.0,29.0,5.0,7.0,0,
175,Dwight Smith,26,TAM,SS,16,16,3,13,0,13,13.0,3,0,0,0,0,0.0,86.0,75.0,11.0,3.0,0,
176,Jimmy Smith,35,JAX,WR,16,16,0,0,0,0,0.0,0,2,0,0,0,0.0,0.0,0.0,0.0,0.0,0,
177,Justin Smith,25,CIN,RDE,16,16,0,0,0,0,2.0,2,0,2,0,0,8.0,71.0,42.0,29.0,7.0,0,
178,Robaire Smith,27,HOU,RDE,16,16,0,0,0,0,9.0,0,0,0,0,0,2.0,52.0,32.0,20.0,6.0,0,
179,Rod Smith,34,DEN,WR,16,16,0,0,0,0,0.0,0,4,3,0,0,0.0,1.0,1.0,0.0,0.0,0,
180,Jerald Sowell,30,NYJ,FB,16,16,0,0,0,0,0.0,0,1,0,0,0,0.0,,,,,0,
181,Takeo Spikes,28,BUF,RLB,16,16,5,122,2,62,18.0,4,0,1,0,0,3.0,98.0,63.0,35.0,8.0,0,"PB,AP-1"
182,Greg Spires,30,TAM,LDE,16,16,0,0,0,0,3.0,3,0,2,0,0,8.0,61.0,47.0,14.0,9.0,0,
183,Alex Stepanovich,23,ARI,C,16,16,0,0,0,0,,0,0,2,-4,0,0.0,0.0,0.0,0.0,0.0,0,
184,Marcus Stroud,26,JAX,LDT,16,16,0,0,0,0,3.0,2,0,1,0,0,4.5,54.0,38.0,16.0,5.0,0,PB
185,Terrell Suggs,22,BAL,LOLB,16,16,0,0,0,0,1.0,1,0,2,24,0,10.5,67.0,51.0,16.0,17.0,0,PB
186,Jason Taylor,30,MIA,RDE,16,16,1,-3,0,-3,11.0,2,0,3,1,0,9.5,68.0,41.0,27.0,12.0,0,PB
187,Adalius Thomas,27,BAL,ROLB,16,16,1,8,0,8,5.0,4,0,0,0,0,8.0,72.0,55.0,17.0,11.0,0,
188,John Thornton,28,CIN,LDT,16,16,0,0,0,0,4.0,0,0,0,0,0,3.0,57.0,37.0,20.0,9.0,0,
189,Pisa Tinoisamoa,23,STL,RLB,16,16,0,0,0,0,4.0,0,0,1,10,0,1.5,95.0,76.0,19.0,10.0,0,
190,Robbie Tobeck,34,SEA,C,16,16,0,0,0,0,0.0,0,0,1,0,0,0.0,0.0,0.0,0.0,0.0,0,
191,Reggie Tongue,31,NYJ,SS,16,16,1,23,0,23,5.0,1,0,1,0,0,0.0,72.0,55.0,17.0,2.0,0,
192,Adam Treu,30,OAK,C,16,16,0,0,0,0,0.0,0,0,0,0,0,0.0,3.0,3.0,0.0,0.0,0,
193,Marcus Trufant,24,SEA,LCB,16,16,5,141,0,58,20.0,0,0,0,0,0,1.0,96.0,86.0,10.0,3.0,0,
194,Chris Villarrial,31,BUF,RG,16,16,0,0,0,0,0.0,0,0,1,0,0,0.0,0.0,0.0,0.0,0.0,0,
195,Mike Wahle,27,GNB,LG,16,16,0,0,0,0,0.0,0,0,1,0,0,0.0,0.0,0.0,0.0,0.0,0,
196,Bracy Walker,34,DET,SS,16,16,1,0,0,0,6.0,0,0,2,2,0,1.0,78.0,56.0,22.0,2.0,0,
197,Darwin Walker,27,PHI,RDT,16,16,0,0,0,0,3.0,2,0,0,0,0,4.5,29.0,22.0,7.0,4.0,0,
198,Seth Wand,25,HOU,LT,16,16,0,0,0,0,0.0,0,0,1,0,0,0.0,0.0,0.0,0.0,0.0,0,
199,Hines Ward,28,PIT,WR,16,16,0,0,0,0,0.0,0,1,0,0,0,0.0,0.0,0.0,0.0,0.0,0,"PB,AP-2"
200,Eric Warfield,28,KAN,LCB,16,16,4,49,1,43,12.0,1,0,0,0,0,0.0,58.0,50.0,8.0,1.0,0,
201,Ty Warren,23,NWE,LDE,16,16,0,0,0,0,1.0,2,0,0,0,0,3.5,49.0,39.0,10.0,7.0,0,
202,Dewayne Washington,32,JAX,RCB,16,16,2,0,0,0,9.0,1,0,0,0,0,0.0,77.0,68.0,9.0,2.0,0,
203,Marcus Washington,27,WAS,LLB,16,16,0,0,0,0,3.0,1,0,1,-4,0,4.5,107.0,87.0,20.0,15.0,0,PB
204,Ted Washington,36,OAK,LDT,16,16,0,0,0,0,1.0,1,0,0,0,0,3.0,41.0,33.0,8.0,1.0,0,
205,Todd Weiner,29,ATL,RT,16,16,0,0,0,0,,0,0,1,0,0,0.0,0.0,0.0,0.0,0.0,0,
206,Casey Wiegmann,31,KAN,C,16,16,0,0,0,0,0.0,0,0,1,0,0,0.0,0.0,0.0,0.0,0.0,0,
207,Dan Wilkinson,31,DET,LDT,16,16,0,0,0,0,2.0,2,0,0,0,0,1.5,23.0,18.0,5.0,4.0,0,
208,Brian Williams,25,MIN,RCB,16,16,2,14,0,14,11.0,2,0,0,0,0,0.0,76.0,63.0,13.0,5.0,0,
209,Kevin Williams,24,MIN,RDT,16,16,1,7,0,7,8.0,2,0,3,77,1,11.5,70.0,52.0,18.0,13.0,0,"PB,AP-1"
210,Maurice Williams,25,JAX,RT,16,16,0,0,0,0,0.0,0,0,1,0,0,0.0,0.0,0.0,0.0,0.0,0,
211,Roy Williams,24,DAL,FS,16,16,2,53,0,33,10.0,1,0,0,0,0,0.0,95.0,74.0,21.0,3.0,0,PB
212,Adrian Wilson,25,ARI,SS,16,16,3,62,0,27,11.0,2,0,2,35,1,1.0,102.0,80.0,22.0,9.0,0,
213,Al Wilson,27,DEN,MLB,16,16,2,17,1,10,5.0,2,0,0,0,0,2.5,105.0,72.0,33.0,9.0,0,
214,Jerry Wilson,31,SDG,FS,16,16,3,12,0,12,4.0,1,0,0,0,0,0.0,75.0,52.0,23.0,1.0,0,
215,Will Witherspoon,24,CAR,RLB,16,16,4,48,0,25,14.0,1,0,1,0,0,3.0,103.0,84.0,19.0,5.0,0,
216,Kailee Wong,28,HOU,ROLB,16,16,3,0,0,0,14.0,1,0,1,0,0,5.5,71.0,51.0,20.0,8.0,0,
217,Cedric Woodard,27,SEA,LDT,16,16,0,0,0,0,0.0,1,0,1,0,0,1.0,49.0,28.0,21.0,3.0,0,
218,Renaldo Wynn,30,WAS,LDE,16,16,0,0,0,0,0.0,0,0,0,0,0,3.0,38.0,30.0,8.0,4.0,0,
219,Bryant Young,32,SFO,RDT,16,16,0,0,0,0,1.0,1,0,1,4,0,3.0,48.0,37.0,11.0,11.0,0,
220,Eric Barton,27,NYJ,RLB,16,15,1,7,0,7,2.0,1,0,4,2,0,2.5,108.0,78.0,30.0,8.0,0,
221,David Bowens,27,MIA,LDE,16,15,0,0,0,0,6.0,3,0,0,0,0,7.0,43.0,28.0,15.0,7.0,0,
222,Colin Branch,24,CAR,FS,16,15,3,79,0,76,8.0,0,0,0,0,0,0.0,55.0,41.0,14.0,2.0,0,
223,Nate Burleson,23,MIN,WR,16,15,0,0,0,0,0.0,0,1,1,0,0,0.0,1.0,1.0,0.0,0.0,0,
224,James Davis,25,DET,LLB,16,15,0,0,0,0,3.0,0,0,1,0,0,3.5,83.0,58.0,25.0,7.0,0,
225,Darnell Dockett,23,ARI,RDT,16,15,1,20,0,20,3.0,1,0,1,-4,0,3.5,42.0,36.0,6.0,10.0,0,
226,Marques Douglas,27,BAL,RDE,16,15,0,0,0,0,2.0,1,0,0,0,0,5.5,72.0,49.0,23.0,11.0,0,
227,Reuben Droughns,26,DEN,RB,16,15,0,0,0,0,0.0,0,5,0,0,0,0.0,5.0,2.0,3.0,0.0,0,
228,John Engelberger,28,SFO,LDE,16,15,0,0,0,0,5.0,4,0,1,0,0,6.0,45.0,25.0,20.0,6.0,0,
229,Robert Gallery,24,OAK,RT,16,15,0,0,0,0,0.0,0,0,1,0,0,0.0,0.0,0.0,0.0,0.0,0,
230,Roberto Garza,25,ATL,LG,16,15,0,0,0,0,0.0,0,0,1,0,0,0.0,0.0,0.0,0.0,0.0,0,
231,Kabeer Gbaja-Biamila,27,GNB,RDE,16,15,0,0,0,0,2.0,2,0,0,0,0,13.5,47.0,33.0,14.0,13.0,0,
232,Morlon Greenwood,26,MIA,RLB,16,15,0,0,0,0,3.0,0,0,0,0,0,0.0,108.0,65.0,43.0,8.0,0,
233,Brock Gutierrez,31,SFO,C,16,15,0,0,0,0,0.0,0,1,1,-7,0,0.0,0.0,0.0,0.0,0.0,0,
234,Bobby Hamilton,33,OAK,RDE,16,15,0,0,0,0,3.0,0,0,0,0,0,1.0,57.0,34.0,23.0,4.0,0,
235,Ed Hartwell,26,BAL,LILB,16,15,0,0,0,0,0.0,1,0,1,-1,0,0.0,97.0,56.0,41.0,3.0,0,
236,Reggie Hayward,25,DEN,RDE,16,15,1,76,0,76,3.0,1,0,1,0,0,10.5,43.0,31.0,12.0,13.0,0,
237,Ike Hilliard,28,NYG,WR,16,15,0,0,0,0,0.0,0,3,1,0,0,0.0,0.0,0.0,0.0,0.0,0,
238,Al Johnson,25,DAL,C,16,15,0,0,0,0,,0,1,0,-8,0,0.0,,,,,0,
239,Ted Johnson,32,NWE,LILB,16,15,0,0,0,0,1.0,1,0,0,0,0,1.0,78.0,56.0,22.0,2.0,0,
240,Dhani Jones,26,PHI,RLB,16,15,1,0,0,0,5.0,0,0,1,0,0,0.5,72.0,49.0,23.0,7.0,0,
241,Freddie Jones,30,ARI,TE,16,15,0,0,0,0,0.0,0,0,1,0,0,0.0,1.0,1.0,0.0,0.0,0,
242,Patrick Kerney,28,ATL,LDE,16,15,1,0,0,0,9.0,1,0,1,0,0,13.0,66.0,55.0,11.0,17.0,0,"PB,AP-2"
243,Kenard Lang,29,CLE,RDE,16,15,0,0,0,0,4.0,2,0,0,0,0,7.0,62.0,49.0,13.0,14.0,0,
244,Will Peterson,25,NYG,RCB,16,15,2,9,0,9,0.0,1,0,0,0,0,0.0,,,,,0,
245,Monsanto Pope,26,DEN,RDT,16,15,0,0,0,0,2.0,0,0,0,0,0,1.0,24.0,19.0,5.0,2.0,0,
246,Jeff Posey,29,BUF,LLB,16,15,1,3,0,3,2.0,0,0,1,0,0,1.0,66.0,39.0,27.0,5.0,0,
247,Victor Riley,30,NOR,RT,16,15,0,0,0,0,,0,0,1,0,0,0.0,0.0,0.0,0.0,0.0,0,
248,Mark Roman,27,GNB,SS,16,15,0,0,0,0,2.0,0,0,0,0,0,3.5,72.0,53.0,19.0,3.0,0,
249,Aaron Smith,28,PIT,LDE,16,15,0,0,0,0,1.0,3,0,2,54,0,8.0,44.0,31.0,13.0,10.0,0,PB
250,Matt Stewart,25,ATL,RLB,16,15,0,0,0,0,4.0,0,0,0,0,0,1.5,71.0,59.0,12.0,6.0,0,
251,David Terrell,25,CHI,WR,16,15,0,0,0,0,0.0,0,1,0,0,0,0.0,,,,,0,
252,Vinny Testaverde,41,DAL,QB,16,15,0,0,0,0,0.0,0,8,4,-3,0,0.0,0.0,0.0,0.0,0.0,0,
253,David Thornton,26,IND,LLB,16,15,1,5,0,5,1.0,2,0,0,0,0,0.0,94.0,71.0,23.0,4.0,0,
254,Kenechi Udeze,21,MIN,RDE,16,15,0,0,0,0,2.0,1,0,1,-2,0,5.0,36.0,25.0,11.0,6.0,0,
255,Kimo von Oelhoffen,33,PIT,RDE,16,15,0,0,0,0,1.0,0,0,2,21,0,1.0,24.0,16.0,8.0,3.0,0,
256,Mike Vrabel,29,NWE,ROLB,16,15,0,0,0,0,3.0,0,0,0,0,0,5.5,71.0,54.0,17.0,10.0,0,
257,Anthony Weaver,24,BAL,LDE,16,15,1,1,0,1,4.0,0,0,1,0,0,4.0,39.0,35.0,4.0,6.0,0,
258,Marcellus Wiley,30,DAL,RDE,16,15,0,0,0,0,0.0,1,0,0,0,0,3.0,38.0,31.0,7.0,6.0,0,
259,Josh Williams,28,IND,RDT,16,15,0,0,0,0,1.0,1,0,2,0,0,0.0,36.0,29.0,7.0,1.0,0,
260,Pat Williams,32,BUF,RDT,16,15,1,20,1,20,1.0,0,0,1,0,0,2.5,53.0,37.0,16.0,9.0,1,
261,Reggie Williams,21,JAX,WR,16,15,0,0,0,0,0.0,0,1,0,0,0,0.0,,,,,0,
262,Jason Witten,22,DAL,TE,16,15,0,0,0,0,0.0,0,2,0,0,0,0.0,0.0,0.0,0.0,0.0,0,PB
263,Adam Archuleta,27,STL,SS,16,14,0,0,0,0,3.0,1,0,1,93,1,2.0,89.0,76.0,13.0,4.0,0,
264,Tiki Barber,29,NYG,RB,16,14,0,0,0,0,0.0,0,5,2,0,0,0.0,0.0,0.0,0.0,0.0,0,PB
265,Jason Ferguson,30,NYJ,RDT,16,14,0,0,0,0,0.0,2,0,0,0,0,3.5,59.0,37.0,22.0,4.0,0,
266,Bryce Fisher,27,STL,RDE,16,14,0,0,0,0,1.0,2,0,0,0,0,8.5,48.0,37.0,11.0,7.0,0,
267,Kevin Hardy,31,CIN,LLB,16,14,0,0,0,0,4.0,0,0,0,0,0,4.0,69.0,42.0,27.0,6.0,0,
268,Ronnie Heard,28,SFO,FS,16,14,1,14,0,14,6.0,0,0,1,0,0,0.0,71.0,59.0,12.0,2.0,0,
269,Warrick Holdman,29,CLE,RLB,16,14,0,0,0,0,2.0,0,0,0,0,0,0.5,78.0,49.0,29.0,1.0,0,
270,Earl Holmes,31,DET,MLB,16,14,0,0,0,0,2.0,0,0,0,0,0,0.0,111.0,78.0,33.0,6.0,0,
271,Orlando Huff,26,SEA,MLB,16,14,0,0,0,0,3.0,0,0,2,0,0,1.0,52.0,42.0,10.0,3.0,0,
272,Cletidus Hunt,28,GNB,RDT/LDT,16,14,0,0,0,0,2.0,1,0,0,0,0,2.0,32.0,18.0,14.0,5.0,0,
273,Eric Johnson,25,SFO,TE,16,14,0,0,0,0,0.0,0,1,1,0,0,0.0,0.0,0.0,0.0,0.0,0,
274,Lemar Marshall,28,WAS,RLB,16,14,0,0,0,0,1.0,0,0,0,0,0,1.5,69.0,48.0,21.0,3.0,0,
275,R.W. McQuarters,28,CHI,LCB/RCB,16,14,2,85,1,45,9.0,0,5,2,3,0,0.0,67.0,55.0,12.0,1.0,0,
276,Qasim Mitchell,25,CHI,LT,16,14,0,0,0,0,0.0,0,0,1,0,0,0.0,0.0,0.0,0.0,0.0,0,
277,Donnie Spragan,28,DEN,LLB,16,14,0,0,0,0,6.0,1,0,1,0,0,1.0,68.0,46.0,22.0,4.0,0,
278,Jeff Ulbrich,27,SFO,LLB/RLB,16,14,1,19,0,19,3.0,1,0,0,0,0,1.0,93.0,74.0,19.0,9.0,0,
279,Jonathan Vilma,22,NYJ,MLB,16,14,3,58,1,38,5.0,0,0,1,0,0,2.0,108.0,77.0,31.0,8.0,0,AP DRoY-1
280,Bobby Wade,23,CHI,WR,16,14,0,0,0,0,0.0,0,2,0,0,0,0.0,0.0,0.0,0.0,0.0,0,
281,D.J. Williams,22,DEN,RLB,16,14,1,10,0,10,7.0,1,0,0,0,0,2.0,114.0,81.0,33.0,10.0,0,AP DRoY-3
282,Peppi Zellner,29,ARI,LDE,16,14,0,0,0,0,3.0,0,0,1,0,0,2.0,31.0,24.0,7.0,2.0,0,
283,Jeff Zgonina,34,MIA,RDT,16,14,0,0,0,0,3.0,0,0,0,0,0,5.0,63.0,32.0,31.0,8.0,0,
284,Michael Clayton,22,TAM,WR,16,13,0,0,0,0,0.0,0,1,1,0,0,0.0,0.0,0.0,0.0,0.0,0,
285,Lional Dalton,29,KAN,RDT,16,13,0,0,0,0,0.0,0,0,1,0,0,4.0,21.0,19.0,2.0,8.0,0,
286,Ian Gold,26,TAM,LLB,16,13,1,31,0,31,3.0,0,0,0,0,0,0.5,71.0,54.0,17.0,4.0,0,
287,Isaiah Kacyvenski,27,SEA,LLB/RLB,16,13,0,0,0,0,0.0,1,0,0,0,0,1.0,89.0,68.0,21.0,4.0,0,
288,Terrence McGee,24,BUF,LCB,16,13,3,21,0,21,15.0,0,2,1,38,0,2.0,92.0,75.0,17.0,4.0,0,"PB,AP-2"
289,Ifeanyi Ohalete,25,ARI,FS,16,13,0,0,0,0,9.0,1,0,2,0,0,0.0,71.0,58.0,13.0,0.0,0,
290,Bryan Robinson,30,MIA,LDT,16,13,0,0,0,0,4.0,0,0,0,0,0,0.0,41.0,24.0,17.0,3.0,0,
291,Mack Strong,33,SEA,FB,16,13,0,0,0,0,0.0,0,2,0,0,0,0.0,1.0,0.0,1.0,0.0,0,
292,Chaun Thompson,24,CLE,LLB,16,13,0,0,0,0,3.0,0,0,1,0,0,2.5,65.0,43.0,22.0,2.0,0,
293,Lamont Thompson,26,TEN,FS,16,13,4,77,1,37,6.0,1,0,0,0,0,0.0,65.0,55.0,10.0,0.0,0,
294,Madieu Williams,23,CIN,FS,16,13,3,51,1,51,11.0,0,0,2,-3,0,2.0,103.0,86.0,17.0,6.0,0,
295,Brad Badger,29,OAK,LG,16,12,0,0,0,0,0.0,0,0,1,0,0,0.0,1.0,1.0,0.0,0.0,0,
296,Jacques Cesaire,24,SDG,LDE,16,12,0,0,0,0,3.0,0,0,0,0,0,0.5,24.0,18.0,6.0,1.0,0,
297,Jabar Gaffney,24,HOU,WR,16,12,0,0,0,0,0.0,0,1,0,0,0,0.0,,,,,0,
298,Rashad Moore,25,SEA,RDT,16,12,0,0,0,0,2.0,0,0,3,0,0,2.0,46.0,32.0,14.0,2.0,0,
299,Seth Payne,29,HOU,NT,16,12,0,0,0,0,0.0,0,0,0,0,0,2.0,51.0,36.0,15.0,5.0,0,
300,Shawntae Spencer,22,SFO,RCB,16,12,0,0,0,0,7.0,0,0,0,0,0,0.0,70.0,61.0,9.0,2.0,0,
301,Ross Tucker,25,BUF,LG,16,12,0,0,0,0,0.0,0,1,0,-5,0,0.0,0.0,0.0,0.0,0.0,0,
302,Javon Walker,26,GNB,WR,16,12,0,0,0,0,0.0,0,2,1,11,0,0.0,0.0,0.0,0.0,0.0,0,PB
303,Ernie Conwell,32,NOR,TE,16,11,0,0,0,0,0.0,0,0,1,0,0,0.0,0.0,0.0,0.0,0.0,0,
304,Jason David,22,IND,RCB,16,11,4,36,1,34,15.0,1,0,0,0,0,0.0,52.0,48.0,4.0,2.0,0,
305,Donald Driver,29,GNB,WR,16,11,0,0,0,0,0.0,0,2,1,0,0,0.0,1.0,1.0,0.0,0.0,0,
306,Ebenezer Ekuban,28,CLE,LDE,16,11,0,0,0,0,2.0,1,0,2,4,0,8.0,39.0,29.0,10.0,9.0,0,
307,Lee Evans,23,BUF,WR,16,11,0,0,0,0,0.0,0,1,1,0,0,0.0,0.0,0.0,0.0,0.0,0,
308,Joaquin Gonzalez,25,CLE,RT,16,11,0,0,0,0,0.0,0,0,1,0,0,0.0,0.0,0.0,0.0,0.0,0,
309,Hunter Hillenmeyer,24,CHI,LLB,16,11,0,0,0,0,2.0,1,0,1,13,0,2.5,86.0,65.0,21.0,9.0,0,
310,Bryant Johnson,23,ARI,WR,16,11,0,0,0,0,0.0,0,1,0,0,0,0.0,3.0,3.0,0.0,0.0,0,
311,Landon Johnson,23,CIN,MLB,16,11,0,0,0,0,2.0,2,0,1,0,0,2.0,89.0,62.0,27.0,5.0,0,
312,Earl Little,31,CLE,FS,16,11,1,28,0,28,5.0,1,0,1,14,0,0.0,53.0,41.0,12.0,0.0,0,
313,Willis McGahee,23,BUF,RB,16,11,0,0,0,0,0.0,0,4,0,0,0,0.0,,,,,0,AP CPoY-3
314,Dennis Northcutt,27,CLE,WR,16,11,0,0,0,0,0.0,0,2,1,0,0,0.0,0.0,0.0,0.0,0.0,0,
315,Taylor Whitley,24,MIA,RG,16,11,0,0,0,0,0.0,0,0,1,0,0,0.0,0.0,0.0,0.0,0.0,0,
316,James Allen,25,NOR,LLB,16,10,0,0,0,0,1.0,2,0,2,1,0,0.0,51.0,35.0,16.0,0.0,0,
317,Darian Barnes,24,DAL,FB,16,10,0,0,0,0,0.0,0,1,1,0,0,0.0,2.0,1.0,1.0,0.0,0,
318,Fakhir Brown,27,NOR,RCB,16,10,2,0,0,0,11.0,2,0,3,2,0,0.0,56.0,55.0,1.0,1.0,0,
319,Christian Fauria,33,NWE,TE,16,10,0,0,0,0,0.0,0,0,1,0,0,0.0,0.0,0.0,0.0,0.0,0,
320,Todd Johnson,26,CHI,FS,16,10,0,0,0,0,2.0,0,0,1,0,0,0.0,75.0,63.0,12.0,1.0,0,
321,Chris Kelsay,25,BUF,LDE,16,10,1,3,0,3,2.0,1,0,2,0,0,4.5,38.0,23.0,15.0,8.0,0,
322,Donald Lee,24,MIA,TE,16,10,0,0,0,0,0.0,0,2,1,8,0,0.0,0.0,0.0,0.0,0.0,0,
323,Damione Lewis,26,STL,RDT,16,10,0,0,0,0,2.0,1,0,0,0,0,5.0,43.0,31.0,12.0,6.0,0,
324,Dustin Lyman,28,CHI,TE,16,10,0,0,0,0,0.0,0,0,0,0,0,0.0,4.0,2.0,2.0,0.0,0,
325,Ronald McKinnon,31,ARI,MLB,16,10,0,0,0,0,0.0,0,0,0,0,0,0.0,74.0,49.0,25.0,6.0,0,
326,Lorenzo Neal,34,SDG,FB,16,10,0,0,0,0,0.0,0,1,0,0,0,0.0,,,,,0,
327,Donte' Stallworth,24,NOR,WR,16,10,0,0,0,0,0.0,0,0,1,0,0,0.0,0.0,0.0,0.0,0.0,0,
328,Keith Traylor,35,NWE,NT,16,10,0,0,0,0,0.0,0,0,0,0,0,0.0,28.0,23.0,5.0,4.0,0,
329,Willie Williams,34,PIT,LCB,16,10,1,0,0,0,6.0,0,0,0,0,0,1.0,56.0,41.0,15.0,2.0,0,
330,Chris Cooley,22,WAS,TE,16,9,0,0,0,0,0.0,0,0,0,0,0,0.0,2.0,2.0,0.0,0.0,0,
331,Jim Finn,28,NYG,FB,16,9,0,0,0,0,0.0,0,0,0,0,0,0.0,5.0,1.0,4.0,0.0,0,
332,Arturo Freeman,28,MIA,FS,16,9,4,59,0,47,6.0,0,1,0,0,0,0.0,33.0,23.0,10.0,0.0,0,
333,Dan Kreider,27,PIT,FB,16,9,0,0,0,0,0.0,0,0,2,0,0,0.0,0.0,0.0,0.0,0.0,0,
334,Lynn Scott,27,DAL,SS,16,9,1,2,0,2,3.0,0,0,1,26,0,1.0,48.0,39.0,9.0,1.0,0,
335,Tony Stewart,25,CIN,TE,16,9,0,0,0,0,0.0,0,0,0,0,0,0.0,8.0,4.0,4.0,0.0,0,
336,Jeremiah Trotter,27,PHI,MLB,16,9,0,0,0,0,1.0,0,0,0,0,0,1.0,69.0,59.0,10.0,12.0,0,PB
337,Matt Willig,35,CAR,RT,16,9,0,0,0,0,0.0,0,0,1,0,0,0.0,0.0,0.0,0.0,0.0,0,
338,Nick Goings,26,CAR,RB,16,8,0,0,0,0,0.0,0,1,1,0,0,0.0,6.0,4.0,2.0,0.0,0,
339,William Henderson,33,GNB,FB,16,8,0,0,0,0,0.0,0,0,0,0,0,0.0,11.0,9.0,2.0,0.0,0,"PB,AP-1"
340,Robert Holcombe,29,TEN,FB,16,8,0,0,0,0,0.0,0,0,0,0,0,0.0,1.0,0.0,1.0,0.0,0,
341,Sean Mahan,24,TAM,C,16,8,0,0,0,0,,0,1,0,0,0,0.0,,,,,0,
342,Billy Miller,27,HOU,TE,16,8,0,0,0,0,0.0,0,1,0,0,0,0.0,,,,,0,
343,Antwan Odom,23,TEN,LDE,16,8,0,0,0,0,3.0,1,0,0,0,0,2.0,21.0,14.0,7.0,2.0,0,
344,L.J. Smith,24,PHI,TE,16,8,0,0,0,0,0.0,0,0,0,0,0,0.0,6.0,5.0,1.0,0.0,0,
345,Todd Yoder,26,JAX,TE,16,8,0,0,0,0,0.0,0,0,0,0,0,0.0,13.0,12.0,1.0,0.0,0,
346,Nnamdi Asomugha,23,OAK,RCB,16,7,0,0,0,0,3.0,0,0,0,0,0,1.0,45.0,37.0,8.0,1.0,0,
347,Colby Bockwoldt,23,NOR,RLB,16,7,0,0,0,0,1.0,0,0,1,6,1,1.0,46.0,40.0,6.0,1.0,0,
348,John Browning,31,KAN,LDT,16,7,0,0,0,0,1.0,1,0,0,0,0,4.5,39.0,32.0,7.0,5.0,0,
349,Anthony Clement,28,ARI,RT,16,7,0,0,0,0,0.0,0,0,1,0,0,0.0,0.0,0.0,0.0,0.0,0,
350,Antonio Cochran,28,SEA,RDE,16,7,1,0,0,0,3.0,3,0,1,0,0,6.5,36.0,27.0,9.0,6.0,0,
351,Tony Dixon,25,DAL,SS,16,7,0,0,0,0,4.0,2,0,0,0,0,3.0,51.0,46.0,5.0,3.0,0,
352,Bobby McCray,23,JAX,LDE,16,7,0,0,0,0,1.0,2,0,0,0,0,3.5,24.0,19.0,5.0,7.0,0,
353,Michael Myers,28,CLE,LDE,16,7,0,0,0,0,0.0,1,0,1,0,0,1.0,34.0,22.0,12.0,4.0,0,
354,Brandon Noble,30,WAS,LDT,16,7,0,0,0,0,3.0,0,0,0,0,0,1.0,14.0,9.0,5.0,1.0,0,
355,Kassim Osgood,24,SDG,WR,16,7,0,0,0,0,0.0,0,0,0,0,0,0.0,13.0,13.0,0.0,0.0,0,
356,Antwaan Randle El,25,PIT,WR,16,7,0,0,0,0,0.0,0,5,2,0,0,0.0,0.0,0.0,0.0,0.0,0,
357,Marcus Robinson,29,MIN,WR,16,7,0,0,0,0,0.0,0,1,0,0,0,0.0,0.0,0.0,0.0,0.0,0,
358,Visanthe Shiancoe,24,NYG,TE,16,7,0,0,0,0,0.0,0,0,1,0,0,0.0,0.0,0.0,0.0,0.0,0,
359,Osi Umenyiora,23,NYG,RDE,16,7,0,0,0,0,3.0,3,0,4,88,1,7.0,66.0,49.0,17.0,12.0,0,
360,Nathan Vasher,23,CHI,CB,16,7,5,177,1,71,9.0,0,0,1,12,0,0.0,37.0,34.0,3.0,1.0,0,
361,Boo Williams,25,NOR,TE,16,7,0,0,0,0,0.0,0,2,1,0,0,0.0,0.0,0.0,0.0,0.0,0,
362,Dante Hall,26,KAN,WR,16,6,0,0,0,0,0.0,0,1,0,0,0,0.0,,,,,0,
363,Shaunard Harts,26,KAN,FS,16,6,0,0,0,0,1.0,1,0,0,0,0,0.0,53.0,45.0,8.0,1.0,0,
364,John Howell,26,TAM,FS,16,6,0,0,0,0,1.0,0,0,0,0,0,0.0,34.0,30.0,4.0,0.0,0,
365,Cullen Jenkins,23,GNB,RDT,16,6,0,0,0,0,1.0,1,0,1,0,0,4.5,18.0,12.0,6.0,6.0,0,
366,Jeremi Johnson,24,CIN,FB,16,6,0,0,0,0,0.0,0,1,0,0,0,0.0,0.0,0.0,0.0,0.0,0,
367,Chad Lavalais,25,ATL,RDT,16,6,0,0,0,0,1.0,0,0,2,0,0,0.0,39.0,31.0,8.0,3.0,0,
368,Mike Seidman,23,CAR,TE,16,6,0,0,0,0,0.0,0,0,0,0,0,0.0,1.0,1.0,0.0,0.0,0,
369,Vince Wilfork,23,NWE,NT,16,6,0,0,0,0,3.0,0,0,2,0,0,2.0,42.0,27.0,15.0,1.0,0,
370,Obafemi Ayanbadejo,29,ARI,FB,16,5,0,0,0,0,0.0,0,1,0,0,0,0.0,10.0,9.0,1.0,0.0,0,
371,Brandon Chillar,22,STL,LLB,16,5,0,0,0,0,0.0,0,0,0,0,0,0.0,39.0,33.0,6.0,6.0,0,
372,Rich Coady,28,STL,FS,16,5,0,0,0,0,4.0,1,0,1,0,0,0.0,45.0,38.0,7.0,1.0,0,
373,Terry Cousin,29,NYG,FS,16,5,1,6,0,6,3.0,0,0,0,0,0,0.0,55.0,41.0,14.0,4.0,0,
374,Ryan Denney,27,BUF,LDE,16,5,0,0,0,0,2.0,1,0,0,0,0,3.0,35.0,15.0,20.0,2.0,0,
375,Justin Ena,27,TEN,LLB,16,5,0,0,0,0,1.0,0,0,0,0,0,0.0,32.0,25.0,7.0,4.0,0,
376,Doug Gabriel,24,OAK,WR,16,5,0,0,0,0,0.0,0,2,0,0,0,0.0,0.0,0.0,0.0,0.0,0,
377,Joey Goodspeed,26,STL,FB,16,5,0,0,0,0,0.0,0,1,0,0,0,0.0,2.0,2.0,0.0,0.0,0,
378,Michael Hawthorne,27,GNB,LCB,16,5,0,0,0,0,7.0,2,0,2,34,1,0.0,51.0,38.0,13.0,0.0,0,
379,Kevin Johnson,28,BAL,WR,16,5,0,0,0,0,0.0,0,1,2,0,0,0.0,0.0,0.0,0.0,0.0,0,
380,Ryan Neufeld,29,BUF,TE,16,5,0,0,0,0,0.0,0,0,0,0,0,0.0,6.0,5.0,1.0,0.0,0,
381,Joe Odom,25,CHI,LLB,16,5,0,0,0,0,0.0,0,0,0,0,0,0.0,29.0,23.0,6.0,2.0,0,
382,Willie Pile,24,KAN,SS,16,5,0,0,0,0,2.0,0,0,0,0,0,0.0,36.0,28.0,8.0,1.0,0,
383,Keiwan Ratliff,23,CIN,LCB,16,5,0,0,0,0,5.0,1,2,3,0,0,0.0,39.0,29.0,10.0,0.0,0,
384,Lewis Sanders,26,CLE,RCB,16,5,2,36,0,24,6.0,0,0,0,0,0,0.0,32.0,25.0,7.0,0.0,0,
385,Todd Steussie,34,TAM,RT,16,5,0,0,0,0,0.0,0,0,1,0,0,0.0,0.0,0.0,0.0,0.0,0,
386,Dontarrious Thomas,24,MIN,RLB,16,5,0,0,0,0,0.0,1,0,1,2,0,0.5,60.0,43.0,17.0,1.0,0,
387,Denard Walker,31,OAK,DB,16,5,1,45,0,45,5.0,0,0,1,28,0,0.0,45.0,43.0,2.0,1.0,0,
388,Daniel Wilcox,27,BAL,TE,16,5,0,0,0,0,0.0,0,1,0,0,0,0.0,8.0,8.0,0.0,0.0,0,
389,Michael Boulware,23,SEA,DB,16,4,5,69,1,63,6.0,2,0,0,0,0,1.0,65.0,49.0,16.0,1.0,0,AP DRoY-6
390,Tony Brown,24,SFO,DT,16,4,0,0,0,0,3.0,0,0,0,0,0,1.0,22.0,19.0,3.0,3.0,0,
391,Quinton Caver,26,KAN,LB,16,4,0,0,0,0,2.0,0,0,0,0,0,0.0,39.0,33.0,6.0,0.0,0,
392,Vinny Ciurciu,24,CAR,LB,16,4,0,0,0,0,0.0,0,0,0,0,0,0.0,37.0,28.0,9.0,2.0,0,
393,Troy Edwards,27,JAX,WR,16,4,0,0,0,0,0.0,0,3,0,-24,0,0.0,,,,,0,
394,Quentin Harris,27,ARI,DB,16,4,1,-1,0,-1,1.0,1,0,1,0,0,1.0,56.0,46.0,10.0,1.0,0,
395,James Harrison,26,PIT,LB,16,4,0,0,0,0,3.0,0,0,1,18,1,1.0,50.0,39.0,11.0,8.0,0,
396,Michael Haynes,24,CHI,DE,16,4,1,45,1,45,3.0,0,0,0,0,0,2.0,32.0,26.0,6.0,5.0,0,
397,Bhawoh Jue,25,GNB,DB,16,4,1,23,0,23,5.0,0,0,0,0,0,0.0,42.0,38.0,4.0,0.0,0,
398,Paris Lenon,27,GNB,LB,16,4,0,0,0,0,1.0,0,0,0,0,0,0.0,28.0,20.0,8.0,0.0,0,
399,Jamar Nesbit,28,NOR,G,16,4,0,0,0,0,0.0,0,0,1,0,0,0.0,0.0,0.0,0.0,0.0,0,
400,Justin Peelle,25,SDG,TE,16,4,0,0,0,0,0.0,0,1,0,0,0,0.0,4.0,4.0,0.0,0.0,0,
401,DaShon Polk,27,HOU,LB,16,4,0,0,0,0,0.0,0,0,1,0,0,1.0,37.0,25.0,12.0,1.0,0,
402,Will Smith,23,NOR,DE,16,4,0,0,0,0,2.0,6,0,1,-1,0,7.5,42.0,32.0,10.0,5.0,0,
403,Chester Taylor,25,BAL,RB,16,4,0,0,0,0,0.0,0,1,0,0,0,0.0,7.0,6.0,1.0,0.0,0,
404,Michael Waddell,23,TEN,DB,16,4,1,0,0,0,4.0,0,3,2,33,0,0.0,39.0,36.0,3.0,0.0,0,
405,Aaron Walker,24,SFO,TE,16,4,0,0,0,0,0.0,0,0,0,0,0,0.0,9.0,8.0,1.0,0.0,0,
406,Kevin Bentley,25,CLE,LB,16,3,0,0,0,0,0.0,1,0,0,0,0,0.0,63.0,44.0,19.0,2.0,0,
407,Kelly Campbell,24,MIN,WR,16,3,0,0,0,0,0.0,0,1,0,0,0,0.0,,,,,0,
408,Hugh Douglas,33,PHI,DE,16,3,0,0,0,0,1.0,0,0,0,0,0,3.0,15.0,15.0,0.0,5.0,0,
409,Ben Hartsock,24,IND,TE,16,3,0,0,0,0,0.0,0,0,0,0,0,0.0,6.0,4.0,2.0,0.0,0,
410,Greg Jones,23,JAX,RB,16,3,0,0,0,0,0.0,0,1,0,0,0,0.0,3.0,2.0,1.0,0.0,0,
411,Greg Lewis,24,PHI,WR,16,3,0,0,0,0,0.0,0,0,0,0,0,0.0,7.0,6.0,1.0,0.0,0,
412,Derrick Pope,22,MIA,LB,16,3,0,0,0,0,0.0,1,0,1,1,1,2.0,44.0,29.0,15.0,3.0,0,
413,Marcellus Rivers,26,NYG,TE,16,3,0,0,0,0,0.0,0,1,2,0,0,0.0,12.0,9.0,3.0,0.0,0,
414,Stuart Schweigert,23,OAK,DB,16,3,0,0,0,0,3.0,0,0,0,0,0,0.0,52.0,43.0,9.0,0.0,0,
415,Scott Shanle,25,DAL,LB,16,3,0,0,0,0,1.0,0,0,0,0,0,0.0,47.0,35.0,12.0,1.0,0,
416,Marcus Spears,33,HOU,T,16,3,0,0,0,0,,0,0,1,0,0,0.0,,,,,0,
417,Aaron Stecker,29,NOR,RB,16,3,0,0,0,0,0.0,0,1,0,-14,0,0.0,4.0,4.0,0.0,0.0,0,
418,Brandon Stokley,28,IND,WR,16,3,0,0,0,0,0.0,0,1,2,0,0,0.0,0.0,0.0,0.0,0.0,0,
419,James Thrash,29,WAS,WR,16,3,0,0,0,0,0.0,0,0,0,0,0,0.0,21.0,18.0,3.0,0.0,0,
420,Dewayne White,25,TAM,DE,16,3,0,0,0,0,3.0,0,0,1,0,0,6.0,39.0,32.0,7.0,6.0,0,
421,Keith Adams,25,PHI,LB,16,2,0,0,0,0,1.0,2,0,0,0,0,0.0,48.0,42.0,6.0,3.0,0,
422,Brendon Ayanbadejo,28,MIA,LB,16,2,1,2,0,2,1.0,0,0,0,0,0,0.0,40.0,23.0,17.0,0.0,0,
423,Antonio Chatman,25,GNB,WR,16,2,0,0,0,0,0.0,0,3,0,0,0,0.0,0.0,0.0,0.0,0.0,0,
424,Stephen Cooper,25,SDG,LB,16,2,0,0,0,0,2.0,0,0,1,0,0,0.0,42.0,32.0,10.0,2.0,0,
425,Don Davis,32,NWE,LB,16,2,0,0,0,0,1.0,0,0,0,0,0,0.0,32.0,20.0,12.0,0.0,0,
426,Ron Edwards,25,BUF,DT,16,2,0,0,0,0,1.0,0,0,0,0,0,4.0,21.0,13.0,8.0,5.0,0,
427,Demarcus Faggins,25,HOU,DB,16,2,3,47,1,43,9.0,0,0,0,0,0,0.0,45.0,41.0,4.0,0.0,0,
428,Casey Fitzsimmons,24,DET,TE,16,2,0,0,0,0,0.0,0,0,0,0,0,0.0,4.0,4.0,0.0,0.0,0,
429,Bryan Gilmore,26,MIA,WR,16,2,0,0,0,0,0.0,0,1,0,0,0,0.0,7.0,4.0,3.0,0.0,0,
430,Walt Harris,30,WAS,DB,16,2,2,31,0,31,5.0,1,0,0,0,0,0.0,18.0,16.0,2.0,0.0,0,
431,Roderick Hood,23,PHI,DB,16,2,1,20,0,20,7.0,1,1,3,1,0,0.0,40.0,36.0,4.0,1.0,0,
432,Bradie James,23,DAL,LB,16,2,0,0,0,0,2.0,0,0,0,0,0,0.0,54.0,40.0,14.0,1.0,0,
433,Niko Koutouvides,23,SEA,LB,16,2,0,0,0,0,0.0,0,0,0,0,0,1.0,62.0,49.0,13.0,4.0,0,
434,Antwan Lake,25,ATL,DE,16,2,0,0,0,0,1.0,0,0,0,0,0,0.0,10.0,8.0,2.0,1.0,0,
435,Kevin McCadam,25,ATL,DB,16,2,0,0,0,0,0.0,0,0,1,0,0,0.0,29.0,26.0,3.0,1.0,0,
436,Alvin McKinley,26,CLE,DT,16,2,0,0,0,0,1.0,0,0,2,0,0,3.0,49.0,29.0,20.0,5.0,0,
437,Pierson Prioleau,27,BUF,DB,16,2,0,0,0,0,1.0,0,0,1,12,0,0.0,39.0,25.0,14.0,0.0,0,
438,Sam Rayburn,24,PHI,DT,16,2,0,0,0,0,1.0,2,0,0,0,0,6.0,30.0,28.0,2.0,7.0,0,
439,Brandon Short,27,CAR,LB,16,2,0,0,0,0,0.0,1,0,1,0,0,0.0,55.0,42.0,13.0,3.0,0,
440,Kiwaukee Thomas,27,JAX,DB,16,2,0,0,0,0,0.0,0,0,0,0,0,0.0,17.0,14.0,3.0,2.0,0,
441,Darius Watts,23,DEN,WR,16,2,0,0,0,0,0.0,0,1,0,0,0,0.0,1.0,0.0,1.0,0.0,0,
442,Roc Alexander,23,DEN,DB,16,1,0,0,0,0,0.0,0,0,1,0,0,0.0,18.0,12.0,6.0,0.0,0,
443,Eddie Berlin,26,TEN,WR,16,1,0,0,0,0,0.0,0,0,0,0,0,0.0,9.0,7.0,2.0,0.0,0,
444,Ladell Betts,25,WAS,RB,16,1,0,0,0,0,0.0,0,0,0,0,0,0.0,7.0,7.0,0.0,0.0,0,
445,Shawn Bryson,28,DET,RB,16,1,0,0,0,0,0.0,0,1,0,0,0,0.0,3.0,3.0,0.0,0.0,0,
446,Rosevelt Colvin,27,NWE,LB,16,1,0,0,0,0,1.0,1,0,0,0,0,5.0,32.0,18.0,14.0,4.0,0,
447,Koy Detmer,31,PHI,QB,16,1,0,0,0,0,0.0,0,1,0,0,0,0.0,,,,,0,
448,Nick Ferguson,30,DEN,DB,16,1,0,0,0,0,1.0,0,0,0,0,0,0.0,34.0,23.0,11.0,0.0,0,
449,John Gilmore,25,CHI,TE,16,1,0,0,0,0,0.0,0,0,0,0,0,0.0,13.0,12.0,1.0,0.0,0,
450,Jeff Gooch,30,TAM,LB,16,1,0,0,0,0,0.0,0,0,0,0,0,0.5,48.0,37.0,11.0,3.0,0,
451,Jarvis Green,25,NWE,DE,16,1,0,0,0,0,1.0,1,0,3,0,1,4.0,21.0,15.0,6.0,2.0,0,
452,Gerald Hayes,24,ARI,LB,16,1,0,0,0,0,0.0,1,1,1,0,0,0.0,26.0,22.0,4.0,2.0,0,
453,Von Hutchins,23,IND,DB,16,1,1,77,1,77,2.0,0,0,0,0,0,0.0,50.0,37.0,13.0,1.0,0,
454,Tank Johnson,23,CHI,DT,16,1,0,0,0,0,0.0,0,0,0,0,0,0.5,19.0,14.0,5.0,4.0,0,
455,Lance Johnstone,31,MIN,DE,16,1,0,0,0,0,1.0,5,0,0,0,0,11.0,31.0,25.0,6.0,8.0,0,
456,Nate Jones,22,DAL,DB,16,1,0,0,0,0,2.0,0,0,0,0,0,1.0,33.0,31.0,2.0,2.0,0,
457,Travis Kirschke,30,PIT,DT,16,1,0,0,0,0,0.0,0,0,0,0,0,1.0,15.0,9.0,6.0,4.0,0,
458,Robert Mathis,23,IND,DE,16,1,0,0,0,0,0.0,6,0,3,26,0,10.5,36.0,32.0,4.0,5.0,0,
459,Lee Mays,26,PIT,WR,16,1,0,0,0,0,0.0,0,0,1,0,0,0.0,1.0,1.0,0.0,0.0,0,
460,Marlon McCree,27,HOU,DB,16,1,1,24,0,24,3.0,0,0,0,0,0,0.0,32.0,30.0,2.0,0.0,0,
461,Scott McGarrahan,30,TEN,DB,16,1,1,11,0,11,3.0,0,0,0,0,0,0.5,41.0,32.0,9.0,1.0,0,
462,J.R. Redmond,27,OAK,RB,16,1,0,0,0,0,0.0,0,2,0,0,0,0.0,7.0,7.0,0.0,0.0,0,
463,Ike Reese,31,PHI,LB,16,1,2,22,0,15,8.0,1,0,0,0,0,1.0,53.0,45.0,8.0,2.0,0,PB
464,Allen Rossum,29,ATL,DB,16,1,2,22,0,14,5.0,0,2,1,0,0,1.0,29.0,26.0,3.0,1.0,0,PB
465,B.J. Sams,24,BAL,RB,16,1,0,0,0,0,0.0,0,5,1,0,0,0.0,2.0,2.0,0.0,0.0,0,
466,Matt Schobel,26,CIN,TE,16,1,0,0,0,0,0.0,0,1,1,0,0,0.0,4.0,3.0,1.0,0.0,0,
467,Mike Sellers,29,WAS,RB,16,1,0,0,0,0,0.0,0,0,0,0,0,0.0,13.0,12.0,1.0,0.0,0,
468,Kevin Thomas,26,BUF,DB,16,1,0,0,0,0,1.0,1,0,0,0,0,1.0,45.0,32.0,13.0,0.0,0,
469,Reggie Torbor,23,NYG,LB,16,1,0,0,0,0,0.0,2,0,1,0,0,3.0,41.0,31.0,10.0,5.0,0,
470,David Tyree,24,NYG,WR,16,1,0,0,0,0,0.0,0,0,0,0,0,0.0,14.0,13.0,1.0,0.0,0,
471,Kyle Vanden Bosch,26,ARI,DE,16,1,0,0,0,0,0.0,0,0,0,0,0,0.0,13.0,11.0,2.0,0.0,0,
472,Raymond Walls,25,BAL,DB,16,1,0,0,0,0,2.0,0,0,1,0,0,0.0,19.0,14.0,5.0,0.0,0,
473,Jonathan Wells,25,HOU,RB,16,1,0,0,0,0,0.0,0,1,0,0,0,0.0,7.0,6.0,1.0,0.0,0,
474,Chad Williams,25,BAL,DB,16,1,3,156,1,94,7.0,0,0,0,0,0,2.0,48.0,40.0,8.0,5.0,0,
475,Demorrio Williams,24,ATL,LB,16,1,0,0,0,0,0.0,0,0,0,0,0,2.5,56.0,48.0,8.0,6.0,0,
476,Jay Williams,33,MIA,DE,16,1,1,0,0,0,4.0,2,0,0,0,0,2.0,38.0,21.0,17.0,4.0,0,
477,Sam Aiken,24,BUF,WR,16,0,0,0,0,0,0.0,0,0,0,0,0,0.0,5.0,4.0,1.0,0.0,0,
478,David Akers,30,PHI,K,16,0,0,0,0,0,0.0,0,0,0,0,0,0.0,1.0,1.0,0.0,0.0,0,"PB,AP-2"
479,Ethan Albright,33,WAS,LS,16,0,0,0,0,0,0.0,0,0,0,0,0,0.0,1.0,1.0,0.0,0.0,0,
480,Will Allen,22,TAM,DB,16,0,1,0,0,0,2.0,1,0,0,0,0,0.0,16.0,14.0,2.0,0.0,0,
481,Ken Amato,27,TEN,LS,16,0,0,0,0,0,0.0,0,0,0,0,0,0.0,15.0,14.0,1.0,1.0,0,
482,Morten Andersen,44,MIN,K,16,0,0,0,0,0,0.0,0,0,0,0,0,0.0,1.0,0.0,1.0,0.0,0,
483,B.J. Askew,24,NYJ,FB,16,0,0,0,0,0,0.0,0,0,1,0,0,0.0,15.0,12.0,3.0,0.0,0,
484,Chris Baker,25,NYJ,TE,16,0,0,0,0,0,0.0,0,1,1,0,0,0.0,1.0,1.0,0.0,0.0,0,
485,Tully Banta-Cain,24,NWE,LB,16,0,1,4,0,4,1.0,0,0,1,0,0,1.5,28.0,18.0,10.0,1.0,0,
486,Bryan Barker,40,GNB,P,16,0,0,0,0,0,0.0,0,0,0,0,0,0.0,1.0,1.0,0.0,0.0,0,
487,Mike Bartrum,34,PHI,LS,16,0,0,0,0,0,0.0,0,1,1,0,0,0.0,,,,,0,
488,Marcus Bell,25,DET,DT,16,0,0,0,0,0,1.0,1,0,0,0,0,2.0,27.0,19.0,8.0,2.0,0,
489,Mitch Berger,32,NOR,P,16,0,0,0,0,0,0.0,0,0,0,0,0,0.0,3.0,3.0,0.0,0.0,0,PB
490,Josh Bidwell,28,TAM,P,16,0,0,0,0,0,0.0,0,1,1,0,0,0.0,1.0,1.0,0.0,0.0,0,
491,David Binn,32,SDG,LS,16,0,0,0,0,0,0.0,0,0,0,0,0,0.0,1.0,1.0,0.0,0.0,0,
492,Josh Brown,25,SEA,K,16,0,0,0,0,0,0.0,0,0,0,0,0,0.0,2.0,0.0,2.0,0.0,0,
493,Kris Brown,28,HOU,K,16,0,0,0,0,0,0.0,0,0,0,0,0,0.0,3.0,3.0,0.0,0.0,0,
494,Tony Bryant,28,NOR,DE,16,0,0,0,0,0,0.0,0,0,0,0,0,2.0,11.0,7.0,4.0,1.0,1,
495,Terrell Buckley,33,NYJ,DB,16,0,3,30,0,18,11.0,1,0,0,0,0,0.0,10.0,8.0,2.0,0.0,0,
496,Joe Burns,25,BUF,RB,16,0,0,0,0,0,0.0,0,0,0,0,0,0.0,10.0,5.0,5.0,0.0,0,
497,Keith Burns,32,TAM,LB,16,0,0,0,0,0,0.0,1,0,0,0,0,0.0,12.0,8.0,4.0,0.0,0,
498,Kerry Carter,24,SEA,RB,16,0,0,0,0,0,0.0,0,0,0,0,0,0.0,7.0,7.0,0.0,0.0,0,
499,Steve Christie,37,NYG,K,16,0,0,0,0,0,0.0,0,0,0,0,0,0.0,3.0,1.0,2.0,0.0,0,
500,Ricardo Colclough,21,PIT,DB,16,0,0,0,0,0,3.0,2,3,0,0,0,1.5,28.0,22.0,6.0,0.0,0,
501,Deke Cooper,27,JAX,DB,16,0,1,0,0,0,2.0,2,0,0,0,0,1.0,38.0,34.0,4.0,0.0,0,
502,Angelo Crowell,23,BUF,LB,16,0,0,0,0,0,1.0,0,0,0,0,0,0.0,14.0,8.0,6.0,0.0,0,
503,Billy Cundiff,24,DAL,K,16,0,0,0,0,0,0.0,0,0,0,0,0,0.0,2.0,2.0,0.0,0.0,0,
504,Matt Cushing,29,PIT,TE,16,0,0,0,0,0,0.0,0,0,0,0,0,0.0,1.0,1.0,0.0,0.0,0,
505,Jean-Phillipe Darche,29,SEA,LS,16,0,0,0,0,0,0.0,0,0,0,0,0,0.0,4.0,3.0,1.0,0.0,0,
506,Rob Davis,36,GNB,LS,16,0,0,0,0,0,0.0,0,0,0,0,0,0.0,5.0,3.0,2.0,0.0,0,
507,Phil Dawson,29,CLE,K,16,0,0,0,0,0,0.0,0,0,0,0,0,0.0,1.0,1.0,0.0,0.0,0,
508,James Dearth,28,NYJ,LS,16,0,0,0,0,0,0.0,0,0,0,0,0,0.0,3.0,3.0,0.0,0.0,0,
509,Curtis DeLoatch,23,NYG,DB,16,0,0,0,0,0,0.0,0,0,0,0,0,0.0,28.0,23.0,5.0,0.0,0,
510,Paul Edinger,26,CHI,K,16,0,0,0,0,0,0.0,0,0,0,0,0,0.0,2.0,2.0,0.0,0.0,0,
511,Kalimba Edwards,25,DET,DE,16,0,0,0,0,0,1.0,2,0,1,0,0,4.5,22.0,18.0,4.0,2.0,0,
512,Jeff Feagles,38,NYG,P,16,0,0,0,0,0,0.0,0,0,0,0,0,0.0,2.0,2.0,0.0,0.0,0,
513,Jay Feely,28,ATL,K,16,0,0,0,0,0,0.0,0,0,0,0,0,0.0,1.0,1.0,0.0,0.0,0,
514,Tony Fisher,25,GNB,RB,16,0,0,0,0,0,0.0,0,1,1,0,0,0.0,9.0,6.0,3.0,0.0,0,
515,Troy Fleming,24,TEN,RB,16,0,0,0,0,0,0.0,0,0,1,0,0,0.0,11.0,8.0,3.0,0.0,0,
516,Jamar Fletcher,25,SDG,DB,16,0,1,0,0,0,5.0,0,0,1,7,0,0.0,38.0,35.0,3.0,1.0,0,
517,Todd Franz,28,WAS,DB,16,0,1,22,0,22,1.0,0,0,1,0,0,0.0,7.0,5.0,2.0,0.0,0,
518,Derrick Frost,24,CLE,P,16,0,0,0,0,0,0.0,0,0,0,0,0,0.0,2.0,1.0,1.0,0.0,0,
519,Kendall Gammon,36,KAN,LS,16,0,0,0,0,0,0.0,0,0,0,0,0,0.0,1.0,0.0,1.0,0.0,0,PB
520,Tony Gilbert,25,JAX,LB,16,0,0,0,0,0,0.0,0,0,0,0,0,0.0,5.0,5.0,0.0,0.0,0,
521,Toby Gowin,29,NYJ,P,16,0,0,0,0,0,0.0,0,0,0,0,0,0.0,5.0,4.0,1.0,0.0,0,
522,Shayne Graham,27,CIN,K,16,0,0,0,0,0,0.0,0,0,0,0,0,0.0,4.0,3.0,1.0,0.0,0,
523,Mario Haggan,24,BUF,LB,16,0,0,0,0,0,0.0,1,0,2,0,0,0.0,19.0,15.0,4.0,0.0,0,
524,Ryan Hannam,24,SEA,TE,16,0,0,0,0,0,0.0,0,0,0,0,0,0.0,1.0,1.0,0.0,0.0,0,
525,Chris Hanson,28,JAX,P,16,0,0,0,0,0,0.0,0,0,0,0,0,0.0,1.0,1.0,0.0,0.0,0,
526,Jason Hanson,34,DET,K,16,0,0,0,0,0,0.0,0,0,0,0,0,0.0,3.0,3.0,0.0,0.0,0,
527,Nick Harris,26,DET,P,16,0,0,0,0,0,0.0,0,0,0,0,0,0.0,2.0,2.0,0.0,0.0,0,
528,Craig Hentrich,33,TEN,P,16,0,0,0,0,0,0.0,0,0,0,0,0,0.0,1.0,1.0,0.0,0.0,0,
529,Nathan Hodel,27,ARI,TE,16,0,0,0,0,0,0.0,0,0,0,0,0,0.0,5.0,3.0,2.0,0.0,0,
530,Terrence Holt,24,DET,DB,16,0,0,0,0,0,0.0,1,0,0,0,0,0.0,28.0,22.0,6.0,2.0,0,
531,Kevin Houser,27,NOR,LS,16,0,0,0,0,0,0.0,0,0,0,0,0,0.0,3.0,3.0,0.0,0.0,0,
532,Corey Ivy,27,TAM,DB,16,0,0,11,0,11,0.0,0,0,1,0,0,0.0,15.0,13.0,2.0,0.0,0,
533,Larry Izzo,30,NWE,LB,16,0,0,0,0,0,0.0,0,0,0,0,0,0.0,25.0,22.0,3.0,0.0,0,PB
534,Terry Jackson,28,SFO,FB,16,0,0,0,0,0,0.0,0,3,1,0,0,0.0,10.0,10.0,0.0,0.0,0,
535,Michael Jameson,25,CLE,DB,16,0,0,0,0,0,1.0,1,0,1,0,0,0.0,18.0,13.0,5.0,0.0,0,
536,Sebastian Janikowski,26,OAK,K,16,0,0,0,0,0,0.0,0,0,0,0,0,0.0,2.0,2.0,0.0,0.0,0,
537,Michael Jenkins,22,ATL,WR,16,0,0,0,0,0,0.0,0,0,1,0,0,0.0,9.0,8.0,1.0,0.0,0,
538,Brian Jennings,28,SFO,LS,16,0,0,0,0,0,0.0,0,0,0,0,0,0.0,2.0,1.0,1.0,0.0,0,PB
539,Dirk Johnson,29,PHI,P,16,0,0,0,0,0,0.0,0,0,0,0,0,0.0,1.0,1.0,0.0,0.0,0,
540,Eric Johnson,28,ATL,LB,16,0,0,0,0,0,0.0,0,0,0,0,0,0.0,8.0,7.0,1.0,0.0,0,
541,Jarret Johnson,23,BAL,DE,16,0,1,6,1,6,2.0,0,0,1,0,0,0.0,23.0,15.0,8.0,4.0,0,
542,Tim Johnson,26,OAK,LB,16,0,1,8,0,8,4.0,0,0,0,0,0,0.5,39.0,26.0,13.0,2.0,0,
543,Trevor Johnson,23,NYJ,DE,16,0,0,0,0,0,1.0,0,0,0,0,0,0.0,20.0,16.0,4.0,1.0,0,
544,Brian Jones,23,JAX,TE,16,0,0,0,0,0,0.0,0,0,0,0,0,0.0,4.0,2.0,2.0,0.0,0,
545,Fred Jones,27,KAN,LB,16,0,0,0,0,0,0.0,0,0,0,0,0,0.0,13.0,12.0,1.0,0.0,0,
546,LaMont Jordan,26,NYJ,RB,16,0,0,0,0,0,0.0,0,1,0,0,0,0.0,,,,,0,
547,Nate Kaeding,22,SDG,K,16,0,0,0,0,0,0.0,0,0,0,0,0,0.0,2.0,2.0,0.0,0.0,0,
548,Ryan Kuehl,32,NYG,DT,16,0,0,0,0,0,0.0,0,0,0,0,0,0.0,3.0,2.0,1.0,0.0,0,
549,Jason Kyle,32,CAR,LB,16,0,0,0,0,0,0.0,0,0,0,0,0,0.0,1.0,1.0,0.0,0.0,0,
550,Kyle Larson,24,CIN,P,16,0,0,0,0,0,0.0,0,0,0,0,0,0.0,3.0,1.0,2.0,0.0,0,
551,Mike Leach,28,DEN,LS,16,0,0,0,0,0,0.0,0,0,0,0,0,0.0,3.0,3.0,0.0,0.0,0,
552,Andy Lee,22,SFO,P,16,0,0,0,0,0,0.0,0,0,0,0,0,0.0,2.0,2.0,0.0,0.0,0,
553,Keith Lewis,23,SFO,DB,16,0,0,0,0,0,0.0,1,0,1,0,0,0.0,11.0,7.0,4.0,0.0,0,
554,Rian Lindell,27,BUF,K,16,0,0,0,0,0,0.0,0,0,0,0,0,0.0,5.0,3.0,2.0,0.0,0,
555,Cullen Loeffler,23,MIN,LS,16,0,0,0,0,0,0.0,0,0,0,0,0,0.0,1.0,1.0,0.0,0.0,0,
556,Ryan Longwell,30,GNB,K,16,0,0,0,0,0,0.0,0,0,0,0,0,0.0,1.0,1.0,0.0,0.0,0,
557,Patrick Mannelly,29,CHI,T,16,0,0,0,0,0,0.0,0,0,0,0,0,0.0,6.0,5.0,1.0,0.0,0,
558,Chris Massey,25,STL,RB,16,0,0,0,0,0,0.0,0,0,0,0,0,0.0,7.0,7.0,0.0,0.0,0,
559,Brad Maynard,30,CHI,P,16,0,0,0,0,0,0.0,0,0,0,0,0,0.0,3.0,1.0,2.0,0.0,0,AP-2
560,Mat McBriar,25,DAL,P,16,0,0,0,0,0,0.0,0,1,1,0,0,0.0,2.0,2.0,0.0,0.0,0,
561,Darrell McClover,23,NYJ,LB,16,0,0,0,0,0,0.0,1,0,0,0,0,0.0,15.0,13.0,2.0,0.0,0,
562,Shaun McDonald,23,STL,WR,16,0,0,0,0,0,0.0,0,4,1,0,0,0.0,1.0,1.0,0.0,0.0,0,
563,Chris Mohr,38,ATL,P,16,0,0,0,0,0,0.0,0,0,0,0,0,0.0,1.0,1.0,0.0,0.0,0,
564,Brian Moorman,28,BUF,P,16,0,0,0,0,0,0.0,0,2,2,0,0,0.0,1.0,1.0,0.0,0.0,0,
565,Sean Morey,28,PIT,WR,16,0,0,0,0,0,0.0,0,0,0,0,0,0.0,11.0,7.0,4.0,0.0,0,
566,Reggie Myles,25,CIN,DB,16,0,0,0,0,0,0.0,0,0,1,0,0,0.0,23.0,20.0,3.0,0.0,0,
567,Mike Nattiel,24,MIN,LB,16,0,0,0,0,0,0.0,0,0,0,0,0,0.0,22.0,19.0,3.0,0.0,0,
568,Ryan Nece,25,TAM,LB,16,0,1,2,0,2,1.0,0,0,1,0,0,0.0,12.0,10.0,2.0,0.0,0,
569,Larry Ned,26,MIN,RB,16,0,0,0,0,0,0.0,0,0,0,0,0,0.0,13.0,12.0,1.0,0.0,0,
570,Keith O'Neil,24,DAL,LB,16,0,0,0,0,0,0.0,0,0,1,0,0,0.0,14.0,12.0,2.0,0.0,0,
571,Willie Offord,26,MIN,DB,16,0,0,0,0,0,1.0,0,0,0,0,0,0.0,28.0,19.0,9.0,1.0,0,
572,John Parrella,35,OAK,DT,16,0,0,0,0,0,1.0,0,0,0,0,0,0.0,22.0,20.0,2.0,0.0,0,
573,Lonie Paxton,26,NWE,LS,16,0,0,0,0,0,0.0,0,0,1,0,0,0.0,1.0,0.0,1.0,0.0,0,
574,Ed Perry,30,MIA,TE,16,0,0,0,0,0,0.0,0,0,0,0,0,0.0,6.0,4.0,2.0,0.0,0,
575,Shaun Phillips,23,SDG,LB,16,0,1,0,0,0,3.0,0,0,2,0,0,4.0,27.0,21.0,6.0,2.0,0,
576,Bryan Pittman,27,HOU,LS,16,0,0,0,0,0,0.0,0,0,0,0,0,0.0,1.0,1.0,0.0,0.0,0,
577,Scott Player,35,ARI,P,16,0,0,0,0,0,0.0,0,1,1,0,0,0.0,0.0,0.0,0.0,0.0,0,
578,Ryan Pontbriand,25,CLE,LS,16,0,0,0,0,0,0.0,0,0,0,0,0,0.0,1.0,1.0,0.0,0.0,0,
579,Kelvin Pritchett,35,DET,DT,16,0,0,0,0,0,1.0,0,0,0,0,0,1.0,17.0,10.0,7.0,3.0,0,
580,Neil Rackers,28,ARI,K,16,0,0,0,0,0,0.0,0,0,0,0,0,0.0,5.0,5.0,0.0,0.0,0,
581,Derek Rackley,27,ATL,TE,16,0,0,0,0,0,0.0,0,0,0,0,0,0.0,1.0,1.0,0.0,0.0,0,
582,Wali Rainer,27,DET,LB,16,0,0,0,0,0,0.0,0,0,0,0,0,0.0,22.0,13.0,9.0,0.0,0,
583,James Reed,27,NYJ,DT,16,0,0,0,0,0,0.0,0,0,0,0,0,2.0,19.0,13.0,6.0,3.0,0,
584,Jeff Reed,25,PIT,K,16,0,0,0,0,0,0.0,0,0,0,0,0,0.0,2.0,2.0,0.0,0.0,0,
585,Dominic Rhodes,25,IND,RB,16,0,0,0,0,0,0.0,0,2,0,0,0,0.0,0.0,0.0,0.0,0.0,0,
586,Kris Richard,26,SEA,DB,16,0,0,0,0,0,1.0,1,0,0,0,0,0.0,35.0,30.0,5.0,0.0,0,
587,Jeff Robinson,34,DAL,TE,16,0,0,0,0,0,0.0,0,0,0,0,0,0.0,3.0,1.0,2.0,0.0,0,
588,Todd Sauerbrun,31,CAR,P,16,0,0,0,0,0,0.0,0,0,0,0,0,0.0,1.0,1.0,0.0,0.0,0,
589,Mike Schneck,27,PIT,LS,16,0,0,0,0,0,0.0,0,0,0,0,0,0.0,1.0,0.0,1.0,0.0,0,
590,Mike Scifres,24,SDG,P,16,0,0,0,0,0,0.0,0,1,1,0,0,0.0,1.0,1.0,0.0,0.0,0,
591,Josh Scobee,22,JAX,K,16,0,0,0,0,0,0.0,0,0,0,0,0,0.0,3.0,3.0,0.0,0.0,0,
592,Hunter Smith,27,IND,P,16,0,0,0,0,0,0.0,0,0,1,0,0,0.0,2.0,0.0,2.0,0.0,0,
593,Justin Snow,28,IND,LS,16,0,0,0,0,0,0.0,0,0,0,0,0,0.0,5.0,3.0,2.0,0.0,0,
594,Nick Sorensen,26,JAX,DB,16,0,0,0,0,0,0.0,1,0,0,0,0,0.0,12.0,10.0,2.0,0.0,0,
595,Brad St. Louis,28,CIN,LS,16,0,0,0,0,0,0.0,0,0,0,0,0,0.0,3.0,2.0,1.0,0.0,0,
596,Josh Stamer,27,BUF,LB,16,0,1,0,0,0,1.0,0,0,0,0,0,0.0,24.0,17.0,7.0,2.0,0,
597,Gary Stills,30,KAN,DE,16,0,0,0,0,0,0.0,0,0,2,0,0,2.5,30.0,27.0,3.0,3.0,0,
598,David Terrell,29,OAK,DB,16,0,0,0,0,0,2.0,0,0,0,0,0,0.0,18.0,15.0,3.0,2.0,0,
599,Kalen Thornton,22,DAL,LB,16,0,0,0,0,0,0.0,0,0,0,0,0,0.0,17.0,14.0,3.0,0.0,0,
600,Larry Tripplett,25,IND,DT,16,0,0,0,0,0,0.0,1,0,0,0,0,0.0,29.0,26.0,3.0,4.0,0,
601,Tom Tupa,38,WAS,P,16,0,0,0,0,0,0.0,0,0,0,0,0,0.0,1.0,1.0,0.0,0.0,0,
602,Lawrence Tynes,26,KAN,K,16,0,0,0,0,0,0.0,0,0,0,0,0,0.0,1.0,1.0,0.0,0.0,0,
603,Artie Ulmer,31,ATL,LB,16,0,0,0,0,0,0.0,0,0,0,0,0,0.0,14.0,13.0,1.0,0.0,0,
604,Adam Vinatieri,32,NWE,K,16,0,0,0,0,0,0.0,0,0,0,0,0,0.0,2.0,2.0,0.0,0.0,0,"PB,AP-1"
605,Al Wallace,30,CAR,DE,16,0,0,0,0,0,0.0,2,0,1,0,0,1.0,26.0,23.0,3.0,3.0,0,
606,Kevin Walter,23,CIN,WR,16,0,0,0,0,0,0.0,0,0,0,0,0,0.0,12.0,12.0,0.0,0.0,0,
607,Kenny Watson,26,CIN,RB,16,0,0,0,0,0,0.0,0,2,1,0,0,0.0,14.0,9.0,5.0,1.0,0,
608,Eric Westmoreland,27,CLE,LB,16,0,0,0,0,0,1.0,1,0,1,0,0,0.0,20.0,14.0,6.0,1.0,0,
609,Jeff Wilkins,32,STL,K,16,0,0,0,0,0,0.0,0,0,0,0,0,0.0,9.0,7.0,2.0,0.0,0,
610,Marcus Wilkins,24,CIN,LB,16,0,0,0,0,0,0.0,2,0,2,0,0,0.0,22.0,13.0,9.0,0.0,0,
611,Kenny Wright,27,HOU,DB,16,0,0,0,0,0,0.0,0,0,0,0,0,1.0,13.0,11.0,2.0,1.0,0,
612,Kenyatta Wright,26,NYJ,LB,16,0,0,0,0,0,0.0,0,0,1,0,0,0.0,13.0,8.0,5.0,0.0,0,
613,Tyler Brayton,25,OAK,LDE,15,15,1,24,0,24,7.0,0,0,0,0,0,2.5,45.0,37.0,8.0,4.0,0,
614,Drew Brees,25,SDG,QB,15,15,0,0,0,0,0.0,0,7,3,-9,0,0.0,0.0,0.0,0.0,0.0,0,"PB,AP OPoY-5,AP CPoY-1"
615,Brentson Buckner,33,CAR,LDT,15,15,1,8,0,8,5.0,1,0,0,0,0,3.5,41.0,27.0,14.0,5.0,0,
616,Leonardo Carson,27,DAL,LDT,15,15,0,0,0,0,0.0,0,0,1,0,0,0.5,43.0,29.0,14.0,4.0,0,
617,Chris Chambers,26,MIA,WR,15,15,0,0,0,0,0.0,0,1,0,-5,0,0.0,0.0,0.0,0.0,0.0,0,
618,Keary Colbert,22,CAR,WR,15,15,0,0,0,0,0.0,0,1,0,0,0,0.0,0.0,0.0,0.0,0.0,0,
619,James Darling,30,ARI,RLB,15,15,1,65,0,65,6.0,2,1,0,0,0,1.0,95.0,77.0,18.0,8.0,0,
620,Leonard Davis,26,ARI,LT,15,15,0,0,0,0,0.0,0,0,2,0,0,0.0,0.0,0.0,0.0,0.0,0,
621,Brian Dawkins,31,PHI,FS,15,15,4,40,0,32,12.0,2,0,1,0,0,3.0,70.0,62.0,8.0,3.0,0,"PB,AP-1"
622,Shaun Ellis,27,NYJ,LDE,15,15,0,0,0,0,4.0,2,0,1,0,0,11.0,57.0,39.0,18.0,11.0,0,
623,Carlos Emmons,31,NYG,LLB,15,15,0,0,0,0,3.0,0,0,0,0,0,1.0,97.0,62.0,35.0,3.0,0,
624,Randall Godfrey,31,SDG,RILB,15,15,0,0,0,0,3.0,3,0,1,0,0,2.0,87.0,68.0,19.0,7.0,0,
625,Ahman Green,27,GNB,RB,15,15,0,0,0,0,0.0,0,7,2,0,0,0.0,0.0,0.0,0.0,0.0,0,PB
626,Cornelius Griffin,28,WAS,RDT,15,15,0,0,0,0,6.0,0,0,1,0,0,6.0,70.0,56.0,14.0,21.0,0,
627,Justin Hartwig,26,TEN,C,15,15,0,0,0,0,0.0,0,0,1,0,0,0.0,0.0,0.0,0.0,0.0,0,
628,Pete Kendall,31,NYJ,LG,15,15,0,0,0,0,0.0,0,0,0,0,0,0.0,1.0,1.0,0.0,0.0,0,
629,Ray Lewis,29,BAL,RILB,15,15,0,0,0,0,6.0,1,0,2,0,0,1.0,147.0,101.0,46.0,6.0,0,"PB,AP-1,AP DPoY-5"
630,John Lynch,33,DEN,FS,15,15,1,2,0,2,10.0,3,0,0,0,0,2.0,66.0,49.0,17.0,3.0,0,PB
631,Donovan McNabb,28,PHI,QB,15,15,0,0,0,0,0.0,0,8,1,-6,0,0.0,0.0,0.0,0.0,0.0,0,PB
632,Joey Porter,27,PIT,ROLB,15,15,1,3,0,3,12.0,3,0,0,0,0,7.0,54.0,37.0,17.0,9.0,0,"PB,AP-2"
633,Clinton Portis,23,WAS,RB,15,15,0,0,0,0,0.0,0,5,2,0,0,0.0,0.0,0.0,0.0,0.0,0,
634,Shelton Quarles,33,TAM,MLB,15,15,0,0,0,0,3.0,0,0,0,0,0,3.5,104.0,71.0,33.0,3.0,0,
635,Fred Robbins,27,NYG,RDT,15,15,1,13,0,13,2.0,2,0,0,0,0,5.0,45.0,36.0,9.0,11.0,0,
636,Richard Seymour,25,NWE,RDE,15,15,0,0,0,0,1.0,1,0,1,68,1,5.0,40.0,25.0,15.0,5.0,0,"PB,AP-1"
637,Kevin Shaffer,24,ATL,LT,15,15,0,0,0,0,0.0,0,0,1,0,0,0.0,0.0,0.0,0.0,0.0,0,
638,Lito Sheppard,23,PHI,LCB,15,15,5,172,2,101,15.0,0,0,0,0,0,1.0,56.0,52.0,4.0,2.0,0,"PB,AP-1"
639,Jeremy Shockey,24,NYG,TE,15,15,0,0,0,0,0.0,0,1,0,0,0,0.0,,,,,0,
640,Brian Simmons,29,CIN,RLB,15,15,2,61,1,50,4.0,3,0,1,18,0,1.0,107.0,76.0,31.0,2.0,0,
641,Emmitt Smith,35,ARI,RB,15,15,0,0,0,0,0.0,0,4,2,4,0,0.0,0.0,0.0,0.0,0.0,0,
642,Fred Smoot,25,WAS,RCB,15,15,3,17,0,17,13.0,2,0,1,0,0,0.0,61.0,55.0,6.0,2.0,0,
643,Shawn Springs,29,WAS,LCB,15,15,5,117,0,38,12.0,1,0,0,0,0,6.0,64.0,52.0,12.0,6.0,0,
644,Patrick Surtain,28,MIA,LCB,15,15,4,2,0,2,11.0,0,0,2,8,0,1.0,58.0,40.0,18.0,4.0,0,PB
645,LaDainian Tomlinson,25,SDG,RB,15,15,0,0,0,0,0.0,0,6,2,0,0,0.0,0.0,0.0,0.0,0.0,0,"PB,AP-1,AP OPoY-5"
646,Deshea Townsend,29,PIT,RCB,15,15,4,54,1,39,11.0,1,0,1,0,0,4.0,56.0,47.0,9.0,3.0,0,
647,Michael Vick,24,ATL,QB,15,15,0,0,0,0,0.0,0,16,4,-5,0,0.0,0.0,0.0,0.0,0.0,0,"PB,AP MVP-2,AP OPoY-5,AP CPoY-6"
648,Gary Walker,31,HOU,LDE,15,15,0,0,0,0,4.0,1,0,0,0,0,0.5,30.0,20.0,10.0,4.0,0,
649,Domanick Williams,24,HOU,RB,15,15,0,0,0,0,0.0,0,4,0,0,0,0.0,0.0,0.0,0.0,0.0,0,
650,Jamal Williams,28,SDG,NT,15,15,0,0,0,0,4.0,0,0,0,0,0,4.0,32.0,25.0,7.0,4.0,0,AP-2
651,Brian Young,27,NOR,RDT,15,15,0,0,0,0,0.0,0,0,1,0,0,2.5,59.0,40.0,19.0,7.0,0,
652,Kevan Barlow,25,SFO,RB,15,14,0,0,0,0,0.0,0,2,0,0,0,0.0,,,,,0,
653,Dwayne Carswell,32,DEN,TE,15,14,0,0,0,0,0.0,0,0,1,0,0,0.0,,,,,0,
654,Corey Dillon,30,NWE,RB,15,14,0,0,0,0,0.0,0,5,1,0,0,0.0,,,,,0,"PB,AP CPoY-5"
655,Anthony Henry,28,CLE,LCB,15,14,4,83,0,51,12.0,0,0,0,0,0,0.0,76.0,67.0,9.0,1.0,0,
656,Kevin Jones,22,DET,RB,15,14,0,0,0,0,0.0,0,2,1,0,0,0.0,0.0,0.0,0.0,0.0,0,
657,Brad Kassell,24,TEN,MLB,15,14,0,0,0,0,1.0,1,0,1,0,0,0.0,104.0,76.0,28.0,4.0,0,
658,Chris McAlister,27,BAL,LCB,15,14,1,51,1,51,9.0,0,0,2,65,1,0.0,46.0,42.0,4.0,2.0,0,"PB,AP-2"
659,Rob Morris,29,IND,MLB,15,14,1,17,0,17,2.0,1,0,0,0,0,3.0,77.0,54.0,23.0,5.0,0,
660,Santana Moss,25,NYJ,WR,15,14,0,0,0,0,0.0,0,2,2,0,0,0.0,0.0,0.0,0.0,0.0,0,
661,Hannibal Navies,27,GNB,LLB,15,14,0,0,0,0,0.0,0,0,0,0,0,0.5,47.0,37.0,10.0,4.0,0,
662,Keith Newman,27,MIN,LLB,15,14,0,0,0,0,3.0,0,0,0,0,0,3.5,48.0,36.0,12.0,4.0,0,
663,Orpheus Roye,31,CLE,RDT,15,14,0,0,0,0,5.0,0,0,0,0,0,1.0,38.0,30.0,8.0,3.0,0,
664,Amani Toomer,30,NYG,WR,15,14,0,0,0,0,0.0,0,1,0,0,0,0.0,0.0,0.0,0.0,0.0,0,
665,Eugene Wilson,24,NWE,FS,15,14,4,51,0,24,7.0,2,0,2,0,0,0.0,69.0,59.0,10.0,1.0,0,
666,Dallas Clark,25,IND,TE,15,13,0,0,0,0,0.0,0,2,1,0,0,0.0,0.0,0.0,0.0,0.0,0,
667,Desmond Clark,27,CHI,TE,15,13,0,0,0,0,0.0,0,1,0,0,0,0.0,0.0,0.0,0.0,0.0,0,
668,William Green,25,CLE,RB,15,13,0,0,0,0,0.0,0,3,0,0,0,0.0,1.0,0.0,1.0,0.0,0,
669,Eric Parker,25,SDG,WR,15,13,0,0,0,0,0.0,0,5,4,-14,0,0.0,0.0,0.0,0.0,0.0,0,
670,Tommy Polley,26,STL,LLB,15,13,0,0,0,0,6.0,1,0,0,0,0,2.0,79.0,66.0,13.0,5.0,0,
671,Darren Sharper,29,GNB,FS,15,13,4,97,2,43,7.0,2,0,1,15,1,0.0,72.0,59.0,13.0,1.0,0,
672,Ryan Sims,24,KAN,LDT,15,13,0,0,0,0,0.0,0,0,0,0,0,2.0,15.0,13.0,2.0,5.0,0,
673,Daryl Smith,22,JAX,LLB,15,13,1,0,0,0,4.0,0,0,1,0,0,2.0,52.0,44.0,8.0,6.0,1,
674,Sean Taylor,21,WAS,FS,15,13,4,85,0,45,15.0,2,0,0,0,0,1.0,78.0,61.0,17.0,3.0,0,AP DRoY-4
675,Terreal Bierria,24,SEA,SS,15,12,1,10,0,10,5.0,1,0,0,0,0,0.0,75.0,52.0,23.0,1.0,0,
676,Kevin Mathis,30,ATL,RCB/LCB,15,12,2,101,2,66,8.0,0,0,0,0,0,0.0,65.0,60.0,5.0,1.0,0,
677,Kawika Mitchell,25,KAN,MLB,15,12,0,0,0,0,3.0,1,0,2,39,1,1.0,74.0,60.0,14.0,9.0,0,
678,Ryan Clark,25,WAS,SS,15,11,0,0,0,0,1.0,0,0,0,0,0,0.0,81.0,65.0,16.0,2.0,0,
679,Karlos Dansby,23,ARI,LLB,15,11,1,2,0,2,5.0,1,0,3,0,0,5.0,61.0,44.0,17.0,7.0,0,AP DRoY-6
680,Greg Favors,30,JAX,RDE,15,11,0,0,0,0,4.0,0,0,0,0,0,5.5,36.0,25.0,11.0,7.0,1,
681,Jared Allen,22,KAN,RDE,15,10,0,0,0,0,0.0,0,0,0,0,0,9.0,31.0,29.0,2.0,10.0,0,AP DRoY-5
682,Corey Bradford,29,HOU,WR,15,10,0,0,0,0,0.0,0,0,0,0,0,0.0,1.0,1.0,0.0,0.0,0,
683,Kris Mangum,31,CAR,TE,15,10,0,0,0,0,0.0,0,0,0,0,0,0.0,2.0,2.0,0.0,0.0,0,
684,Randall Gay,22,NWE,RCB,15,9,2,23,0,13,6.0,0,1,2,41,1,0.0,34.0,29.0,5.0,1.0,0,
685,Wayne Lucier,25,NYG,RG,15,9,0,0,0,0,0.0,0,0,1,0,0,0.0,0.0,0.0,0.0,0.0,0,
686,Joe Salave'a,29,WAS,LDT,15,9,0,0,0,0,2.0,1,0,0,0,0,2.0,20.0,17.0,3.0,4.0,0,
687,Steve Edwards,25,CHI,RG,15,8,0,0,0,0,0.0,0,0,2,0,0,0.0,0.0,0.0,0.0,0.0,0,
688,Langston Moore,23,CIN,DT,15,8,0,0,0,0,0.0,1,0,0,0,0,1.0,31.0,22.0,9.0,4.0,0,
689,Aaron Shea,28,CLE,TE,15,8,0,0,0,0,0.0,0,0,0,0,0,0.0,4.0,3.0,1.0,0.0,0,
690,Duane Starks,30,ARI,LCB,15,8,3,46,1,41,12.0,1,0,2,2,0,1.0,58.0,53.0,5.0,1.0,0,
691,Nick Greisen,25,NYG,RLB,15,7,0,0,0,0,6.0,1,0,1,0,0,2.0,80.0,61.0,19.0,2.0,0,
692,Lance Legree,27,NYG,LDE,15,7,0,0,0,0,0.0,0,0,0,0,0,2.0,53.0,34.0,19.0,3.0,0,
693,Jerome Pathon,29,NOR,WR,15,7,0,0,0,0,0.0,0,1,0,0,0,0.0,,,,,0,
694,Fred Thomas,31,NOR,RCB,15,7,0,0,0,0,5.0,0,0,2,0,0,0.0,48.0,46.0,2.0,1.0,0,
695,Jerome Bettis,32,PIT,RB,15,6,0,0,0,0,0.0,0,1,1,0,0,0.0,0.0,0.0,0.0,0.0,0,"PB,AP CPoY-4"
696,Dwaine Carpenter,28,SFO,LCB,15,6,1,31,0,31,5.0,1,0,1,80,1,2.0,55.0,50.0,5.0,3.0,0,
697,Kevin Kaesviharn,28,CIN,SS,15,6,0,0,0,0,8.0,0,0,1,3,1,0.0,66.0,50.0,16.0,2.0,0,
698,Donnie Nickey,24,TEN,SS,15,6,0,0,0,0,1.0,0,0,0,0,0,0.0,38.0,29.0,9.0,1.0,0,
699,Amos Zereoue,28,OAK,RB,15,6,0,0,0,0,0.0,0,1,0,0,0,0.0,,,,,0,
700,Tim Brown,38,TAM,WR,15,4,0,0,0,0,0.0,0,2,0,0,0,0.0,,,,,0,
701,Taylor Jacobs,23,WAS,WR,15,4,0,0,0,0,0.0,0,0,0,0,0,0.0,1.0,1.0,0.0,0.0,0,
702,William Joseph,25,NYG,DT,15,4,0,0,0,0,2.0,0,0,0,0,0,2.0,33.0,27.0,6.0,12.0,0,
703,Terrance Shaw,31,MIN,DB,15,4,1,22,0,22,5.0,0,0,0,0,0,0.0,35.0,31.0,4.0,0.0,0,
704,Jerry DeLoach,27,HOU,DE,15,3,0,0,0,0,2.0,0,0,0,0,0,0.0,25.0,17.0,8.0,3.0,0,
705,Mario Edwards,29,TAM,DB,15,3,0,0,0,0,4.0,0,0,1,0,0,0.0,27.0,22.0,5.0,0.0,0,
706,Melvin Fowler,25,CLE,C,15,3,0,0,0,0,,0,0,1,0,0,0.0,0.0,0.0,0.0,0.0,0,
707,Reggie Howard,27,MIA,DB,15,3,0,0,0,0,4.0,1,0,1,0,0,0.0,28.0,19.0,9.0,0.0,0,
708,Rien Long,23,TEN,DT,15,3,0,0,0,0,0.0,0,0,0,0,0,5.0,26.0,21.0,5.0,7.0,0,
709,Ernest Wilford,25,JAX,WR,15,3,0,0,0,0,0.0,0,0,0,0,0,0.0,5.0,4.0,1.0,0.0,0,
710,Anthony Hargrove,21,STL,DE,15,2,0,0,0,0,0.0,1,0,0,0,0,1.0,,,,,0,
711,Jason McKie,24,CHI,FB,15,2,0,0,0,0,0.0,0,1,0,0,0,0.0,5.0,4.0,1.0,0.0,0,
712,Keith Smith,24,DET,DB,15,2,1,2,0,2,4.0,1,0,0,0,0,0.0,39.0,31.0,8.0,0.0,0,
713,Karl Williams,33,ARI,WR,15,2,0,0,0,0,0.0,0,4,1,0,0,0.0,0.0,0.0,0.0,0.0,0,
714,Gary Brackett,24,IND,LB,15,1,2,2,0,2,3.0,0,0,0,0,0,0.0,37.0,25.0,12.0,1.0,0,
715,Jason Fisk,32,SDG,DT,15,1,0,0,0,0,2.0,0,0,0,0,0,1.0,30.0,19.0,11.0,3.0,0,
716,Rich Gardner,23,TEN,DB,15,1,1,-1,0,-1,1.0,0,2,0,0,0,0.0,13.0,11.0,2.0,0.0,0,
717,Tommy Hendricks,26,JAX,LB,15,1,0,0,0,0,0.0,0,0,0,0,0,0.0,28.0,22.0,6.0,0.0,0,
718,Brian Howard,23,STL,DT,15,1,0,0,0,0,0.0,0,0,0,0,0,0.0,14.0,8.0,6.0,1.0,0,
719,Alex Lewis,23,DET,LB,15,1,1,33,0,33,3.0,0,0,0,0,0,2.0,59.0,44.0,15.0,3.0,0,
720,Jim Nelson,29,IND,LB,15,1,1,0,0,0,5.0,0,0,2,0,0,0.0,69.0,52.0,17.0,1.0,0,
721,Eric Ogbogu,29,DAL,DE,15,1,0,0,0,0,1.0,1,0,1,0,0,4.5,31.0,26.0,5.0,4.0,0,
722,Will Poole,23,MIA,DB,15,1,0,0,0,0,5.0,0,0,0,0,0,1.0,31.0,26.0,5.0,1.0,0,
723,Jacques Reeves,22,DAL,DB,15,1,0,0,0,0,2.0,0,0,1,0,0,0.0,28.0,25.0,3.0,1.0,0,
724,Benny Sapp,23,KAN,DB,15,1,1,0,0,0,5.0,1,0,0,0,0,0.0,16.0,15.0,1.0,0.0,0,
725,Charlie Anderson,23,HOU,LB,15,0,0,0,0,0,0.0,0,0,1,60,1,0.0,13.0,9.0,4.0,0.0,0,
726,Jesse Chatman,25,SDG,RB,15,0,0,0,0,0,0.0,0,1,0,0,0,0.0,10.0,9.0,1.0,0.0,0,
727,Jarrod Cooper,26,2TM,DB,15,0,0,0,0,0,1.0,0,0,1,0,0,1.0,18.0,17.0,1.0,2.0,0,
727,Jarrod Cooper,26,CAR,DB,6,0,0,0,0,0,0.0,0,0,0,0,0,0.0,2.0,1.0,1.0,0.0,0,
727,Jarrod Cooper,26,OAK,DB,9,0,0,0,0,0,1.0,0,0,1,0,0,1.0,16.0,16.0,0.0,2.0,0,
728,Kevin Curtis,26,STL,WR,15,0,0,0,0,0,0.0,0,1,1,1,0,0.0,0.0,0.0,0.0,0.0,0,
729,Keith Davis,26,DAL,DB,15,0,0,0,0,0,0.0,2,0,0,0,0,0.0,19.0,15.0,4.0,0.0,0,
730,Jared DeVries,28,DET,DE,15,0,0,0,0,0,1.0,1,0,0,0,0,3.0,25.0,16.0,9.0,2.0,0,
731,Omar Easy,27,KAN,FB,15,0,0,0,0,0,0.0,0,0,0,0,0,0.0,2.0,2.0,0.0,0.0,0,
732,Heath Evans,26,SEA,FB,15,0,0,0,0,0,0.0,0,1,1,0,0,0.0,9.0,7.0,2.0,0.0,0,
733,Steve Gleason,27,NOR,DB,15,0,0,0,0,0,0.0,0,0,0,0,0,0.0,9.0,7.0,2.0,0.0,0,
734,Travis Hall,32,ATL,DE,15,0,0,0,0,0,3.0,1,0,1,0,0,3.0,29.0,22.0,7.0,4.0,0,
735,Karl Hankton,34,CAR,WR,15,0,0,0,0,0,0.0,0,0,0,0,0,0.0,8.0,8.0,0.0,0.0,0,
736,Israel Idonije,24,CHI,DE,15,0,0,0,0,0,1.0,0,0,0,0,0,1.0,21.0,15.0,6.0,4.0,0,
737,Ade Jimoh,24,WAS,DB,15,0,0,0,0,0,0.0,0,0,0,0,0,0.0,16.0,15.0,1.0,0.0,0,
738,Roger Knight,26,NOR,LB,15,0,0,0,0,0,0.0,0,0,0,0,0,0.0,18.0,15.0,3.0,0.0,0,
739,Clint Kriewaldt,28,PIT,LB,15,0,0,0,0,0,0.0,1,0,0,0,0,0.5,18.0,11.0,7.0,1.0,0,
740,Joe Maese,26,BAL,LS,15,0,0,0,0,0,0.0,0,0,0,0,0,0.0,3.0,1.0,2.0,0.0,0,
741,Marquand Manuel,25,SEA,DB,15,0,0,0,0,0,0.0,0,0,0,0,0,0.0,19.0,12.0,7.0,0.0,0,
742,Brandon Mitchell,29,SEA,DE,15,0,0,0,0,0,1.0,0,0,0,0,0,1.0,16.0,13.0,3.0,2.0,0,
743,Mel Mitchell,25,NOR,DB,15,0,0,0,0,0,0.0,0,0,0,0,0,0.0,25.0,23.0,2.0,0.0,0,
744,Dave Moore,35,TAM,TE,15,0,0,0,0,0,0.0,0,0,0,0,0,0.0,1.0,1.0,0.0,0.0,0,
745,Maurice Morris,25,SEA,RB,15,0,0,0,0,0,0.0,0,0,0,0,0,0.0,6.0,5.0,1.0,0.0,0,
746,Harold Morrow,31,BAL,FB,15,0,0,0,0,0,0.0,0,0,0,0,0,0.0,11.0,10.0,1.0,0.0,0,
747,J.J. Moses,25,HOU,WR,15,0,0,0,0,0,0.0,0,1,0,0,0,0.0,,,,,0,
748,Terry Pierce,23,DEN,LB,15,0,0,0,0,0,1.0,1,0,0,0,0,0.0,6.0,5.0,1.0,0.0,0,
749,Terdell Sands,25,OAK,DT,15,0,0,0,0,0,2.0,0,0,0,0,0,0.0,22.0,17.0,5.0,1.0,0,
750,Corey Sears,31,HOU,DE,15,0,0,0,0,0,1.0,0,0,0,0,0,0.0,10.0,5.0,5.0,1.0,0,
751,Siddeeq Shabazz,23,ATL,DB,15,0,0,0,0,0,0.0,0,0,0,0,0,0.0,11.0,9.0,2.0,0.0,0,
752,Ben Steele,26,GNB,TE,15,0,0,0,0,0,0.0,0,0,1,0,0,0.0,15.0,12.0,3.0,0.0,0,
753,Russell Stuvaints,24,PIT,DB,15,0,0,0,0,0,4.0,0,0,1,24,1,0.0,37.0,29.0,8.0,1.0,0,
754,Mike Vanderjagt,34,IND,K,15,0,0,0,0,0,0.0,0,0,0,0,0,0.0,2.0,2.0,0.0,0.0,0,
755,Jimmy Wilkerson,23,KAN,DE,15,0,0,0,0,0,0.0,0,0,0,0,0,0.5,11.0,8.0,3.0,1.0,0,
756,Phillip Buchanon,24,OAK,LCB,14,14,3,69,1,23,9.0,0,2,2,0,0,0.0,59.0,50.0,9.0,1.0,0,
757,Marc Bulger,27,STL,QB,14,14,0,0,0,0,0.0,0,5,0,0,0,0.0,,,,,0,
758,Duane Clemons,30,CIN,LDE,14,14,0,0,0,0,1.0,2,0,0,0,0,6.5,50.0,32.0,18.0,9.0,0,
759,Alge Crumpler,27,ATL,TE,14,14,0,0,0,0,0.0,0,1,0,0,0,0.0,,,,,0,PB
760,Na'il Diggs,26,GNB,RLB,14,14,0,0,0,0,0.0,0,0,0,0,0,1.0,80.0,61.0,19.0,12.0,0,
761,Marshall Faulk,31,STL,RB,14,14,0,0,0,0,0.0,0,2,0,0,0,0.0,0.0,0.0,0.0,0.0,0,
762,Kelly Gregg,28,BAL,NT,14,14,0,0,0,0,1.0,1,0,1,0,0,1.5,61.0,44.0,17.0,3.0,0,
763,Carlos Hall,25,TEN,RDE,14,14,0,0,0,0,1.0,0,0,1,0,0,2.5,41.0,26.0,15.0,7.0,0,
764,Nick Hardwick,23,SDG,C,14,14,0,0,0,0,0.0,0,0,1,0,0,0.0,0.0,0.0,0.0,0.0,0,
765,Nick Harper,30,IND,LCB,14,14,3,12,0,12,8.0,0,0,1,15,0,0.0,77.0,58.0,19.0,1.0,0,
766,Matt Hasselbeck,29,SEA,QB,14,14,0,0,0,0,0.0,0,5,2,-8,0,0.0,0.0,0.0,0.0,0.0,0,
767,E.J. Henderson,24,MIN,MLB,14,14,0,0,0,0,3.0,1,0,0,0,0,1.0,94.0,66.0,28.0,9.0,0,
768,Jeno James,27,MIA,LG,14,14,0,0,0,0,0.0,0,0,3,0,0,0.0,0.0,0.0,0.0,0.0,0,
769,Thomas Jones,26,CHI,RB,14,14,0,0,0,0,0.0,0,2,0,0,0,0.0,,,,,0,
770,Jevon Kearse,28,PHI,LDE,14,14,0,0,0,0,6.0,2,0,1,0,0,7.5,31.0,27.0,4.0,6.0,0,
771,Eddie Kennison,31,KAN,WR,14,14,0,0,0,0,0.0,0,1,0,0,0,0.0,0.0,0.0,0.0,0.0,0,
772,Byron Leftwich,24,JAX,QB,14,14,0,0,0,0,0.0,0,5,3,0,0,0.0,0.0,0.0,0.0,0.0,0,
773,Deuce McAllister,26,NOR,RB,14,14,0,0,0,0,0.0,0,5,2,0,0,0.0,0.0,0.0,0.0,0.0,0,
774,Damion McIntosh,27,MIA,LT,14,14,0,0,0,0,0.0,0,0,2,0,0,0.0,0.0,0.0,0.0,0.0,0,
775,Kenny Mixon,29,MIN,LDE,14,14,0,0,0,0,2.0,0,0,0,0,0,2.5,46.0,28.0,18.0,3.0,0,
776,Terrell Owens,31,PHI,WR,14,14,0,0,0,0,0.0,0,2,0,0,0,0.0,0.0,0.0,0.0,0.0,0,"PB,AP-1,AP OPoY-2"
777,Jeff Saturday,29,IND,C,14,14,0,0,0,0,0.0,0,0,1,0,0,0.0,0.0,0.0,0.0,0.0,0,
778,Derek Smith,29,SFO,MLB,14,14,0,0,0,0,3.0,0,0,2,46,1,1.5,110.0,80.0,30.0,5.0,0,
779,John St. Clair,27,MIA,RT,14,14,0,0,0,0,0.0,0,0,1,0,0,0.0,0.0,0.0,0.0,0.0,0,
780,Fred Taylor,28,JAX,RB,14,14,0,0,0,0,0.0,0,3,0,0,0,0.0,0.0,0.0,0.0,0.0,0,
781,Orlando Brown,34,BAL,RT,14,13,0,0,0,0,0.0,0,0,1,0,0,0.0,0.0,0.0,0.0,0.0,0,
782,Kerry Collins,32,OAK,QB,14,13,0,0,0,0,0.0,0,7,3,-21,0,0.0,0.0,0.0,0.0,0.0,0,
783,Chris Draft,28,ATL,MLB,14,13,1,33,0,33,3.0,1,0,0,0,0,0.0,57.0,42.0,15.0,2.0,0,
784,Cory Hall,28,ATL,FS,14,13,0,0,0,0,2.0,0,0,1,0,0,0.0,53.0,42.0,11.0,2.0,0,
785,Josh McCown,25,ARI,QB,14,13,0,0,0,0,0.0,0,12,2,0,0,0.0,0.0,0.0,0.0,0.0,0,
786,Ben Roethlisberger,22,PIT,QB,14,13,0,0,0,0,0.0,0,2,0,-6,0,0.0,0.0,0.0,0.0,0.0,0,AP ORoY-1
787,Ian Scott,23,CHI,RDT,14,13,0,0,0,0,3.0,0,0,1,9,0,2.0,45.0,35.0,10.0,9.0,0,
788,Mark Simoneau,27,PHI,LLB/MLB,14,13,0,0,0,0,1.0,1,0,1,7,0,1.5,49.0,34.0,15.0,3.0,0,
789,Jermaine Wiggins,29,MIN,TE,14,13,0,0,0,0,0.0,0,1,1,0,0,0.0,0.0,0.0,0.0,0.0,0,
790,Anthony Adams,24,SFO,LDT,14,12,0,0,0,0,2.0,1,0,0,0,0,0.0,48.0,41.0,7.0,6.0,0,
791,Howard Green,25,NOR,LDT,14,12,0,0,0,0,0.0,1,0,0,0,0,0.0,28.0,18.0,10.0,1.0,0,
792,Kindal Moorehead,26,CAR,RDT,14,12,1,17,1,17,4.0,0,0,1,0,0,2.0,38.0,31.0,7.0,7.0,0,
793,Tutan Reyes,27,CAR,RG/LG,14,12,0,0,0,0,0.0,0,0,0,0,0,0.0,1.0,1.0,0.0,0.0,0,
794,Roy Williams,23,DET,WR,14,12,0,0,0,0,1.0,0,1,0,0,0,0.0,1.0,0.0,1.0,0.0,0,
795,Antoine Winfield,27,MIN,LCB,14,12,3,89,0,56,8.0,3,0,1,0,0,0.0,88.0,72.0,16.0,3.0,0,
796,Mike Alstott,31,TAM,FB,14,11,0,0,0,0,0.0,0,2,0,0,0,0.0,0.0,0.0,0.0,0.0,0,
797,Ahmad Carroll,21,GNB,LCB,14,11,1,0,0,0,8.0,0,0,1,40,1,2.0,49.0,46.0,3.0,5.0,0,
798,Robert Thomas,24,STL,MLB,14,11,0,0,0,0,1.0,0,0,0,0,0,0.0,56.0,41.0,15.0,3.0,0,
799,Marques Anderson,25,OAK,SS,14,10,1,23,0,23,2.0,1,0,2,0,0,0.0,74.0,56.0,18.0,2.0,0,
800,Mark Fields,32,CAR,LLB,14,10,1,14,0,14,3.0,1,0,1,0,0,4.0,62.0,50.0,12.0,10.0,0,"PB,AP CPoY-2"
801,Chris Hoke,28,PIT,NT,14,10,0,0,0,0,0.0,0,0,0,0,0,1.0,39.0,22.0,17.0,4.0,0,
802,Jamie Winborn,25,SFO,RLB,14,10,1,1,0,1,8.0,2,0,2,10,0,4.5,63.0,54.0,9.0,5.0,0,
803,William Bartee,27,KAN,RCB,14,9,0,0,0,0,7.0,0,0,0,0,0,1.5,46.0,40.0,6.0,1.0,0,
804,Napoleon Harris,25,OAK,RLB,14,9,0,0,0,0,1.0,0,0,0,0,0,0.0,61.0,47.0,14.0,4.0,0,
805,Brad Hoover,28,CAR,FB,14,9,0,0,0,0,0.0,0,0,2,0,0,0.0,3.0,3.0,0.0,0.0,0,
806,Robert Royal,25,WAS,TE,14,9,0,0,0,0,1.0,0,0,1,0,0,0.0,0.0,0.0,0.0,0.0,0,
807,Antuan Edwards,27,2TM,FS,14,13,0,0,0,0,10.0,1,0,0,0,0,1.0,66.0,48.0,18.0,1.0,0,
807,Antuan Edwards,27,MIA,FS,8,8,0,0,0,0,6.0,1,0,0,0,0,1.0,36.0,24.0,12.0,1.0,0,
807,Antuan Edwards,27,STL,FS,6,5,0,0,0,0,4.0,0,0,0,0,0,0.0,30.0,24.0,6.0,0.0,0,
808,Orlando Ruff,28,NOR,MLB,14,8,1,0,0,0,3.0,0,0,0,0,0,0.0,79.0,58.0,21.0,1.0,0,
809,Randy Starks,21,TEN,RDT,14,8,0,0,0,0,3.0,1,0,2,0,0,4.5,28.0,17.0,11.0,4.0,0,
810,Rex Hadnot,22,MIA,RG,14,7,0,0,0,0,0.0,0,0,1,0,0,0.0,0.0,0.0,0.0,0.0,0,
811,Ben Troupe,22,TEN,TE,14,7,0,0,0,0,0.0,0,2,1,0,0,0.0,0.0,0.0,0.0,0.0,0,
812,Shad Meier,26,TEN,TE,14,6,0,0,0,0,0.0,0,1,1,0,0,0.0,2.0,2.0,0.0,0.0,0,
813,Bryan Thomas,25,NYJ,RDE,14,6,0,0,0,0,1.0,0,0,0,0,0,1.5,43.0,28.0,15.0,6.0,0,
814,Barry Gardner,28,CLE,MLB,14,5,1,30,0,30,2.0,0,0,1,0,0,0.0,41.0,26.0,15.0,0.0,0,
815,Artrell Hawkins,28,CAR,DB,14,4,1,9,0,9,6.0,3,1,0,0,0,0.0,29.0,24.0,5.0,3.0,0,
816,Patrick Pass,27,NWE,FB,14,4,0,0,0,0,0.0,0,1,0,0,0,0.0,12.0,12.0,0.0,0.0,0,
817,Rashad Baker,22,BUF,DB,14,3,1,26,0,26,2.0,1,0,0,0,0,0.0,23.0,14.0,9.0,0.0,0,
818,Aaron Beasley,31,ATL,DB,14,3,4,115,0,85,7.0,2,0,0,0,0,1.0,24.0,21.0,3.0,2.0,0,
819,Steven Jackson,21,STL,RB,14,3,0,0,0,0,0.0,0,1,0,0,0,0.0,0.0,0.0,0.0,0.0,0,
820,Kyle Johnson,26,DEN,RB,14,3,0,0,0,0,0.0,0,0,0,0,0,0.0,9.0,7.0,2.0,0.0,0,
821,Ma'ake Kemoeatu,25,BAL,DT,14,3,0,0,0,0,0.0,0,0,0,0,0,0.0,28.0,20.0,8.0,0.0,0,
822,LeVar Woods,26,ARI,LB,14,3,0,0,0,0,1.0,0,0,1,0,0,0.0,32.0,24.0,8.0,2.0,0,
823,Vernon Carey,23,MIA,T,14,2,0,0,0,0,,0,0,1,0,0,0.0,,,,,0,
824,Ron Dayne,26,NYG,RB,14,2,0,0,0,0,0.0,0,0,1,0,0,0.0,1.0,1.0,0.0,0.0,0,
825,Jeff Dugan,23,MIN,TE,14,2,0,0,0,0,0.0,0,0,0,0,0,0.0,2.0,2.0,0.0,0.0,0,
826,Corey Fuller,33,BAL,DB,14,2,0,0,0,0,0.0,0,0,0,0,0,0.0,23.0,17.0,6.0,4.0,0,
827,Saleem Rasheed,23,SFO,LB,14,2,0,0,0,0,2.0,1,0,1,0,0,0.0,27.0,21.0,6.0,0.0,0,
828,DeQuincy Scott,26,SDG,DT,14,2,0,0,0,0,2.0,0,0,0,0,0,1.5,19.0,14.0,5.0,6.0,0,
829,Ron Warner,29,WAS,DE,14,2,1,39,0,39,1.0,0,0,0,0,0,3.5,12.0,9.0,3.0,6.0,0,
830,Rocky Bernard,25,SEA,DT,14,1,0,0,0,0,6.0,0,0,1,0,0,3.5,39.0,26.0,13.0,5.0,0,
831,Jared Clauss,23,TEN,DT,14,1,0,0,0,0,1.0,0,0,0,0,0,0.0,7.0,4.0,3.0,1.0,0,
832,Kevin Garrett,24,STL,DB,14,1,0,0,0,0,4.0,0,0,0,0,0,0.0,21.0,16.0,5.0,2.0,0,
833,Robert Geathers,21,CIN,DE,14,1,1,36,1,36,6.0,1,0,0,0,0,3.5,16.0,9.0,7.0,3.0,0,
834,Arlen Harris,24,STL,RB,14,1,0,0,0,0,0.0,0,1,0,0,0,0.0,5.0,4.0,1.0,0.0,0,
835,Raylee Johnson,34,DEN,DE,14,1,0,0,0,0,1.0,1,0,0,0,0,1.0,12.0,6.0,6.0,1.0,0,
836,Michael Lewis,33,NOR,WR,14,1,0,0,0,0,0.0,0,1,0,0,0,0.0,8.0,7.0,1.0,0.0,0,
837,Todd McMillon,31,CHI,DB,14,1,0,0,0,0,1.0,0,0,2,0,0,0.0,18.0,14.0,4.0,0.0,0,
838,Antwan Peek,25,HOU,LB,14,1,1,20,0,20,1.0,1,0,1,66,1,2.0,20.0,15.0,5.0,2.0,0,
839,J.R. Reed,22,PHI,DB,14,1,0,0,0,0,1.0,0,0,0,0,0,0.0,24.0,23.0,1.0,1.0,0,
840,Robert Reynolds,23,TEN,LB,14,1,0,0,0,0,0.0,0,0,0,0,0,0.0,14.0,7.0,7.0,0.0,0,
841,Dario Romero,26,MIA,DT,14,1,0,0,0,0,1.0,0,0,0,0,0,3.5,21.0,15.0,6.0,4.0,0,
842,T.J. Slaughter,27,BAL,LB,14,1,0,0,0,0,0.0,1,0,0,0,0,0.0,11.0,10.0,1.0,0.0,0,
843,R-Kal Truluck,30,GNB,DE,14,1,0,0,0,0,0.0,0,0,0,0,0,2.5,13.0,12.0,1.0,2.0,0,
844,Michael Turner,22,SDG,RB,14,1,0,0,0,0,0.0,0,1,0,0,0,0.0,2.0,2.0,0.0,0.0,0,
845,Moe Williams,30,MIN,RB,14,1,0,0,0,0,0.0,0,0,1,0,0,0.0,5.0,3.0,2.0,0.0,0,
846,Brian Allen,26,CAR,LB,14,0,1,21,0,21,1.0,0,0,0,0,0,0.0,22.0,17.0,5.0,0.0,0,
847,Arnaz Battle,24,SFO,WR,14,0,0,0,0,0,0.0,0,2,3,0,0,0.0,14.0,13.0,1.0,0.0,0,
848,Tatum Bell,23,DEN,RB,14,0,0,0,0,0,0.0,0,1,0,0,0,0.0,4.0,4.0,0.0,0.0,0,
849,Patrick Chukwurah,25,DEN,LB,14,0,0,0,0,0,1.0,0,0,0,0,0,1.0,9.0,6.0,3.0,1.0,0,
850,Marquis Cooper,22,TAM,LB,14,0,0,0,0,0,0.0,0,0,0,0,0,0.0,9.0,9.0,0.0,0.0,0,
851,Jason Craft,28,NOR,DB,14,0,0,0,0,0,3.0,1,0,0,0,0,0.0,23.0,20.0,3.0,0.0,0,
852,Rod Davis,23,MIN,LB,14,0,0,0,0,0,0.0,0,0,0,0,0,0.0,9.0,8.0,1.0,0.0,0,
853,Jimmy Farris,26,ATL,WR,14,0,0,0,0,0,0.0,0,0,0,0,0,0.0,5.0,4.0,1.0,0.0,0,
854,Vernon Fox,25,DET,DB,14,0,0,0,0,0,0.0,0,0,0,0,0,0.0,7.0,6.0,1.0,0.0,0,
855,Akbar Gbaja-Biamila,25,OAK,DE,14,0,0,0,0,0,2.0,0,0,0,0,0,1.0,14.0,11.0,3.0,3.0,0,
856,Clinton Hart,27,SDG,DB,14,0,1,13,0,13,2.0,0,0,0,0,0,0.0,24.0,18.0,6.0,0.0,0,
857,Darrell Hill,25,TEN,WR,14,0,0,0,0,0,0.0,0,0,1,0,0,0.0,13.0,10.0,3.0,0.0,0,
858,Chris Horn,27,KAN,WR,14,0,0,0,0,0,0.0,0,0,0,0,0,0.0,5.0,5.0,0.0,0.0,0,
859,Jason Horton,24,GNB,DB,14,0,0,0,0,0,0.0,0,0,0,0,0,0.0,20.0,16.0,4.0,0.0,0,
860,Chidi Iwuoma,26,PIT,DB,14,0,0,0,0,0,0.0,1,0,0,0,0,0.0,21.0,17.0,4.0,0.0,0,
861,Tyoka Jackson,33,STL,DT,14,0,0,0,0,0,2.0,0,0,0,0,0,4.0,33.0,30.0,3.0,8.0,0,
862,Mark Jones,24,NYG,WR,14,0,0,0,0,0,0.0,0,1,1,0,0,0.0,0.0,0.0,0.0,0.0,0,
863,Dane Looker,28,STL,WR,14,0,0,0,0,0,0.0,0,1,0,0,0,0.0,1.0,1.0,0.0,0.0,0,
864,Jim Maxwell,23,NYG,LB,14,0,0,0,0,0,0.0,0,0,0,0,0,1.0,12.0,8.0,4.0,2.0,0,
865,Quintin Mikell,24,PHI,DB,14,0,1,0,0,0,1.0,1,0,1,0,0,0.0,25.0,21.0,4.0,1.0,0,
866,Hanik Milligan,25,SDG,DB,14,0,0,0,0,0,1.0,0,0,0,0,0,0.0,19.0,16.0,3.0,0.0,0,
867,Calvin Pace,24,ARI,DE,14,0,0,0,0,0,5.0,2,0,0,0,0,4.5,19.0,14.0,5.0,2.0,0,
868,Adrian Peterson,25,CHI,RB,14,0,0,0,0,0,0.0,0,0,0,0,0,0.0,21.0,16.0,5.0,0.0,0,
869,Tyrone Rogers,30,CLE,DE,14,0,0,0,0,0,1.0,0,0,0,0,0,1.5,22.0,17.0,5.0,3.0,0,
870,Michael Stone,26,ARI,DB,14,0,0,0,0,0,0.0,0,0,0,0,0,0.0,18.0,14.0,4.0,0.0,0,
871,Robert Tate,31,ARI,DB,14,0,0,0,0,0,2.0,1,0,0,0,0,0.0,20.0,17.0,3.0,0.0,0,
872,Joey Thomas,24,GNB,DB,14,0,0,0,0,0,1.0,1,0,0,0,0,0.0,20.0,19.0,1.0,0.0,0,
873,LaBrandon Toefield,24,JAX,RB,14,0,0,0,0,0,0.0,0,1,0,0,0,0.0,,,,,0,
874,Wes Welker,23,MIA,WR,14,0,0,0,0,0,0.0,0,4,1,0,0,0.0,5.0,3.0,2.0,0.0,0,
875,Jimmy Wyrick,28,MIA,DB,14,0,0,0,0,0,0.0,0,0,0,0,0,0.0,14.0,11.0,3.0,0.0,0,
876,Idrees Bashir,26,IND,FS,13,13,0,0,0,0,1.0,1,0,1,0,0,0.0,58.0,41.0,17.0,2.0,0,
877,Dre' Bly,27,DET,RCB,13,13,4,107,1,55,19.0,0,0,0,0,0,0.0,38.0,32.0,6.0,1.0,0,PB
878,Roderick Coleman,28,ATL,LDT,13,13,1,39,1,39,6.0,3,0,1,0,0,11.5,41.0,32.0,9.0,14.0,0,
879,Jeff Faine,23,CLE,C,13,13,0,0,0,0,0.0,0,2,1,-47,0,0.0,0.0,0.0,0.0,0.0,0,
880,Clark Haggans,27,PIT,LOLB,13,13,0,0,0,0,1.0,2,0,1,0,0,6.0,37.0,29.0,8.0,7.0,0,
881,Steve Heiden,28,CLE,TE,13,13,0,0,0,0,0.0,0,1,2,0,0,0.0,0.0,0.0,0.0,0.0,0,
882,Randy Moss,27,MIN,WR,13,13,0,0,0,0,0.0,0,1,0,0,0,0.0,0.0,0.0,0.0,0.0,0,
883,Carson Palmer,25,CIN,QB,13,13,0,0,0,0,0.0,0,2,0,0,0,0.0,1.0,1.0,0.0,0.0,0,
884,Chad Pennington,28,NYJ,QB,13,13,0,0,0,0,0.0,0,5,1,-3,0,0.0,0.0,0.0,0.0,0.0,0,
885,Michael Pittman,29,TAM,RB,13,13,0,0,0,0,0.0,0,6,0,0,0,0.0,0.0,0.0,0.0,0.0,0,
886,Zach Thomas,31,MIA,MLB,13,13,0,0,0,0,4.0,0,0,0,0,0,2.0,145.0,85.0,60.0,9.0,0,
887,Gerard Warren,26,CLE,LDT,13,13,0,0,0,0,0.0,2,0,0,0,0,4.0,19.0,13.0,6.0,3.0,0,
888,Darren Howard,28,NOR,RDE,13,12,0,0,0,0,1.0,3,0,3,0,0,11.0,46.0,36.0,10.0,10.0,0,
889,Johnnie Morton,33,KAN,WR,13,12,0,0,0,0,0.0,0,2,1,0,0,0.0,0.0,0.0,0.0,0.0,0,
890,Alshermond Singleton,29,DAL,LLB,13,12,0,0,0,0,1.0,0,0,0,0,0,0.0,48.0,35.0,13.0,1.0,0,
891,Brian Westbrook,25,PHI,RB,13,12,0,0,0,0,0.0,0,1,0,0,0,0.0,0.0,0.0,0.0,0.0,0,PB
892,Charles Woodson,28,OAK,RCB,13,12,1,25,0,25,9.0,2,0,1,0,0,2.5,74.0,59.0,15.0,1.0,0,
893,Cory Schlesinger,32,DET,FB,13,11,0,0,0,0,0.0,0,0,0,0,0,0.0,1.0,1.0,0.0,0.0,0,
894,Renaldo Hill,26,ARI,LCB,13,10,1,2,0,2,10.0,1,0,0,0,0,1.0,52.0,44.0,8.0,6.0,0,
895,Aeneas Williams,36,STL,FS,13,10,0,0,0,0,2.0,2,0,0,0,0,0.0,48.0,40.0,8.0,0.0,0,
896,Chris Hovan,26,MIN,LDT,13,9,0,0,0,0,2.0,0,0,1,0,0,1.5,20.0,11.0,9.0,2.0,0,
897,Eddie George,31,DAL,RB,13,8,0,0,0,0,0.0,0,3,1,0,0,0.0,0.0,0.0,0.0,0.0,0,
898,Sammy Morris,27,MIA,RB,13,8,0,0,0,0,0.0,0,1,0,0,0,0.0,3.0,3.0,0.0,0.0,0,
899,Asante Samuel,23,NWE,RCB,13,8,1,34,1,34,12.0,3,0,0,0,0,0.0,39.0,37.0,2.0,2.0,0,
900,Bobby Engram,31,SEA,WR,13,7,0,0,0,0,0.0,0,1,0,0,0,0.0,0.0,0.0,0.0,0.0,0,
901,Dexter McCleon,31,KAN,RCB,13,6,2,23,0,23,9.0,0,0,1,0,0,0.0,36.0,30.0,6.0,1.0,0,
902,Chidi Ahanotu,34,2TM,DE,13,5,0,0,0,0,0.0,0,0,0,0,0,4.5,19.0,13.0,6.0,4.0,0,
902,Chidi Ahanotu,34,MIA,DE,5,0,0,0,0,0,0.0,0,0,0,0,0,1.0,3.0,2.0,1.0,1.0,0,
902,Chidi Ahanotu,34,TAM,RDT,8,5,0,0,0,0,0.0,0,0,0,0,0,3.5,16.0,11.0,5.0,3.0,0,
903,Robert Ferguson,25,GNB,WR,13,5,0,0,0,0,0.0,0,1,1,16,0,0.0,3.0,2.0,1.0,0.0,0,
904,Drayton Florence,24,SDG,RCB,13,5,4,54,0,40,8.0,0,1,0,0,0,0.0,36.0,31.0,5.0,2.0,0,
905,Cory Bird,26,IND,DB,13,4,0,0,0,0,0.0,0,0,0,0,0,0.0,45.0,35.0,10.0,0.0,0,
906,Eric Brown,29,HOU,DB,13,4,0,0,0,0,0.0,0,0,0,0,0,0.0,15.0,9.0,6.0,0.0,0,
907,Ross Kolodziej,26,ARI,DT,13,4,0,0,0,0,0.0,0,0,0,0,0,1.0,10.0,10.0,0.0,1.0,0,
908,Josh Parry,26,PHI,RB,13,4,0,0,0,0,0.0,0,0,0,0,0,0.0,1.0,1.0,0.0,0.0,0,
909,Antowain Smith,32,TEN,RB,13,4,0,0,0,0,0.0,0,2,1,0,0,0.0,0.0,0.0,0.0,0.0,0,
910,Joselio Hanson,23,SFO,DB,13,3,0,0,0,0,6.0,0,0,0,0,0,1.0,20.0,18.0,2.0,1.0,0,
911,Caleb Miller,24,CIN,LB,13,3,0,0,0,0,0.0,0,0,1,0,0,0.0,35.0,22.0,13.0,2.0,0,
912,Eddie Moore,24,MIA,LB,13,3,0,0,0,0,2.0,0,0,2,0,0,0.0,35.0,27.0,8.0,1.0,0,
913,Trev Faulk,23,STL,LB,13,2,0,0,0,0,0.0,0,0,0,0,0,0.0,40.0,29.0,11.0,2.0,0,
914,Travis LaBoy,23,TEN,DE,13,2,0,0,0,0,0.0,0,0,1,0,0,3.5,21.0,13.0,8.0,1.0,0,
915,Dexter Reid,23,NWE,DB,13,2,0,0,0,0,2.0,1,0,1,0,0,0.0,25.0,16.0,9.0,0.0,0,
916,Hollis Thomas,30,PHI,DT,13,2,0,0,0,0,1.0,0,0,1,0,0,0.0,21.0,17.0,4.0,5.0,0,
917,Stephen Trejo,27,2TM,FB,13,2,0,0,0,0,0.0,0,0,0,0,0,0.0,4.0,4.0,0.0,0.0,0,
917,Stephen Trejo,27,DET,FB,11,2,0,0,0,0,0.0,0,0,0,0,0,0.0,3.0,3.0,0.0,0.0,0,
917,Stephen Trejo,27,STL,FB,2,0,0,0,0,0,0.0,0,0,0,0,0,0.0,1.0,1.0,0.0,0.0,0,
918,Jonathan Carter,25,NYJ,WR,13,1,0,0,0,0,0.0,0,2,0,0,0,0.0,,,,,0,
919,Jermaine Haley,31,WAS,DT,13,1,0,0,0,0,0.0,1,0,1,0,0,1.0,9.0,8.0,1.0,0.0,0,
920,Bethel Johnson,25,NWE,WR,13,1,0,0,0,0,0.0,0,2,1,0,0,0.0,0.0,0.0,0.0,0.0,0,
921,Roman Phifer,36,NWE,LB,13,1,1,26,0,26,2.0,0,0,1,0,0,1.5,40.0,30.0,10.0,3.0,0,
922,Cliff Russell,25,CIN,WR,13,1,0,0,0,0,0.0,0,2,1,0,0,0.0,1.0,1.0,0.0,0.0,0,
923,Reggie Swinton,29,DET,WR,13,1,0,0,0,0,0.0,0,1,0,0,0,0.0,1.0,1.0,0.0,0.0,0,
924,Ike Taylor,24,PIT,DB,13,1,1,0,0,0,4.0,0,1,0,0,0,0.0,16.0,10.0,6.0,0.0,0,
925,Frank Walker,24,NYG,DB,13,1,2,20,0,10,3.0,1,0,0,0,0,0.0,23.0,21.0,2.0,0.0,0,
926,Yeremiah Bell,26,MIA,DB,13,0,0,0,0,0,1.0,0,0,0,0,0,0.0,10.0,8.0,2.0,0.0,0,
927,Juran Bolden,30,JAX,DB,13,0,0,0,0,0,1.0,0,0,0,0,0,0.0,23.0,19.0,4.0,1.0,0,
928,Jack Brewer,25,NYG,DB,13,0,0,0,0,0,0.0,0,0,0,0,0,0.0,17.0,11.0,6.0,0.0,0,
929,Cornell Brown,29,BAL,LB,13,0,0,0,0,0,0.0,0,0,0,0,0,0.0,19.0,15.0,4.0,1.0,0,
930,Roderick Bryant,23,NYJ,DB,13,0,0,0,0,0,1.0,0,0,0,0,0,0.0,4.0,4.0,0.0,0.0,0,
931,Rock Cartwright,25,WAS,FB,13,0,0,0,0,0,0.0,0,0,0,0,0,0.0,7.0,5.0,2.0,0.0,0,
932,Jon Dorenbos,24,BUF,LS,13,0,0,0,0,0,0.0,0,0,0,0,0,0.0,8.0,6.0,2.0,0.0,0,
933,T.J. Duckett,23,ATL,RB,13,0,0,0,0,0,0.0,0,2,0,0,0,0.0,0.0,0.0,0.0,0.0,0,
934,Troy Evans,27,HOU,LB,13,0,0,0,0,0,0.0,0,0,0,0,0,0.0,9.0,8.0,1.0,0.0,0,
935,Verron Haynes,25,PIT,RB,13,0,0,0,0,0,0.0,0,0,1,2,0,0.0,9.0,8.0,1.0,0.0,0,
936,Ellis Johnson,31,DEN,DT,13,0,1,32,1,32,1.0,0,0,0,0,0,3.0,16.0,15.0,1.0,5.0,0,
937,Brett Keisel,26,PIT,DE,13,0,0,0,0,0,0.0,0,0,0,0,0,0.0,9.0,5.0,4.0,0.0,0,
938,Gerome Sapp,23,IND,DB,13,0,0,0,0,0,0.0,0,0,0,0,0,0.0,30.0,25.0,5.0,0.0,0,
939,Bart Scott,24,BAL,LB,13,0,0,0,0,0,0.0,0,0,1,0,0,0.0,28.0,18.0,10.0,1.0,0,
940,Dante Wesley,25,CAR,DB,13,0,0,0,0,0,0.0,0,0,0,0,0,0.0,20.0,18.0,2.0,1.0,0,
941,Cameron Worrell,25,CHI,DB,13,0,0,0,0,0,0.0,1,0,0,0,0,1.0,19.0,18.0,1.0,1.0,0,
942,John Abraham,26,NYJ,RDE,12,12,0,0,0,0,2.0,3,0,1,0,0,9.5,49.0,35.0,14.0,13.0,0,PB
943,Mark Campbell,29,BUF,TE,12,12,0,0,0,0,0.0,0,1,0,0,0,0.0,0.0,0.0,0.0,0.0,0,
944,Chris Claiborne,26,MIN,RLB,12,12,1,15,1,15,5.0,1,0,1,0,0,1.0,57.0,39.0,18.0,2.0,0,
945,Marcus Coleman,30,HOU,FS,12,12,2,116,1,102,9.0,0,0,0,0,0,0.0,56.0,45.0,11.0,0.0,0,
946,Ed Jasper,31,ATL,RDT,12,12,0,0,0,0,0.0,2,0,2,0,0,2.0,34.0,27.0,7.0,5.0,0,
947,Jamal Lewis,25,BAL,RB,12,12,0,0,0,0,0.0,0,2,1,-2,0,0.0,0.0,0.0,0.0,0.0,0,
948,Dan Morgan,26,CAR,MLB,12,12,2,20,0,11,6.0,1,0,2,0,0,2.0,102.0,79.0,23.0,2.0,0,PB
949,Jonathan Ogden,30,BAL,LT,12,12,0,0,0,0,,0,0,1,0,0,0.0,0.0,0.0,0.0,0.0,0,"PB,AP-2"
950,Adewale Ogunleye,27,CHI,LDE,12,12,0,0,0,0,2.0,1,0,1,7,0,5.0,38.0,29.0,9.0,7.0,1,
951,Trey Teague,30,BUF,C,12,12,0,0,0,0,0.0,0,0,1,0,0,0.0,0.0,0.0,0.0,0.0,0,
952,Matt Birk,28,MIN,C,12,11,0,0,0,0,,0,2,0,-31,0,0.0,,,,,0,PB
953,Derrick Burgess,26,PHI,RDE,12,11,0,0,0,0,4.0,0,0,0,0,0,2.5,24.0,19.0,5.0,4.0,0,
954,Samari Rolle,28,TEN,RCB,12,11,1,0,0,0,7.0,0,0,2,5,0,0.0,28.0,27.0,1.0,0.0,0,
955,Greg Wesley,26,KAN,SS,12,11,4,92,0,65,7.0,4,0,0,0,0,0.0,70.0,63.0,7.0,0.0,0,
956,Sammy Davis,24,SDG,LCB,12,10,1,4,0,4,10.0,0,0,0,0,0,0.0,38.0,32.0,6.0,0.0,0,
957,Kim Herring,29,CIN,SS,12,10,1,0,0,0,6.0,1,0,0,0,0,0.0,64.0,51.0,13.0,4.0,0,
958,Victor Hobson,24,NYJ,LLB,12,10,1,2,0,2,3.0,0,0,0,0,0,0.0,45.0,30.0,15.0,4.0,0,
959,Daylon McCutcheon,28,CLE,RCB,12,10,2,0,0,2,9.0,0,0,0,0,0,0.0,50.0,45.0,5.0,0.0,0,
960,Deltha O'Neal,27,CIN,LCB,12,10,4,60,1,31,15.0,1,0,0,0,0,1.0,40.0,35.0,5.0,1.0,0,
961,Glenn Earl,23,HOU,SS,12,9,0,0,0,0,0.0,0,0,0,0,0,0.0,45.0,36.0,9.0,2.0,0,
962,Jake Scott,23,IND,RG,12,9,0,0,0,0,0.0,0,0,1,0,0,0.0,0.0,0.0,0.0,0.0,0,
963,Jerry Azumah,27,CHI,RCB,12,8,4,128,1,70,9.0,2,1,0,0,0,1.5,51.0,40.0,11.0,2.0,0,
964,Demetric Evans,25,WAS,RDE,12,8,0,0,0,0,1.0,0,0,0,0,0,2.5,26.0,17.0,9.0,4.0,0,
965,Lance Frazier,23,DAL,RCB,12,8,2,2,0,2,8.0,1,2,2,0,0,0.0,45.0,37.0,8.0,2.0,0,
966,Courtney Watson,24,NOR,MLB,12,8,0,0,0,0,3.0,0,0,0,0,0,2.0,57.0,40.0,17.0,4.0,0,
967,Mark Brown,24,NYJ,LLB,12,6,0,0,0,0,1.0,1,0,0,0,0,0.0,15.0,9.0,6.0,0.0,0,
968,Bryan Johnson,26,CHI,FB,12,6,0,0,0,0,0.0,0,0,0,0,0,0.0,3.0,2.0,1.0,0.0,0,
969,Jimmy Williams,25,SFO,LCB,12,6,0,0,0,0,5.0,0,0,1,0,0,1.0,47.0,38.0,9.0,3.0,0,
970,Derrick Blaylock,25,KAN,RB,12,5,0,0,0,0,0.0,0,0,0,0,0,0.0,5.0,5.0,0.0,0.0,0,
971,Jameel Cook,25,TAM,FB,12,5,0,0,0,0,0.0,0,0,0,0,0,0.0,5.0,5.0,0.0,0.0,0,
972,Chris Crocker,24,CLE,FS,12,5,1,20,1,20,4.0,0,0,0,0,0,2.0,56.0,46.0,10.0,3.0,0,
973,Tim Euhus,24,BUF,TE,12,5,0,0,0,0,0.0,0,0,0,0,0,0.0,1.0,1.0,0.0,0.0,0,
974,Az-Zahir Hakim,27,DET,WR,12,5,0,0,0,0,0.0,0,0,0,0,0,0.0,1.0,1.0,0.0,0.0,0,
975,Cory Withrow,29,MIN,C,12,5,0,0,0,0,0.0,0,0,1,0,0,0.0,0.0,0.0,0.0,0.0,0,
976,Richie Anderson,33,DAL,FB,12,4,0,0,0,0,0.0,0,1,0,0,0,0.0,0.0,0.0,0.0,0.0,0,
977,Moran Norris,26,HOU,FB,12,4,0,0,0,0,0.0,0,0,0,0,0,0.0,4.0,2.0,2.0,0.0,0,
978,Ronald Curry,25,OAK,WR,12,3,0,0,0,0,0.0,0,1,1,0,0,0.0,15.0,14.0,1.0,0.0,0,
979,Coy Wire,26,BUF,DB,12,3,0,0,0,0,0.0,0,0,1,0,0,1.0,25.0,14.0,11.0,2.0,0,
980,Alfonso Boone,28,CHI,DT,12,2,0,0,0,0,1.0,0,0,0,0,0,2.5,15.0,11.0,4.0,4.0,0,
981,Willie Middlebrooks,25,DEN,DB,12,2,0,0,0,0,5.0,0,0,1,0,0,1.0,27.0,21.0,6.0,1.0,0,
982,Anthony Thomas,27,CHI,RB,12,2,0,0,0,0,0.0,0,1,1,0,0,0.0,0.0,0.0,0.0,0.0,0,
983,Julian Battle,23,KAN,DB,12,1,0,0,0,0,2.0,0,0,0,0,0,0.0,16.0,16.0,0.0,0.0,0,
984,Jordan Carstens,23,CAR,DT,12,1,0,0,0,0,0.0,0,0,1,1,0,0.0,13.0,10.0,3.0,1.0,0,
985,Brian Finneran,28,ATL,WR,12,1,0,0,0,0,0.0,0,1,0,0,0,0.0,6.0,5.0,1.0,0.0,0,
986,Jabari Greer,22,BUF,DB,12,1,0,0,0,0,3.0,0,0,0,0,0,1.0,15.0,14.0,1.0,1.0,0,
987,Jon McGraw,25,NYJ,DB,12,1,2,0,0,0,6.0,1,0,0,0,0,0.0,40.0,32.0,8.0,0.0,0,
988,Brandon Moore,25,SFO,LB,12,1,0,0,0,0,0.0,1,0,0,0,0,1.0,27.0,23.0,4.0,1.0,0,
989,Dwight Anderson,23,STL,DB,12,0,0,0,0,0,0.0,0,0,0,0,0,0.0,16.0,13.0,3.0,1.0,0,
990,Brandon Barnes,23,WAS,LB,12,0,0,0,0,0,0.0,0,0,0,0,0,0.0,7.0,5.0,2.0,1.0,0,
991,Ralph Brown,26,MIN,DB,12,0,0,0,0,0,0.0,0,0,0,0,0,0.0,14.0,10.0,4.0,1.0,0,
992,Troy Brown,33,NWE,WR/DB,12,0,3,22,0,17,5.0,0,1,2,0,0,0.0,17.0,14.0,3.0,0.0,0,
993,Stephen Cheek,27,KAN,P,12,0,0,0,0,0,0.0,0,1,0,-7,0,0.0,,,,,0,
994,Je'Rod Cherry,31,NWE,DB,12,0,0,0,0,0,0.0,0,0,0,0,0,0.0,11.0,9.0,2.0,0.0,0,
995,Kenyon Coleman,25,DAL,DE,12,0,0,0,0,0,0.0,0,0,0,0,0,1.0,15.0,13.0,2.0,3.0,0,
996,Jerricho Cotchery,22,NYJ,WR,12,0,0,0,0,0,0.0,0,0,0,0,0,0.0,13.0,11.0,2.0,0.0,0,
997,Donte Curry,26,DET,LB,12,0,0,0,0,0,0.0,1,0,1,0,0,0.0,23.0,21.0,2.0,0.0,0,
998,Tim Dwight,29,SDG,WR,12,0,0,0,0,0,0.0,0,0,0,0,0,0.0,2.0,2.0,0.0,0.0,0,
999,Justin Fargas,24,OAK,FB,12,0,0,0,0,0,0.0,0,1,0,0,0,0.0,5.0,5.0,0.0,1.0,0,
1000,Keyaron Fox,22,KAN,LB,12,0,0,0,0,0,0.0,0,0,0,0,0,0.0,7.0,6.0,1.0,0.0,0,
1001,Cortez Hankton,23,JAX,WR,12,0,0,0,0,0,0.0,0,0,0,0,0,0.0,5.0,5.0,0.0,0.0,0,
1002,Nate Jackson,25,DEN,WR,12,0,0,0,0,0,0.0,0,0,0,0,0,0.0,7.0,5.0,2.0,0.0,0,
1003,Steve Martin,30,MIN,DT,12,0,0,0,0,0,1.0,0,0,0,0,0,0.5,20.0,11.0,9.0,0.0,0,
1004,Anthony Mitchell,30,CIN,DB,12,0,0,0,0,0,0.0,0,0,1,0,0,0.0,19.0,13.0,6.0,0.0,0,
1005,Anton Palepoi,26,2TM,DE,12,0,0,0,0,0,0.0,0,0,0,0,0,3.0,20.0,17.0,3.0,5.0,0,
1005,Anton Palepoi,26,SEA,DE,1,0,0,0,0,0,0.0,0,0,0,0,0,0.0,1.0,1.0,0.0,0.0,0,
1005,Anton Palepoi,26,DEN,DE,11,0,0,0,0,0,0.0,0,0,0,0,0,3.0,19.0,16.0,3.0,5.0,0,
1006,Kemp Rasmussen,25,CAR,DE,12,0,0,0,0,0,0.0,0,0,0,0,0,0.0,9.0,7.0,2.0,0.0,0,
1007,Wade Richey,28,BAL,K,12,0,0,0,0,0,0.0,0,0,0,0,0,0.0,2.0,2.0,0.0,0.0,0,
1008,Jamal Robertson,27,2TM,RB,12,0,0,0,0,0,0.0,0,3,0,0,0,0.0,4.0,4.0,0.0,0.0,0,
1008,Jamal Robertson,27,SFO,RB,7,0,0,0,0,0,0.0,0,3,0,0,0,0.0,3.0,3.0,0.0,0.0,0,
1008,Jamal Robertson,27,CAR,RB,5,0,0,0,0,0,0.0,0,0,0,0,0,0.0,1.0,1.0,0.0,0.0,0,
1009,Josh Scobey,25,ARI,RB,12,0,0,0,0,0,0.0,0,1,1,0,0,0.0,2.0,1.0,1.0,0.0,0,
1010,Darrion Scott,23,MIN,DE,12,0,0,0,0,0,1.0,0,0,2,0,0,0.0,23.0,12.0,11.0,2.0,0,
1011,Junior Siavii,26,KAN,DT,12,0,0,0,0,0,0.0,0,0,0,0,0,1.0,9.0,8.0,1.0,4.0,0,
1012,Matt Ware,22,PHI,DB,12,0,0,0,0,0,1.0,0,0,1,9,0,0.0,13.0,12.0,1.0,0.0,0,
1013,Corey Williams,24,GNB,DT,12,0,0,0,0,0,0.0,1,0,0,0,0,1.0,24.0,14.0,10.0,1.0,0,
1014,Dexter Wynn,23,PHI,DB,12,0,0,0,0,0,7.0,0,1,1,0,0,1.0,18.0,15.0,3.0,1.0,0,
1015,Chris Brown,23,TEN,RB,11,11,0,0,0,0,0.0,0,6,0,0,0,0.0,0.0,0.0,0.0,0.0,0,
1016,Plaxico Burress,27,PIT,WR,11,11,0,0,0,0,0.0,0,1,1,0,0,0.0,0.0,0.0,0.0,0.0,0,
1017,Andra Davis,26,CLE,MLB,11,11,3,35,0,30,6.0,0,0,1,0,0,0.5,71.0,53.0,18.0,2.0,0,
1018,Rick DeMulling,27,IND,LG,11,11,0,0,0,0,,0,1,0,-2,0,0.0,,,,,0,
1019,Jay Foreman,28,HOU,LILB,11,11,0,0,0,0,1.0,0,0,1,3,0,0.0,79.0,53.0,26.0,2.0,0,
1020,Norman Hand,32,NYG,LDT,11,11,0,0,0,0,1.0,0,0,0,0,0,1.0,18.0,13.0,5.0,1.0,0,
1021,Lawyer Milloy,31,BUF,SS,11,11,2,20,0,11,5.0,0,0,0,0,0,4.0,62.0,39.0,23.0,4.0,0,
1022,Chris Snee,22,NYG,RG,11,11,0,0,0,0,0.0,0,0,3,0,0,0.0,0.0,0.0,0.0,0.0,0,
1023,Jeff Garcia,34,CLE,QB,11,10,0,0,0,0,0.0,0,9,0,-9,0,0.0,0.0,0.0,0.0,0.0,0,
1024,Brian Griese,29,TAM,QB,11,10,0,0,0,0,0.0,0,6,2,-7,0,0.0,0.0,0.0,0.0,0.0,0,AP CPoY-7
1025,Monty Beisel,26,KAN,MLB/ROLB,11,9,1,-1,0,-1,1.0,1,0,1,9,0,2.5,55.0,44.0,11.0,3.0,0,
1026,A.J. Feeley,27,MIA,QB,11,8,0,0,0,0,0.0,0,10,1,-4,0,0.0,0.0,0.0,0.0,0.0,0,
1027,Rob Meier,27,JAX,LDE,11,8,0,0,0,0,1.0,0,0,0,0,0,0.5,22.0,15.0,7.0,5.0,0,
1028,Michael Bennett,26,MIN,RB,11,7,0,0,0,0,0.0,0,1,1,0,0,0.0,,,,,0,
1029,Onterrio Smith,24,MIN,RB,11,6,0,0,0,0,0.0,0,2,1,0,0,0.0,0.0,0.0,0.0,0.0,0,
1030,Chris Cash,24,DET,LCB,11,5,1,0,0,0,4.0,1,0,0,0,0,0.0,31.0,27.0,4.0,0.0,0,
1031,Andre' Goodman,26,DET,DB,11,4,1,0,0,0,2.0,1,0,0,0,0,0.0,29.0,24.0,5.0,0.0,0,
1032,DeJuan Groce,24,STL,DB,11,4,0,0,0,0,4.0,0,0,0,0,0,0.0,29.0,29.0,0.0,2.0,0,
1033,Travis Minor,25,MIA,RB,11,4,0,0,0,0,0.0,0,0,1,0,0,0.0,2.0,2.0,0.0,0.0,0,
1034,Raynoch Thompson,27,ARI,LB,11,3,0,0,0,0,2.0,0,0,0,0,0,1.0,37.0,24.0,13.0,2.0,0,
1035,Marcus Tubbs,23,SEA,DT,11,3,0,0,0,0,1.0,1,0,0,0,0,1.0,13.0,6.0,7.0,0.0,0,
1036,Anthony Floyd,23,IND,DB,11,2,0,0,0,0,2.0,0,0,0,0,0,0.0,40.0,27.0,13.0,0.0,0,
1037,Marcus Reese,23,CHI,LB,11,2,0,0,0,0,0.0,1,0,0,0,0,0.0,10.0,7.0,3.0,1.0,0,
1038,Najeh Davenport,25,GNB,RB,11,1,0,0,0,0,0.0,0,1,0,0,0,0.0,2.0,2.0,0.0,0.0,0,
1039,Eddie Drummond,24,DET,WR,11,1,0,0,0,0,0.0,0,0,1,0,0,0.0,3.0,3.0,0.0,0.0,0,"PB,AP-1"
1040,Kevin Faulk,28,NWE,RB,11,1,0,0,0,0,0.0,0,2,1,0,0,0.0,0.0,0.0,0.0,0.0,0,
1041,Talman Gardner,24,NOR,WR,11,1,0,0,0,0,0.0,0,0,0,0,0,0.0,9.0,9.0,0.0,1.0,0,
1042,Jason McAddley,25,TEN,WR,11,1,0,0,0,0,0.0,0,1,0,0,0,0.0,,,,,0,
1043,Terrell Roberts,23,CIN,DB,11,1,0,0,0,0,2.0,0,0,0,0,0,0.0,10.0,9.0,1.0,0.0,0,
1044,Waine Bacon,25,IND,DB,11,0,1,0,0,0,3.0,0,0,0,0,0,0.0,16.0,13.0,3.0,2.0,0,
1045,Dyshod Carter,26,2TM,DB,11,0,0,0,0,0,2.0,0,0,1,0,0,0.0,16.0,13.0,3.0,0.0,0,
1045,Dyshod Carter,26,ARI,DB,6,0,0,0,0,0,1.0,0,0,0,0,0,0.0,11.0,8.0,3.0,0.0,0,
1045,Dyshod Carter,26,CLE,DB,5,0,0,0,0,0,1.0,0,0,1,0,0,0.0,5.0,5.0,0.0,0.0,0,
1046,Pat Dennis,26,WAS,DB,11,0,0,0,0,0,0.0,0,0,0,0,0,0.0,8.0,8.0,0.0,0.0,0,
1047,Gilbert Gardner,22,IND,LB,11,0,0,0,0,0,1.0,0,0,0,0,0,0.0,18.0,11.0,7.0,1.0,0,
1048,Alan Harper,25,NYJ,DT,11,0,0,0,0,0,0.0,0,0,0,0,0,0.0,5.0,3.0,2.0,0.0,0,
1049,Reno Mahe,24,PHI,RB,11,0,0,0,0,0,0.0,0,1,1,0,0,0.0,3.0,2.0,1.0,0.0,0,
1050,Olindo Mare,31,MIA,K,11,0,0,0,0,0,0.0,0,0,0,0,0,0.0,2.0,2.0,0.0,0.0,0,
1051,Fred McAfee,36,NOR,RB,11,0,0,0,0,0,0.0,0,0,0,0,0,0.0,20.0,19.0,1.0,0.0,0,
1052,Jerome McDougle,26,PHI,DE,11,0,0,0,0,0,1.0,0,0,0,0,0,2.0,13.0,13.0,0.0,1.0,0,
1053,Willie Ponder,24,NYG,WR,11,0,0,0,0,0,0.0,0,1,0,0,0,0.0,2.0,1.0,1.0,0.0,0,
1054,Nick Rogers,25,2TM,LB,11,0,0,0,0,0,0.0,0,0,0,0,0,0.0,10.0,8.0,2.0,0.0,0,
1054,Nick Rogers,25,GNB,LB,10,0,0,0,0,0,0.0,0,0,0,0,0,0.0,4.0,4.0,0.0,0.0,0,
1054,Nick Rogers,25,IND,LB,1,0,0,0,0,0,0.0,0,0,0,0,0,0.0,6.0,4.0,2.0,0.0,0,
1055,Jason Short,26,PHI,LB,11,0,0,0,0,0,0.0,0,0,0,0,0,0.0,5.0,4.0,1.0,0.0,0,
1056,Josh Thomas,23,IND,DE,11,0,0,0,0,0,0.0,0,0,0,0,0,1.0,12.0,11.0,1.0,1.0,0,
1057,Mason Unck,24,CLE,LB,11,0,0,0,0,0,0.0,0,0,0,0,0,0.0,17.0,15.0,2.0,0.0,0,
1058,Fernando Bryant,27,DET,LCB,10,10,0,0,0,0,9.0,0,0,0,0,0,0.0,51.0,42.0,9.0,1.0,0,
1059,Travis Fisher,25,STL,RCB,10,10,1,30,0,30,5.0,1,0,0,0,0,0.0,35.0,32.0,3.0,0.0,0,
1060,Albert Haynesworth,23,TEN,RDT,10,10,0,0,0,0,3.0,2,0,0,0,0,1.0,37.0,26.0,11.0,8.0,0,
1061,Grady Jackson,31,GNB,LDT,10,10,0,0,0,0,2.0,0,0,0,0,0,1.0,23.0,17.0,6.0,3.0,0,
1062,Mike McKenzie,28,NOR,LCB,10,10,5,19,0,14,11.0,0,0,0,0,0,0.0,33.0,31.0,2.0,0.0,0,
1063,Duce Staley,29,PIT,RB,10,10,0,0,0,0,0.0,0,3,1,0,0,0.0,0.0,0.0,0.0,0.0,0,
1064,Jerome Woods,31,KAN,FS,10,10,0,0,0,0,1.0,1,0,0,0,0,1.0,42.0,36.0,6.0,2.0,0,
1065,Anquan Boldin,24,ARI,WR,10,9,0,0,0,0,0.0,0,1,0,0,0,0.0,0.0,0.0,0.0,0.0,0,
1066,Mike Doss,23,IND,SS,10,9,2,32,0,32,2.0,3,0,0,0,0,1.0,49.0,42.0,7.0,3.0,0,
1067,Barrett Green,27,NYG,RLB,10,9,0,0,0,0,3.0,2,0,2,16,1,0.0,39.0,26.0,13.0,0.0,0,
1068,DeAngelo Hall,21,ATL,LCB,10,9,2,50,1,48,6.0,1,0,0,0,0,0.5,36.0,29.0,7.0,0.0,0,
1069,Travis Taylor,26,BAL,WR,10,9,0,0,0,0,0.0,0,1,0,0,0,0.0,,,,,0,
1070,Kurt Warner,33,NYG,QB,10,9,0,0,0,0,0.0,0,12,1,-3,0,0.0,0.0,0.0,0.0,0.0,0,
1071,Jason Webster,27,ATL,RCB,10,9,1,18,0,18,10.0,1,0,0,0,0,0.0,41.0,39.0,2.0,1.0,0,
1072,Billy Volek,28,TEN,QB,10,8,0,0,0,0,0.0,0,6,3,0,0,0.0,0.0,0.0,0.0,0.0,0,
1073,Joey Galloway,33,TAM,WR,10,7,0,0,0,0,0.0,0,3,2,0,0,0.0,0.0,0.0,0.0,0.0,0,
1074,Jason Simmons,28,HOU,FS,10,6,1,0,0,0,3.0,1,0,0,0,0,0.0,41.0,35.0,6.0,0.0,0,
1075,Travis Henry,26,BUF,RB,10,5,0,0,0,0,0.0,0,0,0,0,0,0.0,1.0,1.0,0.0,0.0,0,
1076,Darnell Dinkins,27,BAL,TE,10,4,0,0,0,0,0.0,0,0,0,0,0,0.0,3.0,3.0,0.0,0.0,0,
1077,Bobby Gray,26,CHI,DB,10,4,1,31,0,31,1.0,0,0,0,0,0,0.0,25.0,19.0,6.0,3.0,0,
1078,Solomon Bates,22,SEA,LB,10,3,0,0,0,0,2.0,0,0,0,0,0,0.0,34.0,22.0,12.0,1.0,0,
1079,Tommy Kelly,24,OAK,DE,10,3,0,0,0,0,1.0,3,0,1,0,0,4.0,21.0,17.0,4.0,2.0,0,
1080,Mewelde Moore,22,MIN,RB,10,3,0,0,0,0,0.0,0,0,1,0,0,0.0,2.0,2.0,0.0,0.0,0,
1081,Lee Suggs,24,CLE,RB,10,3,0,0,0,0,0.0,0,6,1,0,0,0.0,0.0,0.0,0.0,0.0,0,
1082,Adrian Dingle,27,SDG,DE,10,2,1,1,0,1,1.0,0,0,0,0,0,1.0,6.0,3.0,3.0,2.0,0,
1083,Will Heller,23,TAM,TE,10,2,0,0,0,0,0.0,0,1,1,0,0,0.0,0.0,0.0,0.0,0.0,0,
1084,Michael Lehan,25,CLE,DB,10,2,0,0,0,0,1.0,0,0,0,0,0,0.0,18.0,12.0,6.0,0.0,0,
1085,Carl Powell,30,CIN,DE,10,2,1,-2,0,-2,1.0,1,0,0,0,0,2.0,22.0,16.0,6.0,2.0,0,
1086,Tracy White,23,SEA,LB,10,2,0,0,0,0,0.0,0,0,0,0,0,1.0,39.0,30.0,9.0,0.0,0,
1087,Andre Woolfolk,24,TEN,DB,10,2,1,25,0,25,6.0,0,0,0,0,0,0.0,49.0,42.0,7.0,0.0,0,
1088,Justin Bannan,25,BUF,DT,10,0,0,0,0,0,0.0,0,0,0,0,0,0.0,2.0,1.0,1.0,0.0,0,
1089,Mike Cloud,29,NYG,RB,10,0,0,0,0,0,0.0,0,0,1,0,0,0.0,3.0,3.0,0.0,0.0,0,
1090,Terrance Copper,22,DAL,WR,10,0,0,0,0,0,0.0,0,0,0,0,0,0.0,12.0,11.0,1.0,0.0,0,
1091,Torrie Cox,24,TAM,DB,10,0,1,55,1,55,1.0,0,0,1,0,0,0.0,16.0,14.0,2.0,1.0,0,
1092,Jason Glenn,25,NYJ,LB,10,0,0,0,0,0,0.0,0,0,2,2,0,0.0,10.0,7.0,3.0,0.0,0,
1093,Eddie Jackson,24,CAR,DB,10,0,0,0,0,0,3.0,0,0,0,0,0,0.0,13.0,12.0,1.0,0.0,0,
1094,Frisman Jackson,25,CLE,WR,10,0,0,0,0,0,0.0,0,1,0,0,0,0.0,0.0,0.0,0.0,0.0,0,
1095,Triandos Luke,23,DEN,WR,10,0,0,0,0,0,0.0,0,2,0,0,0,0.0,,,,,0,
1096,Juqua Parker,26,TEN,DE,10,0,0,0,0,0,0.0,1,0,1,0,0,0.0,7.0,6.0,1.0,0.0,0,
1097,Derrick Ransom,28,JAX,DT,10,0,0,0,0,0,0.0,0,0,0,0,0,0.5,8.0,4.0,4.0,0.0,0,
1098,Micah Ross,28,CAR,WR,10,0,0,0,0,0,0.0,0,0,0,0,0,0.0,2.0,2.0,0.0,0.0,0,
1099,Daleroy Stewart,26,2TM,DT,10,0,0,0,0,0,0.0,0,0,0,0,0,0.0,9.0,5.0,4.0,0.0,0,
1099,Daleroy Stewart,26,DAL,DT,1,0,0,0,0,0,0.0,0,0,0,0,0,0.0,1.0,0.0,1.0,0.0,0,
1099,Daleroy Stewart,26,SFO,DT,9,0,0,0,0,0,0.0,0,0,0,0,0,0.0,8.0,5.0,3.0,0.0,0,
1100,Bobby Taylor,31,SEA,DB,10,0,0,0,0,0,2.0,1,0,0,0,0,0.0,13.0,11.0,2.0,0.0,0,
1101,Chris Young,24,DEN,DB,10,0,0,0,0,0,0.0,0,0,0,0,0,0.0,2.0,1.0,1.0,0.0,0,
1102,Deion Branch,25,NWE,WR,9,9,0,0,0,0,0.0,0,1,1,-1,0,0.0,0.0,0.0,0.0,0.0,0,
1103,Mark Brunell,34,WAS,QB,9,9,0,0,0,0,0.0,0,6,2,-6,0,0.0,,,,,0,
1104,DeLawrence Grant,25,OAK,LLB,9,9,0,0,0,0,1.0,0,0,0,0,0,2.0,20.0,14.0,6.0,3.0,0,
1105,Jermaine Phillips,25,TAM,FS,9,9,1,0,0,0,4.0,0,0,0,0,0,1.0,46.0,34.0,12.0,4.0,0,
1106,Tim Rattay,27,SFO,QB,9,9,0,0,0,0,0.0,0,11,2,-8,0,0.0,0.0,0.0,0.0,0.0,0,
1107,Izell Reese,30,BUF,FS,9,9,1,33,0,33,1.0,0,0,0,0,0,0.0,36.0,18.0,18.0,0.0,0,
1108,Brian Urlacher,26,CHI,MLB,9,9,1,42,0,42,7.0,2,0,0,0,0,5.5,72.0,54.0,18.0,9.0,0,
1109,Tank Williams,24,TEN,SS,9,9,1,13,0,13,1.0,1,0,1,28,0,1.0,52.0,41.0,11.0,0.0,0,
1110,Grant Wistrom,28,SEA,RDE,9,9,0,0,0,0,4.0,1,0,1,0,0,3.5,38.0,27.0,11.0,6.0,0,
1111,Spencer Johnson,23,MIN,LDT,9,7,0,0,0,0,1.0,0,1,0,0,0,1.0,40.0,29.0,11.0,3.0,0,
1112,Eli Manning,23,NYG,QB,9,7,0,0,0,0,0.0,0,3,0,-9,0,0.0,,,,,0,
1113,Patrick Ramsey,25,WAS,QB,9,7,0,0,0,0,0.0,0,6,1,-5,0,0.0,0.0,0.0,0.0,0.0,0,
1114,Nate Wayne,29,PHI,LLB,9,7,0,0,0,0,1.0,2,0,0,0,0,1.0,30.0,23.0,7.0,1.0,0,
1115,Ashley Ambrose,34,NOR,LCB,9,6,3,19,0,19,9.0,1,0,1,40,0,0.0,26.0,23.0,3.0,0.0,0,
1116,Sedrick Hodge,26,NOR,LLB,9,6,0,0,0,0,2.0,0,0,0,0,0,0.0,25.0,18.0,7.0,1.0,0,
1117,Jimmy Kennedy,25,STL,RDT,9,5,0,0,0,0,0.0,0,0,0,0,0,0.0,19.0,14.0,5.0,6.0,0,
1118,Sam Williams,24,OAK,DE,9,4,0,0,0,0,3.0,0,0,0,0,0,0.0,27.0,22.0,5.0,1.0,0,
1119,Vonnie Holliday,29,KAN,DE,9,3,0,0,0,0,3.0,0,0,0,0,0,0.0,13.0,12.0,1.0,4.0,0,
1120,Joe Jefferson,24,IND,DB,9,3,1,0,0,0,3.0,2,0,0,0,0,0.0,32.0,27.0,5.0,0.0,0,
1121,David Martin,25,GNB,TE,9,3,0,0,0,0,0.0,0,0,0,0,0,0.0,3.0,3.0,0.0,0.0,0,
1122,Sam Cowart,29,NYJ,LB,9,2,0,0,0,0,0.0,1,0,0,0,0,0.0,26.0,21.0,5.0,2.0,0,
1123,Maurice Hicks,26,SFO,RB,9,2,0,0,0,0,0.0,0,3,2,0,0,0.0,6.0,5.0,1.0,0.0,0,
1124,Earthwind Moreland,27,NWE,DB,9,2,0,0,0,0,0.0,0,0,1,0,0,0.0,17.0,15.0,2.0,1.0,0,
1125,Artose Pinner,26,DET,RB,9,2,0,0,0,0,0.0,0,0,1,0,0,0.0,0.0,0.0,0.0,0.0,0,
1126,Deion Sanders,37,BAL,DB,9,2,3,87,1,48,5.0,0,0,0,0,0,0.0,8.0,7.0,1.0,0.0,0,
1127,James Lee,24,GNB,DT,9,1,0,0,0,0,0.0,0,0,0,0,0,1.0,9.0,7.0,2.0,0.0,0,
1128,Jamar Martin,24,MIA,FB,9,1,0,0,0,0,0.0,0,1,0,0,0,0.0,,,,,0,
1129,Nate Poole,27,ARI,WR,9,1,0,0,0,0,0.0,0,0,0,0,0,0.0,3.0,3.0,0.0,0.0,0,
1130,Rabih Abdullah,29,NWE,RB,9,0,0,0,0,0,0.0,0,0,0,0,0,0.0,7.0,6.0,1.0,0.0,0,
1131,Richard Alston,24,CLE,WR,9,0,0,0,0,0,0.0,0,2,0,0,0,0.0,2.0,1.0,1.0,0.0,0,
1132,Jason Bell,26,HOU,DB,9,0,0,0,0,0,0.0,0,0,0,0,0,0.0,3.0,3.0,0.0,0.0,0,
1133,Sam Brandon,25,DEN,DB,9,0,0,0,0,0,0.0,0,0,0,0,0,0.0,11.0,8.0,3.0,0.0,0,
1134,Khary Campbell,25,WAS,LB,9,0,0,0,0,0,0.0,0,0,0,0,0,0.0,13.0,12.0,1.0,0.0,0,
1135,Tyrone Carter,28,PIT,DB,9,0,0,0,0,0,0.0,0,0,0,0,0,0.0,12.0,10.0,2.0,1.0,0,
1136,Erik Flowers,26,STL,DE,9,0,0,0,0,0,0.0,0,1,0,0,0,1.0,13.0,10.0,3.0,1.0,0,
1137,Jason Gildon,32,JAX,LB,9,0,0,0,0,0,0.0,0,0,0,0,0,3.0,12.0,11.0,1.0,3.0,0,
1138,Roderick Green,22,BAL,LB,9,0,0,0,0,0,0.0,0,0,0,0,0,0.0,6.0,5.0,1.0,0.0,0,
1139,Jermaine Lewis,30,JAX,WR,9,0,0,0,0,0,0.0,0,1,1,0,0,0.0,0.0,0.0,0.0,0.0,0,
1140,Torrance Marshall,27,GNB,LB,9,0,0,0,0,0,0.0,0,0,1,0,0,0.0,11.0,10.0,1.0,0.0,0,
1141,Zeke Moreno,26,SDG,LB,9,0,0,0,0,0,0.0,0,0,0,0,0,0.0,12.0,9.0,3.0,0.0,0,
1142,Kenny Peterson,26,GNB,DE,9,0,0,0,0,0,0.0,0,0,0,0,0,0.0,11.0,9.0,2.0,2.0,0,
1143,Jerrell Pippens,24,2TM,DB,9,0,0,0,0,0,0.0,0,0,1,0,0,0.0,4.0,4.0,0.0,0.0,0,
1143,Jerrell Pippens,24,SDG,DB,7,0,0,0,0,0,0.0,0,0,1,0,0,0.0,3.0,3.0,0.0,0.0,0,
1143,Jerrell Pippens,24,CHI,DB,2,0,0,0,0,0,0.0,0,0,0,0,0,0.0,1.0,1.0,0.0,0.0,0,
1144,Derek Ross,24,MIN,DB,9,0,0,0,0,0,1.0,0,0,0,0,0,0.0,13.0,13.0,0.0,0.0,0,
1145,Brad Scioli,28,IND,DE,9,0,0,0,0,0,0.0,1,0,0,0,0,2.0,12.0,7.0,5.0,2.0,0,
1146,Jonathan Smith,23,BUF,WR,9,0,0,0,0,0,0.0,0,0,0,0,0,0.0,2.0,1.0,1.0,0.0,0,
1147,Musa Smith,22,BAL,RB,9,0,0,0,0,0,0.0,0,0,0,0,0,0.0,11.0,11.0,0.0,0.0,0,
1148,Larry Stevens,22,CIN,LB,9,0,0,0,0,0,0.0,0,0,1,0,0,0.0,13.0,6.0,7.0,0.0,0,
1149,Shawn Barber,29,KAN,RLB,8,8,1,10,0,10,3.0,1,0,0,0,0,1.0,34.0,29.0,5.0,4.0,0,
1150,Priest Holmes,31,KAN,RB,8,8,0,0,0,0,0.0,0,4,0,0,0,0.0,,,,,0,
1151,Anthony McFarland,27,TAM,LDT,8,8,0,0,0,0,0.0,1,0,1,0,0,3.0,12.0,10.0,2.0,5.0,0,
1152,Steve McNair,31,TEN,QB,8,8,0,0,0,0,0.0,0,5,1,0,0,0.0,,,,,0,
1153,Derrick Rodgers,33,NOR,RLB,8,8,0,0,0,0,3.0,1,0,0,0,0,0.0,55.0,44.0,11.0,2.0,0,
1154,Junior Seau,35,MIA,LLB,8,8,0,0,0,0,1.0,0,0,1,0,0,1.0,57.0,31.0,26.0,5.0,0,
1155,Michael Strahan,33,NYG,LDE,8,8,0,0,0,0,0.0,1,0,3,0,0,4.0,35.0,25.0,10.0,5.0,0,
1156,John Wade,29,TAM,C,8,8,0,0,0,0,0.0,0,1,0,-2,0,0.0,0.0,0.0,0.0,0.0,0,
1157,Keith Washington,32,NYG,RDE,8,8,0,0,0,0,0.0,1,0,0,0,0,1.0,17.0,12.0,5.0,0.0,0,
1158,Ken Dorsey,23,SFO,QB,8,7,0,0,0,0,0.0,0,5,1,-3,0,0.0,0.0,0.0,0.0,0.0,0,
1159,Jay Fiedler,33,MIA,QB,8,7,0,0,0,0,0.0,0,9,1,0,0,0.0,0.0,0.0,0.0,0.0,0,
1160,Julius Jones,23,DAL,RB,8,7,0,0,0,0,0.0,0,3,0,0,0,0.0,,,,,0,
1161,Charles Tillman,23,CHI,LCB,8,7,0,0,0,0,5.0,1,0,1,4,0,0.0,45.0,37.0,8.0,3.0,0,
1162,Gibril Wilson,23,NYG,SS,8,7,3,39,0,39,5.0,1,0,0,0,0,3.0,56.0,49.0,7.0,4.0,0,
1163,Tom Nutten,33,STL,LG,8,6,0,0,0,0,,0,0,1,0,0,0.0,,,,,0,
1164,Blaine Saipaia,26,STL,RT,8,5,0,0,0,0,0.0,0,0,1,0,0,0.0,0.0,0.0,0.0,0.0,0,
1165,Travian Smith,29,OAK,LB,8,4,0,0,0,0,2.0,0,0,1,0,0,0.0,43.0,32.0,11.0,2.0,0,
1166,Curry Burns,23,NYG,DB,8,2,1,12,0,12,1.0,0,0,0,0,0,0.0,30.0,25.0,5.0,3.0,0,
1167,Marc Colombo,26,CHI,T,8,2,0,0,0,0,0.0,0,0,1,0,0,0.0,0.0,0.0,0.0,0.0,0,
1168,Chris Cooper,27,SFO,DT,8,2,0,0,0,0,0.0,0,0,0,0,0,1.0,15.0,11.0,4.0,3.0,0,
1169,Grant Irons,25,OAK,DE,8,2,0,0,0,0,1.0,0,0,0,0,0,1.0,12.0,10.0,2.0,3.0,0,
1170,Chuck Wiley,29,2TM,DE,8,2,0,0,0,0,0.0,0,0,0,0,0,0.5,7.0,3.0,4.0,0.0,0,
1170,Chuck Wiley,29,MIN,DE,5,2,0,0,0,0,0.0,0,0,0,0,0,0.0,3.0,2.0,1.0,0.0,0,
1170,Chuck Wiley,29,NYG,DE,3,0,0,0,0,0,0.0,0,0,0,0,0,0.5,4.0,1.0,3.0,0.0,0,
1171,Jarrod Baxter,25,HOU,FB,8,1,0,0,0,0,0.0,0,0,0,0,0,0.0,1.0,1.0,0.0,0.0,0,
1172,Leigh Bodden,23,CLE,DB,8,1,0,0,0,0,0.0,1,0,0,0,0,0.0,27.0,25.0,2.0,0.0,0,
1173,Teyo Johnson,23,OAK,TE,8,1,0,0,0,0,0.0,0,0,0,0,0,0.0,4.0,3.0,1.0,0.0,0,
1174,Shaun Smith,23,2TM,DT,8,2,0,0,0,0,0.0,0,0,0,0,0,0.0,11.0,8.0,3.0,0.0,0,
1174,Shaun Smith,23,NOR,DT,5,1,0,0,0,0,0.0,0,0,0,0,0,0.0,9.0,6.0,3.0,0.0,0,
1174,Shaun Smith,23,CIN,DT,3,1,0,0,0,0,0.0,0,0,0,0,0,0.0,2.0,2.0,0.0,0.0,0,
1175,Mike Adams,23,SFO,DB,8,0,1,0,0,0,1.0,0,0,1,0,0,0.0,9.0,5.0,4.0,0.0,0,
1176,Jason Baker,26,2TM,P,8,0,0,0,0,0,0.0,0,0,0,0,0,0.0,2.0,2.0,0.0,0.0,0,
1176,Jason Baker,26,IND,P,4,0,0,0,0,0,0.0,0,0,0,0,0,0.0,1.0,1.0,0.0,,0,
1176,Jason Baker,26,DEN,P,4,0,0,0,0,0,0.0,0,0,0,0,0,0.0,1.0,1.0,0.0,0.0,0,
1177,Brandon Bennett,31,CAR,RB,8,0,0,0,0,0,0.0,0,0,0,0,0,0.0,6.0,5.0,1.0,0.0,0,
1178,Jamall Broussard,23,CAR,WR,8,0,0,0,0,0,0.0,0,2,0,0,0,0.0,,,,,0,
1179,Oliver Celestin,23,NYJ,DB,8,0,0,0,0,0,0.0,1,0,1,0,0,0.0,10.0,10.0,0.0,0.0,0,
1180,Kendrick Clancy,26,PIT,DT,8,0,0,0,0,0,0.0,0,0,0,0,0,0.0,8.0,7.0,1.0,1.0,0,
1181,DeVone Claybrooks,27,DAL,DT,8,0,0,0,0,0,0.0,0,0,0,0,0,0.0,2.0,0.0,2.0,0.0,0,
1182,Jose Cortez,29,MIN,K,8,0,0,0,0,0,0.0,0,0,0,0,0,0.0,1.0,1.0,0.0,0.0,0,
1183,Luther Elliss,31,DEN,DT,8,0,0,0,0,0,0.0,0,0,0,0,0,2.0,7.0,6.0,1.0,3.0,0,
1184,Mike Furrey,27,STL,WR,8,0,0,0,0,0,0.0,0,0,0,0,0,0.0,4.0,3.0,1.0,0.0,0,
1185,Jamaal Green,24,PHI,DE,8,0,0,0,0,0,0.0,0,0,0,0,0,1.0,2.0,2.0,0.0,1.0,0,
1186,John Hall,30,WAS,K,8,0,0,0,0,0,0.0,0,0,0,0,0,0.0,3.0,2.0,1.0,0.0,0,
1187,Kevin Kasper,27,NWE,WR,8,0,0,0,0,0,0.0,0,0,0,0,0,0.0,4.0,3.0,1.0,0.0,0,
1188,Jody Littleton,30,DET,LB,8,0,0,0,0,0,0.0,0,0,0,0,0,0.0,1.0,0.0,1.0,0.0,0,
1189,Don Muhlbach,23,DET,LS,8,0,0,0,0,0,0.0,0,0,0,0,0,0.0,1.0,1.0,0.0,0.0,0,
1190,Elton Patterson,23,2TM,DE,8,0,0,0,0,0,0.0,0,0,1,0,0,1.0,8.0,4.0,4.0,1.0,0,
1190,Elton Patterson,23,CIN,DE,2,0,0,0,0,0,0.0,0,0,0,0,0,0.0,1.0,1.0,0.0,0.0,0,
1190,Elton Patterson,23,JAX,DE,6,0,0,0,0,0,0.0,0,0,1,0,0,1.0,7.0,3.0,4.0,1.0,0,
1191,Brad Pyatt,24,IND,WR,8,0,0,0,0,0,0.0,0,0,0,0,0,0.0,1.0,1.0,0.0,0.0,0,
1192,Kendrick Starling,25,HOU,WR,8,0,0,0,0,0,0.0,0,0,0,0,0,0.0,4.0,4.0,0.0,0.0,0,
1193,Dedric Ward,30,DAL,WR,8,0,0,0,0,0,0.0,0,1,1,0,0,0.0,0.0,0.0,0.0,0.0,0,
1194,Willie Whitehead,31,NOR,DE,8,0,0,0,0,0,0.0,0,0,0,0,0,0.0,10.0,6.0,4.0,1.0,0,
1195,Chad Brown,34,SEA,RLB,7,7,0,0,0,0,0.0,1,0,1,15,0,1.0,37.0,26.0,11.0,2.0,0,
1196,Ty Law,30,NWE,LCB,7,7,1,0,0,0,3.0,0,0,0,0,0,0.0,28.0,23.0,5.0,0.0,0,
1197,Chad Scott,30,PIT,LCB,7,7,1,23,0,23,7.0,0,0,0,0,0,0.0,29.0,27.0,2.0,1.0,0,
1198,Anthony Simmons,28,SEA,LLB,7,7,1,23,1,23,3.0,1,0,0,0,0,0.0,42.0,30.0,12.0,4.0,0,
1199,Ryan Tucker,29,CLE,RT,7,7,0,0,0,0,0.0,0,0,1,0,0,0.0,0.0,0.0,0.0,0.0,0,
1200,Troy Vincent,34,BUF,FS,7,7,1,8,0,8,3.0,0,0,1,0,0,1.0,27.0,18.0,9.0,1.0,0,
1201,Rocky Boiman,24,TEN,LLB,7,6,0,0,0,0,1.0,0,0,0,0,0,0.0,19.0,8.0,11.0,1.0,0,
1202,Andre Carter,25,SFO,RDE,7,6,0,0,0,0,1.0,1,0,0,0,0,2.0,10.0,8.0,2.0,3.0,0,
1203,Rogers Beckett,27,CIN,SS,7,5,0,0,0,0,1.0,0,0,0,0,0,0.0,19.0,14.0,5.0,1.0,0,
1204,Johnathan Sullivan,23,NOR,DT,7,4,0,0,0,0,0.0,0,0,0,0,0,0.5,15.0,11.0,4.0,0.0,0,
1205,Quincy Carter,27,NYJ,QB,7,3,0,0,0,0,0.0,0,2,0,0,0,0.0,,,,,0,
1206,Charles Lee,27,TAM,WR,7,3,0,0,0,0,0.0,0,1,0,0,0,0.0,0.0,0.0,0.0,0.0,0,
1207,Raonall Smith,26,MIN,LB,7,3,1,19,0,19,2.0,0,0,0,0,0,0.0,27.0,22.0,5.0,1.0,0,
1208,Andrew Williams,25,SFO,DE,7,3,0,0,0,0,1.0,0,0,0,0,0,0.0,11.0,9.0,2.0,1.0,0,
1209,Richard Owens,24,MIN,TE,7,2,0,0,0,0,0.0,0,0,0,0,0,0.0,2.0,2.0,0.0,0.0,0,
1210,Bill Schroeder,33,TAM,WR,7,2,0,0,0,0,0.0,0,2,1,0,0,0.0,0.0,0.0,0.0,0.0,0,
1211,Alex Bannister,25,SEA,WR,7,1,0,0,0,0,0.0,0,0,0,0,0,0.0,6.0,6.0,0.0,0.0,0,
1212,Drew Henson,24,DAL,QB,7,1,0,0,0,0,0.0,0,1,0,0,0,0.0,,,,,0,
1213,Rayshun Reed,23,SFO,DB,7,1,0,0,0,0,0.0,1,0,0,0,0,0.0,7.0,7.0,0.0,0.0,0,
1214,Jerheme Urban,24,SEA,WR,7,1,0,0,0,0,0.0,0,1,0,0,0,0.0,2.0,1.0,1.0,0.0,0,
1215,Lenny Walls,25,DEN,DB,7,1,0,0,0,0,2.0,0,0,0,0,0,0.0,23.0,22.0,1.0,2.0,0,
1216,Tony Bua,24,MIA,LB,7,0,0,0,0,0,0.0,0,0,0,0,0,0.0,1.0,1.0,0.0,0.0,0,
1217,Greg Comella,29,TAM,FB,7,0,0,0,0,0,0.0,0,0,0,0,0,0.0,2.0,2.0,0.0,0.0,0,
1218,Aaron Elling,26,MIN,K,7,0,0,0,0,0,0.0,0,0,0,0,0,0.0,4.0,4.0,0.0,,0,
1219,Brock Forsey,24,MIA,RB,7,0,0,0,0,0,0.0,0,1,0,0,0,0.0,1.0,1.0,0.0,0.0,0,
1220,Tony Hollings,23,HOU,RB,7,0,0,0,0,0,0.0,0,0,1,0,0,0.0,2.0,2.0,0.0,0.0,0,
1221,Alonzo Jackson,24,PIT,LB,7,0,0,0,0,0,0.0,0,0,0,0,0,0.0,8.0,5.0,3.0,0.0,0,
1222,Corey Jenkins,28,2TM,LB,7,0,0,0,0,0,1.0,0,0,0,0,0,0.0,4.0,3.0,1.0,0.0,0,
1222,Corey Jenkins,28,CHI,LB,4,0,0,0,0,0,0.0,0,0,0,0,0,0.0,2.0,1.0,1.0,0.0,0,
1222,Corey Jenkins,28,MIA,LB,3,0,0,0,0,0,1.0,0,0,0,0,0,0.0,2.0,2.0,0.0,0.0,0,
1223,Justin Lucas,28,STL,DB,7,0,0,0,0,0,0.0,0,0,0,0,0,0.0,8.0,5.0,3.0,0.0,0,
1224,Alfonso Marshall,23,CHI,DB,7,0,0,0,0,0,0.0,0,0,0,0,0,0.0,7.0,4.0,3.0,0.0,0,
1225,Richard Seigler,24,SFO,LB,7,0,0,0,0,0,0.0,0,0,0,0,0,0.0,7.0,3.0,4.0,0.0,0,
1226,Jeff Shoate,23,DEN,DB,7,0,0,0,0,0,0.0,0,0,0,0,0,0.0,3.0,2.0,1.0,0.0,0,
1227,Cody Spencer,23,TEN,LB,7,0,0,0,0,0,0.0,0,0,1,0,0,0.0,10.0,9.0,1.0,0.0,0,
1228,Thomas Tapeh,24,PHI,FB,7,0,0,0,0,0,0.0,0,0,0,0,0,0.0,3.0,3.0,0.0,0.0,0,
1229,Keyon Whiteside,24,IND,LB,7,0,0,0,0,0,0.0,0,0,0,0,0,0.0,2.0,2.0,0.0,0.0,0,
1230,Matt Wilhelm,23,SDG,LB,7,0,1,0,0,0,2.0,0,0,0,0,0,0.0,13.0,10.0,3.0,0.0,0,
1231,Reche Caldwell,25,SDG,WR,6,6,0,0,0,0,0.0,0,1,0,0,0,0.0,,,,,0,
1232,Casey Hampton,27,PIT,NT,6,6,0,0,0,0,0.0,0,0,0,0,0,0.0,15.0,8.0,7.0,2.0,0,
1233,Ahmed Plummer,28,SFO,LCB,6,6,0,0,0,0,7.0,0,0,0,0,0,0.0,22.0,15.0,7.0,0.0,0,
1234,Tony Williams,29,CIN,RDT,6,6,0,0,0,0,0.0,0,0,0,0,0,0.0,16.0,10.0,6.0,1.0,0,
1235,Craig Krenzel,23,CHI,QB,6,5,0,0,0,0,0.0,0,8,1,-11,0,0.0,0.0,0.0,0.0,0.0,0,
1236,Quincy Morgan,27,CLE,WR,6,5,0,0,0,0,0.0,0,1,0,0,0,0.0,,,,,0,
1237,Quentin Griffin,23,DEN,RB,6,4,0,0,0,0,0.0,0,3,0,0,0,0.0,,,,,0,
1238,Bob Sanders,23,IND,DB,6,4,0,0,0,0,1.0,0,0,2,37,1,0.0,36.0,31.0,5.0,0.0,0,
1239,Leonard Henry,26,MIA,RB,6,2,0,0,0,0,0.0,0,1,0,0,0,0.0,,,,,0,
1240,Dan Klecko,23,NWE,DT,6,2,0,0,0,0,0.0,0,1,0,0,0,0.0,4.0,3.0,1.0,0.0,0,
1241,Casey Cramer,22,CAR,RB-TE,6,1,0,0,0,0,0.0,0,0,0,0,0,0.0,1.0,1.0,0.0,0.0,0,
1242,Larry Croom,23,ARI,RB,6,1,0,0,0,0,0.0,0,2,1,0,0,0.0,0.0,0.0,0.0,0.0,0,
1243,Chad Eaton,32,DAL,DT,6,1,0,0,0,0,0.0,0,0,0,0,0,0.0,14.0,9.0,5.0,0.0,0,
1244,Dexter Jackson,27,TAM,DB,6,1,0,0,0,0,0.0,1,0,0,0,0,0.0,20.0,18.0,2.0,1.0,0,
1245,Sean Ryan,24,DAL,TE,6,1,0,0,0,0,0.0,0,0,1,1,0,0.0,0.0,0.0,0.0,0.0,0,
1246,Matt Schaub,23,ATL,QB,6,1,0,0,0,0,0.0,0,1,0,0,0,0.0,,,,,0,
1247,Travares Tillman,27,CAR,DB,6,1,0,0,0,0,0.0,0,0,0,0,0,0.0,6.0,5.0,1.0,0.0,0,
1248,Scottie Vines,25,DET,WR,6,1,0,0,0,0,0.0,0,0,0,0,0,0.0,3.0,1.0,2.0,0.0,0,
1249,Jordan Babineaux,22,SEA,DB,6,0,0,0,0,0,0.0,0,0,0,0,0,0.0,8.0,7.0,1.0,0.0,0,
1250,Dave Ball,23,SDG,DE,6,0,0,0,0,0,2.0,0,0,0,0,0,0.0,3.0,2.0,1.0,1.0,0,
1251,Jon Bradley,23,TAM,DT,6,0,0,0,0,0,0.0,0,0,0,0,0,1.0,11.0,10.0,1.0,0.0,0,
1252,Chris Clemons,23,WAS,DE,6,0,0,0,0,0,1.0,1,0,0,0,0,3.0,7.0,7.0,0.0,2.0,0,
1253,Aubrayo Franklin,24,BAL,DT,6,0,0,0,0,0,0.0,0,0,0,0,0,0.0,2.0,2.0,0.0,0.0,0,
1254,Amon Gordon,23,CLE,DT,6,0,0,0,0,0,0.0,0,0,0,0,0,0.0,7.0,5.0,2.0,0.0,0,
1255,Louis Green,25,DEN,LB,6,0,0,0,0,0,0.0,0,0,0,0,0,0.0,5.0,5.0,0.0,0.0,0,
1256,Damian Gregory,27,TAM,DT,6,0,0,0,0,0,0.0,0,0,0,0,0,0.0,3.0,3.0,0.0,1.0,0,
1257,Donnie Jones,24,SEA,P,6,0,0,0,0,0,0.0,0,0,0,0,0,0.0,1.0,1.0,0.0,0.0,0,
1258,Vonta Leach,23,GNB,RB,6,0,0,0,0,0,0.0,0,0,0,0,0,0.0,3.0,2.0,1.0,0.0,0,
1259,Chad Morton,27,WAS,RB,6,0,0,0,0,0,0.0,0,0,1,0,0,0.0,0.0,0.0,0.0,0.0,0,
1260,Shurron Pierson,22,CHI,DE,6,0,0,0,0,0,0.0,0,0,0,0,0,0.0,4.0,1.0,3.0,0.0,0,
1261,Josh Savage,24,TAM,DE,6,0,0,0,0,0,0.0,0,0,0,0,0,0.0,1.0,0.0,1.0,0.0,0,
1262,Rich Scanlon,24,KAN,LB,6,0,0,0,0,0,0.0,0,0,0,0,0,0.0,3.0,2.0,1.0,0.0,0,
1263,Drew Wahlroos,24,STL,LB,6,0,0,0,0,0,0.0,0,0,0,0,0,0.0,5.0,5.0,0.0,0.0,0,
1264,Rashad Washington,24,NYJ,DB,6,0,0,0,0,0,0.0,0,0,0,0,0,0.0,7.0,7.0,0.0,0.0,0,
1265,Ray Wells,24,SFO,LB,6,0,0,0,0,0,0.0,0,0,0,0,0,0.0,2.0,0.0,2.0,0.0,0,
1266,Jamel White,27,BAL,RB,6,0,0,0,0,0,0.0,0,0,0,0,0,0.0,4.0,4.0,0.0,0.0,0,
1267,James Whitley,25,GNB,DB,6,0,0,0,0,0,0.0,0,0,0,0,0,0.0,6.0,6.0,0.0,0.0,0,
1268,Quintin Williams,22,MIA,DB,6,0,0,0,0,0,0.0,0,0,0,0,0,0.0,4.0,3.0,1.0,0.0,0,
1269,Ellis Wyms,25,TAM,DE,6,0,0,0,0,0,1.0,0,0,0,0,0,0.0,11.0,7.0,4.0,1.0,0,
1270,Matt Bowen,28,WAS,SS,5,5,0,0,0,0,0.0,1,0,0,0,0,2.0,23.0,19.0,4.0,1.0,0,
1271,Phillip Daniels,31,WAS,RDE,5,5,0,0,0,0,0.0,0,0,1,0,0,1.0,4.0,4.0,0.0,1.0,0,
1272,Chad Hutchinson,27,CHI,QB,5,5,0,0,0,0,0.0,0,8,2,-11,0,0.0,0.0,0.0,0.0,0.0,0,
1273,Julian Peterson,26,SFO,LLB,5,5,0,0,0,0,2.0,2,1,0,0,0,2.5,27.0,24.0,3.0,6.0,0,
1274,Brandon Whiting,28,SFO,RDE,5,5,0,0,0,0,0.0,0,0,0,0,0,0.0,11.0,8.0,3.0,0.0,0,
1275,Luke McCown,23,CLE,QB,5,4,0,0,0,0,0.0,0,2,1,-12,0,0.0,0.0,0.0,0.0,0.0,0,
1276,Tyrone Poole,32,NWE,DB,5,4,1,21,0,21,3.0,1,1,0,0,0,0.0,14.0,13.0,1.0,0.0,0,
1277,Jonathan Quinn,29,CHI,QB,5,3,0,0,0,0,0.0,0,2,0,0,0,0.0,,,,,0,
1278,Kenderick Allen,26,NYG,DT,5,2,0,0,0,0,0.0,0,0,0,0,0,1.0,20.0,17.0,3.0,2.0,0,
1279,Steve Bush,30,SFO,TE,5,2,0,0,0,0,0.0,0,0,0,0,0,0.0,1.0,0.0,1.0,0.0,0,
1280,Chris Chandler,39,STL,QB,5,2,0,0,0,0,0.0,0,1,0,0,0,0.0,,,,,0,
1281,Trent Dilfer,32,SEA,QB,5,2,0,0,0,0,0.0,0,1,0,0,0,0.0,,,,,0,
1282,Lennie Friedman,28,WAS,G,5,2,0,0,0,0,0.0,0,1,1,-11,0,0.0,0.0,0.0,0.0,0.0,0,
1283,Chris Hetherington,32,OAK,FB,5,2,0,0,0,0,0.0,0,1,0,0,0,0.0,2.0,1.0,1.0,0.0,0,
1284,Bo Schobel,23,TEN,DE,5,2,0,0,0,0,0.0,0,0,0,0,0,0.0,15.0,14.0,1.0,0.0,0,
1285,Chris Simms,24,TAM,QB,5,2,0,0,0,0,0.0,0,3,1,0,0,0.0,,,,,0,
1286,Tony Beckham,26,TEN,DB,5,1,0,0,0,0,2.0,0,0,0,0,0,0.0,5.0,5.0,0.0,0.0,0,
1287,Willie Blade,25,JAX,DT,5,1,0,0,0,0,0.0,0,0,0,0,0,0.0,2.0,1.0,1.0,1.0,0,
1288,Antonio Bryant,23,DAL,WR,5,1,0,0,0,0,0.0,0,1,0,0,0,0.0,,,,,0,
1289,Jasen Isom,27,SFO,FB,5,1,0,0,0,0,0.0,0,0,0,0,0,0.0,1.0,1.0,0.0,0.0,0,
1290,Otis Leverette,26,SFO,DE,5,1,0,0,0,0,0.0,0,0,0,0,0,1.0,7.0,7.0,0.0,3.0,0,
1291,Jason Peters,22,BUF,T,5,1,0,0,0,0,0.0,0,0,1,0,0,0.0,4.0,2.0,2.0,0.0,0,
1292,Derrick Strait,24,NYJ,DB,5,1,0,0,0,0,1.0,0,0,0,0,0,0.0,7.0,4.0,3.0,0.0,0,
1293,David Allen,26,JAX,RB,5,0,0,0,0,0,0.0,0,2,0,0,0,0.0,,,,,0,
1294,Matthias Askew,22,CIN,DT,5,0,0,0,0,0,0.0,0,0,0,0,0,0.0,2.0,0.0,2.0,0.0,0,
1295,Dee Brown,26,CLE,RB,5,0,0,0,0,0,0.0,0,0,0,0,0,0.0,6.0,2.0,4.0,0.0,0,
1296,Robb Butler,23,SDG,DB,5,0,0,0,0,0,0.0,0,0,0,0,0,0.0,7.0,3.0,4.0,0.0,0,
1297,Jeremy Cain,24,CHI,LB,5,0,0,0,0,0,0.0,0,0,0,0,0,0.0,2.0,0.0,2.0,0.0,0,
1298,Matt Chatham,27,NWE,LB,5,0,0,0,0,0,0.0,0,0,0,0,0,0.0,2.0,2.0,0.0,0.0,0,
1299,Sherrod Coates,26,CLE,LB,5,0,0,0,0,0,0.0,0,0,0,0,0,0.0,2.0,1.0,1.0,0.0,0,
1300,Carlos Francis,23,OAK,WR,5,0,0,0,0,0,0.0,0,1,0,0,0,0.0,,,,,0,
1301,Deveron Harper,27,NOR,DB,5,0,0,0,0,0,1.0,0,0,1,0,0,0.0,4.0,4.0,0.0,0.0,0,
1302,Rushen Jones,24,MIN,DB,5,0,0,0,0,0,0.0,0,0,0,0,0,0.0,1.0,1.0,0.0,0.0,0,
1303,Justin Kurpeikis,27,NWE,LB,5,0,0,0,0,0,0.0,0,0,0,0,0,0.0,3.0,1.0,2.0,0.0,0,
1304,Mario Monds,28,MIA,DT,5,0,0,0,0,0,0.0,0,0,0,0,0,0.0,5.0,3.0,2.0,1.0,0,
1305,Craig Nall,25,GNB,QB,5,0,0,0,0,0,0.0,0,1,0,0,0,0.0,,,,,0,
1306,Derek Pagel,25,NYJ,DB,5,0,0,0,0,0,0.0,0,0,0,0,0,0.0,3.0,3.0,0.0,0.0,0,
1307,Cecil Sapp,26,DEN,RB,5,0,0,0,0,0,0.0,0,0,0,0,0,0.0,2.0,1.0,1.0,0.0,0,
1308,Josh Shaw,25,MIA,DT,5,0,0,0,0,0,0.0,0,0,0,0,0,0.0,4.0,3.0,1.0,0.0,0,
1309,Derrick Ward,24,NYG,RB,5,0,0,0,0,0,0.0,0,1,0,0,0,0.0,8.0,8.0,0.0,0.0,0,
1310,Kevin Ware,24,SFO,TE,5,0,0,0,0,0,0.0,0,0,1,0,0,0.0,,,,,0,
1311,Kris Jenkins,25,CAR,DT,4,4,0,0,0,0,0.0,0,0,0,0,0,1.0,11.0,8.0,3.0,1.0,0,
1312,Brad Johnson,36,TAM,QB,4,4,0,0,0,0,0.0,0,2,0,0,0,0.0,,,,,0,
1313,Donald Strickland,24,IND,DB,4,4,0,0,0,0,0.0,0,0,0,0,0,0.0,20.0,15.0,5.0,0.0,0,
1314,Rocky Calmus,25,TEN,LB,4,3,0,0,0,0,0.0,0,0,1,0,0,0.0,15.0,12.0,3.0,2.0,0,
1315,Jon Kitna,32,CIN,QB,4,3,0,0,0,0,0.0,0,2,1,-1,0,0.0,0.0,0.0,0.0,0.0,0,
1316,Andre Lott,25,WAS,DB,4,3,0,0,0,0,1.0,0,0,0,0,0,0.0,11.0,10.0,1.0,0.0,0,
1317,Tommy Maddox,33,PIT,QB,4,3,0,0,0,0,0.0,0,3,0,0,0,0.0,,,,,0,
1318,George Wrighster,23,JAX,TE,4,3,0,0,0,0,0.0,0,1,0,0,0,0.0,,,,,0,
1319,LaVar Arrington,26,WAS,LB,4,2,0,0,0,0,2.0,0,0,0,0,0,1.0,15.0,11.0,4.0,1.0,0,
1320,Jamie Duncan,29,ATL,LB,4,2,0,0,0,0,1.0,0,0,0,0,0,0.0,8.0,8.0,0.0,0.0,0,
1321,Kelly Holcomb,31,CLE,QB,4,2,0,0,0,0,0.0,0,1,2,-5,0,0.0,0.0,0.0,0.0,0.0,0,
1322,Damane Duckett,23,NYG,DT,4,1,0,0,0,0,0.0,0,0,0,0,0,1.0,5.0,2.0,3.0,2.0,0,
1323,Adam Haayer,27,MIN,T,4,1,0,0,0,0,0.0,0,0,1,0,0,0.0,0.0,0.0,0.0,0.0,0,
1324,Charlie Adams,25,DEN,WR,4,0,0,0,0,0,0.0,0,0,0,0,0,0.0,3.0,3.0,0.0,0.0,0,
1325,Rashad Bauman,25,CIN,DB,4,0,0,0,0,0,0.0,0,0,0,0,0,0.0,5.0,4.0,1.0,1.0,0,
1326,Adimchinobe Echemandu,24,CLE,RB,4,0,0,0,0,0,0.0,0,1,0,0,0,0.0,,,,,0,
1327,Dwan Edwards,23,BAL,DT,4,0,0,0,0,0,0.0,0,0,0,0,0,0.0,1.0,1.0,0.0,0.0,0,
1328,Paul Grasmanis,30,PHI,DT,4,0,0,0,0,0,0.0,0,0,0,0,0,0.0,10.0,10.0,0.0,3.0,0,
1329,William Hampton,29,CAR,DB,4,0,0,0,0,0,0.0,0,0,0,0,0,0.0,2.0,2.0,0.0,0.0,0,
1330,James Jackson,28,CLE,RB,4,0,0,0,0,0,0.0,0,1,0,0,0,0.0,,,,,0,
1331,Leon Joe,23,ARI,LB,4,0,0,0,0,0,0.0,0,0,0,0,0,0.0,1.0,1.0,0.0,0.0,0,
1332,Omari Jordan,26,CAR,DT,4,0,0,0,0,0,0.0,0,0,0,0,0,1.0,3.0,1.0,2.0,1.0,0,
1333,Steve Josue,24,GNB,LB,4,0,0,0,0,0,0.0,0,0,0,0,0,0.0,7.0,6.0,1.0,0.0,0,
1334,Jordan Kramer,25,TEN,LB,4,0,0,0,0,0,0.0,0,0,1,0,0,0.0,2.0,1.0,1.0,0.0,0,
1335,Kwamie Lassiter,35,STL,DB,4,0,0,0,0,0,0.0,0,0,0,0,0,0.0,9.0,8.0,1.0,0.0,0,
1336,J.P. Losman,23,BUF,QB,4,0,0,0,0,0,0.0,0,1,0,0,0,0.0,0.0,0.0,0.0,0.0,0,
1337,Wesly Mallard,26,NYG,LB,4,0,0,0,0,0,0.0,0,0,0,0,0,0.0,4.0,4.0,0.0,0.0,0,
1338,Adrian Mayes,24,ARI,DB,4,0,0,0,0,0,0.0,0,0,0,0,0,0.0,1.0,1.0,0.0,0.0,0,
1339,Rhett Nelson,24,MIN,DB,4,0,0,0,0,0,0.0,0,0,0,0,0,0.0,2.0,2.0,0.0,0.0,0,
1340,Shantee Orr,23,HOU,LB,4,0,0,0,0,0,0.0,0,0,1,3,0,0.0,2.0,2.0,0.0,0.0,0,
1341,Curtis Randall,25,SEA,LB,4,0,0,0,0,0,0.0,0,0,0,0,0,0.0,3.0,1.0,2.0,0.0,0,
1342,Ian Smart,24,TAM,RB,4,0,0,0,0,0,0.0,0,0,0,0,0,0.0,3.0,3.0,0.0,0.0,0,
1343,Corey Smith,25,TAM,DE,4,0,0,0,0,0,0.0,0,0,0,0,0,0.0,2.0,2.0,0.0,0.0,0,
1344,Jim Sorgi,24,IND,QB,4,0,0,0,0,0,0.0,0,1,1,-5,0,0.0,0.0,0.0,0.0,0.0,0,
1345,Craig Terrill,24,SEA,DT,4,0,0,0,0,0,0.0,0,0,0,0,0,0.0,4.0,1.0,3.0,0.0,0,
1346,Rod Trafford,26,BUF,TE,4,0,0,0,0,0,0.0,0,0,1,0,0,0.0,1.0,0.0,1.0,0.0,0,
1347,Shaud Williams,24,BUF,RB,4,0,0,0,0,0,0.0,0,1,2,0,0,0.0,0.0,0.0,0.0,0.0,0,
1348,Lionel Barnes,28,JAX,DE,3,3,0,0,0,0,0.0,0,0,0,0,0,1.0,6.0,5.0,1.0,2.0,0,
1349,Rich Gannon,39,OAK,QB,3,3,0,0,0,0,0.0,0,3,1,0,0,0.0,0.0,0.0,0.0,0.0,0,
1350,Rex Grossman,24,CHI,QB,3,3,0,0,0,0,0.0,0,2,0,0,0,0.0,,,,,0,
1351,Pete Hunter,24,DAL,DB,3,3,1,2,0,2,1.0,0,0,0,0,0,1.0,7.0,6.0,1.0,0.0,0,
1352,Lance Schulters,29,TEN,DB,3,3,0,0,0,0,1.0,0,0,0,0,0,1.0,14.0,12.0,2.0,1.0,0,
1353,Nate Webster,27,CIN,LB,3,3,0,0,0,0,2.0,1,0,1,0,0,1.0,21.0,16.0,5.0,1.0,0,
1354,Lamar Gordon,24,MIA,RB,3,2,0,0,0,0,0.0,0,1,1,0,0,0.0,0.0,0.0,0.0,0.0,0,
1355,Shaun King,27,ARI,QB,3,2,0,0,0,0,0.0,0,4,1,-3,0,0.0,0.0,0.0,0.0,0.0,0,
1356,Ben Taylor,26,CLE,LB,3,2,0,0,0,0,0.0,0,0,0,0,0,0.0,8.0,2.0,6.0,1.0,0,
1357,Tyrone Williams,31,DAL,DB,3,2,0,0,0,0,0.0,0,0,0,0,0,1.0,7.0,7.0,0.0,1.0,0,
1358,Ryan Boschetti,23,WAS,DT,3,1,0,0,0,0,0.0,0,0,0,0,0,0.0,6.0,3.0,3.0,1.0,0,
1359,Colin Cole,24,GNB,DT,3,1,0,0,0,0,0.0,0,0,0,0,0,0.0,7.0,6.0,1.0,1.0,0,
1360,Sage Rosenfels,26,MIA,QB,3,1,0,0,0,0,0.0,0,2,0,0,0,0.0,,,,,0,
1361,Davern Williams,24,NYG,DT,3,1,0,0,0,0,0.0,0,0,0,0,0,0.5,7.0,3.0,4.0,1.0,0,
1362,Eric Alexander,22,NWE,LB,3,0,0,0,0,0,0.0,0,0,0,0,0,0.0,3.0,3.0,0.0,0.0,0,
1363,James Atkins,26,SFO,DT,3,0,0,0,0,0,0.0,0,0,0,0,0,0.0,1.0,1.0,0.0,0.0,0,
1364,Kendrell Bell,26,PIT,LB,3,0,0,0,0,0,0.0,0,0,0,0,0,0.0,8.0,6.0,2.0,2.0,0,
1365,Jeff Blake,34,PHI,QB,3,0,0,0,0,0,0.0,0,1,0,0,0,0.0,,,,,0,
1366,Antonio Brown,26,WAS,WR,3,0,0,0,0,0,0.0,0,1,0,0,0,0.0,,,,,0,
1367,Wendell Bryant,24,ARI,DT,3,0,0,0,0,0,0.0,0,0,0,0,0,0.0,1.0,1.0,0.0,0.0,0,
1368,Cedric Cobbs,23,NWE,RB,3,0,0,0,0,0,0.0,0,1,0,0,0,0.0,1.0,1.0,0.0,0.0,0,
1369,Devard Darling,22,BAL,WR,3,0,0,0,0,0,0.0,0,1,0,0,0,0.0,0.0,0.0,0.0,0.0,0,
1370,Eric Downing,26,SDG,DT,3,0,0,0,0,0,0.0,0,0,0,0,0,0.0,1.0,1.0,0.0,0.0,0,
1371,Junior Glymph,24,ATL,DE,3,0,0,0,0,0,0.0,0,0,0,0,0,1.0,5.0,5.0,0.0,1.0,0,
1372,Brandon Green,24,JAX,DE,3,0,0,0,0,0,0.0,0,0,0,0,0,0.0,3.0,2.0,1.0,1.0,0,
1373,Junior Ioane,27,HOU,DT,3,0,0,0,0,0,0.0,0,0,0,0,0,0.0,1.0,1.0,0.0,1.0,0,
1374,Alain Kashama,25,CHI,DE,3,0,0,0,0,0,0.0,0,0,0,0,0,0.0,1.0,0.0,1.0,0.0,0,
1375,Isaac Keys,26,ARI,LB,3,0,0,0,0,0,0.0,0,0,0,0,0,0.0,1.0,1.0,0.0,0.0,0,
1376,Mike Labinjo,24,PHI,LB,3,0,0,0,0,0,0.0,0,0,0,0,0,0.0,12.0,12.0,0.0,2.0,0,
1377,Mike Logan,30,PIT,DB,3,0,0,0,0,0,0.0,1,0,0,0,0,0.0,8.0,5.0,3.0,0.0,0,
1378,Shawn Mayer,25,NWE,DB,3,0,0,0,0,0,0.0,0,0,0,0,0,0.0,2.0,2.0,0.0,0.0,0,
1379,Ovie Mughelli,24,BAL,FB,3,0,0,0,0,0,0.0,0,0,0,0,0,0.0,1.0,1.0,0.0,0.0,0,
1380,Ben Nelson,25,MIN,WR,3,0,0,0,0,0,0.0,0,0,0,0,0,0.0,2.0,2.0,0.0,0.0,0,
1381,Tony Newson,25,STL,LB,3,0,0,0,0,0,0.0,0,0,0,0,0,0.0,1.0,1.0,0.0,0.0,0,
1382,Cleveland Pinkney,27,ATL,DT,3,0,0,0,0,0,0.0,0,0,0,0,0,0.0,5.0,5.0,0.0,1.0,0,
1383,Etric Pruitt,23,ATL,DB,3,0,0,0,0,0,0.0,0,0,0,0,0,0.0,2.0,2.0,0.0,0.0,0,
1384,Rod Smart,27,CAR,RB,3,0,0,0,0,0,0.0,0,1,0,0,0,0.0,3.0,2.0,1.0,0.0,0,
1385,Larry Smith,30,GNB,DT,3,0,0,0,0,0,0.0,0,0,0,0,0,0.0,4.0,3.0,1.0,0.0,0,
1386,Khaleed Vaughn,23,ATL,DE,3,0,0,0,0,0,0.0,0,0,0,0,0,0.0,3.0,3.0,0.0,1.0,0,
1387,Melvin Williams,25,SFO,DE,3,0,0,0,0,0,3.0,0,0,0,0,0,0.0,4.0,3.0,1.0,1.0,0,
1388,Tim Bowens,31,MIA,DT,2,2,0,0,0,0,0.0,0,0,0,0,0,0.0,3.0,2.0,1.0,0.0,0,
1389,Courtney Brown,26,CLE,DE,2,2,0,0,0,0,0.0,0,0,0,0,0,0.0,2.0,2.0,0.0,1.0,0,
1390,Mike Brown,26,CHI,DB,2,2,0,0,0,0,1.0,0,0,1,95,1,0.0,10.0,9.0,1.0,0.0,0,
1391,Larry Chester,29,MIA,DT,2,2,0,0,0,0,0.0,1,0,0,0,0,0.0,7.0,7.0,0.0,0.0,0,
1392,Mike Rumph,25,SFO,DB,2,2,0,0,0,0,0.0,0,0,0,0,0,0.0,5.0,4.0,1.0,0.0,0,
1393,Paul Spicer,29,JAX,DE,2,2,0,0,0,0,0.0,0,0,0,0,0,0.0,5.0,4.0,1.0,2.0,0,
1394,Shaun Williams,28,NYG,DB,2,2,0,0,0,0,2.0,1,0,0,0,0,0.0,12.0,12.0,0.0,0.0,0,
1395,Trevor Pryce,29,DEN,DE,2,1,0,0,0,0,0.0,0,0,0,0,0,0.0,2.0,1.0,1.0,0.0,0,
1396,Roderick Babers,24,DET,DB,2,0,0,0,0,0,0.0,0,0,0,0,0,0.0,1.0,0.0,1.0,0.0,0,
1397,Ronald Bellamy,23,MIA,WR,2,0,0,0,0,0,0.0,0,0,0,0,0,0.0,1.0,1.0,0.0,0.0,0,
1398,Lamont Brightful,25,MIA,DB,2,0,0,0,0,0,0.0,0,3,3,11,0,0.0,0.0,0.0,0.0,0.0,0,
1399,Lorenzo Bromell,29,NYG,DE,2,0,0,0,0,0,0.0,0,0,0,0,0,0.0,3.0,3.0,0.0,0.0,0,
1400,Scott Connot,23,KAN,DB,2,0,0,0,0,0,0.0,0,0,0,0,0,0.0,1.0,1.0,0.0,0.0,0,
1401,Ryan Fowler,22,DAL,LB,2,0,0,0,0,0,0.0,1,0,0,0,0,0.0,2.0,2.0,0.0,0.0,0,
1402,Darius Holland,31,DEN,DT,2,0,0,0,0,0,1.0,0,0,0,0,0,0.0,2.0,2.0,0.0,0.0,0,
1403,George Layne,26,SDG,RB,2,0,0,0,0,0,0.0,0,0,0,0,0,0.0,2.0,2.0,0.0,0.0,0,
1404,Rodney Leisle,23,NOR,DT,2,0,0,0,0,0,0.0,0,0,0,0,0,0.0,1.0,1.0,0.0,1.0,0,
1405,Anthony Maddox,26,JAX,DT,2,0,0,0,0,0,0.0,0,0,0,0,0,0.0,1.0,0.0,1.0,0.0,0,
1406,Terrance Martin,25,CIN,DE,2,0,0,0,0,0,0.0,0,0,0,0,0,0.0,1.0,1.0,0.0,0.0,0,
1407,Tod McBride,28,STL,DB,2,0,0,0,0,0,0.0,0,0,0,0,0,0.0,1.0,1.0,0.0,0.0,0,
1408,Terrence Melton,27,NOR,LB,2,0,0,0,0,0,0.0,0,0,0,0,0,0.0,1.0,1.0,0.0,0.0,0,
1409,Quincy Monk,25,HOU,LB,2,0,0,0,0,0,0.0,0,0,0,0,0,0.0,2.0,2.0,0.0,0.0,0,
1410,Christian Morton,23,ATL,DB,2,0,0,0,0,0,0.0,0,0,0,0,0,0.0,2.0,2.0,0.0,0.0,0,
1411,Keyon Nash,25,OAK,DB,2,0,0,0,0,0,0.0,0,0,0,0,0,0.0,1.0,1.0,0.0,0.0,0,
1412,John Owens,24,CHI,TE,2,0,0,0,0,0,0.0,0,0,0,0,0,0.0,1.0,1.0,0.0,0.0,0,
1413,Kendyll Pope,23,IND,LB,2,0,0,0,0,0,0.0,0,0,0,0,0,0.0,2.0,1.0,1.0,0.0,0,
1414,Philip Rivers,23,SDG,QB,2,0,0,0,0,0,0.0,0,1,1,0,0,0.0,,,,,0,
1415,Billy Strother,22,WAS,LB,2,0,0,0,0,0,0.0,0,0,0,0,0,0.0,1.0,1.0,0.0,0.0,0,
1416,Garnell Wilds,23,WAS,DB,2,0,0,0,0,0,0.0,0,0,0,0,0,0.0,7.0,7.0,0.0,0.0,0,
1417,Brock Williams,25,OAK,DB,2,0,0,0,0,0,0.0,0,0,0,0,0,0.0,6.0,5.0,1.0,0.0,0,
1418,Renaud Williams,23,MIA,LB,2,0,0,0,0,0,0.0,0,0,0,0,0,0.0,2.0,0.0,2.0,0.0,0,
1419,Ainsley Battles,26,PIT,DB,1,0,0,0,0,0,0.0,0,0,0,0,0,0.0,1.0,1.0,0.0,0.0,0,
1420,Matt Bryant,29,IND,K,1,0,0,0,0,0,0.0,0,0,0,0,0,0.0,1.0,1.0,0.0,0.0,0,
1421,Nick Eason,24,CLE,DT,1,0,0,0,0,0,0.0,0,0,0,0,0,0.0,2.0,1.0,1.0,0.0,0,
1422,Josh Evans,32,NYJ,DT,1,0,0,0,0,0,0.0,0,0,0,0,0,0.0,1.0,0.0,1.0,0.0,0,
1423,P.J. Fleck,24,SFO,WR,1,0,0,0,0,0,0.0,0,0,0,0,0,0.0,1.0,0.0,1.0,0.0,0,
1424,Ronald Flemons,25,MIA,DE,1,0,0,0,0,0,0.0,0,0,0,0,0,0.0,1.0,1.0,0.0,0.0,0,
1425,Ethan Kelley,24,NWE,DT,1,0,0,0,0,0,0.0,0,0,0,0,0,0.0,1.0,1.0,0.0,0.0,0,
1426,Jamie Martin,34,STL,QB,1,0,0,0,0,0,0.0,0,1,0,0,0,0.0,,,,,0,
1427,Jimmy McClain,24,JAX,LB,1,0,0,0,0,0,0.0,0,0,0,0,0,0.0,2.0,2.0,0.0,0.0,0,
1428,Mike McMahon,25,DET,QB,1,0,0,0,0,0,0.0,0,1,1,0,0,0.0,,,,,0,
1429,Cody Pickett,24,SFO,QB,1,0,0,0,0,0,0.0,0,1,0,0,0,0.0,,,,,0,
1430,Andrew Pinnock,24,SDG,FB,1,0,0,0,0,0,0.0,0,1,0,0,0,0.0,,,,,0,
1431,Carlos Polk,27,SDG,LB,1,0,0,0,0,0,0.0,0,0,0,0,0,0.0,1.0,1.0,0.0,0.0,0,
1432,Karon Riley,26,ATL,LB,1,0,0,0,0,0,0.0,0,0,0,0,0,0.0,1.0,1.0,0.0,0.0,0,
1433,Justin Sandy,22,TEN,DB,1,0,0,0,0,0,0.0,0,0,0,0,0,0.0,2.0,2.0,0.0,0.0,0,
1434,Jason Shivers,22,CHI,DB,1,0,0,0,0,0,0.0,0,0,0,0,0,0.0,1.0,1.0,0.0,0.0,0,
1435,Omar Stoutmire,30,NYG,DB,1,0,0,0,0,0,0.0,0,0,0,0,0,0.0,3.0,1.0,2.0,0.0,0,
1436,Jason Willis,23,SEA,WR,1,0,0,0,0,0,0.0,0,0,0,0,0,0.0,1.0,1.0,0.0,0.0,0,
1437,Max Yates,25,MIN,LB,1,0,0,0,0,0,0.0,0,0,0,0,0,0.0,2.0,1.0,1.0,0.0,0,
