Unnamed: 0_level_0,Unnamed: 1_level_0,Unnamed: 2_level_0,Unnamed: 3_level_0,Unnamed: 4_level_0,Unnamed: 5_level_0,Unnamed: 6_level_0,Def Interceptions,Def Interceptions,Def Interceptions,Def Interceptions,Def Interceptions,Fumbles,Fumbles,Fumbles,Fumbles,Fumbles,Unnamed: 17_level_0,Tackles,Tackles,Tackles,Tackles,Tackles,Unnamed: 23_level_0,Unnamed: 24_level_0
Rk,Player,Age,Team,Pos,G,GS,Int,Yds,IntTD,Lng,PD,FF,Fmb,FR,Yds,FRTD,Sk,Comb,Solo,Ast,TFL,QBHits,Sfty,Awards
1,Jamal Adams,22,NYJ,SS,16,16,0,0,0,0,6,1,0,2,0,0,2.0,83,63,20,9.0,2.0,0,
2,Mike Adams,36,CAR,SS,16,16,2,42,0,40,10,2,1,2,4,0,0.0,69,48,21,1.0,2.0,0,
3,Jahleel Addae,27,LAC,SS,16,16,0,0,0,0,7,0,0,0,0,0,0.5,96,66,30,9.0,1.0,0,
4,Mario Addison,30,CAR,RDE,16,16,0,0,0,0,1,2,0,0,0,0,11.0,44,27,17,10.0,15.0,0,
5,Robert Alford,29,ATL,LCB,16,16,1,0,0,0,20,0,0,0,0,0,0.0,68,60,8,0.0,0.0,0,
6,Kiko Alonso,27,MIA,LOLB,16,16,0,0,0,0,1,2,0,0,0,0,1.0,115,79,36,6.0,5.0,0,
7,C.J. Anderson,26,DEN,RB,16,16,0,0,0,0,0,0,1,0,0,0,0.0,0,0,0,,,0,
8,Anthony Barr,25,MIN,RLB,16,16,0,0,0,0,6,0,0,0,0,0,1.0,75,52,23,9.0,4.0,0,PB
9,Michael Bennett,32,SEA,LDE,16,16,0,0,0,0,1,0,0,0,0,0,8.5,40,25,15,14.0,24.0,0,PB
10,Russell Bodine,25,CIN,C,16,16,0,0,0,0,0,0,1,1,0,0,0.0,0,0,0,,,0,
11,Blake Bortles,25,JAX,QB,16,16,0,0,0,0,0,0,9,3,-6,0,0.0,0,0,0,0.0,0.0,0,
12,Joey Bosa,22,LAC,LDE,16,16,0,0,0,0,1,4,0,1,1,0,12.5,70,54,16,11.0,21.0,0,PB
13,A.J. Bouye,26,JAX,RCB,16,16,6,70,0,51,18,0,0,0,0,0,0.0,56,53,3,0.0,0.0,0,"PB,AP-2"
14,James Bradberry,24,CAR,LCB,16,16,2,3,0,3,10,1,0,0,0,0,1.0,85,66,19,2.0,1.0,0,
15,Tom Brady,40,NWE,QB,16,16,0,0,0,0,0,0,7,2,-24,0,0.0,0,0,0,0.0,0.0,0,"PB,AP-1,AP MVP-1,AP OPoY-3"
16,Drew Brees,38,NOR,QB,16,16,0,0,0,0,0,0,5,3,-12,0,0.0,0,0,0,0.0,0.0,0,PB
17,Justin Britt,26,SEA,C,16,16,0,0,0,0,0,0,1,1,0,0,0.0,0,0,0,0.0,0.0,0,
18,Preston Brown,25,BUF,MLB,16,16,0,0,0,0,3,0,0,0,0,0,0.0,144,84,60,7.0,2.0,0,
19,Dez Bryant,29,DAL,WR,16,16,0,0,0,0,0,0,1,0,0,0,0.0,0,0,0,0.0,0.0,0,
20,DeForest Buckner,23,SFO,RDT,16,16,0,0,0,0,5,1,0,0,0,0,3.0,61,45,16,5.0,22.0,0,
21,Artie Burns,22,PIT,RCB,16,16,1,0,0,0,13,0,0,2,0,0,0.0,54,47,7,2.0,1.0,0,
22,Kevin Byard,24,TEN,FS,16,16,8,130,0,33,16,0,0,2,6,0,0.0,87,62,25,3.0,3.0,0,"PB,AP-1"
23,Calais Campbell,31,JAX,RDE,16,16,0,0,0,0,3,3,0,1,10,1,14.5,67,47,20,14.0,30.0,0,"PB,AP-1,AP DPoY-2"
24,De'Vondre Campbell,24,ATL,RLB,16,16,0,0,0,0,4,1,0,0,0,0,2.0,92,61,31,3.0,6.0,0,
25,James Carpenter,28,NYJ,LG,16,16,0,0,0,0,0,0,0,2,0,0,0.0,0,0,0,0.0,0.0,0,
26,Brandon Carr,31,BAL,LCB,16,16,4,57,0,33,12,0,0,0,0,0,0.0,56,50,6,2.0,0.0,0,
27,T.J. Carrie,27,OAK,RCB,16,16,0,0,0,0,9,0,0,2,0,0,0.0,84,70,14,3.0,1.0,0,
28,Jurrell Casey,28,TEN,RDE,16,16,0,0,0,0,1,1,0,0,0,0,6.0,60,41,19,12.0,19.0,0,PB
29,Anthony Castonzo,29,IND,LT,16,16,0,0,0,0,0,0,0,1,0,0,0.0,0,0,0,0.0,0.0,0,
30,Barry Church,29,JAX,FS,16,16,4,51,1,51,8,0,0,0,0,0,1.5,74,58,16,2.0,3.0,0,
31,Ha Ha Clinton-Dix,25,GNB,FS,16,16,3,5,0,3,6,0,0,0,0,0,0.0,79,65,14,2.0,0.0,0,
32,Jadeveon Clowney,24,HOU,ROLB,16,16,0,0,0,0,2,2,0,2,75,1,9.5,59,41,18,21.0,21.0,0,PB
33,Maliek Collins,22,DAL,LDT,16,16,0,0,0,0,0,0,0,2,6,0,2.5,22,10,12,4.0,9.0,0,
34,Jared Cook,30,OAK,TE,16,16,0,0,0,0,0,0,1,0,0,0,0.0,0,0,0,0.0,0.0,0,
35,Kirk Cousins,29,WAS,QB,16,16,0,0,0,0,0,0,13,4,-52,0,0.0,0,0,0,0.0,0.0,0,
36,Isaiah Crowell,24,CLE,RB,16,16,0,0,0,0,0,0,1,1,0,0,0.0,0,0,0,0.0,0.0,0,
37,Vinny Curry,29,PHI,LDE,16,16,0,0,0,0,0,1,0,0,0,0,3.0,42,25,17,10.0,18.0,0,
38,Andy Dalton,30,CIN,QB,16,16,0,0,0,0,0,0,4,1,-4,0,0.0,0,0,0,0.0,0.0,0,
39,Demario Davis,28,NYJ,RILB,16,16,0,0,0,0,3,0,0,1,12,0,5.0,135,97,38,13.0,15.0,0,
40,Sean Davis,24,PIT,SS,16,16,3,76,0,41,8,1,0,0,0,0,1.0,92,71,21,7.0,2.0,0,
41,Vernon Davis,33,WAS,TE,16,16,0,0,0,0,0,0,2,0,0,0,0.0,0,0,0,0.0,0.0,0,
42,Tyeler Davison,25,NOR,RDT,16,16,0,0,0,0,1,2,0,0,0,0,0.0,31,22,9,3.0,2.0,0,
43,Carlos Dunlap,28,CIN,LDE,16,16,1,16,1,16,7,1,0,0,0,0,7.5,46,35,11,12.0,24.0,0,
44,Larry Fitzgerald,34,ARI,WR,16,16,0,0,0,0,0,0,1,0,0,0,0.0,0,0,0,,,0,PB
45,Joe Flacco,32,BAL,QB,16,16,0,0,0,0,0,0,6,4,-3,0,0.0,0,0,0,0.0,0.0,0,
46,Travis Frederick,26,DAL,C,16,16,0,0,0,0,0,1,2,1,7,0,0.0,0,0,0,0.0,0.0,0,PB
47,Kyle Fuller,25,CHI,RCB,16,16,2,0,0,0,22,0,0,0,0,0,0.0,69,61,8,2.0,0.0,0,AP CPoY-6
48,Max Garcia,26,DEN,LG,16,16,0,0,0,0,0,0,0,1,0,0,0.0,0,0,0,0.0,0.0,0,
49,Breno Giacomini,32,HOU,RT,16,16,0,0,0,0,0,0,0,1,0,0,0.0,0,0,0,0.0,0.0,0,
50,Tashaun Gipson,27,JAX,SS,16,16,4,83,0,67,7,0,0,1,0,0,0.0,64,53,11,4.0,0.0,0,
51,Melvin Gordon,24,LAC,RB,16,16,0,0,0,0,0,0,1,0,0,0,0.0,0,0,0,,,0,
52,Frank Gore,34,IND,RB,16,16,0,0,0,0,0,0,3,2,-8,0,0.0,0,0,0,0.0,0.0,0,
53,A.J. Green,29,CIN,WR,16,16,0,0,0,0,1,0,2,0,0,0,0.0,0,0,0,0.0,0.0,0,PB
54,Andre Hal,25,HOU,FS,16,16,3,10,0,7,5,2,0,0,0,0,0.0,71,47,24,3.0,1.0,0,
55,Damon Harrison,29,NYG,LDT,16,16,1,9,0,9,3,0,0,0,0,0,1.5,76,51,25,7.0,3.0,0,
56,Casey Hayward,28,LAC,LCB,16,16,4,7,0,7,22,1,0,2,11,0,0.0,40,33,7,2.0,0.0,0,"PB,AP-2"
57,Akiem Hicks,28,CHI,LDE,16,16,0,0,0,0,0,0,0,2,0,0,8.5,54,39,15,15.0,20.0,0,
58,Tyler Higbee,24,LAR,TE,16,16,0,0,0,0,0,0,0,0,0,0,0.0,2,2,0,0.0,0.0,0,
59,T.Y. Hilton,28,IND,WR,16,16,0,0,0,0,0,0,2,0,0,0,0.0,0,0,0,0.0,0.0,0,PB
60,Jordan Howard,23,CHI,RB,16,16,0,0,0,0,0,0,1,1,0,0,0.0,0,0,0,0.0,0.0,0,
61,Xavien Howard,24,MIA,RCB,16,16,4,71,1,30,13,0,0,0,0,0,1.0,48,42,6,3.0,1.0,0,
62,Rodney Hudson,28,OAK,C,16,16,0,0,0,0,0,0,1,1,-7,0,0.0,0,0,0,0.0,0.0,0,PB
63,Jerry Hughes,29,BUF,RDE,16,16,0,0,0,0,0,1,0,0,0,0,4.0,44,28,16,12.0,11.0,0,
64,Kareem Hunt,22,KAN,RB,16,16,0,0,0,0,0,0,1,0,0,0,0.0,0,0,0,0.0,0.0,0,"PB,AP ORoY-2"
65,Danielle Hunter,23,MIN,LDE,16,16,0,0,0,0,2,1,0,1,0,0,7.0,45,27,18,12.0,11.0,0,
66,Carlos Hyde,27,SFO,RB,16,16,0,0,0,0,0,0,2,1,0,0,0.0,0,0,0,0.0,0.0,0,
67,Micah Hyde,27,BUF,SS,16,16,5,64,0,37,13,0,0,0,0,0,0.0,82,65,17,2.0,0.0,0,"PB,AP-2"
68,George Iloka,27,CIN,FS,16,16,1,14,0,14,5,0,0,0,0,0,0.0,80,54,26,4.0,0.0,0,
69,Melvin Ingram,28,LAC,RDE,16,16,0,0,0,0,1,1,0,2,39,1,10.5,56,43,13,17.0,25.0,0,PB
70,Bruce Irvin,30,OAK,LLB,16,16,0,0,0,0,3,4,0,0,0,0,8.0,58,38,20,14.0,12.0,0,
71,Myles Jack,22,JAX,RLB,16,16,0,0,0,0,3,0,0,1,81,1,2.0,90,66,24,5.0,5.0,0,
72,Adoree' Jackson,22,TEN,LCB,16,16,0,0,0,0,17,3,1,0,0,0,0.0,70,61,9,1.0,0.0,0,
73,Eddie Jackson,24,CHI,FS,16,16,2,82,1,76,6,1,0,3,75,1,0.0,73,55,18,1.0,0.0,0,
74,Malik Jackson,27,JAX,RDT,16,16,0,0,0,0,3,4,0,0,0,0,8.0,40,31,9,10.0,11.0,0,PB
75,Grady Jarrett,24,ATL,RDT,16,16,0,0,0,0,0,0,0,0,0,0,4.0,55,34,21,15.0,13.0,0,
76,Tony Jefferson,25,BAL,SS,16,16,1,13,0,13,2,1,0,0,0,0,2.5,79,56,23,7.0,5.0,0,
77,Malcolm Jenkins,30,PHI,FS,16,16,2,0,0,0,8,1,1,1,0,0,1.0,76,63,13,5.0,2.0,0,PB
78,Ryan Jensen,26,BAL,C,16,16,0,0,0,0,0,0,1,0,-14,0,0.0,0,0,0,,,0,
79,Dontae Johnson,26,SFO,RCB,16,16,1,50,1,50,7,0,0,0,0,0,0.0,77,69,8,2.0,0.0,0,
80,Byron Jones,25,DAL,FS,16,16,1,21,1,21,5,1,0,0,0,0,0.0,82,57,25,4.0,2.0,0,
81,Chandler Jones,27,ARI,LOLB,16,16,0,0,0,0,3,2,0,0,0,0,17.0,59,52,7,28.0,33.0,0,"PB,AP-1,AP DPoY-3"
82,Deion Jones,23,ATL,MLB,16,16,3,42,0,41,10,0,0,0,0,0,1.0,138,91,47,10.0,0.0,0,PB
83,Reshad Jones,29,MIA,SS,16,16,2,15,0,15,5,0,0,3,52,2,1.5,122,94,28,6.0,1.0,0,PB
84,Cameron Jordan,28,NOR,LDE,16,16,1,0,1,0,11,2,0,0,0,0,13.0,62,48,14,17.0,28.0,0,"PB,AP-1,AP DPoY-4"
85,Johnathan Joseph,33,HOU,LCB,16,16,2,85,1,82,9,0,0,0,0,0,0.0,47,37,10,2.0,0.0,0,
86,Linval Joseph,29,MIN,RDT,16,16,0,0,0,0,0,0,0,1,0,0,3.5,68,40,28,5.0,10.0,0,PB
87,Matt Kalil,28,CAR,LT,16,16,0,0,0,0,0,0,0,1,0,0,0.0,0,0,0,0.0,0.0,0,
88,Eric Kendricks,25,MIN,MLB,16,16,1,31,1,31,6,0,0,0,0,0,1.0,113,67,46,10.0,6.0,0,
89,Ryan Kerrigan,29,WAS,ROLB,16,16,1,24,1,24,1,3,0,0,0,0,13.0,46,34,12,15.0,17.0,0,PB
90,Christian Kirksey,25,CLE,LLB,16,16,0,0,0,0,5,2,0,1,0,0,3.5,138,86,52,6.0,6.0,0,
91,Tyler Kroft,25,CIN,TE,16,16,0,0,0,0,0,0,0,0,0,0,0.0,1,1,0,0.0,0.0,0,
92,Jarvis Landry,25,MIA,WR,16,16,0,0,0,0,0,0,4,2,0,0,0.0,1,1,0,0.0,0.0,0,PB
93,DeMarcus Lawrence,25,DAL,LDE,16,16,0,0,0,0,1,4,0,2,0,0,14.5,58,35,23,14.0,26.0,0,"PB,AP-2,AP DPoY-4"
94,Corey Linsley,26,GNB,C,16,16,0,0,0,0,0,0,1,0,-6,0,0.0,0,0,0,0.0,0.0,0,
95,Star Lotulelei,28,CAR,LDT,16,16,0,0,0,0,1,0,0,1,0,0,1.5,25,6,19,3.0,5.0,0,
96,Khalil Mack,26,OAK,RDE,16,16,0,0,0,0,3,1,0,1,0,0,10.5,78,61,17,15.0,22.0,0,PB
97,Brandon Marshall,28,DEN,LILB,16,16,0,0,0,0,4,1,0,1,19,1,3.0,106,75,31,6.0,3.0,0,
98,Blake Martinez,23,GNB,RILB,16,16,1,3,0,3,8,1,0,2,0,0,1.0,144,96,48,10.0,2.0,0,
99,Shaq Mason,24,NWE,RG,16,16,0,0,0,0,0,0,0,1,0,0,0.0,0,0,0,0.0,0.0,0,
100,Tyrann Mathieu,25,ARI,FS,16,16,2,16,0,15,7,1,0,0,0,0,1.0,78,70,8,6.0,4.0,0,
101,Jake Matthews,25,ATL,LT,16,16,0,0,0,0,0,0,0,1,0,0,0.0,0,0,0,0.0,0.0,0,
102,Marcus Maye,24,NYJ,FS,16,16,2,44,0,32,2,1,0,0,0,0,0.0,79,57,22,0.0,0.0,0,
103,Devin McCourty,30,NWE,FS,16,16,1,0,0,0,5,0,0,1,0,0,1.0,97,80,17,3.0,1.0,0,
104,LeSean McCoy,29,BUF,RB,16,16,0,0,0,0,0,0,3,1,0,0,0.0,0,0,0,0.0,0.0,0,PB
105,Benardrick McKinney,25,HOU,LILB,16,16,0,0,0,0,1,1,0,0,0,0,3.0,95,62,33,10.0,8.0,0,
106,Brandon Mebane,32,LAC,LDT,16,16,0,0,0,0,0,0,0,0,0,0,0.0,30,16,14,2.0,2.0,0,
107,Von Miller,28,DEN,ROLB,16,16,0,0,0,0,3,2,0,1,0,0,10.0,57,51,6,17.0,23.0,0,"PB,AP-2"
108,Jordan Mills,27,BUF,RT,16,16,0,0,0,0,0,0,0,1,0,0,0.0,0,0,0,0.0,0.0,0,
109,Earl Mitchell,30,SFO,LDT,16,16,0,0,0,0,4,0,0,1,0,0,1.0,33,19,14,3.0,3.0,0,
110,Morgan Moses,26,WAS,RT,16,16,0,0,0,0,0,0,0,1,0,0,0.0,1,1,0,0.0,0.0,0,
111,C.J. Mosley,25,BAL,LILB,16,16,2,94,1,63,7,3,0,3,18,0,1.0,132,96,36,11.0,5.0,0,"PB,AP-2"
112,Keanu Neal,22,ATL,FS,16,16,1,19,0,19,6,3,0,2,0,0,0.0,116,83,33,4.0,0.0,0,PB
113,Reggie Nelson,34,OAK,FS,16,16,1,3,0,3,5,2,0,0,0,0,0.0,89,60,29,1.0,0.0,0,
114,Cam Newton,28,CAR,QB,16,16,0,0,0,0,0,0,9,3,-17,0,0.0,0,0,0,0.0,0.0,0,
115,Yannick Ngakoue,22,JAX,LDE,16,16,0,0,0,0,0,6,0,2,67,1,12.0,30,24,6,10.0,23.0,0,PB
116,Brian Orakpo,31,TEN,ROLB,16,16,0,0,0,0,2,3,0,0,0,0,7.0,44,30,14,4.0,18.0,0,
117,Matt Paradis,28,DEN,C,16,16,0,0,0,0,0,0,1,1,-5,0,0.0,0,0,0,0.0,0.0,0,
118,Patrick Peterson,27,ARI,LCB,16,16,1,22,0,22,8,0,0,1,47,0,0.0,34,30,4,0.0,0.0,0,PB
119,Jason Pierre-Paul,28,NYG,LDE,16,16,0,0,0,0,5,2,0,0,0,0,8.5,68,48,20,11.0,13.0,0,
120,Dontari Poe,27,ATL,LDT,16,16,0,0,0,0,2,0,0,0,0,0,2.5,39,23,16,4.0,10.0,0,
121,Mike Pouncey,28,MIA,C,16,16,0,0,0,0,0,0,1,0,-4,0,0.0,0,0,0,0.0,0.0,0,
122,Dak Prescott,24,DAL,QB,16,16,0,0,0,0,0,0,4,1,0,0,0.0,0,0,0,0.0,0.0,0,
123,Spencer Pulley,24,LAC,C,16,16,0,0,0,0,0,0,2,0,-18,0,0.0,0,0,0,0.0,0.0,0,
124,Glover Quin,31,DET,FS,16,16,3,62,1,37,6,4,0,1,0,0,0.0,84,60,24,4.0,0.0,0,
125,Jalen Ramsey,23,JAX,LCB,16,16,4,34,0,18,17,0,0,0,0,0,0.0,63,52,11,2.0,0.0,0,"PB,AP-1"
126,Sheldon Rankins,23,NOR,LDT,16,16,1,27,0,27,1,1,0,0,0,0,2.0,26,16,10,5.0,9.0,0,
127,Xavier Rhodes,27,MIN,RCB,16,16,2,23,0,21,10,0,0,0,0,0,0.0,56,44,12,1.0,0.0,0,"PB,AP-1,AP DPoY-4"
128,Philip Rivers,36,LAC,QB,16,16,0,0,0,0,0,0,8,5,-4,0,0.0,0,0,0,0.0,0.0,0,PB
129,A'Shawn Robinson,22,DET,LDT,16,16,1,2,1,2,6,1,0,0,0,0,0.5,53,32,21,4.0,6.0,0,
130,Frostee Rucker,34,ARI,RDE,16,16,0,0,0,0,1,0,0,0,0,0,1.5,30,24,6,6.0,9.0,0,
131,Matt Ryan,32,ATL,QB,16,16,0,0,0,0,0,0,4,1,-4,0,0.0,0,0,0,0.0,0.0,0,
132,Joe Schobert,24,CLE,MLB,16,16,1,8,0,8,4,3,0,0,0,0,3.0,144,87,57,4.0,6.0,0,PB
133,Wes Schweitzer,24,ATL,RG,16,16,0,0,0,0,0,0,0,1,0,0,0.0,0,0,0,0.0,0.0,0,
134,Jabaal Sheard,28,IND,ROLB,16,16,0,0,0,0,3,2,0,0,0,0,5.5,52,37,15,9.0,14.0,0,
135,A.Q. Shipley,31,ARI,C,16,16,0,0,0,0,0,0,0,1,3,0,0.0,0,0,0,0.0,0.0,0,
136,Kawann Short,28,CAR,RDT,16,16,0,0,0,0,1,2,0,1,11,0,7.5,49,27,22,7.0,17.0,0,
137,Darius Slay,26,DET,LCB,16,16,8,73,0,37,26,0,0,1,0,0,0.0,60,54,6,1.0,0.0,0,"PB,AP-1"
138,Donovan Smith,24,TAM,LT,16,16,0,0,0,0,0,0,0,1,0,0,0.0,0,0,0,0.0,0.0,0,
139,Harrison Smith,28,MIN,FS,16,16,5,42,0,19,12,0,0,0,0,0,1.5,78,61,17,7.0,3.0,0,"PB,AP-1,AP DPoY-4"
140,Preston Smith,25,WAS,LOLB,16,16,2,26,0,18,3,1,0,1,12,0,8.0,42,31,11,10.0,21.0,0,
141,Matthew Stafford,29,DET,QB,16,16,0,0,0,0,0,0,12,3,-13,0,0.0,0,0,0,0.0,0.0,0,
142,Kenny Stills,25,MIA,WR,16,16,0,0,0,0,0,0,4,0,0,0,0.0,0,0,0,0.0,0.0,0,
143,Terrell Suggs,35,BAL,LOLB,16,16,0,0,0,0,4,4,0,0,0,0,11.0,49,37,12,11.0,20.0,0,PB
144,Ndamukong Suh,30,MIA,LDT,16,16,0,0,0,0,2,2,0,0,0,0,4.5,48,29,19,9.0,12.0,0,
145,D.J. Swearinger,26,WAS,FS,16,16,4,32,0,31,10,1,1,0,0,0,0.5,79,61,18,2.0,1.0,0,
146,Adam Thielen,27,MIN,WR,16,16,0,0,0,0,0,0,3,0,0,0,0.0,0,0,0,0.0,0.0,0,"PB,AP-2"
147,Demaryius Thomas,30,DEN,WR,16,16,0,0,0,0,0,0,1,0,0,0,0.0,0,0,0,0.0,0.0,0,
148,Darian Thompson,24,NYG,FS,16,16,1,0,0,0,6,0,0,0,0,0,0.0,75,61,14,2.0,2.0,0,
149,Dalvin Tomlinson,23,NYG,RDT,16,16,0,0,0,0,1,0,0,0,0,0,1.0,50,30,20,1.0,1.0,0,
150,J.C. Tretter,26,CLE,C,16,16,0,0,0,0,0,0,1,1,-11,0,0.0,0,0,0,0.0,0.0,0,
151,Max Unger,31,NOR,C,16,16,0,0,0,0,0,0,1,1,-17,0,0.0,0,0,0,0.0,0.0,0,
152,Jeremy Vujnovich,27,IND,LG,16,16,0,0,0,0,0,0,0,1,0,0,0.0,0,0,0,0.0,0.0,0,
153,Bobby Wagner,27,SEA,MLB,16,16,2,7,0,7,6,0,1,1,21,1,1.5,133,97,36,13.0,13.0,1,"PB,AP-1,AP DPoY-4"
154,Cameron Wake,35,MIA,RDE,16,16,0,0,0,0,0,0,0,0,0,0,10.5,36,26,10,12.0,27.0,0,
155,Trae Waynes,25,MIN,LCB,16,16,2,21,0,18,11,0,0,0,0,0,1.0,65,57,8,4.0,1.0,0,
156,Eric Weddle,32,BAL,FS,16,16,6,85,1,45,8,2,0,1,0,0,1.0,63,49,14,2.0,1.0,0,PB
157,Tre'Davious White,22,BUF,LCB,16,16,4,86,0,63,18,1,0,2,52,1,0.0,69,53,16,3.0,0.0,0,AP DRoY-2
158,Cody Whitehair,25,CHI,C,16,16,0,0,0,0,0,0,2,0,0,0,0.0,0,0,0,0.0,0.0,0,
159,Tahir Whitehead,27,DET,LLB,16,16,1,18,0,18,2,0,0,4,9,0,1.0,110,78,32,9.0,4.0,0,
160,Kyle Williams,34,BUF,LDT,16,16,0,0,0,0,2,0,0,1,0,0,3.0,41,21,20,3.0,9.0,0,
161,Leonard Williams,23,NYJ,LDE,16,16,1,6,0,6,1,0,0,0,0,0,2.0,47,22,25,3.0,25.0,0,
162,Vince Williams,28,PIT,RILB,16,16,1,13,0,13,1,0,0,0,0,0,8.0,89,69,20,11.0,14.0,0,
163,Avery Williamson,25,TEN,RILB,16,16,0,0,0,0,2,2,0,0,0,0,3.0,92,52,40,5.0,4.0,0,
164,Russell Wilson,29,SEA,QB,16,16,0,0,0,0,0,1,14,6,-11,0,0.0,0,0,0,0.0,0.0,0,PB
165,Jason Witten,35,DAL,TE,16,16,0,0,0,0,0,0,1,0,0,0,0.0,0,0,0,,,0,PB
166,Eric Wood,31,BUF,C,16,16,0,0,0,0,0,0,0,1,0,0,0.0,0,0,0,0.0,0.0,0,
167,Al Woods,30,IND,NT,16,16,0,0,0,0,0,0,0,0,0,0,1.0,44,20,24,5.0,2.0,0,
168,Wesley Woodyard,31,TEN,LILB,16,16,0,0,0,0,5,0,0,2,4,1,5.0,124,84,40,11.0,9.0,0,
169,Anthony Zettel,25,DET,LDE,16,16,0,0,0,0,0,1,0,1,0,0,6.5,43,31,12,11.0,16.0,0,
170,Keenan Allen,25,LAC,WR,16,15,1,32,0,32,1,0,1,1,27,1,0.0,0,0,0,0.0,0.0,0,"PB,AP CPoY-1"
171,Geno Atkins,29,CIN,RDT,16,15,0,0,0,0,0,0,0,0,0,0,9.0,46,29,17,10.0,20.0,0,PB
172,Tre Boston,25,LAC,FS,16,15,5,49,0,25,8,0,0,0,0,0,0.0,79,56,23,1.0,0.0,0,
173,Jacoby Brissett,25,IND,QB,16,15,0,0,0,0,0,0,8,5,-13,0,0.0,0,0,0,0.0,0.0,0,
174,Michael Brockers,27,LAR,LDE/NT,16,15,0,0,0,0,4,0,0,0,0,0,4.5,55,39,16,8.0,8.0,0,
175,Malcolm Butler,27,NWE,LCB,16,15,2,-1,0,1,12,3,0,0,0,0,1.0,60,55,5,1.0,2.0,0,
176,Karlos Dansby,36,ARI,RILB,16,15,1,4,0,4,4,0,0,1,0,0,1.0,95,74,21,7.0,5.0,0,
177,Matthias Farley,25,IND,SS,16,15,2,9,0,9,7,1,0,1,0,0,0.0,98,60,38,4.0,3.0,0,
178,Lawrence Guy,27,NWE,LDE,16,15,0,0,0,0,1,0,0,0,0,0,1.0,58,34,24,6.0,4.0,0,
179,Chris Harris Jr.,28,DEN,RCB,16,15,2,36,0,23,7,1,0,0,0,0,0.0,40,32,8,1.0,0.0,0,
180,Jordan Jenkins,23,NYJ,ROLB,16,15,0,0,0,0,2,1,0,2,0,0,3.0,49,32,17,5.0,9.0,0,
181,Tom Johnson,33,MIN,LDT,16,15,0,0,0,0,0,0,0,0,0,0,2.0,32,17,15,5.0,10.0,0,
182,Trumaine Johnson,27,LAR,LCB,16,15,2,39,1,39,14,1,0,1,0,0,0.0,65,57,8,0.0,0.0,0,
183,Brandon LaFell,31,CIN,WR,16,15,0,0,0,0,0,0,1,0,0,0,0.0,0,0,0,0.0,0.0,0,
184,Darian Stewart,29,DEN,FS,16,15,3,33,0,24,5,0,0,0,0,0,0.0,63,52,11,3.0,0.0,0,
185,Jamar Taylor,27,CLE,RCB,16,15,0,0,0,0,10,1,0,0,0,0,0.5,62,48,14,3.0,1.0,0,
186,Trevor Williams,24,LAC,RCB,16,15,2,28,0,21,13,0,0,0,0,0,0.0,56,48,8,2.0,0.0,0,
187,Tyrell Williams,25,LAC,WR,16,15,0,0,0,0,0,0,1,0,0,0,0.0,0,0,0,0.0,0.0,0,
188,Chris Conte,28,TAM,SS,16,14,1,0,0,0,8,3,0,0,0,0,0.0,77,62,15,0.0,0.0,0,
189,Tyrone Crawford,28,DAL,RDE,16,14,0,0,0,0,2,1,0,1,0,0,4.0,27,18,9,4.0,12.0,0,
190,Justin Ellis,27,OAK,RDT,16,14,0,0,0,0,0,0,0,0,0,0,0.5,48,27,21,1.0,1.0,0,
191,Rhett Ellison,29,NYG,TE,16,14,0,0,0,0,0,0,0,0,0,0,0.0,4,3,1,0.0,0.0,0,
192,Kareem Jackson,29,HOU,RCB,16,14,1,2,0,2,10,1,0,0,0,0,1.0,73,54,19,4.0,2.0,0,
193,Jermaine Kearse,27,NYJ,WR,16,14,0,0,0,0,0,0,1,0,0,0,0.0,0,0,0,0.0,0.0,0,
194,Steve McLendon,31,NYJ,NT,16,14,0,0,0,0,0,0,0,0,0,0,1.5,46,30,16,7.0,3.0,0,
195,Brooks Reed,30,ATL,LDE,16,14,0,0,0,0,0,0,0,0,0,0,4.0,41,23,18,6.0,7.0,0,
196,Derrick Shelby,28,ATL,RDE,16,14,0,0,0,0,0,0,0,0,0,0,1.0,30,16,14,3.0,1.0,0,
197,Michael Thomas,24,NOR,WR,16,14,0,0,0,0,0,0,0,0,0,0,0.0,1,1,0,0.0,0.0,0,PB
198,Garrett Celek,29,SFO,TE,16,13,0,0,0,0,0,0,0,0,0,0,0.0,2,2,0,0.0,0.0,0,
199,Zach Cunningham,23,HOU,RILB,16,13,0,0,0,0,6,1,0,0,0,0,1.5,90,48,42,5.0,2.0,0,
200,Marcus Gilchrist,29,HOU,SS,16,13,1,17,0,17,6,1,0,0,0,0,1.0,56,45,11,1.0,0.0,0,
201,Adam Gotsis,25,DEN,RDE,16,13,0,0,0,0,4,0,0,1,0,0,2.0,41,28,13,4.0,5.0,0,
202,Lamar Miller,26,HOU,RB,16,13,0,0,0,0,0,0,1,1,0,0,0.0,0,0,0,0.0,0.0,0,
203,Patrick Onwuasor,25,BAL,RILB,16,13,0,0,0,0,2,1,0,1,0,0,1.0,90,67,23,4.0,1.0,0,
204,Michael Pierce,25,BAL,NT,16,13,0,0,0,0,0,0,0,2,0,0,1.0,49,32,17,2.0,3.0,0,
205,Eddie Vanderdoes,23,OAK,LDT,16,13,0,0,0,0,0,0,0,0,0,0,0.0,18,13,5,2.0,2.0,0,
206,Sam Acho,29,CHI,LOLB,16,12,0,0,0,0,1,1,0,0,0,0,3.0,45,29,16,2.0,18.0,0,
207,Frank Clark,24,SEA,RDE,16,12,0,0,0,0,2,2,0,1,0,0,9.0,32,19,13,10.0,21.0,0,
208,Javon Hargrave,24,PIT,NT,16,12,0,0,0,0,1,1,0,0,0,0,2.0,32,21,11,4.0,5.0,0,
209,Mark Ingram,28,NOR,RB,16,12,0,0,0,0,0,0,3,1,0,0,0.0,0,0,0,,,0,PB
210,Matt Judon,25,BAL,ROLB,16,12,0,0,0,0,3,2,0,1,0,0,8.0,61,51,10,17.0,19.0,0,
211,Carl Nassib,24,CLE,LDE/RDE,16,12,0,0,0,0,5,0,0,0,0,0,3.0,32,19,13,9.0,8.0,0,
212,Craig Robertson,29,NOR,LLB,16,12,2,20,0,20,6,1,0,2,8,0,2.0,80,53,27,5.0,1.0,0,
213,Golden Tate,29,DET,WR,16,12,0,0,0,0,0,0,1,0,0,0,0.0,0,0,0,0.0,0.0,0,
214,Ben Watson,37,BAL,TE,16,12,0,0,0,0,0,0,1,0,0,0,0.0,0,0,0,,,0,AP CPoY-6
215,Lorenzo Alexander,34,BUF,LLB,16,11,0,0,0,0,1,3,0,0,0,0,3.0,74,59,15,7.0,15.0,0,
216,LeGarrette Blount,31,PHI,RB,16,11,0,0,0,0,0,0,1,0,0,0,0.0,0,0,0,,,0,
217,Patrick Chung,30,NWE,SS,16,11,1,30,0,30,9,0,0,2,0,0,0.0,84,71,13,3.0,3.0,0,
218,Dion Dawkins,23,BUF,LT,16,11,0,0,0,0,0,0,0,2,0,0,0.0,0,0,0,0.0,0.0,0,
219,Quandre Diggs,24,DET,CB/SS,16,11,3,28,0,16,9,1,0,0,0,0,1.0,55,45,10,5.0,2.0,0,
220,Kyle Emanuel,26,LAC,LLB,16,11,1,23,0,23,3,0,0,0,0,0,1.5,34,21,13,1.0,2.0,0,
221,Josh Hill,27,NOR,TE,16,11,0,0,0,0,0,0,2,0,0,0,0.0,0,0,0,,,0,
222,John Johnson,22,LAR,SS,16,11,1,69,0,69,11,0,0,0,0,0,0.0,75,56,19,1.0,0.0,0,
223,Christian Jones,26,CHI,LILB,16,11,0,0,0,0,2,1,0,1,0,0,2.0,90,60,30,5.0,3.0,0,
224,Dean Lowry,23,GNB,LDE,16,11,0,0,0,0,2,0,0,1,62,1,2.0,32,18,14,5.0,5.0,0,
225,Latavius Murray,27,MIN,RB,16,11,0,0,0,0,0,0,1,0,0,0,0.0,0,0,0,,,0,
226,Rakeem Nunez-Roches,24,KAN,LDE/RDE,16,11,0,0,0,0,0,0,0,0,0,0,0.5,24,13,11,0.0,1.0,0,
227,Paul Posluszny,33,JAX,MLB,16,11,0,0,0,0,2,0,0,0,0,0,1.5,61,43,18,6.0,2.0,0,
228,Akeem Spence,26,DET,RDT,16,11,0,0,0,0,0,1,0,0,0,0,3.0,39,19,20,4.0,9.0,0,
229,Delanie Walker,33,TEN,TE,16,11,0,0,0,0,0,0,2,0,0,0,0.0,0,0,0,0.0,0.0,0,PB
230,Nelson Agholor,24,PHI,WR,16,10,0,0,0,0,0,0,0,1,0,1,0.0,0,0,0,0.0,0.0,0,
231,Vonn Bell,23,NOR,DB,16,10,0,0,0,0,2,2,0,0,0,0,4.5,83,62,21,4.0,6.0,0,
232,Tommy Bohanon,27,JAX,FB,16,10,0,0,0,0,0,0,0,0,0,0,0.0,2,2,0,0.0,0.0,0,
233,Anthony Brown,24,DAL,LCB,16,10,2,16,0,16,11,1,0,0,0,0,1.0,56,47,9,3.0,2.0,0,
234,Brock Coyle,27,SFO,RLB,16,10,0,0,0,0,1,1,0,0,0,0,0.5,64,38,26,3.0,3.0,0,
235,Eli Harold,23,SFO,LLB,16,10,0,0,0,0,0,0,0,0,0,0,2.0,34,26,8,5.0,4.0,0,
236,Chris Hubbard,26,PIT,RT,16,10,0,0,0,0,0,0,3,0,-20,0,0.0,0,0,0,,,0,
237,Kareem Martin,25,ARI,ROLB,16,10,1,7,0,7,3,1,0,0,0,0,1.0,24,18,6,2.0,3.0,0,
238,Christian McCaffrey,21,CAR,RB,16,10,0,0,0,0,0,0,2,1,0,0,0.0,0,0,0,0.0,0.0,0,
239,Stacy McGee,27,WAS,LDE,16,10,0,0,0,0,1,0,0,0,0,0,0.0,44,24,20,0.0,4.0,0,
240,Manti Te'o,26,NOR,MLB,16,10,0,0,0,0,3,0,0,1,0,0,0.0,62,42,20,7.0,0.0,0,AP CPoY-6
241,Tavon Austin,27,LAR,WR,16,9,0,0,0,0,0,0,5,2,0,0,0.0,1,1,0,0.0,0.0,0,
242,Shaquil Barrett,25,DEN,LOLB,16,9,0,0,0,0,0,2,0,1,0,0,4.0,37,31,6,7.0,12.0,0,
243,Kendell Beckwith,23,TAM,MLB,16,9,0,0,0,0,2,1,0,0,0,0,1.0,73,60,13,7.0,2.0,0,
244,Ross Cockrell,26,NYG,LCB,16,9,3,1,0,1,11,0,0,0,0,0,0.0,50,37,13,2.0,0.0,0,
245,Patrick DiMarco,28,BUF,FB,16,9,0,0,0,0,0,0,0,0,0,0,0.0,2,1,1,0.0,0.0,0,
246,Eric Ebron,24,DET,TE,16,9,0,0,0,0,0,0,1,0,0,0,0.0,0,0,0,0.0,0.0,0,
247,Ben Gedeon,23,MIN,LLB,16,9,0,0,0,0,0,0,0,0,0,0,0.0,37,23,14,0.0,0.0,0,
248,Lance Kendricks,29,GNB,TE,16,9,0,0,0,0,0,0,0,0,0,0,0.0,2,2,0,0.0,0.0,0,
249,Ricardo Louis,23,CLE,WR,16,9,0,0,0,0,0,0,0,0,0,0,0.0,5,5,0,0.0,1.0,0,
250,Bradley McDougald,27,SEA,SS,16,9,0,0,0,0,4,0,0,0,0,0,0.0,75,51,24,3.0,0.0,0,
251,Ethan Westbrooks,27,LAR,NT,16,9,0,0,0,0,1,0,0,0,0,0,4.0,23,14,9,8.0,9.0,0,
252,Damien Wilson,24,DAL,LLB,16,9,0,0,0,0,1,0,0,0,0,0,1.0,35,21,14,1.0,4.0,0,
253,Frank Zombo,30,KAN,ROLB,16,9,0,0,0,0,0,0,0,1,0,0,1.5,43,26,17,4.0,5.0,0,
254,Dwayne Allen,27,NWE,TE,16,8,0,0,0,0,0,0,0,1,0,0,0.0,0,0,0,0.0,0.0,0,
255,Jaron Brown,27,ARI,WR,16,8,0,0,0,0,0,0,0,1,0,0,0.0,5,4,1,0.0,0.0,0,
256,Brandon Dunn,25,HOU,NT,16,8,0,0,0,0,0,0,0,1,0,0,0.0,26,17,9,3.0,2.0,0,
257,James Hanna,28,DAL,TE,16,8,0,0,0,0,0,0,0,0,0,0,0.0,2,2,0,0.0,0.0,0,
258,Samaje Perine,22,WAS,RB,16,8,0,0,0,0,0,0,2,1,0,0,0.0,0,0,0,0.0,0.0,0,
259,Patrick Robinson,30,PHI,RCB,16,8,4,36,0,19,18,0,0,1,0,0,1.0,47,39,8,3.0,0.0,0,
260,Budda Baker,21,ARI,SS,16,7,0,0,0,0,7,2,0,1,0,0,1.0,74,58,16,3.0,2.0,0,"PB,AP-1"
261,Derrick Coleman,27,ATL,FB,16,7,0,0,0,0,0,0,0,0,0,0,0.0,16,14,2,0.0,0.0,0,
262,James Develin,29,NWE,FB,16,7,0,0,0,0,0,0,0,0,0,0,0.0,1,1,0,0.0,0.0,0,PB
263,Anthony Fasano,33,MIA,TE,16,7,0,0,0,0,0,0,1,0,0,0,0.0,0,0,0,0.0,0.0,0,
264,T.J. Green,22,IND,FS,16,7,0,0,0,0,1,0,0,0,0,0,0.0,45,31,14,5.0,2.0,0,
265,Demetrius Harris,26,KAN,TE,16,7,0,0,0,0,0,0,0,0,0,0,0.0,2,1,1,0.0,0.0,0,
266,Chris Jones,23,KAN,LDE,16,7,1,-3,0,-3,7,4,0,0,0,0,6.5,32,22,10,5.0,13.0,0,
267,Colin Jones,30,CAR,FS,16,7,1,10,0,10,2,0,0,0,0,0,0.0,23,14,9,0.0,0.0,0,
268,Josh Jones,23,GNB,DB,16,7,1,0,0,0,5,0,0,0,0,0,2.0,71,60,11,5.0,2.0,0,
269,Bobby McCain,24,MIA,DB,16,7,2,6,0,6,7,0,0,0,0,0,1.0,48,36,12,3.0,1.0,0,
270,Terence Newman,39,MIN,DB,16,7,1,3,0,3,5,0,0,0,0,0,0.0,35,25,10,2.0,0.0,0,
271,Laquon Treadwell,22,MIN,WR,16,7,0,0,0,0,0,1,1,0,0,0,0.0,0,0,0,0.0,0.0,0,
272,Jamaal Williams,22,GNB,RB,16,7,0,0,0,0,0,0,0,0,0,0,0.0,2,2,0,0.0,0.0,0,
273,Luke Willson,27,SEA,TE,16,7,0,0,0,0,0,0,0,1,0,0,0.0,3,3,0,0.0,0.0,0,
274,Justin Bethel,27,ARI,RCB,16,6,1,82,1,82,4,0,0,0,0,0,0.0,41,29,12,1.0,0.0,0,
275,Adam Butler,23,NWE,RDT,16,6,0,0,0,0,0,0,0,0,0,0,2.0,19,11,8,2.0,2.0,0,
276,Keelan Cole,24,JAX,WR,16,6,0,0,0,0,0,0,2,1,0,0,0.0,1,1,0,0.0,0.0,0,
277,Brandon Coleman,25,NOR,WR,16,6,0,0,0,0,0,0,2,0,0,0,0.0,0,0,0,0.0,0.0,0,
278,Darqueze Dennard,26,CIN,DB,16,6,2,109,1,89,6,0,0,0,0,0,2.0,85,61,24,2.0,1.0,0,
279,Kenyan Drake,23,MIA,RB,16,6,0,0,0,0,0,0,2,0,0,0,0.0,5,4,1,0.0,0.0,0,
280,Kendall Fuller,22,WAS,CB,16,6,4,4,0,3,10,1,0,0,0,0,0.0,55,43,12,2.0,0.0,0,
281,Shelby Harris,26,DEN,LDE,16,6,0,0,0,0,3,0,0,0,0,0,5.5,34,22,12,7.0,9.0,0,
282,Barkevious Mingo,27,IND,LOLB,16,6,0,0,0,0,2,3,0,3,0,0,2.0,47,35,12,7.0,9.0,0,
283,David Onyemata,25,NOR,DT,16,6,0,0,0,0,1,0,0,0,0,0,2.0,38,18,20,4.0,5.0,0,
284,Da'Norris Searcy,29,TEN,SS,16,6,1,8,0,8,2,0,0,0,0,0,0.0,26,15,11,0.0,1.0,0,
285,Jaylon Smith,22,DAL,MLB,16,6,0,0,0,0,2,2,0,0,0,0,1.0,81,50,31,3.0,2.0,0,AP CPoY-4
286,Kerwynn Williams,26,ARI,RB,16,6,0,0,0,0,0,0,0,0,0,0,0.0,1,1,0,0.0,0.0,0,
287,P.J. Williams,24,NOR,LCB,16,6,2,7,0,7,9,0,0,0,0,0,0.0,47,34,13,1.0,0.0,0,
288,Eddie Yarbrough,24,BUF,LDE,16,6,0,0,0,0,2,0,0,0,0,0,1.0,34,23,11,4.0,7.0,0,
289,Tyson Alualu,30,PIT,DE,16,5,0,0,0,0,1,0,0,0,0,0,4.0,39,25,14,7.0,7.0,0,
290,Cameron Brate,26,TAM,TE,16,5,0,0,0,0,0,0,1,0,-1,0,0.0,0,0,0,0.0,0.0,0,
291,Jatavis Brown,23,LAC,RLB,16,5,0,0,0,0,1,0,0,1,0,0,0.0,79,54,25,2.0,3.0,0,
292,Justin Coleman,24,SEA,DB,16,5,2,58,2,30,9,0,0,0,0,0,1.5,43,32,11,1.0,3.0,0,
293,Aaron Colvin,26,JAX,RLB,16,5,0,0,0,0,5,0,0,1,0,0,0.0,45,38,7,4.0,1.0,0,
294,Clayton Fejedelem,24,CIN,SS,16,5,1,5,0,5,2,0,0,0,0,0,0.0,57,34,23,0.0,1.0,0,
295,Marlon Humphrey,21,BAL,DB,16,5,2,33,0,18,11,0,0,0,0,0,0.0,34,30,4,1.0,0.0,0,
296,Margus Hunt,30,IND,LDE,16,5,0,0,0,0,2,0,0,0,0,0,1.0,29,19,10,6.0,7.0,0,
297,Matt Milano,23,BUF,RLB,16,5,1,15,0,15,2,1,0,1,40,1,0.0,49,32,17,7.0,6.0,0,
298,Kenny Moore,22,IND,DB,16,5,1,25,0,25,5,1,0,0,0,0,0.0,38,32,6,2.0,2.0,0,
299,Nicholas Morrow,22,OAK,RLB,16,5,0,0,0,0,4,0,0,0,0,0,0.0,60,40,20,5.0,2.0,0,
300,JJ Nelson,25,ARI,WR,16,5,0,0,0,0,0,0,1,0,0,0,0.0,0,0,0,,,0,
301,Will Parks,23,DEN,DB,16,5,1,0,0,0,4,0,0,0,0,0,0.0,51,36,15,2.0,1.0,0,
302,Julius Peppers,37,CAR,LDE,16,5,0,0,0,0,0,2,0,2,0,0,11.0,33,21,12,10.0,17.0,0,
303,Jay Prosch,25,HOU,FB,16,5,0,0,0,0,0,0,0,0,0,0,0.0,1,0,1,0.0,0.0,0,
304,Jordan Richards,24,NWE,SS,16,5,0,0,0,0,1,1,0,0,0,0,0.0,27,24,3,0.0,0.0,0,
305,Theo Riddick,26,DET,RB,16,5,0,0,0,0,0,0,1,0,0,0,0.0,0,0,0,0.0,0.0,0,
306,Andrew Adams,25,NYG,DB,16,4,0,0,0,0,2,1,0,0,0,0,0.0,34,34,0,1.0,1.0,0,
307,Chase Allen,24,MIA,LB,16,4,0,0,0,0,0,1,0,0,0,0,0.0,40,29,11,1.0,0.0,0,
308,Peyton Barber,23,TAM,RB,16,4,0,0,0,0,0,0,2,1,0,0,0.0,4,4,0,0.0,0.0,0,
309,Tarik Cohen,22,CHI,RB,16,4,0,0,0,0,0,0,3,0,0,0,0.0,1,1,0,0.0,0.0,0,
310,Seth Devalve,24,CLE,TE,16,4,0,0,0,0,0,0,1,0,0,0,0.0,5,4,1,0.0,0.0,0,
311,Bennie Fowler,26,DEN,WR,16,4,0,0,0,0,0,0,1,1,0,0,0.0,6,6,0,0.0,0.0,0,
312,Mike Hilton,23,PIT,DB,16,4,2,45,0,26,6,1,0,0,0,0,4.0,64,48,16,10.0,8.0,0,
313,Andy Janovich,24,DEN,RB,16,4,0,0,0,0,0,0,0,0,0,0,0.0,7,5,2,0.0,0.0,0,
314,Jonathan Jones,24,NWE,DB,16,4,1,6,0,6,8,0,0,1,0,0,1.0,44,39,5,2.0,2.0,0,
315,Desmond King,23,LAC,DB,16,4,1,90,1,90,5,0,0,0,0,0,4.0,76,66,10,6.0,6.0,0,
316,Cory Littleton,24,LAR,LB,16,4,1,2,0,2,4,1,0,0,0,0,1.0,36,22,14,5.0,5.0,0,
317,Roosevelt Nix,25,PIT,RB,16,4,0,0,0,0,0,0,0,0,0,0,0.0,10,6,4,0.0,0.0,0,PB
318,Darius Philon,23,LAC,DT,16,4,0,0,0,0,1,1,0,0,0,0,4.5,31,16,15,7.0,9.0,0,
319,Bradley Roby,25,DEN,DB,16,4,1,0,0,0,17,1,0,1,0,0,1.0,42,35,7,1.0,1.0,0,
320,Jacquizz Rodgers,27,TAM,RB,16,4,0,0,0,0,0,0,0,0,0,0,0.0,3,2,1,0.0,0.0,0,
321,Tanzel Smart,23,LAR,DT,16,4,0,0,0,0,1,0,0,0,0,0,0.0,14,9,5,0.0,1.0,0,
322,Taywan Taylor,22,TEN,WR,16,4,0,0,0,0,0,0,0,0,0,0,0.0,5,4,1,0.0,0.0,0,
323,Tyrunn Walker,27,LAR,DE,16,4,0,0,0,0,4,1,0,1,3,0,1.0,22,15,7,4.0,1.0,0,
324,Derek Watt,25,LAC,FB,16,4,0,0,0,0,0,0,0,0,0,0,0.0,9,7,2,0.0,0.0,0,
325,Xavier Woods,22,DAL,DB,16,4,1,7,0,7,3,0,0,1,6,0,0.0,42,33,9,1.0,4.0,0,
326,Denico Autry,27,OAK,DE,16,3,0,0,0,0,7,0,0,0,0,0,5.0,36,23,13,9.0,9.0,0,
327,Johnson Bademosi,27,NWE,DB,16,3,0,0,0,0,1,0,0,0,0,0,0.0,29,24,5,0.0,2.0,0,
328,Travis Benjamin,28,LAC,WR,16,3,0,0,0,0,0,0,2,2,0,0,0.0,0,0,0,0.0,0.0,0,
329,Jonathan Bullard,24,CHI,DE,16,3,0,0,0,0,2,1,0,0,0,0,1.0,26,18,8,2.0,2.0,0,
330,Michael Burton,25,CHI,RB,16,3,0,0,0,0,0,0,0,0,0,0,0.0,1,0,1,0.0,0.0,0,
331,Kamalei Correa,23,BAL,LB,16,3,0,0,0,0,1,0,0,0,0,0,0.0,15,10,5,1.0,1.0,0,
332,Ben Garland,29,ATL,DT,16,3,0,0,0,0,0,0,0,1,0,0,0.0,1,1,0,0.0,0.0,0,
333,Najee Goode,28,PHI,LB,16,3,0,0,0,0,0,0,0,0,0,0,0.0,22,18,4,3.0,0.0,0,
334,Rodney Gunter,25,ARI,DT,16,3,0,0,0,0,0,0,0,0,0,0,1.0,17,11,6,2.0,3.0,0,
335,Duron Harmon,26,NWE,DB,16,3,4,12,0,12,7,0,0,0,0,0,0.0,23,16,7,1.0,4.0,0,
336,Anthony Harris,26,MIN,DB,16,3,0,0,0,0,1,1,0,2,0,0,0.0,18,16,2,0.0,0.0,0,
337,Mike Hull,26,MIA,LB,16,3,0,0,0,0,0,0,0,1,0,0,0.0,35,27,8,1.0,1.0,0,
338,Adam Humphries,24,TAM,WR,16,3,0,0,0,0,0,1,1,0,0,0,0.0,0,0,0,0.0,0.0,0,
339,Austin Johnson,23,TEN,NT,16,3,0,0,0,0,1,0,0,0,0,0,1.0,24,15,9,1.0,1.0,0,
340,Alvin Kamara,22,NOR,RB,16,3,0,0,0,0,0,0,1,0,0,0,0.0,0,0,0,,,0,"PB,AP-2,AP ORoY-1"
341,Miles Killebrew,24,DET,DB,16,3,1,35,1,35,5,1,0,0,0,0,0.0,38,32,6,1.0,1.0,0,
342,Kai Nacua,22,CLE,DB,16,3,0,0,0,0,0,0,0,0,0,0,0.0,14,12,2,1.0,1.0,0,
343,Mike Pennel,26,NYJ,DT,16,3,0,0,0,0,0,0,0,0,0,0,0.0,35,20,15,0.0,1.0,0,
344,Haason Reddick,23,ARI,LB,16,3,0,0,0,0,0,2,0,0,0,0,2.5,36,23,13,4.0,6.0,0,
345,Anthony Sherman,29,KAN,RB,16,3,0,0,0,0,0,0,0,1,0,0,0.0,1,1,0,0.0,0.0,0,
346,Keith Smith,25,DAL,DB,16,3,0,0,0,0,0,2,0,0,0,0,0.0,9,7,2,0.0,0.0,0,
347,Phillip Supernaw,27,TEN,TE,16,3,0,0,0,0,0,0,0,1,0,0,0.0,4,4,0,0.0,0.0,0,
348,Lardarius Webb,32,BAL,DB,16,3,2,10,0,10,4,1,0,0,0,0,2.0,39,37,2,4.0,2.0,0,
349,Deatrich Wise Jr.,23,NWE,DE,16,3,0,0,0,0,1,0,0,0,0,0,5.0,26,16,10,6.0,19.0,0,
350,Zaire Anderson,25,DEN,LB,16,2,0,0,0,0,0,0,0,1,38,1,0.0,23,18,5,2.0,0.0,0,
351,Anthony Chickillo,25,PIT,DE,16,2,0,0,0,0,1,0,0,0,0,0,3.0,19,13,6,2.0,3.0,0,
352,Adrian Clayborn,29,ATL,DE,16,2,0,0,0,0,0,2,0,2,10,1,9.5,21,17,4,6.0,17.0,0,
353,Samson Ebukam,22,LAR,LB,16,2,0,0,0,0,0,1,0,0,0,0,2.0,31,26,5,2.0,5.0,0,
354,Gerald Everett,23,LAR,TE,16,2,0,0,0,0,0,0,1,0,0,0,0.0,0,0,0,0.0,0.0,0,
355,Kyler Fackrell,26,GNB,LB,16,2,0,0,0,0,0,0,0,1,0,0,3.0,28,22,6,6.0,7.0,0,
356,Marquis Flowers,25,NWE,LB,16,2,0,0,0,0,1,1,0,0,0,0,3.5,32,25,7,5.0,4.0,0,
357,Chris Godwin,21,TAM,WR,16,2,0,0,0,0,0,0,0,1,0,0,0.0,6,6,0,0.0,0.0,0,
358,Robert Golden,27,PIT,DB,16,2,1,-1,0,-1,2,0,0,0,0,0,0.0,19,13,6,0.0,0.0,0,
359,Charles Harris,22,MIA,DE,16,2,0,0,0,0,2,0,0,1,0,0,2.0,19,15,4,5.0,12.0,0,
360,Derrick Henry,23,TEN,RB,16,2,0,0,0,0,0,0,1,0,0,0,0.0,0,0,0,,,0,
361,Elijah McGuire,23,NYJ,RB,16,2,0,0,0,0,0,0,2,0,0,0,0.0,0,0,0,0.0,0.0,0,
362,Cordarrelle Patterson,26,OAK,WR,16,2,0,0,0,0,0,0,3,1,0,0,0.0,4,3,1,0.0,0.0,0,
363,Aaron Ripkowski,25,GNB,RB,16,2,0,0,0,0,0,0,0,0,0,0,0.0,2,2,0,0.0,0.0,0,
364,Kevon Seymour,24,CAR,DB,16,2,0,0,0,0,4,0,0,0,0,0,0.0,22,18,4,0.0,1.0,0,
365,De'Anthony Thomas,24,KAN,RB,16,2,0,0,0,0,0,0,1,1,0,0,0.0,2,1,1,0.0,0.0,0,
366,Erik Walden,32,TEN,LB,16,2,0,0,0,0,0,0,0,1,0,0,4.0,36,25,11,5.0,7.0,0,
367,Kenneth Acker,25,KAN,DB,16,1,1,9,0,9,1,0,0,1,0,0,0.0,23,21,2,0.0,0.0,0,
368,Jerell Adams,24,NYG,TE,16,1,0,0,0,0,0,0,0,0,0,0,0.0,4,3,1,0.0,0.0,0,
369,Austin Blythe,25,LAR,C,16,1,0,0,0,0,0,0,0,1,0,0,0.0,0,0,0,0.0,0.0,0,
370,Pharoh Cooper,22,LAR,WR,16,1,0,0,0,0,0,0,3,1,0,0,0.0,0,0,0,0.0,0.0,0,"PB,AP-1"
371,Blake Countess,24,LAR,DB,16,1,1,19,0,19,1,0,0,0,0,0,0.0,25,19,6,1.0,0.0,0,
372,Marwin Evans,24,GNB,DB,16,1,0,0,0,0,0,1,0,0,0,0,0.0,23,20,3,0.0,0.0,0,
373,Morgan Fox,23,LAR,DB,16,1,0,0,0,0,0,1,0,1,0,0,2.5,19,14,5,2.0,3.0,1,
374,Jeremiah George,25,IND,LB,16,1,0,0,0,0,0,0,0,1,0,0,0.5,23,19,4,1.0,2.0,0,
375,Ryan Glasgow,24,CIN,DT,16,1,0,0,0,0,0,0,0,1,0,0,0.0,23,12,11,3.0,0.0,0,
376,Bryce Hager,25,LAR,LB,16,1,0,0,0,0,1,1,0,1,0,0,0.0,12,9,3,0.0,2.0,0,
377,C.J. Ham,24,MIN,RB,16,1,0,0,0,0,0,0,0,0,0,0,0.0,14,9,5,0.0,0.0,0,
378,Justin Hardy,26,ATL,WR,16,1,0,0,0,0,0,0,1,1,0,0,0.0,2,1,1,0.0,0.0,0,
379,D.J. Hayden,27,DET,DB,16,1,0,0,0,0,9,0,0,2,27,1,0.5,44,36,8,1.0,1.0,0,
380,Johnny Holton,27,OAK,WR,16,1,0,0,0,0,0,0,3,1,0,0,0.0,5,3,2,0.0,0.0,0,
381,Kemal Ishmael,26,ATL,DB,16,1,0,0,0,0,1,0,0,1,0,0,1.0,29,15,14,1.0,1.0,0,
382,Damontae Kazee,24,ATL,DB,16,1,0,0,0,0,0,2,0,0,0,0,0.0,23,14,9,0.0,0.0,0,
383,Tanoh Kpassagnon,23,KAN,DE,16,1,0,0,0,0,0,0,0,0,0,0,2.0,14,8,6,3.0,2.0,0,
384,Carl Lawson,22,CIN,LB,16,1,0,0,0,0,0,0,0,0,0,0,8.5,16,10,6,8.0,21.0,0,
385,Chris Long,32,PHI,DE,16,1,0,0,0,0,0,4,0,0,0,0,5.0,28,20,8,2.0,18.0,0,
386,Shalom Luani,23,OAK,DB,16,1,0,0,0,0,2,0,0,0,0,0,0.0,18,14,4,1.0,0.0,0,
387,David Mayo,24,CAR,LB,16,1,0,0,0,0,1,0,0,0,0,0,0.0,19,8,11,0.0,0.0,0,
388,Brice McCain,31,TEN,DB,16,1,0,0,0,0,3,0,0,0,0,0,0.0,12,9,3,0.0,0.0,0,
389,Jerick McKinnon,25,MIN,RB,16,1,0,0,0,0,0,0,3,0,0,0,0.0,1,0,1,0.0,0.0,0,
390,James O'Shaughnessy,25,JAX,TE,16,1,0,0,0,0,0,0,0,0,0,0,0.0,4,2,2,0.0,0.0,0,
391,Nate Orchard,24,CLE,DE,16,1,0,0,0,0,0,1,0,1,0,0,2.0,25,14,11,5.0,6.0,0,
392,Josh Reynolds,22,LAR,WR,16,1,0,0,0,0,0,0,0,0,0,0,0.0,3,3,0,0.0,0.0,0,
393,Jalen Richard,24,OAK,RB,16,1,0,0,0,0,0,0,8,3,0,0,0.0,1,1,0,0.0,0.0,0,
394,Aldrick Robinson,29,SFO,WR,16,1,0,0,0,0,0,0,0,1,0,0,0.0,4,4,0,0.0,0.0,0,
395,Josh Shaw,25,CIN,DB,16,1,0,0,0,0,3,0,0,0,0,0,0.0,36,30,6,1.0,0.0,0,
396,Julian Stanford,27,NYJ,LB,16,1,0,0,0,0,0,0,0,0,0,0,0.0,20,15,5,1.0,0.0,0,
397,Jordan Willis,22,CIN,LB,16,1,0,0,0,0,0,0,0,0,0,0,1.0,25,17,8,4.0,2.0,0,
398,Walt Aikens,26,MIA,DB,16,0,0,0,0,0,0,1,0,0,0,0,0.0,9,6,3,0.0,0.0,0,
399,Javorius Allen,26,BAL,RB,16,0,0,0,0,0,0,0,0,0,0,0,0.0,8,7,1,0.0,0.0,0,
400,Bryan Anger,29,TAM,P,16,0,0,0,0,0,0,0,0,0,0,0,0.0,1,1,0,0.0,0.0,0,
401,Chris Banjo,27,NOR,DB,16,0,1,0,0,0,1,1,0,1,0,0,0.0,12,10,2,0.0,0.0,0,
402,Daren Bates,27,TEN,LB,16,0,0,0,0,0,0,0,0,0,0,0,0.0,8,7,1,0.0,0.0,0,
403,B.J. Bello,23,CLE,LB,16,0,0,0,0,0,0,0,0,0,0,0,0.0,6,5,1,0.0,1.0,0,
404,Brandon Bolden,27,NWE,RB,16,0,0,0,0,0,0,0,0,0,0,0,0.0,8,7,1,1.0,0.0,0,
405,Matthew Bosher,30,ATL,P,16,0,0,0,0,0,0,0,0,1,0,0,0.0,3,1,2,0.0,0.0,0,
406,Chris Boswell,26,PIT,K,16,0,0,0,0,0,0,0,0,0,0,0,0.0,1,1,0,0.0,0.0,0,PB
407,Tyus Bowser,22,BAL,LB,16,0,1,27,0,27,3,0,0,0,0,0,3.0,11,9,2,3.0,4.0,0,
408,Matt Breida,22,SFO,RB,16,0,0,0,0,0,0,0,1,1,0,0,0.0,0,0,0,0.0,0.0,0,
409,Beau Brinkley,27,TEN,TE,16,0,0,0,0,0,0,0,0,0,0,0,0.0,1,1,0,0.0,0.0,0,
410,Jay Bromley,25,NYG,DT,16,0,0,0,0,0,1,0,0,0,0,0,1.0,21,17,4,5.0,6.0,0,
411,Kentrell Brothers,24,MIN,LB,16,0,0,0,0,0,0,0,0,0,0,0,0.0,13,9,4,0.0,0.0,0,
412,Jayon Brown,22,TEN,LB,16,0,0,0,0,0,4,0,0,1,0,0,1.5,52,38,14,1.0,3.0,0,
413,Kameron Canaday,24,PIT,LS,16,0,0,0,0,0,0,0,0,0,0,0,0.0,1,0,1,0.0,0.0,0,
414,Joe Cardona,25,NWE,LS,16,0,0,0,0,0,0,0,0,0,0,0,0.0,4,2,2,0.0,0.0,0,
415,Cethan Carter,22,CIN,TE,16,0,0,0,0,0,0,0,0,0,0,0,0.0,9,7,2,0.0,0.0,0,
416,Jamal Carter,23,DEN,DB,16,0,0,0,0,0,1,0,0,0,0,0,0.0,11,9,2,0.0,0.0,0,
417,Taco Charlton,23,DAL,DE,16,0,0,0,0,0,1,1,0,0,0,0,3.0,19,15,4,3.0,7.0,0,
418,Corey Clement,23,PHI,RB,16,0,0,0,0,0,0,0,0,1,0,0,0.0,6,4,2,0.0,0.0,0,
419,Dustin Colquitt,35,KAN,P,16,0,0,0,0,0,0,0,0,0,0,0,0.0,1,1,0,0.0,0.0,0,
420,Jon Condo,36,OAK,LS,16,0,0,0,0,0,0,0,0,0,0,0,0.0,1,1,0,0.0,0.0,0,
421,James Cowser,27,OAK,DE,16,0,0,0,0,0,0,1,0,2,0,0,0.0,23,14,9,1.0,0.0,0,
422,Morgan Cox,31,BAL,LS,16,0,0,0,0,0,0,0,0,0,0,0,0.0,1,1,0,0.0,0.0,0,
423,Mason Crosby,33,GNB,K,16,0,0,0,0,0,0,0,0,0,0,0,0.0,1,1,0,0.0,0.0,0,
424,Amara Darboh,23,SEA,WR,16,0,0,0,0,0,0,0,0,0,0,0,0.0,2,2,0,0.0,0.0,0,
425,Ryan Davis,28,BUF,LB,16,0,0,0,0,0,0,1,0,0,0,0,3.0,26,17,9,5.0,8.0,0,
426,Trevor Davis,24,GNB,WR,16,0,0,0,0,0,0,0,0,0,0,0,0.0,5,5,0,0.0,0.0,0,
427,Phil Dawson,42,ARI,K,16,0,0,0,0,0,0,0,0,0,0,0,0.0,1,1,0,0.0,0.0,0,
428,Matthew Dayes,23,CLE,RB,16,0,0,0,0,0,0,0,0,0,0,0,0.0,8,8,0,0.0,1.0,0,
429,John Denney,39,MIA,LS,16,0,0,0,0,0,0,0,0,0,0,0,0.0,2,1,1,0.0,0.0,0,
430,Zak DeOssie,33,NYG,LB,16,0,0,0,0,0,0,0,0,0,0,0,0.0,6,4,2,0.0,0.0,0,
431,Andrew DePaola,30,CHI,LS,16,0,0,0,0,0,0,0,0,0,0,0,0.0,1,1,0,0.0,0.0,0,
432,Riley Dixon,24,DEN,P,16,0,0,0,0,0,0,0,0,0,0,0,0.0,2,2,0,0.0,0.0,0,
433,Elvis Dumervil,33,SFO,DE,16,0,0,0,0,0,0,0,0,0,0,0,6.5,13,9,4,8.0,18.0,0,
434,Trey Edmunds,23,NOR,RB,16,0,0,0,0,0,0,0,0,0,0,0,0.0,7,7,0,0.0,0.0,0,
435,Austin Ekeler,22,LAC,RB,16,0,0,0,0,0,0,0,2,0,0,0,0.0,17,13,4,0.0,0.0,0,
436,Alex Erickson,25,CIN,WR,16,0,0,0,0,0,0,0,7,4,0,0,0.0,3,3,0,0.0,0.0,0,
437,Ka'imi Fairbairn,23,HOU,K,16,0,0,0,0,0,0,0,0,0,0,0,0.0,1,1,0,0.0,0.0,0,
438,Terrence Fede,26,MIA,DE,16,0,0,0,0,0,0,0,0,1,0,0,0.0,15,11,4,0.0,1.0,0,
439,Reid Ferguson,23,BUF,LS,16,0,0,0,0,0,0,0,0,0,0,0,0.0,1,0,1,0.0,0.0,0,
440,David Fluellen,25,TEN,RB,16,0,0,0,0,0,0,0,0,0,0,0,0.0,6,1,5,0.0,0.0,0,
441,Kai Forbath,30,MIN,K,16,0,0,0,0,0,0,0,0,0,0,0,0.0,1,1,0,0.0,0.0,0,
442,Dante Fowler,23,JAX,DE,16,0,0,0,0,0,0,2,0,2,53,1,8.0,21,18,3,7.0,10.0,0,
443,Junior Galette,29,WAS,DE,16,0,0,0,0,0,2,1,0,0,0,0,3.0,20,14,6,4.0,15.0,0,
444,William Gay,32,PIT,DB,16,0,1,-1,0,-1,3,2,0,0,0,0,0.0,19,16,3,0.0,0.0,0,
445,Corey Grant,26,JAX,RB,16,0,0,0,0,0,0,0,1,0,0,0,0.0,3,2,1,0.0,0.0,0,
446,Jakeem Grant,25,MIA,WR,16,0,0,0,0,0,0,0,2,2,-13,0,0.0,1,0,1,0.0,0.0,0,
447,MarQueis Gray,28,MIA,TE,16,0,0,0,0,0,0,0,0,0,0,0,0.0,1,1,0,0.0,0.0,0,
448,Kamu Grugier-Hill,23,PHI,LB,16,0,0,0,0,0,0,1,0,0,0,0,0.0,22,19,3,1.0,1.0,0,
449,Matt Haack,23,MIA,P,16,0,0,0,0,0,0,0,0,0,0,0,0.0,1,1,0,0.0,0.0,0,
450,Clark Harris,33,CIN,TE,16,0,0,0,0,0,0,0,0,0,0,0,0.0,4,2,2,0.0,0.0,0,PB
451,Josh Harris,28,ATL,DB,16,0,0,0,0,0,0,0,1,0,-6,0,0.0,2,1,1,0.0,0.0,0,
452,Johnny Hekker,27,LAR,P,16,0,0,0,0,0,0,0,0,0,0,0,0.0,3,2,1,0.0,0.0,0,"PB,AP-1"
453,Thomas Hennessy,23,NYJ,LS,16,0,0,0,0,0,0,1,0,0,0,0,0.0,4,2,2,0.0,0.0,0,
454,Darrius Heyward-Bey,30,PIT,WR,16,0,0,0,0,0,0,0,0,0,0,0,0.0,6,3,3,0.0,0.0,0,
455,Mack Hollins,24,PHI,WR,16,0,0,0,0,0,0,0,0,1,-16,0,0.0,5,4,1,0.0,0.0,0,
456,Wes Horton,27,CAR,DE,16,0,0,0,0,0,0,3,0,0,0,0,5.5,17,11,6,3.0,8.0,0,
457,Kevin Huber,32,CIN,P,16,0,0,0,0,0,0,0,0,0,0,0,0.0,1,1,0,0.0,0.0,0,
458,Charley Hughlett,27,CLE,LS,16,0,0,0,0,0,0,0,0,0,0,0,0.0,3,2,1,0.0,0.0,0,
459,Ben Jacobs,29,CAR,LB,16,0,0,0,0,0,0,0,0,0,0,0,0.0,6,4,2,0.0,0.0,0,
460,Jeff Janis,26,GNB,WR,16,0,0,0,0,0,0,0,0,0,0,0,0.0,4,4,0,0.0,1.0,0,
461,J.J. Jansen,31,CAR,LS,16,0,0,0,0,0,0,0,0,0,0,0,0.0,1,1,0,0.0,0.0,0,
462,Duke Johnson,24,CLE,RB,16,0,0,0,0,0,0,0,4,3,0,0,0.0,0,0,0,0.0,0.0,0,
463,Marquette King,29,OAK,P,16,0,0,0,0,0,0,0,0,0,0,0,0.0,2,2,0,0.0,0.0,0,
464,Casey Kreiter,27,DEN,LS,16,0,0,0,0,0,0,0,0,0,0,0,0.0,2,1,1,0.0,0.0,0,
465,Deon Lacey,27,BUF,LB,16,0,0,0,0,0,0,0,0,0,0,0,0.0,9,7,2,0.0,0.0,0,
466,L.P. Ladouceur,36,DAL,DE,16,0,0,0,0,0,0,0,0,1,0,0,0.0,0,0,0,0.0,0.0,0,
467,Emmanuel Lamur,28,MIN,LB,16,0,0,0,0,0,1,0,0,1,0,0,0.0,17,9,8,0.0,0.0,0,
468,Shane Lechler,41,HOU,P,16,0,0,0,0,0,0,0,0,0,0,0,0.0,2,1,1,0.0,0.0,0,
469,Jeremiah Ledbetter,23,DET,DE,16,0,0,0,0,0,0,0,0,0,0,0,0.5,14,6,8,0.0,4.0,0,
470,Anthony Levine,30,BAL,DB,16,0,1,8,0,8,3,0,0,1,0,0,3.0,29,23,6,3.0,3.0,0,
471,Rick Lovato,25,PHI,LS,16,0,0,0,0,0,0,0,0,0,0,0,0.0,3,3,0,0.0,0.0,0,
472,Kyle Love,31,CAR,DT,16,0,0,0,0,0,0,0,0,0,0,0,3.5,16,9,7,3.0,8.0,0,
473,Wil Lutz,23,NOR,K,16,0,0,0,0,0,0,0,0,0,0,0,0.0,3,2,1,0.0,0.0,0,
474,Vince Mayle,26,BAL,WR,16,0,0,0,0,0,0,0,0,0,0,0,0.0,8,8,0,0.0,0.0,0,
475,Takkarist McKinley,22,ATL,DE,16,0,0,0,0,0,1,2,0,1,0,0,6.0,20,15,5,7.0,10.0,0,
476,Brandon McManus,26,DEN,K,16,0,0,0,0,0,0,0,0,0,0,0,0.0,1,0,1,0.0,0.0,0,
477,Fabian Moreau,23,WAS,DB,16,0,0,0,0,0,1,0,0,0,0,0,0.0,14,7,7,1.0,1.0,0,
478,Kyle Nelson,31,SFO,LS,16,0,0,0,0,0,0,0,0,1,0,0,0.0,2,1,1,0.0,0.0,0,
479,Pat O'Donnell,26,CHI,P,16,0,0,0,0,0,0,0,0,0,0,0,0.0,2,2,0,0.0,0.0,0,
480,Tyler Ott,25,SEA,LS,16,0,0,0,0,0,0,0,0,0,0,0,0.0,3,3,0,0.0,0.0,0,
481,Michael Palardy,25,CAR,P,16,0,0,0,0,0,0,0,1,1,0,0,0.0,0,0,0,,,0,
482,Cody Parkey,25,MIA,K,16,0,0,0,0,0,0,0,0,0,0,0,0.0,1,1,0,0.0,0.0,0,
483,Elijhaa Penny,24,ARI,RB,16,0,0,0,0,0,0,0,0,1,0,0,0.0,12,9,3,0.0,0.0,0,
484,Senorise Perry,26,MIA,RB,16,0,0,0,0,0,0,0,0,1,2,0,0.0,9,6,3,0.0,0.0,1,
485,Brian Peters,29,HOU,LB,16,0,0,0,0,0,0,0,0,0,0,0,0.0,17,12,5,0.0,0.0,0,
486,Lafayette Pitts,25,2TM,DB,16,0,0,0,0,0,0,0,0,0,0,0,0.0,9,8,1,0.0,0.0,0,
486,Lafayette Pitts,25,JAX,DB,6,0,0,0,0,0,0,0,0,0,0,0,0.0,1,1,0,0.0,0.0,0,
486,Lafayette Pitts,25,BUF,DB,10,0,0,0,0,0,0,0,0,0,0,0,0.0,8,7,1,0.0,0.0,0,
487,Eddie Pleasant,29,HOU,DB,16,0,1,0,0,0,3,1,0,0,0,0,2.0,32,25,7,1.0,2.0,0,
488,Patrick Ricard,23,BAL,DT/FB,16,0,0,0,0,0,0,0,0,0,0,0,0.0,5,3,2,2.0,0.0,0,
489,Andre Roberts,29,ATL,WR,16,0,0,0,0,0,0,0,4,2,0,0,0.0,0,0,0,0.0,0.0,0,
490,Aldrick Rosas,23,NYG,K,16,0,0,0,0,0,0,0,0,0,0,0,0.0,3,3,0,0.0,0.0,0,
491,Jon Ryan,36,SEA,P,16,0,0,0,0,0,0,0,0,0,0,0,0.0,1,1,0,0.0,0.0,0,
492,Rigoberto Sanchez,23,IND,P,16,0,0,0,0,0,0,0,0,0,0,0,0.0,2,2,0,0.0,0.0,0,
493,Marcus Sherels,30,MIN,DB,16,0,0,0,0,0,0,0,1,1,0,0,0.0,6,6,0,0.0,0.0,0,
494,Charles Sims,27,TAM,RB,16,0,0,0,0,0,0,0,1,0,0,0,0.0,0,0,0,0.0,0.0,0,
495,Chris Smith,25,CIN,DE,16,0,0,0,0,0,2,1,0,0,0,0,3.0,26,17,9,4.0,9.0,0,
496,Dawuane Smoot,22,JAX,DE,16,0,0,0,0,0,0,0,0,0,0,0,0.0,20,14,6,2.0,5.0,0,
497,Damion Square,28,LAC,DE,16,0,0,0,0,0,3,0,0,1,0,0,0.0,19,13,6,1.0,1.0,0,
498,Ryan Succop,31,TEN,K,16,0,0,0,0,0,0,0,0,0,0,0,0.0,2,1,1,0.0,0.0,0,
499,Nick Sundberg,30,WAS,LS,16,0,0,0,0,0,0,0,0,0,0,0,0.0,4,3,1,0.0,0.0,0,
500,Ryan Switzer,23,DAL,WR,16,0,0,0,0,0,0,0,1,0,0,0,0.0,0,0,0,,,0,
501,Peyton Thompson,27,JAX,DB,16,0,0,0,0,0,0,0,0,0,0,0,0.0,12,9,3,0.0,0.0,0,
502,Brynden Trawick,28,TEN,DB,16,0,0,0,0,0,0,0,0,0,0,0,0.0,12,9,3,0.0,0.0,0,PB
503,Justin Tucker,28,BAL,K,16,0,0,0,0,0,0,0,0,0,0,0,0.0,3,3,0,0.0,0.0,0,AP-2
504,Justin Vogel,24,GNB,P,16,0,0,0,0,0,0,0,0,0,0,0,0.0,1,1,0,0.0,0.0,0,
505,Leterrius Walton,25,PIT,DT,16,0,0,0,0,0,1,0,0,0,0,0,2.0,12,9,3,2.0,3.0,0,
506,Charles Washington,24,DET,DB,16,0,0,0,0,0,0,0,0,0,0,0,0.0,14,11,3,1.0,0.0,0,
507,Joe Webb,31,BUF,WR,16,0,0,0,0,0,0,0,0,0,0,0,0.0,8,4,4,0.0,0.0,0,
508,Eric Weems,32,TEN,WR,16,0,0,0,0,0,0,0,0,0,0,0,0.0,9,7,2,0.0,0.0,0,
509,Kyle Wilber,28,DAL,LB,16,0,0,0,0,0,0,1,0,0,0,0,0.0,10,8,2,0.0,0.0,0,
510,Brandon Williams,25,ARI,DB,16,0,0,0,0,0,0,0,0,0,0,0,0.0,2,0,2,0.0,0.0,0,
511,Eric Wilson,23,MIN,LB,16,0,0,0,0,0,0,1,0,0,0,0,0.0,8,5,3,0.0,0.0,0,
512,James Winchester,28,KAN,LS,16,0,0,0,0,0,0,1,0,0,0,0,0.0,1,1,0,0.0,0.0,0,
513,Mike Windt,31,LAC,LS,16,0,0,0,0,0,0,0,0,0,0,0,0.0,2,0,2,0.0,0.0,0,
514,Brad Wing,26,NYG,P,16,0,0,0,0,0,0,0,0,0,0,0,0.0,2,2,0,0.0,0.0,0,
515,Ricardo Allen,26,ATL,SS,15,15,1,4,0,4,2,0,0,0,0,0,0.0,54,38,16,1.0,0.0,0,
516,Le'Veon Bell,25,PIT,RB,15,15,0,0,0,0,0,0,3,0,0,0,0.0,0,0,0,,,0,"PB,AP-1"
517,Nigel Bradham,28,PHI,RLB,15,15,0,0,0,0,8,1,0,1,37,1,1.0,88,61,27,5.0,3.0,0,
518,Derek Carr,26,OAK,QB,15,15,0,0,0,0,0,0,8,1,-2,0,0.0,0,0,0,0.0,0.0,0,PB
519,Morris Claiborne,27,NYJ,RCB,15,15,1,28,0,28,8,0,0,0,0,0,0.0,43,34,9,1.0,0.0,0,
520,Kenny Clark,22,GNB,NT,15,15,0,0,0,0,1,2,0,0,0,0,4.5,55,32,23,6.0,6.0,0,
521,Trevon Coley,23,CLE,LDT,15,15,0,0,0,0,2,0,1,1,7,0,2.0,41,24,17,7.0,4.0,0,
522,Landon Collins,23,NYG,SS,15,15,2,21,0,21,6,1,0,2,33,0,0.0,104,78,26,3.0,2.0,0,PB
523,Thomas Davis,34,CAR,RLB,15,15,0,0,0,0,0,0,0,1,0,0,2.5,76,52,24,5.0,7.0,0,PB
524,Jack Doyle,27,IND,TE,15,15,0,0,0,0,0,0,2,0,0,0,0.0,0,0,0,0.0,0.0,0,PB
525,Bud Dupree,24,PIT,LOLB,15,15,0,0,0,0,1,0,0,1,0,0,6.0,40,31,9,12.0,7.0,0,
526,Mike Evans,24,TAM,WR,15,15,0,0,0,0,0,0,1,1,0,0,0.0,0,0,0,0.0,0.0,0,
527,Ereck Flowers,23,NYG,LT,15,15,0,0,0,0,0,0,0,1,0,0,0.0,0,0,0,,,0,
528,Jared Goff,23,LAR,QB,15,15,0,0,0,0,0,0,8,0,0,0,0.0,0,0,0,0.0,0.0,0,PB
529,Eddie Goldman,23,CHI,NT,15,15,0,0,0,0,0,0,0,1,0,0,1.5,44,27,17,3.0,5.0,0,
530,Brandon Graham,29,PHI,RDE,15,15,0,0,0,0,2,2,0,1,16,1,9.5,47,33,14,15.0,14.0,0,
531,Everson Griffen,30,MIN,RDE,15,15,0,0,0,0,1,3,0,0,0,0,13.0,45,31,14,12.0,25.0,0,"PB,AP-2"
532,Todd Gurley,23,LAR,RB,15,15,0,0,0,0,0,0,5,1,0,0,0.0,0,0,0,0.0,0.0,0,"PB,AP-1,AP MVP-2,AP OPoY-1,AP CPoY-6"
533,Johnathan Hankins,25,IND,RDE,15,15,0,0,0,0,3,0,0,0,0,0,2.0,44,24,20,4.0,6.0,0,
534,Rob Havenstein,25,LAR,RT,15,15,0,0,0,0,0,0,0,3,0,0,0.0,0,0,0,0.0,0.0,0,
535,Jeff Heath,26,DAL,SS,15,15,3,20,0,14,5,2,0,0,0,0,0.0,71,63,8,2.0,0.0,0,
536,Cameron Heyward,28,PIT,LDE,15,15,0,0,0,0,3,2,0,1,0,0,12.0,45,30,15,16.0,22.0,0,"PB,AP-1,AP CPoY-4"
537,DeAndre Hopkins,25,HOU,WR,15,15,0,0,0,0,0,0,1,0,0,0,0.0,0,0,0,0.0,0.0,0,"PB,AP-1,AP OPoY-4"
538,Justin Houston,28,KAN,LOLB,15,15,0,0,0,0,5,0,0,1,13,1,9.5,59,46,13,16.0,20.0,0,
539,Timmy Jernigan,25,PHI,LDT,15,15,0,0,0,0,0,0,0,0,0,0,2.5,29,16,13,9.0,8.0,0,
540,Derrick Johnson,35,KAN,RILB/LILB,15,15,0,0,0,0,7,1,0,1,3,0,0.0,71,48,23,5.0,0.0,0,
541,Lane Johnson,27,PHI,RT,15,15,0,0,0,0,0,0,0,1,0,0,0.0,0,0,0,,,0,"PB,AP-1"
542,Michael Johnson,30,CIN,RDE,15,15,0,0,0,0,1,0,0,0,0,0,5.0,49,35,14,11.0,7.0,0,
543,Abry Jones,26,JAX,LDT,15,15,0,0,0,0,6,1,0,1,0,0,1.0,31,24,7,1.0,3.0,0,
544,Karl Joseph,24,OAK,SS,15,15,1,-1,0,-1,4,1,0,1,0,0,1.0,79,58,21,2.0,1.0,0,
545,DeShone Kizer,21,CLE,QB,15,15,0,0,0,0,0,0,9,2,-14,0,0.0,0,0,0,0.0,0.0,0,
546,Luke Kuechly,26,CAR,MLB,15,15,3,23,0,23,6,1,0,3,34,1,1.5,125,74,51,7.0,5.0,0,"PB,AP-1"
547,Nevin Lawson,26,DET,RCB,15,15,0,0,0,0,4,1,0,1,44,1,0.0,47,40,7,0.0,1.0,0,
548,Darron Lee,23,NYJ,LILB,15,15,0,0,0,0,3,2,0,0,0,0,3.0,94,67,27,9.0,6.0,0,
549,Marshawn Lynch,31,OAK,RB,15,15,0,0,0,0,0,0,1,0,0,0,0.0,0,0,0,0.0,0.0,0,AP CPoY-6
550,Eli Manning,36,NYG,QB,15,15,0,0,0,0,0,0,11,5,-5,0,0.0,0,0,0,0.0,0.0,0,
551,Marcus Mariota,24,TEN,QB,15,15,0,0,0,0,0,0,2,1,-7,0,0.0,0,0,0,0.0,0.0,0,
552,Bobby Massie,28,CHI,RT,15,15,0,0,0,0,0,0,0,2,0,0,0.0,0,0,0,0.0,0.0,0,
553,Gerald McCoy,29,TAM,LDT,15,15,0,0,0,0,1,0,0,0,0,0,6.0,47,33,14,13.0,24.0,0,PB
554,Jalen Mills,23,PHI,LCB,15,15,3,53,1,37,14,0,0,0,0,0,0.0,64,51,13,1.0,0.0,0,
555,Antonio Morrison,23,IND,LILB,15,15,0,0,0,0,1,0,0,0,0,0,0.0,109,64,45,3.0,0.0,0,
556,DeMarco Murray,29,TEN,RB,15,15,0,0,0,0,0,0,1,0,0,0,0.0,0,0,0,0.0,0.0,0,
557,Alec Ogletree,26,LAR,RILB,15,15,1,41,1,41,10,1,0,1,0,0,2.0,95,63,32,3.0,5.0,0,
558,Russell Okung,29,LAC,LT,15,15,0,0,0,0,0,0,0,1,0,0,0.0,0,0,0,,,0,PB
559,Ron Parker,30,KAN,SS,15,15,2,0,0,40,4,0,0,2,7,0,0.0,67,58,9,0.0,0.0,0,
560,Jordan Poyer,26,BUF,FS,15,15,5,33,1,19,13,0,0,1,32,0,2.0,95,63,32,4.0,2.0,0,
561,Jarran Reed,25,SEA,LDT,15,15,0,0,0,0,1,1,0,0,0,0,1.5,45,23,22,4.0,8.0,0,
562,Sheldon Richardson,27,SEA,RDT,15,15,1,5,0,5,1,1,0,2,20,0,1.0,44,27,17,3.0,7.0,0,
563,Cam Robinson,22,JAX,LT,15,15,0,0,0,0,0,0,0,1,0,0,0.0,0,0,0,,,0,
564,Ben Roethlisberger,35,PIT,QB,15,15,0,0,0,0,0,0,3,2,-10,0,0.0,0,0,0,0.0,0.0,0,PB
565,Logan Ryan,26,TEN,RCB,15,15,0,0,0,0,11,1,0,0,0,0,0.0,62,50,12,2.0,0.0,0,
566,Buster Skrine,28,NYJ,LCB,15,15,1,0,0,0,9,2,0,2,8,0,1.0,63,56,7,2.0,2.0,0,
567,Alex Smith,33,KAN,QB,15,15,0,0,0,0,0,0,1,3,-2,0,0.0,0,0,0,0.0,0.0,0,PB
568,Joe Staley,33,SFO,LT,15,15,0,0,0,0,0,0,0,1,0,0,0.0,0,0,0,0.0,0.0,0,PB
569,John Sullivan,32,LAR,C,15,15,0,0,0,0,0,0,0,1,0,0,0.0,0,0,0,0.0,0.0,0,
570,Aqib Talib,31,DEN,LCB,15,15,1,103,1,103,7,1,0,0,0,0,0.0,31,23,8,0.0,0.0,0,PB
571,Desmond Trufant,27,ATL,RCB,15,15,2,43,0,43,12,0,1,3,15,1,1.0,41,36,5,3.0,1.0,0,
572,T.J. Watt,23,PIT,ROLB,15,15,1,17,0,17,7,1,0,0,0,0,7.0,54,40,14,10.0,13.0,0,
573,Andrew Whitworth,36,LAR,LT,15,15,0,0,0,0,0,0,0,2,0,0,0.0,0,0,0,0.0,0.0,0,"PB,AP-1"
574,Marcus Williams,21,NOR,FS,15,15,4,12,0,12,7,0,0,0,0,0,0.0,73,59,14,1.0,0.0,0,
575,K.J. Wright,28,SEA,RLB,15,15,1,1,0,1,6,0,0,1,0,0,0.0,108,71,37,5.0,2.0,0,
576,Chris Baker,30,TAM,RDT,15,14,0,0,0,0,2,0,0,0,0,0,0.5,33,24,9,2.0,5.0,0,
577,Bashaud Breeland,25,WAS,LCB,15,14,1,96,1,96,19,0,0,0,0,0,0.0,50,37,13,0.0,0.0,0,
578,Randall Cobb,27,GNB,WR,15,14,0,0,0,0,0,0,1,0,0,0,0.0,0,0,0,0.0,0.0,0,
579,Case Keenum,29,MIN,QB,15,14,0,0,0,0,0,1,1,0,0,0,0.0,0,0,0,0.0,0.0,0,AP CPoY-2
580,Robert Quinn,27,LAR,LOLB,15,14,0,0,0,0,1,2,0,0,0,0,8.5,32,21,11,9.0,12.0,0,
581,Elandon Roberts,23,NWE,MLB/RLB,15,14,0,0,0,0,1,0,0,1,0,0,2.0,67,45,22,6.0,6.0,0,
582,Daniel Sorensen,27,KAN,FS,15,14,1,3,0,3,6,0,1,0,0,0,1.5,89,67,22,5.0,7.0,0,
583,Tyrod Taylor,28,BUF,QB,15,14,0,0,0,0,0,0,4,0,-7,0,0.0,0,0,0,,,0,
584,Mike Wallace,31,BAL,WR,15,14,0,0,0,0,0,0,0,1,0,0,0.0,0,0,0,0.0,0.0,0,
585,Daryl Worley,22,CAR,RCB,15,14,2,0,0,0,10,0,0,0,0,0,1.0,64,50,14,4.0,1.0,0,
586,Tyreek Hill,23,KAN,WR,15,13,0,0,0,0,0,0,2,2,0,0,0.0,0,0,0,0.0,0.0,0,PB
587,Evander Hood,30,WAS,NT,15,13,0,0,0,0,0,0,0,0,0,0,0.5,25,13,12,1.0,10.0,0,
588,Mychal Kendricks,27,PHI,LLB,15,13,0,0,0,0,6,0,0,0,0,0,2.0,77,55,22,4.0,5.0,0,
589,Alex Collins,23,BAL,RB,15,12,0,0,0,0,0,0,4,1,0,0,0.0,0,0,0,0.0,0.0,0,
590,Zach Fulton,26,KAN,C,15,12,0,0,0,0,0,0,3,0,-9,0,0.0,0,0,0,,,0,
591,Bennie Logan,28,KAN,NT,15,12,0,0,0,0,1,0,0,0,0,0,1.5,52,35,17,9.0,3.0,0,
592,Jake Ryan,25,GNB,LILB,15,12,0,0,0,0,0,1,0,1,0,0,1.0,81,52,29,4.0,1.0,0,
593,Levine Toilolo,26,ATL,TE,15,12,0,0,0,0,0,0,0,1,0,1,0.0,4,2,2,0.0,0.0,0,
594,Nick Boyle,24,BAL,TE,15,11,0,0,0,0,0,1,0,1,0,0,0.0,0,0,0,0.0,0.0,0,
595,Orleans Darkwa,25,NYG,RB,15,11,0,0,0,0,0,0,1,0,0,0,0.0,1,1,0,0.0,0.0,0,
596,Shaquill Griffin,22,SEA,RCB,15,11,1,0,0,0,15,0,0,0,0,0,1.0,59,50,9,2.0,1.0,0,
597,Devon Kennard,26,NYG,LLB,15,11,0,0,0,0,2,0,0,1,0,0,4.0,41,24,17,7.0,7.0,0,
598,Sylvester Williams,29,TEN,NT,15,11,0,0,0,0,0,0,0,0,0,0,0.0,20,12,8,4.0,0.0,0,
599,NaVorro Bowman,29,2TM,MLB,15,15,1,0,0,0,3,0,0,1,1,0,1.5,127,80,47,6.0,5.0,0,
599,NaVorro Bowman,29,SFO,MLB,5,5,0,0,0,0,1,0,0,0,0,0,0.0,38,22,16,1.0,1.0,0,
599,NaVorro Bowman,29,OAK,MLB,10,10,1,0,0,0,2,0,0,1,1,0,1.5,89,58,31,5.0,4.0,0,
600,Ted Ginn Jr.,32,NOR,WR,15,10,0,0,0,0,0,0,2,2,0,0,0.0,0,0,0,0.0,0.0,0,
601,Bilal Powell,29,NYJ,RB,15,10,0,0,0,0,0,0,1,0,0,0,0.0,0,0,0,0.0,0.0,0,
602,Ryan Smith,24,TAM,LCB,15,10,0,0,0,0,5,2,0,1,0,0,0.0,63,52,11,0.0,0.0,0,
603,Jonathan Stewart,30,CAR,RB,15,10,0,0,0,0,0,0,3,2,0,0,0.0,0,0,0,0.0,0.0,0,
604,Adolphus Washington,23,BUF,RDT,15,10,0,0,0,0,2,0,0,0,0,0,1.0,33,22,11,6.0,4.0,0,
605,Carl Davis,25,BAL,RDE,15,9,0,0,0,0,1,0,0,0,0,0,0.5,19,12,7,2.0,1.0,0,
606,Terrance Mitchell,25,KAN,RCB,15,9,4,40,0,0,18,0,0,0,0,0,0.0,53,48,5,0.0,0.0,0,
607,Danny Amendola,32,NWE,WR,15,8,0,0,0,0,0,0,2,0,0,0,0.0,0,0,0,0.0,0.0,0,
608,Martavis Bryant,26,PIT,WR,15,8,0,0,0,0,0,0,0,1,0,0,0.0,0,0,0,0.0,0.0,0,
609,Roger Lewis,24,NYG,WR,15,8,0,0,0,0,0,0,0,0,0,0,0.0,2,2,0,0.0,0.0,0,
610,Korey Toomer,29,LAC,MLB,15,8,1,59,1,59,3,2,0,0,0,0,1.0,48,30,18,1.0,2.0,0,
611,Josh Bellamy,28,CHI,WR,15,7,0,0,0,0,0,0,0,0,0,0,0.0,2,2,0,0.0,0.0,0,
612,Andrew Billings,22,CIN,LDT,15,7,0,0,0,0,0,0,0,0,0,0,0.0,13,9,4,2.0,1.0,0,
613,Leonard Johnson,27,BUF,LB,15,7,0,0,0,0,7,1,0,1,0,0,0.0,53,41,12,2.0,0.0,0,
614,Jourdan Lewis,22,DAL,DB,15,7,1,25,0,25,10,0,0,0,0,0,0.0,54,48,6,2.0,0.0,0,
615,Seth Roberts,26,OAK,WR,15,7,0,0,0,0,0,0,2,0,0,0,0.0,0,0,0,0.0,0.0,0,
616,Antoine Bethea,33,ARI,DB,15,6,5,51,0,21,9,1,0,0,0,0,1.0,57,47,10,1.0,2.0,0,
617,Jamison Crowder,24,WAS,WR,15,6,0,0,0,0,0,0,6,1,0,0,0.0,1,1,0,0.0,1.0,0,
618,Evan Dietrich-Smith,31,TAM,C,15,6,0,0,0,0,0,0,1,0,-9,0,0.0,0,0,0,,,0,
619,Cooper Kupp,24,LAR,WR,15,6,0,0,0,0,0,0,1,0,0,0,0.0,0,0,0,0.0,0.0,0,
620,Dexter McDonald,26,OAK,LCB,15,6,0,0,0,0,7,1,0,0,0,0,0.0,43,36,7,0.0,0.0,0,
621,Sean McGrath,30,LAC,TE,15,6,0,0,0,0,0,0,0,0,0,0,0.0,2,2,0,0.0,0.0,0,
622,David Morgan,24,MIN,TE,15,6,0,0,0,0,0,0,0,1,0,0,0.0,0,0,0,,,0,
623,Martrell Spaight,24,WAS,LB,15,6,0,0,0,0,2,0,0,1,0,0,0.0,75,45,30,4.0,1.0,0,
624,Danny Vitale,24,CLE,FB,15,6,0,0,0,0,0,0,0,0,0,0,0.0,8,7,1,0.0,0.0,0,
625,Stephen Anderson,24,HOU,TE,15,5,0,0,0,0,0,0,0,0,0,0,0.0,1,1,0,0.0,0.0,0,
626,Ray-Ray Armstrong,26,2TM,DB,15,6,2,29,0,29,2,2,0,0,0,0,1.0,64,44,20,2.0,1.0,0,
626,Ray-Ray Armstrong,26,SFO,RLB,10,5,2,29,0,29,2,1,0,0,0,0,1.0,54,39,15,2.0,1.0,0,
626,Ray-Ray Armstrong,26,NYG,DB,5,1,0,0,0,0,0,1,0,0,0,0,0.0,10,5,5,0.0,0.0,0,
627,Davon Godchaux,23,MIA,RDT,15,5,0,0,0,0,1,1,0,0,0,0,0.0,40,26,14,1.0,3.0,0,
628,William Jackson III,25,CIN,DB,15,5,1,75,1,75,14,0,1,0,0,0,1.0,27,21,6,1.0,1.0,0,
629,Nick O'Leary,25,BUF,TE,15,5,0,0,0,0,0,0,1,0,0,0,0.0,0,0,0,0.0,0.0,0,
630,Dominique Rodgers-Cromartie,31,NYG,CB,15,5,0,0,0,0,1,0,0,0,0,0,0.5,48,31,17,4.0,2.0,0,
631,Darius Butler,31,IND,DB,15,4,0,0,0,0,4,2,0,1,32,0,0.0,29,23,6,0.0,0.0,0,
632,Marcus Cooper,27,CHI,DB,15,4,0,0,0,0,3,0,1,0,0,0,0.0,18,17,1,0.0,0.0,0,
633,Quinton Dunbar,25,WAS,DB,15,4,1,0,0,0,8,0,0,0,0,0,0.0,35,30,5,1.0,0.0,0,
634,Kony Ealy,26,NYJ,DE,15,4,1,9,0,9,9,0,0,0,0,0,1.0,14,11,3,2.0,3.0,0,
635,Jordan Evans,22,CIN,LB,15,4,0,0,0,0,2,0,0,0,0,0,0.0,38,27,11,3.0,1.0,0,
636,Rashard Higgins,23,CLE,WR,15,4,0,0,0,0,0,0,1,0,0,0,0.0,0,0,0,0.0,0.0,0,
637,Adrian Phillips,25,LAC,DB,15,4,2,13,0,9,5,1,0,0,0,0,0.0,63,50,13,2.0,1.0,0,
638,Darryl Roberts,27,NYJ,DB,15,4,1,0,0,0,8,0,0,0,0,0,0.0,40,37,3,0.0,0.0,0,
639,Nickell Robey-Coleman,25,LAR,DB,15,4,2,56,0,31,9,1,0,1,0,0,0.0,49,39,10,3.0,0.0,0,
640,Nick Vannett,24,SEA,TE,15,4,0,0,0,0,0,0,0,0,0,0,0.0,2,1,1,0.0,0.0,0,
641,Beau Allen,26,PHI,DT,15,3,0,0,0,0,0,0,0,0,0,0,1.0,20,13,7,4.0,4.0,0,
642,Tevin Coleman,24,ATL,RB,15,3,0,0,0,0,0,0,1,0,0,0,0.0,0,0,0,0.0,0.0,0,
643,Terence Garvin,26,SEA,LB,15,3,0,0,0,0,1,1,0,0,0,0,1.0,25,16,9,1.0,3.0,0,
644,Josh Hawkins,24,GNB,DB,15,3,0,0,0,0,6,1,0,0,0,0,0.0,38,28,10,3.0,6.0,0,
645,Brian Poole,25,ATL,DB,15,3,0,0,0,0,4,0,0,0,0,0,1.0,63,49,14,2.0,3.0,0,
646,Michael Roberts,23,DET,TE,15,3,0,0,0,0,0,0,0,0,0,0,0.0,1,0,1,0.0,0.0,0,
647,Russell Shepard,27,CAR,WR,15,3,0,0,0,0,0,1,1,0,0,0,0.0,7,6,1,0.0,0.0,0,
648,Cedric Thornton,29,BUF,DT,15,3,0,0,0,0,0,0,0,0,0,0,2.0,27,18,9,5.0,4.0,0,
649,Kerry Wynn,26,NYG,DE,15,3,0,0,0,0,0,0,0,0,0,0,1.0,19,14,5,1.0,0.0,0,
650,Geronimo Allison,23,GNB,WR,15,2,0,0,0,0,0,0,2,0,0,0,0.0,0,0,0,0.0,0.0,0,
651,David Bass,27,2TM,DE,15,2,0,0,0,0,0,0,0,0,0,0,3.5,26,16,10,4.0,6.0,0,
651,David Bass,27,SEA,DE,2,0,0,0,0,0,0,0,0,0,0,0,0.0,1,0,1,0.0,0.0,0,
651,David Bass,27,NYJ,DE,13,2,0,0,0,0,0,0,0,0,0,0,3.5,25,16,9,4.0,6.0,0,
652,Xavier Grimble,25,PIT,TE,15,2,0,0,0,0,0,0,0,0,0,0,0.0,1,0,1,0.0,0.0,0,
653,Brian Mihalik,25,DET,DE,15,2,0,0,0,0,0,0,0,0,0,0,0.0,1,1,0,0.0,0.0,0,
654,Alterraun Verner,29,MIA,DB,15,2,0,0,0,0,4,1,0,0,0,0,0.0,15,12,3,0.0,0.0,0,
655,Cornelius Washington,28,DET,LB,15,2,0,0,0,0,3,0,0,0,0,0,2.5,24,15,9,3.0,11.0,0,
656,Terrence Brooks,25,NYJ,DB,15,1,2,13,0,13,3,0,0,0,0,0,0.0,13,10,3,0.0,3.0,0,
657,Trey Burton,26,PHI,TE,15,1,0,0,0,0,0,0,0,1,0,0,0.0,6,3,3,0.0,0.0,0,
658,Javien Elliott,24,TAM,DB,15,1,0,0,0,0,0,0,0,0,0,0,0.0,5,5,0,0.0,0.0,0,
659,Chad Hansen,22,NYJ,WR,15,1,0,0,0,0,0,0,0,0,0,0,0.0,1,1,0,0.0,0.0,0,
660,Jacob Hollister,24,NWE,TE,15,1,0,0,0,0,0,1,0,1,0,0,0.0,4,1,3,0.0,0.0,0,
661,Mike Jordan,25,CLE,DB,15,1,0,0,0,0,3,0,0,0,0,0,0.0,20,16,4,0.0,0.0,0,
662,Cre'von LeBlanc,23,CHI,DB,15,1,0,0,0,0,3,1,0,0,0,0,1.0,17,14,3,1.0,1.0,0,
663,Cassius Marsh,25,2TM,DE,15,1,0,0,0,0,0,3,0,0,0,0,3.0,30,26,4,1.0,4.0,0,
663,Cassius Marsh,25,NWE,DE,9,1,0,0,0,0,0,1,0,0,0,0,1.0,19,16,3,1.0,2.0,0,
663,Cassius Marsh,25,SFO,DE,6,0,0,0,0,0,0,2,0,0,0,0,2.0,11,10,1,0.0,2.0,0,
664,Brian Robison,34,MIN,DE,15,1,0,0,0,0,2,0,0,0,0,0,4.0,20,15,5,3.0,9.0,0,
665,Rod Smith,25,DAL,RB,15,1,0,0,0,0,0,0,0,0,0,0,0.0,5,5,0,0.0,0.0,0,
666,Terrance Smith,24,KAN,LB,15,1,1,7,0,7,2,0,0,0,0,0,0.0,11,10,1,0.0,0.0,0,
667,Tye Smith,24,TEN,DB,15,1,1,14,0,14,1,0,0,0,0,0,0.0,20,15,5,0.0,0.0,0,
668,Shamar Stephen,26,MIN,DT,15,1,0,0,0,0,0,0,0,0,0,0,1.0,28,9,19,1.0,3.0,0,
669,Trent Taylor,23,SFO,WR,15,1,0,0,0,0,0,0,1,0,0,0,0.0,0,0,0,0.0,0.0,0,
670,Derek Barnett,21,PHI,DE,15,0,0,0,0,0,0,1,0,3,23,1,5.0,21,18,3,8.0,16.0,0,
671,Tarell Basham,23,IND,DE,15,0,0,0,0,0,0,1,0,0,0,0,2.0,7,5,2,1.0,4.0,0,
672,Nat Berhe,26,NYG,DB,15,0,0,0,0,0,0,0,0,0,0,0,1.0,12,8,4,1.0,2.0,0,
673,Chuck Clark,22,BAL,DB,15,0,0,0,0,0,2,0,0,0,0,0,0.0,13,12,1,0.0,0.0,0,
674,Will Clarke,26,TAM,DE,15,0,0,0,0,0,1,0,0,1,0,0,2.5,15,12,3,2.0,5.0,0,
675,Michael Davis,22,LAC,DB,15,0,0,0,0,0,1,0,0,0,0,0,0.0,18,14,4,0.0,0.0,0,
676,Kurtis Drummond,25,HOU,DB,15,0,0,0,0,0,0,0,0,0,0,0,1.0,20,16,4,1.0,1.0,0,
677,Jake Elliott,22,PHI,K,15,0,0,0,0,0,0,0,0,0,0,0,0.0,1,1,0,0.0,0.0,0,
678,L.J. Fort,27,PIT,LB,15,0,0,0,0,0,4,0,0,0,0,0,1.0,11,9,2,2.0,3.0,0,
679,Kavon Frazier,23,DAL,DB,15,0,0,0,0,0,0,1,0,0,0,0,0.0,33,23,10,2.0,0.0,0,
680,Erik Harris,27,OAK,DB,15,0,0,0,0,0,0,0,0,0,0,0,0.0,5,4,1,0.0,0.0,0,
681,Lano Hill,22,SEA,DB,15,0,0,0,0,0,0,0,0,0,0,0,0.0,5,3,2,0.0,0.0,0,
682,Akeem Hunt,24,KAN,RB,15,0,0,0,0,0,0,0,0,0,0,0,0.0,4,4,0,0.0,0.0,0,
683,Rayshawn Jenkins,23,LAC,DB,15,0,0,0,0,0,1,0,0,0,0,0,0.0,13,10,3,0.0,1.0,0,
684,Jayron Kearse,23,MIN,DB,15,0,0,0,0,0,0,0,0,0,0,0,0.0,13,9,4,1.0,0.0,0,
685,Karl Klug,29,TEN,DT,15,0,0,0,0,0,0,0,0,0,0,0,1.5,18,13,5,3.0,3.0,0,
686,Tommylee Lewis,25,NOR,WR,15,0,0,0,0,0,0,0,1,0,0,0,0.0,0,0,0,0.0,0.0,0,
687,Steve Longa,23,DET,LB,15,0,0,0,0,0,0,0,0,0,0,0,0.0,13,12,1,0.0,0.0,0,
688,Tyler Matakevich,25,PIT,LB,15,0,0,0,0,0,1,0,0,0,0,0,0.0,23,18,5,0.0,0.0,0,
689,Chris McCain,26,LAC,LB,15,0,0,0,0,0,0,2,0,0,0,0,5.0,20,18,2,4.0,5.0,0,
690,Tanner McEvoy,24,SEA,TE,15,0,0,0,0,0,0,1,1,0,0,0,0.0,4,4,0,0.0,0.0,0,
691,Tenny Palepoi,27,LAC,DT,15,0,0,0,0,0,0,0,0,0,0,0,1.0,24,20,4,7.0,1.0,0,
692,Grover Stewart,24,IND,DT,15,0,0,0,0,0,0,0,0,0,0,0,0.0,23,12,11,1.0,5.0,0,
693,Robert Thomas,26,NYG,DT,15,0,0,0,0,0,0,0,0,0,0,0,0.0,16,5,11,2.0,0.0,0,
694,Tanner Vallejo,23,BUF,LB,15,0,0,0,0,0,0,0,0,0,0,0,0.0,5,3,2,0.0,0.0,0,
695,DeAndre Washington,24,OAK,RB,15,0,0,0,0,0,0,0,2,2,0,0,0.0,2,2,0,0.0,0.0,0,
696,Stephen Weatherly,23,MIN,LB,15,0,0,0,0,0,0,0,0,0,0,0,0.0,7,7,0,2.0,0.0,0,
697,Marcus Williams,26,2TM,DB,15,0,1,2,0,2,4,0,0,0,0,0,0.0,18,18,0,1.0,0.0,0,
697,Marcus Williams,26,NYJ,DB,5,0,0,0,0,0,0,0,0,0,0,0,0.0,5,5,0,0.0,0.0,0,
697,Marcus Williams,26,HOU,DB,10,0,1,2,0,2,4,0,0,0,0,0,0.0,13,13,0,1.0,0.0,0,
698,Jarrod Wilson,23,JAX,DB,15,0,0,0,0,0,0,0,0,1,0,0,0.0,11,10,1,0.0,0.0,0,
699,David Andrews,25,NWE,C,14,14,0,0,0,0,0,0,0,2,0,0,0.0,0,0,0,0.0,0.0,0,
700,Ezekiel Ansah,28,DET,RDE,14,14,0,0,0,0,0,1,0,1,0,0,12.0,44,39,5,15.0,17.0,0,
701,Mark Barron,28,LAR,DB,14,14,3,29,0,15,4,0,0,0,0,0,1.0,86,73,13,7.0,2.0,0,
702,Jonathan Bostic,26,IND,RILB,14,14,0,0,0,0,3,0,0,1,0,0,1.0,97,57,40,6.0,2.0,0,
703,Andre Branch,28,MIA,LDE/NT,14,14,0,0,0,0,1,0,0,0,0,0,4.5,23,12,11,5.0,8.0,0,
704,Antonio Brown,29,PIT,WR,14,14,0,0,0,0,0,0,4,1,0,0,0.0,0,0,0,0.0,0.0,0,"PB,AP-1,AP OPoY-2"
705,Fletcher Cox,27,PHI,RDT,14,14,0,0,0,0,2,1,0,2,20,1,5.5,26,15,11,5.0,17.0,0,"PB,AP-2"
706,Michael Crabtree,30,OAK,WR,14,14,0,0,0,0,0,0,1,1,0,0,0.0,0,0,0,0.0,0.0,0,
707,Jay Cutler,34,MIA,QB,14,14,0,0,0,0,0,0,6,6,-5,0,0.0,0,0,0,,,0,
708,Mike Daniels,28,GNB,RDE,14,14,0,0,0,0,0,1,0,0,0,0,5.0,49,34,15,10.0,14.0,0,PB
709,Jarrad Davis,23,DET,MLB,14,14,1,12,0,12,3,1,0,1,16,0,2.0,96,65,31,4.0,4.0,0,
710,Todd Davis,25,DEN,RILB,14,14,0,0,0,0,0,0,0,0,0,0,1.0,82,48,34,4.0,1.0,0,
711,Aaron Donald,26,LAR,RDE,14,14,0,0,0,0,1,5,0,1,0,0,11.0,41,32,9,15.0,27.0,0,"PB,AP-1,AP DPoY-1"
712,Mario Edwards,23,OAK,LDE,14,14,0,0,0,0,0,0,0,0,0,0,3.5,27,19,8,4.0,9.0,0,
713,Jahri Evans,34,GNB,RG,14,14,0,0,0,0,0,0,0,1,0,0,0.0,0,0,0,0.0,0.0,0,
714,Trey Flowers,24,NWE,RDE,14,14,0,0,0,0,3,2,0,0,0,0,6.5,62,45,17,8.0,25.0,0,
715,Devonta Freeman,25,ATL,RB,14,14,0,0,0,0,0,0,4,0,0,0,0.0,0,0,0,0.0,0.0,0,
716,Rob Gronkowski,28,NWE,TE,14,14,0,0,0,0,1,0,1,0,0,0,0.0,0,0,0,0.0,0.0,0,"PB,AP-1,AP CPoY-3"
717,O.J. Howard,23,TAM,TE,14,14,0,0,0,0,0,0,3,1,0,0,0.0,0,0,0,0.0,0.0,0,
718,Dre Kirkpatrick,28,CIN,LCB,14,14,1,101,0,101,14,1,1,1,0,0,1.0,55,47,8,4.0,1.0,0,
719,Marqise Lee,26,JAX,WR,14,14,0,0,0,0,0,0,1,0,0,0,0.0,0,0,0,0.0,0.0,0,
720,Clay Matthews,31,GNB,LOLB,14,14,0,0,0,0,2,1,1,1,63,0,7.5,43,27,16,8.0,21.0,0,
721,Jason McCourty,30,CLE,LCB,14,14,3,59,1,56,14,2,0,0,0,0,0.0,65,54,11,5.0,0.0,0,
722,Rodney McLeod,27,PHI,SS,14,14,3,67,0,50,6,1,0,1,9,0,0.0,54,39,15,2.0,0.0,0,
723,Derrick Morgan,28,TEN,LOLB,14,14,0,0,0,0,2,0,0,2,0,0,7.5,32,16,16,6.0,14.0,0,
724,Marshall Newhouse,29,OAK,RT,14,14,0,0,0,0,0,0,1,1,0,0,0.0,0,0,0,,,0,
725,Josh Norman,30,WAS,RCB,14,14,0,0,0,0,9,2,0,1,0,0,0.0,64,47,17,0.0,0.0,0,
726,Domata Peko,33,DEN,NT,14,14,0,0,0,0,0,0,0,1,1,0,1.0,38,24,14,6.0,1.0,0,
727,Marcus Peters,24,KAN,LCB,14,14,5,137,0,62,9,3,1,2,45,1,0.0,46,42,4,2.0,0.0,0,
728,D.J. Reader,23,HOU,LDE/NT,14,14,0,0,0,0,0,0,0,0,0,0,1.0,47,23,24,3.0,6.0,0,
729,Ryan Schraeder,29,ATL,RT,14,14,0,0,0,0,0,0,0,1,0,0,0.0,0,0,0,0.0,0.0,0,
730,Danny Shelton,24,CLE,RDT,14,14,0,0,0,0,1,0,0,0,0,0,0.0,33,20,13,5.0,1.0,0,
731,Telvin Smith,26,JAX,LLB,14,14,3,56,1,28,5,1,0,2,52,1,1.0,102,76,26,12.0,2.0,0,"PB,AP-2"
732,Earl Thomas,28,SEA,FS,14,14,2,97,1,78,7,1,0,0,0,0,0.0,88,56,32,1.0,0.0,0,"PB,AP-2"
733,Shaq Thompson,23,CAR,LLB,14,14,0,0,0,0,1,1,0,0,0,0,2.0,61,41,20,6.0,6.0,0,
734,Lawrence Timmons,31,MIA,RLB,14,14,0,0,0,0,3,0,0,0,0,0,0.0,84,58,26,5.0,3.0,0,
735,Allen Bailey,28,KAN,RDE,14,13,0,0,0,0,0,0,0,0,0,0,2.0,38,21,17,6.0,2.0,0,
736,Connor Barwin,31,LAR,LILB,14,13,0,0,0,0,0,0,0,1,0,0,5.0,34,26,8,7.0,12.0,0,
737,Alex Boone,30,ARI,LG,14,13,0,0,0,0,0,0,0,1,0,0,0.0,0,0,0,0.0,0.0,0,
738,Zach Ertz,27,PHI,TE,14,13,0,0,0,0,0,0,1,0,0,0,0.0,0,0,0,0.0,0.0,0,PB
739,Hunter Henry,23,LAC,TE,14,13,0,0,0,0,0,0,0,1,0,0,0.0,0,0,0,0.0,0.0,0,
740,Prince Amukamara,28,CHI,LCB,14,12,0,0,0,0,7,0,0,1,0,0,0.0,48,45,3,0.0,0.0,0,
741,Amari Cooper,23,OAK,WR,14,12,0,0,0,0,0,0,1,0,0,0,0.0,0,0,0,0.0,0.0,0,
742,Damarious Randall,25,GNB,RCB/LCB,14,12,4,35,1,21,9,0,0,1,0,0,0.0,47,38,9,4.0,0.0,0,
743,Julius Thomas,29,MIA,TE,14,12,0,0,0,0,0,0,1,1,0,0,0.0,0,0,0,0.0,0.0,0,
744,Solomon Thomas,22,SFO,RDE,14,12,0,0,0,0,0,0,0,1,0,0,3.0,41,34,7,10.0,11.0,0,
745,Eric Tomlinson,25,NYJ,TE,14,12,0,0,0,0,0,0,0,0,0,0,0.0,2,2,0,0.0,0.0,0,
746,Ameer Abdullah,24,DET,RB,14,11,0,0,0,0,0,0,2,0,0,0,0.0,0,0,0,0.0,0.0,0,
747,Justin Evans,22,TAM,FS,14,11,3,28,0,15,6,0,0,0,0,0,0.0,66,50,16,2.0,0.0,0,
748,Vincent Rey,30,CIN,RLB,14,11,1,12,0,12,1,0,0,0,0,0,0.0,85,52,33,1.0,0.0,0,
749,William Gholston,26,TAM,RDE,14,10,0,0,0,0,0,0,0,0,0,0,0.0,36,21,15,4.0,1.0,0,
750,Matthew Ioannidis,23,WAS,RDE,14,10,0,0,0,0,0,1,0,0,0,0,4.5,27,13,14,3.0,17.0,0,
751,Kyle Juszczyk,26,SFO,FB,14,10,0,0,0,0,0,0,2,0,0,0,0.0,2,2,0,0.0,0.0,0,PB
752,Derrick Kindred,24,CLE,FS,14,10,1,30,0,30,6,0,0,0,0,0,0.0,57,43,14,10.0,2.0,0,
753,James Burgess,23,CLE,RLB,14,9,0,0,0,0,3,1,0,0,0,0,4.0,75,49,26,12.0,7.0,0,
754,Josh Martin,26,NYJ,LOLB,14,9,0,0,0,0,1,0,0,0,0,0,1.5,43,28,15,10.0,8.0,0,
755,Robert McClain,29,TAM,CB,14,9,3,53,1,47,5,0,0,0,0,0,0.0,50,41,9,2.0,0.0,0,
756,Michael Wilhoite,31,SEA,LLB,14,9,1,0,0,0,1,0,0,0,0,0,0.0,30,21,9,2.0,0.0,0,
757,Vic Beasley,25,ATL,LLB,14,8,0,0,0,0,2,1,0,0,0,0,5.0,29,23,6,8.0,5.0,0,
758,Deshazor Everett,25,WAS,SS,14,8,0,0,0,0,5,1,0,0,0,0,0.0,62,41,21,0.0,1.0,0,
759,Niles Paul,28,WAS,TE,14,8,0,0,0,0,0,0,0,0,0,0,0.0,3,1,2,0.0,0.0,0,
760,Pat Sims,32,CIN,LDT,14,8,0,0,0,0,0,0,0,0,0,0,0.5,25,9,16,3.0,3.0,0,
761,Jay Ajayi,24,2TM,RB,14,8,0,0,0,0,0,0,3,0,0,0,0.0,0,0,0,0.0,0.0,0,
761,Jay Ajayi,24,MIA,RB,7,7,0,0,0,0,0,0,1,0,0,0,0.0,0,0,0,,,0,
761,Jay Ajayi,24,PHI,RB,7,1,0,0,0,0,0,0,2,0,0,0,0.0,0,0,0,0.0,0.0,0,
762,Joe Mixon,21,CIN,RB,14,7,0,0,0,0,0,0,3,1,0,0,0.0,0,0,0,0.0,0.0,0,
763,Olsen Pierre,26,ARI,LDE,14,7,0,0,0,0,2,1,0,0,0,0,5.5,30,22,8,9.0,9.0,0,
764,Rashard Robinson,22,2TM,DB,14,8,1,0,0,0,7,1,0,1,2,0,0.0,29,22,7,0.0,0.0,0,
764,Rashard Robinson,22,SFO,LCB,8,7,1,0,0,0,7,1,0,1,2,0,0.0,27,20,7,0.0,0.0,0,
764,Rashard Robinson,22,NYJ,DB,6,1,0,0,0,0,0,0,0,0,0,0,0.0,2,2,0,0.0,0.0,0,
765,Ryan Russell,25,TAM,DE,14,7,0,0,0,0,0,0,0,0,0,0,2.0,17,13,4,2.0,5.0,0,
766,Sean Smith,30,OAK,LCB,14,7,2,8,0,8,4,0,0,0,0,0,0.0,34,32,2,0.0,1.0,0,
767,Adrian Colbert,24,SFO,DB,14,6,0,0,0,0,5,2,0,1,0,0,0.0,37,34,3,0.0,0.0,0,
768,T.J. Jones,25,DET,WR,14,6,0,0,0,0,0,0,1,0,0,0,0.0,0,0,0,,,0,
769,Rasul Douglas,22,PHI,RCB,14,5,2,7,0,7,11,0,0,0,0,0,0.0,25,23,2,0.0,0.0,0,
770,Calvin Munson,23,NYG,MLB,14,5,0,0,0,0,0,1,0,0,0,0,2.0,60,36,24,5.0,2.0,0,
771,K'Waun Williams,26,SFO,DB,14,5,1,27,0,27,5,2,0,1,0,0,1.0,54,42,12,4.0,1.0,0,
772,Nate Hairston,23,IND,DB,14,4,1,21,0,11,5,0,0,0,0,0,2.0,35,26,9,2.0,3.0,1,
773,Eli Rogers,25,PIT,WR,14,4,0,0,0,0,0,0,1,0,0,0,0.0,1,1,0,0.0,0.0,0,
774,Coty Sensabaugh,29,PIT,DB,14,4,1,32,0,32,3,0,0,0,0,0,0.0,22,19,3,0.0,0.0,0,
775,Za'Darius Smith,25,BAL,DE,14,4,0,0,0,0,1,1,0,0,0,0,3.5,24,15,9,3.0,16.0,0,
776,Adarius Taylor,27,TAM,LLB,14,4,0,0,0,0,1,1,0,1,0,1,1.0,31,22,9,0.0,2.0,0,
777,Lawrence Thomas,24,NYJ,DE,14,4,0,0,0,0,0,0,0,0,0,0,0.0,2,1,1,0.0,0.0,0,
778,C.J. Uzomah,24,CIN,TE,14,4,0,0,0,0,0,0,0,0,0,0,0.0,12,9,3,0.0,0.0,0,
779,Derek Carrier,27,LAR,TE,14,3,0,0,0,0,0,0,0,0,0,0,0.0,2,2,0,0.0,0.0,0,
780,Marcell Dareus,27,2TM,DT,14,4,0,0,0,0,0,0,0,0,0,0,2.0,28,22,6,3.0,3.0,0,
780,Marcell Dareus,27,BUF,DT,5,3,0,0,0,0,0,0,0,0,0,0,1.0,8,4,4,2.0,1.0,0,
780,Marcell Dareus,27,JAX,DT,9,1,0,0,0,0,0,0,0,0,0,0,1.0,20,18,2,1.0,2.0,0,
781,Phillip Gaines,26,KAN,DB,14,3,0,0,0,0,3,0,0,0,0,0,0.0,30,23,7,3.0,0.0,0,
782,Willie Henry,23,BAL,DT,14,3,0,0,0,0,5,0,0,1,16,0,3.5,33,24,9,6.0,11.0,0,
783,Chris Ivory,29,JAX,RB,14,3,0,0,0,0,0,0,2,0,0,0,0.0,0,0,0,,,0,
784,Clinton McDonald,30,TAM,DT,14,3,0,0,0,0,1,0,0,0,0,0,5.0,29,18,11,6.0,10.0,0,
785,Corey Moore,24,HOU,DB,14,3,0,0,0,0,1,0,0,0,0,0,0.0,27,20,7,1.0,0.0,0,
786,Keith Tandy,28,TAM,DB,14,3,0,0,0,0,0,0,0,0,0,0,0.0,26,19,7,0.0,0.0,0,
787,Devante Bond,24,TAM,LB,14,2,0,0,0,0,0,0,0,0,0,0,0.0,14,12,2,0.0,1.0,0,
788,Daniel Brown,25,CHI,WR,14,2,0,0,0,0,0,0,0,0,0,0,0.0,1,1,0,0.0,0.0,0,
789,Andre Holmes,29,BUF,WR,14,2,0,0,0,0,0,0,0,0,0,0,0.0,7,7,0,0.0,0.0,0,
790,Benson Mayowa,26,DAL,DE,14,2,0,0,0,0,0,0,0,0,0,0,1.0,21,13,8,3.0,5.0,0,
791,Eric Murray,23,KAN,DB,14,2,0,0,0,0,5,0,0,0,0,0,1.0,36,31,5,2.0,1.0,0,
792,Hardy Nickerson,23,CIN,LB,14,2,0,0,0,0,1,0,0,0,0,0,0.0,18,12,6,0.0,0.0,0,
793,Juston Burris,24,NYJ,DB,14,1,1,48,0,48,2,1,0,1,0,0,0.0,21,19,2,1.0,0.0,0,
794,Josh Bynes,28,ARI,LB,14,1,1,25,0,25,3,2,0,0,0,0,1.0,36,31,5,2.0,1.0,0,
795,Ukeme Eligwe,23,KAN,LB,14,1,0,0,0,0,0,0,0,0,0,0,1.0,5,5,0,1.0,2.0,0,
796,Trae Elston,23,2TM,DB,14,1,1,22,0,22,1,0,0,0,0,0,0.0,19,10,9,3.0,5.0,0,
796,Trae Elston,23,BUF,DB,13,1,1,22,0,22,1,0,0,0,0,0,0.0,18,9,9,3.0,5.0,0,
796,Trae Elston,23,PHI,DB,1,0,0,0,0,0,0,0,0,0,0,0,0.0,1,1,0,0.0,0.0,0,
797,Corey Graham,32,PHI,DB,14,1,2,73,0,59,4,0,0,0,0,0,0.0,38,34,4,1.0,0.0,0,
798,Treyvon Hester,25,OAK,DT,14,1,0,0,0,0,0,1,0,0,0,0,0.0,19,9,10,1.0,4.0,0,
799,Matt Longacre,26,LAR,DE,14,1,0,0,0,0,0,1,0,1,8,0,5.5,23,16,7,5.0,12.0,0,
800,Larry Ogunjobi,23,CLE,DT,14,1,0,0,0,0,0,0,0,0,0,0,1.0,32,17,15,4.0,3.0,0,
801,Mackensie Alexander,24,MIN,LB,14,0,1,10,0,10,6,0,0,0,0,0,0.0,17,13,4,1.0,1.0,0,
802,Ryan Anderson,23,WAS,LB,14,0,0,0,0,0,0,0,0,0,0,0,0.0,15,12,3,1.0,2.0,0,
803,Rafael Bush,30,NOR,DB,14,0,0,0,0,0,1,0,0,0,0,0,1.0,23,17,6,1.0,1.0,0,
804,Vernon Butler,23,CAR,DT,14,0,0,0,0,0,1,0,0,0,0,0,0.0,13,8,5,1.0,2.0,0,
805,Bruce Carter,29,NYJ,LB,14,0,0,0,0,0,0,0,0,0,0,0,0.0,6,2,4,0.0,0.0,0,
806,Jamaal Charles,31,DEN,RB,14,0,0,0,0,0,0,0,2,0,0,0,0.0,0,0,0,0.0,0.0,0,
807,Benny Cunningham,27,CHI,RB,14,0,0,0,0,0,0,0,1,0,0,0,0.0,12,9,3,0.0,0.0,0,
808,C.J. Goodwin,27,2TM,DB,14,0,0,0,0,0,0,0,0,0,0,0,0.0,9,8,1,0.0,0.0,0,
808,C.J. Goodwin,27,ATL,DB,12,0,0,0,0,0,0,0,0,0,0,0,0.0,8,7,1,0.0,0.0,0,
808,C.J. Goodwin,27,ARI,DB,2,0,0,0,0,0,0,0,0,0,0,0,0.0,1,1,0,0.0,0.0,0,
809,Justin Hardee,23,NOR,WR,14,0,0,0,0,0,0,0,0,0,0,0,0.0,9,8,1,0.0,0.0,0,
810,Elijah Lee,21,SFO,LB,14,0,0,0,0,0,0,1,0,0,0,0,0.0,4,3,1,0.0,0.0,0,
811,Cameron Lynch,24,2TM,LB,14,0,0,0,0,0,0,0,0,1,0,0,0.0,8,7,1,0.0,0.0,0,
811,Cameron Lynch,24,TAM,LB,11,0,0,0,0,0,0,0,0,1,0,0,0.0,5,4,1,0.0,0.0,0,
811,Cameron Lynch,24,LAR,LB,3,0,0,0,0,0,0,0,0,0,0,0,0.0,3,3,0,0.0,0.0,0,
812,Marlon Mack,21,IND,RB,14,0,0,0,0,0,0,0,1,0,0,0,0.0,0,0,0,,,0,
813,Christopher Milton,25,IND,DB,14,0,0,0,0,0,0,0,0,1,0,0,0.0,9,9,0,0.0,0.0,0,
814,Arthur Moats,29,PIT,LB,14,0,0,0,0,0,0,0,0,0,0,0,0.0,8,6,2,0.0,0.0,0,
815,Captain Munnerlyn,29,CAR,DB,14,0,0,0,0,0,4,0,0,0,0,0,2.0,29,24,5,4.0,5.0,0,
816,Kevin Pierre-Louis,26,KAN,LB,14,0,0,0,0,0,2,0,0,0,0,0,0.0,41,31,10,1.0,1.0,0,
817,Jalen Reeves-Maybin,22,DET,LB,14,0,0,0,0,0,2,1,0,0,0,0,0.5,30,25,5,3.0,1.0,0,
818,Eric Saubert,23,ATL,TE,14,0,0,0,0,0,0,0,0,0,0,0,0.0,1,1,0,0.0,0.0,0,
819,Marcus Smith,25,SEA,LB,14,0,0,0,0,0,1,2,0,0,0,0,2.5,15,9,6,1.0,5.0,0,
820,Neiko Thorpe,27,SEA,DB,14,0,0,0,0,0,2,0,0,1,0,0,0.0,12,10,2,0.0,0.0,0,
821,Jordan Todman,27,HOU,RB,14,0,0,0,0,0,0,0,0,1,0,0,0.0,6,6,0,0.0,0.0,0,
822,Terron Ward,25,ATL,RB,14,0,0,0,0,0,0,0,1,0,0,0,0.0,1,1,0,0.0,0.0,0,
823,Dekoda Watson,29,SFO,LB,14,0,0,0,0,0,0,0,0,0,0,0,0.0,8,6,2,0.0,0.0,0,
824,Xavier Woodson-Luster,22,OAK,LB,14,0,0,0,0,0,0,0,0,0,0,0,0.0,11,5,6,0.0,0.0,0,
825,Zach Brown,28,WAS,LILB,13,13,0,0,0,0,2,0,0,0,0,0,2.5,127,84,43,12.0,5.0,0,
826,Charles Clay,28,BUF,TE,13,13,0,0,0,0,0,0,1,0,0,0,0.0,0,0,0,0.0,0.0,0,
827,Jonathan Cooper,27,DAL,LG,13,13,0,0,0,0,0,0,0,1,0,0,0.0,0,0,0,0.0,0.0,0,
828,Ken Crawley,24,NOR,LCB,13,13,1,0,0,0,17,0,0,0,0,0,0.0,54,47,7,1.0,0.0,0,
829,Lavonte David,27,TAM,RLB,13,13,0,0,0,0,1,5,0,5,21,1,0.0,101,76,25,8.0,3.0,0,
830,Leonard Fournette,22,JAX,RB,13,13,0,0,0,0,0,0,2,2,0,0,0.0,0,0,0,0.0,0.0,0,
831,Stephon Gilmore,27,NWE,RCB,13,13,2,59,0,39,9,0,0,0,0,0,0.0,50,47,3,1.0,0.0,0,
832,Brent Grimes,34,TAM,RCB,13,13,3,67,0,39,11,0,0,1,37,0,0.0,49,44,5,2.0,0.0,0,
833,Marshon Lattimore,21,NOR,RCB,13,13,5,85,1,33,18,1,0,1,0,0,0.0,52,43,9,1.0,0.0,0,"PB,AP DRoY-1"
834,Josh McCown,38,NYJ,QB,13,13,0,0,0,0,0,0,11,6,-8,0,0.0,0,0,0,0.0,0.0,0,
835,Mike Mitchell,30,PIT,FS,13,13,0,0,0,0,2,0,0,1,0,0,0.0,53,35,18,1.0,1.0,0,
836,Patrick Omameh,28,JAX,LG,13,13,0,0,0,0,0,0,0,1,0,0,0.0,0,0,0,0.0,0.0,0,
837,Jabrill Peppers,22,CLE,SS,13,13,1,0,0,0,3,0,5,1,0,0,0.0,58,45,13,1.0,0.0,0,
838,Andrew Sendejo,30,MIN,SS,13,13,2,70,0,36,7,0,0,0,0,0,0.0,80,54,26,1.0,0.0,0,
839,Justin Simmons,24,DEN,SS,13,13,2,65,1,65,5,0,0,0,0,0,1.0,69,50,19,4.0,2.0,0,
840,Ricky Wagner,28,DET,RT,13,13,0,0,0,0,0,0,0,1,0,0,0.0,0,0,0,,,0,
841,Carson Wentz,25,PHI,QB,13,13,0,0,0,0,0,0,9,4,-23,0,0.0,0,0,0,0.0,0.0,0,"PB,AP-2,AP MVP-3"
842,Jameis Winston,23,TAM,QB,13,13,0,0,0,0,0,0,15,7,-9,0,0.0,0,0,0,0.0,0.0,0,
843,Malcom Brown,23,NWE,DT,13,12,0,0,0,0,0,0,0,0,0,0,2.5,49,29,20,4.0,5.0,0,
844,DeVante Parker,24,MIA,WR,13,12,0,0,0,0,0,0,1,0,0,0,0.0,0,0,0,0.0,0.0,0,
845,Eric Reid,26,SFO,SS,13,12,2,0,0,0,4,0,0,1,0,0,0.0,67,53,14,3.0,3.0,0,
846,Kyle Van Noy,26,NWE,LLB,13,12,0,0,0,0,2,0,0,0,0,0,5.5,73,58,15,7.0,9.0,0,
847,Muhammad Wilkerson,28,NYJ,RDE,13,12,1,3,0,3,4,0,0,0,0,0,3.5,46,26,20,4.0,6.0,0,
848,Jordan Phillips,25,MIA,RDT,13,11,0,0,0,0,3,0,0,0,0,0,2.0,16,10,6,4.0,6.0,0,
849,Adrian Amos,24,CHI,SS,13,10,1,90,1,90,3,2,0,1,4,0,0.0,69,62,7,6.0,0.0,0,
850,Hayes Pullard,25,LAC,MLB,13,10,1,1,0,1,1,0,0,1,0,0,0.0,74,49,25,3.0,0.0,0,
851,Austin Seferian-Jenkins,25,NYJ,TE,13,10,0,0,0,0,0,0,1,0,0,0,0.0,0,0,0,,,0,
852,Joel Heath,24,HOU,RDE,13,9,0,0,0,0,0,0,0,0,0,0,1.0,24,17,7,1.0,1.0,0,
853,Ramon Humber,30,BUF,RLB,13,9,0,0,0,0,1,1,0,0,0,0,1.0,89,60,29,8.0,4.0,0,
854,Tramon Williams,34,ARI,RCB,13,9,2,12,0,12,12,0,0,1,18,0,0.0,41,39,2,0.0,0.0,0,
855,Justin McCray,25,GNB,RT,13,8,0,0,0,0,0,0,0,1,0,0,0.0,0,0,0,0.0,0.0,0,
856,Paul Worrilow,27,DET,RLB,13,8,0,0,0,0,1,0,0,1,0,0,0.0,30,20,10,1.0,1.0,0,
857,Briean Boddy-Calhoun,24,CLE,FS,13,7,0,0,0,0,6,0,0,0,0,0,0.0,39,29,10,0.0,1.0,0,
858,Josh Mauro,26,ARI,LDE,13,7,0,0,0,0,1,0,0,0,0,0,1.0,22,15,7,1.0,4.0,0,
859,Jeremy Lane,27,SEA,RCB,13,6,0,0,0,0,0,0,0,0,0,0,0.0,31,21,10,0.0,0.0,0,
860,Marquel Lee,22,OAK,MLB,13,6,0,0,0,0,0,0,0,0,0,0,0.0,25,18,7,2.0,0.0,0,
861,Caleb Benenoch,23,TAM,RT,13,5,0,0,0,0,0,0,0,1,0,0,0.0,0,0,0,0.0,0.0,0,
862,Pernell McPhee,29,CHI,DE,13,5,0,0,0,0,2,1,0,0,0,0,4.0,21,20,1,5.0,11.0,0,
863,LeShaun Sims,24,TEN,DB,13,5,1,0,0,0,3,1,0,0,0,0,0.0,36,31,5,1.0,0.0,0,
864,Chris Moore,24,BAL,WR,13,4,0,0,0,0,0,0,0,2,0,1,0.0,1,1,0,0.0,0.0,0,
865,Blake Bell,26,MIN,TE,13,3,0,0,0,0,0,0,0,0,0,0,0.0,1,1,0,0.0,0.0,0,
866,Ryan Hewitt,26,CIN,TE,13,3,0,0,0,0,0,0,0,0,0,0,0.0,2,1,1,0.0,0.0,0,
867,Nick Bellore,28,DET,LB,13,2,0,0,0,0,0,0,0,0,0,0,0.0,12,9,3,0.0,0.0,0,
868,Blair Brown,23,JAX,LB,13,2,0,0,0,0,0,0,0,0,0,0,0.5,15,11,4,0.0,1.0,0,
869,Kaelin Clay,25,2TM,WR,13,2,0,0,0,0,0,0,3,1,0,0,0.0,0,0,0,0.0,0.0,0,
869,Kaelin Clay,25,BUF,WR,4,0,0,0,0,0,0,0,1,0,0,0,0.0,0,0,0,,,0,
869,Kaelin Clay,25,CAR,WR,9,2,0,0,0,0,0,0,2,1,0,0,0.0,0,0,0,0.0,0.0,0,
870,Quinton Dial,27,GNB,DE,13,2,0,0,0,0,1,0,0,0,0,0,0.0,19,12,7,1.0,3.0,0,
871,Michael Thomas,27,MIA,DB,13,2,0,0,0,0,1,0,0,0,0,0,0.0,27,16,11,1.0,0.0,0,
872,Kenjon Barner,28,PHI,RB,13,1,0,0,0,0,0,0,3,2,0,0,0.0,0,0,0,0.0,0.0,0,
873,Wayne Gallman,23,NYG,RB,13,1,0,0,0,0,0,0,3,2,0,0,0.0,5,5,0,0.0,0.0,0,
874,J.D. McKissic,24,SEA,RB,13,1,0,0,0,0,0,0,0,0,0,0,0.0,1,1,0,0.0,0.0,0,
875,Hassan Ridgeway,23,IND,DT,13,1,0,0,0,0,0,0,0,0,0,0,3.0,14,5,9,3.0,5.0,1,
876,Brandon Tate,30,BUF,WR,13,1,0,0,0,0,0,0,1,1,0,0,0.0,1,1,0,0.0,0.0,0,
877,Jamal Agnew,22,DET,DB,13,0,0,0,0,0,0,0,3,3,0,0,0.0,10,10,0,0.0,0.0,0,AP-1
878,Cameron Artis-Payne,27,CAR,RB,13,0,0,0,0,0,0,0,0,2,0,0,0.0,4,2,2,0.0,0.0,0,
879,Devontae Booker,25,DEN,RB,13,0,0,0,0,0,0,0,2,1,0,0,0.0,2,2,0,0.0,0.0,0,
880,Deon Bush,24,CHI,DB,13,0,0,0,0,0,0,0,0,0,0,0,0.0,6,4,2,0.0,0.0,0,
881,Michael Campanaro,26,BAL,WR,13,0,0,0,0,0,0,0,4,2,0,0,0.0,0,0,0,0.0,0.0,0,
882,Don Carey,30,DET,DB,13,0,0,0,0,0,0,1,0,0,0,0,0.0,9,9,0,0.0,0.0,0,
883,Chris Carter,28,WAS,LB,13,0,0,0,0,0,0,0,0,0,0,0,0.0,7,4,3,0.0,0.0,0,
884,Xavier Cooper,26,2TM,DT,13,0,0,0,0,0,1,0,0,0,0,0,1.5,17,7,10,3.0,6.0,0,
884,Xavier Cooper,26,SFO,DT,5,0,0,0,0,0,0,0,0,0,0,0,0.5,7,3,4,2.0,3.0,0,
884,Xavier Cooper,26,NYJ,DT,8,0,0,0,0,0,1,0,0,0,0,0,1.0,10,4,6,1.0,3.0,0,
885,Cody Core,23,CIN,WR,13,0,0,0,0,0,0,0,0,0,0,0,0.0,4,4,0,0.0,0.0,0,
886,Nick Dzubnar,26,LAC,LB,13,0,0,0,0,0,0,0,0,0,0,0,0.0,21,14,7,0.0,0.0,0,
887,Brittan Golden,29,ARI,WR,13,0,0,0,0,0,0,0,0,0,0,0,0.0,6,5,1,0.0,0.0,0,
888,Brandon King,24,NWE,DB,13,0,0,0,0,0,0,0,0,0,0,0,0.0,8,6,2,0.0,0.0,1,
889,Lerentee McCray,27,JAX,LB,13,0,0,0,0,0,1,0,0,0,0,0,1.5,12,7,5,1.0,3.0,0,
890,Keith McGill,28,OAK,DB,13,0,0,0,0,0,0,0,0,2,0,0,0.0,6,6,0,1.0,0.0,0,
891,Sherrick McManis,30,CHI,DB,13,0,0,0,0,0,0,0,0,1,0,0,0.0,13,8,5,0.0,0.0,0,
892,Rontez Miles,29,NYJ,DB,13,0,0,0,0,0,0,0,0,0,0,0,0.0,24,21,3,0.0,1.0,0,
893,Tyler Patmon,26,JAX,DB,13,0,0,0,0,0,0,0,0,0,0,0,0.0,4,2,2,0.0,0.0,0,
894,Donald Payne,23,JAX,LB,13,0,0,0,0,0,0,0,0,0,0,0,0.0,13,10,3,0.0,0.0,0,
895,Roy Robertson-Harris,24,CHI,DE,13,0,0,0,0,0,1,0,0,1,0,0,2.0,13,8,5,2.0,4.0,0,
896,Vincent Taylor,23,MIA,DT,13,0,0,0,0,0,1,0,0,0,0,0,0.0,18,11,7,1.0,1.0,0,
897,Chris Thompson,23,HOU,WR,13,0,0,0,0,0,0,0,3,2,0,0,0.0,6,6,0,0.0,0.0,0,
898,Courtney Upshaw,28,ATL,LB,13,0,0,0,0,0,0,1,0,0,0,0,1.0,9,5,4,2.0,3.0,0,
899,Charcandrick West,26,KAN,RB,13,0,0,0,0,0,0,0,1,1,0,0,0.0,0,0,0,0.0,0.0,0,
900,Kwon Alexander,23,TAM,MLB,12,12,3,70,0,28,4,1,0,0,0,0,0.0,97,70,27,7.0,3.0,0,PB
901,Deone Bucannon,25,ARI,LILB,12,12,1,39,0,39,3,2,0,0,0,0,1.0,82,58,24,2.0,2.0,0,
902,Morgan Burnett,28,GNB,SS,12,12,0,0,0,0,3,1,0,0,0,0,0.0,68,48,20,5.0,1.0,0,
903,Kurt Coleman,29,CAR,FS,12,12,0,0,0,0,3,0,0,1,0,0,0.0,76,51,25,2.0,0.0,0,
904,Anthony Hitchens,25,DAL,MLB,12,12,0,0,0,0,2,1,0,0,0,0,0.0,84,55,29,9.0,2.0,0,
905,Davon House,28,GNB,LCB,12,12,1,0,0,0,6,0,0,0,0,0,1.0,44,37,7,4.0,1.0,0,
906,DaQuan Jones,26,TEN,LDE,12,12,0,0,0,0,0,0,0,0,0,0,3.5,31,19,12,4.0,5.0,0,
907,Lamarcus Joyner,27,LAR,FS,12,12,3,104,1,46,9,1,0,0,0,0,0.0,49,39,10,0.0,0.0,0,
908,A.J. Klein,26,NOR,RLB,12,12,0,0,0,0,4,1,0,0,0,0,2.0,54,37,17,6.0,3.0,0,
909,Corey Liuget,27,LAC,RDT,12,12,0,0,0,0,2,1,0,0,0,0,1.5,21,15,6,5.0,4.0,0,
910,Corey Peters,29,ARI,NT,12,12,0,0,0,0,1,0,0,0,0,0,1.0,22,18,4,4.0,4.0,0,
911,Ryan Shazier,25,PIT,LILB,12,12,3,2,0,2,11,2,0,1,5,0,0.0,89,68,21,3.0,2.0,0,PB
912,Jimmy Smith,29,BAL,RCB,12,12,3,58,1,50,9,0,0,1,47,1,0.0,28,26,2,1.0,0.0,0,
913,Danny Trevathan,27,CHI,RILB,12,12,1,8,0,8,5,1,0,1,0,0,2.0,89,60,29,4.0,5.0,0,
914,Mitchell Trubisky,23,CHI,QB,12,12,0,0,0,0,0,0,10,6,-13,0,0.0,0,0,0,0.0,0.0,0,
915,Stephon Tuitt,24,PIT,RDE,12,12,0,0,0,0,2,1,0,0,0,0,3.0,25,19,6,8.0,12.0,0,
916,Kenny Vaccaro,26,NOR,SS,12,12,3,41,0,30,7,0,1,1,0,1,1.5,60,48,12,7.0,2.0,0,
917,Olivier Vernon,27,NYG,RDE,12,12,1,0,0,0,1,2,0,0,0,0,6.5,37,23,14,6.0,12.0,0,
918,Brandon Williams,28,BAL,LDE,12,12,0,0,0,0,2,0,0,1,1,1,0.0,30,18,12,5.0,2.0,0,
919,Charles Johnson,31,CAR,LDE,12,11,0,0,0,0,1,0,0,0,0,0,0.0,16,4,12,0.0,2.0,0,
920,Nick Perry,27,GNB,ROLB,12,11,0,0,0,0,0,1,1,1,1,0,7.0,38,23,15,6.0,14.0,0,
921,Robert Woods,25,LAR,WR,12,11,0,0,0,0,0,0,1,0,0,0,0.0,0,0,0,,,0,
922,Robert Ayers,32,TAM,LDE,12,10,0,0,0,0,0,2,0,0,0,0,2.0,31,20,11,3.0,16.0,0,
923,Reggie Ragland,24,KAN,LILB,12,10,0,0,0,0,0,1,0,0,0,0,0.0,44,31,13,4.0,0.0,0,
924,Ahkello Witherspoon,22,SFO,LCB,12,9,2,42,0,23,7,1,0,0,0,0,0.0,32,28,4,0.0,0.0,0,
925,Mitch Unrein,30,CHI,RDE,12,8,0,0,0,0,0,0,0,0,0,0,2.5,32,25,7,4.0,5.0,0,
926,Alan Branch,33,NWE,LDT,12,6,0,0,0,0,0,0,0,0,0,0,0.0,12,12,0,3.0,2.0,0,
927,Bryce Callahan,26,CHI,DB,12,6,2,73,0,52,6,1,0,0,0,0,1.0,25,20,5,1.0,1.0,0,
928,Duke Riley,23,ATL,LB,12,6,0,0,0,0,0,0,0,0,0,0,0.0,30,15,15,0.0,0.0,0,
929,Carlos Watkins,24,HOU,DT,12,6,0,0,0,0,1,0,0,0,0,0,0.0,21,9,12,3.0,0.0,0,
930,Ahmad Brooks,33,GNB,LB,12,5,0,0,0,0,2,0,0,0,0,0,1.5,19,13,6,4.0,6.0,0,
931,Shareece Wright,30,BUF,RCB,12,5,1,54,0,54,5,1,1,2,0,0,0.0,44,37,7,1.0,0.0,0,
932,Matt Forte,32,NYJ,RB,12,4,0,0,0,0,0,0,1,0,0,0,0.0,0,0,0,0.0,0.0,0,
933,Kevin Johnson,25,HOU,DB,12,4,0,0,0,0,2,0,0,0,0,0,0.0,45,35,10,1.0,0.0,0,
934,Zach Line,27,NOR,RB,12,4,0,0,0,0,0,1,0,0,0,0,0.0,1,1,0,0.0,0.0,0,
935,T.J. Ward,31,TAM,DB,12,4,0,0,0,0,3,0,0,1,2,0,0.0,43,31,12,1.0,0.0,0,
936,Darrell Daniels,23,IND,TE,12,3,0,0,0,0,0,0,0,0,0,0,0.0,2,2,0,0.0,0.0,0,
937,Troy Hill,26,LAR,DB,12,3,0,0,0,0,4,0,0,1,0,0,0.0,18,16,2,0.0,0.0,0,
938,Thomas Rawls,24,SEA,RB,12,3,0,0,0,0,0,0,1,1,0,0,0.0,0,0,0,0.0,0.0,0,
939,Joe Walker,25,PHI,LB,12,3,0,0,0,0,1,0,0,0,0,0,0.0,10,6,4,0.0,0.0,0,
940,Terrell McClain,29,WAS,DT,12,2,0,0,0,0,0,0,0,1,0,0,2.0,20,17,3,3.0,3.0,0,
941,Caleb Brantley,23,CLE,DT,12,1,0,0,0,0,0,0,0,1,4,0,2.0,18,12,6,3.0,2.0,0,
942,Jehu Chesson,24,KAN,WR,12,1,0,0,0,0,0,0,0,0,0,0,0.0,5,5,0,0.0,0.0,0,
943,Sammie Coates,24,CLE,WR,12,1,0,0,0,0,0,0,0,0,0,0,0.0,4,4,0,0.0,0.0,0,
944,Dylan Cole,23,HOU,LB,12,1,2,28,1,25,3,0,0,0,0,0,1.0,32,16,16,4.0,2.0,0,
945,Ricky Jean-Francois,31,2TM,DT,12,1,0,0,0,0,0,0,0,0,0,0,0.0,12,7,5,2.0,0.0,0,
945,Ricky Jean-Francois,31,GNB,DT,6,0,0,0,0,0,0,0,0,0,0,0,0.0,2,1,1,0.0,0.0,0,
945,Ricky Jean-Francois,31,NWE,DT,6,1,0,0,0,0,0,0,0,0,0,0,0.0,10,6,4,2.0,0.0,0,
946,Hau'oli Kikaha,25,NOR,LB,12,1,0,0,0,0,1,0,0,0,0,0,4.0,10,6,4,4.0,4.0,0,
947,Lenzy Pipkins,24,GNB,DB,12,1,0,0,0,0,1,0,0,0,0,0,0.0,15,11,4,1.0,0.0,0,
948,Joe Thomas,26,GNB,LB,12,1,0,0,0,0,1,0,0,0,0,0,0.5,14,6,8,2.0,1.0,0,
949,Jaylen Watkins,26,PHI,DB,12,1,0,0,0,0,0,0,0,0,0,0,0.0,17,16,1,2.0,0.0,0,
950,J.J. Wilcox,26,PIT,DB,12,1,1,0,0,0,1,0,0,0,0,0,0.0,12,9,3,2.0,3.0,0,
951,D.J. Alexander,26,SEA,LB,12,0,0,0,0,0,0,0,0,0,0,0,0.0,10,9,1,1.0,0.0,0,
952,Jonathan Anderson,26,CHI,LB,12,0,0,0,0,0,0,0,0,0,0,0,0.0,10,9,1,0.0,0.0,0,
953,Bene Benwikere,26,DAL,DB,12,0,0,0,0,0,1,0,0,1,0,0,0.0,2,2,0,0.0,0.0,0,
954,Jairus Byrd,31,CAR,DB,12,0,0,0,0,0,0,0,0,0,0,0,0.0,11,9,2,0.0,0.0,0,
955,Marqui Christian,23,LAR,DB,12,0,0,0,0,0,0,0,0,0,0,0,0.0,9,5,4,0.0,0.0,0,
956,Sheldon Day,23,2TM,DT,12,0,0,0,0,0,2,0,0,0,0,0,2.0,19,13,6,5.0,4.0,0,
956,Sheldon Day,23,JAX,DT,6,0,0,0,0,0,1,0,0,0,0,0,1.0,3,1,2,1.0,2.0,0,
956,Sheldon Day,23,SFO,DT,6,0,0,0,0,0,1,0,0,0,0,0,1.0,16,12,4,4.0,2.0,0,
957,Trey Hendrickson,23,NOR,LB,12,0,0,0,0,0,2,1,0,0,0,0,2.0,13,7,6,2.0,5.0,0,
958,Joshua Holsey,23,WAS,DB,12,0,0,0,0,0,0,0,0,1,0,0,0.0,2,2,0,0.0,0.0,0,
959,Branden Jackson,25,SEA,DE,12,0,0,0,0,0,1,0,0,0,0,0,0.5,11,7,4,1.0,2.0,0,
960,Patrick Murray,26,TAM,K,12,0,0,0,0,0,0,0,0,0,0,0,0.0,2,2,0,0.0,0.0,0,
961,Robert Nkemdiche,23,ARI,DT,12,0,0,0,0,0,0,1,0,1,21,1,0.0,11,4,7,1.0,2.0,0,
962,Jamize Olawale,28,OAK,FB,12,0,0,0,0,0,0,0,1,1,0,0,0.0,3,1,2,0.0,0.0,0,
963,Shamarko Thomas,26,BUF,DB,12,0,0,0,0,0,0,0,0,0,0,0,0.0,9,8,1,0.0,0.0,0,
964,Mike Tolbert,32,BUF,RB,12,0,0,0,0,0,0,0,2,1,0,0,0.0,2,1,1,0.0,0.0,0,
965,Fozzy Whittaker,28,CAR,RB,12,0,0,0,0,0,0,0,0,0,0,0,0.0,2,2,0,0.0,0.0,0,
966,E.J. Gaines,25,BUF,RCB,11,11,1,1,0,1,9,3,0,0,0,0,0.0,59,48,11,0.0,0.0,0,
967,Joe Haden,28,PIT,LCB,11,11,1,1,0,1,7,0,0,0,0,0,1.0,20,18,2,4.0,5.0,0,
968,Sean Lee,31,DAL,RLB,11,11,1,9,0,9,1,0,0,0,0,0,0.0,101,70,31,13.0,1.0,0,
969,Orlando Scandrick,30,DAL,RCB,11,11,0,0,0,0,3,0,0,0,0,0,0.0,38,32,6,4.0,1.0,0,
970,Cordrea Tankersley,24,MIA,LCB,11,11,0,0,0,0,7,0,0,0,0,0,0.0,31,24,7,1.0,0.0,0,
971,Nick Vigil,24,CIN,LLB,11,11,1,0,0,0,5,0,0,0,0,0,1.0,79,45,34,4.0,2.0,0,
972,Kayvon Webster,26,LAR,RCB,11,11,1,0,0,0,7,0,0,0,0,0,0.0,38,34,4,0.0,0.0,0,
973,Shawn Williams,26,CIN,SS,11,11,1,7,0,7,3,0,0,2,0,0,0.0,49,34,15,2.0,1.0,0,
974,Derek Wolfe,27,DEN,LDE,11,11,0,0,0,0,0,0,0,0,0,0,2.0,31,18,13,6.0,6.0,0,
975,Shaq Lawson,23,BUF,LDE,11,10,0,0,0,0,2,1,0,0,0,0,4.0,33,17,16,4.0,5.0,0,
976,Sterling Shepard,24,NYG,WR,11,10,0,0,0,0,0,0,1,1,0,0,0.0,0,0,0,0.0,0.0,0,
977,Trevor Siemian,26,DEN,QB,11,10,0,0,0,0,0,0,5,1,0,0,0.0,0,0,0,0.0,0.0,0,
978,Corey Davis,22,TEN,WR,11,9,0,0,0,0,0,0,1,0,0,0,0.0,0,0,0,,,0,
979,Myles Garrett,22,CLE,LDE,11,9,0,0,0,0,1,1,0,1,0,0,7.0,31,19,12,9.0,18.0,0,
980,Brett Hundley,24,GNB,QB,11,9,0,0,0,0,0,0,4,1,0,0,0.0,0,0,0,0.0,0.0,0,
981,Doug Martin,28,TAM,RB,11,8,0,0,0,0,0,0,1,0,0,0,0.0,0,0,0,,,0,
982,Maxx Williams,23,BAL,TE,11,8,0,0,0,0,0,0,1,0,0,0,0.0,0,0,0,,,0,
983,Eli Apple,22,NYG,LCB,11,7,0,0,0,0,8,0,0,2,0,0,0.0,49,41,8,0.0,1.0,0,
984,Josh Malone,21,CIN,WR,11,7,0,0,0,0,0,0,0,0,0,0,0.0,1,0,1,0.0,0.0,0,
985,Willie Snead,25,NOR,WR,11,7,0,0,0,0,0,0,1,0,0,0,0.0,2,1,1,0.0,0.0,0,
986,Bruce Ellington,26,HOU,WR,11,6,0,0,0,0,0,0,1,2,4,0,0.0,0,0,0,0.0,0.0,0,
987,Nick Kwiatkoski,24,CHI,LB,11,6,0,0,0,0,2,1,0,0,0,0,2.0,49,37,12,2.0,3.0,0,
988,Brennan Scarlett,24,HOU,LOLB,11,5,0,0,0,0,1,0,0,0,0,0,2.0,29,21,8,6.0,3.0,0,
989,JuliÃ©n Davenport,22,HOU,T,11,4,0,0,0,0,0,0,0,1,0,0,0.0,0,0,0,0.0,0.0,0,
990,Paul Perkins,23,NYG,RB,11,4,0,0,0,0,0,0,0,0,0,0,0.0,1,1,0,0.0,0.0,0,
991,Shane Smith,24,NYG,FB,11,4,0,0,0,0,0,0,0,0,0,0,0.0,5,4,1,1.0,0.0,0,
992,Damien Williams,25,MIA,RB,11,4,0,0,0,0,0,0,0,0,0,0,0.0,1,1,0,0.0,0.0,0,
993,Ross Travis,24,KAN,LB,11,3,0,0,0,0,0,0,1,1,0,0,0.0,0,0,0,,,0,
994,Nazair Jones,23,SEA,DT,11,2,1,24,0,24,3,0,0,1,0,0,2.0,19,10,9,3.0,4.0,0,
995,Anthony Lanier,24,WAS,DE,11,2,0,0,0,0,6,1,0,1,0,0,5.0,14,11,3,5.0,10.0,0,
996,Michael Mauti,27,NOR,LB,11,2,0,0,0,0,0,1,0,0,0,0,0.0,11,8,3,1.0,0.0,0,
997,Avery Moss,23,NYG,DE,11,2,0,0,0,0,2,1,0,0,0,0,0.0,15,11,4,0.0,5.0,0,
998,John Timu,25,CHI,LB,11,2,0,0,0,0,1,0,0,0,0,0,0.0,16,12,4,2.0,0.0,0,
999,Malcolm Brown,24,LAR,RB,11,1,0,0,0,0,0,0,1,0,0,0,0.0,0,0,0,,,0,
1000,De'Vante Harris,24,NOR,DB,11,1,0,0,0,0,2,0,0,0,0,0,0.0,18,15,3,0.0,0.0,0,
1001,Jarvis Jenkins,29,KAN,DT,11,1,0,0,0,0,0,0,0,0,0,0,1.0,9,7,2,1.0,3.0,0,
1002,Zach Kerr,27,DEN,DT,11,1,0,0,0,0,1,0,0,0,0,0,0.5,19,10,9,2.0,2.0,0,
1003,Cody Latimer,25,DEN,WR,11,1,0,0,0,0,0,0,1,1,0,0,0.0,5,5,0,0.0,0.0,0,
1004,Brian Quick,28,WAS,WR,11,1,0,0,0,0,0,0,0,0,0,0,0.0,3,1,2,0.0,0.0,0,
1005,Neal Sterling,25,NYJ,WR,11,1,0,0,0,0,0,0,0,0,0,0,0.0,1,1,0,0.0,0.0,0,
1006,Xavier Williams,25,ARI,DT,11,1,0,0,0,0,0,1,0,0,0,0,0.5,20,16,4,1.0,1.0,0,
1007,Alfred Blue,26,HOU,RB,11,0,0,0,0,0,0,2,0,0,0,0,0.0,5,4,1,0.0,0.0,0,
1008,Tramaine Brock,29,MIN,DB,11,0,0,0,0,0,1,0,0,0,0,0,0.0,8,6,2,0.0,0.0,0,
1009,Jerrol Garcia-Williams,24,DEN,LB,11,0,0,0,0,0,0,0,0,0,0,0,0.0,2,2,0,0.0,0.0,0,
1010,Dominique Hatfield,23,LAR,DB,11,0,0,0,0,0,0,0,0,0,0,0,0.0,5,4,1,0.0,0.0,0,
1011,Gerald Hodges,26,NOR,LB,11,0,0,0,0,0,0,0,0,0,0,0,0.0,3,3,0,0.0,0.0,0,
1012,DeAndre Houston-Carson,24,CHI,DB,11,0,0,0,0,0,0,2,0,0,0,0,0.0,10,10,0,0.0,0.0,0,
1013,Brendan Langley,23,DEN,DB,11,0,0,0,0,0,0,0,0,0,0,0,0.0,3,3,0,0.0,0.0,0,
1014,Jordan Lucas,24,MIA,DB,11,0,0,0,0,0,0,0,0,0,0,0,0.0,6,4,2,0.0,0.0,0,
1015,Isaiah McKenzie,22,DEN,WR,11,0,0,0,0,0,0,0,6,3,0,0,0.0,2,2,0,0.0,0.0,0,
1016,Raheem Mostert,25,SFO,RB,11,0,0,0,0,0,0,0,1,0,0,0,0.0,8,8,0,0.0,0.0,0,
1017,Sharrod Neasman,26,ATL,DB,11,0,0,0,0,0,0,0,0,0,0,0,0.0,2,2,0,0.0,0.0,0,
1018,Jared Norris,24,CAR,LB,11,0,0,0,0,0,0,0,0,0,0,0,0.0,4,4,0,0.0,0.0,0,
1019,Josh Robinson,26,TAM,DB,11,0,0,0,0,0,0,1,0,0,0,0,0.0,5,4,1,0.0,0.0,0,
1020,Destiny Vaeao,23,PHI,DT,11,0,0,0,0,0,1,0,0,0,0,0,0.0,10,7,3,0.0,0.0,0,
1021,Terron Armstead,26,NOR,LT,10,10,0,0,0,0,0,0,0,1,0,0,0.0,0,0,0,0.0,0.0,0,
1022,Vontaze Burfict,27,CIN,RLB,10,10,0,0,0,0,2,1,0,0,0,0,1.5,69,48,21,5.0,5.0,0,
1023,Johnathan Cyprien,27,TEN,SS,10,10,0,0,0,0,1,0,0,0,0,0,1.0,57,38,19,2.0,1.0,0,
1024,Ezekiel Elliott,22,DAL,RB,10,10,0,0,0,0,0,0,1,0,0,0,0.0,0,0,0,,,0,
1025,Leonard Floyd,25,CHI,ROLB,10,10,0,0,0,0,2,0,0,1,21,0,4.5,34,24,10,8.0,12.0,1,
1026,Reuben Foster,23,SFO,MLB,10,10,0,0,0,0,1,0,0,0,0,0,0.0,72,59,13,7.0,5.0,0,AP DRoY-3
1027,Rashaan Melvin,28,IND,LCB,10,10,3,28,0,21,13,0,0,0,0,0,0.0,36,30,6,1.0,0.0,0,
1028,Emmanuel Ogbah,24,CLE,RDE,10,10,0,0,0,0,6,2,0,1,0,0,4.0,29,18,11,5.0,5.0,0,
1029,Alex Okafor,26,NOR,RDE,10,10,0,0,0,0,4,2,0,0,0,0,4.5,43,27,16,5.0,9.0,0,
1030,Trent Williams,29,WAS,LT,10,10,0,0,0,0,0,0,0,1,0,0,0.0,0,0,0,0.0,0.0,0,PB
1031,Cory James,24,OAK,RLB,10,9,0,0,0,0,1,1,0,0,0,0,0.0,56,42,14,6.0,0.0,0,
1032,Earl Watford,27,ARI,RG,10,9,0,0,0,0,0,0,0,2,0,0,0.0,1,1,0,0.0,0.0,0,
1033,Tavon Wilson,27,DET,SS,10,9,1,23,0,23,2,1,0,0,0,0,2.0,55,42,13,6.0,2.0,0,
1034,Chris Clark,32,HOU,LT,10,8,0,0,0,0,0,0,0,1,0,0,0.0,0,0,0,0.0,0.0,0,
1035,Jordan Matthews,25,BUF,WR,10,7,0,0,0,0,0,0,1,0,0,0,0.0,0,0,0,0.0,0.0,0,
1036,Vance McDonald,27,PIT,TE,10,7,0,0,0,0,0,1,0,0,0,0,0.0,1,1,0,0.0,0.0,0,
1037,Chidobe Awuzie,22,DAL,DB,10,6,1,0,0,0,7,1,0,0,0,0,0.0,25,14,11,0.0,0.0,0,
1038,Jon Halapio,26,NYG,RG,10,6,0,0,0,0,0,0,0,1,0,0,0.0,0,0,0,0.0,0.0,0,
1039,David Harris,33,NWE,RLB,10,6,0,0,0,0,1,0,0,0,0,0,1.5,22,15,7,0.0,2.0,0,
1040,Rex Burkhead,27,NWE,RB,10,3,0,0,0,0,0,0,1,0,0,0,0.0,4,4,0,0.0,0.0,0,
1041,Richard Ash,25,DAL,NT,10,2,0,0,0,0,1,0,0,0,0,0,0.0,15,12,3,2.0,2.0,0,
1042,Jordan Taylor,25,DEN,WR,10,2,0,0,0,0,0,0,1,1,0,0,0.0,3,3,0,1.0,0.0,0,
1043,Anthony Walker,22,IND,LB,10,2,0,0,0,0,0,0,0,0,0,0,0.0,22,11,11,1.0,0.0,0,
1044,D'Onta Foreman,21,HOU,RB,10,1,0,0,0,0,0,0,2,0,0,0,0.0,0,0,0,,,0,
1045,Nathan Gerry,22,PHI,DB,10,1,0,0,0,0,1,0,0,0,0,0,0.0,5,3,2,0.0,0.0,0,
1046,Lamarr Houston,30,2TM,DE,10,1,0,0,0,0,1,1,0,1,34,1,5.0,17,14,3,7.0,9.0,0,
1046,Lamarr Houston,30,HOU,DE,5,0,0,0,0,0,0,1,0,1,34,1,1.0,7,6,1,3.0,4.0,0,
1046,Lamarr Houston,30,CHI,DE,5,1,0,0,0,0,1,0,0,0,0,0,4.0,10,8,2,4.0,5.0,0,
1047,Jamie Meder,26,CLE,DT,10,1,0,0,0,0,0,0,0,0,0,0,0.0,13,8,5,1.0,1.0,0,
1048,Ricky Seals-Jones,22,ARI,WR,10,1,0,0,0,0,0,0,0,0,0,0,0.0,3,2,1,0.0,0.0,0,
1049,Teez Tabor,22,DET,DB,10,1,0,0,0,0,0,0,0,0,0,0,0.0,14,12,2,0.0,1.0,0,
1050,Chris Thompson,27,WAS,RB,10,1,0,0,0,0,0,0,3,1,-2,0,0.0,0,0,0,0.0,0.0,0,
1051,Brian Allen,24,PIT,DB,10,0,0,0,0,0,0,0,0,0,0,0,0.0,2,0,2,0.0,0.0,0,
1052,Treston Decoud,24,HOU,DB,10,0,0,0,0,0,1,0,0,1,0,0,0.0,7,6,1,0.0,0.0,0,
1053,Rudy Ford,23,ARI,DB,10,0,0,0,0,0,0,0,0,0,0,0,0.0,5,5,0,0.0,0.0,0,
1054,Curtis Grant,25,NYG,LB,10,0,0,0,0,0,0,0,0,1,3,0,0.0,18,14,4,0.0,0.0,0,
1055,Josh Harvey-Clemons,23,WAS,DB,10,0,0,0,0,0,1,0,0,0,0,0,0.5,16,9,7,1.0,1.0,0,
1056,William Hayes,32,MIA,DE,10,0,0,0,0,0,0,0,0,0,0,0,1.0,19,14,5,4.0,5.0,0,
1057,Marcus Johnson,23,PHI,WR,10,0,0,0,0,0,0,0,1,0,0,0,0.0,0,0,0,,,0,
1058,Steven Johnson,29,BAL,LB,10,0,0,0,0,0,0,0,0,0,0,0,0.0,5,4,1,0.0,0.0,0,
1059,Dexter McCoil,26,2TM,DB,10,0,0,0,0,0,0,0,0,0,0,0,0.0,5,5,0,0.0,0.0,0,
1059,Dexter McCoil,26,LAC,DB,2,0,0,0,0,0,0,0,0,0,0,0,0.0,1,1,0,0.0,0.0,0,
1059,Dexter McCoil,26,SFO,DB,8,0,0,0,0,0,0,0,0,0,0,0,0.0,4,4,0,0.0,0.0,0,
1060,Jaydon Mickens,23,JAX,WR,10,0,0,0,0,0,0,0,4,2,0,0,0.0,3,3,0,0.0,0.0,0,
1061,Mark Nzeocha,27,SFO,LB,10,0,0,0,0,0,0,0,0,0,0,0,0.0,3,2,1,0.0,0.0,0,
1062,Nate Palmer,28,TEN,LB,10,0,0,0,0,0,0,0,0,0,0,0,0.0,11,6,5,0.0,0.0,0,
1063,Ahtyba Rubin,31,ATL,DT,10,0,0,0,0,0,0,0,0,0,0,0,0.0,15,7,8,0.0,1.0,0,
1064,Derron Smith,25,2TM,DB,10,0,0,0,0,0,0,0,0,1,-2,0,0.0,5,5,0,0.0,0.0,0,
1064,Derron Smith,25,CIN,DB,3,0,0,0,0,0,0,0,0,0,0,0,0.0,1,1,0,0.0,0.0,0,
1064,Derron Smith,25,CLE,DB,7,0,0,0,0,0,0,0,0,1,-2,0,0.0,4,4,0,0.0,0.0,0,
1065,Steven Terrell,27,KAN,DB,10,0,1,8,0,8,3,0,0,0,0,0,0.0,4,3,1,0.0,1.0,0,
1066,DeMarcus Walker,23,DEN,DE,10,0,0,0,0,0,0,0,0,0,0,0,1.0,7,7,0,1.0,5.0,0,
1067,Jermaine Whitehead,24,GNB,DB,10,0,0,0,0,0,1,0,0,0,0,0,0.0,11,8,3,1.0,0.0,0,
1068,Scooby Wright III,23,ARI,LB,10,0,0,0,0,0,0,0,0,0,0,0,0.0,5,5,0,0.0,0.0,0,
1069,T.J. Yeldon,24,JAX,RB,10,0,0,0,0,0,0,0,2,0,0,0,0.0,0,0,0,0.0,0.0,0,
1070,Tyvon Branch,31,ARI,SS,9,9,0,0,0,0,6,1,0,0,0,0,0.0,69,54,15,4.0,2.0,0,
1071,Kam Chancellor,29,SEA,SS,9,9,0,0,0,0,2,1,0,0,0,0,0.0,49,34,15,2.0,0.0,1,
1072,Jackrabbit Jenkins,29,NYG,RCB,9,9,3,113,2,53,9,1,0,0,0,0,0.0,31,27,4,0.0,0.0,0,
1073,Adam Jones,34,CIN,RCB,9,9,1,0,0,0,4,0,0,0,0,0,0.0,23,19,4,0.0,0.0,0,
1074,Richard Sherman,29,SEA,LCB,9,9,2,20,0,19,7,0,0,1,0,0,0.0,35,25,10,1.0,0.0,0,
1075,John Simon,27,IND,LOLB,9,9,1,26,1,26,1,0,0,0,0,0,3.0,43,28,15,7.0,12.0,0,
1076,Jaquiski Tartt,25,SFO,SS,9,9,1,37,0,37,3,0,0,0,0,0,0.5,55,38,17,3.0,2.0,0,
1077,Henry Anderson,26,IND,LDE,9,8,0,0,0,0,0,1,0,0,0,0,2.0,22,15,7,4.0,7.0,0,
1078,Vernon Hargreaves III,22,TAM,LCB,9,8,0,0,0,0,5,0,0,0,0,0,0.0,42,37,5,1.0,0.0,0,
1079,Kevin Minter,27,CIN,MLB,9,7,0,0,0,0,0,0,0,0,0,0,0.0,32,16,16,0.0,0.0,0,
1080,Steven Nelson,24,KAN,RCB,9,7,0,0,0,0,4,1,0,0,0,0,0.0,41,33,8,2.0,0.0,0,
1081,Pierre Desir,27,IND,RCB,9,6,1,0,0,0,7,0,0,0,0,0,0.0,32,21,11,0.0,0.0,0,
1082,Byron Maxwell,29,2TM,DB,9,8,1,0,0,0,7,2,0,0,0,0,0.0,46,39,7,0.0,0.0,0,
1082,Byron Maxwell,29,MIA,DB,2,2,0,0,0,0,0,1,0,0,0,0,0.0,8,8,0,0.0,0.0,0,
1082,Byron Maxwell,29,SEA,CB,7,6,1,0,0,0,7,1,0,0,0,0,0.0,38,31,7,0.0,0.0,0,
1083,Kevin King,22,GNB,RCB,9,5,0,0,0,0,5,0,0,0,0,0,0.0,28,22,6,1.0,0.0,0,
1084,William Compton,28,WAS,LB,9,3,1,2,0,2,3,0,0,0,0,0,0.0,19,13,6,0.0,0.0,0,
1085,Ibraheim Campbell,25,2TM,DB,9,2,0,0,0,0,1,0,0,1,0,0,0.0,18,14,4,1.0,0.0,0,
1085,Ibraheim Campbell,25,CLE,DB,8,2,0,0,0,0,1,0,0,1,0,0,0.0,16,13,3,1.0,0.0,0,
1085,Ibraheim Campbell,25,HOU,DB,1,0,0,0,0,0,0,0,0,0,0,0,0.0,2,1,1,0.0,0.0,0,
1086,Mike Gillislee,27,NWE,RB,9,2,0,0,0,0,0,0,1,0,0,0,0.0,0,0,0,,,0,
1087,Ufomba Kamalu,25,HOU,DE,9,2,0,0,0,0,0,0,0,0,0,0,2.0,6,5,1,3.0,3.0,0,
1088,Ifeanyi Momah,28,ARI,WR,9,2,0,0,0,0,0,0,0,0,0,0,0.0,3,3,0,0.0,0.0,0,
1089,Angelo Blackson,25,HOU,DT,9,1,0,0,0,0,1,0,0,0,0,0,0.0,9,8,1,0.0,1.0,0,
1090,A.J. Derby,26,DEN,TE,9,1,0,0,0,0,0,0,1,0,0,0,0.0,0,0,0,0.0,0.0,0,
1091,Jordan Devey,29,KAN,T,9,1,0,0,0,0,0,0,1,0,-12,0,0.0,0,0,0,,,0,
1092,Leon Hall,33,SFO,DB,9,1,0,0,0,0,1,0,0,0,0,0,0.0,16,15,1,1.0,1.0,0,
1093,Eli Ankou,23,JAX,DT,9,0,0,0,0,0,0,0,0,0,0,0,1.5,15,8,7,1.0,2.0,0,
1094,Alex Armah,23,CAR,FB,9,0,0,0,0,0,0,0,0,0,0,0,0.0,2,0,2,0.0,0.0,0,
1095,Arrelious Benn,29,JAX,WR,9,0,0,0,0,0,0,0,0,0,0,0,0.0,3,3,0,0.0,0.0,0,
1096,Vince Biegel,24,GNB,LB,9,0,0,0,0,0,0,0,0,0,0,0,0.0,16,11,5,2.0,0.0,0,
1097,Victor Bolden,22,SFO,WR,9,0,0,0,0,0,0,1,0,0,0,0,0.0,1,1,0,0.0,0.0,0,
1098,Quan Bray,24,IND,WR,9,0,0,0,0,0,0,0,1,0,0,0,0.0,0,0,0,,,0,
1099,Shilique Calhoun,25,OAK,DE,9,0,0,0,0,0,0,0,0,0,0,0,0.0,8,4,4,0.0,3.0,0,
1100,Kevin Dodd,25,TEN,DE,9,0,0,0,0,0,0,0,0,0,0,0,0.0,7,4,3,1.0,1.0,0,
1101,Nate Ebner,29,NWE,DB,9,0,0,0,0,0,0,0,1,0,0,0,0.0,8,5,3,0.0,0.0,0,
1102,Kasim Edebali,28,DEN,DE,9,0,0,0,0,0,0,0,0,0,0,0,0.0,1,0,1,0.0,1.0,0,
1103,D.J. Jones,22,SFO,DT,9,0,0,0,0,0,1,0,0,0,0,0,0.0,10,8,2,1.0,0.0,0,
1104,Deon King,24,CLE,LB,9,0,0,0,0,0,0,0,0,0,0,0,0.0,2,1,1,0.0,0.0,0,
1105,Justin March,24,2TM,LB,9,0,0,0,0,0,0,0,0,0,0,0,0.0,3,2,1,0.0,0.0,0,
1105,Justin March,24,MIA,LB,2,0,0,0,0,0,0,0,0,0,0,0,0.0,1,0,1,0.0,0.0,0,
1105,Justin March,24,DAL,LB,7,0,0,0,0,0,0,0,0,0,0,0,0.0,2,2,0,0.0,0.0,0,
1106,Dexter McDougle,26,2TM,DB,9,0,0,0,0,0,0,0,0,0,0,0,0.0,6,4,2,0.0,0.0,0,
1106,Dexter McDougle,26,PHI,DB,8,0,0,0,0,0,0,0,0,0,0,0,0.0,5,4,1,0.0,0.0,0,
1106,Dexter McDougle,26,NOR,DB,1,0,0,0,0,0,0,0,0,0,0,0,0.0,1,0,1,0.0,0.0,0,
1107,Tony McRae,24,2TM,DB,9,0,0,0,0,0,0,0,0,0,0,0,0.0,5,4,1,0.0,0.0,0,
1107,Tony McRae,24,BAL,DB,5,0,0,0,0,0,0,0,0,0,0,0,0.0,1,1,0,0.0,0.0,0,
1107,Tony McRae,24,CIN,DB,4,0,0,0,0,0,0,0,0,0,0,0,0.0,4,3,1,0.0,0.0,0,
1108,James Onwualu,23,LAC,LB,9,0,0,0,0,0,0,0,0,0,0,0,0.0,8,6,2,0.0,0.0,0,
1109,Bernard Reedy,26,TAM,WR,9,0,0,0,0,0,0,0,1,2,0,0,0.0,0,0,0,0.0,0.0,0,
1110,LaRoy Reynolds,27,ATL,LB,9,0,0,0,0,0,0,0,0,0,0,0,0.0,7,5,2,0.0,0.0,0,
1111,Matthew Slater,32,NWE,WR,9,0,0,0,0,0,0,0,0,0,0,0,0.0,7,6,1,0.0,0.0,0,"PB,AP-2"
1112,Tedric Thompson,22,SEA,DB,9,0,0,0,0,0,0,0,0,2,0,0,0.0,4,2,2,0.0,0.0,0,
1113,Jeremiah Valoaga,23,DET,DE,9,0,0,0,0,0,0,0,0,0,0,0,1.0,5,5,0,2.0,5.0,0,
1114,Jonathan Casillas,30,NYG,RLB,8,8,0,0,0,0,1,0,0,0,0,0,0.0,35,25,10,3.0,2.0,0,
1115,David Irving,24,DAL,RDT,8,8,0,0,0,0,6,1,0,0,0,0,7.0,22,13,9,9.0,10.0,0,
1116,Ja'Wuan James,25,MIA,RT,8,8,0,0,0,0,0,0,0,1,0,0,0.0,0,0,0,0.0,0.0,0,
1117,T.J. McDonald,26,MIA,FS,8,8,1,7,0,7,3,0,0,0,0,0,0.0,45,31,14,2.0,0.0,0,
1118,Tank Carradine,27,SFO,DE,8,7,0,0,0,0,0,0,0,0,0,0,1.5,19,14,5,,,0,
1119,Ronald Darby,23,PHI,RCB,8,7,3,42,0,37,9,0,0,0,0,0,0.0,34,30,4,0.0,0.0,0,
1120,Shane Ray,24,DEN,LOLB,8,7,0,0,0,0,0,0,0,0,0,0,1.0,16,10,6,3.0,4.0,0,
1121,Tom Savage,27,HOU,QB,8,7,0,0,0,0,0,0,8,0,0,0,0.0,0,0,0,0.0,0.0,0,
1122,Montae Nicholson,22,WAS,SS,8,6,1,0,0,0,2,0,0,0,0,0,0.0,24,18,6,0.0,0.0,0,
1123,Alan Cross,24,TAM,TE,8,4,0,0,0,0,0,0,0,0,0,0,0.0,1,0,1,0.0,0.0,0,
1124,Ramik Wilson,25,KAN,LB,8,4,0,0,0,0,0,0,0,1,11,1,0.0,16,14,2,3.0,0.0,0,
1125,Antony Auclair,24,TAM,TE,8,3,0,0,0,0,0,0,0,0,0,0,0.0,2,2,0,0.0,0.0,0,
1126,Damiere Byrd,24,CAR,WR,8,3,0,0,0,0,0,0,0,1,0,0,0.0,1,1,0,0.0,0.0,0,
1127,Tre Madden,24,SEA,RB,8,3,0,0,0,0,0,0,0,0,0,0,0.0,6,3,3,0.0,0.0,0,
1128,Tre McBride,25,CHI,WR,8,3,0,0,0,0,0,0,0,1,0,0,0.0,0,0,0,,,0,
1129,Eric Rowe,25,NWE,DB,8,3,0,0,0,0,2,0,0,0,0,0,0.0,15,14,1,1.0,0.0,0,
1130,Jeremy Kerley,29,NYJ,WR,8,2,0,0,0,0,0,0,3,1,0,0,0.0,0,0,0,0.0,0.0,0,
1131,Brenton Bersin,27,CAR,WR,8,1,0,0,0,0,0,0,0,0,0,0,0.0,1,1,0,0.0,0.0,0,
1132,Maurice Canady,23,BAL,DB,8,1,0,0,0,0,1,0,0,1,0,0,0.0,27,22,5,2.0,3.0,0,
1133,John Jenkins,28,CHI,DT,8,1,0,0,0,0,0,0,0,0,0,0,0.0,8,5,3,0.0,0.0,0,
1134,Mike Thomas,23,LAR,WR,8,1,0,0,0,0,0,0,1,0,0,0,0.0,1,1,0,0.0,0.0,0,
1135,Blidi Wreh-Wilson,28,ATL,DB,8,1,0,0,0,0,1,0,0,0,0,0,0.0,4,3,1,0.0,0.0,0,
1136,Stephone Anthony,25,MIA,LB,8,0,0,0,0,0,0,0,0,0,0,0,0.0,15,12,3,1.0,1.0,0,
1137,Ben Braunecker,23,CHI,TE,8,0,0,0,0,0,0,0,0,0,0,0,0.0,4,3,1,0.0,0.0,0,
1138,Aaron Brewer,27,ARI,LS,8,0,0,0,0,0,0,0,0,0,0,0,0.0,2,1,1,0.0,0.0,0,
1139,Nordly Capi,25,2TM,DE,8,0,0,0,0,0,0,1,0,0,0,0,1.0,7,5,2,0.0,0.0,0,
1139,Nordly Capi,25,NYG,DE,4,0,0,0,0,0,0,0,0,0,0,0,0.0,2,2,0,0.0,0.0,0,
1139,Nordly Capi,25,BUF,DE,4,0,0,0,0,0,0,1,0,0,0,0,1.0,5,3,2,0.0,0.0,0,
1140,Kellen Clemens,34,LAC,QB,8,0,0,0,0,0,0,0,0,0,0,0,0.0,1,1,0,0.0,0.0,0,
1141,Justin Drescher,29,ARI,LS,8,0,0,0,0,0,0,0,0,0,0,0,0.0,1,1,0,0.0,0.0,0,
1142,Geneo Grissom,25,NWE,LB,8,0,0,0,0,0,0,0,0,0,0,0,0.0,2,2,0,2.0,0.0,0,
1143,Marvin Hall,24,ATL,WR,8,0,0,0,0,0,0,0,0,0,0,0,0.0,1,1,0,0.0,0.0,0,
1144,Antonio Hamilton,24,OAK,DB,8,0,0,0,0,0,0,0,0,0,0,0,0.0,11,11,0,0.0,0.0,0,
1145,John Hughes,29,NOR,DT,8,0,0,0,0,0,0,0,0,0,0,0,0.0,10,4,6,0.0,1.0,0,
1146,Taiwan Jones,29,BUF,RB,8,0,0,0,0,0,0,0,0,0,0,0,0.0,3,3,0,0.0,0.0,0,
1147,Josh Keyes,24,CLE,LB,8,0,0,0,0,0,0,0,0,0,0,0,0.0,4,2,2,0.0,0.0,0,
1148,Freddie Martino,26,TAM,WR,8,0,0,0,0,0,0,0,0,0,0,0,0.0,7,5,2,0.0,0.0,0,
1149,Devante Mays,23,GNB,RB,8,0,0,0,0,0,0,0,2,0,0,0,0.0,0,0,0,,,0,
1150,Brian Price,23,DAL,DT,8,0,0,0,0,0,1,0,0,0,0,0,0.0,8,5,3,0.0,1.0,0,
1151,Kalif Raymond,23,2TM,WR,8,0,0,0,0,0,0,0,5,4,0,0,0.0,3,2,1,0.0,0.0,0,
1151,Kalif Raymond,23,NYJ,WR,2,0,0,0,0,0,0,0,3,2,0,0,0.0,0,0,0,,,0,
1151,Kalif Raymond,23,NYG,WR,6,0,0,0,0,0,0,0,2,2,0,0,0.0,3,2,1,0.0,0.0,0,
1152,KeiVarae Russell,24,CIN,DB,8,0,0,0,0,0,0,0,0,0,0,0,0.0,9,9,0,0.0,0.0,0,
1153,Sealver Siliga,27,TAM,DT,8,0,0,0,0,0,0,0,0,0,0,0,0.0,8,3,5,1.0,0.0,0,
1154,Garrison Smith,26,SEA,DT,8,0,0,0,0,0,0,0,0,0,0,0,0.0,9,6,3,1.0,3.0,0,
1155,Andre Williams,25,LAC,RB,8,0,0,0,0,0,0,0,0,0,0,0,0.0,1,0,1,0.0,0.0,0,
1156,Tim Williams,24,BAL,DE,8,0,0,0,0,0,0,0,0,0,0,0,0.0,6,5,1,0.0,2.0,0,
1157,Brandon Wilson,23,CIN,RB,8,0,0,0,0,0,0,0,0,0,0,0,0.0,5,4,1,0.0,0.0,0,
1158,Zach Zenner,26,DET,RB,8,0,0,0,0,0,0,0,0,1,0,0,0.0,4,4,0,0.0,0.0,0,
1159,Nate Allen,30,MIA,FS,7,7,0,0,0,0,1,0,0,0,0,0,0.0,20,14,6,0.0,0.0,0,
1160,B.J. Goodson,24,NYG,MLB,7,7,0,0,0,0,2,1,0,0,0,0,0.0,53,37,16,3.0,0.0,0,
1161,Jordan Hicks,25,PHI,MLB,7,7,0,0,0,0,0,0,0,1,0,0,0.0,28,19,9,0.0,2.0,0,
1162,Jeremy Hill,25,CIN,RB,7,7,0,0,0,0,0,0,1,0,0,0,0.0,0,0,0,,,0,
1163,Carson Palmer,38,ARI,QB,7,7,0,0,0,0,0,0,2,2,-2,0,0.0,0,0,0,0.0,0.0,0,
1164,Aaron Rodgers,34,GNB,QB,7,7,0,0,0,0,0,0,1,1,0,0,0.0,0,0,0,0.0,0.0,0,
1165,Malik Hooker,21,IND,FS,7,6,3,73,0,32,4,0,0,0,0,0,0.0,22,16,6,0.0,0.0,0,
1166,Denzel Perryman,25,LAC,RLB,7,6,0,0,0,0,0,0,0,1,0,0,0.0,37,25,12,1.0,0.0,0,
1167,Kelvin Sheppard,29,NYG,RLB,7,6,2,17,0,12,4,0,0,0,0,0,0.0,49,32,17,2.0,1.0,0,
1168,Zach Vigil,26,WAS,RILB,7,6,0,0,0,0,2,0,0,1,0,0,0.0,59,41,18,2.0,0.0,0,
1169,Jimmie Ward,26,SFO,FS,7,6,0,0,0,0,1,0,0,1,43,0,0.0,32,27,5,1.0,0.0,0,
1170,Deshaun Watson,22,HOU,QB,7,6,0,0,0,0,0,0,3,0,0,0,0.0,0,0,0,0.0,0.0,0,AP ORoY-3
1171,C.J. Beathard,24,SFO,QB,7,5,0,0,0,0,0,0,3,1,0,0,0.0,0,0,0,0.0,0.0,0,
1172,Jason Spriggs,23,GNB,RT,7,5,0,0,0,0,0,0,0,1,0,0,0.0,0,0,0,0.0,0.0,0,
1173,Dede Westbrook,24,JAX,WR,7,5,0,0,0,0,0,0,1,0,0,0,0.0,0,0,0,0.0,0.0,0,
1174,Quincy Wilson,21,IND,DB,7,5,1,33,0,33,6,0,0,0,0,0,0.0,22,19,3,2.0,0.0,0,
1175,Jeff Cumberland,30,LAC,TE,7,3,0,0,0,0,0,0,0,1,0,0,0.0,1,1,0,0.0,0.0,0,
1176,Justin Durant,32,DAL,LB,7,3,0,0,0,0,0,0,0,0,0,0,0.0,13,9,4,3.0,0.0,0,
1177,Nick Foles,28,PHI,QB,7,3,0,0,0,0,0,0,6,3,-8,0,0.0,0,0,0,0.0,0.0,0,
1178,Christian Covington,24,HOU,DT,7,2,0,0,0,0,0,1,0,0,0,0,1.0,16,10,6,1.0,2.0,0,
1179,Cody Davis,28,LAR,DB,7,2,1,0,0,0,4,0,0,0,0,0,0.0,22,15,7,1.0,1.0,0,
1180,Datone Jones,27,2TM,DE,7,2,0,0,0,0,1,0,0,0,0,0,1.0,15,9,6,3.0,1.0,0,
1180,Datone Jones,27,SFO,DE,3,0,0,0,0,0,0,0,0,0,0,0,0.0,6,3,3,0.0,0.0,0,
1180,Datone Jones,27,DAL,DE,4,2,0,0,0,0,1,0,0,0,0,0,1.0,9,6,3,3.0,1.0,0,
1181,Chris Wormley,24,BAL,DE,7,2,0,0,0,0,0,0,0,0,0,0,0.0,5,5,0,0.0,1.0,0,
1182,Nigel Harris,23,2TM,LB,7,1,0,0,0,0,0,0,0,0,0,0,0.0,12,9,3,0.0,0.0,0,
1182,Nigel Harris,23,LAC,LB,5,1,0,0,0,0,0,0,0,0,0,0,0.0,11,8,3,0.0,0.0,0,
1182,Nigel Harris,23,NYG,LB,2,0,0,0,0,0,0,0,0,0,0,0,0.0,1,1,0,0.0,0.0,0,
1183,Jelani Jenkins,25,HOU,LB,7,1,0,0,0,0,0,0,0,0,0,0,0.0,11,9,2,1.0,0.0,0,
1184,Jared Abbrederis,27,DET,WR,7,0,0,0,0,0,0,1,0,0,0,0,0.0,2,1,1,0.0,0.0,0,
1185,Montravius Adams,22,GNB,DT,7,0,0,0,0,0,0,0,0,0,0,0,0.0,2,1,1,1.0,4.0,0,
1186,Bryan Cox Jr.,23,CAR,DE,7,0,0,0,0,0,0,0,0,1,15,0,0.0,6,4,2,2.0,3.0,0,
1187,Colin Holba,23,JAX,LS,7,0,0,0,0,0,0,0,0,0,0,0,0.0,1,0,1,0.0,0.0,0,
1188,Isaiah Irving,23,CHI,LB,7,0,0,0,0,0,0,0,0,1,0,0,0.0,5,5,0,0.0,0.0,0,
1189,George Johnson,30,2TM,DE,7,0,0,0,0,0,1,0,0,0,0,0,2.5,7,5,2,3.0,5.0,0,
1189,George Johnson,30,DET,DE,4,0,0,0,0,0,0,0,0,0,0,0,0.0,2,2,0,1.0,1.0,0,
1189,George Johnson,30,NOR,DE,3,0,0,0,0,0,1,0,0,0,0,0,2.5,5,3,2,2.0,4.0,0,
1190,Joseph Jones,23,DEN,LB,7,0,0,0,0,0,0,0,0,0,0,0,0.0,4,4,0,0.0,0.0,0,
1191,David King,28,TEN,DE,7,0,0,0,0,0,0,0,0,0,0,0,1.0,3,2,1,1.0,1.0,0,
1192,Aaron Lynch,24,SFO,DE,7,0,0,0,0,0,0,0,0,1,0,0,1.0,9,5,4,2.0,5.0,0,
1193,Joey Mbu,24,IND,DT,7,0,0,0,0,0,0,0,0,0,0,0,0.0,3,2,1,1.0,0.0,0,
1194,Stefan McClure,24,WAS,DB,7,0,0,0,0,0,0,0,0,0,0,0,0.0,3,2,1,0.0,0.0,0,
1195,Torry McTyer,22,MIA,DB,7,0,0,0,0,0,0,0,0,0,0,0,0.0,2,1,1,0.0,0.0,0,
1196,Roy Miller,30,KAN,DT,7,0,0,0,0,0,1,0,0,0,0,0,0.0,6,2,4,1.0,0.0,0,
1197,Deiontrez Mount,24,DEN,LB,7,0,0,0,0,0,0,0,0,0,0,0,0.0,7,6,1,1.0,1.0,0,
1198,Jojo Natson,23,NYJ,WR,7,0,0,0,0,0,0,0,1,1,0,0,0.0,0,0,0,0.0,0.0,0,
1199,Lewis Neal,22,DAL,DE,7,0,0,0,0,0,0,0,0,0,0,0,0.0,8,3,5,1.0,2.0,0,
1200,Chris Odom,23,GNB,DE,7,0,0,0,0,0,0,0,0,0,0,0,0.0,6,3,3,1.0,0.0,0,
1201,Curtis Riley,25,TEN,DB,7,0,1,2,0,2,2,0,0,0,0,0,0.0,12,8,4,0.0,0.0,0,
1202,David Amerson,26,OAK,LCB,6,6,0,0,0,0,4,0,0,1,0,0,0.0,18,14,4,0.0,0.0,0,
1203,Arik Armstead,24,SFO,LDE,6,6,0,0,0,0,1,0,0,0,0,0,1.5,16,8,8,2.0,3.0,0,
1204,Jamie Collins,28,CLE,RLB,6,6,1,0,0,0,3,1,0,0,0,0,1.0,31,21,10,5.0,2.0,0,
1205,Mike Davis,24,SEA,RB,6,6,0,0,0,0,0,0,0,1,0,0,0.0,0,0,0,,,0,
1206,Dee Ford,26,KAN,ROLB,6,6,0,0,0,0,1,1,0,0,0,0,2.0,13,11,2,4.0,7.0,0,
1207,Brian Hoyer,32,SFO,QB,6,6,0,0,0,0,0,0,3,1,-9,0,0.0,0,0,0,0.0,0.0,0,
1208,Adrian Peterson,32,ARI,RB,6,6,0,0,0,0,0,0,3,1,0,0,0.0,0,0,0,0.0,0.0,0,
1209,Greg Robinson,25,DET,LT,6,6,0,0,0,0,0,0,0,1,0,0,0.0,0,0,0,0.0,0.0,0,
1210,Jimmy Garoppolo,26,SFO,QB,6,5,0,0,0,0,0,0,1,1,-1,0,0.0,0,0,0,0.0,0.0,0,
1211,Eric Lee,23,NWE,LB,6,5,1,8,0,8,2,0,0,0,0,0,3.5,19,10,9,3.0,5.0,1,
1212,Jordan Reed,27,WAS,TE,6,5,0,0,0,0,0,0,1,2,-2,0,0.0,0,0,0,0.0,0.0,0,
1213,Rey Maualuga,30,MIA,MLB,6,4,0,0,0,0,0,0,0,0,0,0,0.0,23,14,9,1.0,0.0,0,
1214,Brock Osweiler,27,DEN,QB,6,4,0,0,0,0,0,0,2,0,0,0,0.0,0,0,0,,,0,
1215,Kentrell Brice,23,GNB,DB,6,3,1,11,0,11,3,0,0,0,0,0,0.0,23,19,4,0.0,1.0,0,
1216,Keenan Robinson,28,NYG,LB,6,3,0,0,0,0,2,0,0,0,0,0,0.0,32,20,12,0.0,0.0,0,
1217,Noah Spence,23,TAM,LB,6,3,0,0,0,0,0,1,0,0,0,0,1.0,9,5,4,1.0,1.0,0,
1218,Ronald Blair,24,SFO,DE,6,2,0,0,0,0,0,1,0,0,0,0,2.0,15,10,5,2.0,2.0,0,
1219,Chris Maragos,30,PHI,DB,6,1,0,0,0,0,0,0,0,0,0,0,0.0,11,5,6,0.0,0.0,0,
1220,Kevin Peterson,23,LAR,DB,6,1,2,42,0,38,6,0,1,1,0,0,0.0,11,7,4,0.0,0.0,0,
1221,Trevor Reilly,29,NWE,LB,6,1,0,0,0,0,0,0,0,0,0,0,0.0,10,7,3,1.0,0.0,0,
1222,Quinten Rollins,25,GNB,DB,6,1,0,0,0,0,2,0,0,2,0,0,0.0,19,9,10,1.0,0.0,0,
1223,Bryce Treggs,23,CLE,WR,6,1,0,0,0,0,0,0,1,0,0,0,0.0,0,0,0,,,0,
1224,Robert Turbin,28,IND,RB,6,1,0,0,0,0,0,0,0,0,0,0,0.0,1,1,0,0.0,0.0,0,
1225,Tyrell Adams,25,OAK,LB,6,0,0,0,0,0,0,0,0,0,0,0,0.0,18,11,7,0.0,0.0,0,
1226,Akeem Ayers,28,NYG,LB,6,0,0,0,0,0,0,0,0,0,0,0,0.0,3,2,1,0.0,0.0,0,
1227,Travaris Cadet,28,BUF,RB,6,0,0,0,0,0,0,0,0,0,0,0,0.0,1,1,0,0.0,0.0,0,
1228,Deandre Coleman,26,BUF,DE,6,0,0,0,0,0,0,0,0,0,0,0,0.0,7,3,4,0.0,0.0,0,
1229,A.J. Francis,27,WAS,DT,6,0,0,0,0,0,0,0,0,0,0,0,0.0,18,5,13,0.0,1.0,0,
1230,Jonathan Freeny,28,3TM,DE,6,0,0,0,0,0,0,0,0,0,0,0,0.0,6,5,1,0.0,0.0,0,
1230,Jonathan Freeny,28,BAL,DE,3,0,0,0,0,0,0,0,0,0,0,0,0.0,2,2,0,0.0,0.0,0,
1230,Jonathan Freeny,28,NWE,DE,1,0,0,0,0,0,0,0,0,0,0,0,0.0,2,2,0,0.0,0.0,0,
1230,Jonathan Freeny,28,NOR,DE,2,0,0,0,0,0,0,0,0,0,0,0,0.0,2,1,1,0.0,0.0,0,
1231,Andrew Gachkar,29,CAR,LB,6,0,0,0,0,0,0,0,0,0,0,0,0.0,4,4,0,0.0,0.0,0,
1232,Jermaine Grace,24,IND,LB,6,0,0,0,0,0,0,0,0,0,0,0,0.0,3,3,0,1.0,0.0,0,
1233,James Harrison,39,2TM,LB,6,0,0,0,0,0,0,1,0,0,0,0,3.0,8,6,2,2.0,4.0,0,
1233,James Harrison,39,PIT,LB,5,0,0,0,0,0,0,0,0,0,0,0,1.0,3,3,0,1.0,2.0,0,
1233,James Harrison,39,NWE,LB,1,0,0,0,0,0,0,1,0,0,0,0,2.0,5,3,2,1.0,2.0,0,
1234,Neville Hewitt,24,MIA,LB,6,0,0,0,0,0,0,0,0,0,0,0,0.0,1,1,0,0.0,0.0,0,
1235,Brian Hill,22,CIN,RB,6,0,0,0,0,0,0,0,0,0,0,0,0.0,3,3,0,0.0,0.0,0,
1236,Jaylen Hill,23,BAL,DB,6,0,0,0,0,0,1,0,0,1,0,0,0.0,3,2,1,0.0,0.0,0,
1237,Quinton Jefferson,24,SEA,DT,6,0,0,0,0,0,0,0,0,0,0,0,1.0,7,6,1,1.0,4.0,0,
1238,Greg Mabin,23,SFO,DB,6,0,0,0,0,0,0,0,0,0,0,0,0.0,2,1,1,0.0,0.0,0,
1239,Chris Matthews,28,BAL,WR,6,0,0,0,0,0,0,0,0,0,0,0,0.0,4,4,0,0.0,0.0,0,
1240,Arthur Maulet,24,NOR,DB,6,0,0,0,0,0,0,0,0,0,0,0,0.0,1,1,0,0.0,0.0,0,
1241,Steven Means,27,PHI,DE,6,0,0,0,0,0,0,0,0,0,0,0,1.0,3,3,0,2.0,2.0,0,
1242,Sterling Moore,27,NOR,DB,6,0,0,0,0,0,2,1,0,0,0,0,0.0,5,5,0,0.0,0.0,0,
1243,Romeo Okwara,22,NYG,DE,6,0,0,0,0,0,0,0,0,0,0,0,0.0,3,1,2,0.0,2.0,0,
1244,Kyle Peko,24,DEN,DT,6,0,0,0,0,0,0,0,0,0,0,0,0.0,6,4,2,0.0,0.0,0,
1245,Elijah Qualls,22,PHI,DT,6,0,0,0,0,0,0,0,0,0,0,0,0.0,4,3,1,0.0,1.0,0,
1246,Christian Ringo,25,DET,DE,6,0,0,0,0,0,0,0,0,0,0,0,0.0,3,2,1,0.0,2.0,0,
1247,Maurice Smith,22,MIA,DB,6,0,0,0,0,0,1,0,0,0,0,0,0.0,1,1,0,0.0,0.0,0,
1248,Fitzgerald Toussaint,27,PIT,RB,6,0,0,0,0,0,0,0,0,0,0,0,0.0,4,2,2,0.0,0.0,0,
1249,Jonathan Allen,22,WAS,LDE,5,5,0,0,0,0,0,0,0,0,0,0,1.0,10,3,7,0.0,6.0,0,
1250,Brian Cushing,30,HOU,LOLB,5,5,0,0,0,0,0,0,0,0,0,0,1.5,16,8,8,1.0,2.0,0,
1251,Vontae Davis,29,IND,RCB,5,5,0,0,0,0,2,0,0,0,0,0,0.0,21,16,5,0.0,0.0,0,
1252,Brandon Dixon,27,NYG,DB,5,5,0,0,0,0,4,1,0,0,0,0,0.0,21,15,6,0.0,0.0,0,
1253,Leger Douzable,31,SFO,LDE,5,5,0,0,0,0,0,0,0,0,0,0,2.0,19,17,2,3.0,3.0,0,
1254,Blaine Gabbert,28,ARI,QB,5,5,0,0,0,0,0,0,7,3,-11,0,0.0,0,0,0,,,0,
1255,Dont'a Hightower,27,NWE,LB,5,5,0,0,0,0,0,0,0,0,0,0,2.0,14,12,2,2.0,3.0,0,
1256,Whitney Mercilus,27,HOU,LOLB,5,5,0,0,0,0,0,1,0,0,0,0,1.0,10,9,1,1.0,1.0,0,
1257,Haloti Ngata,33,DET,RDT,5,5,0,0,0,0,1,0,0,0,0,0,2.0,7,7,0,2.0,3.0,0,
1258,J.J. Watt,28,HOU,LDE,5,5,0,0,0,0,2,0,0,0,0,0,0.0,15,11,4,3.0,5.0,0,
1259,Mason Foster,28,WAS,LB,5,4,1,10,0,10,1,0,0,1,0,0,0.5,31,22,9,1.0,2.0,0,
1260,Drew Stanton,33,ARI,QB,5,4,0,0,0,0,0,0,3,0,0,0,0.0,0,0,0,0.0,0.0,0,
1261,Terrance West,26,BAL,RB,5,4,0,0,0,0,0,0,1,0,0,0,0.0,0,0,0,0.0,0.0,0,
1262,Deonte Thompson,28,CHI,WR,5,3,0,0,0,0,0,0,1,0,0,0,0.0,0,0,0,,,0,
1263,DeAngelo Hall,34,WAS,DB,5,2,0,0,0,0,2,0,0,0,0,0,0.0,14,11,3,0.0,0.0,0,
1264,Darrelle Revis,32,KAN,DB,5,2,0,0,0,0,2,0,0,0,0,0,0.0,11,10,1,0.0,0.0,0,
1265,Clayton Geathers,25,IND,DB,5,1,0,0,0,0,0,0,0,0,0,0,0.0,8,5,3,0.0,0.0,0,
1266,Sean Mannion,25,LAR,QB,5,1,0,0,0,0,0,0,2,0,0,0,0.0,0,0,0,,,0,
1267,Obi Melifonwu,23,OAK,DB,5,1,0,0,0,0,0,0,0,0,0,0,0.0,7,6,1,0.0,0.0,0,
1268,Cameron Sutton,22,PIT,DB,5,1,0,0,0,0,1,0,0,0,0,0,0.0,5,4,1,0.0,0.0,0,
1269,Jihad Ward,23,OAK,DE,5,1,0,0,0,0,0,0,0,0,0,0,1.0,2,1,1,1.0,1.0,0,
1270,Colt Anderson,32,BUF,DB,5,0,0,0,0,0,0,0,0,0,0,0,0.0,3,3,0,0.0,0.0,0,
1271,Freddie Bishop,27,NYJ,DE,5,0,0,0,0,0,0,0,0,1,0,0,0.0,10,5,5,0.0,1.0,0,
1272,Marcus Burley,27,HOU,DB,5,0,0,0,0,0,0,0,0,0,0,0,0.0,1,1,0,0.0,0.0,0,
1273,Orson Charles,26,KAN,TE,5,0,0,0,0,0,0,0,0,1,0,0,0.0,1,1,0,0.0,0.0,0,
1274,Shelton Gibson,23,PHI,WR,5,0,0,0,0,0,0,0,0,0,0,0,0.0,1,1,0,0.0,0.0,0,
1275,Nicholas Grigsby,25,NWE,LB,5,0,0,0,0,0,0,0,0,0,0,0,0.0,5,4,1,0.0,0.0,0,
1276,Obum Gwacham,26,NYJ,DE,5,0,0,0,0,0,0,0,0,0,0,0,0.0,2,0,2,0.0,0.0,0,
1277,Tamba Hali,34,KAN,LB,5,0,0,0,0,0,0,0,0,0,0,0,0.0,1,1,0,0.0,1.0,0,
1278,Dwayne Harris,30,NYG,WR,5,0,0,0,0,0,0,0,0,0,0,0,0.0,2,1,1,0.0,0.0,0,
1279,Ben Heeney,25,HOU,LB,5,0,0,0,0,0,0,0,0,0,0,0,0.0,2,0,2,0.0,0.0,0,
1280,De'Angelo Henderson,25,DEN,RB,5,0,0,0,0,0,0,0,0,0,0,0,0.0,2,2,0,0.0,0.0,0,
1281,Taysom Hill,27,NOR,QB,5,0,0,0,0,0,0,0,0,0,0,0,0.0,4,4,0,0.0,0.0,0,
1282,Jaleel Johnson,23,MIN,DT,5,0,0,0,0,0,0,0,0,0,0,0,0.0,1,0,1,0.0,0.0,0,
1283,Dion Jordan,27,SEA,DE,5,0,0,0,0,0,0,1,0,0,0,0,4.0,18,10,8,4.0,5.0,0,
1284,Daniel McCullers,25,PIT,DT,5,0,0,0,0,0,0,0,0,0,0,0,0.0,1,1,0,1.0,1.0,0,
1285,Tony McDaniel,32,2TM,DT,5,0,0,0,0,0,1,1,0,0,0,0,0.0,8,7,1,1.0,0.0,0,
1285,Tony McDaniel,32,SFO,DT,4,0,0,0,0,0,1,1,0,0,0,0,0.0,5,5,0,1.0,0.0,0,
1285,Tony McDaniel,32,NOR,DT,1,0,0,0,0,0,0,0,0,0,0,0,0.0,3,2,1,0.0,0.0,0,
1286,Harlan Miller,23,ARI,DB,5,0,0,0,0,0,0,0,0,1,0,0,0.0,6,4,2,0.0,0.0,0,
1287,Darryl Morris,27,NYG,DB,5,0,0,0,0,0,1,0,0,0,0,0,0.0,11,6,5,0.0,0.0,0,
1288,Corey Nelson,25,DEN,LB,5,0,0,0,0,0,0,0,0,0,0,0,0.0,4,2,2,0.0,0.0,0,
1289,Marcus Rios,23,DEN,DB,5,0,0,0,0,0,1,0,0,0,0,0,0.0,5,5,0,0.0,0.0,0,
1290,Dwayne Washington,23,DET,RB,5,0,0,0,0,0,0,0,0,0,0,0,0.0,4,3,1,0.0,0.0,0,
1291,Jerel Worthy,27,BUF,DT,5,0,0,0,0,0,0,0,0,0,0,0,0.0,5,1,4,1.0,1.0,0,
1292,Maurice Alexander,26,LAR,DB,4,4,0,0,0,0,0,0,0,0,0,0,0.0,20,13,7,0.0,1.0,0,
1293,Alex Anzalone,23,NOR,LB,4,4,0,0,0,0,1,0,0,0,0,0,1.0,16,11,5,1.0,1.0,0,
1294,Cliff Avril,31,SEA,DE,4,4,0,0,0,0,0,0,0,0,0,0,1.0,2,2,0,1.0,2.0,0,
1295,Deyshawn Bond,23,IND,C,4,4,0,0,0,0,0,0,1,0,0,0,0.0,0,0,0,,,0,
1296,Dalvin Cook,22,MIN,RB,4,4,0,0,0,0,0,0,1,0,0,0,0.0,0,0,0,0.0,0.0,0,
1297,Mike Glennon,28,CHI,QB,4,4,0,0,0,0,0,0,5,3,-1,0,0.0,0,0,0,0.0,0.0,0,
1298,Markus Golden,26,ARI,LB,4,4,0,0,0,0,0,0,0,0,0,0,0.0,11,11,0,1.0,4.0,0,
1299,Stephen Paea,29,DAL,DT,4,4,0,0,0,0,0,0,0,0,0,0,0.0,4,3,1,2.0,0.0,0,
1300,Sean Spence,27,PIT,LB,4,4,0,0,0,0,0,0,0,0,0,0,1.0,19,11,8,1.0,2.0,0,
1301,Bryce Petty,26,NYJ,QB,4,3,0,0,0,0,0,0,1,0,0,0,0.0,0,0,0,,,0,
1302,T.J. Yates,30,HOU,QB,4,3,0,0,0,0,0,0,5,3,0,0,0.0,0,0,0,0.0,0.0,0,
1303,Nathan Peterman,23,BUF,QB,4,2,0,0,0,0,0,0,2,2,-6,0,0.0,0,0,0,,,0,
1304,Willie Young,32,CHI,DE,4,2,0,0,0,0,0,0,0,0,0,0,2.0,7,4,3,2.0,4.0,0,
1305,Justin Hamilton,24,2TM,DT,4,1,0,0,0,0,0,0,0,0,0,0,0.5,3,1,2,0.0,1.0,0,
1305,Justin Hamilton,24,PHI,DT,3,0,0,0,0,0,0,0,0,0,0,0,0.5,2,0,2,0.0,1.0,0,
1305,Justin Hamilton,24,KAN,DT,1,1,0,0,0,0,0,0,0,0,0,0,0.0,1,1,0,0.0,0.0,0,
1306,Kevin Hogan,25,CLE,QB,4,1,0,0,0,0,0,0,1,0,0,0,0.0,0,0,0,,,0,
1307,Dominique Alexander,22,CLE,LB,4,0,0,0,0,0,0,0,0,0,0,0,0.0,1,1,0,0.0,0.0,0,
1308,Jeremiah Attaochu,24,LAC,LB,4,0,0,0,0,0,0,0,0,0,0,0,0.0,7,6,1,1.0,0.0,0,
1309,Donatello Brown,26,GNB,DB,4,0,0,0,0,0,0,0,1,0,0,0,0.0,0,0,0,,,0,
1310,Demetrious Cox,23,CAR,DB,4,0,0,0,0,0,0,0,0,0,0,0,0.0,4,4,0,0.0,0.0,0,
1311,Jack Crawford,29,ATL,DE,4,0,0,0,0,0,0,0,0,0,0,0,0.0,5,3,2,0.0,3.0,0,
1312,Donte Deayon,23,NYG,DB,4,0,0,0,0,0,1,0,0,0,0,0,0.0,10,9,1,1.0,0.0,0,
1313,Dylan Donahue,25,NYJ,LB,4,0,0,0,0,0,0,0,0,0,0,0,0.0,5,4,1,1.0,1.0,0,
1314,Tyler Ervin,24,HOU,RB,4,0,0,0,0,0,0,0,0,0,0,0,0.0,1,1,0,0.0,0.0,0,
1315,Dwight Freeney,37,SEA,DE,4,0,0,0,0,0,1,0,0,0,0,0,3.0,3,3,0,3.0,4.0,0,
1316,Tyrone Holmes,24,CLE,DE,4,0,0,0,0,0,0,0,0,0,0,0,0.0,3,1,2,0.0,0.0,0,
1317,Asa Jackson,28,SFO,DB,4,0,0,0,0,0,0,0,0,0,0,0,0.0,1,1,0,0.0,0.0,0,
1318,Lorenzo Jerome,23,SFO,DB,4,0,0,0,0,0,0,0,0,0,0,0,0.0,3,2,1,0.0,1.0,0,
1319,Anthony Johnson,24,IND,DT,4,0,0,0,0,0,0,0,0,0,0,0,0.0,2,0,2,0.0,0.0,0,
1320,Isaiah Johnson,25,TAM,DB,4,0,0,0,0,0,0,0,0,1,7,1,0.0,4,4,0,0.0,0.0,0,
1321,Howard Jones,27,CHI,LB,4,0,0,0,0,0,0,0,0,0,0,0,1.0,3,2,1,1.0,1.0,0,
1322,Cameron Malveaux,23,MIA,DE,4,0,0,0,0,0,0,0,0,0,0,0,1.0,5,4,1,3.0,1.0,0,
1323,Al-Quadin Muhammad,22,NOR,DE,4,0,0,0,0,0,0,0,0,0,0,0,0.0,1,0,1,0.0,0.0,0,
1324,Larry Pinkard,25,JAX,WR,4,0,0,0,0,0,0,0,0,0,0,0,0.0,1,1,0,0.0,0.0,0,
1325,Gimel President,24,HOU,LB,4,0,0,0,0,0,0,0,0,0,0,0,0.0,3,1,2,0.0,0.0,0,
1326,Pete Robertson,25,WAS,LB,4,0,0,0,0,0,0,0,0,0,0,0,0.0,4,2,2,0.0,1.0,0,
1327,Ed Stinson,27,NYJ,DE,4,0,0,0,0,0,0,0,0,0,0,0,0.0,1,0,1,0.0,0.0,0,
1328,Nathan Stupar,29,NOR,LB,4,0,0,0,0,0,0,0,0,0,0,0,0.0,1,1,0,0.0,0.0,0,
1329,Khyri Thornton,28,DET,DT,4,0,0,0,0,0,0,0,0,0,0,0,0.0,4,3,1,0.0,1.0,0,
1330,Jason Vander Laan,25,IND,TE,4,0,0,0,0,0,0,0,0,0,0,0,0.0,2,2,0,0.0,0.0,0,
1331,Joe Vellano,29,ATL,DT,4,0,0,0,0,0,0,0,0,0,0,0,0.0,4,1,3,0.0,0.0,0,
1332,Quintin Demps,32,CHI,DB,3,3,0,0,0,0,0,0,0,0,0,0,0.0,12,11,1,0.0,0.0,0,
1333,Chris Prosinski,30,CHI,DB,3,3,0,0,0,0,0,0,0,0,0,0,0.0,8,5,3,0.0,0.0,0,
1334,Brent Urban,26,BAL,DE,3,3,0,0,0,0,1,0,0,0,0,0,0.0,4,3,1,1.0,0.0,0,
1335,Dannell Ellerbe,32,PHI,LB,3,2,0,0,0,0,0,0,0,0,0,0,0.0,8,6,2,2.0,0.0,0,
1336,Luke Stocker,29,TEN,TE,3,2,0,0,0,0,0,0,0,0,0,0,0.0,1,0,1,0.0,0.0,0,
1337,Johnthan Banks,28,HOU,DB,3,1,0,0,0,0,0,0,0,0,0,0,0.0,10,8,2,0.0,0.0,0,
1338,Landry Jones,28,PIT,QB,3,1,0,0,0,0,0,0,1,3,0,0,0.0,0,0,0,,,0,
1339,Bronson Kaufusi,26,BAL,LB,3,1,0,0,0,0,0,0,0,0,0,0,0.0,5,2,3,0.0,0.0,0,
1340,John Ross,22,CIN,WR,3,1,0,0,0,0,0,0,1,0,0,0,0.0,0,0,0,,,0,
1341,Darryl Tapp,33,TAM,DE,3,1,0,0,0,0,0,0,0,0,0,0,1.0,2,2,0,1.0,1.0,0,
1342,Carlos Thompson,25,LAR,DE,3,1,0,0,0,0,0,0,0,0,0,0,0.0,5,4,1,1.0,0.0,0,
1343,Brandon Bell,22,CIN,LB,3,0,0,0,0,0,0,0,0,0,0,0,0.0,10,6,4,0.0,0.0,0,
1344,Adam Bighill,29,NOR,LB,3,0,0,0,0,0,0,0,0,0,0,0,0.0,1,1,0,0.0,0.0,0,
1345,Riley Bullough,24,TAM,LB,3,0,0,0,0,0,0,0,0,0,0,0,0.0,2,1,1,0.0,0.0,0,
1346,Travis Coons,25,LAC,K,3,0,0,0,0,0,0,0,0,0,0,0,0.0,2,2,0,0.0,0.0,0,
1347,Justin Currie,24,CLE,DB,3,0,0,0,0,0,0,0,0,0,0,0,1.0,7,6,1,2.0,1.0,0,
1348,Paul Dawson,24,SEA,LB,3,0,0,0,0,0,0,0,0,0,0,0,0.0,3,2,1,0.0,0.0,0,
1349,Lavar Edwards,27,CLE,DE,3,0,0,0,0,0,0,0,0,0,0,0,0.0,2,0,2,0.0,0.0,0,
1350,Daniel Lasco,25,NOR,RB,3,0,0,0,0,0,0,0,0,0,0,0,0.0,1,1,0,0.0,0.0,0,
1351,Darius Latham,23,OAK,DT,3,0,0,0,0,0,0,0,0,0,0,0,0.0,7,3,4,0.0,1.0,0,
1352,Gabe Martin,25,ARI,LB,3,0,0,0,0,0,0,0,0,0,0,0,0.0,2,2,0,0.0,0.0,0,
1353,Demetrius McCray,26,OAK,DB,3,0,0,0,0,0,0,0,0,0,0,0,0.0,1,1,0,0.0,0.0,0,
1354,Dewey McDonald,27,SEA,DB,3,0,0,0,0,0,0,0,0,0,0,0,0.0,1,1,0,0.0,0.0,0,
1355,T.Y. McGill,25,CLE,DT,3,0,0,0,0,0,0,0,0,0,0,0,0.0,1,1,0,0.0,1.0,0,
1356,Damontre Moore,25,DAL,DE,3,0,0,0,0,0,0,0,0,0,0,0,0.0,5,3,2,0.0,1.0,0,
1357,Ryan Murphy,25,NYG,DB,3,0,0,0,0,0,0,0,0,0,0,0,0.0,1,1,0,0.0,0.0,0,
1358,Charone Peake,25,NYJ,WR,3,0,0,0,0,0,0,0,0,0,0,0,0.0,1,1,0,0.0,0.0,0,
1359,Otha Peters,23,WAS,LB,3,0,0,0,0,0,0,0,0,0,0,0,0.0,3,2,1,0.0,0.0,0,
1360,Tyvis Powell,23,SFO,DB,3,0,0,0,0,0,0,0,0,0,0,0,0.0,5,4,1,0.0,0.0,0,
1361,Isaac Rochell,22,LAC,DT,3,0,0,0,0,0,0,0,0,0,0,0,1.0,4,4,0,2.0,1.0,0,
1362,Daniel Ross,24,DAL,DT,3,0,0,0,0,0,0,0,1,1,6,0,1.0,5,4,1,2.0,2.0,0,
1363,Deontae Skinner,27,NYG,LB,3,0,0,0,0,0,0,0,0,0,0,0,0.0,2,2,0,0.0,0.0,0,
1364,C.J. Smith,24,CLE,DB,3,0,0,0,0,0,0,0,0,0,0,0,0.0,1,1,0,0.0,0.0,0,
1365,Darren Sproles,34,PHI,RB,3,0,0,0,0,0,0,0,1,0,0,0,0.0,0,0,0,0.0,0.0,0,
1366,Dymonte Thomas,24,DEN,DB,3,0,0,0,0,0,0,0,0,0,0,0,0.0,8,4,4,0.0,0.0,0,
1367,Nolan Carroll,30,DAL,DB,2,2,0,0,0,0,0,0,0,0,0,0,0.0,5,5,0,0.0,0.0,0,
1368,Paxton Lynch,23,DEN,QB,2,2,0,0,0,0,0,0,2,1,0,0,0.0,0,0,0,,,0,
1369,Matt Cassel,35,TEN,QB,2,1,0,0,0,0,0,0,2,0,0,0,0.0,0,0,0,0.0,0.0,0,
1370,Antone Exum,26,SFO,DB,2,1,0,0,0,0,0,0,0,0,0,0,0.0,3,2,1,0.0,0.0,0,
1371,Geno Smith,27,NYG,QB,2,1,0,0,0,0,0,0,2,0,0,0,0.0,0,0,0,0.0,0.0,0,
1372,DeAndrew White,26,HOU,WR,2,1,0,0,0,0,0,0,1,1,0,0,0.0,0,0,0,0.0,0.0,0,
1373,Alex Barrett,23,DET,DE,2,0,0,0,0,0,0,0,0,0,0,0,0.0,1,0,1,0.0,0.0,0,
1374,Jace Billingsley,24,DET,WR,2,0,0,0,0,0,0,0,0,0,0,0,0.0,2,2,0,0.0,0.0,0,
1375,Robert Blanton,28,BUF,DB,2,0,0,0,0,0,0,0,0,0,0,0,0.0,3,2,1,0.0,0.0,0,
1376,Tashawn Bower,22,MIN,DE,2,0,0,0,0,0,0,0,0,0,0,0,1.0,1,1,0,1.0,1.0,0,
1377,Chunky Clements,23,HOU,DT,2,0,0,0,0,0,0,0,0,0,0,0,0.5,2,1,1,0.0,1.0,0,
1378,Gareon Conley,22,OAK,DB,2,0,0,0,0,0,1,0,0,0,0,0,0.0,7,5,2,0.0,0.0,0,
1379,Sam Ficken,25,LAR,K,2,0,0,0,0,0,0,0,0,0,0,0,0.0,1,0,1,0.0,0.0,0,
1380,Reggie Gilbert,24,GNB,DE,2,0,0,0,0,0,0,0,0,0,0,0,1.0,2,2,0,1.0,3.0,0,
1381,Derek Hart,25,GNB,LS,2,0,0,0,0,0,0,0,0,0,0,0,0.0,1,0,1,0.0,0.0,0,
1382,Bronson Hill,24,ARI,RB,2,0,0,0,0,0,0,0,0,0,0,0,0.0,1,1,0,0.0,0.0,0,
1383,Krishawn Hogan,22,IND,WR,2,0,0,0,0,0,0,1,1,1,0,0,0.0,1,1,0,0.0,0.0,0,
1384,Andy Jones,23,DET,WR,2,0,0,0,0,0,0,0,0,0,0,0,0.0,1,1,0,0.0,0.0,0,
1385,LaTroy Lewis,24,HOU,LB,2,0,0,0,0,0,0,0,0,0,0,0,1.0,3,3,0,1.0,1.0,0,
1386,Ryan Mallett,29,BAL,QB,2,0,0,0,0,0,0,0,1,0,0,0,0.0,0,0,0,,,0,
1387,Jeremy McNichols,22,SFO,RB,2,0,0,0,0,0,0,0,0,0,0,0,0.0,1,1,0,0.0,0.0,0,
1388,Robert Nelson,27,NYJ,DB,2,0,0,0,0,0,0,0,0,0,0,0,0.0,4,4,0,0.0,0.0,0,
1389,Calvin Pryor,25,JAX,DB,2,0,0,0,0,0,0,0,0,0,0,0,0.0,1,1,0,0.0,0.0,0,
1390,DeShawn Shead,28,SEA,DB,2,0,0,0,0,0,0,0,0,0,0,0,0.0,2,2,0,0.0,0.0,0,
1391,Jacquies Smith,27,DET,LB,2,0,0,0,0,0,0,0,0,0,0,0,0.0,1,1,0,0.0,2.0,0,
1392,Fish Smithson,23,WAS,DB,2,0,0,0,0,0,0,0,0,0,0,0,0.0,1,0,1,0.0,0.0,0,
1393,Charles Tapper,24,DAL,DE,2,0,0,0,0,0,0,0,0,0,0,0,1.0,3,2,1,1.0,1.0,0,
1394,Devin Taylor,28,NYG,DE,2,0,0,0,0,0,0,0,0,0,0,0,0.0,1,0,1,0.0,0.0,0,
1395,Aaron Wallace,24,TEN,LB,2,0,0,0,0,0,0,0,0,0,0,0,0.0,1,1,0,0.0,0.0,0,
1396,Sean Weatherspoon,30,ATL,LB,2,0,0,0,0,0,0,0,0,0,0,0,0.0,1,1,0,0.0,0.0,0,
1397,D.J. White,24,IND,DB,2,0,0,0,0,0,0,0,0,0,0,0,0.0,3,3,0,0.0,2.0,0,
1398,Eric Berry,29,KAN,DB,1,1,0,0,0,0,0,0,0,0,0,0,0.0,7,4,3,1.0,0.0,0,
1399,Jerrell Freeman,31,CHI,LB,1,1,0,0,0,0,0,0,0,0,0,0,0.0,10,7,3,1.0,0.0,0,
1400,David Johnson,26,ARI,RB,1,1,0,0,0,0,0,0,2,0,0,0,0.0,0,0,0,0.0,0.0,0,
1401,Patrick Mahomes,22,KAN,QB,1,1,0,0,0,0,0,0,0,1,0,0,0.0,0,0,0,0.0,0.0,0,
1402,Leon McQuay,23,KAN,DB,1,1,0,0,0,0,1,0,0,0,0,0,0.0,4,3,1,0.0,0.0,0,
1403,Scott Tolzien,30,IND,QB,1,1,0,0,0,0,0,0,1,1,0,0,0.0,0,0,0,,,0,
1404,Jason Verrett,26,LAC,DB,1,1,0,0,0,0,0,0,0,0,0,0,0.0,1,1,0,0.0,0.0,0,
1405,Brandon Banks,23,WAS,DE,1,0,0,0,0,0,0,0,0,0,0,0,0.0,1,1,0,0.0,0.0,0,
1406,Michael Bennett,24,JAX,DT,1,0,0,0,0,0,1,0,0,0,0,0,0.0,1,1,0,0.0,0.0,0,
1407,Tyler Bray,26,KAN,QB,1,0,0,0,0,0,0,0,1,0,-4,0,0.0,0,0,0,,,0,
1408,Rickey Hatley,23,BUF,NT,1,0,0,0,0,0,0,0,0,0,0,0,0.0,1,1,0,0.0,0.0,0,
1409,Tyrique Jarrett,23,DEN,T,1,0,0,0,0,0,0,0,0,0,0,0,0.0,1,0,1,0.0,0.0,0,
1410,Stanley Jean-Baptiste,27,BAL,DB,1,0,0,0,0,0,0,0,0,0,0,0,0.0,1,1,0,0.0,0.0,0,
1411,Isaiah Johnson,25,LAR,DB,1,0,0,0,0,0,0,0,0,0,0,0,0.0,6,1,5,0.0,0.0,0,
1412,Sidney Jones,21,PHI,DB,1,0,0,0,0,0,0,0,0,0,0,0,0.0,2,2,0,0.0,0.0,0,
1413,Marshall Koehn,25,CIN,K,1,0,0,0,0,0,0,0,0,0,0,0,0.0,1,1,0,0.0,0.0,0,
1414,Henry Krieger-Coble,25,IND,TE,1,0,0,0,0,0,0,0,0,0,0,0,0.0,1,1,0,0.0,0.0,0,
1415,Harvey Langi,25,NWE,DE,1,0,0,0,0,0,0,0,0,0,0,0,0.0,1,1,0,0.0,0.0,0,
1416,David Parry,25,NOR,NT,1,0,0,0,0,0,0,0,0,0,0,0,0.0,1,0,1,0.0,0.0,0,
1417,Claude Pelon,25,NYJ,DT,1,0,0,0,0,0,0,0,0,0,0,0,0.0,2,1,1,0.0,0.0,0,
1418,John Phillips,30,NOR,TE,1,0,0,0,0,0,0,0,0,0,0,0,0.0,1,1,0,0.0,0.0,0,
1419,Keith Reaser,26,KAN,DB,1,0,0,0,0,0,2,0,0,0,0,0,1.0,4,4,0,0.0,0.0,0,
1420,Edmond Robinson,25,NYJ,LB,1,0,0,0,0,0,0,0,0,0,0,0,0.0,1,1,0,0.0,0.0,0,
1421,Jaelen Strong,23,HOU,WR,1,0,0,0,0,0,0,0,0,0,0,0,0.0,1,0,1,0.0,0.0,0,
1422,Cam Thomas,31,KAN,DT,1,0,0,0,0,0,1,0,0,0,0,0,0.0,1,1,0,0.0,0.0,0,
1423,Jordan Williams,24,NYG,DE,1,0,0,0,0,0,0,0,0,0,0,0,0.0,2,1,1,0.0,0.0,0,
1424,Gabe Wright,25,MIA,DT,1,0,0,0,0,0,1,0,0,0,0,0,0.0,1,1,0,0.0,0.0,0,
