Player ID,Player,Age,Team,Pos,G,GS,Int,Yds,IntTD,Lng,PD,FF,Fmb,FR,Yds.1,FRTD,Sk,Comb,Solo,Ast,TFL,QBHits,Sfty
3115922.0,Nick Allegretti,28,WAS,LG,17,17,0,0,0,0,0,0,0,2,0,0,0.0,0,0,0,0,0,0
135964.0,Josh Allen,28,BUF,QB,17,17,0,0,0,0,0,0,5,1,0,0,0.0,0,0,0,0,0,0
3127287.0,Budda Baker,28,ARI,FS,17,17,0,0,0,0,5,1,0,0,0,0,2.0,164,95,69,10,3,0
3919512.0,Jessie Bates III,27,ATL,SS,17,17,4,55,1,55,10,4,0,1,0,0,1.0,102,62,40,2,1,0
,Matthew Bergeron,24,ATL,LG,17,17,0,0,0,0,0,0,0,1,0,0,0.0,0,0,0,0,0,0
,Joel Bitonio,33,CLE,LG,17,17,0,0,0,0,0,0,0,2,0,0,0.0,0,0,0,0,0,0
,Bradley Bozeman,30,LAC,C,17,17,0,0,0,0,0,0,1,0,-3,0,0.0,0,0,0,0,0,0
,Jake Brendel,32,SFO,C,17,17,0,0,0,0,0,0,1,0,0,0,0.0,0,0,0,0,0,0
4040537.0,Aaron Brewer,27,MIA,C,17,17,0,0,0,0,0,0,1,1,-22,0,0.0,0,0,0,0,0,0
4043130.0,Jordyn Brooks,27,MIA,RILB,17,17,0,0,0,0,6,0,0,2,23,0,3.0,143,86,57,11,6,0
,Jonathan Bullard,31,MIN,RDE,17,17,0,0,0,0,3,0,0,0,0,0,1.0,41,21,20,7,3,0
4035631.0,Brian Burns,26,NYG,LOLB,17,17,0,0,0,0,8,2,0,0,0,0,8.5,71,42,29,17,18,0
3915511.0,Joe Burrow,28,CIN,QB,17,17,0,0,0,0,0,0,11,2,-3,0,0.0,0,0,0,0,0,0
512368.0,Kevin Byard,31,CHI,SS,17,17,1,0,0,0,7,1,0,2,0,0,2.0,130,80,50,5,2,0
4035861.0,Camryn Bynum,26,MIN,FS,17,17,3,3,0,3,10,0,0,2,0,0,0.0,96,54,42,2,0,0
161106.0,Calais Campbell,38,MIA,NT,17,17,0,0,0,0,5,1,0,0,0,0,5.0,52,35,17,12,12,0
4569465.0,Jack Campbell,24,DET,MLB,17,17,0,0,0,0,5,1,0,0,0,0,1.5,131,69,62,5,5,0
4043169.0,Jeremy Chinn,26,WAS,FS,17,17,1,0,0,0,5,1,0,2,0,0,2.0,117,73,44,7,3,0
3122752.0,Kenny Clark,29,GNB,RDT,17,17,0,0,0,0,2,0,0,2,0,0,1.0,37,20,17,4,5,0
4240896.0,Micheal Clemons,27,NYJ,LOLB,17,17,0,0,0,0,0,1,0,0,0,0,4.5,34,18,16,4,8,0
,Maliek Collins,29,SFO,LDT,17,17,0,0,0,0,0,0,0,2,0,0,5.0,33,20,13,5,12,0
4244606.0,Zaven Collins,25,ARI,LOLB,17,17,0,0,0,0,1,2,0,0,0,0,5.0,57,33,24,7,7,0
4247726.0,Bryan Cook,25,KAN,FS,17,17,2,0,0,0,5,0,0,0,0,0,0.0,78,55,23,1,0,0
4040608.0,Jonathon Cooper,26,DEN,LOLB,17,17,0,0,0,0,1,1,0,0,0,0,10.5,58,33,25,11,20,0
4426403.0,Nick Cross,23,IND,SS,17,17,3,25,0,20,5,1,0,0,0,0,1.0,146,87,59,6,1,0
4426348.0,Jayden Daniels,24,WAS,QB,17,17,0,0,0,0,0,0,5,0,-11,0,0.0,0,0,0,0,0,0
3912547.0,Sam Darnold,27,MIN,QB,17,17,0,0,0,0,0,0,8,2,-27,0,0.0,0,0,0,0,0,0
501847.0,Lavonte David,34,TAM,LILB,17,17,1,7,0,7,6,3,0,1,0,0,5.5,122,76,46,9,6,0
,Jordan Davis,24,PHI,RDT,17,17,0,0,0,0,2,0,0,1,0,0,1.0,27,15,12,3,1,0
4686334.0,YaYa Diaby,25,TAM,OLB,17,17,0,0,0,0,0,1,0,1,0,0,4.5,54,39,15,13,20,0
3929950.0,Tremaine Edmunds,26,CHI,MLB,17,17,1,0,0,0,8,1,0,0,0,0,1.0,110,60,50,3,3,0
3121544.0,T.J. Edwards,28,CHI,LLB,17,17,1,0,0,0,3,1,0,2,0,0,4.0,129,79,50,12,6,0
3124890.0,Kaden Elliss,29,ATL,RILB,17,17,1,12,0,12,3,1,0,1,0,0,5.0,151,85,66,8,16,0
482590.0,Zach Ertz,34,WAS,TE,17,17,0,0,0,0,0,0,1,0,0,0,0.0,0,0,0,0,0,0
3925345.0,Minkah Fitzpatrick,28,PIT,SS,17,17,1,25,0,25,4,1,0,0,0,0,0.0,96,62,34,1,0,0
,Leonard Floyd,32,SFO,RDE,17,17,0,0,0,0,1,1,0,0,0,0,8.5,42,25,17,8,16,0
3125114.0,Poona Ford,29,LAC,RDT,17,17,1,3,0,3,5,0,0,0,0,0,3.0,39,24,15,8,9,0
3124005.0,Zaire Franklin,28,IND,LLB,17,17,2,4,0,4,6,5,0,0,0,0,3.5,173,93,80,11,4,0
3886633.0,Hjalte Froholdt,28,ARI,C,17,17,0,0,0,0,0,0,1,1,-5,0,0.0,0,0,0,0,0,0
4606711.0,Taliese Fuaga,22,NOR,LT,17,17,0,0,0,0,0,0,0,1,0,0,0.0,0,0,0,0,0,0
3122132.0,Myles Garrett,29,CLE,RDE,17,17,0,0,0,0,1,3,0,1,0,0,14.0,47,40,7,22,28,0
4046523.0,Rashan Gary,27,GNB,RDE,17,17,0,0,0,0,1,1,0,1,0,0,7.5,47,26,21,9,15,0
559602.0,Davon Godchaux,30,NWE,NT,17,17,0,0,0,0,1,0,0,0,0,0,0.0,67,24,43,1,1,0
547401.0,Jared Goff,30,DET,QB,17,17,0,0,0,0,0,0,6,2,0,0,0.0,0,0,0,0,0,0
3918310.0,Carl Granderson,28,NOR,RDE,17,17,0,0,0,0,4,1,0,0,0,0,5.5,61,36,25,9,13,0
3916409.0,Jonathan Greenard,27,MIN,ROLB,17,17,0,0,0,0,3,4,0,0,0,0,12.0,59,41,18,18,22,0
4575517.0,Kyle Hamilton,23,BAL,SS,17,17,1,0,0,0,9,2,0,1,8,0,2.0,107,77,30,4,6,0
550879.0,Trey Hendrickson,30,CIN,RDE,17,17,0,0,0,0,6,2,0,0,0,0,17.5,46,33,13,19,36,0
4241597.0,Daiyan Henley,25,LAC,LILB,17,17,1,4,0,4,8,0,0,0,0,0,1.0,147,84,63,7,3,0
232295.0,Derrick Henry,30,BAL,RB,17,17,0,0,0,0,0,0,3,0,0,0,0.0,0,0,0,0,0,0
4038941.0,Justin Herbert,26,LAC,QB,17,17,0,0,0,0,0,0,6,4,-6,0,0.0,0,0,0,0,0,0
235682.0,Cameron Heyward,35,PIT,LDE,17,17,0,0,0,0,11,0,0,0,0,0,8.0,71,35,36,12,20,0
3121415.0,Malik Hooker,28,DAL,SS,17,17,2,20,0,21,5,0,0,0,0,0,0.0,81,51,30,3,1,0
4241385.0,Creed Humphrey,25,KAN,C,17,17,0,0,0,0,0,0,1,0,0,0,0.0,0,0,0,0,0,0
,Danielle Hunter,30,HOU,RDE,17,17,0,0,0,0,3,1,0,0,0,0,12.0,46,31,15,17,23,0
3916387.0,Lamar Jackson,27,BAL,QB,17,17,0,0,0,0,0,0,10,5,-28,0,0.0,0,0,0,0,0,0
3917853.0,Michael Jackson,27,CAR,RCB,17,17,2,20,0,19,17,0,0,0,0,0,0.0,76,58,18,3,0,0
4047365.0,Josh Jacobs,26,GNB,RB,17,17,0,0,0,0,0,0,4,0,0,0,0.0,0,0,0,0,0,0
,Grady Jarrett,31,ATL,LDE,17,17,0,0,0,0,0,0,0,0,0,0,2.5,53,30,23,9,12,0
,Justin Jefferson,25,MIN,WR,17,17,0,0,0,0,0,0,1,0,0,0,0.0,0,0,0,0,0,0
,John Jenkins,35,LVR,LDT,17,17,0,0,0,0,2,0,0,0,0,0,1.0,46,13,33,3,4,0
4243253.0,Jaylon Johnson,25,CHI,RCB,17,17,2,11,0,9,8,1,0,0,0,0,0.0,53,42,11,7,0,0
139082.0,Aaron Jones,30,MIN,RB,17,17,0,0,0,0,0,0,5,1,0,0,0.0,0,0,0,0,0,0
,D.J. Jones,29,DEN,NT,17,17,0,0,0,0,3,0,0,1,0,0,1.0,42,21,21,1,3,0
145574.0,Robert Jones,25,MIA,LG,17,17,0,0,0,0,0,0,0,1,0,0,0.0,0,0,0,0,0,0
238235.0,Cameron Jordan,35,NOR,LDE,17,17,1,0,0,0,4,0,0,0,0,0,4.0,34,18,16,7,8,0
4360383.0,Kerby Joseph,24,DET,FS,17,17,9,99,1,33,12,0,0,0,0,0,0.0,83,58,25,1,1,0
4259491.0,Javon Kinlaw,27,NYJ,RDT,17,17,0,0,0,0,0,2,0,1,4,0,4.5,40,27,13,5,5,0
4572680.0,Tucker Kraft,24,GNB,TE,17,17,0,0,0,0,0,0,1,0,0,0,0.0,1,0,1,0,0,0
3122793.0,Harold Landry,28,TEN,ROLB,17,17,0,0,0,0,4,0,0,0,0,0,9.0,71,42,29,15,15,1
,JC Latham,21,TEN,LT,17,17,0,0,0,0,0,0,0,3,4,0,0.0,0,0,0,0,0,0
4360499.0,Tyler Linderbaum,24,BAL,C,17,17,0,0,0,0,0,0,2,0,-13,0,0.0,0,0,0,0,0,0
4426502.0,Drake London,23,ATL,WR,17,17,0,0,0,0,0,0,0,1,0,0,0.0,0,0,0,0,0,0
4046675.0,Julian Love,26,SEA,FS,17,17,3,33,0,26,12,2,0,1,6,0,0.0,109,79,30,3,0,0
3127273.0,Frankie Luvu,28,WAS,RLB,17,17,1,0,0,0,7,1,0,2,5,0,8.0,99,54,45,12,14,0
,Nnamdi Madubuike,27,BAL,DT,17,17,0,0,0,0,1,1,0,0,0,0,6.5,43,21,22,11,17,0
504168.0,Tyrann Mathieu,32,NOR,FS,17,17,3,29,0,23,7,2,0,1,0,0,0.0,62,47,15,1,0,0
552086.0,Jake Matthews,32,ATL,LT,17,17,0,0,0,0,0,0,0,1,0,0,0.0,0,0,0,0,0,0
550373.0,Baker Mayfield,29,TAM,QB,17,17,0,0,0,0,0,0,13,8,-18,0,0.0,0,0,0,0,0,0
4250392.0,Zyon McCollum,25,TAM,RCB,17,17,2,4,0,4,17,0,0,1,0,0,0.0,82,55,27,1,0,0
4239947.0,Isaiah McDuffie,25,GNB,RLB,17,17,0,0,0,0,3,1,0,0,0,0,0.5,97,46,51,3,3,0
4241470.0,Xavier McKinney,26,GNB,FS,17,17,8,128,0,48,11,0,1,1,7,0,1.0,88,60,28,2,1,0
3121422.0,Terry McLaurin,29,WAS,WR,17,17,0,0,0,0,0,0,1,1,0,0,0.0,0,0,0,0,0,0
,Patrick Mekari,27,BAL,LG,17,17,0,0,0,0,0,0,0,1,0,0,0.0,0,0,0,0,0,0
3134312.0,Kolton Miller,29,LVR,LT,17,17,0,0,0,0,0,0,0,1,0,0,0.0,0,0,0,0,0,0
,Tre'von Moehrig,25,LVR,SS,17,17,2,28,0,16,10,0,0,2,0,0,1.0,104,64,40,5,3,0
188473.0,D.J. Moore,27,CHI,WR,17,17,0,0,0,0,0,0,1,1,0,0,0.0,0,0,0,0,0,0
,Mitch Morse,32,JAX,C,17,17,0,0,0,0,0,0,2,1,-7,0,0.0,0,0,0,0,0,0
3917315.0,Kyler Murray,27,ARI,QB,17,17,0,0,0,0,0,0,8,3,-4,0,0.0,0,0,0,0,0,0
4567218.0,Bo Nix,24,DEN,QB,17,17,0,0,0,0,0,0,3,2,-2,0,0.0,0,0,0,0,0,0
3123954.0,Brian O'Neill,29,MIN,RT,17,17,0,0,0,0,0,0,0,1,0,0,0.0,0,0,0,0,0,0
4035840.0,Osa Odighizuwa,26,DAL,LDT,17,17,0,0,0,0,1,1,0,0,0,0,4.5,47,25,22,5,23,0
4367210.0,Otito Ogbonnia,24,LAC,NT,17,17,0,0,0,0,0,0,0,0,0,0,0.0,37,14,23,0,3,0
,Michael Onwenu,27,NWE,RG,17,17,0,0,0,0,0,0,0,1,0,0,0.0,0,0,0,0,0,0
,Daron Payne,27,WAS,RDT,17,17,0,0,0,0,2,0,0,0,0,0,4.0,42,22,20,5,7,0
3117255.0,Harrison Phillips,28,MIN,NT,17,17,0,0,0,0,4,1,0,1,0,0,2.0,56,16,40,2,5,0
3116724.0,Germaine Pratt,28,CIN,MLB,17,17,2,26,0,24,6,2,0,2,9,0,0.0,143,80,63,5,4,0
4242207.0,Patrick Queen,25,PIT,LILB,17,17,0,0,0,0,7,2,0,1,0,0,1.0,129,65,64,6,5,0
546810.0,Jalen Ramsey,30,MIA,LCB,17,17,2,7,0,7,11,0,0,0,0,0,1.0,60,39,21,6,4,0
4430807.0,Bijan Robinson,22,ATL,RB,17,17,0,0,0,0,0,0,1,4,-21,0,0.0,0,0,0,0,0,0
144994.0,Aaron Rodgers,41,NYJ,QB,17,17,0,0,0,0,0,0,5,3,0,0,0.0,0,0,0,0,0,0
550333.0,Coleman Shelton,29,CHI,C,17,17,0,0,0,0,0,0,1,0,0,0,0.0,0,0,0,0,0,0
4035479.0,John Simpson,27,NYJ,LG,17,17,0,0,0,0,0,0,0,1,0,0,0.0,0,0,0,0,0,0
4240612.0,Tedarrell Slaton,27,GNB,LDT,17,17,0,0,0,0,0,0,0,0,0,0,1.0,30,15,15,2,3,0
488025.0,Geno Smith,34,SEA,QB,17,17,0,0,0,0,0,0,9,6,-47,0,0.0,0,0,0,0,0,0
4426347.0,Mazi Smith,23,DAL,RDT,17,17,0,0,0,0,0,0,0,0,0,0,1.0,41,22,19,4,3,0
3129446.0,Robert Spillane,29,LVR,MLB,17,17,2,0,0,0,7,0,0,0,0,0,2.0,158,91,67,10,3,0
4374302.0,Amon-Ra St. Brown,25,DET,WR,17,17,0,0,0,0,0,0,1,0,0,0,0.0,0,0,0,0,0,0
,Ronnie Stanley,30,BAL,LT,17,17,0,0,0,0,0,0,0,2,0,0,0.0,0,0,0,0,0,0
184660.0,Brandon Stephens,27,BAL,RCB,17,17,0,0,0,0,10,0,0,0,0,0,1.5,70,59,11,3,2,0
,Grover Stewart,31,IND,NT,17,17,0,0,0,0,3,1,0,1,0,0,3.5,74,29,45,10,6,0
4426434.0,Derek Stingley Jr.,23,HOU,LCB,17,17,5,48,0,31,18,0,0,0,0,0,0.0,54,37,17,4,0,0
4240575.0,Geno Stone,25,CIN,SS,17,17,4,88,1,49,6,0,0,1,6,0,0.0,81,47,34,0,4,0
4432577.0,C.J. Stroud,23,HOU,QB,17,17,0,0,0,0,0,0,6,1,-4,0,0.0,0,0,0,0,0,0
4259545.0,D'Andre Swift,25,CHI,RB,17,17,0,0,0,0,0,0,2,0,0,0,0.0,0,0,0,0,0,0
,Cam Taylor-Britt,25,CIN,LCB,17,17,3,79,1,51,16,0,0,0,0,0,0.5,77,58,19,1,1,0
,AJ Terrell,26,ATL,LCB,17,17,2,1,0,1,6,0,0,0,0,0,0.0,66,50,16,2,0,0
,Joe Tippmann,23,NYJ,C,17,17,0,0,0,0,0,0,1,0,0,0,0.0,0,0,0,0,0,0
,Laken Tomlinson,32,SEA,LG,17,17,0,0,0,0,0,0,0,1,1,0,0.0,0,0,0,0,0,0
4279030.0,Andrew Van Ginkel,29,MIN,RLB,17,17,2,73,2,63,6,1,0,0,0,0,11.5,79,50,29,18,19,0
,Greg Van Roten,34,NYG,RG,17,17,0,0,0,0,0,0,0,1,0,0,0.0,0,0,0,0,0,0
382945.0,Bobby Wagner,34,WAS,MLB,17,17,0,0,0,0,4,1,0,2,0,0,2.0,132,75,57,10,8,0
546814.0,DeMarcus Walker,30,CHI,RDE,17,17,0,0,0,0,0,0,0,0,0,0,3.5,47,25,22,7,16,0
4426349.0,Travon Walker,24,JAX,RDE,17,17,0,0,0,0,1,2,0,1,35,1,10.5,61,31,30,13,15,0
3138826.0,Fred Warner,28,SFO,MLB,17,17,2,70,1,45,7,4,0,0,0,0,1.0,131,76,55,5,2,0
546866.0,T.J. Watt,30,PIT,LOLB,17,17,0,0,0,0,4,6,0,2,0,0,11.5,61,40,21,19,27,0
4039254.0,Kyzir White,28,ARI,RILB,17,17,1,0,0,0,3,0,0,1,0,0,2.5,137,60,77,9,8,0
,Caleb Williams,23,CHI,QB,17,17,0,0,0,0,0,0,10,4,-7,0,0.0,0,0,0,0,0,0
,Quincy Williams,28,NYJ,LILB,17,17,0,0,0,0,4,4,0,3,19,0,2.0,116,74,42,14,2,0
545228.0,Donovan Wilson,29,DAL,FS,17,17,1,0,0,0,5,2,0,1,0,0,4.5,82,44,38,6,4,0
3700840.0,Garrett Wilson,24,NYJ,WR,17,17,0,0,0,0,0,0,2,0,0,0,0.0,0,0,0,0,0,0
4575431.0,Devon Witherspoon,24,SEA,LCB,17,17,0,0,0,0,9,1,0,0,0,0,1.0,98,66,32,6,1,0
545680.0,Xavier Woods,29,CAR,FS,17,17,3,70,0,33,6,0,0,0,0,0,0.0,119,72,47,2,0,0
,De'Von Achane,23,MIA,RB,17,16,0,0,0,0,0,0,1,0,0,0,0.0,0,0,0,0,0,0
3139037.0,Bobby Brown,24,LAR,NT,17,16,0,0,0,0,1,0,0,0,0,0,0.0,44,16,28,4,1,0
531984.0,Adam Butler,30,LVR,RDT,17,16,0,0,0,0,2,1,0,0,0,0,5.0,65,36,29,8,10,0
,John Franklin-Myers,28,DEN,RDE,17,16,0,0,0,0,0,0,0,0,0,0,7.0,40,18,22,8,18,0
4432708.0,Marvin Harrison Jr.,22,ARI,WR,17,16,0,0,0,0,0,0,1,0,0,0,0.0,0,0,0,0,0,0
4035686.0,Jack Jones,27,LVR,LCB,17,16,3,53,1,29,16,0,0,0,0,0,0.0,69,52,17,3,0,0
4249128.0,Quentin Lake,25,LAR,SS,17,16,0,0,0,0,5,0,0,0,0,0,2.0,111,73,38,1,2,0
,David Onyemata,32,ATL,RDE,17,16,0,0,0,0,1,0,0,0,0,0,3.0,45,23,22,8,5,0
4428414.0,Mike Sainristil,24,WAS,RCB,17,16,2,38,0,38,14,1,0,1,0,0,0.0,93,62,31,1,0,0
4361331.0,Jamien Sherwood,24,NYJ,RILB,17,16,0,0,0,0,3,0,0,0,0,0,2.0,158,98,60,10,2,0
4430878.0,Jaxon Smith-Njigba,22,SEA,WR,17,16,0,0,0,0,0,0,1,1,0,0,0.0,0,0,0,0,0,0
4428617.0,T'Vondre Sweat,23,TEN,NT,17,16,0,0,0,0,1,1,0,1,30,0,1.0,51,22,29,4,3,0
3124587.0,Jahlani Tavai,28,NWE,RILB,17,16,1,0,0,0,5,0,0,0,0,0,1.0,115,58,57,7,2,0
4428696.0,O'Cyrus Torrence,24,BUF,RG,17,16,0,0,0,0,0,0,0,2,0,0,0.0,0,0,0,0,0,0
4250621.0,Kobie Turner,25,LAR,LDE,17,16,0,0,0,0,4,1,0,1,0,0,8.0,62,35,27,10,13,0
4578085.0,Jared Verse,24,LAR,ROLB,17,16,0,0,0,0,2,2,0,2,0,0,4.5,66,36,30,11,18,0
4567123.0,Byron Young,26,LAR,LOLB,17,16,0,0,0,0,1,1,0,0,0,0,7.5,62,34,28,12,13,1
4360259.0,Nik Bonitto,25,DEN,ROLB,17,15,1,71,1,71,4,2,0,1,50,1,13.5,48,33,15,16,24,0
3116449.0,L.J. Collier,29,ARI,LDE,17,15,0,0,0,0,2,0,0,1,0,0,3.5,29,13,16,4,6,0
4429568.0,Martin Emerson,24,CLE,RCB,17,15,0,0,0,0,5,1,0,1,2,0,0.0,80,62,18,3,0,0
4035299.0,Benito Jones,27,MIA,RDE,17,15,0,0,0,0,0,0,0,0,0,0,0.0,24,9,15,4,3,0
483006.0,Travis Jones,25,BAL,NT,17,15,0,0,0,0,0,0,0,0,0,0,1.0,42,22,20,4,4,0
,Matt Judon,32,ATL,ROLB,17,15,1,27,1,27,5,0,0,0,0,0,5.5,41,25,16,7,9,0
,Kyle Juszczyk,33,SFO,FB,17,15,0,0,0,0,0,0,1,0,0,0,0.0,0,0,0,0,0,0
,Will McDonald,25,NYJ,LDE,17,15,0,0,0,0,3,2,0,1,0,0,10.5,28,18,10,11,24,0
4259493.0,Keisean Nixon,27,GNB,LCB,17,15,1,16,0,16,7,3,0,0,0,0,3.0,88,61,27,8,6,0
551549.0,Matt Pryor,30,CHI,RG,17,15,0,0,0,0,0,0,0,1,0,0,0.0,0,0,0,0,0,0
3127310.0,Drew Sample,28,CIN,TE,17,15,0,0,0,0,0,1,1,0,0,0,0.0,1,0,1,0,0,0
4369835.0,Alontae Taylor,26,NOR,LCB,17,15,0,0,0,0,16,2,0,0,0,0,4.0,89,61,28,7,6,0
,Starling Thomas,24,ARI,RCB,17,15,0,0,0,0,6,1,0,0,0,0,0.0,47,31,16,1,0,0
4249417.0,Jalen Tolbert,25,DAL,WR,17,15,0,0,0,0,0,0,0,2,0,0,0.0,0,0,0,0,0,0
3926229.0,Cody Barton,28,DEN,LILB,17,14,2,71,0,56,5,1,0,1,52,1,1.5,106,53,53,2,2,0
4426694.0,Keeanu Benton,23,PIT,NT,17,14,1,11,0,11,6,0,0,1,0,0,1.0,36,16,20,2,8,0
4426817.0,Jarvis Brownlee,23,TEN,LCB,17,14,1,2,0,2,9,0,0,1,0,0,0.0,75,46,29,7,0,0
4426901.0,Leo Chenal,24,KAN,RLB,17,14,0,0,0,0,3,3,0,0,0,0,1.0,60,40,20,4,1,0
4567226.0,Derick Hall,23,SEA,RILB,17,14,0,0,0,0,0,2,0,1,36,1,8.0,37,20,17,6,20,0
,DaVon Hamilton,27,JAX,RDT,17,14,0,0,0,0,0,0,0,0,0,0,0.0,62,34,28,5,2,0
,Jonathan Jones,31,NWE,LCB,17,14,0,0,0,0,6,2,0,0,0,0,0.0,58,41,17,0,0,0
530737.0,Eric Murray,30,HOU,SS,17,14,1,0,0,0,10,0,0,0,0,0,1.0,75,50,25,2,2,0
4242659.0,Dayo Odeyingbo,25,IND,RDE,17,14,0,0,0,0,0,2,0,1,0,0,3.0,31,13,18,7,17,0
4259632.0,Isaiah Pola-Mao,25,LVR,FS,17,14,0,0,0,0,5,2,0,0,0,0,1.0,89,57,32,2,1,0
3925357.0,Calvin Ridley,30,TEN,WR,17,14,0,0,0,0,0,0,1,1,0,0,0.0,0,0,0,0,0,0
538490.0,Elandon Roberts,30,PIT,RILB,17,14,0,0,0,0,0,1,0,0,0,0,1.0,46,24,22,5,4,0
4258206.0,Benjamin St-Juste,27,WAS,LCB,17,14,0,0,0,0,7,1,0,1,0,0,0.0,71,56,15,0,0,0
,Adam Trautman,27,DEN,TE,17,14,0,0,0,0,0,0,0,1,2,0,0.0,0,0,0,0,0,0
4693644.0,Ji'Ayir Brown,24,SFO,FS,17,13,1,0,0,0,6,0,0,0,0,0,0.0,77,48,29,3,0,0
4431517.0,Calen Bullock,21,HOU,FS,17,13,5,96,0,68,11,0,0,1,0,0,0.0,54,37,17,0,0,0
4241374.0,Grant Calcaterra,26,PHI,TE,17,13,0,0,0,0,0,0,0,1,2,0,0.0,2,0,2,0,0,0
4240585.0,A.J. Epenesa,26,BUF,LDE,17,13,0,0,0,0,2,2,0,0,0,0,6.0,39,23,16,8,11,1
4036132.0,Chauncey Golston,26,DAL,RDE,17,13,1,18,0,18,5,0,0,1,0,0,5.5,56,30,26,5,8,0
540210.0,Mack Hollins,31,BUF,WR,17,13,0,0,0,0,0,0,0,1,0,0,0.0,1,0,1,0,0,0
3728262.0,Ray-Ray McCloud,28,ATL,WR,17,13,0,0,0,0,0,0,4,1,0,0,0.0,0,0,0,0,0,0
4430831.0,Trenton Simpson,23,BAL,RLB,17,13,0,0,0,0,4,0,0,1,0,0,1.5,73,40,33,5,6,0
3128429.0,Courtland Sutton,29,DEN,WR,17,13,0,0,0,0,0,0,1,0,0,0,0.0,0,0,0,0,0,0
4243493.0,Keion White,25,NWE,LDE,17,13,0,0,0,0,5,2,0,0,0,0,5.0,56,31,25,7,16,0
4683062.0,Xavier Worthy,21,KAN,WR,17,13,0,0,0,0,0,0,0,1,0,0,0.0,0,0,0,0,0,0
,Sebastian Joseph-Day,29,TEN,RDE,17,12,0,0,0,0,1,0,0,0,0,0,2.5,44,18,26,3,6,0
4431299.0,Rome Odunze,22,CHI,WR,17,12,0,0,0,0,0,0,2,0,0,0,0.0,0,0,0,0,0,0
4360516.0,Tyrone Tracy Jr.,25,NYG,RB,17,12,0,0,0,0,0,0,5,0,0,0,0.0,0,0,0,0,0,0
552233.0,Eric Wilson,30,GNB,MLB,17,12,1,0,0,0,2,1,0,0,0,0,2.0,72,38,34,7,4,0
549807.0,Vonn Bell,30,CIN,FS,17,11,1,32,0,32,2,1,0,1,0,0,0.0,55,24,31,1,1,0
4428988.0,Bryan Bresee,23,NOR,DT,17,11,0,0,0,0,3,1,0,0,0,0,7.5,25,17,8,7,14,0
4239094.0,Coby Bryant,25,SEA,SS,17,11,3,87,1,69,6,1,0,0,0,0,0.0,73,48,25,1,2,0
4361411.0,Pat Freiermuth,26,PIT,TE,17,11,0,0,0,0,0,0,3,1,0,0,0.0,0,0,0,0,0,0
,Chris Manhertz,32,NYG,TE,17,11,0,0,0,0,0,0,0,1,-1,0,0.0,1,1,0,0,0,0
4373684.0,Scott Matlock,24,LAC,FB/DL,17,11,0,0,0,0,1,0,0,0,0,0,1.0,7,2,5,1,1,0
4360635.0,Chigoziem Okonkwo,25,TEN,TE,17,11,0,0,0,0,0,0,2,0,0,0,0.0,4,3,1,0,0,0
3909013.0,Christian Rozeboom,27,LAR,RLB,17,11,1,16,0,16,4,0,0,0,0,0,1.0,135,69,66,5,1,0
3929956.0,Tim Settle,27,HOU,RDT,17,11,0,0,0,0,0,0,0,1,2,0,5.0,31,24,7,10,10,0
3863182.0,Jerry Tillery,28,MIN,LDE,17,11,0,0,0,0,2,1,0,0,0,0,0.0,28,13,15,1,3,0
4568624.0,Dorian Williams,23,BUF,RLB,17,11,0,0,0,0,0,1,0,3,0,0,0.0,117,68,49,5,2,0
4361579.0,Javonte Williams,24,DEN,RB,17,11,0,0,0,0,0,0,2,0,0,0,0.0,0,0,0,0,0,0
4383440.0,Nate Adkins,25,DEN,TE,17,10,0,0,0,0,0,0,0,0,0,0,0.0,5,2,3,0,0,0
4242149.0,Montaric Brown,25,JAX,CB,17,10,1,0,0,0,8,0,0,0,0,0,0.0,75,55,20,6,0,0
534388.0,Daniel Brunskill,30,TEN,C,17,10,0,0,0,0,0,0,1,0,-3,0,0.0,0,0,0,0,0,0
,Eddie Goldman,30,ATL,NT,17,10,0,0,0,0,0,0,0,0,0,0,1.0,16,7,9,1,3,0
4240472.0,Noah Gray,25,KAN,TE,17,10,0,0,0,0,0,0,0,0,0,0,0.0,2,1,1,0,0,0
4242516.0,Noah Igbinoghene,25,WAS,CB,17,10,0,0,0,0,7,0,0,0,0,0,0.0,55,33,22,1,0,0
4046537.0,Josh Metellus,26,MIN,S,17,10,2,16,0,12,5,1,0,0,0,0,0.0,103,63,40,2,6,0
,Odafe Oweh,26,BAL,LOLB,17,10,0,0,0,0,0,1,0,0,0,0,10.0,39,25,14,9,23,0
4362249.0,Jayden Reed,24,GNB,WR,17,10,0,0,0,0,0,0,3,1,0,0,0.0,0,0,0,0,0,0
4428550.0,Omar Speights,23,LAR,LILB,17,10,0,0,0,0,2,0,0,0,0,0,0.0,67,37,30,2,0,0
4430539.0,Brenton Strange,24,JAX,TE,17,10,0,0,0,0,0,0,1,0,0,0,0.0,1,0,1,0,0,0
4362492.0,Ar'Darius Washington,25,BAL,S,17,10,2,33,0,32,8,1,0,0,0,0,1.0,64,45,19,5,2,0
,Tershawn Wharton,26,KAN,RDT,17,10,0,0,0,0,2,1,0,0,0,0,6.5,29,18,11,7,11,0
,Darrell Baker,26,TEN,RCB,17,9,0,0,0,0,5,0,0,0,0,0,0.0,40,32,8,1,0,0
4427816.0,Marist Liufau,23,DAL,LB,17,9,0,0,0,0,3,2,0,1,0,0,1.5,50,30,20,4,2,0
4567462.0,Ja'Quan McMillian,24,DEN,CB,17,9,2,44,1,44,10,1,0,0,0,0,1.0,81,61,20,4,2,0
4242557.0,Colby Parkinson,25,LAR,TE,17,9,0,0,0,0,0,0,0,0,0,0,0.0,1,1,0,0,0,0
4696700.0,Tip Reiman,23,ARI,TE,17,9,0,0,0,0,0,0,0,1,0,0,0.0,0,0,0,0,0,0
4361372.0,Jeremy Ruckert,24,NYJ,TE,17,9,0,0,0,0,0,0,0,0,0,0,0.0,2,2,0,0,0,0
4431442.0,Tuli Tuipulotu,22,LAC,OLB,17,9,0,0,0,0,2,1,0,0,0,0,8.5,42,26,16,11,17,0
,Nick Westbrook-Ikhine,27,TEN,WR,17,9,0,0,0,0,0,0,0,0,0,0,0.0,2,2,0,0,0,0
4243389.0,Calvin Austin III,25,PIT,WR,17,8,0,0,0,0,0,0,1,0,0,0,0.0,0,0,0,0,0,0
4361516.0,Daniel Bellinger,24,NYG,TE,17,8,0,0,0,0,0,0,0,0,0,0,0.0,3,2,1,0,0,0
4040612.0,Luke Farrell,27,JAX,TE,17,8,0,0,0,0,0,0,0,0,0,0,0.0,2,2,0,0,0,0
4362245.0,Braden Fiske,24,LAR,RDE,17,8,0,0,0,0,0,2,0,2,8,0,8.5,44,20,24,10,10,0
,Johnathan Hankins,32,SEA,DT,17,8,1,0,0,0,1,0,0,0,0,0,1.0,30,15,15,5,2,0
546471.0,Austin Hooper,30,NWE,TE,17,8,0,0,0,0,0,0,2,1,0,0,0.0,0,0,0,0,0,0
,Antonio Johnson,23,JAX,S,17,8,0,0,0,0,2,0,0,0,0,0,0.0,73,55,18,1,0,0
,Jarran Reed,32,SEA,RDE,17,8,0,0,0,0,2,1,0,0,0,0,4.5,45,21,24,5,15,0
3919548.0,Justin Strnad,28,DEN,RILB,17,8,0,0,0,0,3,0,0,0,0,0,3.0,73,48,25,8,4,0
,Samuel Womack,25,IND,CB,17,8,2,4,0,4,9,0,0,0,0,0,0.0,36,26,10,0,0,0
4283230.0,Akeem Davis-Gaither,27,CIN,RLB,17,7,1,12,0,12,4,1,0,1,0,0,0.0,82,41,41,4,1,0
4427095.0,Demario Douglas,24,NWE,WR,17,7,0,0,0,0,0,0,1,0,0,0,0.0,0,0,0,0,0,0
4362840.0,Kingsley Enagbare,24,GNB,DL,17,7,0,0,0,0,0,2,0,0,0,0,4.5,39,18,21,6,8,0
,Dante Fowler,30,WAS,LLB,17,7,1,67,1,67,1,2,0,0,0,0,10.5,39,25,14,14,12,0
4427325.0,Renardo Green,24,SFO,CB,17,7,1,20,0,20,13,1,0,0,0,0,0.0,61,41,20,0,0,0
3858276.0,Jaylinn Hawkins,27,NWE,S,17,7,0,0,0,0,1,0,0,1,0,0,0.0,48,27,21,3,0,0
4241087.0,Brock Hoffman,25,DAL,C,17,7,0,0,0,0,0,0,0,0,0,0,0.0,1,1,0,0,0,0
4039057.0,Lil'Jordan Humphrey,26,DEN,WR,17,7,0,0,0,0,0,0,2,1,0,0,0.0,0,0,0,0,0,0
3915525.0,Dre'Mont Jones,27,SEA,LB,17,7,0,0,0,0,1,1,0,0,0,0,4.0,28,14,14,7,13,1
4373956.0,Jonah Laulu,24,LVR,DT,17,7,0,0,0,0,3,0,0,0,0,0,1.0,35,15,20,3,2,0
4597500.0,Adonai Mitchell,22,IND,WR,17,7,0,0,0,0,0,0,2,0,0,0,0.0,0,0,0,0,0,0
4382466.0,Jalen Nailor,25,MIN,WR,17,7,0,0,0,0,0,1,1,0,0,0,0.0,0,0,0,0,0,0
3915437.0,Isaiah Oliver,28,NYJ,CB,17,7,0,0,0,0,3,0,0,0,0,0,1.0,57,42,15,2,2,0
,Mike Pennel,33,KAN,NT,17,7,0,0,0,0,0,1,0,0,0,0,3.0,25,10,15,3,2,0
3929914.0,Adam Prentice,27,NOR,FB,17,7,0,0,0,0,0,0,0,0,0,0,0.0,7,5,2,0,0,0
4690179.0,Tavius Robinson,25,BAL,OLB,17,7,0,0,0,0,1,0,0,0,0,0,3.5,32,13,19,4,12,0
4259561.0,Eric Stokes,25,GNB,RCB,17,7,0,0,0,0,0,0,0,0,0,0,0.0,41,29,12,0,0,0
4432620.0,Parker Washington,22,JAX,WR,17,7,0,0,0,0,0,0,2,2,0,0,0.0,0,0,0,0,0,0
4239699.0,Milton Williams,25,PHI,DT,17,7,0,0,0,0,1,1,0,1,0,0,5.0,24,11,13,7,10,0
3128452.0,Jordan Akins,32,CLE,TE,17,6,0,0,0,0,0,0,1,1,0,0,0.0,0,0,0,0,0,0
,AJ Barner,22,SEA,TE,17,6,0,0,0,0,0,0,0,0,0,0,0.0,2,2,0,0,0,0
4048228.0,John Bates,27,WAS,TE,17,6,0,0,0,0,0,0,1,0,0,0,0.0,2,1,1,0,0,0
4567098.0,Jordan Battle,24,CIN,S,17,6,1,0,0,0,3,0,1,1,60,0,0.0,58,35,23,1,1,0
4426686.0,Dane Belton,24,NYG,S,17,6,1,0,0,0,6,1,0,1,0,0,1.0,56,28,28,1,1,0
4363052.0,Beanie Bishop,25,PIT,CB,17,6,4,46,0,41,7,0,0,1,0,0,0.5,45,30,15,2,1,0
559553.0,Taven Bryan,28,IND,DT,17,6,0,0,0,0,1,0,0,1,0,0,1.0,20,11,9,3,2,0
4426385.0,Zach Charbonnet,23,SEA,RB,17,6,0,0,0,0,0,0,0,0,0,0,0.0,1,1,0,0,0,0
4039160.0,Kylen Granson,26,IND,TE,17,6,0,0,0,0,0,0,0,0,0,0,0.0,3,3,0,0,0,0
4426844.0,Elijah Higgins,24,ARI,TE,17,6,0,0,0,0,0,0,0,0,0,0,0.0,1,1,0,0,0,0
,Fred Johnson,27,PHI,T,17,6,0,0,0,0,0,0,0,1,0,0,0.0,0,0,0,0,0,0
,Cameron Lewis,27,BUF,DB,17,6,1,0,0,0,4,0,0,0,0,0,0.0,68,47,21,2,0,0
234271.0,Anthony Nelson,27,TAM,OLB,17,6,0,0,0,0,1,1,0,1,0,0,4.0,40,25,15,6,13,0
4365319.0,Josh Newton,24,CIN,RCB,17,6,1,12,0,12,7,0,0,0,0,0,0.0,31,27,4,1,0,0
4366543.0,Andrew Ogletree,26,IND,TE,17,6,0,0,0,0,0,0,0,0,0,0,0.0,5,1,4,0,0,0
533627.0,Patrick Ricard,30,BAL,FB,17,6,0,0,0,0,0,0,0,1,0,1,0.0,0,0,0,0,0,0
4372096.0,Luke Schoonmaker,26,DAL,TE,17,6,0,0,0,0,0,0,0,0,0,0,0.0,5,3,2,0,0,0
551279.0,Jonnu Smith,29,MIA,TE,17,6,0,0,0,0,0,0,2,0,0,0,0.0,0,0,0,0,0,0
,Joshua Williams,25,KAN,CB,17,6,0,0,0,0,6,0,0,0,0,0,1.0,33,19,14,2,1,0
3917914.0,Olamide Zaccheaus,27,WAS,WR,17,6,0,0,0,0,0,0,3,2,0,0,0.0,0,0,0,0,0,0
4363097.0,Percy Butler,24,WAS,S,17,5,0,0,0,0,1,0,0,0,0,0,0.0,47,29,18,2,1,0
512905.0,Troy Dye,28,LAC,LB,17,5,0,0,0,0,0,0,0,0,0,0,1.5,57,34,23,2,2,0
4241961.0,Connor Heyward,25,PIT,TE,17,5,0,0,0,0,0,0,0,1,0,0,0.0,8,6,2,0,0,0
,Michael Hoecht,27,LAR,OLB,17,5,0,0,0,0,2,0,0,0,0,0,3.0,56,24,32,4,6,0
,Juwan Johnson,28,NOR,TE,17,5,0,0,0,0,0,0,2,1,0,0,0.0,0,0,0,0,0,0
380978.0,Rodney McLeod,34,CLE,S,17,5,0,0,0,0,5,0,0,1,25,1,0.0,39,28,11,2,0,0
546006.0,David Moore,29,CAR,WR,17,5,0,0,0,0,0,0,0,0,0,0,0.0,3,2,1,0,0,0
,Jonathan Owens,29,CHI,S,17,5,1,0,0,0,2,1,0,2,13,0,0.0,49,30,19,1,0,0
,Justin Skule,28,TAM,T,17,5,0,0,0,0,0,0,0,1,0,0,0.0,0,0,0,0,0,0
4240255.0,Grant Stuard,26,IND,LB,17,5,0,0,0,0,0,0,0,0,0,0,0.0,40,25,15,2,0,0
4037521.0,Chazz Surratt,27,NYJ,ROLB,17,5,0,0,0,0,0,0,0,0,0,0,0.0,28,18,10,2,1,0
3122797.0,Isaac Yiadom,28,SFO,CB,17,5,1,11,0,11,6,2,0,2,0,0,0.0,46,38,8,0,0,0
,Alec Anderson,25,BUF,T,17,4,0,0,0,0,0,0,0,1,0,0,0.0,0,0,0,0,0,0
127942.0,Mike Brown,25,TEN,S,17,4,0,0,0,0,1,0,0,0,0,0,0.0,49,26,23,0,0,0
4037235.0,Greg Dortch,26,ARI,WR,17,4,0,0,0,0,0,0,3,0,0,0,0.0,0,0,0,0,0,0
4429795.0,Jahmyr Gibbs,22,DET,RB,17,4,0,0,0,0,0,0,1,0,0,0,0.0,0,0,0,0,0,0
552674.0,Neville Hewitt,31,HOU,LB,17,4,1,45,0,45,3,2,0,0,0,0,0.0,59,31,28,0,1,0
4360949.0,Jordan Howden,24,NOR,DB,17,4,2,-2,0,3,2,0,0,0,0,0,0.0,50,27,23,1,0,0
4426448.0,Jarrian Jones,23,JAX,CB,17,4,1,0,0,0,8,0,0,0,0,0,2.0,40,30,10,1,2,0
4596363.0,Kamren Kinchens,22,LAR,DB,17,4,4,123,1,103,6,1,1,1,0,0,0.0,57,36,21,1,0,0
3140643.0,Ben Niemann,29,DET,LB,17,4,0,0,0,0,1,0,0,1,0,0,0.0,25,11,14,0,0,0
4239694.0,Amik Robertson,26,DET,CB,17,4,0,0,0,0,8,3,0,0,0,0,0.0,50,40,10,4,0,0
550966.0,Durham Smythe,29,MIA,TE,17,4,0,0,0,0,0,0,0,0,0,0,0.0,2,2,0,0,0,0
4360086.0,Josh Whyle,25,TEN,TE,17,4,0,0,0,0,0,0,0,0,0,0,0.0,4,2,2,0,0,0
4361652.0,Payton Wilson,24,PIT,LB,17,4,1,0,0,0,2,1,1,2,22,1,0.0,78,49,29,3,2,0
,Felix Anudike-Uzomah,22,KAN,DE,17,3,0,0,0,0,0,1,0,1,0,0,2.5,27,16,11,6,7,0
3933407.0,Quinton Bell,28,MIA,LB,17,3,0,0,0,0,1,1,0,0,0,0,1.0,27,16,11,3,0,0
4360405.0,Jake Bobo,26,SEA,WR,17,3,0,0,0,0,0,0,0,0,0,0,0.0,6,2,4,0,0,0
4429392.0,Elijah Chatman,24,NYG,DT,17,3,0,0,0,0,0,0,0,1,0,0,1.0,21,11,10,2,3,0
,Morgan Fox,30,LAC,DL,17,3,0,0,0,0,1,0,0,0,0,0,3.5,27,19,8,4,6,0
3116164.0,Mike Gesicki,29,CIN,TE,17,3,0,0,0,0,0,0,1,0,0,0,0.0,0,0,0,0,0,0
,William Gholston,33,TAM,DL,17,3,0,0,0,0,0,0,0,0,0,0,1.0,12,6,6,1,4,0
4360294.0,Antonio Gibson,26,NWE,RB,17,3,0,0,0,0,0,0,2,2,0,0,0.0,0,0,0,0,0,0
551183.0,Shaquill Griffin,29,MIN,CB,17,3,2,28,0,28,6,0,0,0,0,0,0.0,41,33,8,1,0,0
,C.J. Ham,31,MIN,FB,17,3,0,0,0,0,0,0,1,1,0,0,0.0,4,2,2,0,0,0
,Bucky Irving,22,TAM,RB,17,3,0,0,0,0,0,0,2,3,0,0,0.0,0,0,0,0,0,0
3123938.0,Avonte Maddox,28,PHI,CB,17,3,0,0,0,0,5,0,1,0,0,0,0.0,20,9,11,0,0,0
4698113.0,Max Melton,22,ARI,CB,17,3,0,0,0,0,5,1,0,0,0,0,0.0,51,36,15,2,0,0
4361707.0,Chad Muma,25,JAX,LB,17,3,0,0,0,0,0,0,0,0,0,0,0.0,32,12,20,0,0,0
4362094.0,Joseph Ossai,24,CIN,DE,17,3,0,0,0,0,1,2,0,0,0,0,5.0,46,26,20,4,15,0
4372576.0,Jack Sanborn,24,CHI,LB,17,3,0,0,0,0,3,0,0,0,0,0,1.5,35,17,18,2,2,0
,Eric Saubert,30,SFO,TE,17,3,0,0,0,0,0,0,1,0,0,0,0.0,4,3,1,0,0,0
4714365.0,Carson Steele,22,KAN,RB,17,3,0,0,0,0,0,0,3,0,0,0,0.0,1,0,1,0,0,0
4572371.0,Josh Wallace,24,LAR,DB,17,3,0,0,0,0,2,0,0,0,0,0,0.0,10,7,3,0,0,0
4685247.0,Braelon Allen,20,NYJ,RB,17,2,0,0,0,0,0,0,0,0,0,0,0.0,1,1,0,0,0,0
549968.0,Oren Burks,29,PHI,LB,17,2,0,0,0,0,1,2,0,0,0,0,0.0,41,20,21,2,0,0
135668.0,Michael Burton,32,DEN,FB,17,2,0,0,0,0,0,0,0,0,0,0,0.0,6,2,4,0,0,0
4257591.0,Arnold Ebiketie,25,ATL,OLB,17,2,0,0,0,0,2,0,0,1,0,0,6.0,38,26,12,6,12,0
3126352.0,Da'Shawn Hand,29,MIA,DT,17,2,0,0,0,0,1,1,0,1,0,0,1.0,31,20,11,5,4,0
,KhaDarel Hodge,29,ATL,WR,17,2,0,0,0,0,0,0,0,1,0,1,0.0,7,4,3,1,0,0
4037559.0,Devon Key,27,DEN,DB,17,2,0,0,0,0,0,0,0,0,0,0,1.0,33,17,16,1,1,0
4239944.0,Hunter Long,26,LAR,TE,17,2,0,0,0,0,0,0,0,0,0,0,0.0,3,2,1,0,0,0
4686472.0,Marvin Mims,22,DEN,WR,17,2,0,0,0,0,0,0,1,1,0,0,0.0,1,1,0,0,0,0
545886.0,Duke Riley,30,MIA,LB,17,2,0,0,0,0,0,0,0,0,0,0,0.0,11,5,6,0,0,0
4428383.0,Christian Roland-Wallace,23,KAN,CB,17,2,1,0,0,0,1,1,0,0,0,0,0.0,34,23,11,2,2,0
4690923.0,Ben Sinnott,22,WAS,TE,17,2,0,0,0,0,0,0,0,0,0,0,0.0,2,2,0,0,0,0
,Dadrion Taylor-Demerson,23,ARI,S,17,2,0,0,0,0,5,1,0,0,0,0,0.0,37,23,14,3,0,0
3676833.0,KaVontae Turpin,28,DAL,WR,17,2,0,0,0,0,0,0,3,1,0,0,0.0,0,0,0,0,0,0
4036651.0,Kindle Vildor,27,DET,CB,17,2,0,0,0,0,3,0,0,0,0,0,0.0,16,10,6,0,0,0
,Jihad Ward,30,MIN,OLB,17,2,0,0,0,0,1,0,0,1,2,0,1.0,10,5,5,1,14,0
,Nick Zakelj,25,SFO,OL,17,2,0,0,0,0,0,0,0,1,0,0,0.0,0,0,0,0,0,0
,Arik Armstead,31,JAX,DE,17,1,0,0,0,0,3,0,0,0,0,0,2.0,29,21,8,3,7,0
,D'Anthony Bell,28,CLE,S,17,1,0,0,0,0,0,0,0,0,0,0,0.0,19,10,9,1,1,0
4240459.0,Josh Blackwell,25,CHI,DB,17,1,1,10,0,10,2,0,0,0,0,0,0.0,13,10,3,0,0,0
553165.0,Chris Board,29,BAL,LB,17,1,0,0,0,0,1,0,0,1,0,0,1.0,30,18,12,2,1,0
4360749.0,Thomas Booker,25,PHI,DT,17,1,0,0,0,0,1,0,0,0,0,0,1.0,18,8,10,2,2,0
3932901.0,Elijah Campbell,29,MIA,DB,17,1,0,0,0,0,0,1,0,0,0,0,0.0,11,6,5,1,0,0
4429096.0,Blake Corum,24,LAR,RB,17,1,0,0,0,0,0,0,0,0,0,0,0.0,2,1,1,0,0,0
4875079.0,Marcellas Dial,24,NWE,DB,17,1,0,0,0,0,0,1,0,0,0,0,0.0,12,6,6,0,0,0
,Samuel Eguavoen,31,NYJ,LB,17,1,0,0,0,0,0,0,0,0,0,0,0.0,14,7,7,0,0,0
4371733.0,Kenneth Gainwell,25,PHI,RB,17,1,0,0,0,0,0,0,0,0,0,0,0.0,5,4,1,0,0,0
4042119.0,Richie Grant,27,ATL,S,17,1,0,0,0,0,2,0,0,0,0,0,0.0,14,13,1,2,0,0
549470.0,Kamu Grugier-Hill,30,MIN,LB,17,1,2,5,0,5,3,0,0,0,0,0,0.0,18,11,7,0,0,0
4426412.0,Zach Harrison,23,ATL,DL,17,1,0,0,0,0,2,0,0,0,0,0,1.0,26,6,20,3,1,1
4685232.0,Jaden Hicks,22,KAN,DB,17,1,3,50,0,47,5,0,0,0,0,0,0.0,29,23,6,3,0,0
4241250.0,Jake Hummel,25,LAR,LB,17,1,0,0,0,0,0,0,0,0,0,0,0.0,17,11,6,0,0,0
4240059.0,Ja'Marcus Ingram,27,BUF,CB,17,1,2,56,1,31,4,0,0,0,0,0,1.0,24,16,8,2,1,0
3915411.0,Ty Johnson,27,BUF,RB,17,1,0,0,0,0,0,0,0,1,0,0,0.0,5,5,0,0,0,0
,Cam Jones,25,KAN,LB,17,1,0,0,0,0,0,0,0,0,0,0,0.0,19,12,7,0,1,0
4034779.0,Ko Kieft,26,TAM,TE,17,1,0,0,0,0,0,0,0,0,0,0,0.0,3,3,0,0,0,0
4426473.0,Laiatu Latu,24,IND,DE,17,1,0,0,0,0,1,3,0,1,0,0,4.0,32,16,16,5,12,0
4427120.0,Jaylen McCollough,24,LAR,DB,17,1,4,6,1,4,4,0,0,0,0,0,0.0,43,26,17,0,1,0
3127586.0,Jeremy McNichols,29,WAS,RB,17,1,0,0,0,0,0,0,0,2,0,0,0.0,10,5,5,0,0,0
515271.0,Cameron Mitchell,23,CLE,CB,17,1,0,0,0,0,2,0,0,0,0,0,0.0,24,16,8,1,0,0
4428125.0,Maema Njongmeta,23,CIN,LB,17,1,0,0,0,0,0,0,0,2,0,0,0.0,13,7,6,0,0,0
3122930.0,Derrick Nnadi,28,KAN,DT,17,1,0,0,0,0,0,0,0,0,0,0,0.0,11,3,8,0,0,0
537577.0,Dare Ogunbowale,30,HOU,RB,17,1,0,0,0,0,0,1,0,0,0,0,0.0,6,3,3,0,0,0
4362116.0,Moro Ojomo,23,PHI,DT,17,1,0,0,0,0,0,0,0,0,0,0,0.0,20,6,14,0,5,0
4428232.0,Dell Pettus,23,NWE,S,17,1,0,0,0,0,2,0,0,0,0,0,1.0,34,19,15,1,1,0
559559.0,Brandon Powell,29,MIN,WR,17,1,0,0,0,0,0,0,1,2,7,0,0.0,0,0,0,0,0,0
4428992.0,Kelee Ringo,22,PHI,CB,17,1,0,0,0,0,1,1,0,1,0,0,0.0,15,12,3,0,0,0
4039064.0,Malcolm Roach,26,DEN,DT,17,1,0,0,0,0,2,1,0,1,0,0,2.5,43,18,25,5,8,0
,Chop Robinson,21,MIA,LB,17,1,0,0,0,0,4,0,0,0,0,0,6.0,26,16,10,8,14,0
3122168.0,Trent Sherfield,28,MIN,WR,17,1,0,0,0,0,0,0,0,0,0,0,0.0,8,7,1,0,0,0
4035462.0,Isaiah Simmons,26,NYG,S,17,1,0,0,0,0,2,1,0,0,0,0,0.0,21,12,9,0,1,0
,Rodney Thomas II,26,IND,S,17,1,0,0,0,0,0,0,0,0,0,0,0.0,7,5,2,0,0,0
4432777.0,Jeremiah Trotter Jr.,22,PHI,LB,17,1,0,0,0,0,1,0,0,0,0,0,0.5,25,9,16,0,1,0
,Chris Williams,26,CHI,DT,17,1,0,0,0,0,0,0,0,0,0,0,3.0,23,17,6,3,7,0
4240719.0,Cal Adomitis,26,CIN,LS,17,0,0,0,0,0,0,0,0,0,0,0,0.0,3,3,0,0,0,0
4373626.0,Tyler Allgeier,24,ATL,RB,17,0,0,0,0,0,0,0,0,0,0,0,0.0,3,2,1,0,0,0
4257240.0,Tycen Anderson,25,CIN,S,17,0,0,0,0,0,0,0,0,0,0,0,0.0,11,10,1,0,0,0
238199.0,Bryan Anger,36,DAL,P,17,0,0,0,0,0,0,0,0,0,0,0,0.0,1,1,0,0,0,0
4361496.0,Matt Araiza,24,KAN,P,17,0,0,0,0,0,0,0,0,0,0,0,0.0,2,2,0,0,0,0
4360255.0,Brian Asamoah,24,MIN,LB,17,0,0,0,0,0,0,1,0,0,0,0,0.0,6,4,2,0,0,0
,Jake Bailey,27,MIA,P,17,0,0,0,0,0,0,0,1,0,0,0,0.0,1,1,0,0,0,0
4035817.0,Krys Barnes,26,ARI,LB,17,0,0,0,0,0,0,0,0,0,0,0,2.0,35,19,16,3,2,0
383433.0,Tyler Bass,27,BUF,K,17,0,0,0,0,0,0,0,0,0,0,0,0.0,1,1,0,0,0,0
,Jake Bates,25,DET,K,17,0,0,0,0,0,0,0,0,0,0,0,0.0,2,2,0,0,0,0
,Jacob Bobenmoyer,27,LVR,LS,17,0,0,0,0,0,0,0,0,0,0,0,0.0,4,3,1,0,0,0
4039396.0,Corey Bojorquez,28,CLE,P,17,0,0,0,0,0,0,0,0,0,0,0,0.0,1,1,0,0,0,0
4683553.0,Austin Booker,22,CHI,DL,17,0,0,0,0,0,0,0,0,0,0,0,1.5,21,14,7,3,4,0
3929845.0,Kris Boyd,28,HOU,CB,17,0,0,0,0,0,0,0,0,1,0,0,0.0,8,5,3,0,0,0
4428989.0,Chris Braswell,23,TAM,OLB,17,0,0,0,0,0,0,1,0,0,0,0,1.5,18,11,7,1,8,0
4390189.0,Karl Brooks,24,GNB,DL,17,0,0,0,0,0,2,1,0,3,0,0,3.5,24,14,10,4,6,0
4360239.0,Amari Burney,24,LVR,LB,17,0,0,0,0,0,0,1,0,0,0,0,1.0,17,10,7,3,1,0
4242431.0,Ty Chandler,26,MIN,RB,17,0,0,0,0,0,0,0,0,0,0,0,0.0,4,3,1,0,0,0
4367567.0,Julius Chestnut,24,TEN,RB,17,0,0,0,0,0,0,0,0,1,0,0,0.0,1,0,1,0,0,0
4576069.0,Brandon Codrington,24,BUF,DB,17,0,0,0,0,0,1,0,2,1,0,0,0.0,9,8,1,0,0,0
559659.0,Logan Cooke,29,JAX,P,17,0,0,0,0,0,0,0,0,0,0,0,0.0,1,1,0,0,0,0
,Morgan Cox,38,TEN,LS,17,0,0,0,0,0,0,0,0,0,0,0,0.0,3,2,1,0,0,0
4240631.0,DeeJay Dallas,26,ARI,RB,17,0,0,0,0,0,0,0,1,0,0,0,0.0,7,4,3,0,0,0
535948.0,Scott Daly,30,CHI,LS,17,0,0,0,0,0,0,0,0,0,0,0,0.0,5,3,2,0,0,0
,Isaiah Davis,22,NYJ,RB,17,0,0,0,0,0,0,0,0,0,0,0,0.0,7,7,0,0,0,0
4040965.0,Raekwon Davis,27,IND,DT,17,0,0,0,0,0,1,0,0,0,0,0,0.0,15,7,8,1,0,0
4362081.0,Cameron Dicker,24,LAC,K,17,0,0,0,0,0,0,0,0,0,0,0,0.0,2,2,0,0,0,0
3929851.0,Michael Dickson,28,SEA,P,17,0,0,0,0,0,0,0,0,0,0,0,0.0,1,1,0,0,0,0
514471.0,Riley Dixon,31,DEN,P,17,0,0,0,0,0,0,0,0,0,0,0,0.0,3,2,1,0,0,0
517448.0,Bud Dupree,31,LAC,OLB,17,0,1,0,0,0,2,1,0,0,0,0,6.0,28,18,10,6,10,0
3120303.0,Ross Dwelley,29,ATL,TE,17,0,0,0,0,0,0,0,0,0,0,0,0.0,1,0,1,0,0,0
4687592.0,Jonah Elliss,21,DEN,OLB,17,0,0,0,0,0,2,0,0,0,0,0,5.0,38,24,14,7,6,0
531260.0,Ka'imi Fairbairn,30,HOU,K,17,0,0,0,0,0,0,0,0,0,0,0,0.0,2,2,0,0,0,0
,Reid Ferguson,30,BUF,LS,17,0,0,0,0,0,0,0,0,0,0,0,0.0,2,1,1,0,0,0
238875.0,Mike Ford,29,CLE,CB,17,0,0,0,0,0,0,0,0,0,0,0,0.0,13,11,2,0,0,0
4426457.0,Isaiah Foskey,24,NOR,DE,17,0,0,0,0,0,0,0,0,0,0,0,0.0,16,4,12,0,0,0
3139166.0,Mitchell Fraboni,28,DEN,LS,17,0,0,0,0,0,0,0,0,0,0,0,0.0,5,3,2,0,0,0
4360469.0,Amari Gainer,24,LVR,LB,17,0,0,0,0,0,0,0,0,0,0,0,0.0,5,2,3,0,0,0
4427278.0,Xavier Gipson,23,NYJ,WR,17,0,0,0,0,0,0,0,4,0,0,0,0.0,0,0,0,0,0,0
,C.J. Goodwin,34,DAL,CB,17,0,0,0,0,0,0,1,0,1,0,0,0.0,9,8,1,0,0,0
4570561.0,Eric Gray,25,NYG,RB,17,0,0,0,0,0,0,0,3,0,0,0,0.0,0,0,0,0,0,0
559660.0,J.T. Gray,28,NOR,DB,17,0,0,0,0,0,0,1,0,0,0,0,0.0,25,12,13,0,0,0
4259619.0,Blake Grupe,26,NOR,K,17,0,0,0,0,0,0,0,0,0,0,0,0.0,2,2,0,0,0,0
192006.0,Daniel Hardy,26,CHI,DL,17,0,0,0,0,0,0,1,0,0,0,0,0.0,12,7,5,0,0,0
4429058.0,Jaylen Harrell,22,TEN,OLB,17,0,0,0,0,0,0,0,0,0,0,0,0.0,13,8,5,2,0,0
133313.0,Josh Harris,35,LAC,LS,17,0,0,0,0,0,0,0,1,0,-22,0,0.0,1,0,1,0,0,0
4372071.0,Hassan Haskins,25,LAC,RB,17,0,0,0,0,0,0,0,1,0,0,0,0.0,6,2,4,0,0,0
4571755.0,Hogan Hatten,24,DET,LS,17,0,0,0,0,0,0,0,0,0,0,0,0.0,5,2,3,0,0,0
379324.0,Johnny Hekker,34,CAR,P,17,0,0,0,0,0,0,0,0,0,0,0,0.0,1,0,1,0,0,0
537030.0,Thomas Hennessy,30,NYJ,LS,17,0,0,0,0,0,0,0,0,0,0,0,0.0,2,1,1,0,0,0
4567406.0,Ty'Ron Hopper,23,GNB,LB,17,0,0,0,0,0,0,0,0,0,0,0,0.0,9,5,4,0,0,0
,Jordan Jackson,26,DEN,DL,17,0,0,0,0,0,0,1,0,0,0,0,1.0,17,4,13,1,2,0
4242436.0,Theo Jackson,26,MIN,S,17,0,1,3,0,3,3,0,0,0,0,0,0.0,17,11,6,0,0,0
4051069.0,Caleb Johnson,26,JAX,LB,17,0,0,0,0,0,0,0,0,0,0,0,0.0,9,6,3,0,0,0
190791.0,Tim Jones,26,JAX,WR,17,0,0,0,0,0,0,0,0,0,0,0,0.0,3,1,2,0,0,0
238495.0,Linval Joseph,36,DAL,DT,17,0,0,0,0,0,0,1,0,0,0,0,2.0,19,9,10,2,3,0
513665.0,Miles Killebrew,31,PIT,S,17,0,0,0,0,0,0,0,0,0,0,0,0.0,13,8,5,0,0,0
,Casey Kreiter,34,NYG,LS,17,0,0,0,0,0,0,0,0,0,0,0,0.0,5,3,2,0,0,0
488966.0,Christian Kuntz,30,PIT,LS,17,0,0,0,0,0,0,0,0,0,0,0,0.0,2,1,1,0,0,0
514950.0,James Lynch,25,TEN,DL,17,0,0,0,0,0,2,0,0,0,0,0,1.0,20,6,14,2,2,0
4243457.0,DeAngelo Malone,25,ATL,OLB,17,0,0,0,0,0,0,0,0,0,0,0,2.0,16,8,8,3,3,0
3928931.0,Ross Matiscik,28,JAX,LS,17,0,0,0,0,0,0,0,0,0,0,0,0.0,2,1,1,0,0,0
4427391.0,Kenny McIntosh,24,SEA,RB,17,0,0,0,0,0,0,0,0,0,0,0,0.0,3,2,1,0,0,0
4259305.0,Bo Melton,25,GNB,WR,17,0,0,0,0,0,0,0,0,2,0,0,0.0,3,1,2,0,0,0
4362855.0,Israel Mukuamu,25,DAL,S,17,0,2,20,0,15,2,0,0,0,0,0,0.0,19,13,6,0,1,0
,Jason Myers,33,SEA,K,17,0,0,0,0,0,0,0,0,0,0,0,0.0,1,1,0,0,0,0
552287.0,Siran Neal,30,MIA,CB,17,0,0,0,0,0,2,0,0,0,0,0,0.0,11,9,2,0,0,0
4038432.0,Amen Ogbongbemiga,26,CHI,LB,17,0,0,0,0,0,0,0,0,0,0,0,1.0,13,7,6,1,1,0
4260703.0,Segun Olubi,25,IND,LB,17,0,0,0,0,0,0,1,0,1,18,0,0.0,12,6,6,0,0,0
,Matthew Orzech,29,GNB,LS,17,0,0,0,0,0,0,0,1,0,0,0,0.0,1,1,0,0,0,0
534739.0,Zach Pascal,30,ARI,WR,17,0,0,0,0,0,0,0,0,0,0,0,0.0,1,1,0,0,0,0
3116389.0,Samaje Perine,29,KAN,RB,17,0,0,0,0,0,0,0,0,2,7,0,0.0,3,1,2,0,0,0
4240528.0,Del'Shawn Phillips,28,HOU,LB,17,0,0,0,0,0,0,0,0,0,0,0,0.0,16,8,8,1,0,0
534595.0,Bradley Pinion,30,ATL,P,17,0,0,0,0,0,0,0,0,0,0,0,0.0,1,1,0,0,0,0
3125248.0,Jeremy Reaves,28,WAS,S,17,0,0,0,0,0,0,1,0,0,0,0,0.0,20,9,11,0,0,0
,Craig Reynolds,28,DET,RB,17,0,0,0,0,0,0,0,1,1,0,0,0.0,3,2,1,0,0,0
,Luke Rhodes,32,IND,LS,17,0,0,0,0,0,0,0,0,0,0,0,0.0,2,2,0,0,0,0
4243003.0,Ronnie Rivers,25,LAR,RB,17,0,0,0,0,0,0,0,0,0,0,0,0.0,4,2,2,0,0,0
4249342.0,Mark Robinson,25,PIT,LB,17,0,0,0,0,0,0,2,0,0,0,0,0.0,6,6,0,0,0,0
3124679.0,Jason Sanders,29,MIA,K,17,0,0,0,0,0,0,0,0,1,-1,0,0.0,1,1,0,0,0,0
4047941.0,Brenden Schooler,27,NWE,S,17,0,0,0,0,0,0,0,0,0,0,0,2.0,13,9,4,2,3,0
3126368.0,JK Scott,29,LAC,P,17,0,0,0,0,0,0,0,1,1,0,0,0.0,0,0,0,0,0,0
550427.0,Trent Sieg,29,DAL,LS,17,0,0,0,0,0,0,0,0,0,0,0,0.0,3,2,1,0,0,0
3134448.0,Tremon Smith,28,DEN,CB,17,0,0,0,0,0,0,0,0,0,0,0,0.0,4,3,1,0,0,0
4360967.0,Brevyn Spann-Ford,25,DAL,TE,17,0,0,0,0,0,0,0,0,0,0,0,0.0,3,2,1,0,0,0
4374269.0,Teair Tart,27,LAC,DT,17,0,1,4,0,4,2,1,1,1,0,0,1.0,29,15,14,5,5,0
4428659.0,Drake Thomas,24,SEA,LB,17,0,0,0,0,0,1,0,0,0,0,0,0.0,13,3,10,0,0,0
,Tavierre Thomas,28,TAM,CB,17,0,0,0,0,0,0,0,0,0,0,0,0.0,14,8,6,0,0,0
377938.0,Justin Tucker,35,BAL,K,17,0,0,0,0,0,0,0,0,0,0,0,0.0,2,2,0,0,0,0
4430869.0,Sean Tucker,23,TAM,RB,17,0,0,0,0,0,0,0,1,0,0,0,0.0,4,3,1,0,0,0
4686906.0,Lukas Van Ness,23,GNB,DL,17,0,0,0,0,0,0,1,0,1,0,0,3.0,33,22,11,6,6,0
4243009.0,Mykal Walker,27,WAS,OLB,17,0,0,0,0,0,0,0,0,2,0,0,0.0,21,8,13,0,0,0
4241424.0,Tylan Wallace,25,BAL,WR,17,0,0,0,0,0,0,0,1,1,0,0,0.0,3,1,2,0,0,0
4248789.0,Daniel Whelan,25,GNB,P,17,0,0,0,0,0,0,0,0,1,0,0,0.0,0,0,0,0,0,0
161763.0,Avery Williams,26,ATL,RB,17,0,0,0,0,0,0,0,0,0,0,0,0.0,6,2,4,0,0,0
4035222.0,Trayveon Williams,27,CIN,RB,17,0,0,0,0,0,0,0,0,0,0,0,0.0,2,1,1,0,0,0
,Emanuel Wilson,25,GNB,RB,17,0,0,0,0,0,0,0,0,1,0,0,0.0,0,0,0,0,0,0
,James Winchester,35,KAN,LS,17,0,0,0,0,0,0,0,0,0,0,0,0.0,3,0,3,0,0,0
3931795.0,Zach Wood,31,NOR,LS,17,0,0,0,0,0,0,0,0,0,0,0,0.0,3,2,1,0,0,0
4241986.0,Chase Young,25,NOR,DE,17,0,0,0,0,0,3,1,0,0,0,0,5.5,31,21,10,8,21,0
545502.0,Zach Allen,27,DEN,LDT,16,16,0,0,0,0,1,0,0,0,0,0,8.5,61,32,29,15,40,1
3929630.0,Saquon Barkley,27,PHI,RB,16,16,0,0,0,0,0,0,2,2,0,0,0.0,0,0,0,0,0,0
3917657.0,Zack Baun,28,PHI,LLB,16,16,1,0,0,0,4,5,0,1,0,0,3.5,151,93,58,11,5,0
4426663.0,Cooper Beebe,23,DAL,C,16,16,0,0,0,0,0,0,1,1,-12,0,0.0,0,0,0,0,0,0
4035661.0,Julian Blackmon,26,IND,FS,16,16,3,27,0,17,4,0,0,1,0,0,0.5,86,62,24,1,1,0
4362759.0,Nick Bolton,24,KAN,LLB,16,16,1,0,0,0,6,1,0,2,0,0,3.0,106,73,33,11,7,0
4692025.0,Brian Branch,23,DET,SS,16,16,4,48,0,47,16,1,0,0,0,0,1.0,109,79,30,8,6,0
546653.0,James Conner,29,ARI,RB,16,16,0,0,0,0,0,1,4,1,0,0,0.0,0,0,0,0,0,0
116789.0,James Cook,25,BUF,RB,16,16,0,0,0,0,0,0,1,0,0,0,0.0,0,0,0,0,0,0
4242154.0,Kamren Curl,25,LAR,FS,16,16,0,0,0,0,9,2,0,1,33,1,1.0,79,49,30,1,1,0
237801.0,Demario Davis,35,NOR,MLB,16,16,1,0,0,0,7,0,0,0,0,0,2.0,136,69,67,5,2,0
4242208.0,Grant Delpit,26,CLE,SS,16,16,0,0,0,0,1,0,0,1,0,0,1.0,111,68,43,7,5,0
550627.0,Daniel Ekuale,30,NWE,RDE,16,16,0,0,0,0,0,0,0,0,0,0,1.0,52,24,28,2,3,0
,C.J. Gardner-Johnson,27,PHI,SS,16,16,6,116,1,69,12,1,0,0,0,0,0.0,59,35,24,2,0,0
3916593.0,Christian Gonzalez,22,NWE,RCB,16,16,2,2,0,2,11,0,0,1,63,1,0.0,59,50,9,1,1,0
4427366.0,Breece Hall,23,NYJ,RB,16,16,0,0,0,0,0,0,6,1,0,0,0.0,0,0,0,0,0,0
,Josh Hines-Allen,27,JAX,LDE,16,16,0,0,0,0,2,1,0,1,13,0,8.0,45,26,19,10,19,0
,Tytus Howard,28,HOU,RT,16,16,0,0,0,0,0,0,0,1,0,0,0.0,0,0,0,0,0,0
3126356.0,Marlon Humphrey,28,BAL,LCB,16,16,6,37,1,37,15,2,0,0,0,0,0.5,67,50,17,5,4,0
3691739.0,Derwin James,28,LAC,SS,16,16,1,2,0,2,7,0,0,1,0,0,5.5,93,60,33,10,6,0
3925350.0,Anfernee Jennings,27,NWE,ROLB,16,16,0,0,0,0,1,1,0,0,0,0,2.5,78,43,35,7,9,0
,DaQuan Jones,33,BUF,RDT,16,16,0,0,0,0,1,0,0,0,0,0,2.5,23,11,12,5,7,0
,Cam Jurgens,25,PHI,C,16,16,0,0,0,0,0,0,1,1,0,0,0.0,0,0,0,0,0,0
377964.0,Travis Kelce,35,KAN,TE,16,16,0,0,0,0,0,0,2,0,0,0,0.0,0,0,0,0,0,0
4243256.0,Devin Lloyd,26,JAX,RLB,16,16,1,3,0,3,4,1,0,0,0,0,2.0,113,61,52,7,5,0
4040805.0,Roy Lopez,27,ARI,NT,16,16,0,0,0,0,3,1,0,1,0,0,1.0,28,10,18,4,3,0
482263.0,Khalil Mack,33,LAC,LOLB,16,16,0,0,0,0,9,2,0,1,22,0,6.0,39,20,19,6,15,0
3139477.0,Patrick Mahomes,29,KAN,QB,16,16,0,0,0,0,0,0,2,1,0,0,0.0,0,0,0,0,0,0
,Quan Martin,24,WAS,SS,16,16,1,29,0,29,3,3,0,0,0,0,0.0,87,50,37,2,1,0
4361307.0,Trey McBride,25,ARI,TE,16,16,0,0,0,0,0,0,0,2,0,1,0.0,0,0,0,0,0,0
4426405.0,Trent McDuffie,24,KAN,LCB,16,16,2,0,0,0,13,1,0,0,0,0,0.5,59,45,14,6,4,0
4686273.0,Quinyon Mitchell,23,PHI,LCB,16,16,0,0,0,0,12,0,0,0,0,0,0.0,46,37,9,0,0,0
,Emmanuel Ogbah,31,MIA,LB,16,16,1,0,0,0,2,1,0,0,0,0,5.0,49,27,22,9,11,0
4240706.0,Jason Pinnock,25,NYG,SS,16,16,0,0,0,0,1,0,0,0,0,0,3.0,85,50,35,4,3,0
3916148.0,Tony Pollard,27,TEN,RB,16,16,0,0,0,0,0,0,2,1,0,0,0.0,0,0,0,0,0,0
4426506.0,Joey Porter Jr.,24,PIT,RCB,16,16,1,16,0,16,7,0,0,0,0,0,0.0,70,53,17,2,0,0
482550.0,Jordan Poyer,33,MIA,FS,16,16,0,0,0,0,3,0,0,0,0,0,0.0,98,51,47,0,1,0
3128689.0,Frank Ragnow,28,DET,C,16,16,0,0,0,0,0,0,0,1,0,0,0.0,0,0,0,0,0,0
3931399.0,Justin Reid,27,KAN,SS,16,16,2,8,0,8,9,0,0,0,0,0,0.0,87,61,26,5,2,0
,A'Shawn Robinson,29,CAR,RDE,16,16,0,0,0,0,1,1,0,0,0,0,5.5,80,43,37,8,8,0
4362506.0,Gregory Rousseau,24,BUF,RDE,16,16,0,0,0,0,3,3,0,1,0,0,8.0,53,36,17,16,24,0
4035369.0,Jeffery Simmons,27,TEN,DT,16,16,0,0,0,0,4,2,0,2,0,0,5.0,76,41,35,11,9,0
530458.0,Justin Simmons,31,ATL,FS,16,16,2,0,0,0,7,0,0,0,0,0,0.0,62,36,26,2,0,0
116582.0,Harrison Smith,35,MIN,SS,16,16,3,0,0,0,10,0,0,1,0,0,1.0,87,56,31,3,1,0
3915189.0,Roquan Smith,27,BAL,LILB,16,16,1,0,0,0,4,1,0,1,0,0,1.5,154,81,73,4,3,0
183518.0,Matthew Stafford,36,LAR,QB,16,16,0,0,0,0,0,0,6,3,-15,0,0.0,0,0,0,0,0,0
4372012.0,Patrick Surtain II,24,DEN,LCB,16,16,4,132,1,100,11,1,0,1,0,0,0.0,45,34,11,1,0,0
3134690.0,Montez Sweat,28,CHI,LDE,16,16,0,0,0,0,2,2,0,0,0,0,5.5,32,18,14,9,12,0
535761.0,Dalvin Tomlinson,30,CLE,LDT,16,16,0,0,0,0,0,0,0,0,0,0,3.0,26,13,13,6,18,0
3129310.0,Drue Tranquill,29,KAN,MLB,16,16,0,0,0,0,2,0,0,2,3,0,2.0,94,54,40,4,9,0
3134362.0,Vita Vea,29,TAM,NT,16,16,0,0,0,0,1,0,0,0,0,0,7.0,42,27,15,10,13,0
3915535.0,Denzel Ward,27,CLE,LCB,16,16,2,0,0,0,19,1,0,1,0,0,0.0,49,41,8,1,1,0
4430737.0,Kyren Williams,24,LAR,RB,16,16,0,0,0,0,0,0,5,0,0,0,0.0,0,0,0,0,0,0
531014.0,Leonard Williams,30,SEA,LDE,16,16,1,92,1,92,3,0,0,0,0,0,11.0,64,37,27,16,28,0
4040982.0,Quinnen Williams,27,NYJ,NT,16,16,0,0,0,0,0,0,0,0,0,0,6.0,37,25,12,8,18,0
4040983.0,Mack Wilson,26,ARI,LILB,16,16,1,0,0,0,5,0,0,1,0,0,3.0,75,44,31,4,7,0
4240589.0,Tristan Wirfs,25,TAM,LT,16,16,0,0,0,0,0,0,1,0,0,0,0.0,0,0,0,0,0,0
,Kevin Zeitler,34,DET,RG,16,16,0,0,0,0,0,0,0,2,0,0,0.0,0,0,0,0,0,0
3928979.0,Dorance Armstrong Jr.,27,WAS,RDE,16,15,0,0,0,0,1,2,0,0,0,0,5.0,39,20,19,7,14,0
4592837.0,Terrion Arnold,21,DET,RCB,16,15,0,0,0,0,10,0,0,1,-1,0,0.0,60,47,13,0,0,0
4685759.0,Jalen Carter,23,PHI,LDT,16,15,0,0,0,0,6,2,0,0,0,0,4.5,42,25,17,12,16,0
3915486.0,Tyler Conklin,29,NYJ,TE,16,15,0,0,0,0,0,0,0,2,-3,0,0.0,0,0,0,0,0,0
4038815.0,Rico Dowdle,26,DAL,RB,16,15,0,0,0,0,0,0,3,0,0,0,0.0,0,0,0,0,0,0
113882.0,Brandon Jones,26,DEN,FS,16,15,3,74,0,37,10,1,0,1,34,0,0.0,115,79,36,2,1,0
3843843.0,Arden Key,28,TEN,LOLB,16,15,0,0,0,0,1,2,0,1,0,0,6.5,42,24,18,11,15,0
3693166.0,Josh Sweat,27,PHI,RLB,16,15,0,0,0,0,2,0,0,0,0,0,8.0,41,27,14,9,15,0
4697815.0,Rachaad White,25,TAM,RB,16,15,0,0,0,0,0,0,3,0,0,0,0.0,0,0,0,0,0,0
4361939.0,Andre Cisco,24,JAX,SS,16,14,1,22,0,22,7,0,0,0,0,0,0.0,68,44,24,1,0,0
,Beaux Limmer,23,LAR,C,16,14,0,0,0,0,0,0,0,1,0,0,0.0,0,0,0,0,0,0
4612826.0,Ladd McConkey,23,LAC,WR,16,14,0,0,0,0,0,0,2,0,0,0,0.0,0,0,0,0,0,0
4035687.0,Michael Pittman Jr.,27,IND,WR,16,14,0,0,0,0,0,0,1,0,0,0,0.0,0,0,0,0,0,0
4426374.0,Tyrique Stevenson,24,CHI,LCB,16,14,2,43,1,43,12,1,0,0,0,0,0.0,78,51,27,1,0,0
546713.0,Jourdan Lewis,29,DAL,LCB,16,13,1,0,0,0,8,1,0,1,0,0,1.0,71,39,32,3,2,0
,Nathan Shepherd,31,NOR,RDT,16,13,0,0,0,0,0,0,0,0,0,0,1.5,37,16,21,3,6,0
3916945.0,Darius Slayton,27,NYG,WR,16,13,0,0,0,0,0,0,1,0,0,0,0.0,0,0,0,0,0,0
502463.0,Kyle Van Noy,33,BAL,ROLB,16,13,0,0,0,0,2,2,0,1,0,0,12.5,41,25,16,14,21,0
,Michael Wilson,24,ARI,WR,16,13,0,0,0,0,0,0,1,1,0,0,0.0,0,0,0,0,0,0
4696211.0,Malik Mustapha,22,SFO,SS,16,12,1,1,0,1,5,0,0,0,0,0,0.0,72,32,40,2,0,0
,DeAundre Alford,27,ATL,CB,16,11,0,0,0,0,11,1,0,0,0,0,1.0,83,61,22,1,1,0
4365395.0,Julian Hill,24,MIA,TE,16,11,0,0,0,0,0,0,1,0,0,0,0.0,4,1,3,0,0,0
,George Karlaftis III,23,KAN,LDE,16,11,0,0,0,0,5,0,0,0,0,0,8.0,35,21,14,9,28,0
4430560.0,Jer'Zhan Newton,22,WAS,LDT,16,11,0,0,0,0,1,1,0,1,2,0,2.0,44,19,25,6,7,0
3728267.0,Garrett Williams,23,ARI,LCB,16,11,2,0,0,0,9,1,0,0,0,0,0.0,58,40,18,0,0,0
,Chase Brown,24,CIN,RB,16,10,0,0,0,0,0,0,2,0,0,0,0.0,0,0,0,0,0,0
,Devin Bush Jr.,26,CLE,LLB,16,10,0,0,0,0,3,0,0,0,0,0,1.0,76,45,31,8,1,0
157075.0,Logan Hall,24,TAM,RDE,16,10,0,0,0,0,1,0,0,1,0,0,5.5,28,17,11,6,10,0
536202.0,Mike Hilton,30,CIN,CB,16,10,1,0,0,0,5,0,0,0,0,0,0.0,73,50,23,12,1,0
4039020.0,Levi Onwuzurike,26,DET,DL,16,10,0,0,0,0,0,1,0,0,0,0,1.5,28,16,12,1,13,0
4426331.0,Nolan Smith,23,PHI,LOLB,16,10,0,0,0,0,2,1,0,2,0,0,6.5,42,21,21,8,11,0
4362225.0,Dante Stills,25,ARI,DT,16,10,0,0,0,0,1,1,0,0,0,0,4.5,42,20,22,4,6,0
4682618.0,Cooper DeJean,21,PHI,DB,16,9,0,0,0,0,6,1,2,3,0,0,0.5,51,38,13,3,1,0
4686540.0,Tyrice Knight,24,SEA,ROLB,16,9,0,0,0,0,2,0,0,1,-2,0,1.5,88,41,47,3,4,0
4361050.0,Isaiah Likely,24,BAL,TE,16,9,0,0,0,0,0,0,1,0,0,0,0.0,1,1,0,0,0,0
4241473.0,LaBryan Ray,27,CAR,LDE,16,9,0,0,0,0,0,0,0,0,0,0,1.0,41,15,26,2,2,0
4240849.0,Charles Snowden,26,LVR,LDE,16,9,0,0,0,0,4,0,0,0,0,0,1.5,39,18,21,3,7,0
4431588.0,Ja'Tavion Sanders,21,CAR,TE,16,8,0,0,0,0,0,0,1,1,2,0,0.0,0,0,0,0,0,0
4372505.0,Payne Durham,24,TAM,TE,16,6,0,0,0,0,0,0,1,0,0,0,0.0,2,0,2,0,0,0
4043625.0,Nazeeh Johnson,26,KAN,S,16,6,0,0,0,0,3,0,0,0,0,0,1.0,56,33,23,3,1,0
4245273.0,Christian Elliss,25,NWE,LILB,16,5,1,6,0,6,5,1,0,1,0,0,1.5,80,42,38,1,5,0
4722893.0,Jaleel McLaughlin,24,DEN,RB,16,5,0,0,0,0,0,0,1,0,0,0,0.0,0,0,0,0,0,0
550497.0,Ogbonnia Okoronkwo,29,CLE,DE,16,5,0,0,0,0,0,1,0,0,0,0,3.0,23,15,8,5,6,0
,Jeremiah Pharms,28,NWE,DT,16,5,0,0,0,0,0,0,0,0,0,0,2.0,33,16,17,4,5,0
4035020.0,Charlie Woerner,27,ATL,TE,16,5,0,0,0,0,0,0,0,0,0,0,0.0,4,2,2,0,0,0
4676004.0,Cole Bishop,22,BUF,S,16,4,0,0,0,0,2,1,0,0,0,0,0.0,40,25,15,1,0,0
4567979.0,Brandin Echols,27,NYJ,CB,16,4,2,0,0,0,3,0,0,1,0,0,0.0,40,29,11,1,0,0
3116097.0,Luke Gifford,29,TEN,LB,16,4,1,0,0,0,2,0,0,0,0,0,0.0,49,31,18,1,0,0
4383396.0,Hunter Luepke,24,DAL,RB,16,4,0,0,0,0,0,0,0,0,0,0,0.0,12,4,8,0,0,0
4372533.0,Tyree Wilson,24,LVR,DE,16,4,0,0,0,0,0,1,0,0,0,0,4.5,27,16,11,6,10,0
514508.0,Ameer Abdullah,31,LVR,RB,16,3,0,0,0,0,0,0,2,1,0,0,0.0,4,2,2,0,0,0
4361577.0,Dyami Brown,25,WAS,WR,16,3,0,0,0,0,0,0,1,0,0,0,0.0,0,0,0,0,0,0
4372561.0,Isaac Guerendo,24,SFO,RB,16,3,0,0,0,0,0,0,3,0,0,0,0.0,2,0,2,0,0,0
4686422.0,Xavier Hutchinson,24,HOU,WR,16,3,0,0,0,0,0,0,0,0,0,0,0.0,3,1,2,0,0,0
4427963.0,Isaiah McGuire,23,CLE,DE,16,3,0,0,0,0,0,3,0,0,0,0,2.5,36,18,18,8,9,0
4244049.0,Quintin Morris,25,BUF,TE,16,3,0,0,0,0,0,0,0,0,0,0,0.0,4,1,3,0,0,0
4569497.0,Sam Okuayinonu,26,SFO,DL,16,3,0,0,0,0,1,1,0,0,0,0,3.0,35,25,10,6,7,0
4251125.0,Winston Reid,25,CLE,OLB,16,3,0,0,0,0,2,0,0,1,0,0,0.5,23,15,8,1,1,0
,J.J. Russell,26,TAM,LB,16,3,0,0,0,0,2,0,0,1,0,0,0.0,33,20,13,0,0,0
3932335.0,Zayne Anderson,27,GNB,S,16,2,1,18,0,18,2,0,0,0,0,0,0.0,16,13,3,0,0,0
4033812.0,Jake Hansen,26,HOU,LB,16,2,0,0,0,0,0,0,0,0,0,0,1.0,28,17,11,1,1,0
4567535.0,Anfernee Orji,24,NOR,LB,16,2,0,0,0,0,0,0,0,0,0,0,0.0,30,16,14,2,0,0
,Clark Phillips,23,ATL,CB,16,2,1,45,0,45,5,2,0,1,5,0,0.0,35,27,8,3,0,0
3116431.0,Ty Summers,29,NYG,LB,16,2,0,0,0,0,1,0,0,0,0,0,0.0,29,13,16,1,0,0
559724.0,Derek Barnett,28,HOU,DE,16,1,0,0,0,0,0,2,0,2,64,2,5.0,26,15,11,4,7,0
4429013.0,Tank Bigsby,23,JAX,RB,16,1,0,0,0,0,0,0,4,1,0,0,0.0,0,0,0,0,0,0
4259308.0,Raheem Blackshear,25,CAR,RB,16,1,0,0,0,0,0,0,2,2,0,0,0.0,3,2,1,0,0,0
4242973.0,Darnay Holmes,26,LVR,CB,16,1,0,0,0,0,3,0,0,0,0,0,1.0,30,14,16,2,1,0
4571162.0,Jalyx Hunt,23,PHI,OLB,16,1,0,0,0,0,1,2,0,0,0,0,1.5,21,12,9,1,3,0
4567219.0,Owen Pappoe,24,ARI,LB,16,1,0,0,0,0,2,1,0,0,0,0,0.0,28,18,10,0,0,0
4431545.0,Will Shipley,22,PHI,RB,16,1,0,0,0,0,0,0,0,0,0,0,0.0,6,5,1,0,0,0
235814.0,Solomon Thomas,29,NYJ,DL,16,1,0,0,0,0,2,1,0,1,0,0,3.5,26,15,11,5,6,0
531204.0,Nick Vigil,31,DAL,LB,16,1,0,0,0,0,0,0,0,0,0,0,0.0,22,10,12,0,0,0
4427635.0,Adetomiwa Adebawore,23,IND,DT,16,0,0,0,0,0,0,0,0,0,0,0,1.0,7,5,2,3,2,0
232942.0,Nick Bellore,35,WAS,LB,16,0,0,0,0,0,0,0,0,0,0,0,0.0,21,11,10,1,0,0
,Joe Cardona,32,NWE,LS,16,0,0,0,0,0,0,1,0,0,0,0,0.0,4,3,1,0,0,0
3791111.0,Tyler Davis,24,LAR,DL,16,0,0,0,0,0,0,0,0,0,0,0,0.5,29,12,17,2,1,0
4034948.0,Feleipe Franks,27,CAR,TE,16,0,0,0,0,0,0,0,0,1,0,0,0.0,10,6,4,0,0,0
4249087.0,Matt Gay,30,IND,K,16,0,0,0,0,0,0,0,0,0,0,0,0.0,1,0,1,0,0,0
4429676.0,Tyler Goodson,24,IND,RB,16,0,0,0,0,0,0,0,0,0,0,0,0.0,3,2,1,0,0,0
4046525.0,Khaleke Hudson,27,CLE,OLB,16,0,0,0,0,0,0,0,0,0,0,0,0.0,9,6,3,0,1,0
4035798.0,Isaiahh Loudermilk,27,PIT,DT,16,0,0,0,0,0,1,0,0,0,0,0,0.0,17,10,7,0,0,0
4242996.0,Arron Mosby,25,GNB,DL,16,0,0,0,0,0,2,0,0,0,0,0,0.5,12,6,6,1,2,0
,Rico Payton,25,NOR,CB,16,0,0,0,0,0,1,0,0,0,0,0,0.0,11,6,5,0,0,0
4258485.0,Jon Rhattigan,25,CAR,LB,16,0,0,0,0,0,0,0,0,0,0,0,0.0,12,6,6,0,0,0
3915396.0,Darrell Taylor,27,CHI,DL,16,0,0,0,0,0,2,2,0,0,0,0,3.0,32,20,12,3,9,0
4259147.0,Jake Tonges,25,SFO,TE,16,0,0,0,0,0,0,0,0,0,0,0,0.0,2,2,0,0,0,0
4565190.0,Dallas Turner,21,MIN,OLB,16,0,1,4,0,4,1,0,0,0,0,0,3.0,20,12,8,3,5,0
4240269.0,Payton Turner,25,NOR,DE,16,0,0,0,0,0,4,2,0,0,0,0,2.0,21,10,11,3,3,0
4912274.0,Sione Vaki,23,DET,RB,16,0,0,0,0,0,0,1,0,0,0,0,0.0,8,8,0,0,0,0
3125280.0,Corliss Waitman,29,PIT,P,16,0,0,0,0,0,0,0,1,1,0,0,0.0,0,0,0,0,0,0
4568007.0,Jay Ward,24,MIN,S,16,0,0,0,0,0,1,0,0,0,0,0,0.0,6,4,2,0,1,0
501550.0,Keenan Allen,32,CHI,WR,15,15,0,0,0,0,0,0,1,1,0,0,0.0,0,0,0,0,0,0
,Terron Armstead,33,MIA,LT,15,15,0,0,0,0,0,0,0,2,0,0,0.0,0,0,0,0,0,0
4379778.0,Christian Benford,24,BUF,RCB,15,15,2,30,0,24,10,2,0,1,43,0,1.0,64,50,14,3,1,0
4035788.0,Tyler Biadasz,27,WAS,C,15,15,0,0,0,0,0,0,1,1,0,0,0.0,0,0,0,0,0,0
4243956.0,Reed Blankenship,25,PHI,FS,15,15,4,29,0,28,6,0,0,1,16,0,0.0,78,52,26,0,0,0
4426340.0,Nakobe Dean,24,PHI,MLB,15,15,1,0,0,0,4,1,0,2,0,0,3.0,128,80,48,9,6,0
4429014.0,Gervon Dexter,23,CHI,RDT,15,15,0,0,0,0,1,0,0,2,0,0,5.0,51,23,28,4,19,0
3943270.0,Rasul Douglas,29,BUF,LCB,15,15,0,0,0,0,5,1,0,0,0,0,0.0,58,43,15,5,0,0
4427132.0,Ikem Ekwonu,24,CAR,LT,15,15,0,0,0,0,0,0,0,1,0,0,0.0,0,0,0,0,0,0
,Jermaine Eluemunor,30,NYG,RT,15,15,0,0,0,0,0,0,0,1,0,0,0.0,0,0,0,0,0,0
4239996.0,Travis Etienne,25,JAX,RB,15,15,0,0,0,0,0,0,1,1,0,0,0.0,0,0,0,0,0,0
4429775.0,Zach Frazier,23,PIT,C,15,15,0,0,0,0,0,0,1,0,-7,0,0.0,0,0,0,0,0,0
,Sauce Gardner,24,NYJ,LCB,15,15,1,0,0,0,9,0,0,0,0,0,1.0,49,36,13,1,1,0
483176.0,Stephon Gilmore,34,MIN,LCB,15,15,1,0,0,0,9,0,0,0,0,0,0.0,56,40,16,1,0,0
170470.0,B.J. Hill,29,CIN,RDT,15,15,0,0,0,0,4,0,0,0,0,0,3.0,56,25,31,7,9,0
4373809.0,Jevon Holland,24,MIA,SS,15,15,0,0,0,0,4,1,0,0,0,0,1.0,62,42,20,2,2,0
4362847.0,Jaycee Horn,25,CAR,LCB,15,15,1,0,0,0,13,0,0,0,0,0,2.0,68,49,19,5,2,0
4241416.0,Chuba Hubbard,25,CAR,RB,15,15,0,0,0,0,0,0,4,0,0,0,0.0,0,0,0,0,0,0
3895841.0,Mike Hughes,27,ATL,RCB,15,15,0,0,0,0,6,0,0,0,0,0,0.0,66,51,15,4,0,0
4040715.0,Jalen Hurts,26,PHI,QB,15,15,0,0,0,0,0,0,9,2,-8,0,0.0,0,0,0,0,0,0
3843769.0,Donte Jackson,29,PIT,LCB,15,15,5,88,0,49,8,0,0,1,-1,0,0.0,38,28,10,2,0,0
,Lane Johnson,34,PHI,RT,15,15,0,0,0,0,0,0,0,1,0,0,0.0,0,0,0,0,0,0
,Chris Jones,30,KAN,LDT,15,15,0,0,0,0,0,1,0,0,0,0,5.0,37,19,18,9,20,0
500349.0,Eric Kendricks,32,DAL,MLB,15,15,2,15,0,8,3,3,0,1,0,0,3.0,138,71,67,4,3,0
4241389.0,CeeDee Lamb,25,DAL,WR,15,15,0,0,0,0,0,0,1,0,0,0,0.0,0,0,0,0,0,0
4242488.0,Deommodore Lenoir,25,SFO,RLB,15,15,2,33,0,33,9,1,0,0,0,0,0.0,85,53,32,2,0,0
,P.J. Locke,27,DEN,SS,15,15,0,0,0,0,2,1,0,0,0,0,1.0,74,50,24,3,1,0
529967.0,Jordan Love,26,GNB,QB,15,15,0,0,0,0,0,0,4,2,-7,0,0.0,0,0,0,0,0,0
,Kenny Moore,29,IND,RCB,15,15,3,28,0,12,7,0,0,1,38,1,0.5,78,51,27,4,2,0
,Sean Murphy-Bunting,27,ARI,CB,15,15,3,2,0,2,5,2,0,0,0,0,0.0,52,30,22,3,0,0
,Rakeem Nunez-Roches,31,NYG,LDE,15,15,0,0,0,0,2,0,0,0,0,0,2.0,52,14,38,2,6,0
4258194.0,Kwity Paye,26,IND,LDE,15,15,0,0,0,0,1,1,0,0,0,0,8.0,41,29,12,10,12,0
4361741.0,Brock Purdy,25,SFO,QB,15,15,0,0,0,0,0,0,7,0,-11,0,0.0,0,0,0,0,0,0
,D.J. Reader,30,DET,LDT,15,15,0,0,0,0,1,0,0,0,0,0,3.0,23,11,12,4,8,0
3126486.0,Deebo Samuel,28,SFO,WR,15,15,0,0,0,0,0,0,2,0,0,0,0.0,0,0,0,0,0,0
,Zach Sieler,29,MIA,LDE,15,15,1,0,0,0,2,1,0,1,0,0,10.0,55,28,27,13,19,0
4242283.0,Rashawn Slater,25,LAC,LT,15,15,0,0,0,0,0,0,0,1,0,0,0.0,0,0,0,0,0,0
,E.J. Speed,29,IND,MLB,15,15,1,12,0,12,5,0,0,0,0,0,0.0,142,93,49,7,1,0
,Jalen Thompson,26,ARI,SS,15,15,0,0,0,0,3,0,0,2,0,0,0.0,98,61,37,3,2,0
,Henry To'oTo'o,23,HOU,LLB,15,15,1,0,0,0,3,1,0,0,0,0,1.5,105,54,51,7,1,0
3886601.0,Shy Tuttle,29,CAR,NT,15,15,0,0,0,0,3,1,0,2,0,0,0.0,46,22,24,0,1,0
4430680.0,Christian Watson,25,GNB,WR,15,15,0,0,0,0,0,0,1,0,0,0,0.0,0,0,0,0,0,0
,Cobie Durant,26,LAR,RCB,15,14,1,0,0,0,8,1,0,0,0,0,1.0,40,28,12,4,2,0
3929846.0,DeShon Elliott,27,PIT,FS,15,14,1,0,0,0,6,2,0,3,10,0,0.0,108,72,36,4,2,0
4035433.0,Kristian Fulton,26,LAC,LCB,15,14,1,29,0,29,7,0,1,0,0,0,0.0,51,39,12,3,0,0
4569173.0,Rhamondre Stevenson,26,NWE,RB,15,14,0,0,0,0,0,0,7,4,0,0,0.0,0,0,0,0,0,0
,Riq Woolen,25,SEA,RCB,15,14,3,11,0,7,14,1,0,0,0,0,0.0,46,32,14,0,0,0
4039052.0,Jordan Elliott,27,SFO,RDT,15,13,0,0,0,0,0,0,0,0,0,0,0.0,19,12,7,2,2,0
4361093.0,Kyler Gordon,25,CHI,DB,15,13,0,0,0,0,5,1,0,3,0,0,0.5,75,48,27,4,2,0
4595348.0,Malik Nabers,21,NYG,WR,15,13,0,0,0,0,0,0,1,0,0,0,0.0,0,0,0,0,0,0
4047650.0,D.K. Metcalf,27,SEA,WR,15,12,0,0,0,0,0,0,2,0,0,0,0.0,0,0,0,0,0,0
4243328.0,Elijah Molden,25,LAC,CB,15,12,3,28,0,25,7,0,0,2,0,0,0.0,75,43,32,2,0,0
551905.0,Larry Ogunjobi,30,PIT,RDE,15,12,0,0,0,0,0,0,0,0,0,0,1.5,41,16,25,5,7,0
3116734.0,Tony Adams,25,NYJ,FS,15,11,1,0,0,0,6,0,0,0,0,0,1.0,84,42,42,2,2,0
4688930.0,Javon Bullard,22,GNB,SS,15,11,0,0,0,0,1,0,0,1,3,0,0.0,90,61,29,2,0,0
4609048.0,Tyler Guyton,23,DAL,LT,15,11,0,0,0,0,0,0,1,1,-5,0,0.0,0,0,0,0,0,0
4240754.0,Boye Mafe,26,SEA,LOLB,15,11,0,0,0,0,3,1,0,0,0,0,6.0,40,25,15,8,12,0
,Joe Tryon-Shoyinka,25,TAM,LOLB,15,11,0,0,0,0,2,1,0,0,0,0,2.0,24,15,9,3,4,0
3917668.0,Alec Ingold,28,MIA,FB,15,10,0,0,0,0,0,0,2,1,0,0,0.0,2,1,1,0,0,0
3886598.0,Jauan Jennings,27,SFO,WR,15,10,0,0,0,0,0,0,1,1,0,0,0.0,0,0,0,0,0,0
4428914.0,Dee Winters,24,SFO,RLB,15,10,0,0,0,0,4,0,0,0,0,0,0.0,44,26,18,0,0,0
4361964.0,Chamarri Conner,24,KAN,DB,15,9,2,32,0,29,4,1,0,1,38,1,1.0,77,58,19,4,4,0
4432301.0,Kris Jenkins,23,CIN,LDT,15,9,0,0,0,0,0,0,0,0,0,0,3.0,31,10,21,3,5,0
,Kader Kohou,26,MIA,CB,15,9,2,2,0,2,8,1,0,1,0,0,0.0,45,33,12,3,0,0
4433975.0,Kool-Aid McKinstry,22,NOR,RCB,15,9,0,0,0,0,6,0,0,0,0,0,0.0,42,32,10,2,0,0
4240610.0,Ventrell Miller,25,JAX,LLB,15,9,0,0,0,0,3,1,0,0,0,0,0.0,80,53,27,4,0,0
4373678.0,Khalil Shakir,24,BUF,WR,15,9,0,0,0,0,0,0,1,1,0,0,0.0,0,0,0,0,0,0
4426496.0,Cade Stover,24,HOU,TE,15,9,0,0,0,0,0,0,0,0,0,0,0.0,5,5,0,0,0,0
4259804.0,Willie Gay Jr.,26,NOR,RLB,15,8,0,0,0,0,3,1,0,2,4,0,2.0,28,19,9,2,1,0
530869.0,Pharaoh Brown,30,SEA,TE,15,7,0,0,0,0,0,0,1,0,0,0,0.0,3,1,2,0,0,0
3916922.0,Byron Cowart,28,CHI,DT,15,7,0,0,0,0,0,0,0,0,0,0,2.5,26,14,12,5,4,0
4040615.0,Malik Harrison,26,BAL,LB,15,7,0,0,0,0,0,0,0,0,0,0,2.0,54,22,32,3,3,0
,Kendall Lamm,32,MIA,T,15,7,0,0,0,0,0,0,0,1,0,0,0.0,0,0,0,0,0,0
4371973.0,Roger McCreary,24,TEN,CB,15,7,0,0,0,0,1,0,0,0,0,0,1.0,50,43,7,12,2,0
4428072.0,Darius Muasau,23,NYG,LB,15,7,1,1,0,1,1,0,0,0,0,0,0.0,55,26,29,3,1,0
4430965.0,Carrington Valentine,23,GNB,CB,15,7,2,51,0,31,5,2,1,0,0,0,0.0,32,18,14,0,0,0
,Nate Wiggins,21,BAL,CB,15,6,1,26,1,26,13,1,0,0,0,0,0.0,33,25,8,0,0,0
4432699.0,Blake Fisher,21,HOU,T,15,5,0,0,0,0,0,0,0,1,0,0,0.0,0,0,0,0,0,0
4569323.0,Thomas Harper,24,LVR,S,15,5,1,14,0,14,2,0,0,1,0,0,0.5,26,13,13,0,1,0
4040761.0,Devin Singletary,27,NYG,RB,15,5,0,0,0,0,0,0,2,0,0,0,0.0,0,0,0,0,0,0
3915837.0,Broderick Washington Jr.,28,BAL,DT,15,5,0,0,0,0,2,1,0,0,0,0,2.0,21,9,12,1,2,0
,Deatrich Wise Jr.,30,NWE,DE,15,5,0,0,0,0,3,0,0,0,0,0,5.0,29,16,13,5,8,0
4242205.0,K'Lavon Chaisson,25,LVR,DE,15,4,1,0,0,0,2,1,0,0,0,0,5.0,32,19,13,7,8,0
,Cedrick Wilson Jr.,29,NOR,WR,15,4,0,0,0,0,0,0,1,0,0,0,0.0,7,2,5,0,0,0
500234.0,Robert Woods,32,HOU,WR,15,4,0,0,0,0,0,0,3,0,0,0,0.0,0,0,0,0,0,0
3127294.0,Greg Gaines,28,TAM,DL,15,3,0,0,0,0,0,0,0,0,0,0,1.0,17,7,10,2,4,0
4035715.0,Josh Hayes,25,TAM,DB,15,3,0,0,0,0,3,0,0,1,0,0,0.0,35,22,13,0,0,0
550034.0,Carl Lawson,29,DAL,DE,15,3,0,0,0,0,0,1,0,0,0,0,5.0,15,7,8,4,15,0
3892689.0,Jeremiah Ledbetter,30,JAX,DT,15,3,0,0,0,0,0,0,0,0,0,0,2.0,38,20,18,8,4,0
4426407.0,Trey Palmer,23,TAM,WR,15,3,0,0,0,0,0,0,1,1,0,0,0.0,0,0,0,0,0,0
4044540.0,Isaiah Rodgers,26,PHI,CB,15,3,0,0,0,0,4,1,0,0,0,0,0.0,26,17,9,0,0,0
4569382.0,Jordan Whittington,24,LAR,WR,15,3,0,0,0,0,0,0,0,1,0,0,0.0,4,4,0,0,0,0
513146.0,Chris Conley,32,SFO,WR,15,2,0,0,0,0,0,0,0,1,0,0,0.0,2,2,0,0,0,0
4362477.0,Derius Davis,24,LAC,WR,15,2,0,0,0,0,0,0,3,3,0,0,0.0,0,0,0,0,0,0
551120.0,Michael Davis,29,WAS,CB,15,2,0,0,0,0,1,0,0,0,0,0,0.0,14,7,7,0,0,0
,Ashton Dulin,27,IND,WR,15,2,0,0,0,0,0,0,0,0,0,0,0.0,10,8,2,0,0,0
549811.0,Ezekiel Elliott,29,DAL,RB,15,2,0,0,0,0,0,0,1,1,0,0,0.0,0,0,0,0,0,0
4259252.0,James Pierre,28,PIT,CB,15,2,1,18,0,18,3,2,0,0,0,0,0.0,23,17,6,0,0,0
4250764.0,Stone Smartt,26,LAC,TE,15,2,0,0,0,0,0,0,1,0,0,0,0.0,3,2,1,0,0,0
4240434.0,Ja'Sir Taylor,25,LAC,DB,15,2,0,0,0,0,5,0,0,1,0,0,0.0,22,12,10,1,1,0
,Corey Ballentine,28,GNB,CB,15,1,0,0,0,0,0,1,1,0,0,0,0.0,6,6,0,0,0,0
4426923.0,Kei'Trel Clark,23,ARI,CB,15,1,1,0,0,0,1,0,0,0,0,0,1.0,12,6,6,1,1,0
4362117.0,Keondre Coburn,24,TEN,DL,15,1,0,0,0,0,0,0,0,0,0,0,0.0,14,7,7,0,0,0
3858271.0,Ashtyn Davis,28,NYJ,S,15,1,2,18,0,18,2,0,0,0,0,0,0.0,35,25,10,5,0,0
378233.0,Austin Johnson,30,BUF,DT,15,1,2,9,0,5,2,0,0,0,0,0,0.5,19,7,12,0,1,0
,Lonnie Johnson Jr.,29,CAR,S,15,1,0,0,0,0,0,0,0,0,0,0,0.0,7,6,1,0,0,0
4036063.0,Patrick Jones II,26,MIN,OLB,15,1,0,0,0,0,0,1,0,0,0,0,7.0,39,19,20,9,12,0
534370.0,Damontae Kazee,31,PIT,S,15,1,1,5,0,5,2,0,0,0,0,0,0.0,31,22,9,0,0,0
504352.0,Kevin King,29,ATL,CB,15,1,0,0,0,0,2,0,0,1,0,0,0.0,10,6,4,0,0,0
4682745.0,Jaylen Wright,21,MIA,RB,15,1,0,0,0,0,0,0,1,0,0,0,0.0,0,0,0,0,0,0
4429262.0,Jaheim Bell,23,NWE,TE,15,0,0,0,0,0,0,0,0,0,0,0,0.0,1,1,0,0,0,0
4240824.0,Joey Blount,26,ARI,S,15,0,0,0,0,0,0,0,0,0,0,0,0.0,5,3,2,0,0,0
175273.0,Chris Brooks,24,GNB,RB,15,0,0,0,0,0,0,0,0,0,0,0,0.0,2,0,2,0,0,0
4249766.0,Jack Cochrane,25,KAN,LB,15,0,0,0,0,0,0,0,0,0,0,0,0.0,5,3,2,0,0,0
4575665.0,Jacob Cowing,23,SFO,WR,15,0,0,0,0,0,0,0,2,0,0,0,0.0,0,0,0,0,0,0
3914151.0,Josiah Deguara,27,JAX,TE,15,0,0,0,0,0,0,0,0,0,0,0,0.0,5,3,2,0,0,0
4243321.0,Ali Gaye,26,TEN,OLB,15,0,0,0,0,0,0,0,0,0,0,0,1.0,8,7,1,3,1,0
4039505.0,Reggie Gilliam,27,BUF,FB,15,0,0,0,0,0,0,0,0,0,0,0,0.0,4,1,3,0,0,0
4430118.0,Sanoussi Kane,23,BAL,S,15,0,0,0,0,0,0,0,0,0,0,0,0.0,9,5,4,0,0,0
4572055.0,Mike Morris,23,SEA,DE,15,0,0,0,0,0,0,0,0,0,0,0,0.0,5,3,2,0,0,0
,Christopher Smith,24,LVR,S,15,0,0,0,0,0,0,0,0,0,0,0,0.0,6,2,4,0,0,0
,Xavier Smith,27,LAR,WR,15,0,0,0,0,0,0,0,0,0,0,0,0.0,6,4,2,0,0,0
4240573.0,Ihmir Smith-Marsette,25,NYG,WR,15,0,0,0,0,0,0,0,1,0,0,0,0.0,0,0,0,0,0,0
3116679.0,M.J. Stewart,29,HOU,S,15,0,0,0,0,0,0,0,0,1,0,0,0.0,12,8,4,2,0,0
487957.0,Daniel Thomas,26,JAX,S,15,0,0,0,0,0,0,0,0,1,0,0,0.0,10,5,5,0,0,0
4569987.0,Jaylen Warren,26,PIT,RB,15,0,0,0,0,0,0,0,2,3,0,0,0.0,0,0,0,0,0,0
534596.0,Carlos Watkins,31,DAL,DE,15,0,0,0,0,0,0,0,0,0,0,0,0.0,12,4,8,0,0,0
,Will Anderson,23,HOU,LDE,14,14,0,0,0,0,2,1,0,1,0,0,11.0,37,27,10,16,19,0
4428328.0,Deonte Banks,23,NYG,RCB,14,14,0,0,0,0,12,1,0,0,0,0,0.0,52,39,13,1,0,0
4040605.0,Nick Bosa,27,SFO,LDE,14,14,1,30,0,30,1,1,0,1,0,0,9.0,52,33,19,15,24,0
3728281.0,Blake Cashman,28,MIN,RILB,14,14,0,0,0,0,8,0,0,1,16,0,4.5,112,68,44,8,11,0
,Jadeveon Clowney,31,CAR,ROLB,14,14,0,0,0,0,4,0,0,0,0,0,5.5,46,24,22,9,11,0
238910.0,Kirk Cousins,36,ATL,QB,14,14,0,0,0,0,0,0,13,2,-16,0,0.0,0,0,0,0,0,0
4037626.0,Divine Deablo,26,LVR,LLB,14,14,0,0,0,0,2,0,0,0,0,0,1.0,63,35,28,4,4,0
,Mike Evans,31,TAM,WR,14,14,0,0,0,0,0,0,0,1,0,0,0.0,0,0,0,0,0,0
4242355.0,Jake Ferguson,25,DAL,TE,14,14,0,0,0,0,0,0,4,1,0,0,0.0,0,0,0,0,0,0
4036060.0,Damar Hamlin,26,BUF,SS,14,14,2,19,0,19,5,0,0,1,0,0,0.0,89,62,27,2,0,0
4036134.0,Amani Hooker,26,TEN,FS,14,14,5,68,0,30,9,2,0,0,0,0,0.0,71,47,24,4,2,0
3121416.0,Sam Hubbard,29,CIN,LDE,14,14,1,0,0,0,2,1,0,0,0,0,2.0,41,25,16,3,9,1
4038457.0,Teven Jenkins,26,CHI,LT,14,14,0,0,0,0,0,0,0,2,0,0,0.0,1,1,0,0,0,0
551298.0,Alvin Kamara,29,NOR,RB,14,14,0,0,0,0,0,0,1,0,0,0,0.0,0,0,0,0,0,0
4602699.0,Kamari Lassiter,21,HOU,RCB,14,14,3,9,0,9,10,0,0,0,0,0,0.0,58,42,16,4,0,1
4371961.0,Micah McFadden,24,NYG,RILB,14,14,0,0,0,0,1,1,0,1,0,0,3.0,107,60,47,8,6,0
4361662.0,Alim McNeill,24,DET,RDT,14,14,0,0,0,0,1,1,0,0,0,0,3.5,25,17,8,7,7,0
186421.0,David Montgomery,27,DET,RB,14,14,0,0,0,0,0,0,2,2,0,0,0.0,0,0,0,0,0,0
4382401.0,Riley Moss,24,DEN,RCB,14,14,1,0,0,0,8,1,0,1,0,0,0.0,86,65,21,1,0,0
4241394.0,Kenneth Murray,26,TEN,LILB,14,14,1,6,0,6,2,1,0,0,0,0,3.5,95,57,38,8,5,0
4039303.0,Ed Oliver,27,BUF,LDT,14,14,0,0,0,0,0,3,0,0,0,0,3.0,29,14,15,5,13,0
4243331.0,Cade Otton,25,TAM,TE,14,14,0,0,0,0,0,0,2,2,0,0,0.0,0,0,0,0,0,0
4039007.0,Taylor Rapp,27,BUF,FS,14,14,2,5,0,5,6,1,0,0,0,0,0.0,82,48,34,2,0,0
3139387.0,D.J. Reed,28,NYJ,RCB,14,14,0,0,0,0,11,0,0,0,0,0,1.0,64,52,12,4,1,0
512039.0,Darius Slay,33,PHI,RCB,14,14,0,0,0,0,13,1,0,1,0,0,0.0,49,39,10,3,0,0
548251.0,Shelby Harris,33,CLE,RDT,14,13,0,0,0,0,2,1,0,0,0,0,1.5,37,18,19,5,5,0
4241474.0,Brian Robinson Jr.,25,WAS,RB,14,13,0,0,0,0,0,0,2,0,0,0,0.0,0,0,0,0,0,0
4242335.0,Jonathan Taylor,25,IND,RB,14,13,0,0,0,0,0,0,4,1,0,0,0.0,0,0,0,0,0,0
4426354.0,George Pickens,23,PIT,WR,14,12,0,0,0,0,0,0,1,0,0,0,0.0,0,0,0,0,0,0
4432571.0,Tarheeb Still,22,LAC,RCB,14,12,4,85,1,61,10,0,0,0,0,0,0.5,62,45,17,1,1,0
,Bryce Young,23,CAR,QB,14,12,0,0,0,0,0,0,5,1,0,0,0.0,0,0,0,0,0,0
4242521.0,K.J. Britt,25,TAM,RILB,14,11,0,0,0,0,1,0,0,0,0,0,0.5,72,40,32,2,1,0
3728258.0,Clelin Ferrell,27,WAS,LDE,14,10,0,0,0,0,0,1,0,0,0,0,3.5,26,11,15,4,9,0
4429607.0,Cordale Flott,23,NYG,LCB,14,10,1,26,0,26,7,0,0,0,0,0,0.0,53,36,17,2,0,0
4372459.0,Christian Izien,24,TAM,SS,14,10,1,17,0,17,3,1,0,0,0,0,0.0,75,48,27,4,0,0
,Josh Paschal,25,DET,LDE,14,10,0,0,0,0,0,0,0,1,0,0,2.0,21,15,6,5,8,0
549808.0,Joey Bosa,29,LAC,ROLB,14,9,0,0,0,0,0,2,0,0,0,0,5.0,22,17,5,5,13,0
172901.0,Marcus Jones,26,NWE,CB,14,9,1,35,0,35,10,0,2,2,17,0,0.0,58,48,10,1,0,0
4688813.0,Josh Downs,23,IND,WR,14,8,0,0,0,0,0,0,0,1,0,0,0.0,0,0,0,0,0,0
546837.0,Anthony Walker,29,MIA,LILB,14,8,1,5,0,5,2,0,0,0,0,0,1.0,68,34,34,0,0,0
4048244.0,Alexander Mattison,26,LVR,RB,14,7,0,0,0,0,0,0,1,0,0,0,0.0,0,0,0,0,0,0
4427404.0,Cam Hart,24,LAC,CB,14,6,0,0,0,0,7,1,0,0,0,0,0.5,37,28,9,0,2,0
4431321.0,Andru Phillips,23,NYG,CB,14,6,1,25,0,25,1,2,0,0,0,0,1.0,71,46,25,7,1,0
518724.0,Ronnie Hickman,23,CLE,S,14,5,0,0,0,0,1,0,0,1,0,0,0.0,45,26,19,1,1,0
3120347.0,Adoree' Jackson,29,NYG,CB,14,5,0,0,0,0,5,1,0,1,0,0,0.0,28,18,10,1,0,0
4360502.0,Kaevon Merriweather,25,TAM,S,14,5,0,0,0,0,1,0,0,1,1,0,1.0,17,11,6,0,1,0
4426926.0,Demani Richardson,24,CAR,S,14,5,1,3,0,3,2,0,0,0,0,0,0.0,51,28,23,1,0,0
4430438.0,Edgerrin Cooper,23,GNB,LB,14,4,1,22,0,22,4,1,0,2,4,0,3.5,87,57,30,13,7,0
3892883.0,Neville Gallimore,27,LAR,NT,14,4,0,0,0,0,0,0,0,0,0,0,0.0,19,7,12,0,1,0
4697636.0,Chau Smith-Wade,22,CAR,CB,14,4,1,3,0,3,1,1,0,0,0,0,0.0,39,24,15,1,0,0
4360807.0,Yasir Abdullah,24,JAX,LB,14,3,0,0,0,0,0,0,0,0,0,0,0.0,18,14,4,0,1,0
4427103.0,Storm Duck,24,MIA,CB,14,3,0,0,0,0,4,0,0,0,0,0,0.0,35,24,11,1,0,0
4569603.0,Malik Washington,23,MIA,WR,14,3,0,0,0,0,0,0,1,0,0,0,0.0,0,0,0,0,0,0
4362636.0,Damone Clark,24,DAL,LB,14,2,0,0,0,0,1,0,0,0,0,0,0.5,28,16,12,1,1,0
4240623.0,DJ Johnson,26,CAR,OLB,14,2,0,0,0,0,1,0,0,1,0,0,0.5,44,19,25,3,1,0
4250393.0,Tristin McCollum,25,PHI,S,14,2,0,0,0,0,2,0,0,0,0,0,0.0,33,18,15,0,0,0
,Trevor Nowaske,26,DET,LB,14,2,1,8,0,8,1,0,0,0,0,0,2.0,23,15,8,2,4,0
4360935.0,Terell Smith,25,CHI,DB,14,2,1,23,0,23,4,0,0,0,0,0,0.0,19,14,5,1,0,0
,Jalen Brooks,24,DAL,WR,14,1,0,0,0,0,0,0,0,0,0,0,0.0,4,3,1,0,0,0
4027919.0,Khalil Dorsey,26,DET,CB,14,1,0,0,0,0,2,0,0,0,0,0,0.0,14,8,6,1,0,0
4429560.0,Tommy Eichenberg,23,LVR,LB,14,1,0,0,0,0,0,0,0,0,0,0,0.0,13,8,5,0,0,0
3139602.0,D'Ernest Johnson,28,JAX,RB,14,1,0,0,0,0,0,0,0,1,0,0,0.0,1,0,1,0,0,0
4569604.0,Brandon Joseph,23,DET,S,14,1,0,0,0,0,1,0,0,0,0,0,0.0,13,11,2,0,0,0
3128630.0,Chris Lammons,28,IND,CB,14,1,0,0,0,0,0,1,0,2,3,0,1.0,12,10,2,1,1,0
,Qwan'tez Stiggers,22,NYJ,CB,14,1,0,0,0,0,0,0,0,0,0,0,0.0,8,7,1,0,0,0
3931408.0,Casey Toohill,28,BUF,DE,14,1,0,0,0,0,1,0,0,1,0,0,1.0,20,9,11,2,1,0
,Nathaniel Watson,24,CLE,LB,14,1,0,0,0,0,1,0,0,0,0,0,0.0,14,10,4,0,0,0
536136.0,Jamaal Williams,29,NOR,RB,14,1,0,0,0,0,0,0,0,0,0,0,0.0,1,1,0,0,0,0
,Robert Beal,25,SFO,DL,14,0,0,0,0,0,0,0,0,0,0,0,0.0,17,11,6,0,0,0
4363036.0,Isaiah Bolden,25,NWE,CB,14,0,0,0,0,0,0,0,0,1,0,0,0.0,10,7,3,1,0,0
479837.0,Nick Folk,40,TEN,K,14,0,0,0,0,0,0,0,0,0,0,0,0.0,1,1,0,0,0,0
,Bryce Ford-Wheaton,24,NYG,WR,14,0,0,0,0,0,0,0,0,0,0,0,0.0,5,4,1,0,0,0
4360773.0,Nick Hampton,24,LAR,OLB,14,0,0,0,0,0,1,0,0,0,0,0,0.0,3,2,1,0,0,0
4240900.0,Buddy Johnson,25,DAL,LB,14,0,0,0,0,0,0,0,0,0,0,0,0.0,8,3,5,0,0,0
4426386.0,Roschon Johnson,23,CHI,RB,14,0,0,0,0,0,0,0,0,0,0,0,0.0,1,1,0,0,0,0
549297.0,Younghoe Koo,30,ATL,K,14,0,0,0,0,0,0,0,0,0,0,0,0.0,1,0,1,0,0,0
4875564.0,Bo Richter,24,MIN,OLB,14,0,0,0,0,0,0,0,0,1,0,0,0.0,8,5,3,0,0,0
4428503.0,JL Skinner,23,DEN,S,14,0,0,0,0,0,0,0,0,1,0,0,0.0,9,4,5,0,0,0
4428548.0,Javon Solomon,23,BUF,DE,14,0,0,0,0,0,0,1,0,1,0,0,2.0,13,9,4,3,6,0
4249836.0,Pierre Strong,26,CLE,RB,14,0,0,0,0,0,0,0,0,0,0,0,0.0,3,3,0,0,0,0
4360082.0,Leonard Taylor,25,NYJ,DL,14,0,0,0,0,0,1,0,0,0,0,0,1.5,24,13,11,4,4,0
4360304.0,Xavier Thomas,25,ARI,OLB,14,0,0,0,0,0,1,1,0,0,0,0,2.5,10,6,4,2,4,0
4569016.0,Eric Watts,24,NYJ,DL,14,0,0,0,0,0,0,0,0,0,0,0,0.0,13,7,6,0,0,0
4361791.0,Devonte Wyatt,26,GNB,DL,14,0,0,0,0,0,0,0,0,2,0,0,5.0,23,17,6,9,9,0
,Dareke Young,25,SEA,WR,14,0,0,0,0,0,0,0,0,0,0,0,0.0,7,6,1,0,0,0
3929897.0,Aaron Banks,27,SFO,LG,13,13,0,0,0,0,0,0,0,1,0,0,0.0,0,0,0,0,0,0
4259166.0,Terrel Bernard,25,BUF,MLB,13,13,2,1,0,1,3,0,0,1,0,0,1.0,104,55,49,5,3,0
3916923.0,Carlton Davis,28,DET,LCB,13,13,2,0,0,0,11,1,0,2,49,0,0.0,56,42,14,2,0,0
,Kyle Dugger,28,NWE,FS,13,13,0,0,0,0,4,1,0,0,0,0,1.0,81,55,26,8,1,0
,Will Harris,29,NOR,SS,13,13,1,7,0,7,5,0,0,0,0,0,0.0,74,54,20,3,0,0
4430261.0,Tyler Nubin,23,NYG,FS,13,13,0,0,0,0,1,1,0,1,2,0,0.0,98,57,41,4,0,0
,Foyesade Oluokun,29,JAX,MLB,13,13,1,0,0,0,7,0,0,0,0,0,1.0,108,60,48,6,1,0
4361423.0,Micah Parsons,25,DAL,LLB,13,13,0,0,0,0,1,2,0,0,0,0,12.0,43,30,13,12,23,0
3915419.0,Darnell Savage Jr.,27,JAX,FS,13,13,1,16,0,16,6,0,0,0,0,0,0.0,51,40,11,2,0,0
4379416.0,Quay Walker,24,GNB,LLB,13,13,0,0,0,0,2,0,0,0,0,0,2.5,102,72,30,9,3,0
4039018.0,Luke Wattenberg,27,DEN,C,13,13,0,0,0,0,0,0,1,1,-1,0,0.0,0,0,0,0,0,0
4241993.0,Pete Werner,25,NOR,LLB,13,13,0,0,0,0,1,0,0,0,0,0,0.0,92,54,38,3,0,0
545451.0,De'Vondre Campbell,31,SFO,LLB,13,12,0,0,0,0,2,0,0,0,0,0,0.0,79,44,35,3,1,0
,Michael Danna,27,KAN,RDE,13,12,0,0,0,0,1,2,0,0,0,0,3.5,41,20,21,5,8,0
530289.0,Ronald Darby,30,JAX,LCB,13,12,0,0,0,0,9,0,0,0,0,0,0.0,46,36,10,3,0,0
,Mario Edwards,30,HOU,DT,13,12,0,0,0,0,2,0,0,2,0,0,3.0,31,12,19,3,8,0
4431452.0,Drake Maye,22,NWE,QB,13,12,0,0,0,0,0,0,9,4,-26,0,0.0,0,0,0,0,0,0
4362088.0,DeMarvion Overshown,24,DAL,RLB,13,12,1,23,1,23,4,1,0,1,0,0,5.0,90,56,34,8,5,0
3128715.0,Lorenzo Carter,29,ATL,LOLB,13,11,0,0,0,0,0,1,0,0,0,0,0.0,32,23,9,2,2,0
4567403.0,Mohamoud Diabate,23,CLE,RLB,13,11,0,0,0,0,3,0,0,0,0,0,0.0,70,35,35,5,0,0
3121634.0,Khalen Saunders,28,NOR,LDT,13,10,1,37,0,37,3,0,0,0,0,0,2.0,43,18,25,3,5,0
530397.0,Rayshawn Jenkins,30,SEA,SS,13,9,0,0,0,0,0,0,0,1,102,1,2.0,53,34,19,2,2,0
4385690.0,Dalton Kincaid,25,BUF,TE,13,9,0,0,0,0,0,0,1,0,0,0,0.0,0,0,0,0,0,0
,Nathan Landman,26,ATL,LB,13,9,0,0,0,0,1,3,0,0,0,0,0.0,81,39,42,0,0,0
4361861.0,Tyler Lacy,25,JAX,LDT,13,8,0,0,0,0,0,0,0,0,0,0,0.0,25,10,15,2,1,0
4683815.0,Trevin Wallace,21,CAR,LILB,13,8,0,0,0,0,0,2,0,1,0,0,1.0,64,36,28,2,1,0
4428522.0,Tykee Smith,23,TAM,S,13,6,2,0,0,0,7,3,0,0,0,0,0.0,54,38,16,4,2,0
379601.0,Evan Williams,23,GNB,S,13,6,1,1,0,1,3,1,0,0,0,0,0.0,49,31,18,1,0,0
4429164.0,Nick Herbig,23,PIT,LB,13,5,0,0,0,0,0,4,0,2,0,0,5.5,22,13,9,5,11,0
4240677.0,Jordon Riley,26,NYG,DL,13,5,0,0,0,0,0,0,0,0,0,0,0.0,12,7,5,3,1,0
3122630.0,Ahkello Witherspoon,29,LAR,CB,13,5,1,0,0,0,9,0,0,0,0,0,0.0,31,25,6,0,0,0
4567399.0,Kaiir Elam,23,BUF,CB,13,4,0,0,0,0,2,0,0,1,0,0,0.0,26,17,9,2,0,0
3117920.0,Tre Brown,27,SEA,CB,13,3,0,0,0,0,1,0,0,0,0,0,0.0,26,21,5,0,0,0
4040774.0,Harrison Bryant,26,LVR,TE,13,3,0,0,0,0,0,0,0,0,0,0,0.0,1,1,0,0,0,0
4241263.0,Charlie Kolar,25,BAL,TE,13,3,0,0,0,0,0,0,0,0,0,0,0.0,4,2,2,0,0,0
4567096.0,John Metchie,24,HOU,WR,13,3,0,0,0,0,0,0,1,0,0,0,0.0,1,1,0,0,0,0
4361266.0,Greg Newsome II,24,CLE,CB,13,3,1,-2,0,-2,5,0,0,0,0,0,0.0,27,24,3,0,0,0
4259647.0,Jay Tufele,25,CIN,DT,13,3,0,0,0,0,1,0,0,0,0,0,0.5,15,5,10,1,2,0
,Claudin Cherelus,26,CAR,LB,13,2,0,0,0,0,0,0,0,0,0,0,0.0,28,13,15,0,1,0
4367330.0,Tyrek Funderburk,24,TAM,CB,13,2,0,0,0,0,1,1,0,0,0,0,0.0,14,10,4,0,0,0
4360277.0,Jalen Redmond,25,MIN,DL,13,2,0,0,0,0,2,0,0,0,0,0,1.0,18,10,8,6,1,0
4379411.0,Otis Reese,26,TEN,LB,13,2,1,2,0,2,1,0,0,0,0,0,0.0,17,8,9,1,2,0
3133440.0,Levi Wallace,29,DEN,CB,13,2,0,0,0,0,2,0,0,0,0,0,0.0,28,20,8,0,0,0
4366349.0,Joe Andreessen,24,BUF,LB,13,1,0,0,0,0,0,0,0,0,0,0,0.0,26,12,14,1,1,0
4429275.0,Trey Benson,21,ARI,RB,13,1,0,0,0,0,0,0,1,0,0,0,0.0,0,0,0,0,0,0
4240456.0,Michael Carter II,25,NYJ,CB,13,1,0,0,0,0,1,0,0,1,7,0,0.0,24,20,4,1,0,0
4039050.0,Devin Duvernay,27,JAX,WR,13,1,0,0,0,0,0,0,1,1,0,0,0.0,0,0,0,0,0,0
4569682.0,Audric Estime,21,DEN,RB,13,1,0,0,0,0,0,0,2,0,0,0,0.0,0,0,0,0,0,0
4689334.0,Malik Heath,24,GNB,WR,13,1,0,0,0,0,0,0,0,0,0,0,0.0,1,1,0,0,0,0
4692680.0,McKinnley Jackson,23,CIN,DT,13,1,0,0,0,0,0,1,0,0,0,0,1.0,15,6,9,2,1,0
3914397.0,Scott Miller,27,PIT,WR,13,1,0,0,0,0,0,0,0,0,0,0,0.0,1,1,0,0,0,0
4034959.0,Jeremiah Moon,26,PIT,LB,13,1,0,0,0,0,0,0,0,0,0,0,0.0,9,5,4,0,0,0
514200.0,Raheem Mostert,32,MIA,RB,13,1,0,0,0,0,0,0,2,0,0,0,0.0,0,0,0,0,0,0
4046690.0,Julian Okwara,27,ARI,OLB,13,1,0,0,0,0,1,0,0,0,0,0,1.0,18,10,8,3,2,0
532092.0,Cordarrelle Patterson,33,PIT,RB,13,1,0,0,0,0,0,0,1,0,0,0,0.0,0,0,0,0,0,0
,Asim Richards,24,DAL,OL,13,1,0,0,0,0,0,0,0,0,0,0,0.0,1,1,0,0,0,0
,Patrick Taylor,26,SFO,RB,13,1,0,0,0,0,0,0,0,1,0,0,0.0,3,3,0,0,0,0
4256074.0,Khyiris Tonga,28,ARI,DL,13,1,0,0,0,0,0,0,0,0,0,0,0.0,22,6,16,0,0,0
,James Williams,21,TEN,LB,13,1,0,0,0,0,0,0,0,1,0,0,0.0,26,17,9,0,0,0
4567224.0,Colby Wooden,24,GNB,DL,13,1,0,0,0,0,2,0,0,0,0,0,0.0,20,9,11,2,2,0
3126179.0,Matthew Adams,29,NYG,LB,13,0,0,0,0,0,0,0,0,1,0,0,0.0,4,3,1,0,0,0
4874448.0,Daijahn Anthony,24,CIN,S,13,0,0,0,0,0,1,0,0,0,0,0,0.0,3,2,1,0,0,0
517708.0,DeAndre Carter,31,CHI,WR,13,0,0,0,0,0,0,0,1,0,0,0,0.0,0,0,0,0,0,0
3929636.0,Irvin Charles,27,NYJ,WR,13,0,0,0,0,0,0,0,0,0,0,0,0.0,7,5,2,0,0,0
4243541.0,Kalia Davis,26,SFO,DL,13,0,1,2,0,2,1,0,0,0,0,0,0.0,12,6,6,0,0,0
4362478.0,Emari Demercado,25,ARI,RB,13,0,0,0,0,0,0,0,0,1,0,0,0.0,0,0,0,0,0,0
176916.0,Andrew DePaola,37,MIN,LS,13,0,0,0,0,0,0,0,0,0,0,0,0.0,2,0,2,0,0,0
4045180.0,Blake Gillikin,26,ARI,P,13,0,0,0,0,0,0,0,0,0,0,0,0.0,1,1,0,0,0,0
4374066.0,Dylan Horton,24,HOU,DE,13,0,0,0,0,0,1,0,0,0,0,0,0.0,16,6,10,1,2,0
245254.0,Von Miller,35,BUF,LB,13,0,0,0,0,0,0,0,0,0,0,0,6.0,17,13,4,7,8,0
4428985.0,Myles Murphy,22,CIN,DE,13,0,0,0,0,0,1,0,0,0,0,0,0.0,20,11,9,1,4,0
4036141.0,Nick Niemann,27,LAC,LB,13,0,0,0,0,0,1,0,0,0,0,0,0.0,21,11,10,0,0,0
4426507.0,David Ojabo,24,BAL,OLB,13,0,0,0,0,0,0,0,0,0,0,0,2.0,9,5,4,2,6,0
4248047.0,John Ridgeway,25,NOR,DT,13,0,0,0,0,0,1,0,0,0,0,0,0.0,15,8,7,1,0,0
3116726.0,Kentavius Street,28,ATL,DL,13,0,0,0,0,0,0,0,0,0,0,0,1.0,15,9,6,4,1,0
4360590.0,Juanyeh Thomas,24,DAL,S,13,0,0,0,0,0,1,1,0,0,0,0,0.0,14,10,4,0,0,0
,Brent Urban,33,BAL,DL,13,0,0,0,0,0,2,0,0,0,0,0,0.0,20,9,11,0,0,0
3910229.0,Rock Ya-Sin,28,SFO,CB,13,0,0,0,0,0,2,0,0,0,0,0,0.0,3,3,0,0,0,0
4379397.0,Tyson Campbell,24,JAX,RCB,12,12,0,0,0,0,6,0,0,0,0,0,0.0,59,42,17,2,0,0
547019.0,Chuck Clark,29,NYJ,SS,12,12,0,0,0,0,2,1,0,1,0,0,1.0,69,38,31,1,1,0
3916655.0,Maxx Crosby,27,LVR,RDE,12,12,0,0,0,0,5,0,0,0,0,0,7.5,45,28,17,17,20,0
3873935.0,Jamel Dean,28,TAM,LCB,12,12,1,0,0,0,7,1,0,0,0,0,0.0,59,45,14,0,0,0
501935.0,Jordan Hicks,32,CLE,LB,12,12,0,0,0,0,4,0,0,0,0,0,2.0,78,40,38,4,5,0
545427.0,Josey Jewell,30,CAR,RILB,12,12,1,0,0,0,7,0,0,2,0,0,3.5,97,51,46,7,4,0
3121003.0,Taron Johnson,28,BUF,CB,12,12,2,23,1,23,5,1,0,1,0,1,1.0,65,42,23,1,1,0
4427673.0,Calijah Kancey,23,TAM,LDE,12,12,0,0,0,0,0,1,0,1,0,0,7.5,28,22,6,11,17,0
4035483.0,Dexter Lawrence,27,NYG,LDT,12,12,0,0,0,0,1,1,0,0,0,0,9.0,44,23,21,8,16,0
4361418.0,Will Levis,25,TEN,QB,12,12,0,0,0,0,0,0,10,3,-20,0,0.0,0,0,0,0,0,0
3117253.0,Bobby Okereke,28,NYG,LILB,12,12,0,0,0,0,3,3,0,2,1,0,2.0,93,47,46,6,2,0
4241223.0,Jalen Pitre,25,HOU,S,12,12,1,10,0,10,8,1,0,0,0,0,0.0,65,44,21,6,2,0
4426326.0,Kayvon Thibodeaux,24,NYG,ROLB,12,12,0,0,0,0,2,1,0,0,0,0,5.5,28,14,14,8,17,0
4037361.0,Charvarius Ward,28,SFO,LCB,12,12,0,0,0,0,7,0,0,0,0,0,0.0,54,38,16,1,0,0
3895798.0,Jordan Whitehead,27,TAM,FS,12,12,0,0,0,0,3,0,0,0,0,0,0.0,79,49,30,2,1,0
530870.0,DeForest Buckner,30,IND,DT,12,11,0,0,0,0,1,0,0,0,0,0,6.5,61,24,37,8,14,0
534695.0,Cooper Kupp,31,LAR,WR,12,11,0,0,0,0,0,0,1,1,5,0,0.0,0,0,0,0,0,0
4372780.0,Tommy Tremble,24,CAR,TE,12,11,0,0,0,0,0,0,1,0,0,0,0.0,1,0,1,0,0,0
4239833.0,Darious Williams,31,LAR,LCB,12,11,1,0,0,0,7,0,0,0,0,0,0.0,45,31,14,1,0,0
547051.0,Kendrick Bourne,29,NWE,WR,12,9,0,0,0,0,0,0,0,1,3,0,0.0,0,0,0,0,0,0
4239993.0,Tee Higgins,25,CIN,WR,12,9,0,0,0,0,0,0,1,0,0,0,0.0,0,0,0,0,0,0
,Olusegun Oluwatimi,25,SEA,C,12,8,0,0,0,0,0,0,0,1,0,0,0.0,0,0,0,0,0,0
531455.0,Cooper Rush,31,DAL,QB,12,8,0,0,0,0,0,0,9,5,-10,0,0.0,0,0,0,0,0,0
4242402.0,Elijah Hicks,25,CHI,FS,12,7,0,0,0,0,2,0,0,2,28,0,0.0,40,24,16,0,0,0
4605498.0,Decamerion Richardson,23,LVR,RCB,12,7,0,0,0,0,3,0,0,0,0,0,0.0,46,27,19,1,0,0
530308.0,Jameis Winston,30,CLE,QB,12,7,0,0,0,0,0,0,5,3,0,0,0.0,0,0,0,0,0,0
,Austin Ekeler,29,WAS,RB,12,6,0,0,0,0,0,0,3,0,0,0,0.0,0,0,0,0,0,0
4039375.0,Bryce Huff,26,PHI,DE,12,6,0,0,0,0,0,1,0,0,0,0,2.5,13,5,8,3,4,0
4360569.0,Jordan Mason,25,SFO,RB,12,6,0,0,0,0,0,0,3,3,-2,0,0.0,0,0,0,0,0,0
,Tanor Bortolini,22,IND,G,12,5,0,0,0,0,0,0,0,1,0,0,0.0,0,0,0,0,0,0
499085.0,MyCole Pruitt,32,PIT,TE,12,5,0,0,0,0,0,0,0,0,0,0,0.0,1,1,0,0,0,0
3931424.0,Demetrius Flannigan-Fowles,28,SFO,LB,12,3,1,0,0,0,2,0,0,0,0,0,0.0,17,10,7,1,0,0
4242899.0,D.J. Davidson,25,NYG,DL,12,2,0,0,0,0,0,0,0,2,0,0,2.0,23,12,11,2,2,0
4373634.0,Dallin Holker,24,NOR,TE,12,2,0,0,0,0,0,0,0,0,0,0,0.0,1,0,1,0,0,0
548895.0,George Odum,31,SFO,S,12,2,0,0,0,0,4,0,0,0,0,0,0.0,16,14,2,0,0,0
4612182.0,Evan Anderson,22,SFO,DL,12,1,0,0,0,0,0,1,0,1,0,0,1.0,24,13,11,2,2,0
4361357.0,Javontae Jean-Baptiste,24,WAS,DE,12,1,0,0,0,0,0,0,0,0,0,0,1.0,13,6,7,1,2,0
533317.0,Dean Lowry,30,PIT,DT,12,1,0,0,0,0,1,0,0,0,0,0,1.0,5,1,4,0,1,0
4428557.0,Tyjae Spears,23,TEN,RB,12,1,0,0,0,0,0,0,1,0,0,0,0.0,0,0,0,0,0,0
,DeShawn Williams,32,CAR,DT,12,1,0,0,0,0,0,0,0,0,0,0,0.5,16,8,8,0,4,0
,Shane Zylstra,28,DET,TE,12,1,0,0,0,0,0,0,0,0,0,0,0.0,1,1,0,0,0,0
4036507.0,Joe Bachie,26,CIN,LB,12,0,0,0,0,0,0,0,0,0,0,0,0.0,3,3,0,0,0,0
4428872.0,JD Bertrand,24,ATL,LB,12,0,0,0,0,0,0,0,0,0,0,0,1.0,23,16,7,1,1,0
169933.0,C.J. Brewer,27,TAM,DL,12,0,0,0,0,0,2,0,0,0,0,0,2.0,12,7,5,3,3,0
,Sheldon Day,30,WAS,DT,12,0,0,0,0,0,1,0,0,0,0,0,0.0,24,12,12,2,1,0
4259547.0,Malik Herring,27,KAN,DE,12,0,0,0,0,0,0,0,0,0,0,0,0.0,12,7,5,1,3,0
4427575.0,Jha'Quan Jackson,24,TEN,WR,12,0,0,0,0,0,0,0,5,2,0,0,0.0,0,0,0,0,0,0
134234.0,Patrick Johnson,26,NYG,OLB,12,0,0,0,0,0,0,0,0,0,0,0,0.0,4,1,3,0,1,0
4046716.0,Naquan Jones,26,ARI,DT,12,0,0,0,0,0,2,0,0,0,0,0,3.0,27,11,16,4,4,0
4241468.0,Phidarian Mathis,26,WAS,DT,12,0,0,0,0,0,1,0,0,0,0,0,0.0,17,8,9,2,0,0
4360855.0,Kana'i Mauga,24,LVR,LB,12,0,0,0,0,0,0,0,0,0,0,0,0.0,3,2,1,0,0,0
,Marcelino McCrary-Ball,25,NYJ,LB,12,0,0,0,0,0,0,0,0,0,0,0,0.0,7,3,4,0,0,0
536062.0,Pat O'Connor,31,DET,DL,12,0,0,0,0,0,0,0,0,0,0,0,1.0,18,5,13,2,1,0
4572460.0,Tyler Owens,23,WAS,S,12,0,0,0,0,0,0,1,0,0,0,0,0.0,11,7,4,0,0,0
3913293.0,Rex Sunahara,28,CLE,LS,12,0,0,0,0,0,0,0,0,0,0,0,0.0,2,1,1,0,0,0
,Dondrea Tillman,26,DEN,OLB,12,0,0,0,0,0,0,0,0,0,0,0,5.0,23,13,10,5,7,0
5081362.0,Dee Williams,25,SEA,CB,12,0,0,0,0,0,0,0,3,0,0,0,0.0,3,2,1,0,0,0
4368113.0,Charles Woods,24,LAR,CB,12,0,0,0,0,0,0,0,0,0,0,0,0.0,2,2,0,0,0,0
3919117.0,Azeez Al-Shaair,27,HOU,MLB,11,11,0,0,0,0,4,2,0,0,0,0,2.0,70,45,25,7,7,0
,Anthony Bradford,23,SEA,RG,11,11,0,0,0,0,0,0,0,1,0,0,0.0,0,0,0,0,0,0
4040966.0,Trevon Diggs,26,DAL,RCB,11,11,2,1,0,1,11,0,0,0,0,0,0.0,42,35,7,0,0,0
546678.0,Folorunso Fatukasi,29,HOU,LDT,11,11,0,0,0,0,0,0,0,0,0,0,1.0,24,16,8,4,3,0
547021.0,Kendall Fuller,29,MIA,RCB,11,11,0,0,0,0,7,0,0,1,1,0,0.0,50,37,13,1,0,0
4039413.0,Alohi Gilman,27,LAC,FS,11,11,1,18,0,18,4,0,0,0,0,0,1.0,50,34,16,1,0,0
4037333.0,Alex Highsmith,27,PIT,ROLB,11,11,0,0,0,0,2,1,0,0,0,0,6.0,45,28,17,9,13,0
517587.0,Denzel Perryman,32,LAC,RILB,11,11,0,0,0,0,0,0,0,0,0,0,1.0,55,39,16,2,3,0
4429084.0,Anthony Richardson,22,IND,QB,11,11,0,0,0,0,0,0,9,6,-14,0,0.0,0,0,0,0,0,0
4241479.0,Tua Tagovailoa,26,MIA,QB,11,11,0,0,0,0,0,0,7,2,-15,0,0.0,0,0,0,0,0,0
3917909.0,Juan Thornhill,29,CLE,FS,11,11,0,0,0,0,3,0,0,0,0,0,0.0,49,31,18,1,1,0
4567048.0,Kenneth Walker III,24,SEA,RB,11,11,0,0,0,0,0,0,1,3,-3,0,0.0,0,0,0,0,0,0
,Logan Wilson,28,CIN,LLB,11,11,0,0,0,0,1,2,0,2,10,0,0.0,104,55,49,2,4,0
238093.0,Russell Wilson,36,PIT,QB,11,11,0,0,0,0,0,0,5,2,-6,0,0.0,0,0,0,0,0,0
,Ivan Pace,24,MIN,LILB,11,10,1,6,0,6,1,0,0,1,36,1,3.0,72,36,36,7,7,0
,Marcus Williams,28,BAL,FS,11,9,0,0,0,0,2,0,0,1,0,0,0.0,33,26,7,1,0,0
4240542.0,Nate Hobbs,25,LVR,CB,11,7,1,35,0,35,5,0,0,0,0,0,0.0,49,33,16,2,1,0
550049.0,Gus Edwards,29,LAC,RB,11,6,0,0,0,0,0,0,0,1,0,0,0.0,0,0,0,0,0,0
4369863.0,Cedric Tillman,24,CLE,WR,11,6,0,0,0,0,0,0,1,0,0,0,0.0,0,0,0,0,0,0
,Ugo Amadi,27,NOR,S,11,5,0,0,0,0,7,0,0,0,0,0,2.0,65,52,13,6,2,0
4379409.0,Azeez Ojulari,24,NYG,OLB,11,5,0,0,0,0,0,0,0,1,0,0,6.0,28,12,16,7,10,0
4431567.0,Maason Smith,22,JAX,DT,11,5,0,0,0,0,3,0,0,0,0,0,3.0,17,10,7,3,4,0
546087.0,Dawuane Smoot,29,BUF,DE,11,4,0,0,0,0,1,2,0,0,0,0,1.5,16,12,4,5,4,0
4239997.0,Baylon Spector,26,BUF,LB,11,4,0,0,0,0,0,0,0,1,0,0,1.5,40,22,18,2,1,0
3138834.0,Sione Takitaki,29,NWE,LB,11,4,0,0,0,0,0,0,0,0,0,0,0.0,21,7,14,0,0,0
4426883.0,DeWayne Carter,24,BUF,DT,11,3,0,0,0,0,1,0,0,0,0,0,0.0,14,11,3,5,3,0
3125116.0,D'Onta Foreman,28,CLE,RB,11,3,0,0,0,0,0,0,2,1,0,0,0.0,0,0,0,0,0,0
4369466.0,Ryan Miller,24,TAM,WR,11,3,0,0,0,0,0,0,0,0,0,0,0.0,6,4,2,0,0,0
4045163.0,Miles Sanders,27,CAR,RB,11,2,0,0,0,0,0,0,1,0,0,0,0.0,0,0,0,0,0,0
4426698.0,Tatum Bethune,23,SFO,LB,11,1,0,0,0,0,0,0,0,2,0,0,0.0,7,1,6,0,0,0
4431212.0,Junior Colson,22,LAC,LB,11,1,0,0,0,0,1,0,0,0,0,0,0.0,29,15,14,0,1,0
5083754.0,Ryan Flournoy,25,DAL,WR,11,1,0,0,0,0,0,0,1,0,0,0,0.0,2,2,0,0,0,0
191442.0,Brandon Graham,36,PHI,DE,11,1,0,0,0,0,2,1,0,0,0,0,3.5,20,15,5,6,7,0
4033855.0,Sam Kamara,27,CLE,DE,11,1,0,0,0,0,0,0,0,0,0,0,0.0,15,10,5,1,0,0
4429996.0,Marshawn Kneeland,23,DAL,DE,11,1,0,0,0,0,1,0,0,1,0,0,0.0,14,9,5,2,3,0
,Michael Pierce,32,BAL,NT,11,1,1,6,0,6,2,0,0,0,0,0,2.0,19,6,13,1,4,0
4243160.0,Laviska Shenault Jr.,26,SEA,WR,11,1,0,0,0,0,0,0,2,0,0,0,0.0,5,5,0,0,0,0
4372070.0,Ben VanSumeren,24,PHI,LB,11,1,0,0,0,0,0,0,0,0,0,0,0.0,3,3,0,0,0,0
550017.0,Montravius Adams,29,PIT,DT,11,0,0,0,0,0,0,0,0,0,0,0,1.0,14,9,5,2,1,0
4429291.0,Beau Brade,22,BAL,S,11,0,0,0,0,0,0,0,0,0,0,0,0.0,3,1,2,0,0,0
4360386.0,Sydney Brown,24,PHI,S,11,0,1,21,0,21,2,1,0,0,0,0,0.0,7,6,1,0,0,0
4039010.0,Myles Bryant,26,HOU,CB,11,0,0,0,0,0,0,0,0,0,0,0,0.0,14,11,3,0,0,0
4361727.0,Evan Deckers,25,TAM,LS,11,0,0,0,0,0,0,0,0,0,0,0,0.0,1,1,0,0,0,0
4240464.0,Victor Dimukeje,25,ARI,OLB,11,0,0,0,0,0,0,1,0,0,0,0,0.0,15,9,6,2,6,0
4037520.0,Tomon Fox,26,NYG,OLB,11,0,0,0,0,0,0,0,0,0,0,0,1.0,14,7,7,2,3,0
4259594.0,Yetur Gross-Matos,26,SFO,DL,11,0,0,0,0,0,0,0,0,0,0,0,4.0,19,14,5,6,7,0
,Antonio Hamilton,31,ATL,CB,11,0,0,0,0,0,0,0,0,0,0,0,0.0,7,5,2,0,0,0
,Tanner Hudson,30,CIN,TE,11,0,0,0,0,0,0,0,1,1,0,0,0.0,4,4,0,0,0,0
4362502.0,DJ Ivey,24,CIN,CB,11,0,0,0,0,0,2,0,1,0,0,0,0.0,4,4,0,0,0,0
,Eric Johnson,26,NWE,DT,11,0,0,0,0,0,0,0,0,0,0,0,0.0,17,2,15,0,0,0
3138764.0,Jacob Martin,29,CHI,DL,11,0,0,0,0,0,1,0,0,0,0,0,3.0,15,9,6,3,6,0
534341.0,Tyler Matakevich,32,PIT,LB,11,0,0,0,0,0,0,0,0,0,0,0,0.0,4,4,0,0,0,0
482164.0,Brandon McManus,33,GNB,K,11,0,0,0,0,0,0,0,0,0,0,0,0.0,2,2,0,0,0,0
4243004.0,Jordan Mims,25,NOR,RB,11,0,0,0,0,0,0,0,0,0,0,0,0.0,2,0,2,0,0,0
4039278.0,Tarvarius Moore,28,CHI,S,11,0,0,0,0,0,0,0,0,0,0,0,0.0,7,7,0,0,0,0
,Nicholas Morrow,29,BUF,LB,11,0,0,0,0,0,0,0,0,0,0,0,0.0,3,0,3,0,0,0
4360238.0,Dameon Pierce,24,HOU,RB,11,0,0,0,0,0,0,0,1,1,0,0,0.0,0,0,0,0,0,0
4032200.0,Robert Rochell,26,GNB,CB,11,0,0,0,0,0,0,0,0,1,0,0,0.0,2,2,0,0,0,0
4243176.0,Brady Russell,26,SEA,TE,11,0,0,0,0,0,0,0,0,0,0,0,0.0,10,6,4,0,0,0
,Tyler Scott,23,CHI,WR,11,0,0,0,0,0,0,0,0,0,0,0,0.0,1,1,0,0,0,0
4243332.0,Keith Taylor,26,KAN,CB,11,0,0,0,0,0,0,0,0,0,0,0,0.0,5,3,2,0,0,0
4379414.0,Channing Tindall,24,MIA,LB,11,0,0,0,0,0,0,0,0,0,0,0,0.0,5,4,1,0,0,0
,Sam Webb,26,LVR,CB,11,0,0,0,0,0,0,0,0,0,0,0,0.0,1,0,1,0,0,0
,Mekhi Wingo,21,DET,DL,11,0,0,0,0,0,0,0,0,0,0,0,0.0,9,1,8,0,1,0
546305.0,Alex Anzalone,30,DET,LLB,10,10,0,0,0,0,5,0,0,0,0,0,1.0,63,43,20,7,5,0
,Steve Avila,25,LAR,LG,10,10,0,0,0,0,0,0,0,1,0,0,0.0,0,0,0,0,0,0
504340.0,Ben Brown,26,NWE,C,10,10,0,0,0,0,0,0,2,0,0,0,0.0,0,0,0,0,0,0
484080.0,Derek Carr,33,NOR,QB,10,10,0,0,0,0,0,0,3,3,-5,0,0.0,0,0,0,0,0,0
3121023.0,Dallas Goedert,29,PHI,TE,10,10,0,0,0,0,0,0,2,0,0,0,0.0,0,0,0,0,0,0
3917792.0,Daniel Jones,27,NYG,QB,10,10,0,0,0,0,0,0,4,1,0,0,0.0,0,0,0,0,0,0
4360310.0,Trevor Lawrence,25,JAX,QB,10,10,0,0,0,0,0,0,3,1,0,0,0.0,0,0,0,0,0,0
502568.0,Jimmie Ward,33,HOU,S,10,10,2,67,1,65,4,0,0,0,0,0,0.0,48,32,16,5,0,0
4243537.0,Gabriel Davis,25,JAX,WR,10,9,0,0,0,0,0,0,1,0,0,0,0.0,0,0,0,0,0,0
4248899.0,Marte Mapu,25,NWE,SS,10,9,1,6,0,6,6,3,0,0,0,0,0.5,46,23,23,0,1,0
,Gardner Minshew II,28,LVR,QB,10,9,0,0,0,0,0,0,6,1,-13,0,0.0,0,0,0,0,0,0
4686911.0,Jakorian Bennett,24,LVR,CB,10,7,0,0,0,0,8,0,0,0,0,0,0.0,26,15,11,0,0,0
4241464.0,Mac Jones,26,JAX,QB,10,7,0,0,0,0,0,0,2,1,-1,0,0.0,0,0,0,0,0,0
4601021.0,Jaylon Carlies,23,IND,LB,10,6,0,0,0,0,1,0,0,0,0,0,1.0,36,24,12,2,1,0
232454.0,Justin Fields,25,PIT,QB,10,6,0,0,0,0,0,0,6,3,-22,0,0.0,0,0,0,0,0,0
4372020.0,Josh Jobe,26,SEA,CB,10,6,1,33,0,33,7,0,0,0,0,0,0.0,37,29,8,0,0,0
4241411.0,Malcolm Rodriguez,25,DET,RLB,10,6,0,0,0,0,1,0,0,1,0,0,2.0,43,27,16,2,2,0
4249739.0,Jack Gibbens,26,TEN,LB,10,5,0,0,0,0,0,0,0,0,0,0,0.5,44,22,22,2,1,0
3686690.0,James Smith-Williams,27,ATL,DL,10,5,0,0,0,0,0,0,0,0,0,0,1.0,24,12,12,7,2,0
545630.0,Tyquan Lewis,29,IND,DE,10,4,0,0,0,0,0,1,0,0,0,0,1.5,24,14,10,2,4,0
3116179.0,Nick Scott,29,CAR,S,10,4,0,0,0,0,2,0,0,0,0,0,0.0,30,16,14,0,0,0
531361.0,Denico Autry,34,HOU,DE,10,2,0,0,0,0,3,0,0,0,0,0,3.0,13,8,5,3,6,0
4361419.0,Jesse Luketa,25,ARI,OLB,10,2,0,0,0,0,0,1,0,0,0,0,3.0,21,12,9,4,4,0
536179.0,Haason Reddick,30,NYJ,LB,10,2,0,0,0,0,1,1,0,0,0,0,1.0,14,9,5,2,3,0
3139389.0,D'Angelo Ross,28,HOU,CB,10,2,0,0,0,0,2,0,0,0,0,0,0.0,13,10,3,0,0,0
4239088.0,Darrick Forrest,25,WAS,S,10,1,0,0,0,0,0,0,0,0,0,0,0.0,13,6,7,0,0,0
4240707.0,Damarri Mathis,25,DEN,CB,10,1,0,0,0,0,1,0,0,0,0,0,0.0,3,1,2,0,0,0
4362617.0,Bryce Oliver,24,TEN,WR,10,1,0,0,0,0,0,0,0,0,0,0,0.0,5,4,1,0,0,0
4567222.0,Nehemiah Pritchett,23,SEA,CB,10,1,0,0,0,0,1,0,0,0,0,0,0.0,12,8,4,0,0,0
4035604.0,Janarius Robinson,25,LVR,DE,10,1,0,0,0,0,1,0,0,0,0,0,0.5,5,2,3,0,2,0
4035656.0,Ben Skowronek,27,PIT,WR,10,1,0,0,0,0,0,0,0,2,0,0,0.0,7,4,3,0,0,0
4428241.0,Levelle Bailey,24,DEN,LB,10,0,0,0,0,0,0,0,0,0,0,0,0.0,5,1,4,0,0,0
,Sam Franklin,28,CAR,S,10,0,0,0,0,0,0,0,0,0,0,0,0.0,8,5,3,0,0,0
173647.0,Graham Gano,37,NYG,K,10,0,0,0,0,0,0,0,0,0,0,0,0.0,1,1,0,0,0,0
,Cam Gill,27,CAR,OLB,10,0,0,0,0,0,0,0,0,0,0,0,0.0,22,6,16,0,4,0
4262197.0,Ta'Quon Graham,26,ATL,DL,10,0,0,0,0,0,0,0,0,0,0,0,0.0,12,6,6,0,1,0
3859006.0,Ronnie Harrison,27,IND,S,10,0,0,0,0,0,0,1,0,0,0,0,0.0,2,2,0,0,0,0
4258594.0,Kurt Hinish,25,HOU,DT,10,0,0,0,0,0,0,0,0,0,0,0,0.0,12,5,7,2,0,0
4037457.0,Travis Homer,26,CHI,RB,10,0,0,0,0,0,0,0,0,0,0,0,0.0,6,3,3,0,0,0
4241007.0,D'Marco Jackson,26,NOR,LB,10,0,0,0,0,0,0,0,0,0,0,0,0.0,14,8,6,0,0,0
,Desjuan Johnson,25,LAR,DE,10,0,0,0,0,0,0,0,0,0,0,0,1.0,12,4,8,1,1,0
4574551.0,Isaiah Land,24,IND,DE,10,0,0,0,0,0,0,0,0,0,0,0,0.0,1,1,0,1,1,0
4366963.0,Dylan Laube,25,LVR,RB,10,0,0,0,0,0,0,0,1,0,0,0,0.0,3,1,2,0,0,0
4690171.0,Deane Leonard,25,LAC,DB,10,0,0,0,0,0,3,0,0,0,0,0,0.0,8,6,2,1,0,0
4428283.0,Deantre Prince,24,JAX,CB,10,0,0,0,0,0,1,0,0,0,0,0,0.0,8,6,2,0,0,0
4037468.0,Shaquille Quarterman,27,LAC,LB,10,0,0,0,0,0,0,0,0,1,0,0,0.0,6,5,1,0,0,0
546549.0,Jalen Reeves-Maybin,29,DET,LB,10,0,0,0,0,0,0,1,0,0,0,0,0.0,14,10,4,0,0,0
4430968.0,Kimani Vidal,23,LAC,RB,10,0,0,0,0,0,0,0,1,1,0,0,0.0,0,0,0,0,0,0
4360290.0,Brayden Willis,25,SFO,TE,10,0,0,0,0,0,0,0,0,0,0,0,0.0,3,1,2,0,0,0
4242553.0,Drew Dalman,26,ATL,C,9,9,0,0,0,0,0,0,1,2,-6,0,0.0,0,0,0,0,0,0
550117.0,Evan Engram,30,JAX,TE,9,9,0,0,0,0,0,0,1,0,0,0,0.0,0,0,0,0,0,0
,Jordan Fuller,26,CAR,SS,9,9,0,0,0,0,1,1,0,0,0,0,0.0,54,28,26,0,0,0
3821577.0,Connor Williams,27,SEA,C,9,9,0,0,0,0,0,0,2,0,-39,0,0.0,0,0,0,0,0,0
4034790.0,Antoine Winfield Jr.,26,TAM,SS,9,9,0,0,0,0,3,0,0,1,58,1,2.0,60,34,26,2,4,0
534427.0,Jalen Mills,30,NYJ,S,9,8,1,0,0,0,6,1,0,0,0,0,0.0,44,17,27,1,0,0
4260394.0,Aidan O'Connell,26,LVR,QB,9,7,0,0,0,0,0,0,2,0,-6,0,0.0,0,0,0,0,0,0
546053.0,Daryl Worley,29,TEN,CB,9,7,1,0,0,0,2,1,0,0,0,0,0.0,52,28,24,0,0,0
4242558.0,Tucker Fisk,25,LAC,TE,9,5,0,0,0,0,0,0,0,0,0,0,0.0,1,1,0,0,0,0
4426485.0,Jonathan Mingo,23,CAR,WR,9,5,0,0,0,0,0,0,1,0,0,0,0.0,0,0,0,0,0,0
136528.0,Eddie Jackson,31,BAL,FS,9,4,0,0,0,0,1,0,0,0,0,0,0.0,30,18,12,1,1,0
545548.0,Nick Thurman,29,CAR,DT,9,4,0,0,0,0,0,0,0,0,0,0,0.0,19,6,13,1,0,0
4426599.0,Alex Austin,23,NWE,CB,9,3,0,0,0,0,5,0,0,0,0,0,0.0,9,8,1,1,0,0
3895791.0,Dane Jackson,28,CAR,CB,9,3,0,0,0,0,2,0,0,0,0,0,0.0,23,15,8,1,0,0
4426332.0,Zacch Pickens,24,CHI,DL,9,3,0,0,0,0,0,0,0,0,0,0,1.0,19,8,11,1,2,0
4429097.0,Curtis Jacobs,22,NWE,LB,9,2,0,0,0,0,0,0,0,0,0,0,0.0,4,2,2,0,0,0
4036430.0,Shemar Jean-Charles,26,NOR,DB,9,2,1,0,0,0,2,0,0,0,0,0,0.0,14,6,8,0,0,0
,Al-Quadin Muhammad,29,DET,DL,9,2,0,0,0,0,1,0,0,0,0,0,3.0,11,8,3,4,5,0
546544.0,Cameron Sutton,29,PIT,CB,9,2,0,0,0,0,3,0,0,0,0,0,0.0,15,7,8,0,0,0
4613104.0,Malachi Corley,22,NYJ,WR,9,1,0,0,0,0,0,0,1,0,0,0,0.0,0,0,0,0,0,0
4240859.0,Caleb Farley,26,CAR,CB,9,1,0,0,0,0,0,0,0,0,0,0,0.0,17,11,6,0,0,0
3116096.0,Nick Gates,29,PHI,OL,9,1,0,0,0,0,0,0,1,0,-14,0,0.0,0,0,0,0,0,0
4044144.0,Kenny Yeboah,26,NYJ,TE,9,1,0,0,0,0,0,0,0,0,0,0,0.0,4,1,3,0,0,0
4259300.0,Tre Avery,27,TEN,CB,9,0,0,0,0,0,0,0,0,0,0,0,0.0,3,3,0,0,0,0
4241921.0,Markquese Bell,25,DAL,S,9,0,0,0,0,0,0,0,0,0,0,0,0.0,6,5,1,0,0,0
4689989.0,Natrone Brooks,25,ATL,CB,9,0,0,0,0,0,1,0,0,0,0,0,0.0,5,4,1,0,1,0
4036959.0,Cole Christiansen,27,KAN,LB,9,0,0,0,0,0,0,0,0,0,0,0,0.0,2,2,0,0,0,0
378713.0,Tashaun Gipson,34,SFO,S,9,0,0,0,0,0,1,0,0,0,0,0,0.0,6,5,1,0,0,0
4689674.0,Art Green,24,NYG,CB,9,0,0,0,0,0,0,1,0,0,0,0,0.0,7,5,2,0,0,0
530669.0,Justin Hardee,30,TEN,CB,9,0,0,0,0,0,0,0,0,0,0,0,0.0,3,2,1,0,0,0
550994.0,Demone Harris,29,ATL,DL,9,0,0,0,0,0,1,0,0,0,0,0,0.0,11,4,7,1,1,0
,Anthony Johnson,25,NYG,S,9,0,0,0,0,0,1,0,0,0,0,0,0.0,5,2,3,0,0,0
234909.0,Cedric Johnson,22,CIN,DE,9,0,0,0,0,0,0,0,0,0,0,0,1.0,7,5,2,1,4,0
547729.0,Collin Johnson,27,CHI,WR,9,0,0,0,0,0,0,0,0,0,0,0,0.0,5,3,2,0,0,0
4372085.0,Cameron McGrone,24,IND,LB,9,0,0,0,0,0,0,0,0,0,0,0,0.0,6,4,2,0,0,0
4374037.0,Kitan Oladapo,24,GNB,S,9,0,0,0,0,0,0,0,0,0,0,0,0.0,7,2,5,0,0,0
3916204.0,James Proche,28,CLE,WR,9,0,0,0,0,0,0,0,1,0,0,0,0.0,0,0,0,0,0,0
385244.0,Chris Rodriguez,24,WAS,RB,9,0,0,0,0,0,0,0,0,0,0,0,0.0,1,1,0,0,0,0
4430822.0,Noah Sewell,22,CHI,LB,9,0,0,0,0,0,0,1,0,0,0,0,0.0,4,3,1,0,0,0
4372418.0,Keidron Smith,25,DEN,DB,9,0,0,0,0,0,0,0,0,0,0,0,0.0,7,4,3,0,0,0
,Mitchell Trubisky,30,BUF,QB,9,0,0,0,0,0,0,0,1,1,0,0,0.0,0,0,0,0,0,0
,Zeke Turner,28,DET,LB,9,0,0,0,0,0,0,0,0,0,0,0,0.5,12,7,5,0,3,0
4696882.0,Devontez Walker,23,BAL,WR,9,0,0,0,0,0,0,0,0,0,0,0,0.0,2,2,0,0,0,0
4035463.0,K'Von Wallace,27,SEA,S,9,0,0,0,0,0,0,1,0,0,0,0,0.0,15,9,6,0,0,0
,Jeff Wilson,29,MIA,RB,9,0,0,0,0,0,0,0,0,1,0,0,0.0,0,0,0,0,0,0
4035685.0,Mitch Wishnowsky,32,SFO,P,9,0,0,0,0,0,0,0,0,0,0,0,0.0,1,1,0,0,0,0
4872841.0,Julius Wood,23,TEN,S,9,0,0,0,0,0,0,0,0,0,0,0,0.0,2,1,1,0,0,0
,Andrew Billings,29,CHI,LDT,8,8,0,0,0,0,0,1,0,0,0,0,1.0,13,9,4,2,3,0
3128720.0,Nick Chubb,29,CLE,RB,8,8,0,0,0,0,0,0,1,0,0,0,0.0,0,0,0,0,0,0
,Lloyd Cushenberry III,27,TEN,C,8,8,0,0,0,0,0,0,0,1,0,0,0.0,0,0,0,0,0,0
511265.0,Quandre Diggs,31,TEN,SS,8,8,0,0,0,0,0,0,0,0,0,0,0.0,42,35,7,0,0,0
482594.0,Taysom Hill,34,NOR,TE,8,8,0,0,0,0,0,1,1,0,0,0,0.0,1,1,0,1,0,0
4271632.0,Austin Jackson,25,MIA,RT,8,8,0,0,0,0,0,0,0,1,0,0,0.0,0,0,0,0,0,0
4361370.0,Chris Olave,24,NOR,WR,8,8,0,0,0,0,0,0,1,0,0,0,0.0,0,0,0,0,0,0
4258599.0,Jeremiah Owusu-Koramoah,25,CLE,MLB,8,8,1,0,0,0,3,1,0,0,0,0,3.0,61,39,22,10,4,0
512030.0,Dak Prescott,31,DAL,QB,8,8,0,0,0,0,0,0,4,2,0,0,0.0,0,0,0,0,0,0
549962.0,Marquez Valdes-Scantling,30,NOR,WR,8,8,0,0,0,0,0,0,0,1,1,0,0.0,0,0,0,0,0,0
4038849.0,D.J. Wonnum,27,CAR,LOLB,8,8,0,0,0,0,1,1,0,0,0,0,4.0,37,18,19,4,6,0
,Jonathan Allen,29,WAS,DT,8,7,0,0,0,0,0,0,0,0,0,0,3.0,19,16,3,3,7,0
550668.0,Chidobe Awuzie,29,TEN,CB,8,7,1,8,0,8,4,1,0,0,0,0,0.0,26,17,9,0,0,0
146278.0,Joe Flacco,39,IND,QB,8,6,0,0,0,0,0,0,4,0,0,0,0.0,0,0,0,0,0,0
4035676.0,Zack Moss,27,CIN,RB,8,6,0,0,0,0,0,0,2,1,0,0,0.0,0,0,0,0,0,0
512191.0,Jacoby Brissett,32,NWE,QB,8,5,0,0,0,0,0,0,4,2,0,0,0.0,0,0,0,0,0,0
3924327.0,Drew Lock,28,NYG,QB,8,5,0,0,0,0,0,0,5,2,-1,0,0.0,0,0,0,0,0,0
3116407.0,Mason Rudolph,29,TEN,QB,8,5,0,0,0,0,0,0,5,2,-6,0,0.0,0,0,0,0,0,0
4361777.0,Zamir White,25,LVR,RB,8,5,0,0,0,0,0,0,2,0,0,0,0.0,0,0,0,0,0,0
501557.0,Tony Jefferson,32,LAC,S,8,4,0,0,0,0,0,0,0,0,0,0,0.0,27,17,10,1,0,0
,Michael Hall,21,CLE,DT,8,3,0,0,0,0,0,0,0,0,0,0,1.0,14,8,6,3,6,0
4372758.0,Kevin Austin,24,NOR,WR,8,2,0,0,0,0,0,0,1,0,0,0,0.0,0,0,0,0,0,0
4360739.0,Simi Fehoko,27,LAC,WR,8,2,0,0,0,0,0,0,0,0,0,0,0.0,2,1,1,0,0,0
,Maurice Hurst Jr.,29,CLE,DT,8,2,0,0,0,0,0,0,0,0,0,0,0.5,16,9,7,4,1,0
4241802.0,Jalen Reagor,25,LAC,WR,8,2,0,0,0,0,0,0,1,0,0,0,0.0,0,0,0,0,0,0
547337.0,Geoff Swaim,31,CLE,TE,8,2,0,0,0,0,0,0,0,0,0,0,0.0,1,1,0,0,0,0
4428909.0,Jacoby Windmon,23,CAR,LB,8,2,0,0,0,0,2,0,0,0,0,0,1.5,22,13,9,1,2,0
3918331.0,Andrew Wingard,28,JAX,S,8,2,0,0,0,0,4,0,0,0,0,0,0.0,15,8,7,0,0,0
4047422.0,Tanner Conner,26,MIA,TE,8,1,0,0,0,0,0,0,0,0,0,0,0.0,3,3,0,0,0,0
3929641.0,Kevin Givens,27,SFO,DL,8,1,0,0,0,0,0,0,0,0,0,0,3.5,11,6,5,2,6,0
4568617.0,Jordan Magee,23,WAS,LB,8,1,0,0,0,0,0,0,0,0,0,0,0.0,9,7,2,0,0,0
4365303.0,Myles Cole,24,JAX,DE,8,0,0,0,0,0,0,0,0,0,0,0,0.0,8,4,4,1,0,0
550624.0,River Cracraft,30,MIA,WR,8,0,0,0,0,0,0,0,0,0,0,0,0.0,1,1,0,0,0,0
4360538.0,Trevor Denbow,26,IND,S,8,0,0,0,0,0,0,0,0,0,0,0,0.0,1,1,0,0,0,0
4242442.0,Princeton Fant,25,DAL,TE,8,0,0,0,0,0,0,0,0,0,0,0,0.0,1,0,1,0,0,0
4566088.0,Jaylan Ford,23,NOR,LB,8,0,0,0,0,0,0,0,0,0,0,0,0.0,4,2,2,0,0,0
4240128.0,Trenton Gill,25,TAM,P,8,0,0,0,0,0,0,0,0,0,0,0,0.0,1,0,1,0,0,0
4570410.0,Jalen Graham,23,SFO,LB,8,0,0,0,0,0,0,0,0,0,0,0,0.0,8,4,4,1,0,0
4427479.0,Jamal Hill,23,HOU,LB,8,0,0,0,0,0,0,0,0,0,0,0,0.0,4,2,2,0,0,0
,James Houston,26,DET,LB,8,0,0,0,0,0,0,0,0,0,0,0,1.0,8,5,3,1,2,0
4714157.0,Thomas Incoom,25,CAR,OLB,8,0,0,0,0,0,0,0,0,0,0,0,0.0,8,8,0,1,1,0
,Jordan Jefferson,23,JAX,DT,8,0,0,0,0,0,1,0,0,0,0,0,1.0,12,5,7,1,1,0
161113.0,Charlie Jones,26,CIN,WR,8,0,0,0,0,0,0,0,2,0,0,0,0.0,0,0,0,0,0,0
4426399.0,Ramel Keyton,24,LVR,WR,8,0,0,0,0,0,0,0,0,0,0,0,0.0,1,1,0,0,0,0
4430271.0,Ruke Orhorhoro,23,ATL,DT,8,0,0,0,0,0,0,0,0,0,0,0,0.0,11,4,7,1,1,0
4259651.0,Brandon Pili,25,MIA,DT,8,0,0,0,0,0,0,0,0,0,0,0,0.0,2,1,1,0,0,0
,Ennis Rakestraw,22,DET,CB,8,0,0,0,0,0,0,0,0,0,0,0,0.0,6,4,2,0,0,0
4242526.0,John Samuel Shenker,26,LVR,TE,8,0,0,0,0,0,0,0,0,0,0,0,0.0,2,2,0,0,0,0
4361366.0,Tommy Togiai,25,HOU,DT,8,0,0,0,0,0,2,0,0,0,0,0,1.5,28,11,17,2,2,0
4689333.0,Tyrus Wheat,25,DAL,DE,8,0,0,0,0,0,0,0,0,0,0,0,0.5,14,6,8,1,1,0
4242547.0,Paulson Adebo,25,NOR,CB,7,7,3,68,0,47,10,0,0,0,0,0,0.0,52,43,9,1,1,0
3895429.0,Jaire Alexander,27,GNB,CB,7,7,2,52,1,35,7,0,0,1,0,0,0.0,16,15,1,0,0,0
,DaRon Bland,25,DAL,CB,7,7,0,0,0,0,5,1,0,1,0,0,0.0,41,29,12,0,0,0
3116165.0,Chris Godwin,28,TAM,WR,7,7,0,0,0,0,0,0,1,0,0,0,0.0,0,0,0,0,0,0
4360853.0,Talanoa Hufanga,25,SFO,S,7,7,0,0,0,0,0,0,0,0,0,0,0.0,38,20,18,2,0,0
530381.0,Sheldon Rankins,30,CIN,DT,7,7,0,0,0,0,0,0,0,0,0,0,1.0,18,10,8,1,1,0
3122840.0,Deshaun Watson,29,CLE,QB,7,7,0,0,0,0,0,0,5,1,-8,0,0.0,0,0,0,0,0,0
4426339.0,Spencer Rattler,24,NOR,QB,7,6,0,0,0,0,0,0,5,1,-5,0,0.0,0,0,0,0,0,0
4247807.0,Troy Andersen,25,ATL,LB,7,4,1,47,1,47,1,0,0,0,0,0,0.0,47,28,19,1,1,0
3116175.0,Amani Oruwariye,28,DAL,CB,7,4,1,0,0,0,3,0,1,0,0,0,0.0,29,23,6,1,0,0
,Dennis Gardeck,30,ARI,OLB,7,3,1,10,0,10,2,1,0,0,0,0,3.0,22,17,5,6,4,0
511843.0,C.J. Uzomah,31,PHI,TE,7,3,0,0,0,0,0,0,0,0,0,0,0.0,1,0,1,0,0,0
4372017.0,Jalyn Armour-Davis,25,BAL,CB,7,2,0,0,0,0,1,0,0,0,0,0,0.0,8,6,2,0,0,0
,Andrew Booth,24,DAL,CB,7,2,0,0,0,0,1,0,0,0,0,0,0.0,15,10,5,0,0,0
,Jack Stoll,26,PHI,TE,7,2,0,0,0,0,0,0,0,0,0,0,0.0,2,2,0,0,0,0
4367178.0,Dorian Thompson-Robinson,25,CLE,QB,7,2,0,0,0,0,0,0,3,1,0,0,0.0,0,0,0,0,0,0
,Malik Willis,25,GNB,QB,7,2,0,0,0,0,0,0,1,0,0,0,0.0,0,0,0,0,0,0
4242457.0,Matthew Butler,25,LVR,DT,7,1,0,0,0,0,0,0,0,0,0,0,0.0,9,4,5,0,0,0
4258248.0,Peyton Hendershot,25,KAN,TE,7,1,0,0,0,0,0,0,0,0,0,0,0.0,2,1,1,0,0,0
4373471.0,Brennan Jackson,24,LAR,OLB,7,1,0,0,0,0,1,0,0,0,0,0,0.0,3,2,1,0,0,0
4241611.0,Nephi Sewell,26,NOR,LB,7,1,0,0,0,0,0,0,0,0,0,0,1.0,11,7,4,2,1,0
4035434.0,Devin White,26,HOU,LB,7,1,0,0,0,0,0,0,0,0,0,0,0.0,19,15,4,0,0,0
,Jarrick Bernard-Converse,24,NYJ,CB,7,0,0,0,0,0,0,0,0,0,0,0,0.0,5,2,3,0,0,0
4361776.0,Brenton Cox,24,GNB,DL,7,0,0,0,0,0,0,1,0,0,0,0,4.0,12,8,4,5,7,0
549972.0,Zach Cunningham,30,DEN,LB,7,0,0,0,0,0,0,0,0,0,0,0,0.0,4,2,2,0,0,0
,Neil Farrell,26,MIA,DT,7,0,0,0,0,0,0,0,0,0,0,0,0.0,2,1,1,0,1,0
4429834.0,Cedric Gray,22,TEN,LB,7,0,0,0,0,0,0,0,0,0,0,0,0.0,22,13,9,0,0,0
,Antonio Grier,24,TAM,LB,7,0,0,0,0,0,0,0,0,0,0,0,0.0,1,1,0,0,0,0
,Jonathan Harris,28,CAR,DE,7,0,0,0,0,0,0,0,0,1,0,0,0.0,10,4,6,1,1,0
183258.0,Jerry Hughes,36,HOU,DE,7,0,0,0,0,0,0,0,0,0,0,0,0.0,5,3,2,0,0,0
,Vi Jones,26,TAM,LB,7,0,0,0,0,0,0,2,0,0,0,0,0.0,9,5,4,0,0,0
4429005.0,Braiden McGregor,23,NYJ,DE,7,0,0,0,0,0,0,0,0,0,0,0,0.0,6,3,3,0,0,0
3152371.0,Takkarist McKinley,29,NYJ,DL,7,0,0,0,0,0,0,0,0,0,0,0,0.5,9,4,5,1,2,0
530979.0,Fabian Moreau,30,MIN,CB,7,0,0,0,0,0,1,0,0,0,0,0,0.0,7,6,1,0,0,0
4429011.0,Eli Ricks,23,PHI,CB,7,0,0,0,0,0,0,0,0,0,0,0,0.0,2,1,1,0,0,0
,Nesta Jade Silvera,24,LVR,DT,7,0,0,0,0,0,0,0,0,0,0,0,0.0,8,2,6,0,0,0
,Steven Sims,27,HOU,WR,7,0,0,0,0,0,0,0,2,0,0,0,0.0,0,0,0,0,0,0
,Taki Taimani,25,MIN,DL,7,0,0,0,0,0,0,0,0,0,0,0,0.0,3,1,2,0,0,0
4575483.0,T.J. Tampa,22,BAL,CB,7,0,0,0,0,0,0,0,0,0,0,0,0.0,4,1,3,0,0,0
4036448.0,Jalen Virgil,26,BUF,WR,7,0,0,0,0,0,0,0,0,1,0,0,0.0,2,2,0,0,0,0
3115962.0,Jabrill Peppers,29,NWE,S,6,6,1,0,0,0,2,1,0,0,0,0,0.0,40,20,20,2,0,0
3116177.0,Troy Reeder,30,LAR,LB,6,6,0,0,0,0,1,0,0,0,0,0,0.0,46,26,20,1,0,0
479692.0,Andrew Thomas,25,NYG,LT,6,6,0,0,0,0,0,0,0,1,0,0,0.0,0,0,0,0,0,0
,Jaylen Watson,26,KAN,RCB,6,6,0,12,0,12,6,0,0,0,0,0,0.0,32,21,11,0,0,0
4431006.0,Caelen Carson,22,DAL,CB,6,5,0,0,0,0,4,0,0,0,0,0,0.0,27,24,3,0,0,0
183253.0,Andy Dalton,37,CAR,QB,6,5,0,0,0,0,0,0,2,2,0,0,0.0,0,0,0,0,0,0
3117922.0,Bilal Nichols,28,ARI,DL,6,5,0,0,0,0,0,0,0,0,0,0,0.0,10,6,4,1,1,0
4032473.0,Rashid Shaheed,26,NOR,WR,6,5,0,0,0,0,0,0,1,0,0,0,0.0,0,0,0,0,0,0
501689.0,DeAndre Hopkins,32,TEN,WR,6,3,0,0,0,0,0,0,1,0,0,0,0.0,0,0,0,0,0,0
504595.0,Troy Hill,33,CAR,CB,6,2,0,0,0,0,1,0,0,0,0,0,0.0,32,20,12,1,0,0
3120358.0,Uchenna Nwosu,28,SEA,LB,6,2,0,0,0,0,1,0,0,0,0,0,1.0,14,8,6,1,5,0
3919510.0,Alex Bachman,28,LVR,WR,6,1,0,0,0,0,0,0,0,0,0,0,0.0,3,3,0,0,0,0
517452.0,Jamison Crowder,31,WAS,WR,6,1,0,0,0,0,0,0,2,1,0,0,0.0,0,0,0,0,0,0
3929865.0,Charles Omenihu,27,KAN,DE,6,1,0,0,0,0,0,1,0,0,0,0,1.0,6,4,2,0,1,0
4239086.0,Desmond Ridder,25,LVR,QB,6,1,0,0,0,0,0,0,3,1,-3,0,0.0,0,0,0,0,0,0
4244300.0,Dominique Robinson,26,CHI,DL,6,1,0,0,0,0,0,0,0,0,0,0,0.0,7,4,3,0,1,0
4429034.0,Jaquelin Roy,24,NWE,DT,6,1,0,0,0,0,0,0,0,0,0,0,2.0,17,12,5,3,2,0
4372492.0,Cory Trice,24,PIT,CB,6,1,1,0,0,0,2,0,0,0,0,0,0.0,21,15,6,1,0,0
3915373.0,Micah Abernathy,27,ATL,S,6,0,0,0,0,0,0,0,0,0,0,0,0.0,3,0,3,0,0,0
4690013.0,Rasheen Ali,23,BAL,RB,6,0,0,0,0,0,0,0,0,0,0,0,0.0,1,0,1,0,0,0
4034835.0,Dicaprio Bootle,27,LAC,CB,6,0,0,0,0,0,0,0,0,0,0,0,0.0,3,2,1,0,0,0
4384595.0,Khristian Boyd,24,NOR,DT,6,0,0,0,0,0,0,0,0,0,0,0,0.0,3,2,1,0,0,0
4426676.0,Jowon Briggs,23,CLE,DT,6,0,0,0,0,0,0,0,0,1,0,0,0.0,13,3,10,1,2,0
3915821.0,Tony Brown,29,CLE,DB,6,0,0,0,0,0,0,1,0,0,0,0,0.0,5,2,3,0,0,0
3929637.0,Dan Chisena,27,CAR,WR,6,0,0,0,0,0,0,0,0,0,0,0,0.0,2,0,2,0,0,0
4243831.0,Kemon Hall,27,DAL,CB,6,0,0,0,0,0,0,0,0,0,0,0,0.0,7,6,1,0,0,0
549792.0,Bruce Hector,30,NYJ,DL,6,0,0,0,0,0,0,0,0,0,0,0,1.0,10,4,6,3,1,0
4360413.0,Shaka Heyward,24,CIN,LB,6,0,0,0,0,0,0,1,0,0,0,0,0.0,6,5,1,1,0,0
4430158.0,Patrick McMorris,23,MIA,S,6,0,0,0,0,0,0,0,0,0,0,0,0.0,1,1,0,0,0,0
,Efe Obada,32,WAS,DE,6,0,0,0,0,0,0,0,0,0,0,0,0.0,4,2,2,0,0,0
,Jeff Okudah,25,HOU,CB,6,0,0,0,0,0,1,0,0,0,0,0,0.0,9,8,1,0,0,0
501695.0,Darius Robinson,23,ARI,DL,6,0,0,0,0,0,0,0,0,0,0,0,1.0,10,4,6,1,1,0
4430411.0,Jammie Robinson,23,CAR,S,6,0,0,0,0,0,0,0,0,0,0,0,0.0,3,2,1,0,0,0
3925358.0,Kendall Sheffield,28,NYJ,CB,6,0,0,0,0,0,0,0,0,0,0,0,0.0,9,5,4,0,0,0
,Cam Smith,24,MIA,CB,6,0,0,0,0,0,0,0,0,0,0,0,0.0,16,13,3,0,0,0
4360175.0,Clayton Tune,25,ARI,QB,6,0,0,0,0,0,0,0,1,0,0,0,0.0,0,0,0,0,0,0
3123998.0,Rodney Williams,26,PIT,TE,6,0,0,0,0,0,0,0,0,0,0,0,0.0,1,1,0,0,0,0
4361088.0,Colson Yankoff,24,WAS,TE,6,0,0,0,0,0,0,0,0,0,0,0,0.0,4,2,2,0,0,0
4570044.0,Jaquan Brisker,25,CHI,DB,5,5,1,0,0,0,2,1,0,0,0,0,1.0,40,23,17,3,1,0
4426422.0,Daxton Hill,24,CIN,CB,5,5,0,0,0,0,2,0,0,0,0,0,1.0,25,20,5,1,1,0
4035671.0,Tyler Huntley,26,MIA,QB,5,5,0,0,0,0,0,0,6,3,-16,0,0.0,0,0,0,0,0,0
4372099.0,Aidan Hutchinson,24,DET,DL,5,5,0,0,0,0,0,1,0,0,0,0,7.5,19,12,7,7,17,0
4040432.0,L'Jarius Sneed,27,TEN,CB,5,5,0,0,0,0,0,0,0,0,0,0,0.0,23,19,4,2,0,0
3728266.0,Christian Wilkins,29,LVR,DT,5,5,0,0,0,0,0,0,0,0,0,0,2.0,17,11,6,2,6,0
3929814.0,Josh Butler,28,DAL,CB,5,3,0,0,0,0,5,0,0,0,0,0,1.0,21,17,4,0,0,0
4039170.0,Elijah Garcia,26,NYG,DL,5,3,0,0,0,0,0,0,0,1,0,0,0.0,14,5,9,2,1,0
,Michael Penix,24,ATL,QB,5,3,0,0,0,0,0,0,2,1,0,0,0.0,0,0,0,0,0,0
4240021.0,Cam Akers,25,HOU,RB,5,2,0,0,0,0,0,0,1,0,0,0,0.0,0,0,0,0,0,0
4360978.0,David Martin-Robinson,25,TEN,TE,5,2,0,0,0,0,0,0,0,1,0,0,0.0,3,1,2,0,0,0
4242515.0,Chandler Wooten,25,CAR,LB,5,2,0,0,0,0,0,0,0,0,0,0,0.0,30,14,16,0,0,0
4429193.0,Kris Abrams-Draine,23,DEN,CB,5,1,1,17,0,17,2,0,0,0,0,0,0.0,9,5,4,0,0,0
3920591.0,Nick Leverett,27,NWE,G,5,1,0,0,0,0,0,0,0,1,0,0,0.0,0,0,0,0,0,0
,Kyle Peko,31,DET,DL,5,1,0,0,0,0,0,0,0,0,0,0,0.0,2,1,1,1,2,0
4240703.0,Kenny Pickett,26,PHI,QB,5,1,0,0,0,0,0,0,1,0,0,0,0.0,0,0,0,0,0,0
4372716.0,Nikko Remigio,25,KAN,WR,5,1,0,0,0,0,0,0,1,0,0,0,0.0,0,0,0,0,0,0
4568439.0,Amare Barno,25,CAR,OLB,5,0,0,0,0,0,0,0,0,0,0,0,1.0,7,4,3,1,1,0
4371336.0,Shemar Bartholomew,24,CAR,CB,5,0,0,0,0,0,2,0,0,0,0,0,0.0,3,2,1,1,0,0
4360746.0,Ethan Bonner,25,MIA,CB,5,0,0,0,0,0,0,0,0,0,0,0,0.0,1,1,0,0,0,0
4373273.0,British Brooks,25,HOU,RB,5,0,0,0,0,0,0,0,0,0,0,0,0.0,1,1,0,0,0,0
4585317.0,Kendell Brooks,24,TEN,S,5,0,0,0,0,0,0,0,0,0,0,0,0.0,1,0,1,0,0,0
4876013.0,Jack Browning,23,TAM,P,5,0,0,0,0,0,0,0,1,1,0,0,0.0,0,0,0,0,0,0
4242519.0,Anders Carlson,26,NYJ,K,5,0,0,0,0,0,0,0,0,1,0,0,0.0,0,0,0,0,0,0
531058.0,Adrian Colbert,31,CHI,DB,5,0,0,0,0,0,0,0,0,0,0,0,0.0,2,1,1,0,0,0
4362910.0,Jaden Crumedy,24,CAR,DT,5,0,0,0,0,0,0,0,0,0,0,0,0.5,13,4,9,0,1,0
4567138.0,Justin Eboigbe,23,LAC,DL,5,0,0,0,0,0,0,0,0,0,0,0,0.0,2,1,1,0,0,0
3124067.0,Terrell Edmunds,27,PIT,S,5,0,0,0,0,0,0,0,0,0,0,0,0.0,7,5,2,0,0,0
108539.0,Blake Ferguson,27,MIA,LS,5,0,0,0,0,0,0,0,1,0,-8,0,0.0,1,0,1,0,0,0
531131.0,Adam Gotsis,32,IND,DT,5,0,0,0,0,0,0,0,0,0,0,0,0.0,8,4,4,0,2,0
4429835.0,George Holani,25,SEA,RB,5,0,0,0,0,0,0,0,0,0,0,0,0.0,1,0,1,0,0,0
,Charley Hughlett,34,CLE,LS,5,0,0,0,0,0,0,0,0,0,0,0,0.0,1,1,0,0,0,0
4427677.0,Mohamed Kamara,25,MIA,LB,5,0,0,0,0,0,0,0,0,0,0,0,0.0,1,0,1,0,1,0
4426359.0,DeMarvin Leal,24,PIT,DE,5,0,0,0,0,0,0,0,0,0,0,0,0.0,4,2,2,0,1,0
4430182.0,Jarius Monroe,24,NYJ,S,5,0,0,0,0,0,0,0,0,0,0,0,0.0,6,3,3,0,0,0
4364623.0,Patrick O'Connell,26,SEA,LB,5,0,0,0,0,0,0,0,0,0,0,0,0.0,2,0,2,0,0,0
,Jerrick Reed,24,SEA,FS,5,0,0,0,0,0,0,0,0,0,0,0,0.0,3,2,1,0,0,0
151981.0,Chris Smith,25,DET,DL,5,0,0,0,0,0,0,0,0,0,0,0,0.0,2,0,2,0,1,0
4361194.0,Isaiah Stalbird,24,NOR,LB,5,0,0,0,0,0,0,0,0,0,0,0,0.0,3,1,2,0,0,0
545935.0,Cameron Thomas,24,CLE,DE,5,0,0,0,0,0,0,0,0,0,0,0,1.0,11,6,5,4,1,0
3128685.0,Armon Watts,28,NYG,DT,5,0,0,0,0,0,0,0,0,0,0,0,0.0,7,3,4,2,0,0
3886376.0,Josh Woods,28,ATL,LB,5,0,0,0,0,0,0,0,0,0,0,0,0.0,1,1,0,0,0,0
531751.0,DeMarcus Lawrence,32,DAL,DE,4,4,0,0,0,0,0,1,0,0,0,0,3.0,14,7,7,4,5,0
3117251.0,Christian McCaffrey,28,SFO,RB,4,4,0,0,0,0,0,0,1,0,0,0,0.0,0,0,0,0,0,0
547239.0,Matt Milano,30,BUF,LB,4,4,0,0,0,0,0,0,0,2,0,0,0.0,16,7,9,1,2,0
4363034.0,Asante Samuel Jr.,25,LAC,CB,4,4,0,0,0,0,2,0,0,0,0,0,0.0,13,11,2,0,0,0
535329.0,Shaq Thompson,30,CAR,LB,4,4,0,0,0,0,0,0,0,0,0,0,0.0,35,19,16,2,1,0
504048.0,C.J. Mosley,32,NYJ,LB,4,3,0,0,0,0,0,0,0,0,0,0,0.0,17,13,4,0,0,0
4242975.0,Jaelan Phillips,25,MIA,LB,4,3,0,0,0,0,2,0,0,0,0,0,1.0,6,2,4,1,2,0
,Lawrence Guy,34,CIN,DT,4,2,0,0,0,0,0,0,0,0,0,0,0.0,2,0,2,0,0,0
4037212.0,Luke Masterson,26,LVR,LB,4,2,0,0,0,0,0,0,0,0,0,0,0.0,17,10,7,0,0,0
4240759.0,Esezi Otomewo,26,JAX,DT,4,2,0,0,0,0,0,0,0,1,0,0,0.5,4,0,4,0,2,0
,Jordan Matthews,32,CAR,TE,4,1,0,0,0,0,0,0,0,0,0,0,0.0,1,0,1,0,0,0
3124086.0,Greg Stroman,28,NYG,CB,4,1,0,0,0,0,0,0,0,0,0,0,0.0,10,9,1,0,0,0
4374280.0,Edefuan Ulofoshio,24,BUF,LB,4,1,0,0,0,0,1,0,0,0,0,0,0.0,6,5,1,1,0,0
4591235.0,Mitchell Agude,25,DET,LB,4,0,0,0,0,0,0,1,0,0,0,0,0.0,3,2,1,0,0,0
545623.0,Eli Apple,29,LAC,CB,4,0,0,0,0,0,1,0,0,0,0,0,0.0,2,2,0,0,0,0
4372030.0,Christian Barmore,25,NWE,DT,4,0,0,0,0,0,0,0,0,0,0,0,1.0,6,6,0,1,1,0
,Boogie Basham,27,NYG,OLB,4,0,0,0,0,0,1,0,0,0,0,0,0.0,9,1,8,1,1,0
550044.0,Artie Burns,29,SEA,CB,4,0,0,0,0,0,3,0,0,0,0,0,0.0,4,3,1,0,0,0
4247276.0,McClendon Curtis,25,SEA,OT,4,0,0,0,0,0,0,0,0,0,0,0,0.0,1,1,0,0,0,0
4429511.0,SirVocea Dennis,24,TAM,LB,4,0,0,0,0,0,0,0,0,0,0,0,1.0,22,14,8,1,1,0
4240042.0,Cory Durden,25,NYG,NT,4,0,0,0,0,0,0,0,0,0,0,0,0.0,10,4,6,1,0,0
,Dallis Flowers,27,IND,CB,4,0,0,0,0,0,0,0,0,0,0,0,0.0,9,9,0,1,0,0
4259762.0,Jonathan Ford,25,CHI,DL,4,0,0,0,0,0,0,0,0,0,0,0,0.0,9,3,6,1,0,0
4261606.0,Darren Hall,24,ARI,CB,4,0,0,0,0,0,0,0,0,0,0,0,0.0,1,1,0,0,0,0
4695783.0,Myles Harden,23,CLE,CB,4,0,0,0,0,0,0,0,0,0,0,0,0.0,5,3,2,0,0,0
3122906.0,Darius Harris,28,DAL,LB,4,0,0,0,0,0,0,0,0,0,0,0,0.0,1,0,1,0,0,0
4426372.0,Adisa Isaac,23,BAL,OLB,4,0,0,0,0,0,1,0,0,0,0,0,0.0,4,2,2,1,0,0
4427695.0,Kyu Blu Kelly,23,LVR,CB,4,0,0,0,0,0,0,0,0,0,0,0,0.0,2,1,1,0,0,0
4368468.0,Titus Leo,25,NWE,LB,4,0,0,0,0,0,1,0,0,0,0,0,0.0,4,4,0,1,0,0
4247808.0,Ty Okada,25,SEA,FS,4,0,0,0,0,0,0,0,0,0,0,0,0.0,3,1,2,0,0,0
4240927.0,Jayden Peevy,25,CAR,DT,4,0,0,0,0,0,1,1,0,0,0,0,1.5,6,2,4,1,3,0
4685721.0,Drew Sanders,24,DEN,LB,4,0,0,0,0,0,0,0,0,0,0,0,1.0,8,4,4,1,1,0
4066109.0,Eyioma Uwazurike,26,DEN,DL,4,0,0,0,0,0,0,0,0,0,0,0,0.5,11,3,8,0,1,0
478469.0,Jonathan Ward,27,PIT,RB,4,0,0,0,0,0,0,0,0,0,0,0,0.0,2,1,1,0,0,0
4241983.0,Cody White,26,SEA,WR,4,0,0,0,0,0,0,0,0,0,0,0,0.0,1,0,1,0,0,0
4570119.0,Alex Wright,24,CLE,DE,4,0,0,0,0,0,0,0,0,0,0,0,1.0,8,5,3,1,1,1
4260409.0,Derrick Barnes,25,DET,LB,3,3,0,0,0,0,1,0,0,0,0,0,0.0,10,8,2,0,0,0
3139368.0,Marcus Epps,28,LVR,S,3,3,0,0,0,0,0,0,0,0,0,0,0.0,19,16,3,2,0,0
,Javon Hargrave,31,SFO,DL,3,3,0,0,0,0,0,0,0,0,0,0,1.0,7,4,3,1,1,0
512440.0,Christian Harris,23,HOU,LB,3,3,0,0,0,0,0,0,0,0,0,0,1.0,20,13,7,1,1,0
,Justin Jones,28,ARI,DL,3,3,0,0,0,0,0,0,0,1,0,0,0.0,4,3,1,1,1,0
4240401.0,Ifeatu Melifonwu,25,DET,S,3,3,0,0,0,0,0,0,0,0,0,0,1.0,10,8,2,1,2,0
484058.0,Alex Singleton,31,DEN,LB,3,3,1,21,0,21,1,0,0,0,0,0,0.0,31,17,14,1,1,0
,Ben Bartch,26,SFO,OL,3,2,0,0,0,0,0,0,0,1,0,0,0.0,0,0,0,0,0,0
149612.0,Brandon Allen,32,SFO,QB,3,1,0,0,0,0,0,0,2,1,0,0,0.0,0,0,0,0,0,0
4686553.0,Tre Hawkins,24,NYG,CB,3,1,1,0,0,0,2,0,0,0,0,0,0.0,10,8,2,0,0,0
559737.0,Jakob Johnson,30,NYG,FB,3,1,0,0,0,0,0,0,0,0,0,0,0.0,1,0,1,0,0,0
4240692.0,Monty Rice,25,NWE,OLB,3,1,0,0,0,0,0,0,0,0,0,0,0.0,1,0,1,0,0,0
,Skylar Thompson,27,MIA,QB,3,1,0,0,0,0,0,0,2,0,0,0,0.0,0,0,0,0,0,0
515607.0,Carson Wentz,32,KAN,QB,3,1,0,0,0,0,0,0,0,1,0,0,0.0,0,0,0,0,0,0
3728305.0,Johnathan Abram,28,NOR,S,3,0,1,30,0,30,2,0,0,0,0,0,0.0,18,10,8,0,0,0
514579.0,Maurice Alexander,27,DET,WR,3,0,0,0,0,0,0,0,1,0,0,0,0.0,0,0,0,0,0,0
4362748.0,Tyler Badie,24,DEN,RB,3,0,0,0,0,0,0,0,1,0,0,0,0.0,0,0,0,0,0,0
534385.0,Alex Barrett,30,SFO,DL,3,0,0,0,0,0,0,0,0,0,0,0,0.0,2,2,0,0,0,0
4570546.0,Swayze Bozeman,26,KAN,LB,3,0,0,0,0,0,0,0,0,0,0,0,0.0,3,2,1,0,0,0
,Millard Bradford,25,NOR,S,3,0,0,0,0,0,0,0,0,0,0,0,0.0,3,3,0,0,0,0
4257580.0,Christian Braswell,25,JAX,CB,3,0,0,0,0,0,0,0,0,0,0,0,0.0,5,1,4,0,0,0
4577333.0,Andre Carter II,24,LVR,DE,3,0,0,0,0,0,0,0,0,0,0,0,0.5,1,0,1,0,1,0
3125287.0,Andre Chachere,28,ARI,S,3,0,0,0,0,0,0,0,0,0,0,0,0.0,1,0,1,0,0,0
131187.0,Carl Davis,32,WAS,DE,3,0,0,0,0,0,0,0,0,0,0,0,0.0,3,1,2,0,0,0
,Anthony Firkser,29,KAN,TE,3,0,0,0,0,0,0,0,0,0,0,0,0.0,1,1,0,0,0,0
3915990.0,Joe Gaziano,28,JAX,DE,3,0,0,0,0,0,0,0,0,0,0,0,0.0,3,2,1,0,0,0
4035857.0,Cameron Goode,26,MIA,LB,3,0,0,0,0,0,0,0,0,0,0,0,0.0,1,0,1,0,0,0
4249596.0,Mike Greene,25,TAM,DL,3,0,0,0,0,0,0,0,0,0,0,0,0.0,2,0,2,0,0,0
536740.0,Tanoh Kpassagnon,30,NOR,DE,3,0,0,0,0,0,0,0,0,0,0,0,0.0,1,1,0,0,1,0
,Darrell Luter,24,SFO,CB,3,0,0,0,0,0,0,1,0,0,0,0,0.0,3,1,2,0,0,0
4567534.0,Jaylen Mahoney,24,SFO,S,3,0,0,0,0,0,0,0,0,0,0,0,0.0,3,1,2,0,0,0
511459.0,Marcus Mariota,31,WAS,QB,3,0,0,0,0,0,0,0,0,1,0,0,0.0,0,0,0,0,0,0
3916144.0,Arthur Maulet,31,BAL,CB,3,0,0,0,0,0,0,0,0,0,0,0,0.0,5,4,1,0,0,0
,Tyreik McAllister,26,LVR,WR,3,0,0,0,0,0,0,0,0,0,0,0,0.0,1,1,0,0,0,0
512522.0,Bobby McCain,31,MIN,S,3,0,0,0,0,0,0,0,0,0,0,0,0.0,4,2,2,0,0,0
4361824.0,Tanner McCalister,24,DEN,S,3,0,0,0,0,0,0,0,0,0,0,0,0.0,1,0,1,0,0,0
3728263.0,Tanner Muse,28,JAX,LB,3,0,0,0,0,0,0,0,0,0,0,0,0.0,1,0,1,0,0,0
4030779.0,Bobby Price,26,WAS,CB,3,0,0,0,0,0,0,0,0,0,0,0,0.0,1,0,1,0,0,0
,Sam Roberts,26,CAR,DT,3,0,0,0,0,0,0,0,0,0,0,0,0.0,1,0,1,0,0,0
4044448.0,Curtis Robinson,26,SFO,LB,3,0,0,0,0,0,0,0,0,0,0,0,0.0,1,1,0,0,0,0
530991.0,Kevon Seymour,31,WAS,CB,3,0,0,0,0,0,0,0,0,0,0,0,0.0,2,1,1,0,0,0
,T.J. Smith,27,CAR,DT,3,0,0,0,0,0,0,0,0,0,0,0,0.0,2,0,2,0,0,0
4240600.0,Kadarius Toney,25,CLE,WR,3,0,0,0,0,0,0,0,1,0,0,0,0.0,1,1,0,0,0,0
535785.0,Josh Tupou,30,BAL,NT,3,0,0,0,0,0,0,0,0,0,0,0,1.0,3,3,0,1,1,0
4361779.0,Divaad Wilson,24,NYG,CB,3,0,0,0,0,0,1,0,0,0,0,0,0.0,5,4,1,0,0,0
3116187.0,Ja'Whaun Bentley,28,NWE,LB,2,2,0,0,0,0,0,0,0,0,0,0,0.5,12,7,5,0,1,0
3916903.0,Dre Greenlaw,27,SFO,LB,2,2,0,0,0,0,0,0,0,0,0,0,0.0,9,3,6,0,0,0
,Jermaine Johnson II,25,NYJ,LB,2,2,0,0,0,0,0,0,0,0,0,0,0.0,4,4,0,1,0,0
4360488.0,Julius Brents,24,IND,CB,2,1,0,0,0,0,0,0,0,0,0,0,0.0,7,3,4,0,0,0
3124058.0,Marcus Davenport,28,DET,DL,2,1,0,0,0,0,0,0,0,0,0,0,0.5,2,1,1,0,4,0
546540.0,Joshua Dobbs,29,SFO,QB,2,1,0,0,0,0,0,0,2,0,0,0,0.0,0,0,0,0,0,0
4035666.0,Leki Fotu,26,NYJ,DT,2,1,0,0,0,0,0,0,0,0,0,0,0.0,3,1,2,0,0,0
559639.0,Marquis Haynes,31,CAR,OLB,2,1,0,0,0,0,0,0,0,0,0,0,0.0,5,4,1,0,0,0
158481.0,John Johnson,29,LAR,S,2,1,1,0,0,0,1,0,0,0,0,0,0.0,8,4,4,0,0,0
4365457.0,Brodric Martin,25,DET,DL,2,1,0,0,0,0,0,0,0,0,0,0,0.0,1,0,1,0,0,0
4685201.0,Tanner McKee,24,PHI,QB,2,1,0,0,0,0,0,0,0,1,0,0,0.0,0,0,0,0,0,0
4046679.0,Troy Pride Jr.,26,DAL,CB,2,1,0,0,0,0,1,0,0,0,0,0,0.0,3,2,1,0,0,0
4243218.0,Marlon Tuipulotu,25,KAN,DT,2,1,0,0,0,0,0,0,0,0,0,0,0.0,4,2,2,1,0,0
4249608.0,Isaac Ukwu,25,DET,DL,2,1,0,0,0,0,0,0,0,0,0,0,0.0,3,2,1,0,0,0
544169.0,Eli Ankou,30,BUF,DT,2,0,0,0,0,0,0,0,0,0,0,0,0.0,5,1,4,0,0,0
3122154.0,Khari Blasingame,28,CHI,FB,2,0,0,0,0,0,0,0,0,0,0,0,0.0,1,1,0,0,0,0
530311.0,Deon Bush,31,KAN,DB,2,0,0,0,0,0,0,0,0,1,0,0,0.0,3,2,1,0,0,0
,Jalen Davis,28,CIN,CB,2,0,0,0,0,0,0,0,0,0,0,0,0.0,3,2,1,0,0,0
4427090.0,Brandon Dorlus,23,ATL,DT,2,0,0,0,0,0,0,0,0,0,0,0,0.0,3,1,2,0,0,0
4427108.0,Khalid Duke,23,TEN,OLB,2,0,0,0,0,0,0,0,0,0,0,0,0.0,1,1,0,0,1,0
,Kenny Dyson,23,CAR,OLB,2,0,0,0,0,0,0,0,0,0,0,0,0.0,2,1,1,0,1,0
4361348.0,Dallas Gant,24,PHI,LB,2,0,0,0,0,0,0,0,0,0,0,0,0.0,1,1,0,0,0,0
4274040.0,Troy Hairston,26,HOU,FB,2,0,0,0,0,0,0,0,0,0,0,0,0.0,1,1,0,0,0,0
4360308.0,K.J. Henry,25,DAL,DE,2,0,0,0,0,0,0,0,0,0,0,0,1.0,3,1,2,1,1,0
4242333.0,Faion Hicks,27,SEA,CB,2,0,0,0,0,0,0,0,0,0,0,0,0.0,2,1,1,0,0,0
237207.0,Kareem Jackson,36,BUF,S,2,0,0,0,0,0,0,0,0,0,0,0,0.0,4,2,2,0,0,0
4362280.0,Dyontae Johnson,24,NYG,LB,2,0,0,0,0,0,0,0,0,0,0,0,0.0,11,6,5,0,0,0
,Andre Jones,26,WAS,DE,2,0,0,0,0,0,0,0,0,0,0,0,0.0,1,1,0,0,0,0
534432.0,Deion Jones,30,TAM,MLB,2,0,0,0,0,0,0,0,0,0,0,0,0.0,1,1,0,0,0,0
4362629.0,Kelvin Joseph,25,IND,CB,2,0,0,0,0,0,0,0,0,0,0,0,0.0,1,1,0,0,0,0
4039029.0,Khalid Kareem,26,ATL,OLB,2,0,0,0,0,0,0,0,0,0,0,0,0.0,4,2,2,0,0,0
545375.0,Desmond King,30,BAL,CB,2,0,0,0,0,0,0,0,2,0,0,0,0.0,3,2,1,0,0,0
4044132.0,William Kwenkeu,27,BAL,LB,2,0,0,0,0,0,0,0,0,0,0,0,0.0,1,0,1,0,0,0
4258237.0,Raheem Layne,25,NYG,S,2,0,0,0,0,0,0,0,0,0,0,0,0.0,3,3,0,0,0,0
4427826.0,Zion Logue,23,BUF,DT,2,0,0,0,0,0,0,0,0,0,0,0,0.0,2,2,0,0,0,0
4367510.0,Dante Miller,25,NYG,RB,2,0,0,0,0,0,0,0,0,0,0,0,0.0,1,0,1,0,0,0
4428080.0,Gabriel Murphy,24,MIN,OLB,2,0,0,0,0,0,0,0,0,0,0,0,0.0,1,1,0,0,1,0
3121344.0,Ryan Neal,29,TAM,S,2,0,0,0,0,0,0,0,0,0,0,0,0.0,3,2,1,0,0,0
3124702.0,Nik Needham,28,MIA,CB,2,0,0,0,0,0,0,0,0,0,0,0,0.0,1,0,1,0,0,0
4035537.0,Kene Nwangwu,26,NYJ,RB,2,0,0,0,0,0,0,1,0,0,0,0,0.0,2,1,1,0,0,0
5172501.0,Levi Drake Rodriguez,24,MIN,DL,2,0,0,0,0,0,1,0,0,0,0,0,0.0,1,1,0,0,0,0
4030924.0,Elerson Smith,26,CLE,DE,2,0,0,0,0,0,0,0,0,0,0,0,0.0,2,1,1,0,0,0
236838.0,Tyrod Taylor,35,NYJ,QB,2,0,0,0,0,0,0,0,1,1,-8,0,0.0,0,0,0,0,0,0
234496.0,Isaiah Thomas,26,DET,DL,2,0,0,0,0,0,0,0,0,1,0,0,0.0,3,0,3,0,0,0
4360763.0,Brycen Tremayne,25,WAS,WR,2,0,0,0,0,0,0,0,0,0,0,0,0.0,2,1,1,0,0,0
4360745.0,Kendall Williamson,24,LAC,DB,2,0,0,0,0,0,0,0,0,0,0,0,0.0,3,2,1,0,0,0
535151.0,Chris Wormley,31,BAL,DL,2,0,0,0,0,0,0,0,0,0,0,0,0.0,4,1,3,0,0,0
3123233.0,Oshane Ximines,28,NWE,OLB,2,0,0,0,0,0,0,0,0,0,0,0,0.0,1,0,1,0,0,0
,Derrick Brown,26,CAR,DE,1,1,0,0,0,0,0,0,0,0,0,0,0.0,3,1,2,0,0,0
4038843.0,Keir Thomas,26,LAR,OLB,1,1,0,0,0,0,0,0,0,0,0,0,0.0,3,1,2,1,1,0
515515.0,Shaquil Barrett,32,TAM,OLB,1,0,0,0,0,0,0,0,0,0,0,0,0.0,1,1,0,0,0,0
4372413.0,Miles Battle,24,NWE,CB,1,0,0,0,0,0,3,0,0,0,0,0,0.0,2,2,0,0,0,0
511849.0,Angelo Blackson,32,ARI,DL,1,0,0,0,0,0,0,0,0,0,0,0,0.0,1,1,0,0,0,0
4243244.0,Marquise Blair,27,SEA,FS,1,0,0,0,0,0,0,0,0,0,0,0,0.0,2,2,0,0,0,0
4361689.0,Solomon Byrd,25,HOU,DE,1,0,0,0,0,0,1,0,0,0,0,0,0.0,2,2,0,0,1,0
,DJ Coleman,26,JAX,DE,1,0,0,0,0,0,0,0,0,0,0,0,0.0,3,1,2,0,0,0
3128256.0,Tony Fields,25,CLE,LB,1,0,0,0,0,0,0,0,0,0,0,0,0.0,2,1,1,0,0,0
,C.J. Hanson,23,KAN,OL,1,0,0,0,0,0,0,0,0,1,0,0,0.0,0,0,0,0,0,0
4362087.0,Keaontay Ingram,25,KAN,RB,1,0,0,0,0,0,0,0,0,0,0,0,0.0,1,0,1,0,0,0
4367828.0,Truman Jones,24,NWE,DE,1,0,0,0,0,0,0,0,0,0,0,0,0.0,2,2,0,0,0,0
4035693.0,Velus Jones Jr.,27,CHI,WR,1,0,0,0,0,0,0,0,1,0,0,0,0.0,0,0,0,0,0,0
3892773.0,Blake Lynch,27,KAN,LB,1,0,0,0,0,0,0,0,0,0,0,0,0.0,6,3,3,1,0,0
4360698.0,Joe Milton,24,NWE,QB,1,0,0,0,0,0,0,0,1,0,-5,0,0.0,0,0,0,0,0,0
4044111.0,Chris Oladokun,27,KAN,QB,1,0,0,0,0,0,0,0,1,0,0,0,0.0,0,0,0,0,0,0
,Andre' Sam,25,PHI,S,1,0,0,0,0,0,0,0,0,0,0,0,0.0,1,0,1,0,0,0
4391845.0,Cody Schrader,25,LAR,RB,1,0,0,0,0,0,0,0,0,0,0,0,0.0,1,1,0,0,0,0
3916126.0,Duke Shelley,28,NYG,CB,1,0,0,0,0,0,0,0,0,0,0,0,0.0,1,1,0,0,0,0
4428584.0,Reddy Steward,23,CHI,CB,1,0,0,0,0,0,0,1,0,0,0,0,0.0,1,1,0,0,0,0
4244856.0,Austin Trammell,26,JAX,WR,1,0,0,0,0,0,0,0,1,0,0,0,0.0,0,0,0,0,0,0
546552.0,Kendal Vickers,29,NOR,DT,1,0,0,0,0,0,0,0,0,0,0,0,0.0,2,1,1,0,0,0
3128444.0,Matthew Wright,28,SFO,K,1,0,0,0,0,0,0,0,0,0,0,0,0.0,1,1,0,0,0,0
4240071.0,Russ Yeast,25,HOU,S,1,0,0,0,0,0,0,0,0,0,0,0,0.0,1,1,0,0,0,0
